[INFO] Scanning for projects...
[INFO] 
[INFO] ---------------------< com.example:TigoStarSystem >---------------------
[INFO] Building TigoStarSystem 0.0.1-SNAPSHOT
[INFO]   from pom.xml
[INFO] --------------------------------[ jar ]---------------------------------
[INFO] 
[INFO] >>> spring-boot:2.7.18:run (default-cli) > test-compile @ TigoStarSystem >>>
[INFO] 
[INFO] --- resources:3.2.0:resources (default-resources) @ TigoStarSystem ---
[INFO] Using 'UTF-8' encoding to copy filtered resources.
[INFO] Using 'UTF-8' encoding to copy filtered properties files.
[INFO] Copying 2 resources
[INFO] Copying 0 resource
[INFO] 
[INFO] --- compiler:3.10.1:compile (default-compile) @ TigoStarSystem ---
[INFO] Nothing to compile - all classes are up to date
[INFO] 
[INFO] --- resources:3.2.0:testResources (default-testResources) @ TigoStarSystem ---
[INFO] Using 'UTF-8' encoding to copy filtered resources.
[INFO] Using 'UTF-8' encoding to copy filtered properties files.
[INFO] skip non existing resourceDirectory D:\Nueva carpeta (4)\10082026\backot-jos1008\src\test\resources
[INFO] 
[INFO] --- compiler:3.10.1:testCompile (default-testCompile) @ TigoStarSystem ---
[INFO] Nothing to compile - all classes are up to date
[INFO] 
[INFO] <<< spring-boot:2.7.18:run (default-cli) < test-compile @ TigoStarSystem <<<
[INFO] 
[INFO] 
[INFO] --- spring-boot:2.7.18:run (default-cli) @ TigoStarSystem ---
[INFO] Attaching agents: []

  .   ____          _            __ _ _
 /\\ / ___'_ __ _ _(_)_ __  __ _ \ \ \ \
( ( )\___ | '_ | '_| | '_ \/ _` | \ \ \ \
 \\/  ___)| |_)| | | | | || (_| |  ) ) ) )
  '  |____| .__|_| |_|_| |_\__, | / / / /
 =========|_|==============|___/=/_/_/_/
 :: Spring Boot ::               (v2.7.18)

2026-08-11 18:43:25.070  INFO 10036 --- [           main] c.e.T.TigoStarSystemApplication          : Starting TigoStarSystemApplication using Java 1.8.0_471 on DESKTOP-B4OJ8TG with PID 10036 (D:\Nueva carpeta (4)\10082026\backot-jos1008\target\classes started by Stefania in D:\Nueva carpeta (4)\10082026\backot-jos1008)
2026-08-11 18:43:25.071 DEBUG 10036 --- [           main] c.e.T.TigoStarSystemApplication          : Running with Spring Boot v2.7.18, Spring v5.3.31
2026-08-11 18:43:25.072  INFO 10036 --- [           main] c.e.T.TigoStarSystemApplication          : No active profile set, falling back to 1 default profile: "default"
2026-08-11 18:43:25.072 DEBUG 10036 --- [           main] o.s.boot.SpringApplication               : Loading source class com.example.TigoStarSystem.TigoStarSystemApplication
2026-08-11 18:43:25.108 DEBUG 10036 --- [           main] ConfigServletWebServerApplicationContext : Refreshing org.springframework.boot.web.servlet.context.AnnotationConfigServletWebServerApplicationContext@6b6776cb
2026-08-11 18:43:26.143 DEBUG 10036 --- [           main] .s.b.w.e.t.TomcatServletWebServerFactory : Code archive: C:\Users\Stefania\.m2\repository\org\springframework\boot\spring-boot\2.7.18\spring-boot-2.7.18.jar
2026-08-11 18:43:26.144 DEBUG 10036 --- [           main] .s.b.w.e.t.TomcatServletWebServerFactory : Code archive: C:\Users\Stefania\.m2\repository\org\springframework\boot\spring-boot\2.7.18\spring-boot-2.7.18.jar
2026-08-11 18:43:26.144 DEBUG 10036 --- [           main] .s.b.w.e.t.TomcatServletWebServerFactory : None of the document roots [src/main/webapp, public, static] point to a directory and will be ignored.
2026-08-11 18:43:26.168  INFO 10036 --- [           main] o.s.b.w.embedded.tomcat.TomcatWebServer  : Tomcat initialized with port(s): 9060 (http)
2026-08-11 18:43:26.175  INFO 10036 --- [           main] o.apache.catalina.core.StandardService   : Starting service [Tomcat]
2026-08-11 18:43:26.175  INFO 10036 --- [           main] org.apache.catalina.core.StandardEngine  : Starting Servlet engine: [Apache Tomcat/9.0.83]
2026-08-11 18:43:26.271  INFO 10036 --- [           main] o.a.c.c.C.[Tomcat].[localhost].[/]       : Initializing Spring embedded WebApplicationContext
2026-08-11 18:43:26.271 DEBUG 10036 --- [           main] w.s.c.ServletWebServerApplicationContext : Published root WebApplicationContext as ServletContext attribute with name [org.springframework.web.context.WebApplicationContext.ROOT]
2026-08-11 18:43:26.271  INFO 10036 --- [           main] w.s.c.ServletWebServerApplicationContext : Root WebApplicationContext: initialization completed in 1163 ms
2026-08-11 18:43:26.299 DEBUG 10036 --- [           main] o.s.b.w.s.ServletContextInitializerBeans : Mapping filters: filterRegistrationBean urls=[/*] order=-2147483648, characterEncodingFilter urls=[/*] order=-2147483648, formContentFilter urls=[/*] order=-9900, requestContextFilter urls=[/*] order=-105
2026-08-11 18:43:26.299 DEBUG 10036 --- [           main] o.s.b.w.s.ServletContextInitializerBeans : Mapping servlets: dispatcherServlet urls=[/]
2026-08-11 18:43:26.311 DEBUG 10036 --- [           main] o.s.b.w.s.f.OrderedRequestContextFilter  : Filter 'requestContextFilter' configured for use
2026-08-11 18:43:26.313 DEBUG 10036 --- [           main] o.springframework.web.filter.CorsFilter  : Filter 'corsFilter' configured for use
2026-08-11 18:43:26.313 DEBUG 10036 --- [           main] s.b.w.s.f.OrderedCharacterEncodingFilter : Filter 'characterEncodingFilter' configured for use
2026-08-11 18:43:26.313 DEBUG 10036 --- [           main] o.s.b.w.s.f.OrderedFormContentFilter     : Filter 'formContentFilter' configured for use
2026-08-11 18:43:26.331 DEBUG 10036 --- [           main] com.zaxxer.hikari.HikariConfig           : Driver class net.sourceforge.jtds.jdbc.Driver found in Thread context class loader sun.misc.Launcher$AppClassLoader@7506e922
2026-08-11 18:43:26.397 DEBUG 10036 --- [           main] com.zaxxer.hikari.HikariConfig           : Driver class net.sourceforge.jtds.jdbc.Driver found in Thread context class loader sun.misc.Launcher$AppClassLoader@7506e922
2026-08-11 18:43:26.398 DEBUG 10036 --- [           main] com.zaxxer.hikari.HikariConfig           : CentralHikariPool - configuration:
2026-08-11 18:43:26.399 DEBUG 10036 --- [           main] com.zaxxer.hikari.HikariConfig           : allowPoolSuspension................................false
2026-08-11 18:43:26.399 DEBUG 10036 --- [           main] com.zaxxer.hikari.HikariConfig           : autoCommit................................true
2026-08-11 18:43:26.399 DEBUG 10036 --- [           main] com.zaxxer.hikari.HikariConfig           : catalog................................none
2026-08-11 18:43:26.399 DEBUG 10036 --- [           main] com.zaxxer.hikari.HikariConfig           : connectionInitSql................................none
2026-08-11 18:43:26.399 DEBUG 10036 --- [           main] com.zaxxer.hikari.HikariConfig           : connectionTestQuery................................"SELECT 1"
2026-08-11 18:43:26.399 DEBUG 10036 --- [           main] com.zaxxer.hikari.HikariConfig           : connectionTimeout................................60000
2026-08-11 18:43:26.400 DEBUG 10036 --- [           main] com.zaxxer.hikari.HikariConfig           : dataSource................................none
2026-08-11 18:43:26.400 DEBUG 10036 --- [           main] com.zaxxer.hikari.HikariConfig           : dataSourceClassName................................none
2026-08-11 18:43:26.400 DEBUG 10036 --- [           main] com.zaxxer.hikari.HikariConfig           : dataSourceJNDI................................none
2026-08-11 18:43:26.400 DEBUG 10036 --- [           main] com.zaxxer.hikari.HikariConfig           : dataSourceProperties................................{password=<masked>}
2026-08-11 18:43:26.400 DEBUG 10036 --- [           main] com.zaxxer.hikari.HikariConfig           : driverClassName................................"net.sourceforge.jtds.jdbc.Driver"
2026-08-11 18:43:26.400 DEBUG 10036 --- [           main] com.zaxxer.hikari.HikariConfig           : exceptionOverrideClassName................................none
2026-08-11 18:43:26.400 DEBUG 10036 --- [           main] com.zaxxer.hikari.HikariConfig           : healthCheckProperties................................{}
2026-08-11 18:43:26.400 DEBUG 10036 --- [           main] com.zaxxer.hikari.HikariConfig           : healthCheckRegistry................................none
2026-08-11 18:43:26.400 DEBUG 10036 --- [           main] com.zaxxer.hikari.HikariConfig           : idleTimeout................................300000
2026-08-11 18:43:26.400 DEBUG 10036 --- [           main] com.zaxxer.hikari.HikariConfig           : initializationFailTimeout................................-1
2026-08-11 18:43:26.400 DEBUG 10036 --- [           main] com.zaxxer.hikari.HikariConfig           : isolateInternalQueries................................false
2026-08-11 18:43:26.400 DEBUG 10036 --- [           main] com.zaxxer.hikari.HikariConfig           : jdbcUrl................................jdbc:jtds:sqlserver://172.16.0.13/BDControlOrdenes
2026-08-11 18:43:26.400 DEBUG 10036 --- [           main] com.zaxxer.hikari.HikariConfig           : keepaliveTime................................120000
2026-08-11 18:43:26.401 DEBUG 10036 --- [           main] com.zaxxer.hikari.HikariConfig           : leakDetectionThreshold................................0
2026-08-11 18:43:26.401 DEBUG 10036 --- [           main] com.zaxxer.hikari.HikariConfig           : maxLifetime................................900000
2026-08-11 18:43:26.401 DEBUG 10036 --- [           main] com.zaxxer.hikari.HikariConfig           : maximumPoolSize................................80
2026-08-11 18:43:26.401 DEBUG 10036 --- [           main] com.zaxxer.hikari.HikariConfig           : metricRegistry................................none
2026-08-11 18:43:26.401 DEBUG 10036 --- [           main] com.zaxxer.hikari.HikariConfig           : metricsTrackerFactory................................none
2026-08-11 18:43:26.401 DEBUG 10036 --- [           main] com.zaxxer.hikari.HikariConfig           : minimumIdle................................0
2026-08-11 18:43:26.401 DEBUG 10036 --- [           main] com.zaxxer.hikari.HikariConfig           : password................................<masked>
2026-08-11 18:43:26.401 DEBUG 10036 --- [           main] com.zaxxer.hikari.HikariConfig           : poolName................................"CentralHikariPool"
2026-08-11 18:43:26.401 DEBUG 10036 --- [           main] com.zaxxer.hikari.HikariConfig           : readOnly................................false
2026-08-11 18:43:26.401 DEBUG 10036 --- [           main] com.zaxxer.hikari.HikariConfig           : registerMbeans................................false
2026-08-11 18:43:26.401 DEBUG 10036 --- [           main] com.zaxxer.hikari.HikariConfig           : scheduledExecutor................................none
2026-08-11 18:43:26.401 DEBUG 10036 --- [           main] com.zaxxer.hikari.HikariConfig           : schema................................none
2026-08-11 18:43:26.401 DEBUG 10036 --- [           main] com.zaxxer.hikari.HikariConfig           : threadFactory................................internal
2026-08-11 18:43:26.401 DEBUG 10036 --- [           main] com.zaxxer.hikari.HikariConfig           : transactionIsolation................................default
2026-08-11 18:43:26.401 DEBUG 10036 --- [           main] com.zaxxer.hikari.HikariConfig           : username................................"sistemas"
2026-08-11 18:43:26.401 DEBUG 10036 --- [           main] com.zaxxer.hikari.HikariConfig           : validationTimeout................................5000
2026-08-11 18:43:26.402  INFO 10036 --- [           main] com.zaxxer.hikari.HikariDataSource       : CentralHikariPool - Starting...
2026-08-11 18:43:26.407  INFO 10036 --- [           main] com.zaxxer.hikari.HikariDataSource       : CentralHikariPool - Start completed.
2026-08-11 18:43:26.418 DEBUG 10036 --- [           main] o.s.jdbc.core.JdbcTemplate               : Executing SQL statement [IF OBJECT_ID('dbo.tbl_system_maintenance', 'U') IS NULL BEGIN CREATE TABLE dbo.tbl_system_maintenance (id INT NOT NULL PRIMARY KEY, active BIT NOT NULL, message NVARCHAR(300) NULL, changed_by NVARCHAR(80) NULL, changed_at DATETIME2 NOT NULL); INSERT INTO dbo.tbl_system_maintenance (id, active, message, changed_by, changed_at) VALUES (1, 0, 'SISTEMA ABAJO. CAMBIOS EN PROCESO.', 'sistemas', GETDATE()); END;]
2026-08-11 18:43:26.419 DEBUG 10036 --- [           main] o.s.jdbc.datasource.DataSourceUtils      : Fetching JDBC Connection from DataSource
2026-08-11 18:43:26.420 DEBUG 10036 --- [           main] com.zaxxer.hikari.HikariConfig           : HikariPool-1 - configuration:
2026-08-11 18:43:26.421 DEBUG 10036 --- [           main] com.zaxxer.hikari.HikariConfig           : allowPoolSuspension................................false
2026-08-11 18:43:26.421 DEBUG 10036 --- [           main] com.zaxxer.hikari.HikariConfig           : autoCommit................................true
2026-08-11 18:43:26.421 DEBUG 10036 --- [           main] com.zaxxer.hikari.HikariConfig           : catalog................................none
2026-08-11 18:43:26.421 DEBUG 10036 --- [           main] com.zaxxer.hikari.HikariConfig           : connectionInitSql................................none
2026-08-11 18:43:26.421 DEBUG 10036 --- [           main] com.zaxxer.hikari.HikariConfig           : connectionTestQuery................................"SELECT 1"
2026-08-11 18:43:26.421 DEBUG 10036 --- [           main] com.zaxxer.hikari.HikariConfig           : connectionTimeout................................60000
2026-08-11 18:43:26.421 DEBUG 10036 --- [           main] com.zaxxer.hikari.HikariConfig           : dataSource................................none
2026-08-11 18:43:26.421 DEBUG 10036 --- [           main] com.zaxxer.hikari.HikariConfig           : dataSourceClassName................................none
2026-08-11 18:43:26.421 DEBUG 10036 --- [           main] com.zaxxer.hikari.HikariConfig           : dataSourceJNDI................................none
2026-08-11 18:43:26.421 DEBUG 10036 --- [           main] com.zaxxer.hikari.HikariConfig           : dataSourceProperties................................{password=<masked>}
2026-08-11 18:43:26.422 DEBUG 10036 --- [           main] com.zaxxer.hikari.HikariConfig           : driverClassName................................"net.sourceforge.jtds.jdbc.Driver"
2026-08-11 18:43:26.422 DEBUG 10036 --- [           main] com.zaxxer.hikari.HikariConfig           : exceptionOverrideClassName................................none
2026-08-11 18:43:26.422 DEBUG 10036 --- [           main] com.zaxxer.hikari.HikariConfig           : healthCheckProperties................................{}
2026-08-11 18:43:26.422 DEBUG 10036 --- [           main] com.zaxxer.hikari.HikariConfig           : healthCheckRegistry................................none
2026-08-11 18:43:26.422 DEBUG 10036 --- [           main] com.zaxxer.hikari.HikariConfig           : idleTimeout................................300000
2026-08-11 18:43:26.422 DEBUG 10036 --- [           main] com.zaxxer.hikari.HikariConfig           : initializationFailTimeout................................-1
2026-08-11 18:43:26.422 DEBUG 10036 --- [           main] com.zaxxer.hikari.HikariConfig           : isolateInternalQueries................................false
2026-08-11 18:43:26.422 DEBUG 10036 --- [           main] com.zaxxer.hikari.HikariConfig           : jdbcUrl................................jdbc:jtds:sqlserver://tigo.makiro.com.bo/BDPruebas2;socketTimeout=0;loginTimeout=60
2026-08-11 18:43:26.422 DEBUG 10036 --- [           main] com.zaxxer.hikari.HikariConfig           : keepaliveTime................................120000
2026-08-11 18:43:26.422 DEBUG 10036 --- [           main] com.zaxxer.hikari.HikariConfig           : leakDetectionThreshold................................0
2026-08-11 18:43:26.422 DEBUG 10036 --- [           main] com.zaxxer.hikari.HikariConfig           : maxLifetime................................900000
2026-08-11 18:43:26.422 DEBUG 10036 --- [           main] com.zaxxer.hikari.HikariConfig           : maximumPoolSize................................10
2026-08-11 18:43:26.422 DEBUG 10036 --- [           main] com.zaxxer.hikari.HikariConfig           : metricRegistry................................none
2026-08-11 18:43:26.422 DEBUG 10036 --- [           main] com.zaxxer.hikari.HikariConfig           : metricsTrackerFactory................................none
2026-08-11 18:43:26.422 DEBUG 10036 --- [           main] com.zaxxer.hikari.HikariConfig           : minimumIdle................................0
2026-08-11 18:43:26.422 DEBUG 10036 --- [           main] com.zaxxer.hikari.HikariConfig           : password................................<masked>
2026-08-11 18:43:26.422 DEBUG 10036 --- [           main] com.zaxxer.hikari.HikariConfig           : poolName................................"HikariPool-1"
2026-08-11 18:43:26.423 DEBUG 10036 --- [           main] com.zaxxer.hikari.HikariConfig           : readOnly................................false
2026-08-11 18:43:26.423 DEBUG 10036 --- [           main] com.zaxxer.hikari.HikariConfig           : registerMbeans................................false
2026-08-11 18:43:26.423 DEBUG 10036 --- [           main] com.zaxxer.hikari.HikariConfig           : scheduledExecutor................................none
2026-08-11 18:43:26.423 DEBUG 10036 --- [           main] com.zaxxer.hikari.HikariConfig           : schema................................none
2026-08-11 18:43:26.423 DEBUG 10036 --- [           main] com.zaxxer.hikari.HikariConfig           : threadFactory................................internal
2026-08-11 18:43:26.423 DEBUG 10036 --- [           main] com.zaxxer.hikari.HikariConfig           : transactionIsolation................................default
2026-08-11 18:43:26.423 DEBUG 10036 --- [           main] com.zaxxer.hikari.HikariConfig           : username................................"sistemas"
2026-08-11 18:43:26.423 DEBUG 10036 --- [           main] com.zaxxer.hikari.HikariConfig           : validationTimeout................................5000
2026-08-11 18:43:26.423  INFO 10036 --- [           main] com.zaxxer.hikari.HikariDataSource       : HikariPool-1 - Starting...
2026-08-11 18:43:26.423  INFO 10036 --- [           main] com.zaxxer.hikari.HikariDataSource       : HikariPool-1 - Start completed.
2026-08-11 18:43:26.509 DEBUG 10036 --- [ool housekeeper] com.zaxxer.hikari.pool.HikariPool        : CentralHikariPool - Before cleanup stats (total=0, active=0, idle=0, waiting=0)
2026-08-11 18:43:26.509 DEBUG 10036 --- [ool housekeeper] com.zaxxer.hikari.pool.HikariPool        : CentralHikariPool - After cleanup  stats (total=0, active=0, idle=0, waiting=0)
2026-08-11 18:43:26.509 DEBUG 10036 --- [ool housekeeper] com.zaxxer.hikari.pool.HikariPool        : CentralHikariPool - Fill pool skipped, pool is at sufficient level.
2026-08-11 18:43:26.524 DEBUG 10036 --- [l-1 housekeeper] com.zaxxer.hikari.pool.HikariPool        : HikariPool-1 - Before cleanup stats (total=0, active=0, idle=0, waiting=1)
2026-08-11 18:43:26.524 DEBUG 10036 --- [l-1 housekeeper] com.zaxxer.hikari.pool.HikariPool        : HikariPool-1 - After cleanup  stats (total=0, active=0, idle=0, waiting=1)
2026-08-11 18:43:26.524 DEBUG 10036 --- [l-1 housekeeper] com.zaxxer.hikari.pool.HikariPool        : HikariPool-1 - Fill pool skipped, pool is at sufficient level.
2026-08-11 18:43:26.714  INFO 10036 --- [onnection adder] com.zaxxer.hikari.pool.PoolBase          : HikariPool-1 - Driver does not support get/set network timeout for connections. (null)
2026-08-11 18:43:26.721 DEBUG 10036 --- [onnection adder] com.zaxxer.hikari.pool.HikariPool        : HikariPool-1 - Added connection net.sourceforge.jtds.jdbc.JtdsConnection@28b3565d
2026-08-11 18:43:26.732 DEBUG 10036 --- [           main] o.s.jdbc.core.JdbcTemplate               : Executing SQL query [SELECT TOP 1 active, message, changed_by, changed_at FROM dbo.tbl_system_maintenance WHERE id = 1]
2026-08-11 18:43:26.733 DEBUG 10036 --- [           main] o.s.jdbc.datasource.DataSourceUtils      : Fetching JDBC Connection from DataSource
2026-08-11 18:43:26.749 DEBUG 10036 --- [           main] com.zaxxer.hikari.HikariConfig           : Driver class net.sourceforge.jtds.jdbc.Driver found in Thread context class loader sun.misc.Launcher$AppClassLoader@7506e922
2026-08-11 18:43:26.750 DEBUG 10036 --- [           main] com.zaxxer.hikari.HikariConfig           : TigoHogarHikariPool - configuration:
2026-08-11 18:43:26.750 DEBUG 10036 --- [           main] com.zaxxer.hikari.HikariConfig           : allowPoolSuspension................................false
2026-08-11 18:43:26.750 DEBUG 10036 --- [           main] com.zaxxer.hikari.HikariConfig           : autoCommit................................true
2026-08-11 18:43:26.750 DEBUG 10036 --- [           main] com.zaxxer.hikari.HikariConfig           : catalog................................none
2026-08-11 18:43:26.750 DEBUG 10036 --- [           main] com.zaxxer.hikari.HikariConfig           : connectionInitSql................................none
2026-08-11 18:43:26.750 DEBUG 10036 --- [           main] com.zaxxer.hikari.HikariConfig           : connectionTestQuery................................"SELECT 1"
2026-08-11 18:43:26.750 DEBUG 10036 --- [           main] com.zaxxer.hikari.HikariConfig           : connectionTimeout................................60000
2026-08-11 18:43:26.750 DEBUG 10036 --- [           main] com.zaxxer.hikari.HikariConfig           : dataSource................................none
2026-08-11 18:43:26.750 DEBUG 10036 --- [           main] com.zaxxer.hikari.HikariConfig           : dataSourceClassName................................none
2026-08-11 18:43:26.750 DEBUG 10036 --- [           main] com.zaxxer.hikari.HikariConfig           : dataSourceJNDI................................none
2026-08-11 18:43:26.750 DEBUG 10036 --- [           main] com.zaxxer.hikari.HikariConfig           : dataSourceProperties................................{password=<masked>}
2026-08-11 18:43:26.750 DEBUG 10036 --- [           main] com.zaxxer.hikari.HikariConfig           : driverClassName................................"net.sourceforge.jtds.jdbc.Driver"
2026-08-11 18:43:26.750 DEBUG 10036 --- [           main] com.zaxxer.hikari.HikariConfig           : exceptionOverrideClassName................................none
2026-08-11 18:43:26.750 DEBUG 10036 --- [           main] com.zaxxer.hikari.HikariConfig           : healthCheckProperties................................{}
2026-08-11 18:43:26.750 DEBUG 10036 --- [           main] com.zaxxer.hikari.HikariConfig           : healthCheckRegistry................................none
2026-08-11 18:43:26.750 DEBUG 10036 --- [           main] com.zaxxer.hikari.HikariConfig           : idleTimeout................................300000
2026-08-11 18:43:26.750 DEBUG 10036 --- [           main] com.zaxxer.hikari.HikariConfig           : initializationFailTimeout................................-1
2026-08-11 18:43:26.751 DEBUG 10036 --- [           main] com.zaxxer.hikari.HikariConfig           : isolateInternalQueries................................false
2026-08-11 18:43:26.751 DEBUG 10036 --- [           main] com.zaxxer.hikari.HikariConfig           : jdbcUrl................................jdbc:jtds:sqlserver://181.188.148.59/BD_TigoHogar
2026-08-11 18:43:26.751 DEBUG 10036 --- [           main] com.zaxxer.hikari.HikariConfig           : keepaliveTime................................120000
2026-08-11 18:43:26.751 DEBUG 10036 --- [           main] com.zaxxer.hikari.HikariConfig           : leakDetectionThreshold................................0
2026-08-11 18:43:26.751 DEBUG 10036 --- [           main] com.zaxxer.hikari.HikariConfig           : maxLifetime................................900000
2026-08-11 18:43:26.751 DEBUG 10036 --- [           main] com.zaxxer.hikari.HikariConfig           : maximumPoolSize................................10
2026-08-11 18:43:26.751 DEBUG 10036 --- [           main] com.zaxxer.hikari.HikariConfig           : metricRegistry................................none
2026-08-11 18:43:26.751 DEBUG 10036 --- [           main] com.zaxxer.hikari.HikariConfig           : metricsTrackerFactory................................none
2026-08-11 18:43:26.751 DEBUG 10036 --- [           main] com.zaxxer.hikari.HikariConfig           : minimumIdle................................0
2026-08-11 18:43:26.751 DEBUG 10036 --- [           main] com.zaxxer.hikari.HikariConfig           : password................................<masked>
2026-08-11 18:43:26.751 DEBUG 10036 --- [           main] com.zaxxer.hikari.HikariConfig           : poolName................................"TigoHogarHikariPool"
2026-08-11 18:43:26.751 DEBUG 10036 --- [           main] com.zaxxer.hikari.HikariConfig           : readOnly................................false
2026-08-11 18:43:26.751 DEBUG 10036 --- [           main] com.zaxxer.hikari.HikariConfig           : registerMbeans................................false
2026-08-11 18:43:26.751 DEBUG 10036 --- [           main] com.zaxxer.hikari.HikariConfig           : scheduledExecutor................................none
2026-08-11 18:43:26.751 DEBUG 10036 --- [           main] com.zaxxer.hikari.HikariConfig           : schema................................none
2026-08-11 18:43:26.751 DEBUG 10036 --- [           main] com.zaxxer.hikari.HikariConfig           : threadFactory................................internal
2026-08-11 18:43:26.751 DEBUG 10036 --- [           main] com.zaxxer.hikari.HikariConfig           : transactionIsolation................................default
2026-08-11 18:43:26.751 DEBUG 10036 --- [           main] com.zaxxer.hikari.HikariConfig           : username................................"sistemas"
2026-08-11 18:43:26.751 DEBUG 10036 --- [           main] com.zaxxer.hikari.HikariConfig           : validationTimeout................................5000
2026-08-11 18:43:26.751  INFO 10036 --- [           main] com.zaxxer.hikari.HikariDataSource       : TigoHogarHikariPool - Starting...
2026-08-11 18:43:26.751  INFO 10036 --- [           main] com.zaxxer.hikari.HikariDataSource       : TigoHogarHikariPool - Start completed.
2026-08-11 18:43:26.864 DEBUG 10036 --- [ool housekeeper] com.zaxxer.hikari.pool.HikariPool        : TigoHogarHikariPool - Before cleanup stats (total=0, active=0, idle=0, waiting=0)
2026-08-11 18:43:26.864 DEBUG 10036 --- [ool housekeeper] com.zaxxer.hikari.pool.HikariPool        : TigoHogarHikariPool - After cleanup  stats (total=0, active=0, idle=0, waiting=0)
2026-08-11 18:43:26.864 DEBUG 10036 --- [ool housekeeper] com.zaxxer.hikari.pool.HikariPool        : TigoHogarHikariPool - Fill pool skipped, pool is at sufficient level.
2026-08-11 18:43:27.078 DEBUG 10036 --- [           main] o.s.b.a.AutoConfigurationPackages        : @EnableAutoConfiguration was declared on a class in the package 'com.example.TigoStarSystem'. Automatic @Repository and @Entity scanning is enabled.
2026-08-11 18:43:27.122 DEBUG 10036 --- [           main] s.w.s.m.m.a.RequestMappingHandlerAdapter : ControllerAdvice beans: 0 @ModelAttribute, 0 @InitBinder, 1 RequestBodyAdvice, 1 ResponseBodyAdvice
2026-08-11 18:43:27.198 DEBUG 10036 --- [           main] s.w.s.m.m.a.RequestMappingHandlerMapping : 212 mappings in 'requestMappingHandlerMapping'
2026-08-11 18:43:27.210 DEBUG 10036 --- [           main] o.s.w.s.handler.SimpleUrlHandlerMapping  : Patterns [/webjars/**, /**, /swagger-ui*/*swagger-initializer.js, /swagger-ui*/**] in 'resourceHandlerMapping'
2026-08-11 18:43:27.215 DEBUG 10036 --- [           main] .m.m.a.ExceptionHandlerExceptionResolver : ControllerAdvice beans: 2 @ExceptionHandler, 1 ResponseBodyAdvice
2026-08-11 18:43:27.281  INFO 10036 --- [           main] o.s.b.w.embedded.tomcat.TomcatWebServer  : Tomcat started on port(s): 9060 (http) with context path ''
2026-08-11 18:43:27.295 DEBUG 10036 --- [           main] ConditionEvaluationReportLoggingListener : 


============================
CONDITIONS EVALUATION REPORT
============================


Positive matches:
-----------------

   AopAutoConfiguration matched:
      - @ConditionalOnProperty (spring.aop.auto=true) matched (OnPropertyCondition)

   AopAutoConfiguration.ClassProxyingConfiguration matched:
      - @ConditionalOnMissingClass did not find unwanted class 'org.aspectj.weaver.Advice' (OnClassCondition)
      - @ConditionalOnProperty (spring.aop.proxy-target-class=true) matched (OnPropertyCondition)

   ApplicationAvailabilityAutoConfiguration#applicationAvailability matched:
      - @ConditionalOnMissingBean (types: org.springframework.boot.availability.ApplicationAvailability; SearchStrategy: all) did not find any beans (OnBeanCondition)

   DataSourceAutoConfiguration matched:
      - @ConditionalOnClass found required classes 'javax.sql.DataSource', 'org.springframework.jdbc.datasource.embedded.EmbeddedDatabaseType' (OnClassCondition)
      - @ConditionalOnMissingBean (types: io.r2dbc.spi.ConnectionFactory; SearchStrategy: all) did not find any beans (OnBeanCondition)

   DataSourceAutoConfiguration.PooledDataSourceConfiguration matched:
      - AnyNestedCondition 1 matched 1 did not; NestedCondition on DataSourceAutoConfiguration.PooledDataSourceCondition.PooledDataSourceAvailable PooledDataSource found supported DataSource; NestedCondition on DataSourceAutoConfiguration.PooledDataSourceCondition.ExplicitType @ConditionalOnProperty (spring.datasource.type) did not find property 'type' (DataSourceAutoConfiguration.PooledDataSourceCondition)
      - @ConditionalOnMissingBean (types: javax.sql.DataSource,javax.sql.XADataSource; SearchStrategy: all) did not find any beans (OnBeanCondition)

   DataSourceConfiguration.Hikari matched:
      - @ConditionalOnClass found required class 'com.zaxxer.hikari.HikariDataSource' (OnClassCondition)
      - @ConditionalOnProperty (spring.datasource.type=com.zaxxer.hikari.HikariDataSource) matched (OnPropertyCondition)
      - @ConditionalOnMissingBean (types: javax.sql.DataSource; SearchStrategy: all) did not find any beans (OnBeanCondition)

   DataSourceInitializationConfiguration matched:
      - @ConditionalOnClass found required class 'org.springframework.jdbc.datasource.init.DatabasePopulator' (OnClassCondition)
      - @ConditionalOnSingleCandidate (types: javax.sql.DataSource; SearchStrategy: all) found a single bean 'dataSource'; @ConditionalOnMissingBean (types: org.springframework.boot.autoconfigure.sql.init.SqlDataSourceScriptDatabaseInitializer,org.springframework.boot.autoconfigure.sql.init.SqlR2dbcScriptDatabaseInitializer; SearchStrategy: all) did not find any beans (OnBeanCondition)

   DataSourceJmxConfiguration matched:
      - @ConditionalOnProperty (spring.jmx.enabled=true) matched (OnPropertyCondition)

   DataSourceJmxConfiguration.Hikari matched:
      - @ConditionalOnClass found required class 'com.zaxxer.hikari.HikariDataSource' (OnClassCondition)
      - @ConditionalOnSingleCandidate (types: javax.sql.DataSource; SearchStrategy: all) found a single bean 'dataSource' (OnBeanCondition)

   DataSourcePoolMetadataProvidersConfiguration.HikariPoolDataSourceMetadataProviderConfiguration matched:
      - @ConditionalOnClass found required class 'com.zaxxer.hikari.HikariDataSource' (OnClassCondition)

   DataSourceTransactionManagerAutoConfiguration matched:
      - @ConditionalOnClass found required classes 'org.springframework.jdbc.core.JdbcTemplate', 'org.springframework.transaction.TransactionManager' (OnClassCondition)

   DataSourceTransactionManagerAutoConfiguration.JdbcTransactionManagerConfiguration matched:
      - @ConditionalOnSingleCandidate (types: javax.sql.DataSource; SearchStrategy: all) found a single bean 'dataSource' (OnBeanCondition)

   DataSourceTransactionManagerAutoConfiguration.JdbcTransactionManagerConfiguration#transactionManager matched:
      - @ConditionalOnMissingBean (types: org.springframework.transaction.TransactionManager; SearchStrategy: all) did not find any beans (OnBeanCondition)

   DispatcherServletAutoConfiguration matched:
      - @ConditionalOnClass found required class 'org.springframework.web.servlet.DispatcherServlet' (OnClassCondition)
      - found 'session' scope (OnWebApplicationCondition)

   DispatcherServletAutoConfiguration.DispatcherServletConfiguration matched:
      - @ConditionalOnClass found required class 'javax.servlet.ServletRegistration' (OnClassCondition)
      - Default DispatcherServlet did not find dispatcher servlet beans (DispatcherServletAutoConfiguration.DefaultDispatcherServletCondition)

   DispatcherServletAutoConfiguration.DispatcherServletRegistrationConfiguration matched:
      - @ConditionalOnClass found required class 'javax.servlet.ServletRegistration' (OnClassCondition)
      - DispatcherServlet Registration did not find servlet registration bean (DispatcherServletAutoConfiguration.DispatcherServletRegistrationCondition)

   DispatcherServletAutoConfiguration.DispatcherServletRegistrationConfiguration#dispatcherServletRegistration matched:
      - @ConditionalOnBean (names: dispatcherServlet types: org.springframework.web.servlet.DispatcherServlet; SearchStrategy: all) found bean 'dispatcherServlet' (OnBeanCondition)

   EmbeddedWebServerFactoryCustomizerAutoConfiguration matched:
      - @ConditionalOnWebApplication (required) found 'session' scope (OnWebApplicationCondition)
      - @ConditionalOnWarDeployment the application is not deployed as a WAR file. (OnWarDeploymentCondition)

   EmbeddedWebServerFactoryCustomizerAutoConfiguration.TomcatWebServerFactoryCustomizerConfiguration matched:
      - @ConditionalOnClass found required classes 'org.apache.catalina.startup.Tomcat', 'org.apache.coyote.UpgradeProtocol' (OnClassCondition)

   ErrorMvcAutoConfiguration matched:
      - @ConditionalOnClass found required classes 'javax.servlet.Servlet', 'org.springframework.web.servlet.DispatcherServlet' (OnClassCondition)
      - found 'session' scope (OnWebApplicationCondition)

   ErrorMvcAutoConfiguration#basicErrorController matched:
      - @ConditionalOnMissingBean (types: org.springframework.boot.web.servlet.error.ErrorController; SearchStrategy: current) did not find any beans (OnBeanCondition)

   ErrorMvcAutoConfiguration#errorAttributes matched:
      - @ConditionalOnMissingBean (types: org.springframework.boot.web.servlet.error.ErrorAttributes; SearchStrategy: current) did not find any beans (OnBeanCondition)

   ErrorMvcAutoConfiguration.DefaultErrorViewResolverConfiguration#conventionErrorViewResolver matched:
      - @ConditionalOnBean (types: org.springframework.web.servlet.DispatcherServlet; SearchStrategy: all) found bean 'dispatcherServlet'; @ConditionalOnMissingBean (types: org.springframework.boot.autoconfigure.web.servlet.error.ErrorViewResolver; SearchStrategy: all) did not find any beans (OnBeanCondition)

   ErrorMvcAutoConfiguration.WhitelabelErrorViewConfiguration matched:
      - @ConditionalOnProperty (server.error.whitelabel.enabled) matched (OnPropertyCondition)
      - ErrorTemplate Missing did not find error template view (ErrorMvcAutoConfiguration.ErrorTemplateMissingCondition)

   ErrorMvcAutoConfiguration.WhitelabelErrorViewConfiguration#beanNameViewResolver matched:
      - @ConditionalOnMissingBean (types: org.springframework.web.servlet.view.BeanNameViewResolver; SearchStrategy: all) did not find any beans (OnBeanCondition)

   ErrorMvcAutoConfiguration.WhitelabelErrorViewConfiguration#defaultErrorView matched:
      - @ConditionalOnMissingBean (names: error; SearchStrategy: all) did not find any beans (OnBeanCondition)

   GenericCacheConfiguration matched:
      - Cache org.springframework.boot.autoconfigure.cache.GenericCacheConfiguration automatic cache type (CacheCondition)

   HttpEncodingAutoConfiguration matched:
      - @ConditionalOnClass found required class 'org.springframework.web.filter.CharacterEncodingFilter' (OnClassCondition)
      - found 'session' scope (OnWebApplicationCondition)
      - @ConditionalOnProperty (server.servlet.encoding.enabled) matched (OnPropertyCondition)

   HttpEncodingAutoConfiguration#characterEncodingFilter matched:
      - @ConditionalOnMissingBean (types: org.springframework.web.filter.CharacterEncodingFilter; SearchStrategy: all) did not find any beans (OnBeanCondition)

   HttpMessageConvertersAutoConfiguration matched:
      - @ConditionalOnClass found required class 'org.springframework.http.converter.HttpMessageConverter' (OnClassCondition)
      - NoneNestedConditions 0 matched 1 did not; NestedCondition on HttpMessageConvertersAutoConfiguration.NotReactiveWebApplicationCondition.ReactiveWebApplication did not find reactive web application classes (HttpMessageConvertersAutoConfiguration.NotReactiveWebApplicationCondition)

   HttpMessageConvertersAutoConfiguration#messageConverters matched:
      - @ConditionalOnMissingBean (types: org.springframework.boot.autoconfigure.http.HttpMessageConverters; SearchStrategy: all) did not find any beans (OnBeanCondition)

   HttpMessageConvertersAutoConfiguration.StringHttpMessageConverterConfiguration matched:
      - @ConditionalOnClass found required class 'org.springframework.http.converter.StringHttpMessageConverter' (OnClassCondition)

   HttpMessageConvertersAutoConfiguration.StringHttpMessageConverterConfiguration#stringHttpMessageConverter matched:
      - @ConditionalOnMissingBean (types: org.springframework.http.converter.StringHttpMessageConverter; SearchStrategy: all) did not find any beans (OnBeanCondition)

   JacksonAutoConfiguration matched:
      - @ConditionalOnClass found required class 'com.fasterxml.jackson.databind.ObjectMapper' (OnClassCondition)

   JacksonAutoConfiguration.Jackson2ObjectMapperBuilderCustomizerConfiguration matched:
      - @ConditionalOnClass found required class 'org.springframework.http.converter.json.Jackson2ObjectMapperBuilder' (OnClassCondition)

   JacksonAutoConfiguration.JacksonObjectMapperBuilderConfiguration matched:
      - @ConditionalOnClass found required class 'org.springframework.http.converter.json.Jackson2ObjectMapperBuilder' (OnClassCondition)

   JacksonAutoConfiguration.JacksonObjectMapperBuilderConfiguration#jacksonObjectMapperBuilder matched:
      - @ConditionalOnMissingBean (types: org.springframework.http.converter.json.Jackson2ObjectMapperBuilder; SearchStrategy: all) did not find any beans (OnBeanCondition)

   JacksonAutoConfiguration.JacksonObjectMapperConfiguration matched:
      - @ConditionalOnClass found required class 'org.springframework.http.converter.json.Jackson2ObjectMapperBuilder' (OnClassCondition)

   JacksonAutoConfiguration.JacksonObjectMapperConfiguration#jacksonObjectMapper matched:
      - @ConditionalOnMissingBean (types: com.fasterxml.jackson.databind.ObjectMapper; SearchStrategy: all) did not find any beans (OnBeanCondition)

   JacksonAutoConfiguration.ParameterNamesModuleConfiguration matched:
      - @ConditionalOnClass found required class 'com.fasterxml.jackson.module.paramnames.ParameterNamesModule' (OnClassCondition)

   JacksonAutoConfiguration.ParameterNamesModuleConfiguration#parameterNamesModule matched:
      - @ConditionalOnMissingBean (types: com.fasterxml.jackson.module.paramnames.ParameterNamesModule; SearchStrategy: all) did not find any beans (OnBeanCondition)

   JacksonHttpMessageConvertersConfiguration.MappingJackson2HttpMessageConverterConfiguration matched:
      - @ConditionalOnClass found required class 'com.fasterxml.jackson.databind.ObjectMapper' (OnClassCondition)
      - @ConditionalOnProperty (spring.mvc.converters.preferred-json-mapper=jackson) matched (OnPropertyCondition)
      - @ConditionalOnBean (types: com.fasterxml.jackson.databind.ObjectMapper; SearchStrategy: all) found bean 'jacksonObjectMapper' (OnBeanCondition)

   JacksonHttpMessageConvertersConfiguration.MappingJackson2HttpMessageConverterConfiguration#mappingJackson2HttpMessageConverter matched:
      - @ConditionalOnMissingBean (types: org.springframework.http.converter.json.MappingJackson2HttpMessageConverter ignored: org.springframework.hateoas.server.mvc.TypeConstrainedMappingJackson2HttpMessageConverter,org.springframework.data.rest.webmvc.alps.AlpsJsonHttpMessageConverter; SearchStrategy: all) did not find any beans (OnBeanCondition)

   JdbcTemplateAutoConfiguration matched:
      - @ConditionalOnClass found required classes 'javax.sql.DataSource', 'org.springframework.jdbc.core.JdbcTemplate' (OnClassCondition)
      - @ConditionalOnSingleCandidate (types: javax.sql.DataSource; SearchStrategy: all) found a single bean 'dataSource' (OnBeanCondition)

   LifecycleAutoConfiguration#defaultLifecycleProcessor matched:
      - @ConditionalOnMissingBean (names: lifecycleProcessor; SearchStrategy: current) did not find any beans (OnBeanCondition)

   MailSenderAutoConfiguration matched:
      - @ConditionalOnClass found required classes 'javax.mail.internet.MimeMessage', 'javax.activation.MimeType', 'org.springframework.mail.MailSender' (OnClassCondition)
      - AnyNestedCondition 1 matched 1 did not; NestedCondition on MailSenderAutoConfiguration.MailSenderCondition.JndiNameProperty @ConditionalOnProperty (spring.mail.jndi-name) did not find property 'jndi-name'; NestedCondition on MailSenderAutoConfiguration.MailSenderCondition.HostProperty @ConditionalOnProperty (spring.mail.host) matched (MailSenderAutoConfiguration.MailSenderCondition)
      - @ConditionalOnMissingBean (types: org.springframework.mail.MailSender; SearchStrategy: all) did not find any beans (OnBeanCondition)

   MailSenderPropertiesConfiguration matched:
      - @ConditionalOnProperty (spring.mail.host) matched (OnPropertyCondition)

   MailSenderPropertiesConfiguration#mailSender matched:
      - @ConditionalOnMissingBean (types: org.springframework.mail.javamail.JavaMailSender; SearchStrategy: all) did not find any beans (OnBeanCondition)

   MultipartAutoConfiguration matched:
      - @ConditionalOnClass found required classes 'javax.servlet.Servlet', 'org.springframework.web.multipart.support.StandardServletMultipartResolver', 'javax.servlet.MultipartConfigElement' (OnClassCondition)
      - found 'session' scope (OnWebApplicationCondition)
      - @ConditionalOnProperty (spring.servlet.multipart.enabled) matched (OnPropertyCondition)

   MultipartAutoConfiguration#multipartConfigElement matched:
      - @ConditionalOnMissingBean (types: javax.servlet.MultipartConfigElement,org.springframework.web.multipart.commons.CommonsMultipartResolver; SearchStrategy: all) did not find any beans (OnBeanCondition)

   MultipartAutoConfiguration#multipartResolver matched:
      - @ConditionalOnMissingBean (types: org.springframework.web.multipart.MultipartResolver; SearchStrategy: all) did not find any beans (OnBeanCondition)

   NamedParameterJdbcTemplateConfiguration matched:
      - @ConditionalOnSingleCandidate (types: org.springframework.jdbc.core.JdbcTemplate; SearchStrategy: all) found a single primary bean 'jdbcTemplate' from beans 'jdbcTemplate', 'tigohogarJdbcTemplate', 'centralJdbcTemplate'; @ConditionalOnMissingBean (types: org.springframework.jdbc.core.namedparam.NamedParameterJdbcOperations; SearchStrategy: all) did not find any beans (OnBeanCondition)

   NoOpCacheConfiguration matched:
      - Cache org.springframework.boot.autoconfigure.cache.NoOpCacheConfiguration automatic cache type (CacheCondition)

   PersistenceExceptionTranslationAutoConfiguration matched:
      - @ConditionalOnClass found required class 'org.springframework.dao.annotation.PersistenceExceptionTranslationPostProcessor' (OnClassCondition)

   PersistenceExceptionTranslationAutoConfiguration#persistenceExceptionTranslationPostProcessor matched:
      - @ConditionalOnProperty (spring.dao.exceptiontranslation.enabled) matched (OnPropertyCondition)
      - @ConditionalOnMissingBean (types: org.springframework.dao.annotation.PersistenceExceptionTranslationPostProcessor; SearchStrategy: all) did not find any beans (OnBeanCondition)

   PropertyPlaceholderAutoConfiguration#propertySourcesPlaceholderConfigurer matched:
      - @ConditionalOnMissingBean (types: org.springframework.context.support.PropertySourcesPlaceholderConfigurer; SearchStrategy: current) did not find any beans (OnBeanCondition)

   RestTemplateAutoConfiguration matched:
      - @ConditionalOnClass found required class 'org.springframework.web.client.RestTemplate' (OnClassCondition)
      - NoneNestedConditions 0 matched 1 did not; NestedCondition on RestTemplateAutoConfiguration.NotReactiveWebApplicationCondition.ReactiveWebApplication did not find reactive web application classes (RestTemplateAutoConfiguration.NotReactiveWebApplicationCondition)

   RestTemplateAutoConfiguration#restTemplateBuilder matched:
      - @ConditionalOnMissingBean (types: org.springframework.boot.web.client.RestTemplateBuilder; SearchStrategy: all) did not find any beans (OnBeanCondition)

   RestTemplateAutoConfiguration#restTemplateBuilderConfigurer matched:
      - @ConditionalOnMissingBean (types: org.springframework.boot.autoconfigure.web.client.RestTemplateBuilderConfigurer; SearchStrategy: all) did not find any beans (OnBeanCondition)

   ServletWebServerFactoryAutoConfiguration matched:
      - @ConditionalOnClass found required class 'javax.servlet.ServletRequest' (OnClassCondition)
      - found 'session' scope (OnWebApplicationCondition)

   ServletWebServerFactoryAutoConfiguration#tomcatServletWebServerFactoryCustomizer matched:
      - @ConditionalOnClass found required class 'org.apache.catalina.startup.Tomcat' (OnClassCondition)

   ServletWebServerFactoryConfiguration.EmbeddedTomcat matched:
      - @ConditionalOnClass found required classes 'javax.servlet.Servlet', 'org.apache.catalina.startup.Tomcat', 'org.apache.coyote.UpgradeProtocol' (OnClassCondition)
      - @ConditionalOnMissingBean (types: org.springframework.boot.web.servlet.server.ServletWebServerFactory; SearchStrategy: current) did not find any beans (OnBeanCondition)

   SimpleCacheConfiguration matched:
      - Cache org.springframework.boot.autoconfigure.cache.SimpleCacheConfiguration automatic cache type (CacheCondition)

   SpringDocConfigProperties matched:
      - @ConditionalOnProperty (springdoc.api-docs.enabled) matched (OnPropertyCondition)

   SpringDocConfiguration matched:
      - @ConditionalOnWebApplication (required) found 'session' scope (OnWebApplicationCondition)
      - @ConditionalOnProperty (springdoc.api-docs.enabled) matched (OnPropertyCondition)

   SpringDocConfiguration#fileSupportConverter matched:
      - @ConditionalOnMissingBean (types: org.springdoc.core.converters.FileSupportConverter; SearchStrategy: all) did not find any beans (OnBeanCondition)

   SpringDocConfiguration#openAPIBuilder matched:
      - @ConditionalOnMissingBean (types: org.springdoc.core.OpenAPIService; SearchStrategy: all) did not find any beans (OnBeanCondition)

   SpringDocConfiguration#operationBuilder matched:
      - @ConditionalOnMissingBean (types: org.springdoc.core.OperationService; SearchStrategy: all) did not find any beans (OnBeanCondition)

   SpringDocConfiguration#parameterBuilder matched:
      - @ConditionalOnMissingBean (types: org.springdoc.core.GenericParameterService; SearchStrategy: all) did not find any beans (OnBeanCondition)

   SpringDocConfiguration#polymorphicModelConverter matched:
      - @ConditionalOnProperty (springdoc.model-converters.polymorphic-converter.enabled) matched (OnPropertyCondition)
      - @ConditionalOnMissingBean (types: org.springdoc.core.converters.PolymorphicModelConverter; SearchStrategy: all) did not find any beans (OnBeanCondition)

   SpringDocConfiguration#requestBodyBuilder matched:
      - @ConditionalOnMissingBean (types: org.springdoc.core.RequestBodyService; SearchStrategy: all) did not find any beans (OnBeanCondition)

   SpringDocConfiguration#responseSupportConverter matched:
      - @ConditionalOnMissingBean (types: org.springdoc.core.converters.ResponseSupportConverter; SearchStrategy: all) did not find any beans (OnBeanCondition)

   SpringDocConfiguration#schemaPropertyDeprecatingConverter matched:
      - @ConditionalOnProperty (springdoc.model-converters.deprecating-converter.enabled) matched (OnPropertyCondition)
      - @ConditionalOnMissingBean (types: org.springdoc.core.converters.SchemaPropertyDeprecatingConverter; SearchStrategy: all) did not find any beans (OnBeanCondition)

   SpringDocConfiguration#securityParser matched:
      - @ConditionalOnMissingBean (types: org.springdoc.core.SecurityService; SearchStrategy: all) did not find any beans (OnBeanCondition)

   SpringDocConfiguration#springDocCustomizers matched:
      - @ConditionalOnMissingBean (types: org.springdoc.core.customizers.SpringDocCustomizers; SearchStrategy: all) did not find any beans (OnBeanCondition)

   SpringDocConfiguration#springDocObjectMapperProvider matched:
      - @ConditionalOnMissingBean (types: org.springdoc.core.providers.ObjectMapperProvider; SearchStrategy: all) did not find any beans (OnBeanCondition)

   SpringDocConfiguration#springDocProviders matched:
      - @ConditionalOnMissingBean (types: org.springdoc.core.SpringDocProviders; SearchStrategy: all) did not find any beans (OnBeanCondition)

   SpringDocConfiguration.SpringDocSpringDataWebPropertiesProvider matched:
      - @ConditionalOnClass found required class 'org.springframework.boot.autoconfigure.data.web.SpringDataWebProperties' (OnClassCondition)

   SpringDocConfiguration.SpringDocSpringDataWebPropertiesProvider#springDataWebPropertiesProvider matched:
      - @ConditionalOnMissingBean (types: org.springdoc.core.providers.SpringDataWebPropertiesProvider; SearchStrategy: all) did not find any beans (OnBeanCondition)

   SpringDocConfiguration.WebConversionServiceConfiguration matched:
      - @ConditionalOnClass found required class 'org.springframework.boot.autoconfigure.web.format.WebConversionService' (OnClassCondition)

   SpringDocUIConfiguration matched:
      - @ConditionalOnWebApplication (required) found 'session' scope (OnWebApplicationCondition)
      - @ConditionalOnExpression (#{${springdoc.api-docs.enabled:true}}) resulted in true (OnExpressionCondition)
      - @ConditionalOnBean (types: org.springdoc.core.SpringDocConfiguration; SearchStrategy: all) found bean 'org.springdoc.core.SpringDocConfiguration' (OnBeanCondition)

   SpringDocWebMvcConfiguration matched:
      - found 'session' scope (OnWebApplicationCondition)
      - @ConditionalOnProperty (springdoc.api-docs.enabled) matched (OnPropertyCondition)
      - @ConditionalOnBean (types: org.springdoc.core.SpringDocConfiguration; SearchStrategy: all) found bean 'org.springdoc.core.SpringDocConfiguration' (OnBeanCondition)

   SpringDocWebMvcConfiguration#openApiResource matched:
      - @ConditionalOnProperty (springdoc.use-management-port=false) matched (OnPropertyCondition)
      - @ConditionalOnMissingBean (types: org.springdoc.webmvc.api.OpenApiWebMvcResource; SearchStrategy: all) did not find any beans (OnBeanCondition)

   SpringDocWebMvcConfiguration#requestBuilder matched:
      - @ConditionalOnMissingBean (types: org.springdoc.webmvc.core.RequestService; SearchStrategy: all) did not find any beans (OnBeanCondition)

   SpringDocWebMvcConfiguration#responseBuilder matched:
      - @ConditionalOnMissingBean (types: org.springdoc.core.GenericResponseService; SearchStrategy: all) did not find any beans (OnBeanCondition)

   SpringDocWebMvcConfiguration#springWebProvider matched:
      - @ConditionalOnMissingBean (types: org.springdoc.core.providers.SpringWebProvider; SearchStrategy: all) did not find any beans (OnBeanCondition)

   SpringDocWebMvcConfiguration.SpringDocWebMvcRouterConfiguration matched:
      - @ConditionalOnClass found required class 'org.springframework.web.servlet.function.RouterFunction' (OnClassCondition)

   SpringDocWebMvcConfiguration.SpringDocWebMvcRouterConfiguration#routerFunctionProvider matched:
      - @ConditionalOnMissingBean (types: org.springdoc.webmvc.core.RouterFunctionWebMvcProvider; SearchStrategy: all) did not find any beans (OnBeanCondition)

   SqlInitializationAutoConfiguration matched:
      - @ConditionalOnProperty (spring.sql.init.enabled) matched (OnPropertyCondition)
      - NoneNestedConditions 0 matched 1 did not; NestedCondition on SqlInitializationAutoConfiguration.SqlInitializationModeCondition.ModeIsNever @ConditionalOnProperty (spring.sql.init.mode=never) did not find property 'mode' (SqlInitializationAutoConfiguration.SqlInitializationModeCondition)

   SwaggerConfig matched:
      - found 'session' scope (OnWebApplicationCondition)
      - @ConditionalOnProperty (springdoc.swagger-ui.enabled) matched (OnPropertyCondition)
      - @ConditionalOnBean (types: org.springdoc.core.SpringDocConfiguration; SearchStrategy: all) found bean 'org.springdoc.core.SpringDocConfiguration' (OnBeanCondition)

   SwaggerConfig#indexPageTransformer matched:
      - @ConditionalOnMissingBean (types: org.springdoc.webmvc.ui.SwaggerIndexTransformer; SearchStrategy: all) did not find any beans (OnBeanCondition)

   SwaggerConfig#swaggerConfigResource matched:
      - @ConditionalOnProperty (springdoc.use-management-port=false) matched (OnPropertyCondition)
      - @ConditionalOnMissingBean (types: org.springdoc.webmvc.ui.SwaggerConfigResource; SearchStrategy: all) did not find any beans (OnBeanCondition)

   SwaggerConfig#swaggerResourceResolver matched:
      - @ConditionalOnMissingBean (types: org.springdoc.webmvc.ui.SwaggerResourceResolver; SearchStrategy: all) did not find any beans (OnBeanCondition)

   SwaggerConfig#swaggerWebMvcConfigurer matched:
      - @ConditionalOnMissingBean (types: org.springdoc.webmvc.ui.SwaggerWebMvcConfigurer; SearchStrategy: all) did not find any beans (OnBeanCondition)

   SwaggerConfig#swaggerWelcome matched:
      - @ConditionalOnProperty (springdoc.use-management-port=false) matched (OnPropertyCondition)
      - @ConditionalOnMissingBean (types: org.springdoc.webmvc.ui.SwaggerWelcomeWebMvc; SearchStrategy: all) did not find any beans (OnBeanCondition)

   SwaggerUiConfigParameters matched:
      - @ConditionalOnProperty (springdoc.swagger-ui.enabled) matched (OnPropertyCondition)
      - @ConditionalOnBean (types: org.springdoc.core.SpringDocConfiguration; SearchStrategy: all) found bean 'org.springdoc.core.SpringDocConfiguration' (OnBeanCondition)

   SwaggerUiConfigProperties matched:
      - @ConditionalOnProperty (springdoc.swagger-ui.enabled) matched (OnPropertyCondition)
      - @ConditionalOnBean (types: org.springdoc.core.SpringDocConfiguration; SearchStrategy: all) found bean 'org.springdoc.core.SpringDocConfiguration' (OnBeanCondition)

   SwaggerUiOAuthProperties matched:
      - @ConditionalOnProperty (springdoc.swagger-ui.enabled) matched (OnPropertyCondition)
      - @ConditionalOnBean (types: org.springdoc.core.SpringDocConfiguration; SearchStrategy: all) found bean 'org.springdoc.core.SpringDocConfiguration' (OnBeanCondition)

   TaskExecutionAutoConfiguration matched:
      - @ConditionalOnClass found required class 'org.springframework.scheduling.concurrent.ThreadPoolTaskExecutor' (OnClassCondition)

   TaskExecutionAutoConfiguration#applicationTaskExecutor matched:
      - @ConditionalOnMissingBean (types: java.util.concurrent.Executor; SearchStrategy: all) did not find any beans (OnBeanCondition)

   TaskExecutionAutoConfiguration#taskExecutorBuilder matched:
      - @ConditionalOnMissingBean (types: org.springframework.boot.task.TaskExecutorBuilder; SearchStrategy: all) did not find any beans (OnBeanCondition)

   TaskSchedulingAutoConfiguration matched:
      - @ConditionalOnClass found required class 'org.springframework.scheduling.concurrent.ThreadPoolTaskScheduler' (OnClassCondition)

   TaskSchedulingAutoConfiguration#taskSchedulerBuilder matched:
      - @ConditionalOnMissingBean (types: org.springframework.boot.task.TaskSchedulerBuilder; SearchStrategy: all) did not find any beans (OnBeanCondition)

   TransactionAutoConfiguration matched:
      - @ConditionalOnClass found required class 'org.springframework.transaction.PlatformTransactionManager' (OnClassCondition)

   TransactionAutoConfiguration#platformTransactionManagerCustomizers matched:
      - @ConditionalOnMissingBean (types: org.springframework.boot.autoconfigure.transaction.TransactionManagerCustomizers; SearchStrategy: all) did not find any beans (OnBeanCondition)

   TransactionAutoConfiguration.EnableTransactionManagementConfiguration matched:
      - @ConditionalOnBean (types: org.springframework.transaction.TransactionManager; SearchStrategy: all) found bean 'transactionManager'; @ConditionalOnMissingBean (types: org.springframework.transaction.annotation.AbstractTransactionManagementConfiguration; SearchStrategy: all) did not find any beans (OnBeanCondition)

   TransactionAutoConfiguration.EnableTransactionManagementConfiguration.CglibAutoProxyConfiguration matched:
      - @ConditionalOnProperty (spring.aop.proxy-target-class=true) matched (OnPropertyCondition)

   TransactionAutoConfiguration.TransactionTemplateConfiguration matched:
      - @ConditionalOnSingleCandidate (types: org.springframework.transaction.PlatformTransactionManager; SearchStrategy: all) found a single bean 'transactionManager' (OnBeanCondition)

   TransactionAutoConfiguration.TransactionTemplateConfiguration#transactionTemplate matched:
      - @ConditionalOnMissingBean (types: org.springframework.transaction.support.TransactionOperations; SearchStrategy: all) did not find any beans (OnBeanCondition)

   ValidationAutoConfiguration matched:
      - @ConditionalOnClass found required class 'javax.validation.executable.ExecutableValidator' (OnClassCondition)
      - @ConditionalOnResource found location classpath:META-INF/services/javax.validation.spi.ValidationProvider (OnResourceCondition)

   ValidationAutoConfiguration#defaultValidator matched:
      - @ConditionalOnMissingBean (types: javax.validation.Validator; SearchStrategy: all) did not find any beans (OnBeanCondition)

   ValidationAutoConfiguration#methodValidationPostProcessor matched:
      - @ConditionalOnMissingBean (types: org.springframework.validation.beanvalidation.MethodValidationPostProcessor; SearchStrategy: current) did not find any beans (OnBeanCondition)

   WebMvcAutoConfiguration matched:
      - @ConditionalOnClass found required classes 'javax.servlet.Servlet', 'org.springframework.web.servlet.DispatcherServlet', 'org.springframework.web.servlet.config.annotation.WebMvcConfigurer' (OnClassCondition)
      - found 'session' scope (OnWebApplicationCondition)
      - @ConditionalOnMissingBean (types: org.springframework.web.servlet.config.annotation.WebMvcConfigurationSupport; SearchStrategy: all) did not find any beans (OnBeanCondition)

   WebMvcAutoConfiguration#formContentFilter matched:
      - @ConditionalOnProperty (spring.mvc.formcontent.filter.enabled) matched (OnPropertyCondition)
      - @ConditionalOnMissingBean (types: org.springframework.web.filter.FormContentFilter; SearchStrategy: all) did not find any beans (OnBeanCondition)

   WebMvcAutoConfiguration.EnableWebMvcConfiguration#flashMapManager matched:
      - @ConditionalOnMissingBean (names: flashMapManager; SearchStrategy: all) did not find any beans (OnBeanCondition)

   WebMvcAutoConfiguration.EnableWebMvcConfiguration#localeResolver matched:
      - @ConditionalOnMissingBean (names: localeResolver; SearchStrategy: all) did not find any beans (OnBeanCondition)

   WebMvcAutoConfiguration.EnableWebMvcConfiguration#themeResolver matched:
      - @ConditionalOnMissingBean (names: themeResolver; SearchStrategy: all) did not find any beans (OnBeanCondition)

   WebMvcAutoConfiguration.WebMvcAutoConfigurationAdapter#defaultViewResolver matched:
      - @ConditionalOnMissingBean (types: org.springframework.web.servlet.view.InternalResourceViewResolver; SearchStrategy: all) did not find any beans (OnBeanCondition)

   WebMvcAutoConfiguration.WebMvcAutoConfigurationAdapter#requestContextFilter matched:
      - @ConditionalOnMissingBean (types: org.springframework.web.context.request.RequestContextListener,org.springframework.web.filter.RequestContextFilter; SearchStrategy: all) did not find any beans (OnBeanCondition)

   WebMvcAutoConfiguration.WebMvcAutoConfigurationAdapter#viewResolver matched:
      - @ConditionalOnBean (types: org.springframework.web.servlet.ViewResolver; SearchStrategy: all) found beans 'defaultViewResolver', 'beanNameViewResolver', 'mvcViewResolver'; @ConditionalOnMissingBean (names: viewResolver types: org.springframework.web.servlet.view.ContentNegotiatingViewResolver; SearchStrategy: all) did not find any beans (OnBeanCondition)

   WebSocketServletAutoConfiguration matched:
      - @ConditionalOnClass found required classes 'javax.servlet.Servlet', 'javax.websocket.server.ServerContainer' (OnClassCondition)
      - found 'session' scope (OnWebApplicationCondition)

   WebSocketServletAutoConfiguration.TomcatWebSocketConfiguration matched:
      - @ConditionalOnClass found required classes 'org.apache.catalina.startup.Tomcat', 'org.apache.tomcat.websocket.server.WsSci' (OnClassCondition)

   WebSocketServletAutoConfiguration.TomcatWebSocketConfiguration#websocketServletWebServerCustomizer matched:
      - @ConditionalOnMissingBean (names: websocketServletWebServerCustomizer; SearchStrategy: all) did not find any beans (OnBeanCondition)


Negative matches:
-----------------

   ActiveMQAutoConfiguration:
      Did not match:
         - @ConditionalOnClass did not find required class 'javax.jms.ConnectionFactory' (OnClassCondition)

   AopAutoConfiguration.AspectJAutoProxyingConfiguration:
      Did not match:
         - @ConditionalOnClass did not find required class 'org.aspectj.weaver.Advice' (OnClassCondition)

   ArtemisAutoConfiguration:
      Did not match:
         - @ConditionalOnClass did not find required class 'javax.jms.ConnectionFactory' (OnClassCondition)

   BatchAutoConfiguration:
      Did not match:
         - @ConditionalOnClass did not find required class 'org.springframework.batch.core.launch.JobLauncher' (OnClassCondition)

   Cache2kCacheConfiguration:
      Did not match:
         - @ConditionalOnClass did not find required class 'org.cache2k.Cache2kBuilder' (OnClassCondition)

   CacheAutoConfiguration:
      Did not match:
         - @ConditionalOnBean (types: org.springframework.cache.interceptor.CacheAspectSupport; SearchStrategy: all) did not find any beans of type org.springframework.cache.interceptor.CacheAspectSupport (OnBeanCondition)
      Matched:
         - @ConditionalOnClass found required class 'org.springframework.cache.CacheManager' (OnClassCondition)

   CacheAutoConfiguration.CacheManagerEntityManagerFactoryDependsOnPostProcessor:
      Did not match:
         - @ConditionalOnClass did not find required class 'org.springframework.orm.jpa.LocalContainerEntityManagerFactoryBean' (OnClassCondition)
         - Ancestor org.springframework.boot.autoconfigure.cache.CacheAutoConfiguration did not match (ConditionEvaluationReport.AncestorsMatchedCondition)

   CaffeineCacheConfiguration:
      Did not match:
         - @ConditionalOnClass did not find required class 'com.github.benmanes.caffeine.cache.Caffeine' (OnClassCondition)

   CassandraAutoConfiguration:
      Did not match:
         - @ConditionalOnClass did not find required class 'com.datastax.oss.driver.api.core.CqlSession' (OnClassCondition)

   CassandraDataAutoConfiguration:
      Did not match:
         - @ConditionalOnClass did not find required class 'com.datastax.oss.driver.api.core.CqlSession' (OnClassCondition)

   CassandraReactiveDataAutoConfiguration:
      Did not match:
         - @ConditionalOnClass did not find required class 'com.datastax.oss.driver.api.core.CqlSession' (OnClassCondition)

   CassandraReactiveRepositoriesAutoConfiguration:
      Did not match:
         - @ConditionalOnClass did not find required class 'org.springframework.data.cassandra.ReactiveSession' (OnClassCondition)

   CassandraRepositoriesAutoConfiguration:
      Did not match:
         - @ConditionalOnClass did not find required class 'com.datastax.oss.driver.api.core.CqlSession' (OnClassCondition)

   ClientHttpConnectorAutoConfiguration:
      Did not match:
         - @ConditionalOnClass did not find required class 'org.springframework.web.reactive.function.client.WebClient' (OnClassCondition)

   CodecsAutoConfiguration:
      Did not match:
         - @ConditionalOnClass did not find required class 'org.springframework.web.reactive.function.client.WebClient' (OnClassCondition)

   CouchbaseAutoConfiguration:
      Did not match:
         - @ConditionalOnClass did not find required class 'com.couchbase.client.java.Cluster' (OnClassCondition)

   CouchbaseCacheConfiguration:
      Did not match:
         - @ConditionalOnClass did not find required class 'com.couchbase.client.java.Cluster' (OnClassCondition)

   CouchbaseDataAutoConfiguration:
      Did not match:
         - @ConditionalOnClass did not find required class 'com.couchbase.client.java.Bucket' (OnClassCondition)

   CouchbaseReactiveDataAutoConfiguration:
      Did not match:
         - @ConditionalOnClass did not find required class 'com.couchbase.client.java.Cluster' (OnClassCondition)

   CouchbaseReactiveRepositoriesAutoConfiguration:
      Did not match:
         - @ConditionalOnClass did not find required class 'com.couchbase.client.java.Cluster' (OnClassCondition)

   CouchbaseRepositoriesAutoConfiguration:
      Did not match:
         - @ConditionalOnClass did not find required class 'com.couchbase.client.java.Bucket' (OnClassCondition)

   DataSourceAutoConfiguration.EmbeddedDatabaseConfiguration:
      Did not match:
         - EmbeddedDataSource spring.datasource.url is set (DataSourceAutoConfiguration.EmbeddedDatabaseCondition)

   DataSourceConfiguration.Dbcp2:
      Did not match:
         - @ConditionalOnClass did not find required class 'org.apache.commons.dbcp2.BasicDataSource' (OnClassCondition)

   DataSourceConfiguration.Generic:
      Did not match:
         - @ConditionalOnProperty (spring.datasource.type) did not find property 'spring.datasource.type' (OnPropertyCondition)

   DataSourceConfiguration.OracleUcp:
      Did not match:
         - @ConditionalOnClass did not find required classes 'oracle.ucp.jdbc.PoolDataSourceImpl', 'oracle.jdbc.OracleConnection' (OnClassCondition)

   DataSourceConfiguration.Tomcat:
      Did not match:
         - @ConditionalOnClass did not find required class 'org.apache.tomcat.jdbc.pool.DataSource' (OnClassCondition)

   DataSourceJmxConfiguration.TomcatDataSourceJmxConfiguration:
      Did not match:
         - @ConditionalOnClass did not find required class 'org.apache.tomcat.jdbc.pool.DataSourceProxy' (OnClassCondition)

   DataSourcePoolMetadataProvidersConfiguration.CommonsDbcp2PoolDataSourceMetadataProviderConfiguration:
      Did not match:
         - @ConditionalOnClass did not find required class 'org.apache.commons.dbcp2.BasicDataSource' (OnClassCondition)

   DataSourcePoolMetadataProvidersConfiguration.OracleUcpPoolDataSourceMetadataProviderConfiguration:
      Did not match:
         - @ConditionalOnClass did not find required classes 'oracle.ucp.jdbc.PoolDataSource', 'oracle.jdbc.OracleConnection' (OnClassCondition)

   DataSourcePoolMetadataProvidersConfiguration.TomcatDataSourcePoolMetadataProviderConfiguration:
      Did not match:
         - @ConditionalOnClass did not find required class 'org.apache.tomcat.jdbc.pool.DataSource' (OnClassCondition)

   DispatcherServletAutoConfiguration.DispatcherServletConfiguration#multipartResolver:
      Did not match:
         - @ConditionalOnBean (types: org.springframework.web.multipart.MultipartResolver; SearchStrategy: all) did not find any beans of type org.springframework.web.multipart.MultipartResolver (OnBeanCondition)

   EhCacheCacheConfiguration:
      Did not match:
         - @ConditionalOnClass did not find required class 'net.sf.ehcache.Cache' (OnClassCondition)

   ElasticsearchDataAutoConfiguration:
      Did not match:
         - @ConditionalOnClass did not find required class 'org.springframework.data.elasticsearch.core.ElasticsearchRestTemplate' (OnClassCondition)

   ElasticsearchRepositoriesAutoConfiguration:
      Did not match:
         - @ConditionalOnClass did not find required class 'org.elasticsearch.client.Client' (OnClassCondition)

   ElasticsearchRestClientAutoConfiguration:
      Did not match:
         - @ConditionalOnClass did not find required class 'org.elasticsearch.client.RestClientBuilder' (OnClassCondition)

   EmbeddedLdapAutoConfiguration:
      Did not match:
         - @ConditionalOnClass did not find required class 'com.unboundid.ldap.listener.InMemoryDirectoryServer' (OnClassCondition)

   EmbeddedMongoAutoConfiguration:
      Did not match:
         - @ConditionalOnClass did not find required class 'com.mongodb.MongoClientSettings' (OnClassCondition)

   EmbeddedWebServerFactoryCustomizerAutoConfiguration.JettyWebServerFactoryCustomizerConfiguration:
      Did not match:
         - @ConditionalOnClass did not find required classes 'org.eclipse.jetty.server.Server', 'org.eclipse.jetty.util.Loader', 'org.eclipse.jetty.webapp.WebAppContext' (OnClassCondition)

   EmbeddedWebServerFactoryCustomizerAutoConfiguration.NettyWebServerFactoryCustomizerConfiguration:
      Did not match:
         - @ConditionalOnClass did not find required class 'reactor.netty.http.server.HttpServer' (OnClassCondition)

   EmbeddedWebServerFactoryCustomizerAutoConfiguration.UndertowWebServerFactoryCustomizerConfiguration:
      Did not match:
         - @ConditionalOnClass did not find required classes 'io.undertow.Undertow', 'org.xnio.SslClientAuthMode' (OnClassCondition)

   ErrorWebFluxAutoConfiguration:
      Did not match:
         - @ConditionalOnClass did not find required class 'org.springframework.web.reactive.config.WebFluxConfigurer' (OnClassCondition)

   FlywayAutoConfiguration:
      Did not match:
         - @ConditionalOnClass did not find required class 'org.flywaydb.core.Flyway' (OnClassCondition)

   FreeMarkerAutoConfiguration:
      Did not match:
         - @ConditionalOnClass did not find required class 'freemarker.template.Configuration' (OnClassCondition)

   GraphQlAutoConfiguration:
      Did not match:
         - @ConditionalOnClass did not find required class 'graphql.GraphQL' (OnClassCondition)

   GraphQlQueryByExampleAutoConfiguration:
      Did not match:
         - @ConditionalOnClass did not find required class 'graphql.GraphQL' (OnClassCondition)

   GraphQlQuerydslAutoConfiguration:
      Did not match:
         - @ConditionalOnClass did not find required class 'graphql.GraphQL' (OnClassCondition)

   GraphQlRSocketAutoConfiguration:
      Did not match:
         - @ConditionalOnClass did not find required class 'graphql.GraphQL' (OnClassCondition)

   GraphQlReactiveQueryByExampleAutoConfiguration:
      Did not match:
         - @ConditionalOnClass did not find required class 'graphql.GraphQL' (OnClassCondition)

   GraphQlReactiveQuerydslAutoConfiguration:
      Did not match:
         - @ConditionalOnClass did not find required class 'graphql.GraphQL' (OnClassCondition)

   GraphQlWebFluxAutoConfiguration:
      Did not match:
         - @ConditionalOnClass did not find required class 'graphql.GraphQL' (OnClassCondition)

   GraphQlWebFluxSecurityAutoConfiguration:
      Did not match:
         - @ConditionalOnClass did not find required class 'graphql.GraphQL' (OnClassCondition)

   GraphQlWebMvcAutoConfiguration:
      Did not match:
         - @ConditionalOnClass did not find required class 'graphql.GraphQL' (OnClassCondition)

   GraphQlWebMvcSecurityAutoConfiguration:
      Did not match:
         - @ConditionalOnClass did not find required class 'graphql.GraphQL' (OnClassCondition)

   GroovyTemplateAutoConfiguration:
      Did not match:
         - @ConditionalOnClass did not find required class 'groovy.text.markup.MarkupTemplateEngine' (OnClassCondition)

   GsonAutoConfiguration:
      Did not match:
         - @ConditionalOnClass did not find required class 'com.google.gson.Gson' (OnClassCondition)

   GsonHttpMessageConvertersConfiguration:
      Did not match:
         - @ConditionalOnClass did not find required class 'com.google.gson.Gson' (OnClassCondition)

   H2ConsoleAutoConfiguration:
      Did not match:
         - @ConditionalOnClass did not find required class 'org.h2.server.web.WebServlet' (OnClassCondition)

   HazelcastAutoConfiguration:
      Did not match:
         - @ConditionalOnClass did not find required class 'com.hazelcast.core.HazelcastInstance' (OnClassCondition)

   HazelcastCacheConfiguration:
      Did not match:
         - @ConditionalOnClass did not find required class 'com.hazelcast.core.HazelcastInstance' (OnClassCondition)

   HazelcastJpaDependencyAutoConfiguration:
      Did not match:
         - @ConditionalOnClass did not find required class 'com.hazelcast.core.HazelcastInstance' (OnClassCondition)

   HibernateJpaAutoConfiguration:
      Did not match:
         - @ConditionalOnClass did not find required class 'javax.persistence.EntityManager' (OnClassCondition)

   HttpHandlerAutoConfiguration:
      Did not match:
         - @ConditionalOnClass did not find required class 'org.springframework.web.reactive.DispatcherHandler' (OnClassCondition)

   HypermediaAutoConfiguration:
      Did not match:
         - @ConditionalOnClass did not find required class 'org.springframework.hateoas.EntityModel' (OnClassCondition)

   InfinispanCacheConfiguration:
      Did not match:
         - @ConditionalOnClass did not find required class 'org.infinispan.spring.embedded.provider.SpringEmbeddedCacheManager' (OnClassCondition)

   InfluxDbAutoConfiguration:
      Did not match:
         - @ConditionalOnClass did not find required class 'org.influxdb.InfluxDB' (OnClassCondition)

   IntegrationAutoConfiguration:
      Did not match:
         - @ConditionalOnClass did not find required class 'org.springframework.integration.config.EnableIntegration' (OnClassCondition)

   JCacheCacheConfiguration:
      Did not match:
         - @ConditionalOnClass did not find required class 'javax.cache.Caching' (OnClassCondition)

   JacksonHttpMessageConvertersConfiguration.MappingJackson2XmlHttpMessageConverterConfiguration:
      Did not match:
         - @ConditionalOnClass did not find required class 'com.fasterxml.jackson.dataformat.xml.XmlMapper' (OnClassCondition)

   JdbcRepositoriesAutoConfiguration:
      Did not match:
         - @ConditionalOnClass did not find required class 'org.springframework.data.jdbc.repository.config.AbstractJdbcConfiguration' (OnClassCondition)

   JdbcTemplateConfiguration:
      Did not match:
         - @ConditionalOnMissingBean (types: org.springframework.jdbc.core.JdbcOperations; SearchStrategy: all) found beans of type 'org.springframework.jdbc.core.JdbcOperations' jdbcTemplate, centralJdbcTemplate, tigohogarJdbcTemplate (OnBeanCondition)

   JerseyAutoConfiguration:
      Did not match:
         - @ConditionalOnClass did not find required class 'org.glassfish.jersey.server.spring.SpringComponentProvider' (OnClassCondition)

   JmsAutoConfiguration:
      Did not match:
         - @ConditionalOnClass did not find required class 'javax.jms.Message' (OnClassCondition)

   JmxAutoConfiguration:
      Did not match:
         - @ConditionalOnProperty (spring.jmx.enabled=true) did not find property 'enabled' (OnPropertyCondition)
      Matched:
         - @ConditionalOnClass found required class 'org.springframework.jmx.export.MBeanExporter' (OnClassCondition)

   JndiConnectionFactoryAutoConfiguration:
      Did not match:
         - @ConditionalOnClass did not find required class 'org.springframework.jms.core.JmsTemplate' (OnClassCondition)

   JndiDataSourceAutoConfiguration:
      Did not match:
         - @ConditionalOnProperty (spring.datasource.jndi-name) did not find property 'jndi-name' (OnPropertyCondition)
      Matched:
         - @ConditionalOnClass found required classes 'javax.sql.DataSource', 'org.springframework.jdbc.datasource.embedded.EmbeddedDatabaseType' (OnClassCondition)

   JooqAutoConfiguration:
      Did not match:
         - @ConditionalOnClass did not find required class 'org.jooq.DSLContext' (OnClassCondition)

   JpaRepositoriesAutoConfiguration:
      Did not match:
         - @ConditionalOnClass did not find required class 'org.springframework.data.jpa.repository.JpaRepository' (OnClassCondition)

   JsonbAutoConfiguration:
      Did not match:
         - @ConditionalOnClass did not find required class 'javax.json.bind.Jsonb' (OnClassCondition)

   JsonbHttpMessageConvertersConfiguration:
      Did not match:
         - @ConditionalOnClass did not find required class 'javax.json.bind.Jsonb' (OnClassCondition)

   JtaAutoConfiguration:
      Did not match:
         - @ConditionalOnClass did not find required class 'javax.transaction.Transaction' (OnClassCondition)

   KafkaAutoConfiguration:
      Did not match:
         - @ConditionalOnClass did not find required class 'org.springframework.kafka.core.KafkaTemplate' (OnClassCondition)

   LdapAutoConfiguration:
      Did not match:
         - @ConditionalOnClass did not find required class 'org.springframework.ldap.core.ContextSource' (OnClassCondition)

   LdapRepositoriesAutoConfiguration:
      Did not match:
         - @ConditionalOnClass did not find required class 'org.springframework.data.ldap.repository.LdapRepository' (OnClassCondition)

   LiquibaseAutoConfiguration:
      Did not match:
         - @ConditionalOnClass did not find required class 'liquibase.change.DatabaseChange' (OnClassCondition)

   MailSenderJndiConfiguration:
      Did not match:
         - @ConditionalOnProperty (spring.mail.jndi-name) did not find property 'jndi-name' (OnPropertyCondition)
      Matched:
         - @ConditionalOnClass found required class 'javax.mail.Session' (OnClassCondition)

   MailSenderValidatorAutoConfiguration:
      Did not match:
         - @ConditionalOnProperty (spring.mail.test-connection) did not find property 'test-connection' (OnPropertyCondition)

   MessageSourceAutoConfiguration:
      Did not match:
         - ResourceBundle did not find bundle with basename messages (MessageSourceAutoConfiguration.ResourceBundleCondition)

   MongoAutoConfiguration:
      Did not match:
         - @ConditionalOnClass did not find required class 'com.mongodb.client.MongoClient' (OnClassCondition)

   MongoDataAutoConfiguration:
      Did not match:
         - @ConditionalOnClass did not find required class 'com.mongodb.client.MongoClient' (OnClassCondition)

   MongoReactiveAutoConfiguration:
      Did not match:
         - @ConditionalOnClass did not find required class 'com.mongodb.reactivestreams.client.MongoClient' (OnClassCondition)

   MongoReactiveDataAutoConfiguration:
      Did not match:
         - @ConditionalOnClass did not find required class 'com.mongodb.reactivestreams.client.MongoClient' (OnClassCondition)

   MongoReactiveRepositoriesAutoConfiguration:
      Did not match:
         - @ConditionalOnClass did not find required class 'com.mongodb.reactivestreams.client.MongoClient' (OnClassCondition)

   MongoRepositoriesAutoConfiguration:
      Did not match:
         - @ConditionalOnClass did not find required class 'com.mongodb.client.MongoClient' (OnClassCondition)

   MultipleOpenApiSupportConfiguration:
      Did not match:
         - AnyNestedCondition 0 matched 2 did not; NestedCondition on MultipleOpenApiSupportCondition.OnActuatorDifferentPort @ConditionalOnProperty (springdoc.show-actuator) did not find property 'springdoc.show-actuator'; NestedCondition on MultipleOpenApiSupportCondition.OnMultipleOpenApiSupportCondition AnyNestedCondition 0 matched 2 did not; NestedCondition on MultipleOpenApiGroupsCondition.OnGroupConfigProperty @ConditionalOnProperty (springdoc.group-configs[0].group) did not find property 'springdoc.group-configs[0].group'; NestedCondition on MultipleOpenApiGroupsCondition.OnGroupedOpenApiBean @ConditionalOnBean (types: org.springdoc.core.GroupedOpenApi; SearchStrategy: all) did not find any beans of type org.springdoc.core.GroupedOpenApi (MultipleOpenApiSupportCondition)
      Matched:
         - found 'session' scope (OnWebApplicationCondition)
         - @ConditionalOnProperty (springdoc.api-docs.enabled) matched (OnPropertyCondition)

   MultipleOpenApiSupportConfiguration.SpringDocWebMvcActuatorDifferentConfiguration:
      Did not match:
         - @ConditionalOnClass did not find required class 'org.springframework.boot.actuate.endpoint.web.servlet.WebMvcEndpointHandlerMapping' (OnClassCondition)
         - Ancestor org.springdoc.webmvc.core.MultipleOpenApiSupportConfiguration did not match (ConditionEvaluationReport.AncestorsMatchedCondition)

   MustacheAutoConfiguration:
      Did not match:
         - @ConditionalOnClass did not find required class 'com.samskivert.mustache.Mustache' (OnClassCondition)

   Neo4jAutoConfiguration:
      Did not match:
         - @ConditionalOnClass did not find required class 'org.neo4j.driver.Driver' (OnClassCondition)

   Neo4jDataAutoConfiguration:
      Did not match:
         - @ConditionalOnClass did not find required class 'org.neo4j.driver.Driver' (OnClassCondition)

   Neo4jReactiveDataAutoConfiguration:
      Did not match:
         - @ConditionalOnClass did not find required class 'org.neo4j.driver.Driver' (OnClassCondition)

   Neo4jReactiveRepositoriesAutoConfiguration:
      Did not match:
         - @ConditionalOnClass did not find required class 'org.neo4j.driver.Driver' (OnClassCondition)

   Neo4jRepositoriesAutoConfiguration:
      Did not match:
         - @ConditionalOnClass did not find required class 'org.neo4j.driver.Driver' (OnClassCondition)

   NettyAutoConfiguration:
      Did not match:
         - @ConditionalOnClass did not find required class 'io.netty.util.NettyRuntime' (OnClassCondition)

   OAuth2ClientAutoConfiguration:
      Did not match:
         - @ConditionalOnClass did not find required class 'org.springframework.security.config.annotation.web.configuration.EnableWebSecurity' (OnClassCondition)

   OAuth2ResourceServerAutoConfiguration:
      Did not match:
         - @ConditionalOnClass did not find required class 'org.springframework.security.oauth2.server.resource.BearerTokenAuthenticationToken' (OnClassCondition)

   ProjectInfoAutoConfiguration#buildProperties:
      Did not match:
         - @ConditionalOnResource did not find resource '${spring.info.build.location:classpath:META-INF/build-info.properties}' (OnResourceCondition)

   ProjectInfoAutoConfiguration#gitProperties:
      Did not match:
         - GitResource did not find git info at classpath:git.properties (ProjectInfoAutoConfiguration.GitResourceAvailableCondition)

   QuartzAutoConfiguration:
      Did not match:
         - @ConditionalOnClass did not find required class 'org.quartz.Scheduler' (OnClassCondition)

   R2dbcAutoConfiguration:
      Did not match:
         - @ConditionalOnClass did not find required class 'io.r2dbc.spi.ConnectionFactory' (OnClassCondition)

   R2dbcDataAutoConfiguration:
      Did not match:
         - @ConditionalOnClass did not find required class 'org.springframework.data.r2dbc.core.R2dbcEntityTemplate' (OnClassCondition)

   R2dbcInitializationConfiguration:
      Did not match:
         - @ConditionalOnClass did not find required classes 'io.r2dbc.spi.ConnectionFactory', 'org.springframework.r2dbc.connection.init.DatabasePopulator' (OnClassCondition)

   R2dbcRepositoriesAutoConfiguration:
      Did not match:
         - @ConditionalOnClass did not find required class 'io.r2dbc.spi.ConnectionFactory' (OnClassCondition)

   R2dbcTransactionManagerAutoConfiguration:
      Did not match:
         - @ConditionalOnClass did not find required class 'org.springframework.r2dbc.connection.R2dbcTransactionManager' (OnClassCondition)

   RSocketGraphQlClientAutoConfiguration:
      Did not match:
         - @ConditionalOnClass did not find required class 'graphql.GraphQL' (OnClassCondition)

   RSocketMessagingAutoConfiguration:
      Did not match:
         - @ConditionalOnClass did not find required class 'io.rsocket.RSocket' (OnClassCondition)

   RSocketRequesterAutoConfiguration:
      Did not match:
         - @ConditionalOnClass did not find required class 'io.rsocket.RSocket' (OnClassCondition)

   RSocketSecurityAutoConfiguration:
      Did not match:
         - @ConditionalOnClass did not find required class 'org.springframework.security.rsocket.core.SecuritySocketAcceptorInterceptor' (OnClassCondition)

   RSocketServerAutoConfiguration:
      Did not match:
         - @ConditionalOnClass did not find required class 'io.rsocket.core.RSocketServer' (OnClassCondition)

   RSocketStrategiesAutoConfiguration:
      Did not match:
         - @ConditionalOnClass did not find required class 'io.netty.buffer.PooledByteBufAllocator' (OnClassCondition)

   RabbitAutoConfiguration:
      Did not match:
         - @ConditionalOnClass did not find required class 'com.rabbitmq.client.Channel' (OnClassCondition)

   ReactiveElasticsearchRepositoriesAutoConfiguration:
      Did not match:
         - @ConditionalOnClass did not find required class 'org.springframework.data.elasticsearch.client.reactive.ReactiveElasticsearchClient' (OnClassCondition)

   ReactiveElasticsearchRestClientAutoConfiguration:
      Did not match:
         - @ConditionalOnClass did not find required class 'reactor.netty.http.client.HttpClient' (OnClassCondition)

   ReactiveMultipartAutoConfiguration:
      Did not match:
         - @ConditionalOnClass did not find required class 'org.springframework.web.reactive.config.WebFluxConfigurer' (OnClassCondition)

   ReactiveOAuth2ClientAutoConfiguration:
      Did not match:
         - @ConditionalOnClass did not find required class 'reactor.core.publisher.Flux' (OnClassCondition)

   ReactiveOAuth2ResourceServerAutoConfiguration:
      Did not match:
         - @ConditionalOnClass did not find required class 'org.springframework.security.config.annotation.web.reactive.EnableWebFluxSecurity' (OnClassCondition)

   ReactiveSecurityAutoConfiguration:
      Did not match:
         - @ConditionalOnClass did not find required class 'reactor.core.publisher.Flux' (OnClassCondition)

   ReactiveUserDetailsServiceAutoConfiguration:
      Did not match:
         - @ConditionalOnClass did not find required class 'org.springframework.security.authentication.ReactiveAuthenticationManager' (OnClassCondition)

   ReactiveWebServerFactoryAutoConfiguration:
      Did not match:
         - @ConditionalOnWebApplication did not find reactive web application classes (OnWebApplicationCondition)

   RedisAutoConfiguration:
      Did not match:
         - @ConditionalOnClass did not find required class 'org.springframework.data.redis.core.RedisOperations' (OnClassCondition)

   RedisCacheConfiguration:
      Did not match:
         - @ConditionalOnClass did not find required class 'org.springframework.data.redis.connection.RedisConnectionFactory' (OnClassCondition)

   RedisReactiveAutoConfiguration:
      Did not match:
         - @ConditionalOnClass did not find required class 'reactor.core.publisher.Flux' (OnClassCondition)

   RedisRepositoriesAutoConfiguration:
      Did not match:
         - @ConditionalOnClass did not find required class 'org.springframework.data.redis.repository.configuration.EnableRedisRepositories' (OnClassCondition)

   RepositoryRestMvcAutoConfiguration:
      Did not match:
         - @ConditionalOnClass did not find required class 'org.springframework.data.rest.webmvc.config.RepositoryRestMvcConfiguration' (OnClassCondition)

   Saml2RelyingPartyAutoConfiguration:
      Did not match:
         - @ConditionalOnClass did not find required class 'org.springframework.security.saml2.provider.service.registration.RelyingPartyRegistrationRepository' (OnClassCondition)

   SecurityAutoConfiguration:
      Did not match:
         - @ConditionalOnClass did not find required class 'org.springframework.security.authentication.DefaultAuthenticationEventPublisher' (OnClassCondition)

   SecurityFilterAutoConfiguration:
      Did not match:
         - @ConditionalOnClass did not find required class 'org.springframework.security.config.http.SessionCreationPolicy' (OnClassCondition)

   SendGridAutoConfiguration:
      Did not match:
         - @ConditionalOnClass did not find required class 'com.sendgrid.SendGrid' (OnClassCondition)

   ServletWebServerFactoryAutoConfiguration.ForwardedHeaderFilterConfiguration:
      Did not match:
         - @ConditionalOnProperty (server.forward-headers-strategy=framework) did not find property 'server.forward-headers-strategy' (OnPropertyCondition)

   ServletWebServerFactoryConfiguration.EmbeddedJetty:
      Did not match:
         - @ConditionalOnClass did not find required classes 'org.eclipse.jetty.server.Server', 'org.eclipse.jetty.util.Loader', 'org.eclipse.jetty.webapp.WebAppContext' (OnClassCondition)

   ServletWebServerFactoryConfiguration.EmbeddedUndertow:
      Did not match:
         - @ConditionalOnClass did not find required classes 'io.undertow.Undertow', 'org.xnio.SslClientAuthMode' (OnClassCondition)

   SessionAutoConfiguration:
      Did not match:
         - @ConditionalOnClass did not find required class 'org.springframework.session.Session' (OnClassCondition)

   SolrAutoConfiguration:
      Did not match:
         - @ConditionalOnClass did not find required class 'org.apache.solr.client.solrj.impl.CloudSolrClient' (OnClassCondition)

   SpringApplicationAdminJmxAutoConfiguration:
      Did not match:
         - @ConditionalOnProperty (spring.application.admin.enabled=true) did not find property 'enabled' (OnPropertyCondition)

   SpringDataWebAutoConfiguration:
      Did not match:
         - @ConditionalOnClass did not find required class 'org.springframework.data.web.PageableHandlerMethodArgumentResolver' (OnClassCondition)

   SpringDocConfiguration#propertiesResolverForSchema:
      Did not match:
         - @ConditionalOnProperty (springdoc.api-docs.resolve-schema-properties) did not find property 'springdoc.api-docs.resolve-schema-properties' (OnPropertyCondition)

   SpringDocConfiguration#propertyCustomizingConverter:
      Did not match:
         - @ConditionalOnBean (types: org.springdoc.core.customizers.PropertyCustomizer; SearchStrategy: all) did not find any beans of type org.springdoc.core.customizers.PropertyCustomizer (OnBeanCondition)

   SpringDocConfiguration#springdocBeanFactoryPostProcessor:
      Did not match:
         - AnyNestedCondition 0 matched 2 did not; NestedCondition on CacheOrGroupedOpenApiCondition.OnCacheDisabled found non-matching nested conditions @ConditionalOnProperty (springdoc.cache.disabled) did not find property 'springdoc.cache.disabled'; NestedCondition on CacheOrGroupedOpenApiCondition.OnMultipleOpenApiSupportCondition AnyNestedCondition 0 matched 2 did not; NestedCondition on MultipleOpenApiSupportCondition.OnActuatorDifferentPort @ConditionalOnProperty (springdoc.show-actuator) did not find property 'springdoc.show-actuator'; NestedCondition on MultipleOpenApiSupportCondition.OnMultipleOpenApiSupportCondition AnyNestedCondition 0 matched 2 did not; NestedCondition on MultipleOpenApiGroupsCondition.OnGroupConfigProperty @ConditionalOnProperty (springdoc.group-configs[0].group) did not find property 'springdoc.group-configs[0].group'; NestedCondition on MultipleOpenApiGroupsCondition.OnGroupedOpenApiBean @ConditionalOnBean (types: org.springdoc.core.GroupedOpenApi; SearchStrategy: all) did not find any beans of type org.springdoc.core.GroupedOpenApi (CacheOrGroupedOpenApiCondition)
      Matched:
         - @ConditionalOnClass found required class 'org.springframework.boot.context.properties.bind.BindResult' (OnClassCondition)

   SpringDocConfiguration#springdocBeanFactoryPostProcessor2:
      Did not match:
         - @ConditionalOnMissingClass found unwanted class 'org.springframework.boot.context.properties.bind.BindResult' (OnClassCondition)

   SpringDocConfiguration.SpringDocActuatorConfiguration:
      Did not match:
         - @ConditionalOnClass did not find required class 'org.springframework.boot.actuate.autoconfigure.endpoint.web.WebEndpointProperties' (OnClassCondition)

   SpringDocConfiguration.SpringDocFunctionCatalogConfiguration:
      Did not match:
         - @ConditionalOnClass did not find required class 'org.springframework.cloud.function.web.function.FunctionEndpointInitializer' (OnClassCondition)

   SpringDocConfiguration.SpringDocPageableConfiguration:
      Did not match:
         - @ConditionalOnClass did not find required class 'org.springframework.data.domain.Pageable' (OnClassCondition)

   SpringDocConfiguration.SpringDocRepositoryRestConfiguration:
      Did not match:
         - @ConditionalOnClass did not find required class 'org.springframework.data.rest.core.config.RepositoryRestConfiguration' (OnClassCondition)

   SpringDocConfiguration.SpringDocSortConfiguration:
      Did not match:
         - @ConditionalOnClass did not find required class 'org.springframework.data.domain.Sort' (OnClassCondition)

   SpringDocConfiguration.SpringDocWebFluxSupportConfiguration:
      Did not match:
         - @ConditionalOnClass did not find required class 'reactor.core.publisher.Flux' (OnClassCondition)

   SpringDocWebMvcConfiguration.SpringDocWebMvcActuatorConfiguration:
      Did not match:
         - @ConditionalOnClass did not find required class 'org.springframework.boot.actuate.endpoint.web.servlet.WebMvcEndpointHandlerMapping' (OnClassCondition)

   SwaggerConfig#springWebProvider:
      Did not match:
         - @ConditionalOnMissingBean (types: org.springdoc.core.providers.SpringWebProvider; SearchStrategy: all) found beans of type 'org.springdoc.core.providers.SpringWebProvider' springWebProvider (OnBeanCondition)

   SwaggerConfig#swaggerUiConfigParameters:
      Did not match:
         - @ConditionalOnMissingBean (types: org.springdoc.core.SwaggerUiConfigParameters; SearchStrategy: all) found beans of type 'org.springdoc.core.SwaggerUiConfigParameters' org.springdoc.core.SwaggerUiConfigParameters (OnBeanCondition)

   SwaggerConfig#swaggerUiHome:
      Did not match:
         - @ConditionalOnProperty (springdoc.swagger-ui.use-root-path=true) did not find property 'springdoc.swagger-ui.use-root-path' (OnPropertyCondition)

   SwaggerConfig.SwaggerActuatorWelcomeConfiguration:
      Did not match:
         - @ConditionalOnClass did not find required class 'org.springframework.boot.actuate.endpoint.web.servlet.WebMvcEndpointHandlerMapping' (OnClassCondition)

   TaskSchedulingAutoConfiguration#scheduledBeanLazyInitializationExcludeFilter:
      Did not match:
         - @ConditionalOnBean (names: org.springframework.context.annotation.internalScheduledAnnotationProcessor; SearchStrategy: all) did not find any beans named org.springframework.context.annotation.internalScheduledAnnotationProcessor (OnBeanCondition)

   TaskSchedulingAutoConfiguration#taskScheduler:
      Did not match:
         - @ConditionalOnBean (names: org.springframework.context.annotation.internalScheduledAnnotationProcessor; SearchStrategy: all) did not find any beans named org.springframework.context.annotation.internalScheduledAnnotationProcessor (OnBeanCondition)

   ThymeleafAutoConfiguration:
      Did not match:
         - @ConditionalOnClass did not find required class 'org.thymeleaf.spring5.SpringTemplateEngine' (OnClassCondition)

   TransactionAutoConfiguration#transactionalOperator:
      Did not match:
         - @ConditionalOnSingleCandidate (types: org.springframework.transaction.ReactiveTransactionManager; SearchStrategy: all) did not find any beans (OnBeanCondition)

   TransactionAutoConfiguration.AspectJTransactionManagementConfiguration:
      Did not match:
         - @ConditionalOnBean did not find required type 'org.springframework.transaction.aspectj.AbstractTransactionAspect' (OnBeanCondition)
         - @ConditionalOnBean (types: org.springframework.transaction.aspectj.AbstractTransactionAspect; SearchStrategy: all) did not find any beans of type org.springframework.transaction.aspectj.AbstractTransactionAspect (OnBeanCondition)

   TransactionAutoConfiguration.EnableTransactionManagementConfiguration.JdkDynamicAutoProxyConfiguration:
      Did not match:
         - @ConditionalOnProperty (spring.aop.proxy-target-class=false) did not find property 'proxy-target-class' (OnPropertyCondition)

   UserDetailsServiceAutoConfiguration:
      Did not match:
         - @ConditionalOnClass did not find required class 'org.springframework.security.authentication.AuthenticationManager' (OnClassCondition)

   WebClientAutoConfiguration:
      Did not match:
         - @ConditionalOnClass did not find required class 'org.springframework.web.reactive.function.client.WebClient' (OnClassCondition)

   WebFluxAutoConfiguration:
      Did not match:
         - @ConditionalOnClass did not find required class 'org.springframework.web.reactive.config.WebFluxConfigurer' (OnClassCondition)

   WebMvcAutoConfiguration#hiddenHttpMethodFilter:
      Did not match:
         - @ConditionalOnProperty (spring.mvc.hiddenmethod.filter.enabled) did not find property 'enabled' (OnPropertyCondition)

   WebMvcAutoConfiguration.ResourceChainCustomizerConfiguration:
      Did not match:
         - @ConditionalOnEnabledResourceChain did not find class org.webjars.WebJarAssetLocator (OnEnabledResourceChainCondition)

   WebMvcAutoConfiguration.WebMvcAutoConfigurationAdapter#beanNameViewResolver:
      Did not match:
         - @ConditionalOnMissingBean (types: org.springframework.web.servlet.view.BeanNameViewResolver; SearchStrategy: all) found beans of type 'org.springframework.web.servlet.view.BeanNameViewResolver' beanNameViewResolver (OnBeanCondition)

   WebServiceTemplateAutoConfiguration:
      Did not match:
         - @ConditionalOnClass did not find required class 'org.springframework.oxm.Marshaller' (OnClassCondition)

   WebServicesAutoConfiguration:
      Did not match:
         - @ConditionalOnClass did not find required class 'org.springframework.ws.transport.http.MessageDispatcherServlet' (OnClassCondition)

   WebSessionIdResolverAutoConfiguration:
      Did not match:
         - @ConditionalOnClass did not find required class 'reactor.core.publisher.Mono' (OnClassCondition)

   WebSocketMessagingAutoConfiguration:
      Did not match:
         - @ConditionalOnClass did not find required class 'org.springframework.web.socket.config.annotation.WebSocketMessageBrokerConfigurer' (OnClassCondition)

   WebSocketReactiveAutoConfiguration:
      Did not match:
         - @ConditionalOnWebApplication did not find reactive web application classes (OnWebApplicationCondition)

   WebSocketServletAutoConfiguration.Jetty10WebSocketConfiguration:
      Did not match:
         - @ConditionalOnClass did not find required classes 'org.eclipse.jetty.websocket.javax.server.internal.JavaxWebSocketServerContainer', 'org.eclipse.jetty.websocket.server.JettyWebSocketServerContainer' (OnClassCondition)

   WebSocketServletAutoConfiguration.JettyWebSocketConfiguration:
      Did not match:
         - @ConditionalOnClass did not find required class 'org.eclipse.jetty.websocket.jsr356.server.deploy.WebSocketServerContainerInitializer' (OnClassCondition)

   WebSocketServletAutoConfiguration.UndertowWebSocketConfiguration:
      Did not match:
         - @ConditionalOnClass did not find required class 'io.undertow.websockets.jsr.Bootstrap' (OnClassCondition)

   XADataSourceAutoConfiguration:
      Did not match:
         - @ConditionalOnClass did not find required class 'javax.transaction.TransactionManager' (OnClassCondition)


Exclusions:
-----------

    None


Unconditional classes:
----------------------

    org.springframework.boot.autoconfigure.context.ConfigurationPropertiesAutoConfiguration

    org.springframework.boot.autoconfigure.context.LifecycleAutoConfiguration

    org.springframework.boot.autoconfigure.context.PropertyPlaceholderAutoConfiguration

    org.springframework.boot.autoconfigure.availability.ApplicationAvailabilityAutoConfiguration

    org.springframework.boot.autoconfigure.info.ProjectInfoAutoConfiguration



2026-08-11 18:43:27.298  INFO 10036 --- [           main] c.e.T.TigoStarSystemApplication          : Started TigoStarSystemApplication in 2.492 seconds (JVM running for 2.78)
2026-08-11 18:43:27.298 DEBUG 10036 --- [           main] o.s.b.a.ApplicationAvailabilityBean      : Application availability state LivenessState changed to CORRECT
2026-08-11 18:43:27.299  INFO 10036 --- [           main] c.e.T.config.StartupInfoLogger           : spring.profiles.active=[]
2026-08-11 18:43:27.299  INFO 10036 --- [           main] c.e.T.config.StartupInfoLogger           : spring.datasource.url=jdbc:jtds:sqlserver://tigo.makiro.com.bo/BDPruebas2;socketTimeout=0;loginTimeout=60
2026-08-11 18:43:27.299  INFO 10036 --- [           main] c.e.T.config.StartupInfoLogger           : spring.datasource.driver-class-name=net.sourceforge.jtds.jdbc.Driver
2026-08-11 18:43:27.299  INFO 10036 --- [           main] c.e.T.config.StartupInfoLogger           : app.central.datasource.url=jdbc:jtds:sqlserver://172.16.0.13/BDControlOrdenes
2026-08-11 18:43:27.299  INFO 10036 --- [           main] c.e.T.config.StartupInfoLogger           : app.central.datasource.driver-class-name=net.sourceforge.jtds.jdbc.Driver
2026-08-11 18:43:27.299  INFO 10036 --- [           main] c.e.T.config.StartupInfoLogger           : app.cuadrilla.mail.enabled=true
2026-08-11 18:43:27.299  INFO 10036 --- [           main] c.e.T.config.StartupInfoLogger           : app.cuadrilla.mail.to=cabrerajosue715@gmail.com
2026-08-11 18:43:27.299  INFO 10036 --- [           main] c.e.T.config.StartupInfoLogger           : app.cuadrilla.mail.from=sistemas_sc@makiro.com.bo
2026-08-11 18:43:27.299  INFO 10036 --- [           main] c.e.T.config.StartupInfoLogger           : spring.mail.host=vps-1537170-x.dattaweb.com
2026-08-11 18:43:27.299  INFO 10036 --- [           main] c.e.T.config.StartupInfoLogger           : spring.mail.port=587
2026-08-11 18:43:27.299  INFO 10036 --- [           main] c.e.T.config.StartupInfoLogger           : java.version=1.8.0_471
2026-08-11 18:43:27.299  INFO 10036 --- [           main] c.e.T.config.StartupInfoLogger           : java.home=C:\Program Files\Java\jdk-1.8\jre
2026-08-11 18:43:27.299  INFO 10036 --- [           main] c.e.T.config.StartupInfoLogger           : java.security.properties=null
2026-08-11 18:43:27.299  INFO 10036 --- [           main] c.e.T.config.StartupInfoLogger           : jdk.tls.client.protocols=null
2026-08-11 18:43:27.299  INFO 10036 --- [           main] c.e.T.config.StartupInfoLogger           : https.protocols=null
2026-08-11 18:43:27.299  INFO 10036 --- [           main] c.e.T.config.StartupInfoLogger           : jdk.tls.disabledAlgorithms=SSLv3, TLSv1.1, RC4, DES, MD5withRSA, DH keySize < 1024, EC keySize < 224, 3DES_EDE_CBC, anon, NULL, ECDH, include jdk.disabled.namedCurves
2026-08-11 18:43:27.300 DEBUG 10036 --- [           main] o.s.b.a.ApplicationAvailabilityBean      : Application availability state ReadinessState changed to ACCEPTING_TRAFFIC
2026-08-11 18:43:42.811  INFO 10036 --- [nio-9060-exec-1] o.a.c.c.C.[Tomcat].[localhost].[/]       : Initializing Spring DispatcherServlet 'dispatcherServlet'
2026-08-11 18:43:42.811  INFO 10036 --- [nio-9060-exec-1] o.s.web.servlet.DispatcherServlet        : Initializing Servlet 'dispatcherServlet'
2026-08-11 18:43:42.811 DEBUG 10036 --- [nio-9060-exec-1] o.s.web.servlet.DispatcherServlet        : Detected StandardServletMultipartResolver
2026-08-11 18:43:42.811 DEBUG 10036 --- [nio-9060-exec-1] o.s.web.servlet.DispatcherServlet        : Detected AcceptHeaderLocaleResolver
2026-08-11 18:43:42.811 DEBUG 10036 --- [nio-9060-exec-1] o.s.web.servlet.DispatcherServlet        : Detected FixedThemeResolver
2026-08-11 18:43:42.812 DEBUG 10036 --- [nio-9060-exec-1] o.s.web.servlet.DispatcherServlet        : Detected org.springframework.web.servlet.view.DefaultRequestToViewNameTranslator@6e388596
2026-08-11 18:43:42.812 DEBUG 10036 --- [nio-9060-exec-1] o.s.web.servlet.DispatcherServlet        : Detected org.springframework.web.servlet.support.SessionFlashMapManager@434f1a7e
2026-08-11 18:43:42.812 DEBUG 10036 --- [nio-9060-exec-1] o.s.web.servlet.DispatcherServlet        : enableLoggingRequestDetails='false': request parameters and headers will be masked to prevent unsafe logging of potentially sensitive data
2026-08-11 18:43:42.812  INFO 10036 --- [nio-9060-exec-1] o.s.web.servlet.DispatcherServlet        : Completed initialization in 1 ms
2026-08-11 18:43:42.821 DEBUG 10036 --- [nio-9060-exec-1] o.s.web.servlet.DispatcherServlet        : POST "/auth/login", parameters={}
2026-08-11 18:43:42.824 DEBUG 10036 --- [nio-9060-exec-1] s.w.s.m.m.a.RequestMappingHandlerMapping : Mapped to com.example.TigoStarSystem.auth.controller.AuthController#login(AuthLoginRequest)
2026-08-11 18:43:42.870 DEBUG 10036 --- [nio-9060-exec-1] m.m.a.RequestResponseBodyMethodProcessor : Read "application/json;charset=utf-8" to [com.example.TigoStarSystem.auth.dto.AuthLoginRequest@3a85fe3b]
2026-08-11 18:43:42.927  INFO 10036 --- [nio-9060-exec-1] c.e.T.auth.service.AuthService           : Login attempt usuario=dcarreño, idSucursal=9, validarSucursal=false
2026-08-11 18:43:42.929 DEBUG 10036 --- [nio-9060-exec-1] o.s.jdbc.core.JdbcTemplate               : Executing SQL query [EXEC dbo.spx_ObtenerSucursalesConexionWeb]
2026-08-11 18:43:42.929 DEBUG 10036 --- [nio-9060-exec-1] o.s.jdbc.datasource.DataSourceUtils      : Fetching JDBC Connection from DataSource
2026-08-11 18:43:42.937 DEBUG 10036 --- [nio-9060-exec-1] c.e.T.auth.service.AuthService           : Sucursal resolved idSucursal=9, host=tigo.makiro.com.bo, baseDeDatos=bdpruebas2
2026-08-11 18:43:42.937 DEBUG 10036 --- [nio-9060-exec-1] c.e.T.auth.service.AuthService           : Login target attempt=1 idSucursal=9, sucursal=SantaCruz, host=tigo.makiro.com.bo, baseDeDatos=bdpruebas2
2026-08-11 18:43:42.937 DEBUG 10036 --- [nio-9060-exec-1] c.e.T.auth.service.AuthService           : Creating JDBC connection for sucursal host=tigo.makiro.com.bo baseDeDatos=bdpruebas2
2026-08-11 18:43:42.937 DEBUG 10036 --- [nio-9060-exec-1] com.zaxxer.hikari.HikariConfig           : Driver class net.sourceforge.jtds.jdbc.Driver found in Thread context class loader TomcatEmbeddedWebappClassLoader
  context: ROOT
  delegate: true
----------> Parent Classloader:
sun.misc.Launcher$AppClassLoader@7506e922

2026-08-11 18:43:42.937 DEBUG 10036 --- [nio-9060-exec-1] com.zaxxer.hikari.HikariConfig           : ConnDb-SantaCruz - configuration:
2026-08-11 18:43:42.938 DEBUG 10036 --- [nio-9060-exec-1] com.zaxxer.hikari.HikariConfig           : allowPoolSuspension................................false
2026-08-11 18:43:42.938 DEBUG 10036 --- [nio-9060-exec-1] com.zaxxer.hikari.HikariConfig           : autoCommit................................true
2026-08-11 18:43:42.938 DEBUG 10036 --- [nio-9060-exec-1] com.zaxxer.hikari.HikariConfig           : catalog................................none
2026-08-11 18:43:42.938 DEBUG 10036 --- [nio-9060-exec-1] com.zaxxer.hikari.HikariConfig           : connectionInitSql................................none
2026-08-11 18:43:42.938 DEBUG 10036 --- [nio-9060-exec-1] com.zaxxer.hikari.HikariConfig           : connectionTestQuery................................"SELECT 1"
2026-08-11 18:43:42.938 DEBUG 10036 --- [nio-9060-exec-1] com.zaxxer.hikari.HikariConfig           : connectionTimeout................................30000
2026-08-11 18:43:42.938 DEBUG 10036 --- [nio-9060-exec-1] com.zaxxer.hikari.HikariConfig           : dataSource................................none
2026-08-11 18:43:42.938 DEBUG 10036 --- [nio-9060-exec-1] com.zaxxer.hikari.HikariConfig           : dataSourceClassName................................none
2026-08-11 18:43:42.938 DEBUG 10036 --- [nio-9060-exec-1] com.zaxxer.hikari.HikariConfig           : dataSourceJNDI................................none
2026-08-11 18:43:42.938 DEBUG 10036 --- [nio-9060-exec-1] com.zaxxer.hikari.HikariConfig           : dataSourceProperties................................{password=<masked>}
2026-08-11 18:43:42.938 DEBUG 10036 --- [nio-9060-exec-1] com.zaxxer.hikari.HikariConfig           : driverClassName................................"net.sourceforge.jtds.jdbc.Driver"
2026-08-11 18:43:42.938 DEBUG 10036 --- [nio-9060-exec-1] com.zaxxer.hikari.HikariConfig           : exceptionOverrideClassName................................none
2026-08-11 18:43:42.938 DEBUG 10036 --- [nio-9060-exec-1] com.zaxxer.hikari.HikariConfig           : healthCheckProperties................................{}
2026-08-11 18:43:42.938 DEBUG 10036 --- [nio-9060-exec-1] com.zaxxer.hikari.HikariConfig           : healthCheckRegistry................................none
2026-08-11 18:43:42.938 DEBUG 10036 --- [nio-9060-exec-1] com.zaxxer.hikari.HikariConfig           : idleTimeout................................600000
2026-08-11 18:43:42.938 DEBUG 10036 --- [nio-9060-exec-1] com.zaxxer.hikari.HikariConfig           : initializationFailTimeout................................-1
2026-08-11 18:43:42.938 DEBUG 10036 --- [nio-9060-exec-1] com.zaxxer.hikari.HikariConfig           : isolateInternalQueries................................false
2026-08-11 18:43:42.938 DEBUG 10036 --- [nio-9060-exec-1] com.zaxxer.hikari.HikariConfig           : jdbcUrl................................jdbc:jtds:sqlserver://tigo.makiro.com.bo/bdpruebas2;socketTimeout=0;loginTimeout=60
2026-08-11 18:43:42.938 DEBUG 10036 --- [nio-9060-exec-1] com.zaxxer.hikari.HikariConfig           : keepaliveTime................................0
2026-08-11 18:43:42.938 DEBUG 10036 --- [nio-9060-exec-1] com.zaxxer.hikari.HikariConfig           : leakDetectionThreshold................................0
2026-08-11 18:43:42.938 DEBUG 10036 --- [nio-9060-exec-1] com.zaxxer.hikari.HikariConfig           : maxLifetime................................1800000
2026-08-11 18:43:42.938 DEBUG 10036 --- [nio-9060-exec-1] com.zaxxer.hikari.HikariConfig           : maximumPoolSize................................5
2026-08-11 18:43:42.938 DEBUG 10036 --- [nio-9060-exec-1] com.zaxxer.hikari.HikariConfig           : metricRegistry................................none
2026-08-11 18:43:42.938 DEBUG 10036 --- [nio-9060-exec-1] com.zaxxer.hikari.HikariConfig           : metricsTrackerFactory................................none
2026-08-11 18:43:42.938 DEBUG 10036 --- [nio-9060-exec-1] com.zaxxer.hikari.HikariConfig           : minimumIdle................................0
2026-08-11 18:43:42.938 DEBUG 10036 --- [nio-9060-exec-1] com.zaxxer.hikari.HikariConfig           : password................................<masked>
2026-08-11 18:43:42.938 DEBUG 10036 --- [nio-9060-exec-1] com.zaxxer.hikari.HikariConfig           : poolName................................"ConnDb-SantaCruz"
2026-08-11 18:43:42.938 DEBUG 10036 --- [nio-9060-exec-1] com.zaxxer.hikari.HikariConfig           : readOnly................................false
2026-08-11 18:43:42.938 DEBUG 10036 --- [nio-9060-exec-1] com.zaxxer.hikari.HikariConfig           : registerMbeans................................false
2026-08-11 18:43:42.938 DEBUG 10036 --- [nio-9060-exec-1] com.zaxxer.hikari.HikariConfig           : scheduledExecutor................................none
2026-08-11 18:43:42.939 DEBUG 10036 --- [nio-9060-exec-1] com.zaxxer.hikari.HikariConfig           : schema................................none
2026-08-11 18:43:42.939 DEBUG 10036 --- [nio-9060-exec-1] com.zaxxer.hikari.HikariConfig           : threadFactory................................internal
2026-08-11 18:43:42.939 DEBUG 10036 --- [nio-9060-exec-1] com.zaxxer.hikari.HikariConfig           : transactionIsolation................................default
2026-08-11 18:43:42.939 DEBUG 10036 --- [nio-9060-exec-1] com.zaxxer.hikari.HikariConfig           : username................................"sistemas"
2026-08-11 18:43:42.939 DEBUG 10036 --- [nio-9060-exec-1] com.zaxxer.hikari.HikariConfig           : validationTimeout................................5000
2026-08-11 18:43:42.939  INFO 10036 --- [nio-9060-exec-1] com.zaxxer.hikari.HikariDataSource       : ConnDb-SantaCruz - Starting...
2026-08-11 18:43:42.939  INFO 10036 --- [nio-9060-exec-1] com.zaxxer.hikari.HikariDataSource       : ConnDb-SantaCruz - Start completed.
2026-08-11 18:43:42.939 DEBUG 10036 --- [nio-9060-exec-1] c.e.T.auth.service.AuthService           : Calling SP dbo.spx_ValidarUsuario
2026-08-11 18:43:42.941 DEBUG 10036 --- [nio-9060-exec-1] o.s.jdbc.core.JdbcTemplate               : Executing prepared SQL query
2026-08-11 18:43:42.941 DEBUG 10036 --- [nio-9060-exec-1] o.s.jdbc.core.JdbcTemplate               : Executing prepared SQL statement [EXEC dbo.spx_ValidarUsuario ?, ?]
2026-08-11 18:43:42.941 DEBUG 10036 --- [nio-9060-exec-1] o.s.jdbc.datasource.DataSourceUtils      : Fetching JDBC Connection from DataSource
2026-08-11 18:43:43.041 DEBUG 10036 --- [ruz housekeeper] com.zaxxer.hikari.pool.HikariPool        : ConnDb-SantaCruz - Before cleanup stats (total=0, active=0, idle=0, waiting=1)
2026-08-11 18:43:43.041 DEBUG 10036 --- [ruz housekeeper] com.zaxxer.hikari.pool.HikariPool        : ConnDb-SantaCruz - After cleanup  stats (total=0, active=0, idle=0, waiting=1)
2026-08-11 18:43:43.041 DEBUG 10036 --- [ruz housekeeper] com.zaxxer.hikari.pool.HikariPool        : ConnDb-SantaCruz - Fill pool skipped, pool is at sufficient level.
2026-08-11 18:43:43.170  INFO 10036 --- [onnection adder] com.zaxxer.hikari.pool.PoolBase          : ConnDb-SantaCruz - Driver does not support get/set network timeout for connections. (null)
2026-08-11 18:43:43.172 DEBUG 10036 --- [onnection adder] com.zaxxer.hikari.pool.HikariPool        : ConnDb-SantaCruz - Added connection net.sourceforge.jtds.jdbc.JtdsConnection@67ad7a6e
2026-08-11 18:43:43.181 DEBUG 10036 --- [nio-9060-exec-1] c.e.T.auth.service.AuthService           : Login SP returned 1 rows
2026-08-11 18:43:43.479  INFO 10036 --- [nio-9060-exec-1] c.e.T.auth.controller.AuthController     : User {} logged in successfully.
2026-08-11 18:43:43.490 DEBUG 10036 --- [nio-9060-exec-1] o.s.w.s.m.m.a.HttpEntityMethodProcessor  : Using 'application/json', given [*/*] and supported [application/json, application/*+json, application/json, application/*+json]
2026-08-11 18:43:43.490 DEBUG 10036 --- [nio-9060-exec-1] o.s.w.s.m.m.a.HttpEntityMethodProcessor  : Writing [com.example.TigoStarSystem.common.ApiResponse@506855d1]
2026-08-11 18:43:43.499 DEBUG 10036 --- [nio-9060-exec-1] o.s.web.servlet.DispatcherServlet        : Completed 200 OK
2026-08-11 18:43:44.013 DEBUG 10036 --- [nio-9060-exec-2] o.s.web.servlet.DispatcherServlet        : GET "/ot/309166/modificar-hoy?_ts=1786488223976", parameters={masked}
2026-08-11 18:43:44.016 DEBUG 10036 --- [nio-9060-exec-2] s.w.s.m.m.a.RequestMappingHandlerMapping : Mapped to com.example.TigoStarSystem.ot.controller.OtController#obtenerOtModificableHoy(String, Long)
2026-08-11 18:43:44.068 DEBUG 10036 --- [nio-9060-exec-2] o.s.jdbc.core.JdbcTemplate               : Executing prepared SQL query
2026-08-11 18:43:44.068 DEBUG 10036 --- [nio-9060-exec-2] o.s.jdbc.core.JdbcTemplate               : Executing prepared SQL statement [SELECT DISTINCT CAST(ut.id_vendedor AS INT) AS id_vendedor FROM dbo.tbl_usuariotecnico ut WHERE ut.id_usuario = ? AND ISNULL(ut.e_eliminado, 0) = 0]
2026-08-11 18:43:44.068 DEBUG 10036 --- [nio-9060-exec-2] o.s.jdbc.datasource.DataSourceUtils      : Fetching JDBC Connection from DataSource
2026-08-11 18:43:44.073 DEBUG 10036 --- [nio-9060-exec-2] o.s.jdbc.core.JdbcTemplate               : Executing prepared SQL query
2026-08-11 18:43:44.073 DEBUG 10036 --- [nio-9060-exec-2] o.s.jdbc.core.JdbcTemplate               : Executing prepared SQL statement [SELECT v.Id_Venta AS idVenta, v.OrdenTrabajo AS ordenTrabajo, v.CodigoCliente AS codigoCliente, v.Id_Ruta AS idRuta, v.Id_Vendedor AS idVendedor, v.Fecha_Ejecucion AS fechaEjecucion, v.FechaHoraDetalle AS fechaHoraDetalle, v.Id_Estado AS idEstado, ISNULL(r.Nombre, '') AS grupo, ISNULL(e.Nombre, '') AS estado FROM dbo.tbl_Venta v LEFT JOIN dbo.tbl_Ruta r ON r.Id_Ruta = v.Id_Ruta LEFT JOIN dbo.tbl_Estado e ON e.Id_Estado = v.Id_Estado WHERE ISNULL(v.E_Eliminado, 0) = 0 AND v.FechaHoraDetalle IS NOT NULL AND CONVERT(DATE, v.FechaHoraDetalle) = ? AND v.Id_Vendedor IN (?, ?) ORDER BY v.FechaHoraDetalle DESC, v.Id_Venta DESC]
2026-08-11 18:43:44.073 DEBUG 10036 --- [nio-9060-exec-2] o.s.jdbc.datasource.DataSourceUtils      : Fetching JDBC Connection from DataSource
2026-08-11 18:43:44.092 DEBUG 10036 --- [nio-9060-exec-2] o.s.jdbc.core.JdbcTemplate               : Executing prepared SQL query
2026-08-11 18:43:44.092 DEBUG 10036 --- [nio-9060-exec-2] o.s.jdbc.core.JdbcTemplate               : Executing prepared SQL statement [SELECT cv.Id_CodigoVenta AS idCodigoVenta, cv.Id_Venta AS idVenta, cv.Id_Producto AS idProducto, p.Nombre AS producto, cv.Id_TipoMaterial AS idTipoMaterial, tm.Nombre AS tipoMaterial, cv.Cantidad AS cantidad, cv.Cod_Inicio AS serie, cv.ChipID AS chipId FROM dbo.tbl_CodigoVenta cv LEFT JOIN dbo.tbl_Producto p ON p.Id_Producto = cv.Id_Producto LEFT JOIN dbo.tbl_TipoMaterial tm ON tm.Id_TipoMaterial = cv.Id_TipoMaterial WHERE cv.Id_Venta = ? AND ISNULL(cv.E_Eliminado, 0) = 0 AND cv.Id_TipoMaterial = 1 AND NULLIF(LTRIM(RTRIM(ISNULL(cv.Cod_Inicio, ''))), '') IS NULL AND NULLIF(LTRIM(RTRIM(ISNULL(cv.ChipID, ''))), '') IS NULL ORDER BY p.Nombre, cv.Id_CodigoVenta]
2026-08-11 18:43:44.092 DEBUG 10036 --- [nio-9060-exec-2] o.s.jdbc.datasource.DataSourceUtils      : Fetching JDBC Connection from DataSource
2026-08-11 18:43:44.098 DEBUG 10036 --- [nio-9060-exec-2] o.s.jdbc.core.JdbcTemplate               : Executing prepared SQL query
2026-08-11 18:43:44.098 DEBUG 10036 --- [nio-9060-exec-2] o.s.jdbc.core.JdbcTemplate               : Executing prepared SQL statement [EXEC spx_ValidarCuadreRuta ?, ?]
2026-08-11 18:43:44.098 DEBUG 10036 --- [nio-9060-exec-2] o.s.jdbc.datasource.DataSourceUtils      : Fetching JDBC Connection from DataSource
2026-08-11 18:43:44.107 DEBUG 10036 --- [nio-9060-exec-2] o.s.jdbc.core.JdbcTemplate               : Executing prepared SQL query
2026-08-11 18:43:44.107 DEBUG 10036 --- [nio-9060-exec-2] o.s.jdbc.core.JdbcTemplate               : Executing prepared SQL statement [SELECT COUNT(1) FROM dbo.tbl_CierreAlmacen WHERE CONVERT(date, Fecha) = ? AND ISNULL(E_Eliminado, 0) = 0]
2026-08-11 18:43:44.107 DEBUG 10036 --- [nio-9060-exec-2] o.s.jdbc.datasource.DataSourceUtils      : Fetching JDBC Connection from DataSource
2026-08-11 18:43:44.112 DEBUG 10036 --- [nio-9060-exec-2] o.s.jdbc.core.JdbcTemplate               : Executing prepared SQL query
2026-08-11 18:43:44.112 DEBUG 10036 --- [nio-9060-exec-2] o.s.jdbc.core.JdbcTemplate               : Executing prepared SQL statement [EXEC spx_ExisteCierreAlmacenHoy ?]
2026-08-11 18:43:44.112 DEBUG 10036 --- [nio-9060-exec-2] o.s.jdbc.datasource.DataSourceUtils      : Fetching JDBC Connection from DataSource
2026-08-11 18:43:44.991 DEBUG 10036 --- [nio-9060-exec-2] o.s.jdbc.core.JdbcTemplate               : Executing prepared SQL query
2026-08-11 18:43:44.991 DEBUG 10036 --- [nio-9060-exec-2] o.s.jdbc.core.JdbcTemplate               : Executing prepared SQL statement [SELECT COUNT(1) FROM dbo.tbl_CierreAlmacenPR_PD WHERE CONVERT(date, Fecha) = ? AND ISNULL(E_Eliminado, 0) = 0]
2026-08-11 18:43:44.991 DEBUG 10036 --- [nio-9060-exec-2] o.s.jdbc.datasource.DataSourceUtils      : Fetching JDBC Connection from DataSource
2026-08-11 18:43:44.996 DEBUG 10036 --- [nio-9060-exec-2] o.s.jdbc.core.JdbcTemplate               : Executing prepared SQL query
2026-08-11 18:43:44.996 DEBUG 10036 --- [nio-9060-exec-2] o.s.jdbc.core.JdbcTemplate               : Executing prepared SQL statement [EXEC spx_ExisteCierreAlmacenHoyPR_PD ?]
2026-08-11 18:43:44.996 DEBUG 10036 --- [nio-9060-exec-2] o.s.jdbc.datasource.DataSourceUtils      : Fetching JDBC Connection from DataSource
2026-08-11 18:43:45.825 DEBUG 10036 --- [nio-9060-exec-2] o.s.jdbc.core.JdbcTemplate               : Executing prepared SQL query
2026-08-11 18:43:45.825 DEBUG 10036 --- [nio-9060-exec-2] o.s.jdbc.core.JdbcTemplate               : Executing prepared SQL statement [EXEC spx_ValidarCuadreRuta ?, ?]
2026-08-11 18:43:45.825 DEBUG 10036 --- [nio-9060-exec-2] o.s.jdbc.datasource.DataSourceUtils      : Fetching JDBC Connection from DataSource
2026-08-11 18:43:45.831 DEBUG 10036 --- [nio-9060-exec-2] o.s.jdbc.core.JdbcTemplate               : Executing prepared SQL query
2026-08-11 18:43:45.831 DEBUG 10036 --- [nio-9060-exec-2] o.s.jdbc.core.JdbcTemplate               : Executing prepared SQL statement [SELECT COUNT(1) FROM dbo.tbl_CierreAlmacen WHERE CONVERT(date, Fecha) = ? AND ISNULL(E_Eliminado, 0) = 0]
2026-08-11 18:43:45.831 DEBUG 10036 --- [nio-9060-exec-2] o.s.jdbc.datasource.DataSourceUtils      : Fetching JDBC Connection from DataSource
2026-08-11 18:43:45.833 DEBUG 10036 --- [nio-9060-exec-2] o.s.jdbc.core.JdbcTemplate               : Executing prepared SQL query
2026-08-11 18:43:45.833 DEBUG 10036 --- [nio-9060-exec-2] o.s.jdbc.core.JdbcTemplate               : Executing prepared SQL statement [EXEC spx_ExisteCierreAlmacenHoy ?]
2026-08-11 18:43:45.833 DEBUG 10036 --- [nio-9060-exec-2] o.s.jdbc.datasource.DataSourceUtils      : Fetching JDBC Connection from DataSource
2026-08-11 18:43:46.654 DEBUG 10036 --- [nio-9060-exec-2] o.s.jdbc.core.JdbcTemplate               : Executing prepared SQL query
2026-08-11 18:43:46.654 DEBUG 10036 --- [nio-9060-exec-2] o.s.jdbc.core.JdbcTemplate               : Executing prepared SQL statement [SELECT COUNT(1) FROM dbo.tbl_CierreAlmacenPR_PD WHERE CONVERT(date, Fecha) = ? AND ISNULL(E_Eliminado, 0) = 0]
2026-08-11 18:43:46.654 DEBUG 10036 --- [nio-9060-exec-2] o.s.jdbc.datasource.DataSourceUtils      : Fetching JDBC Connection from DataSource
2026-08-11 18:43:46.699 DEBUG 10036 --- [nio-9060-exec-2] o.s.jdbc.core.JdbcTemplate               : Executing prepared SQL query
2026-08-11 18:43:46.699 DEBUG 10036 --- [nio-9060-exec-2] o.s.jdbc.core.JdbcTemplate               : Executing prepared SQL statement [EXEC spx_ExisteCierreAlmacenHoyPR_PD ?]
2026-08-11 18:43:46.699 DEBUG 10036 --- [nio-9060-exec-2] o.s.jdbc.datasource.DataSourceUtils      : Fetching JDBC Connection from DataSource
2026-08-11 18:43:47.525 DEBUG 10036 --- [nio-9060-exec-2] o.s.w.s.m.m.a.HttpEntityMethodProcessor  : Using 'application/json', given [*/*] and supported [application/json, application/*+json, application/json, application/*+json]
2026-08-11 18:43:47.525 DEBUG 10036 --- [nio-9060-exec-2] o.s.w.s.m.m.a.HttpEntityMethodProcessor  : Writing [com.example.TigoStarSystem.common.ApiResponse@52eefdd3]
2026-08-11 18:43:47.536 DEBUG 10036 --- [nio-9060-exec-2] o.s.web.servlet.DispatcherServlet        : Completed 200 OK
2026-08-11 18:43:56.515 DEBUG 10036 --- [ool housekeeper] com.zaxxer.hikari.pool.HikariPool        : CentralHikariPool - Before cleanup stats (total=0, active=0, idle=0, waiting=0)
2026-08-11 18:43:56.515 DEBUG 10036 --- [ool housekeeper] com.zaxxer.hikari.pool.HikariPool        : CentralHikariPool - After cleanup  stats (total=0, active=0, idle=0, waiting=0)
2026-08-11 18:43:56.515 DEBUG 10036 --- [ool housekeeper] com.zaxxer.hikari.pool.HikariPool        : CentralHikariPool - Fill pool skipped, pool is at sufficient level.
2026-08-11 18:43:56.530 DEBUG 10036 --- [l-1 housekeeper] com.zaxxer.hikari.pool.HikariPool        : HikariPool-1 - Before cleanup stats (total=1, active=0, idle=1, waiting=0)
2026-08-11 18:43:56.530 DEBUG 10036 --- [l-1 housekeeper] com.zaxxer.hikari.pool.HikariPool        : HikariPool-1 - After cleanup  stats (total=1, active=0, idle=1, waiting=0)
2026-08-11 18:43:56.531 DEBUG 10036 --- [l-1 housekeeper] com.zaxxer.hikari.pool.HikariPool        : HikariPool-1 - Fill pool skipped, pool is at sufficient level.
2026-08-11 18:43:56.869 DEBUG 10036 --- [ool housekeeper] com.zaxxer.hikari.pool.HikariPool        : TigoHogarHikariPool - Before cleanup stats (total=0, active=0, idle=0, waiting=0)
2026-08-11 18:43:56.869 DEBUG 10036 --- [ool housekeeper] com.zaxxer.hikari.pool.HikariPool        : TigoHogarHikariPool - After cleanup  stats (total=0, active=0, idle=0, waiting=0)
2026-08-11 18:43:56.869 DEBUG 10036 --- [ool housekeeper] com.zaxxer.hikari.pool.HikariPool        : TigoHogarHikariPool - Fill pool skipped, pool is at sufficient level.
2026-08-11 18:44:13.046 DEBUG 10036 --- [ruz housekeeper] com.zaxxer.hikari.pool.HikariPool        : ConnDb-SantaCruz - Before cleanup stats (total=1, active=0, idle=1, waiting=0)
2026-08-11 18:44:13.046 DEBUG 10036 --- [ruz housekeeper] com.zaxxer.hikari.pool.HikariPool        : ConnDb-SantaCruz - After cleanup  stats (total=1, active=0, idle=1, waiting=0)
2026-08-11 18:44:13.046 DEBUG 10036 --- [ruz housekeeper] com.zaxxer.hikari.pool.HikariPool        : ConnDb-SantaCruz - Fill pool skipped, pool is at sufficient level.
2026-08-11 18:44:23.492 DEBUG 10036 --- [nio-9060-exec-4] o.s.web.servlet.DispatcherServlet        : POST "/auth/login", parameters={}
2026-08-11 18:44:23.492 DEBUG 10036 --- [nio-9060-exec-4] s.w.s.m.m.a.RequestMappingHandlerMapping : Mapped to com.example.TigoStarSystem.auth.controller.AuthController#login(AuthLoginRequest)
2026-08-11 18:44:23.493 DEBUG 10036 --- [nio-9060-exec-4] m.m.a.RequestResponseBodyMethodProcessor : Read "application/json;charset=utf-8" to [com.example.TigoStarSystem.auth.dto.AuthLoginRequest@740ba62d]
2026-08-11 18:44:23.494  INFO 10036 --- [nio-9060-exec-4] c.e.T.auth.service.AuthService           : Login attempt usuario=dcarreño, idSucursal=9, validarSucursal=false
2026-08-11 18:44:23.494 DEBUG 10036 --- [nio-9060-exec-4] o.s.jdbc.core.JdbcTemplate               : Executing SQL query [EXEC dbo.spx_ObtenerSucursalesConexionWeb]
2026-08-11 18:44:23.494 DEBUG 10036 --- [nio-9060-exec-4] o.s.jdbc.datasource.DataSourceUtils      : Fetching JDBC Connection from DataSource
2026-08-11 18:44:23.500 DEBUG 10036 --- [nio-9060-exec-4] c.e.T.auth.service.AuthService           : Sucursal resolved idSucursal=9, host=tigo.makiro.com.bo, baseDeDatos=bdpruebas2
2026-08-11 18:44:23.501 DEBUG 10036 --- [nio-9060-exec-4] c.e.T.auth.service.AuthService           : Login target attempt=1 idSucursal=9, sucursal=SantaCruz, host=tigo.makiro.com.bo, baseDeDatos=bdpruebas2
2026-08-11 18:44:23.501 DEBUG 10036 --- [nio-9060-exec-4] c.e.T.auth.service.AuthService           : Creating JDBC connection for sucursal host=tigo.makiro.com.bo baseDeDatos=bdpruebas2
2026-08-11 18:44:23.501 DEBUG 10036 --- [nio-9060-exec-4] c.e.T.auth.service.AuthService           : Calling SP dbo.spx_ValidarUsuario
2026-08-11 18:44:23.501 DEBUG 10036 --- [nio-9060-exec-4] o.s.jdbc.core.JdbcTemplate               : Executing prepared SQL query
2026-08-11 18:44:23.501 DEBUG 10036 --- [nio-9060-exec-4] o.s.jdbc.core.JdbcTemplate               : Executing prepared SQL statement [EXEC dbo.spx_ValidarUsuario ?, ?]
2026-08-11 18:44:23.501 DEBUG 10036 --- [nio-9060-exec-4] o.s.jdbc.datasource.DataSourceUtils      : Fetching JDBC Connection from DataSource
2026-08-11 18:44:23.505 DEBUG 10036 --- [nio-9060-exec-4] c.e.T.auth.service.AuthService           : Login SP returned 1 rows
2026-08-11 18:44:23.507  INFO 10036 --- [nio-9060-exec-4] c.e.T.auth.controller.AuthController     : User {} logged in successfully.
2026-08-11 18:44:23.507 DEBUG 10036 --- [nio-9060-exec-4] o.s.w.s.m.m.a.HttpEntityMethodProcessor  : Using 'application/json', given [*/*] and supported [application/json, application/*+json, application/json, application/*+json]
2026-08-11 18:44:23.507 DEBUG 10036 --- [nio-9060-exec-4] o.s.w.s.m.m.a.HttpEntityMethodProcessor  : Writing [com.example.TigoStarSystem.common.ApiResponse@a00614c]
2026-08-11 18:44:23.509 DEBUG 10036 --- [nio-9060-exec-4] o.s.web.servlet.DispatcherServlet        : Completed 200 OK
2026-08-11 18:44:23.565 DEBUG 10036 --- [nio-9060-exec-5] o.s.web.servlet.DispatcherServlet        : PUT "/ot/309166/cantidades-hoy", parameters={}
2026-08-11 18:44:23.567 DEBUG 10036 --- [nio-9060-exec-5] s.w.s.m.m.a.RequestMappingHandlerMapping : Mapped to com.example.TigoStarSystem.ot.controller.OtController#modificarCantidadesHoy(String, Long, OtModificarCantidadesRequest)
2026-08-11 18:44:23.570 DEBUG 10036 --- [nio-9060-exec-5] m.m.a.RequestResponseBodyMethodProcessor : Read "application/json;charset=utf-8" to [com.example.TigoStarSystem.ot.dto.OtModificarCantidadesRequest@6e1ba199]
2026-08-11 18:44:23.578 DEBUG 10036 --- [nio-9060-exec-5] o.s.jdbc.core.JdbcTemplate               : Executing prepared SQL query
2026-08-11 18:44:23.578 DEBUG 10036 --- [nio-9060-exec-5] o.s.jdbc.core.JdbcTemplate               : Executing prepared SQL statement [SELECT DISTINCT CAST(ut.id_vendedor AS INT) AS id_vendedor FROM dbo.tbl_usuariotecnico ut WHERE ut.id_usuario = ? AND ISNULL(ut.e_eliminado, 0) = 0]
2026-08-11 18:44:23.580 DEBUG 10036 --- [nio-9060-exec-5] o.s.jdbc.core.JdbcTemplate               : Executing prepared SQL query
2026-08-11 18:44:23.580 DEBUG 10036 --- [nio-9060-exec-5] o.s.jdbc.core.JdbcTemplate               : Executing prepared SQL statement [SELECT v.Id_Venta AS idVenta, v.OrdenTrabajo AS ordenTrabajo, v.CodigoCliente AS codigoCliente, v.Id_Ruta AS idRuta, v.Id_Vendedor AS idVendedor, v.Fecha_Ejecucion AS fechaEjecucion, v.FechaHoraDetalle AS fechaHoraDetalle, v.Id_Estado AS idEstado, ISNULL(r.Nombre, '') AS grupo, ISNULL(e.Nombre, '') AS estado FROM dbo.tbl_Venta v LEFT JOIN dbo.tbl_Ruta r ON r.Id_Ruta = v.Id_Ruta LEFT JOIN dbo.tbl_Estado e ON e.Id_Estado = v.Id_Estado WHERE ISNULL(v.E_Eliminado, 0) = 0 AND v.FechaHoraDetalle IS NOT NULL AND CONVERT(DATE, v.FechaHoraDetalle) = ? AND v.Id_Vendedor IN (?, ?) ORDER BY v.FechaHoraDetalle DESC, v.Id_Venta DESC]
2026-08-11 18:44:23.595 DEBUG 10036 --- [nio-9060-exec-5] o.s.jdbc.core.JdbcTemplate               : Executing prepared SQL query
2026-08-11 18:44:23.595 DEBUG 10036 --- [nio-9060-exec-5] o.s.jdbc.core.JdbcTemplate               : Executing prepared SQL statement [EXEC spx_ValidarCuadreRuta ?, ?]
2026-08-11 18:44:23.600 DEBUG 10036 --- [nio-9060-exec-5] o.s.jdbc.core.JdbcTemplate               : Executing prepared SQL query
2026-08-11 18:44:23.600 DEBUG 10036 --- [nio-9060-exec-5] o.s.jdbc.core.JdbcTemplate               : Executing prepared SQL statement [SELECT COUNT(1) FROM dbo.tbl_CierreAlmacen WHERE CONVERT(date, Fecha) = ? AND ISNULL(E_Eliminado, 0) = 0]
2026-08-11 18:44:23.603 DEBUG 10036 --- [nio-9060-exec-5] o.s.jdbc.core.JdbcTemplate               : Executing prepared SQL query
2026-08-11 18:44:23.603 DEBUG 10036 --- [nio-9060-exec-5] o.s.jdbc.core.JdbcTemplate               : Executing prepared SQL statement [EXEC spx_ExisteCierreAlmacenHoy ?]
2026-08-11 18:44:24.417 DEBUG 10036 --- [nio-9060-exec-5] o.s.jdbc.core.JdbcTemplate               : Executing prepared SQL query
2026-08-11 18:44:24.417 DEBUG 10036 --- [nio-9060-exec-5] o.s.jdbc.core.JdbcTemplate               : Executing prepared SQL statement [SELECT COUNT(1) FROM dbo.tbl_CierreAlmacenPR_PD WHERE CONVERT(date, Fecha) = ? AND ISNULL(E_Eliminado, 0) = 0]
2026-08-11 18:44:24.419 DEBUG 10036 --- [nio-9060-exec-5] o.s.jdbc.core.JdbcTemplate               : Executing prepared SQL query
2026-08-11 18:44:24.419 DEBUG 10036 --- [nio-9060-exec-5] o.s.jdbc.core.JdbcTemplate               : Executing prepared SQL statement [EXEC spx_ExisteCierreAlmacenHoyPR_PD ?]
2026-08-11 18:44:25.238 DEBUG 10036 --- [nio-9060-exec-5] o.s.jdbc.core.JdbcTemplate               : Executing prepared SQL query
2026-08-11 18:44:25.239 DEBUG 10036 --- [nio-9060-exec-5] o.s.jdbc.core.JdbcTemplate               : Executing prepared SQL statement [SELECT cv.Id_CodigoVenta AS idCodigoVenta, cv.Id_Venta AS idVenta, cv.Id_Producto AS idProducto, p.Nombre AS producto, cv.Id_TipoMaterial AS idTipoMaterial, tm.Nombre AS tipoMaterial, cv.Cantidad AS cantidad, cv.Cod_Inicio AS serie, cv.ChipID AS chipId FROM dbo.tbl_CodigoVenta cv LEFT JOIN dbo.tbl_Producto p ON p.Id_Producto = cv.Id_Producto LEFT JOIN dbo.tbl_TipoMaterial tm ON tm.Id_TipoMaterial = cv.Id_TipoMaterial WHERE cv.Id_Venta = ? AND ISNULL(cv.E_Eliminado, 0) = 0 AND cv.Id_TipoMaterial = 1 AND NULLIF(LTRIM(RTRIM(ISNULL(cv.Cod_Inicio, ''))), '') IS NULL AND NULLIF(LTRIM(RTRIM(ISNULL(cv.ChipID, ''))), '') IS NULL ORDER BY p.Nombre, cv.Id_CodigoVenta]
2026-08-11 18:44:25.243 DEBUG 10036 --- [nio-9060-exec-5] o.s.jdbc.core.JdbcTemplate               : Executing prepared SQL query
2026-08-11 18:44:25.243 DEBUG 10036 --- [nio-9060-exec-5] o.s.jdbc.core.JdbcTemplate               : Executing prepared SQL statement [SELECT CAST(ISNULL((SELECT SUM(ISNULL(s.cantidad, 0)) FROM dbo.tbl_SaldoTarjetas s WHERE s.Id_Ruta = ? AND s.Id_Producto = ? AND ISNULL(s.E_Eliminado, 0) = 0), 0) - ISNULL((SELECT SUM(ISNULL(cv.Cantidad, 0)) FROM dbo.tbl_CodigoVenta cv INNER JOIN dbo.tbl_Venta v ON v.Id_Venta = cv.Id_Venta WHERE v.Id_Ruta = ? AND cv.Id_Producto = ? AND cv.Id_TipoMaterial = 1 AND cv.Id_CodigoVenta <> ? AND ISNULL(cv.E_Eliminado, 0) = 0 AND ISNULL(v.E_Eliminado, 0) = 0 AND v.FechaHoraDetalle IS NOT NULL AND CONVERT(DATE, v.FechaHoraDetalle) = ?), 0) AS DECIMAL(18,4)) AS disponible]
2026-08-11 18:44:25.257 DEBUG 10036 --- [nio-9060-exec-5] o.s.jdbc.core.JdbcTemplate               : Executing prepared SQL update
2026-08-11 18:44:25.257 DEBUG 10036 --- [nio-9060-exec-5] o.s.jdbc.core.JdbcTemplate               : Executing prepared SQL statement [UPDATE cv SET cv.Cantidad = ? FROM dbo.tbl_CodigoVenta cv INNER JOIN dbo.tbl_Venta v ON v.Id_Venta = cv.Id_Venta WHERE cv.Id_CodigoVenta = ? AND cv.Id_Venta = ? AND ISNULL(cv.E_Eliminado, 0) = 0 AND ISNULL(v.E_Eliminado, 0) = 0 AND v.FechaHoraDetalle IS NOT NULL AND CONVERT(DATE, v.FechaHoraDetalle) = CONVERT(DATE, GETDATE()) AND cv.Id_TipoMaterial = 1 AND NULLIF(LTRIM(RTRIM(ISNULL(cv.Cod_Inicio, ''))), '') IS NULL AND NULLIF(LTRIM(RTRIM(ISNULL(cv.ChipID, ''))), '') IS NULL AND ? <= (ISNULL((SELECT SUM(ISNULL(s.Cantidad, 0)) FROM dbo.tbl_SaldoTarjetas s WHERE s.Id_Ruta = ? AND s.Id_Producto = ? AND ISNULL(s.E_Eliminado, 0) = 0), 0) - ISNULL((SELECT SUM(ISNULL(cvOtro.Cantidad, 0)) FROM dbo.tbl_CodigoVenta cvOtro INNER JOIN dbo.tbl_Venta vOtro ON vOtro.Id_Venta = cvOtro.Id_Venta WHERE vOtro.Id_Ruta = ? AND cvOtro.Id_Producto = ? AND cvOtro.Id_TipoMaterial = 1 AND cvOtro.Id_CodigoVenta <> ? AND ISNULL(cvOtro.E_Eliminado, 0) = 0 AND ISNULL(vOtro.E_Eliminado, 0) = 0 AND vOtro.FechaHoraDetalle IS NOT NULL AND CONVERT(DATE, vOtro.FechaHoraDetalle) = ?), 0))]
2026-08-11 18:44:25.315 DEBUG 10036 --- [nio-9060-exec-5] o.s.w.s.m.m.a.HttpEntityMethodProcessor  : Using 'application/json', given [*/*] and supported [application/json, application/*+json, application/json, application/*+json]
2026-08-11 18:44:25.315 DEBUG 10036 --- [nio-9060-exec-5] o.s.w.s.m.m.a.HttpEntityMethodProcessor  : Writing [com.example.TigoStarSystem.common.ApiResponse@ab75847]
2026-08-11 18:44:25.315 DEBUG 10036 --- [nio-9060-exec-5] o.s.web.servlet.DispatcherServlet        : Completed 200 OK
2026-08-11 18:44:25.347 DEBUG 10036 --- [nio-9060-exec-9] o.s.web.servlet.DispatcherServlet        : GET "/ot/309166/modificar-hoy?_ts=1786488265342", parameters={masked}
2026-08-11 18:44:25.348 DEBUG 10036 --- [nio-9060-exec-9] s.w.s.m.m.a.RequestMappingHandlerMapping : Mapped to com.example.TigoStarSystem.ot.controller.OtController#obtenerOtModificableHoy(String, Long)
2026-08-11 18:44:25.351 DEBUG 10036 --- [nio-9060-exec-9] o.s.jdbc.core.JdbcTemplate               : Executing prepared SQL query
2026-08-11 18:44:25.351 DEBUG 10036 --- [nio-9060-exec-9] o.s.jdbc.core.JdbcTemplate               : Executing prepared SQL statement [SELECT DISTINCT CAST(ut.id_vendedor AS INT) AS id_vendedor FROM dbo.tbl_usuariotecnico ut WHERE ut.id_usuario = ? AND ISNULL(ut.e_eliminado, 0) = 0]
2026-08-11 18:44:25.351 DEBUG 10036 --- [nio-9060-exec-9] o.s.jdbc.datasource.DataSourceUtils      : Fetching JDBC Connection from DataSource
2026-08-11 18:44:25.352 DEBUG 10036 --- [nio-9060-exec-9] o.s.jdbc.core.JdbcTemplate               : Executing prepared SQL query
2026-08-11 18:44:25.352 DEBUG 10036 --- [nio-9060-exec-9] o.s.jdbc.core.JdbcTemplate               : Executing prepared SQL statement [SELECT v.Id_Venta AS idVenta, v.OrdenTrabajo AS ordenTrabajo, v.CodigoCliente AS codigoCliente, v.Id_Ruta AS idRuta, v.Id_Vendedor AS idVendedor, v.Fecha_Ejecucion AS fechaEjecucion, v.FechaHoraDetalle AS fechaHoraDetalle, v.Id_Estado AS idEstado, ISNULL(r.Nombre, '') AS grupo, ISNULL(e.Nombre, '') AS estado FROM dbo.tbl_Venta v LEFT JOIN dbo.tbl_Ruta r ON r.Id_Ruta = v.Id_Ruta LEFT JOIN dbo.tbl_Estado e ON e.Id_Estado = v.Id_Estado WHERE ISNULL(v.E_Eliminado, 0) = 0 AND v.FechaHoraDetalle IS NOT NULL AND CONVERT(DATE, v.FechaHoraDetalle) = ? AND v.Id_Vendedor IN (?, ?) ORDER BY v.FechaHoraDetalle DESC, v.Id_Venta DESC]
2026-08-11 18:44:25.353 DEBUG 10036 --- [nio-9060-exec-9] o.s.jdbc.datasource.DataSourceUtils      : Fetching JDBC Connection from DataSource
2026-08-11 18:44:25.364 DEBUG 10036 --- [nio-9060-exec-9] o.s.jdbc.core.JdbcTemplate               : Executing prepared SQL query
2026-08-11 18:44:25.364 DEBUG 10036 --- [nio-9060-exec-9] o.s.jdbc.core.JdbcTemplate               : Executing prepared SQL statement [SELECT cv.Id_CodigoVenta AS idCodigoVenta, cv.Id_Venta AS idVenta, cv.Id_Producto AS idProducto, p.Nombre AS producto, cv.Id_TipoMaterial AS idTipoMaterial, tm.Nombre AS tipoMaterial, cv.Cantidad AS cantidad, cv.Cod_Inicio AS serie, cv.ChipID AS chipId FROM dbo.tbl_CodigoVenta cv LEFT JOIN dbo.tbl_Producto p ON p.Id_Producto = cv.Id_Producto LEFT JOIN dbo.tbl_TipoMaterial tm ON tm.Id_TipoMaterial = cv.Id_TipoMaterial WHERE cv.Id_Venta = ? AND ISNULL(cv.E_Eliminado, 0) = 0 AND cv.Id_TipoMaterial = 1 AND NULLIF(LTRIM(RTRIM(ISNULL(cv.Cod_Inicio, ''))), '') IS NULL AND NULLIF(LTRIM(RTRIM(ISNULL(cv.ChipID, ''))), '') IS NULL ORDER BY p.Nombre, cv.Id_CodigoVenta]
2026-08-11 18:44:25.364 DEBUG 10036 --- [nio-9060-exec-9] o.s.jdbc.datasource.DataSourceUtils      : Fetching JDBC Connection from DataSource
2026-08-11 18:44:25.366 DEBUG 10036 --- [nio-9060-exec-9] o.s.jdbc.core.JdbcTemplate               : Executing prepared SQL query
2026-08-11 18:44:25.366 DEBUG 10036 --- [nio-9060-exec-9] o.s.jdbc.core.JdbcTemplate               : Executing prepared SQL statement [EXEC spx_ValidarCuadreRuta ?, ?]
2026-08-11 18:44:25.366 DEBUG 10036 --- [nio-9060-exec-9] o.s.jdbc.datasource.DataSourceUtils      : Fetching JDBC Connection from DataSource
2026-08-11 18:44:25.371 DEBUG 10036 --- [nio-9060-exec-9] o.s.jdbc.core.JdbcTemplate               : Executing prepared SQL query
2026-08-11 18:44:25.371 DEBUG 10036 --- [nio-9060-exec-9] o.s.jdbc.core.JdbcTemplate               : Executing prepared SQL statement [SELECT COUNT(1) FROM dbo.tbl_CierreAlmacen WHERE CONVERT(date, Fecha) = ? AND ISNULL(E_Eliminado, 0) = 0]
2026-08-11 18:44:25.371 DEBUG 10036 --- [nio-9060-exec-9] o.s.jdbc.datasource.DataSourceUtils      : Fetching JDBC Connection from DataSource
2026-08-11 18:44:25.373 DEBUG 10036 --- [nio-9060-exec-9] o.s.jdbc.core.JdbcTemplate               : Executing prepared SQL query
2026-08-11 18:44:25.373 DEBUG 10036 --- [nio-9060-exec-9] o.s.jdbc.core.JdbcTemplate               : Executing prepared SQL statement [EXEC spx_ExisteCierreAlmacenHoy ?]
2026-08-11 18:44:25.373 DEBUG 10036 --- [nio-9060-exec-9] o.s.jdbc.datasource.DataSourceUtils      : Fetching JDBC Connection from DataSource
2026-08-11 18:44:26.191 DEBUG 10036 --- [nio-9060-exec-9] o.s.jdbc.core.JdbcTemplate               : Executing prepared SQL query
2026-08-11 18:44:26.191 DEBUG 10036 --- [nio-9060-exec-9] o.s.jdbc.core.JdbcTemplate               : Executing prepared SQL statement [SELECT COUNT(1) FROM dbo.tbl_CierreAlmacenPR_PD WHERE CONVERT(date, Fecha) = ? AND ISNULL(E_Eliminado, 0) = 0]
2026-08-11 18:44:26.191 DEBUG 10036 --- [nio-9060-exec-9] o.s.jdbc.datasource.DataSourceUtils      : Fetching JDBC Connection from DataSource
2026-08-11 18:44:26.194 DEBUG 10036 --- [nio-9060-exec-9] o.s.jdbc.core.JdbcTemplate               : Executing prepared SQL query
2026-08-11 18:44:26.194 DEBUG 10036 --- [nio-9060-exec-9] o.s.jdbc.core.JdbcTemplate               : Executing prepared SQL statement [EXEC spx_ExisteCierreAlmacenHoyPR_PD ?]
2026-08-11 18:44:26.194 DEBUG 10036 --- [nio-9060-exec-9] o.s.jdbc.datasource.DataSourceUtils      : Fetching JDBC Connection from DataSource
2026-08-11 18:44:26.523 DEBUG 10036 --- [ool housekeeper] com.zaxxer.hikari.pool.HikariPool        : CentralHikariPool - Before cleanup stats (total=0, active=0, idle=0, waiting=0)
2026-08-11 18:44:26.523 DEBUG 10036 --- [ool housekeeper] com.zaxxer.hikari.pool.HikariPool        : CentralHikariPool - After cleanup  stats (total=0, active=0, idle=0, waiting=0)
2026-08-11 18:44:26.523 DEBUG 10036 --- [ool housekeeper] com.zaxxer.hikari.pool.HikariPool        : CentralHikariPool - Fill pool skipped, pool is at sufficient level.
2026-08-11 18:44:26.539 DEBUG 10036 --- [l-1 housekeeper] com.zaxxer.hikari.pool.HikariPool        : HikariPool-1 - Before cleanup stats (total=1, active=1, idle=0, waiting=0)
2026-08-11 18:44:26.539 DEBUG 10036 --- [l-1 housekeeper] com.zaxxer.hikari.pool.HikariPool        : HikariPool-1 - After cleanup  stats (total=1, active=1, idle=0, waiting=0)
2026-08-11 18:44:26.539 DEBUG 10036 --- [l-1 housekeeper] com.zaxxer.hikari.pool.HikariPool        : HikariPool-1 - Fill pool skipped, pool is at sufficient level.
2026-08-11 18:44:26.877 DEBUG 10036 --- [ool housekeeper] com.zaxxer.hikari.pool.HikariPool        : TigoHogarHikariPool - Before cleanup stats (total=0, active=0, idle=0, waiting=0)
2026-08-11 18:44:26.877 DEBUG 10036 --- [ool housekeeper] com.zaxxer.hikari.pool.HikariPool        : TigoHogarHikariPool - After cleanup  stats (total=0, active=0, idle=0, waiting=0)
2026-08-11 18:44:26.877 DEBUG 10036 --- [ool housekeeper] com.zaxxer.hikari.pool.HikariPool        : TigoHogarHikariPool - Fill pool skipped, pool is at sufficient level.
2026-08-11 18:44:27.016 DEBUG 10036 --- [nio-9060-exec-9] o.s.jdbc.core.JdbcTemplate               : Executing prepared SQL query
2026-08-11 18:44:27.017 DEBUG 10036 --- [nio-9060-exec-9] o.s.jdbc.core.JdbcTemplate               : Executing prepared SQL statement [EXEC spx_ValidarCuadreRuta ?, ?]
2026-08-11 18:44:27.017 DEBUG 10036 --- [nio-9060-exec-9] o.s.jdbc.datasource.DataSourceUtils      : Fetching JDBC Connection from DataSource
2026-08-11 18:44:27.022 DEBUG 10036 --- [nio-9060-exec-9] o.s.jdbc.core.JdbcTemplate               : Executing prepared SQL query
2026-08-11 18:44:27.022 DEBUG 10036 --- [nio-9060-exec-9] o.s.jdbc.core.JdbcTemplate               : Executing prepared SQL statement [SELECT COUNT(1) FROM dbo.tbl_CierreAlmacen WHERE CONVERT(date, Fecha) = ? AND ISNULL(E_Eliminado, 0) = 0]
2026-08-11 18:44:27.022 DEBUG 10036 --- [nio-9060-exec-9] o.s.jdbc.datasource.DataSourceUtils      : Fetching JDBC Connection from DataSource
2026-08-11 18:44:27.023 DEBUG 10036 --- [nio-9060-exec-9] o.s.jdbc.core.JdbcTemplate               : Executing prepared SQL query
2026-08-11 18:44:27.023 DEBUG 10036 --- [nio-9060-exec-9] o.s.jdbc.core.JdbcTemplate               : Executing prepared SQL statement [EXEC spx_ExisteCierreAlmacenHoy ?]
2026-08-11 18:44:27.023 DEBUG 10036 --- [nio-9060-exec-9] o.s.jdbc.datasource.DataSourceUtils      : Fetching JDBC Connection from DataSource
2026-08-11 18:44:27.833 DEBUG 10036 --- [nio-9060-exec-9] o.s.jdbc.core.JdbcTemplate               : Executing prepared SQL query
2026-08-11 18:44:27.833 DEBUG 10036 --- [nio-9060-exec-9] o.s.jdbc.core.JdbcTemplate               : Executing prepared SQL statement [SELECT COUNT(1) FROM dbo.tbl_CierreAlmacenPR_PD WHERE CONVERT(date, Fecha) = ? AND ISNULL(E_Eliminado, 0) = 0]
2026-08-11 18:44:27.833 DEBUG 10036 --- [nio-9060-exec-9] o.s.jdbc.datasource.DataSourceUtils      : Fetching JDBC Connection from DataSource
2026-08-11 18:44:27.835 DEBUG 10036 --- [nio-9060-exec-9] o.s.jdbc.core.JdbcTemplate               : Executing prepared SQL query
2026-08-11 18:44:27.835 DEBUG 10036 --- [nio-9060-exec-9] o.s.jdbc.core.JdbcTemplate               : Executing prepared SQL statement [EXEC spx_ExisteCierreAlmacenHoyPR_PD ?]
2026-08-11 18:44:27.835 DEBUG 10036 --- [nio-9060-exec-9] o.s.jdbc.datasource.DataSourceUtils      : Fetching JDBC Connection from DataSource
2026-08-11 18:44:28.654 DEBUG 10036 --- [nio-9060-exec-9] o.s.w.s.m.m.a.HttpEntityMethodProcessor  : Using 'application/json', given [*/*] and supported [application/json, application/*+json, application/json, application/*+json]
2026-08-11 18:44:28.654 DEBUG 10036 --- [nio-9060-exec-9] o.s.w.s.m.m.a.HttpEntityMethodProcessor  : Writing [com.example.TigoStarSystem.common.ApiResponse@53f9bbdd]
2026-08-11 18:44:28.655 DEBUG 10036 --- [nio-9060-exec-9] o.s.web.servlet.DispatcherServlet        : Completed 200 OK
2026-08-11 18:44:43.054 DEBUG 10036 --- [ruz housekeeper] com.zaxxer.hikari.pool.HikariPool        : ConnDb-SantaCruz - Before cleanup stats (total=1, active=0, idle=1, waiting=0)
2026-08-11 18:44:43.054 DEBUG 10036 --- [ruz housekeeper] com.zaxxer.hikari.pool.HikariPool        : ConnDb-SantaCruz - After cleanup  stats (total=1, active=0, idle=1, waiting=0)
2026-08-11 18:44:43.054 DEBUG 10036 --- [ruz housekeeper] com.zaxxer.hikari.pool.HikariPool        : ConnDb-SantaCruz - Fill pool skipped, pool is at sufficient level.
2026-08-11 18:44:56.529 DEBUG 10036 --- [ool housekeeper] com.zaxxer.hikari.pool.HikariPool        : CentralHikariPool - Before cleanup stats (total=0, active=0, idle=0, waiting=0)
2026-08-11 18:44:56.529 DEBUG 10036 --- [ool housekeeper] com.zaxxer.hikari.pool.HikariPool        : CentralHikariPool - After cleanup  stats (total=0, active=0, idle=0, waiting=0)
2026-08-11 18:44:56.529 DEBUG 10036 --- [ool housekeeper] com.zaxxer.hikari.pool.HikariPool        : CentralHikariPool - Fill pool skipped, pool is at sufficient level.
2026-08-11 18:44:56.544 DEBUG 10036 --- [l-1 housekeeper] com.zaxxer.hikari.pool.HikariPool        : HikariPool-1 - Before cleanup stats (total=1, active=0, idle=1, waiting=0)
2026-08-11 18:44:56.544 DEBUG 10036 --- [l-1 housekeeper] com.zaxxer.hikari.pool.HikariPool        : HikariPool-1 - After cleanup  stats (total=1, active=0, idle=1, waiting=0)
2026-08-11 18:44:56.544 DEBUG 10036 --- [l-1 housekeeper] com.zaxxer.hikari.pool.HikariPool        : HikariPool-1 - Fill pool skipped, pool is at sufficient level.
2026-08-11 18:44:56.886 DEBUG 10036 --- [ool housekeeper] com.zaxxer.hikari.pool.HikariPool        : TigoHogarHikariPool - Before cleanup stats (total=0, active=0, idle=0, waiting=0)
2026-08-11 18:44:56.886 DEBUG 10036 --- [ool housekeeper] com.zaxxer.hikari.pool.HikariPool        : TigoHogarHikariPool - After cleanup  stats (total=0, active=0, idle=0, waiting=0)
2026-08-11 18:44:56.886 DEBUG 10036 --- [ool housekeeper] com.zaxxer.hikari.pool.HikariPool        : TigoHogarHikariPool - Fill pool skipped, pool is at sufficient level.
2026-08-11 18:45:11.292 DEBUG 10036 --- [nio-9060-exec-8] o.s.web.servlet.DispatcherServlet        : POST "/auth/login", parameters={}
2026-08-11 18:45:11.292 DEBUG 10036 --- [nio-9060-exec-8] s.w.s.m.m.a.RequestMappingHandlerMapping : Mapped to com.example.TigoStarSystem.auth.controller.AuthController#login(AuthLoginRequest)
2026-08-11 18:45:11.293 DEBUG 10036 --- [nio-9060-exec-8] m.m.a.RequestResponseBodyMethodProcessor : Read "application/json;charset=utf-8" to [com.example.TigoStarSystem.auth.dto.AuthLoginRequest@1ca3517e]
2026-08-11 18:45:11.294  INFO 10036 --- [nio-9060-exec-8] c.e.T.auth.service.AuthService           : Login attempt usuario=dcarreño, idSucursal=9, validarSucursal=false
2026-08-11 18:45:11.294 DEBUG 10036 --- [nio-9060-exec-8] o.s.jdbc.core.JdbcTemplate               : Executing SQL query [EXEC dbo.spx_ObtenerSucursalesConexionWeb]
2026-08-11 18:45:11.294 DEBUG 10036 --- [nio-9060-exec-8] o.s.jdbc.datasource.DataSourceUtils      : Fetching JDBC Connection from DataSource
2026-08-11 18:45:11.310 DEBUG 10036 --- [nio-9060-exec-8] c.e.T.auth.service.AuthService           : Sucursal resolved idSucursal=9, host=tigo.makiro.com.bo, baseDeDatos=bdpruebas2
2026-08-11 18:45:11.310 DEBUG 10036 --- [nio-9060-exec-8] c.e.T.auth.service.AuthService           : Login target attempt=1 idSucursal=9, sucursal=SantaCruz, host=tigo.makiro.com.bo, baseDeDatos=bdpruebas2
2026-08-11 18:45:11.310 DEBUG 10036 --- [nio-9060-exec-8] c.e.T.auth.service.AuthService           : Creating JDBC connection for sucursal host=tigo.makiro.com.bo baseDeDatos=bdpruebas2
2026-08-11 18:45:11.310 DEBUG 10036 --- [nio-9060-exec-8] c.e.T.auth.service.AuthService           : Calling SP dbo.spx_ValidarUsuario
2026-08-11 18:45:11.310 DEBUG 10036 --- [nio-9060-exec-8] o.s.jdbc.core.JdbcTemplate               : Executing prepared SQL query
2026-08-11 18:45:11.310 DEBUG 10036 --- [nio-9060-exec-8] o.s.jdbc.core.JdbcTemplate               : Executing prepared SQL statement [EXEC dbo.spx_ValidarUsuario ?, ?]
2026-08-11 18:45:11.310 DEBUG 10036 --- [nio-9060-exec-8] o.s.jdbc.datasource.DataSourceUtils      : Fetching JDBC Connection from DataSource
2026-08-11 18:45:11.324 DEBUG 10036 --- [nio-9060-exec-8] c.e.T.auth.service.AuthService           : Login SP returned 1 rows
2026-08-11 18:45:11.325  INFO 10036 --- [nio-9060-exec-8] c.e.T.auth.controller.AuthController     : User {} logged in successfully.
2026-08-11 18:45:11.325 DEBUG 10036 --- [nio-9060-exec-8] o.s.w.s.m.m.a.HttpEntityMethodProcessor  : Using 'application/json', given [*/*] and supported [application/json, application/*+json, application/json, application/*+json]
2026-08-11 18:45:11.325 DEBUG 10036 --- [nio-9060-exec-8] o.s.w.s.m.m.a.HttpEntityMethodProcessor  : Writing [com.example.TigoStarSystem.common.ApiResponse@6240c35d]
2026-08-11 18:45:11.326 DEBUG 10036 --- [nio-9060-exec-8] o.s.web.servlet.DispatcherServlet        : Completed 200 OK
2026-08-11 18:45:11.398 DEBUG 10036 --- [nio-9060-exec-6] o.s.web.servlet.DispatcherServlet        : GET "/ot/309166/modificar-hoy?_ts=1786488311392", parameters={masked}
2026-08-11 18:45:11.399 DEBUG 10036 --- [nio-9060-exec-6] s.w.s.m.m.a.RequestMappingHandlerMapping : Mapped to com.example.TigoStarSystem.ot.controller.OtController#obtenerOtModificableHoy(String, Long)
2026-08-11 18:45:11.402 DEBUG 10036 --- [nio-9060-exec-6] o.s.jdbc.core.JdbcTemplate               : Executing prepared SQL query
2026-08-11 18:45:11.402 DEBUG 10036 --- [nio-9060-exec-6] o.s.jdbc.core.JdbcTemplate               : Executing prepared SQL statement [SELECT DISTINCT CAST(ut.id_vendedor AS INT) AS id_vendedor FROM dbo.tbl_usuariotecnico ut WHERE ut.id_usuario = ? AND ISNULL(ut.e_eliminado, 0) = 0]
2026-08-11 18:45:11.402 DEBUG 10036 --- [nio-9060-exec-6] o.s.jdbc.datasource.DataSourceUtils      : Fetching JDBC Connection from DataSource
2026-08-11 18:45:11.407 DEBUG 10036 --- [nio-9060-exec-6] o.s.jdbc.core.JdbcTemplate               : Executing prepared SQL query
2026-08-11 18:45:11.407 DEBUG 10036 --- [nio-9060-exec-6] o.s.jdbc.core.JdbcTemplate               : Executing prepared SQL statement [SELECT v.Id_Venta AS idVenta, v.OrdenTrabajo AS ordenTrabajo, v.CodigoCliente AS codigoCliente, v.Id_Ruta AS idRuta, v.Id_Vendedor AS idVendedor, v.Fecha_Ejecucion AS fechaEjecucion, v.FechaHoraDetalle AS fechaHoraDetalle, v.Id_Estado AS idEstado, ISNULL(r.Nombre, '') AS grupo, ISNULL(e.Nombre, '') AS estado FROM dbo.tbl_Venta v LEFT JOIN dbo.tbl_Ruta r ON r.Id_Ruta = v.Id_Ruta LEFT JOIN dbo.tbl_Estado e ON e.Id_Estado = v.Id_Estado WHERE ISNULL(v.E_Eliminado, 0) = 0 AND v.FechaHoraDetalle IS NOT NULL AND CONVERT(DATE, v.FechaHoraDetalle) = ? AND v.Id_Vendedor IN (?, ?) ORDER BY v.FechaHoraDetalle DESC, v.Id_Venta DESC]
2026-08-11 18:45:11.407 DEBUG 10036 --- [nio-9060-exec-6] o.s.jdbc.datasource.DataSourceUtils      : Fetching JDBC Connection from DataSource
2026-08-11 18:45:11.818 DEBUG 10036 --- [nio-9060-exec-6] o.s.jdbc.core.JdbcTemplate               : Executing prepared SQL query
2026-08-11 18:45:11.818 DEBUG 10036 --- [nio-9060-exec-6] o.s.jdbc.core.JdbcTemplate               : Executing prepared SQL statement [SELECT cv.Id_CodigoVenta AS idCodigoVenta, cv.Id_Venta AS idVenta, cv.Id_Producto AS idProducto, p.Nombre AS producto, cv.Id_TipoMaterial AS idTipoMaterial, tm.Nombre AS tipoMaterial, cv.Cantidad AS cantidad, cv.Cod_Inicio AS serie, cv.ChipID AS chipId FROM dbo.tbl_CodigoVenta cv LEFT JOIN dbo.tbl_Producto p ON p.Id_Producto = cv.Id_Producto LEFT JOIN dbo.tbl_TipoMaterial tm ON tm.Id_TipoMaterial = cv.Id_TipoMaterial WHERE cv.Id_Venta = ? AND ISNULL(cv.E_Eliminado, 0) = 0 AND cv.Id_TipoMaterial = 1 AND NULLIF(LTRIM(RTRIM(ISNULL(cv.Cod_Inicio, ''))), '') IS NULL AND NULLIF(LTRIM(RTRIM(ISNULL(cv.ChipID, ''))), '') IS NULL ORDER BY p.Nombre, cv.Id_CodigoVenta]
2026-08-11 18:45:11.818 DEBUG 10036 --- [nio-9060-exec-6] o.s.jdbc.datasource.DataSourceUtils      : Fetching JDBC Connection from DataSource
2026-08-11 18:45:11.822 DEBUG 10036 --- [nio-9060-exec-6] o.s.jdbc.core.JdbcTemplate               : Executing prepared SQL query
2026-08-11 18:45:11.822 DEBUG 10036 --- [nio-9060-exec-6] o.s.jdbc.core.JdbcTemplate               : Executing prepared SQL statement [EXEC spx_ValidarCuadreRuta ?, ?]
2026-08-11 18:45:11.822 DEBUG 10036 --- [nio-9060-exec-6] o.s.jdbc.datasource.DataSourceUtils      : Fetching JDBC Connection from DataSource
2026-08-11 18:45:11.835 DEBUG 10036 --- [nio-9060-exec-6] o.s.jdbc.core.JdbcTemplate               : Executing prepared SQL query
2026-08-11 18:45:11.835 DEBUG 10036 --- [nio-9060-exec-6] o.s.jdbc.core.JdbcTemplate               : Executing prepared SQL statement [SELECT COUNT(1) FROM dbo.tbl_CierreAlmacen WHERE CONVERT(date, Fecha) = ? AND ISNULL(E_Eliminado, 0) = 0]
2026-08-11 18:45:11.836 DEBUG 10036 --- [nio-9060-exec-6] o.s.jdbc.datasource.DataSourceUtils      : Fetching JDBC Connection from DataSource
2026-08-11 18:45:11.841 DEBUG 10036 --- [nio-9060-exec-6] o.s.jdbc.core.JdbcTemplate               : Executing prepared SQL query
2026-08-11 18:45:11.841 DEBUG 10036 --- [nio-9060-exec-6] o.s.jdbc.core.JdbcTemplate               : Executing prepared SQL statement [EXEC spx_ExisteCierreAlmacenHoy ?]
2026-08-11 18:45:11.841 DEBUG 10036 --- [nio-9060-exec-6] o.s.jdbc.datasource.DataSourceUtils      : Fetching JDBC Connection from DataSource
2026-08-11 18:45:13.069 DEBUG 10036 --- [ruz housekeeper] com.zaxxer.hikari.pool.HikariPool        : ConnDb-SantaCruz - Before cleanup stats (total=1, active=0, idle=1, waiting=0)
2026-08-11 18:45:13.069 DEBUG 10036 --- [ruz housekeeper] com.zaxxer.hikari.pool.HikariPool        : ConnDb-SantaCruz - After cleanup  stats (total=1, active=0, idle=1, waiting=0)
2026-08-11 18:45:13.069 DEBUG 10036 --- [ruz housekeeper] com.zaxxer.hikari.pool.HikariPool        : ConnDb-SantaCruz - Fill pool skipped, pool is at sufficient level.
2026-08-11 18:45:14.650 DEBUG 10036 --- [nio-9060-exec-6] o.s.jdbc.core.JdbcTemplate               : Executing prepared SQL query
2026-08-11 18:45:14.650 DEBUG 10036 --- [nio-9060-exec-6] o.s.jdbc.core.JdbcTemplate               : Executing prepared SQL statement [SELECT COUNT(1) FROM dbo.tbl_CierreAlmacenPR_PD WHERE CONVERT(date, Fecha) = ? AND ISNULL(E_Eliminado, 0) = 0]
2026-08-11 18:45:14.650 DEBUG 10036 --- [nio-9060-exec-6] o.s.jdbc.datasource.DataSourceUtils      : Fetching JDBC Connection from DataSource
2026-08-11 18:45:14.663 DEBUG 10036 --- [nio-9060-exec-6] o.s.jdbc.core.JdbcTemplate               : Executing prepared SQL query
2026-08-11 18:45:14.663 DEBUG 10036 --- [nio-9060-exec-6] o.s.jdbc.core.JdbcTemplate               : Executing prepared SQL statement [EXEC spx_ExisteCierreAlmacenHoyPR_PD ?]
2026-08-11 18:45:14.663 DEBUG 10036 --- [nio-9060-exec-6] o.s.jdbc.datasource.DataSourceUtils      : Fetching JDBC Connection from DataSource
2026-08-11 18:45:15.696 DEBUG 10036 --- [nio-9060-exec-6] o.s.jdbc.core.JdbcTemplate               : Executing prepared SQL query
2026-08-11 18:45:15.696 DEBUG 10036 --- [nio-9060-exec-6] o.s.jdbc.core.JdbcTemplate               : Executing prepared SQL statement [EXEC spx_ValidarCuadreRuta ?, ?]
2026-08-11 18:45:15.696 DEBUG 10036 --- [nio-9060-exec-6] o.s.jdbc.datasource.DataSourceUtils      : Fetching JDBC Connection from DataSource
2026-08-11 18:45:15.701 DEBUG 10036 --- [nio-9060-exec-6] o.s.jdbc.core.JdbcTemplate               : Executing prepared SQL query
2026-08-11 18:45:15.701 DEBUG 10036 --- [nio-9060-exec-6] o.s.jdbc.core.JdbcTemplate               : Executing prepared SQL statement [SELECT COUNT(1) FROM dbo.tbl_CierreAlmacen WHERE CONVERT(date, Fecha) = ? AND ISNULL(E_Eliminado, 0) = 0]
2026-08-11 18:45:15.701 DEBUG 10036 --- [nio-9060-exec-6] o.s.jdbc.datasource.DataSourceUtils      : Fetching JDBC Connection from DataSource
2026-08-11 18:45:15.704 DEBUG 10036 --- [nio-9060-exec-6] o.s.jdbc.core.JdbcTemplate               : Executing prepared SQL query
2026-08-11 18:45:15.704 DEBUG 10036 --- [nio-9060-exec-6] o.s.jdbc.core.JdbcTemplate               : Executing prepared SQL statement [EXEC spx_ExisteCierreAlmacenHoy ?]
2026-08-11 18:45:15.704 DEBUG 10036 --- [nio-9060-exec-6] o.s.jdbc.datasource.DataSourceUtils      : Fetching JDBC Connection from DataSource
2026-08-11 18:45:16.545 DEBUG 10036 --- [nio-9060-exec-6] o.s.jdbc.core.JdbcTemplate               : Executing prepared SQL query
2026-08-11 18:45:16.545 DEBUG 10036 --- [nio-9060-exec-6] o.s.jdbc.core.JdbcTemplate               : Executing prepared SQL statement [SELECT COUNT(1) FROM dbo.tbl_CierreAlmacenPR_PD WHERE CONVERT(date, Fecha) = ? AND ISNULL(E_Eliminado, 0) = 0]
2026-08-11 18:45:16.545 DEBUG 10036 --- [nio-9060-exec-6] o.s.jdbc.datasource.DataSourceUtils      : Fetching JDBC Connection from DataSource
2026-08-11 18:45:16.559 DEBUG 10036 --- [nio-9060-exec-6] o.s.jdbc.core.JdbcTemplate               : Executing prepared SQL query
2026-08-11 18:45:16.559 DEBUG 10036 --- [nio-9060-exec-6] o.s.jdbc.core.JdbcTemplate               : Executing prepared SQL statement [EXEC spx_ExisteCierreAlmacenHoyPR_PD ?]
2026-08-11 18:45:16.559 DEBUG 10036 --- [nio-9060-exec-6] o.s.jdbc.datasource.DataSourceUtils      : Fetching JDBC Connection from DataSource
2026-08-11 18:45:17.373 DEBUG 10036 --- [nio-9060-exec-6] o.s.w.s.m.m.a.HttpEntityMethodProcessor  : Using 'application/json', given [*/*] and supported [application/json, application/*+json, application/json, application/*+json]
2026-08-11 18:45:17.373 DEBUG 10036 --- [nio-9060-exec-6] o.s.w.s.m.m.a.HttpEntityMethodProcessor  : Writing [com.example.TigoStarSystem.common.ApiResponse@2274b506]
2026-08-11 18:45:17.374 DEBUG 10036 --- [nio-9060-exec-6] o.s.web.servlet.DispatcherServlet        : Completed 200 OK
2026-08-11 18:45:23.168 DEBUG 10036 --- [l-1 housekeeper] com.zaxxer.hikari.pool.HikariPool        : HikariPool-1 - keepalive: connection net.sourceforge.jtds.jdbc.JtdsConnection@28b3565d is alive
2026-08-11 18:45:26.536 DEBUG 10036 --- [ool housekeeper] com.zaxxer.hikari.pool.HikariPool        : CentralHikariPool - Before cleanup stats (total=0, active=0, idle=0, waiting=0)
2026-08-11 18:45:26.536 DEBUG 10036 --- [ool housekeeper] com.zaxxer.hikari.pool.HikariPool        : CentralHikariPool - After cleanup  stats (total=0, active=0, idle=0, waiting=0)
2026-08-11 18:45:26.536 DEBUG 10036 --- [ool housekeeper] com.zaxxer.hikari.pool.HikariPool        : CentralHikariPool - Fill pool skipped, pool is at sufficient level.
2026-08-11 18:45:26.551 DEBUG 10036 --- [l-1 housekeeper] com.zaxxer.hikari.pool.HikariPool        : HikariPool-1 - Before cleanup stats (total=1, active=0, idle=1, waiting=0)
2026-08-11 18:45:26.551 DEBUG 10036 --- [l-1 housekeeper] com.zaxxer.hikari.pool.HikariPool        : HikariPool-1 - After cleanup  stats (total=1, active=0, idle=1, waiting=0)
2026-08-11 18:45:26.551 DEBUG 10036 --- [l-1 housekeeper] com.zaxxer.hikari.pool.HikariPool        : HikariPool-1 - Fill pool skipped, pool is at sufficient level.
2026-08-11 18:45:26.891 DEBUG 10036 --- [ool housekeeper] com.zaxxer.hikari.pool.HikariPool        : TigoHogarHikariPool - Before cleanup stats (total=0, active=0, idle=0, waiting=0)
2026-08-11 18:45:26.891 DEBUG 10036 --- [ool housekeeper] com.zaxxer.hikari.pool.HikariPool        : TigoHogarHikariPool - After cleanup  stats (total=0, active=0, idle=0, waiting=0)
2026-08-11 18:45:26.891 DEBUG 10036 --- [ool housekeeper] com.zaxxer.hikari.pool.HikariPool        : TigoHogarHikariPool - Fill pool skipped, pool is at sufficient level.
2026-08-11 18:45:43.075 DEBUG 10036 --- [ruz housekeeper] com.zaxxer.hikari.pool.HikariPool        : ConnDb-SantaCruz - Before cleanup stats (total=1, active=0, idle=1, waiting=0)
2026-08-11 18:45:43.075 DEBUG 10036 --- [ruz housekeeper] com.zaxxer.hikari.pool.HikariPool        : ConnDb-SantaCruz - After cleanup  stats (total=1, active=0, idle=1, waiting=0)
2026-08-11 18:45:43.075 DEBUG 10036 --- [ruz housekeeper] com.zaxxer.hikari.pool.HikariPool        : ConnDb-SantaCruz - Fill pool skipped, pool is at sufficient level.
2026-08-11 18:45:45.451 DEBUG 10036 --- [nio-9060-exec-2] o.s.web.servlet.DispatcherServlet        : GET "/tecnico/inicio-jornada/estado", parameters={}
2026-08-11 18:45:45.451 DEBUG 10036 --- [nio-9060-exec-1] o.s.web.servlet.DispatcherServlet        : GET "/ot/modificar-hoy?_ts=1786488345119&idSucursal=9", parameters={masked}
2026-08-11 18:45:45.451 DEBUG 10036 --- [nio-9060-exec-2] s.w.s.m.m.a.RequestMappingHandlerMapping : Mapped to com.example.TigoStarSystem.tecnicoiniciojornada.controller.TecnicoInicioJornadaController#estado(String, String)
2026-08-11 18:45:45.451 DEBUG 10036 --- [nio-9060-exec-1] s.w.s.m.m.a.RequestMappingHandlerMapping : Mapped to com.example.TigoStarSystem.ot.controller.OtController#listarOtModificablesHoy(String)
2026-08-11 18:45:45.452 DEBUG 10036 --- [nio-9060-exec-3] o.s.web.servlet.DispatcherServlet        : GET "/tecnico/inicio-jornada/cierre-estado", parameters={}
2026-08-11 18:45:45.452 DEBUG 10036 --- [nio-9060-exec-3] s.w.s.m.m.a.RequestMappingHandlerMapping : Mapped to com.example.TigoStarSystem.tecnicoiniciojornada.controller.TecnicoInicioJornadaController#estadoCierre(String)
2026-08-11 18:45:45.455 DEBUG 10036 --- [nio-9060-exec-1] o.s.jdbc.core.JdbcTemplate               : Executing prepared SQL query
2026-08-11 18:45:45.456 DEBUG 10036 --- [nio-9060-exec-1] o.s.jdbc.core.JdbcTemplate               : Executing prepared SQL statement [SELECT DISTINCT CAST(ut.id_vendedor AS INT) AS id_vendedor FROM dbo.tbl_usuariotecnico ut WHERE ut.id_usuario = ? AND ISNULL(ut.e_eliminado, 0) = 0]
2026-08-11 18:45:45.456 DEBUG 10036 --- [nio-9060-exec-1] o.s.jdbc.datasource.DataSourceUtils      : Fetching JDBC Connection from DataSource
2026-08-11 18:45:45.459 DEBUG 10036 --- [nio-9060-exec-2] o.s.jdbc.core.JdbcTemplate               : Executing prepared SQL query
2026-08-11 18:45:45.459 DEBUG 10036 --- [nio-9060-exec-2] o.s.jdbc.core.JdbcTemplate               : Executing prepared SQL statement [EXEC dbo.SP_InicioJornada_MarcarNoCierreAtrasado ?]
2026-08-11 18:45:45.459 DEBUG 10036 --- [nio-9060-exec-3] o.s.jdbc.core.JdbcTemplate               : Executing prepared SQL query
2026-08-11 18:45:45.459 DEBUG 10036 --- [nio-9060-exec-2] o.s.jdbc.datasource.DataSourceUtils      : Fetching JDBC Connection from DataSource
2026-08-11 18:45:45.459 DEBUG 10036 --- [nio-9060-exec-3] o.s.jdbc.core.JdbcTemplate               : Executing prepared SQL statement [EXEC dbo.SP_InicioJornada_MarcarNoCierreAtrasado ?]
2026-08-11 18:45:45.459 DEBUG 10036 --- [nio-9060-exec-3] o.s.jdbc.datasource.DataSourceUtils      : Fetching JDBC Connection from DataSource
2026-08-11 18:45:45.509 DEBUG 10036 --- [nio-9060-exec-1] o.s.jdbc.core.JdbcTemplate               : Executing prepared SQL query
2026-08-11 18:45:45.509 DEBUG 10036 --- [nio-9060-exec-1] o.s.jdbc.core.JdbcTemplate               : Executing prepared SQL statement [SELECT v.Id_Venta AS idVenta, v.OrdenTrabajo AS ordenTrabajo, v.CodigoCliente AS codigoCliente, v.Id_Ruta AS idRuta, v.Id_Vendedor AS idVendedor, v.Fecha_Ejecucion AS fechaEjecucion, v.FechaHoraDetalle AS fechaHoraDetalle, v.Id_Estado AS idEstado, ISNULL(r.Nombre, '') AS grupo, ISNULL(e.Nombre, '') AS estado FROM dbo.tbl_Venta v LEFT JOIN dbo.tbl_Ruta r ON r.Id_Ruta = v.Id_Ruta LEFT JOIN dbo.tbl_Estado e ON e.Id_Estado = v.Id_Estado WHERE ISNULL(v.E_Eliminado, 0) = 0 AND v.FechaHoraDetalle IS NOT NULL AND CONVERT(DATE, v.FechaHoraDetalle) = ? AND v.Id_Vendedor IN (?, ?) ORDER BY v.FechaHoraDetalle DESC, v.Id_Venta DESC]
2026-08-11 18:45:45.509 DEBUG 10036 --- [nio-9060-exec-1] o.s.jdbc.datasource.DataSourceUtils      : Fetching JDBC Connection from DataSource
2026-08-11 18:45:45.657  INFO 10036 --- [onnection adder] com.zaxxer.hikari.pool.PoolBase          : TigoHogarHikariPool - Driver does not support get/set network timeout for connections. (null)
2026-08-11 18:45:45.659 DEBUG 10036 --- [onnection adder] com.zaxxer.hikari.pool.HikariPool        : TigoHogarHikariPool - Added connection net.sourceforge.jtds.jdbc.JtdsConnection@1fd5a4b6
2026-08-11 18:45:45.668 DEBUG 10036 --- [nio-9060-exec-3] o.s.jdbc.core.JdbcTemplate               : Executing prepared SQL query
2026-08-11 18:45:45.669 DEBUG 10036 --- [nio-9060-exec-3] o.s.jdbc.core.JdbcTemplate               : Executing prepared SQL statement [SELECT TOP 1 ultimo.id_inicio, ultimo.id_tecnico, ultimo.id_encargado, ultimo.fecha_registro, ultimo.fecha_cierre, ultimo.pendiente, ultimo.no_marco_cierre FROM (   SELECT TOP 1 id_inicio, id_tecnico, id_encargado, fecha_registro, fecha_cierre, pendiente, no_marco_cierre, e_eliminado   FROM dbo.tbl_InicioJornadaAlturas   WHERE id_tecnico = ?     AND CAST(fecha_registro AS DATE) < CAST(GETDATE() AS DATE)   ORDER BY fecha_registro DESC, id_inicio DESC ) ultimo WHERE fecha_cierre IS NULL   AND ISNULL(e_eliminado, 0) = 0   AND ISNULL(no_marco_cierre, 0) = 1]
2026-08-11 18:45:45.669 DEBUG 10036 --- [nio-9060-exec-3] o.s.jdbc.datasource.DataSourceUtils      : Fetching JDBC Connection from DataSource
2026-08-11 18:45:45.673 DEBUG 10036 --- [nio-9060-exec-2] o.s.jdbc.core.JdbcTemplate               : Executing prepared SQL query
2026-08-11 18:45:45.673 DEBUG 10036 --- [nio-9060-exec-2] o.s.jdbc.core.JdbcTemplate               : Executing prepared SQL statement [SELECT TOP 1 ultimo.id_inicio, ultimo.id_tecnico, ultimo.id_encargado, ultimo.fecha_registro, ultimo.fecha_cierre, ultimo.pendiente, ultimo.no_marco_cierre FROM (   SELECT TOP 1 id_inicio, id_tecnico, id_encargado, fecha_registro, fecha_cierre, pendiente, no_marco_cierre, e_eliminado   FROM dbo.tbl_InicioJornadaAlturas   WHERE id_tecnico = ?     AND CAST(fecha_registro AS DATE) < CAST(GETDATE() AS DATE)   ORDER BY fecha_registro DESC, id_inicio DESC ) ultimo WHERE fecha_cierre IS NULL   AND ISNULL(e_eliminado, 0) = 0   AND ISNULL(no_marco_cierre, 0) = 1]
2026-08-11 18:45:45.673 DEBUG 10036 --- [nio-9060-exec-2] o.s.jdbc.datasource.DataSourceUtils      : Fetching JDBC Connection from DataSource
2026-08-11 18:45:45.679 DEBUG 10036 --- [nio-9060-exec-3] o.s.jdbc.core.JdbcTemplate               : Executing prepared SQL query
2026-08-11 18:45:45.679 DEBUG 10036 --- [nio-9060-exec-3] o.s.jdbc.core.JdbcTemplate               : Executing prepared SQL statement [EXEC dbo.SP_InicioJornada_EstadoCierreHoy ?]
2026-08-11 18:45:45.679 DEBUG 10036 --- [nio-9060-exec-3] o.s.jdbc.datasource.DataSourceUtils      : Fetching JDBC Connection from DataSource
2026-08-11 18:45:45.679 DEBUG 10036 --- [nio-9060-exec-3] com.zaxxer.hikari.pool.HikariPool        : TigoHogarHikariPool - Add connection elided, waiting 1, queue 2
2026-08-11 18:45:45.682 DEBUG 10036 --- [nio-9060-exec-2] o.s.jdbc.core.JdbcTemplate               : Executing prepared SQL query
2026-08-11 18:45:45.682 DEBUG 10036 --- [nio-9060-exec-2] o.s.jdbc.core.JdbcTemplate               : Executing prepared SQL statement [EXEC dbo.SP_InicioJornada_ExisteRegistroHoy ?]
2026-08-11 18:45:45.682 DEBUG 10036 --- [nio-9060-exec-2] o.s.jdbc.datasource.DataSourceUtils      : Fetching JDBC Connection from DataSource
2026-08-11 18:45:45.682 DEBUG 10036 --- [nio-9060-exec-2] com.zaxxer.hikari.pool.HikariPool        : TigoHogarHikariPool - Add connection elided, waiting 1, queue 2
2026-08-11 18:45:45.686 DEBUG 10036 --- [nio-9060-exec-3] o.s.jdbc.core.JdbcTemplate               : Executing prepared SQL query
2026-08-11 18:45:45.686 DEBUG 10036 --- [nio-9060-exec-3] o.s.jdbc.core.JdbcTemplate               : Executing prepared SQL statement [EXEC dbo.SP_InicioJornada_CountNoMarco ?]
2026-08-11 18:45:45.686 DEBUG 10036 --- [nio-9060-exec-3] o.s.jdbc.datasource.DataSourceUtils      : Fetching JDBC Connection from DataSource
2026-08-11 18:45:45.686 DEBUG 10036 --- [nio-9060-exec-3] com.zaxxer.hikari.pool.HikariPool        : TigoHogarHikariPool - Add connection elided, waiting 1, queue 2
2026-08-11 18:45:45.689 DEBUG 10036 --- [nio-9060-exec-2] o.s.jdbc.core.JdbcTemplate               : Executing SQL query [EXEC dbo.spx_ObtenerSucursalesConexionWeb]
2026-08-11 18:45:45.689 DEBUG 10036 --- [nio-9060-exec-2] o.s.jdbc.datasource.DataSourceUtils      : Fetching JDBC Connection from DataSource
2026-08-11 18:45:45.698 DEBUG 10036 --- [nio-9060-exec-3] o.s.w.s.m.m.a.HttpEntityMethodProcessor  : Using 'application/json', given [application/json, text/plain, */*] and supported [application/json, application/*+json, application/json, application/*+json]
2026-08-11 18:45:45.698 DEBUG 10036 --- [nio-9060-exec-3] o.s.w.s.m.m.a.HttpEntityMethodProcessor  : Writing [com.example.TigoStarSystem.common.ApiResponse@c2159fa]
2026-08-11 18:45:45.698 DEBUG 10036 --- [nio-9060-exec-3] o.s.web.servlet.DispatcherServlet        : Completed 200 OK
2026-08-11 18:45:45.955 DEBUG 10036 --- [onnection adder] com.zaxxer.hikari.pool.HikariPool        : TigoHogarHikariPool - Added connection net.sourceforge.jtds.jdbc.JtdsConnection@1112593c
2026-08-11 18:45:46.006 DEBUG 10036 --- [onnection adder] com.zaxxer.hikari.pool.HikariPool        : HikariPool-1 - Added connection net.sourceforge.jtds.jdbc.JtdsConnection@79bed28e
2026-08-11 18:45:46.012 DEBUG 10036 --- [nio-9060-exec-2] o.s.jdbc.core.JdbcTemplate               : Executing SQL query [EXEC dbo.spx_ObtenerSucursalesConexionWeb]
2026-08-11 18:45:46.012 DEBUG 10036 --- [nio-9060-exec-2] o.s.jdbc.datasource.DataSourceUtils      : Fetching JDBC Connection from DataSource
2026-08-11 18:45:46.015 DEBUG 10036 --- [nio-9060-exec-2] com.zaxxer.hikari.HikariConfig           : Driver class net.sourceforge.jtds.jdbc.Driver found in Thread context class loader TomcatEmbeddedWebappClassLoader
  context: ROOT
  delegate: true
----------> Parent Classloader:
sun.misc.Launcher$AppClassLoader@7506e922

2026-08-11 18:45:46.015 DEBUG 10036 --- [nio-9060-exec-2] com.zaxxer.hikari.HikariConfig           : ConnDb-inicio-jornada-9 - configuration:
2026-08-11 18:45:46.016 DEBUG 10036 --- [nio-9060-exec-2] com.zaxxer.hikari.HikariConfig           : allowPoolSuspension................................false
2026-08-11 18:45:46.016 DEBUG 10036 --- [nio-9060-exec-2] com.zaxxer.hikari.HikariConfig           : autoCommit................................true
2026-08-11 18:45:46.016 DEBUG 10036 --- [nio-9060-exec-2] com.zaxxer.hikari.HikariConfig           : catalog................................none
2026-08-11 18:45:46.016 DEBUG 10036 --- [nio-9060-exec-2] com.zaxxer.hikari.HikariConfig           : connectionInitSql................................none
2026-08-11 18:45:46.016 DEBUG 10036 --- [nio-9060-exec-2] com.zaxxer.hikari.HikariConfig           : connectionTestQuery................................"SELECT 1"
2026-08-11 18:45:46.016 DEBUG 10036 --- [nio-9060-exec-2] com.zaxxer.hikari.HikariConfig           : connectionTimeout................................30000
2026-08-11 18:45:46.016 DEBUG 10036 --- [nio-9060-exec-2] com.zaxxer.hikari.HikariConfig           : dataSource................................none
2026-08-11 18:45:46.016 DEBUG 10036 --- [nio-9060-exec-2] com.zaxxer.hikari.HikariConfig           : dataSourceClassName................................none
2026-08-11 18:45:46.016 DEBUG 10036 --- [nio-9060-exec-2] com.zaxxer.hikari.HikariConfig           : dataSourceJNDI................................none
2026-08-11 18:45:46.016 DEBUG 10036 --- [nio-9060-exec-2] com.zaxxer.hikari.HikariConfig           : dataSourceProperties................................{password=<masked>}
2026-08-11 18:45:46.016 DEBUG 10036 --- [nio-9060-exec-2] com.zaxxer.hikari.HikariConfig           : driverClassName................................"net.sourceforge.jtds.jdbc.Driver"
2026-08-11 18:45:46.016 DEBUG 10036 --- [nio-9060-exec-2] com.zaxxer.hikari.HikariConfig           : exceptionOverrideClassName................................none
2026-08-11 18:45:46.016 DEBUG 10036 --- [nio-9060-exec-2] com.zaxxer.hikari.HikariConfig           : healthCheckProperties................................{}
2026-08-11 18:45:46.016 DEBUG 10036 --- [nio-9060-exec-2] com.zaxxer.hikari.HikariConfig           : healthCheckRegistry................................none
2026-08-11 18:45:46.016 DEBUG 10036 --- [nio-9060-exec-2] com.zaxxer.hikari.HikariConfig           : idleTimeout................................600000
2026-08-11 18:45:46.016 DEBUG 10036 --- [nio-9060-exec-2] com.zaxxer.hikari.HikariConfig           : initializationFailTimeout................................-1
2026-08-11 18:45:46.016 DEBUG 10036 --- [nio-9060-exec-2] com.zaxxer.hikari.HikariConfig           : isolateInternalQueries................................false
2026-08-11 18:45:46.017 DEBUG 10036 --- [nio-9060-exec-2] com.zaxxer.hikari.HikariConfig           : jdbcUrl................................jdbc:jtds:sqlserver://tigo.makiro.com.bo/bdpruebas2;socketTimeout=0;loginTimeout=60
2026-08-11 18:45:46.017 DEBUG 10036 --- [nio-9060-exec-2] com.zaxxer.hikari.HikariConfig           : keepaliveTime................................0
2026-08-11 18:45:46.017 DEBUG 10036 --- [nio-9060-exec-2] com.zaxxer.hikari.HikariConfig           : leakDetectionThreshold................................0
2026-08-11 18:45:46.017 DEBUG 10036 --- [nio-9060-exec-2] com.zaxxer.hikari.HikariConfig           : maxLifetime................................1800000
2026-08-11 18:45:46.017 DEBUG 10036 --- [nio-9060-exec-2] com.zaxxer.hikari.HikariConfig           : maximumPoolSize................................5
2026-08-11 18:45:46.017 DEBUG 10036 --- [nio-9060-exec-2] com.zaxxer.hikari.HikariConfig           : metricRegistry................................none
2026-08-11 18:45:46.017 DEBUG 10036 --- [nio-9060-exec-2] com.zaxxer.hikari.HikariConfig           : metricsTrackerFactory................................none
2026-08-11 18:45:46.017 DEBUG 10036 --- [nio-9060-exec-2] com.zaxxer.hikari.HikariConfig           : minimumIdle................................0
2026-08-11 18:45:46.017 DEBUG 10036 --- [nio-9060-exec-2] com.zaxxer.hikari.HikariConfig           : password................................<masked>
2026-08-11 18:45:46.017 DEBUG 10036 --- [nio-9060-exec-2] com.zaxxer.hikari.HikariConfig           : poolName................................"ConnDb-inicio-jornada-9"
2026-08-11 18:45:46.017 DEBUG 10036 --- [nio-9060-exec-2] com.zaxxer.hikari.HikariConfig           : readOnly................................false
2026-08-11 18:45:46.017 DEBUG 10036 --- [nio-9060-exec-2] com.zaxxer.hikari.HikariConfig           : registerMbeans................................false
2026-08-11 18:45:46.017 DEBUG 10036 --- [nio-9060-exec-2] com.zaxxer.hikari.HikariConfig           : scheduledExecutor................................none
2026-08-11 18:45:46.017 DEBUG 10036 --- [nio-9060-exec-2] com.zaxxer.hikari.HikariConfig           : schema................................none
2026-08-11 18:45:46.017 DEBUG 10036 --- [nio-9060-exec-2] com.zaxxer.hikari.HikariConfig           : threadFactory................................internal
2026-08-11 18:45:46.017 DEBUG 10036 --- [nio-9060-exec-2] com.zaxxer.hikari.HikariConfig           : transactionIsolation................................default
2026-08-11 18:45:46.017 DEBUG 10036 --- [nio-9060-exec-2] com.zaxxer.hikari.HikariConfig           : username................................"sistemas"
2026-08-11 18:45:46.017 DEBUG 10036 --- [nio-9060-exec-2] com.zaxxer.hikari.HikariConfig           : validationTimeout................................5000
2026-08-11 18:45:46.017  INFO 10036 --- [nio-9060-exec-2] com.zaxxer.hikari.HikariDataSource       : ConnDb-inicio-jornada-9 - Starting...
2026-08-11 18:45:46.018  INFO 10036 --- [nio-9060-exec-2] com.zaxxer.hikari.HikariDataSource       : ConnDb-inicio-jornada-9 - Start completed.
2026-08-11 18:45:46.018 DEBUG 10036 --- [nio-9060-exec-2] o.s.jdbc.core.JdbcTemplate               : Executing prepared SQL query
2026-08-11 18:45:46.018 DEBUG 10036 --- [nio-9060-exec-2] o.s.jdbc.core.JdbcTemplate               : Executing prepared SQL statement [SELECT TOP 1 CAST(c.idUsuarioSupervisor AS INT) AS idEncargado, CAST(c.supervisorACargo AS NVARCHAR(200)) AS encargado, CAST(c.id AS INT) AS idConformacion, CAST(c.id_tecnicoAuxiliar AS INT) AS idAuxiliar, CAST(c.auxiliar AS NVARCHAR(250)) AS auxiliar, c.sucursal, c.fecha, c.fechaRegistro FROM dbo.tbl_ConformacionCuadrillaDiario c WHERE ISNULL(c.e_eliminado, 0) = 0   AND CONVERT(date, c.fecha) = CONVERT(date, GETDATE())   AND (? IS NULL OR LOWER(REPLACE(REPLACE(REPLACE(LTRIM(RTRIM(ISNULL(c.sucursal, ''))), '_', ''), '-', ''), ' ', '')) =                   LOWER(REPLACE(REPLACE(REPLACE(LTRIM(RTRIM(?)), '_', ''), '-', ''), ' ', '')))   AND (        (? > 0 AND (? = c.id_tecnico OR ? = c.id_tecnicoAuxiliar))        OR (? <> '' AND (            LOWER(LTRIM(RTRIM(ISNULL(c.tecnico, '')))) = ?            OR LOWER(LTRIM(RTRIM(ISNULL(c.auxiliar, '')))) = ?        ))   ) ORDER BY ISNULL(c.fechaRegistro, '19000101') DESC, c.id DESC]
2026-08-11 18:45:46.018 DEBUG 10036 --- [nio-9060-exec-2] o.s.jdbc.datasource.DataSourceUtils      : Fetching JDBC Connection from DataSource
2026-08-11 18:45:46.096 DEBUG 10036 --- [nio-9060-exec-1] o.s.jdbc.core.JdbcTemplate               : Executing prepared SQL query
2026-08-11 18:45:46.096 DEBUG 10036 --- [nio-9060-exec-1] o.s.jdbc.core.JdbcTemplate               : Executing prepared SQL statement [SELECT cv.Id_CodigoVenta AS idCodigoVenta, cv.Id_Venta AS idVenta, cv.Id_Producto AS idProducto, p.Nombre AS producto, cv.Id_TipoMaterial AS idTipoMaterial, tm.Nombre AS tipoMaterial, cv.Cantidad AS cantidad, cv.Cod_Inicio AS serie, cv.ChipID AS chipId FROM dbo.tbl_CodigoVenta cv LEFT JOIN dbo.tbl_Producto p ON p.Id_Producto = cv.Id_Producto LEFT JOIN dbo.tbl_TipoMaterial tm ON tm.Id_TipoMaterial = cv.Id_TipoMaterial WHERE cv.Id_Venta = ? AND ISNULL(cv.E_Eliminado, 0) = 0 AND cv.Id_TipoMaterial = 1 AND NULLIF(LTRIM(RTRIM(ISNULL(cv.Cod_Inicio, ''))), '') IS NULL AND NULLIF(LTRIM(RTRIM(ISNULL(cv.ChipID, ''))), '') IS NULL ORDER BY p.Nombre, cv.Id_CodigoVenta]
2026-08-11 18:45:46.096 DEBUG 10036 --- [nio-9060-exec-1] o.s.jdbc.datasource.DataSourceUtils      : Fetching JDBC Connection from DataSource
2026-08-11 18:45:46.116 DEBUG 10036 --- [nio-9060-exec-1] o.s.jdbc.core.JdbcTemplate               : Executing prepared SQL query
2026-08-11 18:45:46.116 DEBUG 10036 --- [nio-9060-exec-1] o.s.jdbc.core.JdbcTemplate               : Executing prepared SQL statement [EXEC spx_ValidarCuadreRuta ?, ?]
2026-08-11 18:45:46.116 DEBUG 10036 --- [nio-9060-exec-1] o.s.jdbc.datasource.DataSourceUtils      : Fetching JDBC Connection from DataSource
2026-08-11 18:45:46.127 DEBUG 10036 --- [a-9 housekeeper] com.zaxxer.hikari.pool.HikariPool        : ConnDb-inicio-jornada-9 - Before cleanup stats (total=0, active=0, idle=0, waiting=0)
2026-08-11 18:45:46.127 DEBUG 10036 --- [a-9 housekeeper] com.zaxxer.hikari.pool.HikariPool        : ConnDb-inicio-jornada-9 - After cleanup  stats (total=0, active=0, idle=0, waiting=0)
2026-08-11 18:45:46.127 DEBUG 10036 --- [a-9 housekeeper] com.zaxxer.hikari.pool.HikariPool        : ConnDb-inicio-jornada-9 - Fill pool skipped, pool is at sufficient level.
2026-08-11 18:45:46.133 DEBUG 10036 --- [nio-9060-exec-1] o.s.jdbc.core.JdbcTemplate               : Executing prepared SQL query
2026-08-11 18:45:46.133 DEBUG 10036 --- [nio-9060-exec-1] o.s.jdbc.core.JdbcTemplate               : Executing prepared SQL statement [SELECT COUNT(1) FROM dbo.tbl_CierreAlmacen WHERE CONVERT(date, Fecha) = ? AND ISNULL(E_Eliminado, 0) = 0]
2026-08-11 18:45:46.133 DEBUG 10036 --- [nio-9060-exec-1] o.s.jdbc.datasource.DataSourceUtils      : Fetching JDBC Connection from DataSource
2026-08-11 18:45:46.138 DEBUG 10036 --- [nio-9060-exec-1] o.s.jdbc.core.JdbcTemplate               : Executing prepared SQL query
2026-08-11 18:45:46.138 DEBUG 10036 --- [nio-9060-exec-1] o.s.jdbc.core.JdbcTemplate               : Executing prepared SQL statement [EXEC spx_ExisteCierreAlmacenHoy ?]
2026-08-11 18:45:46.138 DEBUG 10036 --- [nio-9060-exec-1] o.s.jdbc.datasource.DataSourceUtils      : Fetching JDBC Connection from DataSource
2026-08-11 18:45:46.253  INFO 10036 --- [onnection adder] com.zaxxer.hikari.pool.PoolBase          : CentralHikariPool - Driver does not support get/set network timeout for connections. (null)
2026-08-11 18:45:46.261 DEBUG 10036 --- [onnection adder] com.zaxxer.hikari.pool.HikariPool        : CentralHikariPool - Added connection net.sourceforge.jtds.jdbc.JtdsConnection@3a07048b
2026-08-11 18:45:46.279 DEBUG 10036 --- [nio-9060-exec-2] o.s.jdbc.core.JdbcTemplate               : Executing prepared SQL query
2026-08-11 18:45:46.279 DEBUG 10036 --- [nio-9060-exec-2] o.s.jdbc.core.JdbcTemplate               : Executing prepared SQL statement [SELECT TOP 1 Nombre FROM dbo.tbl_Usuario WHERE Id_Usuario = ? AND ISNULL(E_Eliminado,0)=0]
2026-08-11 18:45:46.279 DEBUG 10036 --- [nio-9060-exec-2] o.s.jdbc.datasource.DataSourceUtils      : Fetching JDBC Connection from DataSource
2026-08-11 18:45:46.527  INFO 10036 --- [onnection adder] com.zaxxer.hikari.pool.PoolBase          : ConnDb-inicio-jornada-9 - Driver does not support get/set network timeout for connections. (null)
2026-08-11 18:45:46.531 DEBUG 10036 --- [onnection adder] com.zaxxer.hikari.pool.HikariPool        : ConnDb-inicio-jornada-9 - Added connection net.sourceforge.jtds.jdbc.JtdsConnection@62a8d71c
2026-08-11 18:45:46.540 DEBUG 10036 --- [nio-9060-exec-2] o.s.w.s.m.m.a.HttpEntityMethodProcessor  : Using 'application/json', given [application/json, text/plain, */*] and supported [application/json, application/*+json, application/json, application/*+json]
2026-08-11 18:45:46.540 DEBUG 10036 --- [nio-9060-exec-2] o.s.w.s.m.m.a.HttpEntityMethodProcessor  : Writing [com.example.TigoStarSystem.common.ApiResponse@19e22ee6]
2026-08-11 18:45:46.541 DEBUG 10036 --- [nio-9060-exec-2] o.s.web.servlet.DispatcherServlet        : Completed 200 OK
2026-08-11 18:45:48.250 DEBUG 10036 --- [nio-9060-exec-1] o.s.jdbc.core.JdbcTemplate               : Executing prepared SQL query
2026-08-11 18:45:48.250 DEBUG 10036 --- [nio-9060-exec-1] o.s.jdbc.core.JdbcTemplate               : Executing prepared SQL statement [SELECT COUNT(1) FROM dbo.tbl_CierreAlmacenPR_PD WHERE CONVERT(date, Fecha) = ? AND ISNULL(E_Eliminado, 0) = 0]
2026-08-11 18:45:48.250 DEBUG 10036 --- [nio-9060-exec-1] o.s.jdbc.datasource.DataSourceUtils      : Fetching JDBC Connection from DataSource
2026-08-11 18:45:48.261 DEBUG 10036 --- [nio-9060-exec-1] o.s.jdbc.core.JdbcTemplate               : Executing prepared SQL query
2026-08-11 18:45:48.261 DEBUG 10036 --- [nio-9060-exec-1] o.s.jdbc.core.JdbcTemplate               : Executing prepared SQL statement [EXEC spx_ExisteCierreAlmacenHoyPR_PD ?]
2026-08-11 18:45:48.261 DEBUG 10036 --- [nio-9060-exec-1] o.s.jdbc.datasource.DataSourceUtils      : Fetching JDBC Connection from DataSource
2026-08-11 18:45:49.237 DEBUG 10036 --- [nio-9060-exec-4] o.s.web.servlet.DispatcherServlet        : GET "/auth/me", parameters={}
2026-08-11 18:45:49.238 DEBUG 10036 --- [nio-9060-exec-4] s.w.s.m.m.a.RequestMappingHandlerMapping : Mapped to com.example.TigoStarSystem.auth.controller.AuthController#me(String)
2026-08-11 18:45:49.244 DEBUG 10036 --- [nio-9060-exec-4] o.s.w.s.m.m.a.HttpEntityMethodProcessor  : Using 'application/json', given [application/json, text/plain, */*] and supported [application/json, application/*+json, application/json, application/*+json]
2026-08-11 18:45:49.244 DEBUG 10036 --- [nio-9060-exec-4] o.s.w.s.m.m.a.HttpEntityMethodProcessor  : Writing [com.example.TigoStarSystem.common.ApiResponse@502aaf3f]
2026-08-11 18:45:49.246 DEBUG 10036 --- [nio-9060-exec-4] o.s.web.servlet.DispatcherServlet        : Completed 200 OK
2026-08-11 18:45:49.251 DEBUG 10036 --- [nio-9060-exec-5] o.s.web.servlet.DispatcherServlet        : GET "/auth/me", parameters={}
2026-08-11 18:45:49.251 DEBUG 10036 --- [nio-9060-exec-5] s.w.s.m.m.a.RequestMappingHandlerMapping : Mapped to com.example.TigoStarSystem.auth.controller.AuthController#me(String)
2026-08-11 18:45:49.254 DEBUG 10036 --- [nio-9060-exec-5] o.s.w.s.m.m.a.HttpEntityMethodProcessor  : Using 'application/json', given [application/json, text/plain, */*] and supported [application/json, application/*+json, application/json, application/*+json]
2026-08-11 18:45:49.254 DEBUG 10036 --- [nio-9060-exec-5] o.s.w.s.m.m.a.HttpEntityMethodProcessor  : Writing [com.example.TigoStarSystem.common.ApiResponse@6983dde9]
2026-08-11 18:45:49.255 DEBUG 10036 --- [nio-9060-exec-5] o.s.web.servlet.DispatcherServlet        : Completed 200 OK
2026-08-11 18:45:49.280 DEBUG 10036 --- [nio-9060-exec-9] o.s.web.servlet.DispatcherServlet        : GET "/auth/permisos", parameters={}
2026-08-11 18:45:49.280 DEBUG 10036 --- [nio-9060-exec-9] s.w.s.m.m.a.RequestMappingHandlerMapping : Mapped to com.example.TigoStarSystem.auth.controller.AuthPermisosController#permisos(String)
2026-08-11 18:45:49.283 DEBUG 10036 --- [nio-9060-exec-9] o.s.jdbc.core.JdbcTemplate               : Executing prepared SQL query
2026-08-11 18:45:49.283 DEBUG 10036 --- [nio-9060-exec-9] o.s.jdbc.core.JdbcTemplate               : Executing prepared SQL statement [SELECT TOP 1 CAST(ut.id AS INT) AS id_usuario_tecnico FROM dbo.tbl_UsuarioTecnico ut WHERE (ut.id_usuario = ? OR ut.idusuario = ? OR ut.id_tecnico = ? OR ut.idtecnico = ?)   AND ISNULL(ut.e_eliminado, 0) = 0]
2026-08-11 18:45:49.283 DEBUG 10036 --- [nio-9060-exec-9] o.s.jdbc.datasource.DataSourceUtils      : Fetching JDBC Connection from DataSource
2026-08-11 18:45:49.367 DEBUG 10036 --- [nio-9060-exec-9] o.s.jdbc.datasource.DataSourceUtils      : Fetching JDBC Connection from DataSource
2026-08-11 18:45:49.374 DEBUG 10036 --- [nio-9060-exec-9] o.s.jdbc.core.JdbcTemplate               : Executing prepared SQL query
2026-08-11 18:45:49.375 DEBUG 10036 --- [nio-9060-exec-9] o.s.jdbc.core.JdbcTemplate               : Executing prepared SQL statement [SELECT TOP 1 CAST(ut.Id AS INT) AS id_usuario_tecnico FROM dbo.tbl_UsuarioTecnico ut WHERE (ut.Id_Usuario = ? OR ut.IdUsuario = ? OR ut.Id_Tecnico = ? OR ut.IdTecnico = ?)   AND ISNULL(ut.E_Eliminado, 0) = 0]
2026-08-11 18:45:49.375 DEBUG 10036 --- [nio-9060-exec-9] o.s.jdbc.datasource.DataSourceUtils      : Fetching JDBC Connection from DataSource
2026-08-11 18:45:49.384 DEBUG 10036 --- [nio-9060-exec-9] o.s.jdbc.core.JdbcTemplate               : Executing prepared SQL query
2026-08-11 18:45:49.385 DEBUG 10036 --- [nio-9060-exec-9] o.s.jdbc.core.JdbcTemplate               : Executing prepared SQL statement [SELECT TOP 1 CAST(ut.id AS INT) AS id_usuario_tecnico FROM dbo.tbl_usuariotecnico ut WHERE (ut.id_usuario = ? OR ut.idusuario = ? OR ut.id_tecnico = ? OR ut.idtecnico = ?)   AND ISNULL(ut.e_eliminado, 0) = 0]
2026-08-11 18:45:49.385 DEBUG 10036 --- [nio-9060-exec-9] o.s.jdbc.datasource.DataSourceUtils      : Fetching JDBC Connection from DataSource
2026-08-11 18:45:49.402 DEBUG 10036 --- [nio-9060-exec-9] o.s.jdbc.core.JdbcTemplate               : Executing prepared SQL query
2026-08-11 18:45:49.402 DEBUG 10036 --- [nio-9060-exec-9] o.s.jdbc.core.JdbcTemplate               : Executing prepared SQL statement [SELECT TOP 1 CAST(ut.id AS INT) AS id_usuario_tecnico FROM dbo.tbl_usuaritecnico ut WHERE (ut.id_usuario = ? OR ut.idusuario = ? OR ut.id_tecnico = ? OR ut.idtecnico = ?)   AND ISNULL(ut.e_eliminado, 0) = 0]
2026-08-11 18:45:49.402 DEBUG 10036 --- [nio-9060-exec-9] o.s.jdbc.datasource.DataSourceUtils      : Fetching JDBC Connection from DataSource
2026-08-11 18:45:49.410 DEBUG 10036 --- [nio-9060-exec-9] o.s.jdbc.core.JdbcTemplate               : Executing prepared SQL query
2026-08-11 18:45:49.410 DEBUG 10036 --- [nio-9060-exec-9] o.s.jdbc.core.JdbcTemplate               : Executing prepared SQL statement [SELECT TOP 1 CAST(ut.id_vendedor AS INT) AS id_vendedor FROM dbo.tbl_UsuarioTecnico ut WHERE (ut.id_usuario = ? OR ut.idusuario = ? OR ut.id = ? OR ut.id_tecnico = ? OR ut.idtecnico = ?)   AND ISNULL(ut.e_eliminado, 0) = 0 AND ut.id_vendedor IS NOT NULL]
2026-08-11 18:45:49.410 DEBUG 10036 --- [nio-9060-exec-9] o.s.jdbc.datasource.DataSourceUtils      : Fetching JDBC Connection from DataSource
2026-08-11 18:45:49.418 DEBUG 10036 --- [nio-9060-exec-9] o.s.jdbc.core.JdbcTemplate               : Executing prepared SQL query
2026-08-11 18:45:49.418 DEBUG 10036 --- [nio-9060-exec-9] o.s.jdbc.core.JdbcTemplate               : Executing prepared SQL statement [SELECT TOP 1 CAST(ut.Id_Vendedor AS INT) AS id_vendedor FROM dbo.tbl_UsuarioTecnico ut WHERE (ut.Id_Usuario = ? OR ut.IdUsuario = ? OR ut.Id = ? OR ut.Id_Tecnico = ? OR ut.IdTecnico = ?)   AND ISNULL(ut.E_Eliminado, 0) = 0 AND ut.Id_Vendedor IS NOT NULL]
2026-08-11 18:45:49.418 DEBUG 10036 --- [nio-9060-exec-9] o.s.jdbc.datasource.DataSourceUtils      : Fetching JDBC Connection from DataSource
2026-08-11 18:45:49.424 DEBUG 10036 --- [nio-9060-exec-9] o.s.jdbc.core.JdbcTemplate               : Executing prepared SQL query
2026-08-11 18:45:49.424 DEBUG 10036 --- [nio-9060-exec-9] o.s.jdbc.core.JdbcTemplate               : Executing prepared SQL statement [SELECT TOP 1 CAST(ut.idvendedor AS INT) AS id_vendedor FROM dbo.tbl_usuariotecnico ut WHERE (ut.id_usuario = ? OR ut.idusuario = ? OR ut.id = ? OR ut.id_tecnico = ? OR ut.idtecnico = ?)   AND ISNULL(ut.e_eliminado, 0) = 0 AND ut.idvendedor IS NOT NULL]
2026-08-11 18:45:49.424 DEBUG 10036 --- [nio-9060-exec-9] o.s.jdbc.datasource.DataSourceUtils      : Fetching JDBC Connection from DataSource
2026-08-11 18:45:49.433 DEBUG 10036 --- [nio-9060-exec-9] o.s.jdbc.core.JdbcTemplate               : Executing prepared SQL query
2026-08-11 18:45:49.433 DEBUG 10036 --- [nio-9060-exec-9] o.s.jdbc.core.JdbcTemplate               : Executing prepared SQL statement [SELECT TOP 1 g.id_grupo, ISNULL(g.supervisor_ausente, 0) AS supervisor_ausente, gb.id_grupo_backup, gb.id_usuario_tecnico_temporal, ISNULL(gb.e_activo, 0) AS backup_activo, gb.fecha_inicio, gs.id_usuario AS id_usuario_supervisor FROM dbo.tbl_Grupo g LEFT JOIN dbo.tbl_GrupoSup gs ON gs.id_grupo = g.id_grupo LEFT JOIN dbo.tbl_GrupoBackup gb        ON gb.id_grupo = g.id_grupo       AND ISNULL(gb.e_activo, 0) = 1 WHERE ISNULL(g.e_eliminado, 0) = 0   AND (gs.id_usuario = ? OR gb.id_usuario_tecnico_temporal = ? OR gb.id_usuario_tecnico_temporal = ? OR gb.id_usuario_tecnico_temporal = ?) ORDER BY CASE WHEN gb.id_usuario_tecnico_temporal = ? THEN 0               WHEN gb.id_usuario_tecnico_temporal = ? THEN 1               WHEN gb.id_usuario_tecnico_temporal = ? THEN 2 ELSE 3 END,          gb.id_grupo_backup DESC, g.id_grupo DESC]
2026-08-11 18:45:49.433 DEBUG 10036 --- [nio-9060-exec-9] o.s.jdbc.datasource.DataSourceUtils      : Fetching JDBC Connection from DataSource
2026-08-11 18:45:49.445 DEBUG 10036 --- [nio-9060-exec-9] o.s.jdbc.core.JdbcTemplate               : Executing prepared SQL query
2026-08-11 18:45:49.445 DEBUG 10036 --- [nio-9060-exec-9] o.s.jdbc.core.JdbcTemplate               : Executing prepared SQL statement [SELECT TOP 1 CAST(ut.id AS INT) AS id_usuario_tecnico FROM dbo.tbl_UsuarioTecnico ut WHERE (ut.id_usuario = ? OR ut.idusuario = ? OR ut.id_tecnico = ? OR ut.idtecnico = ?)   AND ISNULL(ut.e_eliminado, 0) = 0]
2026-08-11 18:45:49.445 DEBUG 10036 --- [nio-9060-exec-9] o.s.jdbc.datasource.DataSourceUtils      : Fetching JDBC Connection from DataSource
2026-08-11 18:45:49.489 DEBUG 10036 --- [nio-9060-exec-9] o.s.jdbc.datasource.DataSourceUtils      : Fetching JDBC Connection from DataSource
2026-08-11 18:45:49.489 DEBUG 10036 --- [nio-9060-exec-9] o.s.jdbc.core.JdbcTemplate               : Executing prepared SQL query
2026-08-11 18:45:49.489 DEBUG 10036 --- [nio-9060-exec-9] o.s.jdbc.core.JdbcTemplate               : Executing prepared SQL statement [SELECT TOP 1 CAST(ut.Id AS INT) AS id_usuario_tecnico FROM dbo.tbl_UsuarioTecnico ut WHERE (ut.Id_Usuario = ? OR ut.IdUsuario = ? OR ut.Id_Tecnico = ? OR ut.IdTecnico = ?)   AND ISNULL(ut.E_Eliminado, 0) = 0]
2026-08-11 18:45:49.489 DEBUG 10036 --- [nio-9060-exec-9] o.s.jdbc.datasource.DataSourceUtils      : Fetching JDBC Connection from DataSource
2026-08-11 18:45:49.517 DEBUG 10036 --- [nio-9060-exec-9] o.s.jdbc.core.JdbcTemplate               : Executing prepared SQL query
2026-08-11 18:45:49.517 DEBUG 10036 --- [nio-9060-exec-9] o.s.jdbc.core.JdbcTemplate               : Executing prepared SQL statement [SELECT TOP 1 CAST(ut.id AS INT) AS id_usuario_tecnico FROM dbo.tbl_usuariotecnico ut WHERE (ut.id_usuario = ? OR ut.idusuario = ? OR ut.id_tecnico = ? OR ut.idtecnico = ?)   AND ISNULL(ut.e_eliminado, 0) = 0]
2026-08-11 18:45:49.517 DEBUG 10036 --- [nio-9060-exec-9] o.s.jdbc.datasource.DataSourceUtils      : Fetching JDBC Connection from DataSource
2026-08-11 18:45:49.541 DEBUG 10036 --- [nio-9060-exec-9] o.s.jdbc.core.JdbcTemplate               : Executing prepared SQL query
2026-08-11 18:45:49.541 DEBUG 10036 --- [nio-9060-exec-9] o.s.jdbc.core.JdbcTemplate               : Executing prepared SQL statement [SELECT TOP 1 CAST(ut.id AS INT) AS id_usuario_tecnico FROM dbo.tbl_usuaritecnico ut WHERE (ut.id_usuario = ? OR ut.idusuario = ? OR ut.id_tecnico = ? OR ut.idtecnico = ?)   AND ISNULL(ut.e_eliminado, 0) = 0]
2026-08-11 18:45:49.542 DEBUG 10036 --- [nio-9060-exec-9] o.s.jdbc.datasource.DataSourceUtils      : Fetching JDBC Connection from DataSource
2026-08-11 18:45:49.554 DEBUG 10036 --- [nio-9060-exec-9] o.s.jdbc.core.JdbcTemplate               : Executing prepared SQL query
2026-08-11 18:45:49.554 DEBUG 10036 --- [nio-9060-exec-9] o.s.jdbc.core.JdbcTemplate               : Executing prepared SQL statement [SELECT TOP 1 CAST(ut.id_vendedor AS INT) AS id_vendedor FROM dbo.tbl_UsuarioTecnico ut WHERE (ut.id_usuario = ? OR ut.idusuario = ? OR ut.id = ? OR ut.id_tecnico = ? OR ut.idtecnico = ?)   AND ISNULL(ut.e_eliminado, 0) = 0 AND ut.id_vendedor IS NOT NULL]
2026-08-11 18:45:49.554 DEBUG 10036 --- [nio-9060-exec-9] o.s.jdbc.datasource.DataSourceUtils      : Fetching JDBC Connection from DataSource
2026-08-11 18:45:49.562 DEBUG 10036 --- [nio-9060-exec-9] o.s.jdbc.core.JdbcTemplate               : Executing prepared SQL query
2026-08-11 18:45:49.562 DEBUG 10036 --- [nio-9060-exec-9] o.s.jdbc.core.JdbcTemplate               : Executing prepared SQL statement [SELECT TOP 1 CAST(ut.Id_Vendedor AS INT) AS id_vendedor FROM dbo.tbl_UsuarioTecnico ut WHERE (ut.Id_Usuario = ? OR ut.IdUsuario = ? OR ut.Id = ? OR ut.Id_Tecnico = ? OR ut.IdTecnico = ?)   AND ISNULL(ut.E_Eliminado, 0) = 0 AND ut.Id_Vendedor IS NOT NULL]
2026-08-11 18:45:49.562 DEBUG 10036 --- [nio-9060-exec-9] o.s.jdbc.datasource.DataSourceUtils      : Fetching JDBC Connection from DataSource
2026-08-11 18:45:49.575 DEBUG 10036 --- [nio-9060-exec-9] o.s.jdbc.core.JdbcTemplate               : Executing prepared SQL query
2026-08-11 18:45:49.575 DEBUG 10036 --- [nio-9060-exec-9] o.s.jdbc.core.JdbcTemplate               : Executing prepared SQL statement [SELECT TOP 1 CAST(ut.idvendedor AS INT) AS id_vendedor FROM dbo.tbl_usuariotecnico ut WHERE (ut.id_usuario = ? OR ut.idusuario = ? OR ut.id = ? OR ut.id_tecnico = ? OR ut.idtecnico = ?)   AND ISNULL(ut.e_eliminado, 0) = 0 AND ut.idvendedor IS NOT NULL]
2026-08-11 18:45:49.575 DEBUG 10036 --- [nio-9060-exec-9] o.s.jdbc.datasource.DataSourceUtils      : Fetching JDBC Connection from DataSource
2026-08-11 18:45:49.580 DEBUG 10036 --- [nio-9060-exec-9] o.s.jdbc.core.JdbcTemplate               : Executing prepared SQL query
2026-08-11 18:45:49.580 DEBUG 10036 --- [nio-9060-exec-9] o.s.jdbc.core.JdbcTemplate               : Executing prepared SQL statement [SELECT TOP 1 g.id_grupo, ISNULL(g.supervisor_ausente, 0) AS supervisor_ausente, gb.id_grupo_backup, gb.id_usuario_tecnico_temporal, ISNULL(gb.e_activo, 0) AS backup_activo, gb.fecha_inicio, gs.id_usuario AS id_usuario_supervisor FROM dbo.tbl_Grupo g LEFT JOIN dbo.tbl_GrupoSup gs ON gs.id_grupo = g.id_grupo LEFT JOIN dbo.tbl_GrupoBackup gb        ON gb.id_grupo = g.id_grupo       AND ISNULL(gb.e_activo, 0) = 1 WHERE ISNULL(g.e_eliminado, 0) = 0   AND (gs.id_usuario = ? OR gb.id_usuario_tecnico_temporal = ? OR gb.id_usuario_tecnico_temporal = ? OR gb.id_usuario_tecnico_temporal = ?) ORDER BY CASE WHEN gb.id_usuario_tecnico_temporal = ? THEN 0               WHEN gb.id_usuario_tecnico_temporal = ? THEN 1               WHEN gb.id_usuario_tecnico_temporal = ? THEN 2 ELSE 3 END,          gb.id_grupo_backup DESC, g.id_grupo DESC]
2026-08-11 18:45:49.580 DEBUG 10036 --- [nio-9060-exec-9] o.s.jdbc.datasource.DataSourceUtils      : Fetching JDBC Connection from DataSource
2026-08-11 18:45:49.595 DEBUG 10036 --- [nio-9060-exec-9] o.s.jdbc.core.JdbcTemplate               : Executing SQL update [IF OBJECT_ID('dbo.backup_temporal', 'U') IS NULL BEGIN CREATE TABLE dbo.backup_temporal (id_backup_temporal INT IDENTITY(1,1) NOT NULL PRIMARY KEY, id_usuario INT NOT NULL, id_grupo INT NULL, id_rol_temporal INT NOT NULL, e_activo BIT NOT NULL CONSTRAINT DF_backup_temporal_e_activo DEFAULT(1), fecha_inicio DATETIME NOT NULL CONSTRAINT DF_backup_temporal_fecha_inicio DEFAULT(GETDATE()), fecha_fin DATETIME NULL, fecha_registro DATETIME NOT NULL CONSTRAINT DF_backup_temporal_fecha_registro DEFAULT(GETDATE()), fecha_actualizacion DATETIME NULL); END]
2026-08-11 18:45:49.596 DEBUG 10036 --- [nio-9060-exec-9] o.s.jdbc.datasource.DataSourceUtils      : Fetching JDBC Connection from DataSource
2026-08-11 18:45:49.600 DEBUG 10036 --- [nio-9060-exec-9] o.s.jdbc.core.JdbcTemplate               : Executing SQL update [IF COL_LENGTH('dbo.backup_temporal', 'id_grupo') IS NULL BEGIN ALTER TABLE dbo.backup_temporal ADD id_grupo INT NULL; END]
2026-08-11 18:45:49.600 DEBUG 10036 --- [nio-9060-exec-9] o.s.jdbc.datasource.DataSourceUtils      : Fetching JDBC Connection from DataSource
2026-08-11 18:45:49.605 DEBUG 10036 --- [nio-9060-exec-9] o.s.jdbc.core.JdbcTemplate               : Executing SQL update [IF NOT EXISTS (SELECT 1 FROM sys.indexes WHERE object_id = OBJECT_ID('dbo.backup_temporal')   AND name = 'IX_backup_temporal_usuario_activo') BEGIN CREATE INDEX IX_backup_temporal_usuario_activo ON dbo.backup_temporal(id_usuario, e_activo, fecha_fin); END]
2026-08-11 18:45:49.605 DEBUG 10036 --- [nio-9060-exec-9] o.s.jdbc.datasource.DataSourceUtils      : Fetching JDBC Connection from DataSource
2026-08-11 18:45:49.608 DEBUG 10036 --- [nio-9060-exec-9] o.s.jdbc.core.JdbcTemplate               : Executing prepared SQL query
2026-08-11 18:45:49.608 DEBUG 10036 --- [nio-9060-exec-9] o.s.jdbc.core.JdbcTemplate               : Executing prepared SQL statement [SELECT TOP 1 CAST(ut.id AS INT) AS alt_id FROM dbo.tbl_UsuarioTecnico ut WHERE (ut.id_usuario = ? OR ut.idusuario = ? OR ut.id_tecnico = ? OR ut.idtecnico = ?)   AND ISNULL(ut.e_eliminado, 0) = 0]
2026-08-11 18:45:49.608 DEBUG 10036 --- [nio-9060-exec-9] o.s.jdbc.datasource.DataSourceUtils      : Fetching JDBC Connection from DataSource
2026-08-11 18:45:49.614 DEBUG 10036 --- [nio-9060-exec-9] o.s.jdbc.core.JdbcTemplate               : Executing prepared SQL query
2026-08-11 18:45:49.614 DEBUG 10036 --- [nio-9060-exec-9] o.s.jdbc.core.JdbcTemplate               : Executing prepared SQL statement [SELECT TOP 1 CAST(ut.id_vendedor AS INT) AS alt_id FROM dbo.tbl_UsuarioTecnico ut WHERE (ut.id_usuario = ? OR ut.idusuario = ? OR ut.id_tecnico = ? OR ut.idtecnico = ?)   AND ISNULL(ut.e_eliminado, 0) = 0   AND ut.id_vendedor IS NOT NULL]
2026-08-11 18:45:49.614 DEBUG 10036 --- [nio-9060-exec-9] o.s.jdbc.datasource.DataSourceUtils      : Fetching JDBC Connection from DataSource
2026-08-11 18:45:49.620 DEBUG 10036 --- [nio-9060-exec-9] o.s.jdbc.core.JdbcTemplate               : Executing prepared SQL query
2026-08-11 18:45:49.620 DEBUG 10036 --- [nio-9060-exec-9] o.s.jdbc.core.JdbcTemplate               : Executing prepared SQL statement [SELECT TOP 1 CAST(ut.Id AS INT) AS alt_id FROM dbo.tbl_UsuarioTecnico ut WHERE (ut.Id_Usuario = ? OR ut.IdUsuario = ? OR ut.Id_Tecnico = ? OR ut.IdTecnico = ?)   AND ISNULL(ut.E_Eliminado, 0) = 0]
2026-08-11 18:45:49.620 DEBUG 10036 --- [nio-9060-exec-9] o.s.jdbc.datasource.DataSourceUtils      : Fetching JDBC Connection from DataSource
2026-08-11 18:45:49.627 DEBUG 10036 --- [nio-9060-exec-9] o.s.jdbc.core.JdbcTemplate               : Executing prepared SQL query
2026-08-11 18:45:49.627 DEBUG 10036 --- [nio-9060-exec-9] o.s.jdbc.core.JdbcTemplate               : Executing prepared SQL statement [SELECT TOP 1 CAST(ut.Id_Vendedor AS INT) AS alt_id FROM dbo.tbl_UsuarioTecnico ut WHERE (ut.Id_Usuario = ? OR ut.IdUsuario = ? OR ut.Id_Tecnico = ? OR ut.IdTecnico = ?)   AND ISNULL(ut.E_Eliminado, 0) = 0   AND ut.Id_Vendedor IS NOT NULL]
2026-08-11 18:45:49.627 DEBUG 10036 --- [nio-9060-exec-9] o.s.jdbc.datasource.DataSourceUtils      : Fetching JDBC Connection from DataSource
2026-08-11 18:45:49.634 DEBUG 10036 --- [nio-9060-exec-9] o.s.jdbc.core.JdbcTemplate               : Executing prepared SQL query
2026-08-11 18:45:49.634 DEBUG 10036 --- [nio-9060-exec-9] o.s.jdbc.core.JdbcTemplate               : Executing prepared SQL statement [SELECT TOP 1 CAST(ut.id AS INT) AS alt_id FROM dbo.tbl_usuariotecnico ut WHERE (ut.id_usuario = ? OR ut.idusuario = ? OR ut.id_tecnico = ? OR ut.idtecnico = ?)   AND ISNULL(ut.e_eliminado, 0) = 0]
2026-08-11 18:45:49.634 DEBUG 10036 --- [nio-9060-exec-9] o.s.jdbc.datasource.DataSourceUtils      : Fetching JDBC Connection from DataSource
2026-08-11 18:45:49.638 DEBUG 10036 --- [nio-9060-exec-9] o.s.jdbc.core.JdbcTemplate               : Executing prepared SQL query
2026-08-11 18:45:49.638 DEBUG 10036 --- [nio-9060-exec-9] o.s.jdbc.core.JdbcTemplate               : Executing prepared SQL statement [SELECT TOP 1 CAST(ut.id_vendedor AS INT) AS alt_id FROM dbo.tbl_usuariotecnico ut WHERE (ut.id_usuario = ? OR ut.idusuario = ? OR ut.id_tecnico = ? OR ut.idtecnico = ?)   AND ISNULL(ut.e_eliminado, 0) = 0   AND ut.id_vendedor IS NOT NULL]
2026-08-11 18:45:49.638 DEBUG 10036 --- [nio-9060-exec-9] o.s.jdbc.datasource.DataSourceUtils      : Fetching JDBC Connection from DataSource
2026-08-11 18:45:49.644 DEBUG 10036 --- [nio-9060-exec-9] o.s.jdbc.core.JdbcTemplate               : Executing prepared SQL query
2026-08-11 18:45:49.644 DEBUG 10036 --- [nio-9060-exec-9] o.s.jdbc.core.JdbcTemplate               : Executing prepared SQL statement [SELECT TOP 1 CAST(ut.id AS INT) AS alt_id FROM dbo.tbl_UsuarioTecnico ut WHERE (ut.id_usuario = ? OR ut.idusuario = ? OR ut.id_tecnico = ? OR ut.idtecnico = ?)   AND ISNULL(ut.e_eliminado, 0) = 0]
2026-08-11 18:45:49.644 DEBUG 10036 --- [nio-9060-exec-9] o.s.jdbc.datasource.DataSourceUtils      : Fetching JDBC Connection from DataSource
2026-08-11 18:45:49.648 DEBUG 10036 --- [nio-9060-exec-9] o.s.jdbc.core.JdbcTemplate               : Executing prepared SQL query
2026-08-11 18:45:49.648 DEBUG 10036 --- [nio-9060-exec-9] o.s.jdbc.core.JdbcTemplate               : Executing prepared SQL statement [SELECT TOP 1 CAST(ut.id_vendedor AS INT) AS alt_id FROM dbo.tbl_UsuarioTecnico ut WHERE (ut.id_usuario = ? OR ut.idusuario = ? OR ut.id_tecnico = ? OR ut.idtecnico = ?)   AND ISNULL(ut.e_eliminado, 0) = 0   AND ut.id_vendedor IS NOT NULL]
2026-08-11 18:45:49.648 DEBUG 10036 --- [nio-9060-exec-9] o.s.jdbc.datasource.DataSourceUtils      : Fetching JDBC Connection from DataSource
2026-08-11 18:45:49.657 DEBUG 10036 --- [nio-9060-exec-9] o.s.jdbc.core.JdbcTemplate               : Executing prepared SQL query
2026-08-11 18:45:49.657 DEBUG 10036 --- [nio-9060-exec-9] o.s.jdbc.core.JdbcTemplate               : Executing prepared SQL statement [SELECT TOP 1 CAST(ut.Id AS INT) AS alt_id FROM dbo.tbl_UsuarioTecnico ut WHERE (ut.Id_Usuario = ? OR ut.IdUsuario = ? OR ut.Id_Tecnico = ? OR ut.IdTecnico = ?)   AND ISNULL(ut.E_Eliminado, 0) = 0]
2026-08-11 18:45:49.657 DEBUG 10036 --- [nio-9060-exec-9] o.s.jdbc.datasource.DataSourceUtils      : Fetching JDBC Connection from DataSource
2026-08-11 18:45:49.662 DEBUG 10036 --- [nio-9060-exec-9] o.s.jdbc.core.JdbcTemplate               : Executing prepared SQL query
2026-08-11 18:45:49.662 DEBUG 10036 --- [nio-9060-exec-9] o.s.jdbc.core.JdbcTemplate               : Executing prepared SQL statement [SELECT TOP 1 CAST(ut.Id_Vendedor AS INT) AS alt_id FROM dbo.tbl_UsuarioTecnico ut WHERE (ut.Id_Usuario = ? OR ut.IdUsuario = ? OR ut.Id_Tecnico = ? OR ut.IdTecnico = ?)   AND ISNULL(ut.E_Eliminado, 0) = 0   AND ut.Id_Vendedor IS NOT NULL]
2026-08-11 18:45:49.662 DEBUG 10036 --- [nio-9060-exec-9] o.s.jdbc.datasource.DataSourceUtils      : Fetching JDBC Connection from DataSource
2026-08-11 18:45:49.670 DEBUG 10036 --- [nio-9060-exec-9] o.s.jdbc.core.JdbcTemplate               : Executing prepared SQL query
2026-08-11 18:45:49.670 DEBUG 10036 --- [nio-9060-exec-9] o.s.jdbc.core.JdbcTemplate               : Executing prepared SQL statement [SELECT TOP 1 CAST(ut.id AS INT) AS alt_id FROM dbo.tbl_usuariotecnico ut WHERE (ut.id_usuario = ? OR ut.idusuario = ? OR ut.id_tecnico = ? OR ut.idtecnico = ?)   AND ISNULL(ut.e_eliminado, 0) = 0]
2026-08-11 18:45:49.670 DEBUG 10036 --- [nio-9060-exec-9] o.s.jdbc.datasource.DataSourceUtils      : Fetching JDBC Connection from DataSource
2026-08-11 18:45:49.672 DEBUG 10036 --- [nio-9060-exec-9] o.s.jdbc.core.JdbcTemplate               : Executing prepared SQL query
2026-08-11 18:45:49.672 DEBUG 10036 --- [nio-9060-exec-9] o.s.jdbc.core.JdbcTemplate               : Executing prepared SQL statement [SELECT TOP 1 CAST(ut.id_vendedor AS INT) AS alt_id FROM dbo.tbl_usuariotecnico ut WHERE (ut.id_usuario = ? OR ut.idusuario = ? OR ut.id_tecnico = ? OR ut.idtecnico = ?)   AND ISNULL(ut.e_eliminado, 0) = 0   AND ut.id_vendedor IS NOT NULL]
2026-08-11 18:45:49.672 DEBUG 10036 --- [nio-9060-exec-9] o.s.jdbc.datasource.DataSourceUtils      : Fetching JDBC Connection from DataSource
2026-08-11 18:45:49.674 DEBUG 10036 --- [nio-9060-exec-9] o.s.jdbc.core.JdbcTemplate               : Executing prepared SQL query
2026-08-11 18:45:49.674 DEBUG 10036 --- [nio-9060-exec-9] o.s.jdbc.core.JdbcTemplate               : Executing prepared SQL statement [SELECT TOP 1 CAST(ut.id AS INT) AS alt_id FROM dbo.tbl_UsuarioTecnico ut WHERE (ut.id_usuario = ? OR ut.idusuario = ? OR ut.id_tecnico = ? OR ut.idtecnico = ?)   AND ISNULL(ut.e_eliminado, 0) = 0]
2026-08-11 18:45:49.674 DEBUG 10036 --- [nio-9060-exec-9] o.s.jdbc.datasource.DataSourceUtils      : Fetching JDBC Connection from DataSource
2026-08-11 18:45:49.680 DEBUG 10036 --- [nio-9060-exec-9] o.s.jdbc.core.JdbcTemplate               : Executing prepared SQL query
2026-08-11 18:45:49.680 DEBUG 10036 --- [nio-9060-exec-9] o.s.jdbc.core.JdbcTemplate               : Executing prepared SQL statement [SELECT TOP 1 CAST(ut.id_vendedor AS INT) AS alt_id FROM dbo.tbl_UsuarioTecnico ut WHERE (ut.id_usuario = ? OR ut.idusuario = ? OR ut.id_tecnico = ? OR ut.idtecnico = ?)   AND ISNULL(ut.e_eliminado, 0) = 0   AND ut.id_vendedor IS NOT NULL]
2026-08-11 18:45:49.680 DEBUG 10036 --- [nio-9060-exec-9] o.s.jdbc.datasource.DataSourceUtils      : Fetching JDBC Connection from DataSource
2026-08-11 18:45:49.687 DEBUG 10036 --- [nio-9060-exec-9] o.s.jdbc.core.JdbcTemplate               : Executing prepared SQL query
2026-08-11 18:45:49.687 DEBUG 10036 --- [nio-9060-exec-9] o.s.jdbc.core.JdbcTemplate               : Executing prepared SQL statement [SELECT TOP 1 CAST(ut.Id AS INT) AS alt_id FROM dbo.tbl_UsuarioTecnico ut WHERE (ut.Id_Usuario = ? OR ut.IdUsuario = ? OR ut.Id_Tecnico = ? OR ut.IdTecnico = ?)   AND ISNULL(ut.E_Eliminado, 0) = 0]
2026-08-11 18:45:49.687 DEBUG 10036 --- [nio-9060-exec-9] o.s.jdbc.datasource.DataSourceUtils      : Fetching JDBC Connection from DataSource
2026-08-11 18:45:49.693 DEBUG 10036 --- [nio-9060-exec-9] o.s.jdbc.core.JdbcTemplate               : Executing prepared SQL query
2026-08-11 18:45:49.693 DEBUG 10036 --- [nio-9060-exec-9] o.s.jdbc.core.JdbcTemplate               : Executing prepared SQL statement [SELECT TOP 1 CAST(ut.Id_Vendedor AS INT) AS alt_id FROM dbo.tbl_UsuarioTecnico ut WHERE (ut.Id_Usuario = ? OR ut.IdUsuario = ? OR ut.Id_Tecnico = ? OR ut.IdTecnico = ?)   AND ISNULL(ut.E_Eliminado, 0) = 0   AND ut.Id_Vendedor IS NOT NULL]
2026-08-11 18:45:49.693 DEBUG 10036 --- [nio-9060-exec-9] o.s.jdbc.datasource.DataSourceUtils      : Fetching JDBC Connection from DataSource
2026-08-11 18:45:49.699 DEBUG 10036 --- [nio-9060-exec-9] o.s.jdbc.core.JdbcTemplate               : Executing prepared SQL query
2026-08-11 18:45:49.699 DEBUG 10036 --- [nio-9060-exec-9] o.s.jdbc.core.JdbcTemplate               : Executing prepared SQL statement [SELECT TOP 1 CAST(ut.id AS INT) AS alt_id FROM dbo.tbl_usuariotecnico ut WHERE (ut.id_usuario = ? OR ut.idusuario = ? OR ut.id_tecnico = ? OR ut.idtecnico = ?)   AND ISNULL(ut.e_eliminado, 0) = 0]
2026-08-11 18:45:49.699 DEBUG 10036 --- [nio-9060-exec-9] o.s.jdbc.datasource.DataSourceUtils      : Fetching JDBC Connection from DataSource
2026-08-11 18:45:49.706 DEBUG 10036 --- [nio-9060-exec-9] o.s.jdbc.core.JdbcTemplate               : Executing prepared SQL query
2026-08-11 18:45:49.706 DEBUG 10036 --- [nio-9060-exec-9] o.s.jdbc.core.JdbcTemplate               : Executing prepared SQL statement [SELECT TOP 1 CAST(ut.id_vendedor AS INT) AS alt_id FROM dbo.tbl_usuariotecnico ut WHERE (ut.id_usuario = ? OR ut.idusuario = ? OR ut.id_tecnico = ? OR ut.idtecnico = ?)   AND ISNULL(ut.e_eliminado, 0) = 0   AND ut.id_vendedor IS NOT NULL]
2026-08-11 18:45:49.706 DEBUG 10036 --- [nio-9060-exec-9] o.s.jdbc.datasource.DataSourceUtils      : Fetching JDBC Connection from DataSource
2026-08-11 18:45:49.712 DEBUG 10036 --- [nio-9060-exec-9] o.s.jdbc.core.JdbcTemplate               : Executing prepared SQL query
2026-08-11 18:45:49.712 DEBUG 10036 --- [nio-9060-exec-9] o.s.jdbc.core.JdbcTemplate               : Executing prepared SQL statement [SELECT TOP 1 1 AS ok FROM dbo.backup_temporal bt WHERE bt.id_usuario = ?   AND ISNULL(bt.e_activo, 1) = 1   AND (bt.fecha_fin IS NULL OR bt.fecha_fin > GETDATE()) ORDER BY bt.id_backup_temporal DESC]
2026-08-11 18:45:49.712 DEBUG 10036 --- [nio-9060-exec-9] o.s.jdbc.datasource.DataSourceUtils      : Fetching JDBC Connection from DataSource
2026-08-11 18:45:49.715  INFO 10036 --- [nio-9060-exec-9] c.e.T.p.service.PrivilegioService        : [PERMISOS] idUsuarioSesion=85, rolSesion=Tecnico, backupContexto=false, backupTemporal=false, idGrupo=null, idSupervisorContexto=null, idRolPermisos=8, idUsuarioPermisos=85
2026-08-11 18:45:49.715 DEBUG 10036 --- [nio-9060-exec-9] o.s.jdbc.core.JdbcTemplate               : Executing SQL query [EXEC dbo.spx_ObtenerPrivilegiosRoles]
2026-08-11 18:45:49.715 DEBUG 10036 --- [nio-9060-exec-9] o.s.jdbc.datasource.DataSourceUtils      : Fetching JDBC Connection from DataSource
2026-08-11 18:45:49.718 DEBUG 10036 --- [nio-9060-exec-9] o.s.jdbc.core.JdbcTemplate               : Executing prepared SQL query
2026-08-11 18:45:49.718 DEBUG 10036 --- [nio-9060-exec-9] o.s.jdbc.core.JdbcTemplate               : Executing prepared SQL statement [EXEC dbo.spx_ObtenerPrivilegiosRolDetalle ?]
2026-08-11 18:45:49.718 DEBUG 10036 --- [nio-9060-exec-9] o.s.jdbc.datasource.DataSourceUtils      : Fetching JDBC Connection from DataSource
2026-08-11 18:45:49.762 DEBUG 10036 --- [nio-9060-exec-9] o.s.w.s.m.m.a.HttpEntityMethodProcessor  : Using 'application/json', given [application/json, text/plain, */*] and supported [application/json, application/*+json, application/json, application/*+json]
2026-08-11 18:45:49.762 DEBUG 10036 --- [nio-9060-exec-9] o.s.w.s.m.m.a.HttpEntityMethodProcessor  : Writing [com.example.TigoStarSystem.common.ApiResponse@22a6b94d]
2026-08-11 18:45:49.768 DEBUG 10036 --- [nio-9060-exec-9] o.s.web.servlet.DispatcherServlet        : Completed 200 OK
2026-08-11 18:45:49.771 DEBUG 10036 --- [io-9060-exec-10] o.s.web.servlet.DispatcherServlet        : GET "/auth/permisos", parameters={}
2026-08-11 18:45:49.772 DEBUG 10036 --- [io-9060-exec-10] s.w.s.m.m.a.RequestMappingHandlerMapping : Mapped to com.example.TigoStarSystem.auth.controller.AuthPermisosController#permisos(String)
2026-08-11 18:45:49.773 DEBUG 10036 --- [io-9060-exec-10] o.s.jdbc.core.JdbcTemplate               : Executing prepared SQL query
2026-08-11 18:45:49.773 DEBUG 10036 --- [io-9060-exec-10] o.s.jdbc.core.JdbcTemplate               : Executing prepared SQL statement [SELECT TOP 1 CAST(ut.id AS INT) AS id_usuario_tecnico FROM dbo.tbl_UsuarioTecnico ut WHERE (ut.id_usuario = ? OR ut.idusuario = ? OR ut.id_tecnico = ? OR ut.idtecnico = ?)   AND ISNULL(ut.e_eliminado, 0) = 0]
2026-08-11 18:45:49.773 DEBUG 10036 --- [io-9060-exec-10] o.s.jdbc.datasource.DataSourceUtils      : Fetching JDBC Connection from DataSource
2026-08-11 18:45:49.776 DEBUG 10036 --- [io-9060-exec-10] o.s.jdbc.core.JdbcTemplate               : Executing prepared SQL query
2026-08-11 18:45:49.776 DEBUG 10036 --- [io-9060-exec-10] o.s.jdbc.core.JdbcTemplate               : Executing prepared SQL statement [SELECT TOP 1 CAST(ut.Id AS INT) AS id_usuario_tecnico FROM dbo.tbl_UsuarioTecnico ut WHERE (ut.Id_Usuario = ? OR ut.IdUsuario = ? OR ut.Id_Tecnico = ? OR ut.IdTecnico = ?)   AND ISNULL(ut.E_Eliminado, 0) = 0]
2026-08-11 18:45:49.776 DEBUG 10036 --- [io-9060-exec-10] o.s.jdbc.datasource.DataSourceUtils      : Fetching JDBC Connection from DataSource
2026-08-11 18:45:49.779 DEBUG 10036 --- [io-9060-exec-10] o.s.jdbc.core.JdbcTemplate               : Executing prepared SQL query
2026-08-11 18:45:49.779 DEBUG 10036 --- [io-9060-exec-10] o.s.jdbc.core.JdbcTemplate               : Executing prepared SQL statement [SELECT TOP 1 CAST(ut.id AS INT) AS id_usuario_tecnico FROM dbo.tbl_usuariotecnico ut WHERE (ut.id_usuario = ? OR ut.idusuario = ? OR ut.id_tecnico = ? OR ut.idtecnico = ?)   AND ISNULL(ut.e_eliminado, 0) = 0]
2026-08-11 18:45:49.779 DEBUG 10036 --- [io-9060-exec-10] o.s.jdbc.datasource.DataSourceUtils      : Fetching JDBC Connection from DataSource
2026-08-11 18:45:49.782 DEBUG 10036 --- [nio-9060-exec-8] o.s.web.servlet.DispatcherServlet        : GET "/tecnico/inicio-jornada/estado", parameters={}
2026-08-11 18:45:49.782 DEBUG 10036 --- [nio-9060-exec-8] s.w.s.m.m.a.RequestMappingHandlerMapping : Mapped to com.example.TigoStarSystem.tecnicoiniciojornada.controller.TecnicoInicioJornadaController#estado(String, String)
2026-08-11 18:45:49.782 DEBUG 10036 --- [io-9060-exec-10] o.s.jdbc.core.JdbcTemplate               : Executing prepared SQL query
2026-08-11 18:45:49.782 DEBUG 10036 --- [io-9060-exec-10] o.s.jdbc.core.JdbcTemplate               : Executing prepared SQL statement [SELECT TOP 1 CAST(ut.id AS INT) AS id_usuario_tecnico FROM dbo.tbl_usuaritecnico ut WHERE (ut.id_usuario = ? OR ut.idusuario = ? OR ut.id_tecnico = ? OR ut.idtecnico = ?)   AND ISNULL(ut.e_eliminado, 0) = 0]
2026-08-11 18:45:49.782 DEBUG 10036 --- [io-9060-exec-10] o.s.jdbc.datasource.DataSourceUtils      : Fetching JDBC Connection from DataSource
2026-08-11 18:45:49.784 DEBUG 10036 --- [nio-9060-exec-8] o.s.jdbc.core.JdbcTemplate               : Executing prepared SQL query
2026-08-11 18:45:49.784 DEBUG 10036 --- [nio-9060-exec-8] o.s.jdbc.core.JdbcTemplate               : Executing prepared SQL statement [EXEC dbo.SP_InicioJornada_MarcarNoCierreAtrasado ?]
2026-08-11 18:45:49.784 DEBUG 10036 --- [nio-9060-exec-8] o.s.jdbc.datasource.DataSourceUtils      : Fetching JDBC Connection from DataSource
2026-08-11 18:45:49.786 DEBUG 10036 --- [io-9060-exec-10] o.s.jdbc.core.JdbcTemplate               : Executing prepared SQL query
2026-08-11 18:45:49.786 DEBUG 10036 --- [io-9060-exec-10] o.s.jdbc.core.JdbcTemplate               : Executing prepared SQL statement [SELECT TOP 1 CAST(ut.id_vendedor AS INT) AS id_vendedor FROM dbo.tbl_UsuarioTecnico ut WHERE (ut.id_usuario = ? OR ut.idusuario = ? OR ut.id = ? OR ut.id_tecnico = ? OR ut.idtecnico = ?)   AND ISNULL(ut.e_eliminado, 0) = 0 AND ut.id_vendedor IS NOT NULL]
2026-08-11 18:45:49.786 DEBUG 10036 --- [io-9060-exec-10] o.s.jdbc.datasource.DataSourceUtils      : Fetching JDBC Connection from DataSource
2026-08-11 18:45:49.789 DEBUG 10036 --- [io-9060-exec-10] o.s.jdbc.core.JdbcTemplate               : Executing prepared SQL query
2026-08-11 18:45:49.789 DEBUG 10036 --- [io-9060-exec-10] o.s.jdbc.core.JdbcTemplate               : Executing prepared SQL statement [SELECT TOP 1 CAST(ut.Id_Vendedor AS INT) AS id_vendedor FROM dbo.tbl_UsuarioTecnico ut WHERE (ut.Id_Usuario = ? OR ut.IdUsuario = ? OR ut.Id = ? OR ut.Id_Tecnico = ? OR ut.IdTecnico = ?)   AND ISNULL(ut.E_Eliminado, 0) = 0 AND ut.Id_Vendedor IS NOT NULL]
2026-08-11 18:45:49.789 DEBUG 10036 --- [io-9060-exec-10] o.s.jdbc.datasource.DataSourceUtils      : Fetching JDBC Connection from DataSource
2026-08-11 18:45:49.792 DEBUG 10036 --- [io-9060-exec-10] o.s.jdbc.core.JdbcTemplate               : Executing prepared SQL query
2026-08-11 18:45:49.792 DEBUG 10036 --- [io-9060-exec-10] o.s.jdbc.core.JdbcTemplate               : Executing prepared SQL statement [SELECT TOP 1 CAST(ut.idvendedor AS INT) AS id_vendedor FROM dbo.tbl_usuariotecnico ut WHERE (ut.id_usuario = ? OR ut.idusuario = ? OR ut.id = ? OR ut.id_tecnico = ? OR ut.idtecnico = ?)   AND ISNULL(ut.e_eliminado, 0) = 0 AND ut.idvendedor IS NOT NULL]
2026-08-11 18:45:49.792 DEBUG 10036 --- [io-9060-exec-10] o.s.jdbc.datasource.DataSourceUtils      : Fetching JDBC Connection from DataSource
2026-08-11 18:45:49.795 DEBUG 10036 --- [nio-9060-exec-8] o.s.jdbc.core.JdbcTemplate               : Executing prepared SQL query
2026-08-11 18:45:49.795 DEBUG 10036 --- [io-9060-exec-10] o.s.jdbc.core.JdbcTemplate               : Executing prepared SQL query
2026-08-11 18:45:49.795 DEBUG 10036 --- [nio-9060-exec-8] o.s.jdbc.core.JdbcTemplate               : Executing prepared SQL statement [SELECT TOP 1 ultimo.id_inicio, ultimo.id_tecnico, ultimo.id_encargado, ultimo.fecha_registro, ultimo.fecha_cierre, ultimo.pendiente, ultimo.no_marco_cierre FROM (   SELECT TOP 1 id_inicio, id_tecnico, id_encargado, fecha_registro, fecha_cierre, pendiente, no_marco_cierre, e_eliminado   FROM dbo.tbl_InicioJornadaAlturas   WHERE id_tecnico = ?     AND CAST(fecha_registro AS DATE) < CAST(GETDATE() AS DATE)   ORDER BY fecha_registro DESC, id_inicio DESC ) ultimo WHERE fecha_cierre IS NULL   AND ISNULL(e_eliminado, 0) = 0   AND ISNULL(no_marco_cierre, 0) = 1]
2026-08-11 18:45:49.795 DEBUG 10036 --- [io-9060-exec-10] o.s.jdbc.core.JdbcTemplate               : Executing prepared SQL statement [SELECT TOP 1 g.id_grupo, ISNULL(g.supervisor_ausente, 0) AS supervisor_ausente, gb.id_grupo_backup, gb.id_usuario_tecnico_temporal, ISNULL(gb.e_activo, 0) AS backup_activo, gb.fecha_inicio, gs.id_usuario AS id_usuario_supervisor FROM dbo.tbl_Grupo g LEFT JOIN dbo.tbl_GrupoSup gs ON gs.id_grupo = g.id_grupo LEFT JOIN dbo.tbl_GrupoBackup gb        ON gb.id_grupo = g.id_grupo       AND ISNULL(gb.e_activo, 0) = 1 WHERE ISNULL(g.e_eliminado, 0) = 0   AND (gs.id_usuario = ? OR gb.id_usuario_tecnico_temporal = ? OR gb.id_usuario_tecnico_temporal = ? OR gb.id_usuario_tecnico_temporal = ?) ORDER BY CASE WHEN gb.id_usuario_tecnico_temporal = ? THEN 0               WHEN gb.id_usuario_tecnico_temporal = ? THEN 1               WHEN gb.id_usuario_tecnico_temporal = ? THEN 2 ELSE 3 END,          gb.id_grupo_backup DESC, g.id_grupo DESC]
2026-08-11 18:45:49.795 DEBUG 10036 --- [nio-9060-exec-8] o.s.jdbc.datasource.DataSourceUtils      : Fetching JDBC Connection from DataSource
2026-08-11 18:45:49.795 DEBUG 10036 --- [io-9060-exec-10] o.s.jdbc.datasource.DataSourceUtils      : Fetching JDBC Connection from DataSource
2026-08-11 18:45:49.798 DEBUG 10036 --- [io-9060-exec-10] o.s.jdbc.core.JdbcTemplate               : Executing prepared SQL query
2026-08-11 18:45:49.798 DEBUG 10036 --- [io-9060-exec-10] o.s.jdbc.core.JdbcTemplate               : Executing prepared SQL statement [SELECT TOP 1 CAST(ut.id AS INT) AS id_usuario_tecnico FROM dbo.tbl_UsuarioTecnico ut WHERE (ut.id_usuario = ? OR ut.idusuario = ? OR ut.id_tecnico = ? OR ut.idtecnico = ?)   AND ISNULL(ut.e_eliminado, 0) = 0]
2026-08-11 18:45:49.798 DEBUG 10036 --- [io-9060-exec-10] o.s.jdbc.datasource.DataSourceUtils      : Fetching JDBC Connection from DataSource
2026-08-11 18:45:49.800 DEBUG 10036 --- [nio-9060-exec-8] o.s.jdbc.core.JdbcTemplate               : Executing prepared SQL query
2026-08-11 18:45:49.800 DEBUG 10036 --- [nio-9060-exec-8] o.s.jdbc.core.JdbcTemplate               : Executing prepared SQL statement [EXEC dbo.SP_InicioJornada_ExisteRegistroHoy ?]
2026-08-11 18:45:49.800 DEBUG 10036 --- [nio-9060-exec-8] o.s.jdbc.datasource.DataSourceUtils      : Fetching JDBC Connection from DataSource
2026-08-11 18:45:49.800 DEBUG 10036 --- [io-9060-exec-10] o.s.jdbc.core.JdbcTemplate               : Executing prepared SQL query
2026-08-11 18:45:49.800 DEBUG 10036 --- [io-9060-exec-10] o.s.jdbc.core.JdbcTemplate               : Executing prepared SQL statement [SELECT TOP 1 CAST(ut.Id AS INT) AS id_usuario_tecnico FROM dbo.tbl_UsuarioTecnico ut WHERE (ut.Id_Usuario = ? OR ut.IdUsuario = ? OR ut.Id_Tecnico = ? OR ut.IdTecnico = ?)   AND ISNULL(ut.E_Eliminado, 0) = 0]
2026-08-11 18:45:49.800 DEBUG 10036 --- [io-9060-exec-10] o.s.jdbc.datasource.DataSourceUtils      : Fetching JDBC Connection from DataSource
2026-08-11 18:45:49.802 DEBUG 10036 --- [io-9060-exec-10] o.s.jdbc.core.JdbcTemplate               : Executing prepared SQL query
2026-08-11 18:45:49.802 DEBUG 10036 --- [io-9060-exec-10] o.s.jdbc.core.JdbcTemplate               : Executing prepared SQL statement [SELECT TOP 1 CAST(ut.id AS INT) AS id_usuario_tecnico FROM dbo.tbl_usuariotecnico ut WHERE (ut.id_usuario = ? OR ut.idusuario = ? OR ut.id_tecnico = ? OR ut.idtecnico = ?)   AND ISNULL(ut.e_eliminado, 0) = 0]
2026-08-11 18:45:49.802 DEBUG 10036 --- [io-9060-exec-10] o.s.jdbc.datasource.DataSourceUtils      : Fetching JDBC Connection from DataSource
2026-08-11 18:45:49.803 DEBUG 10036 --- [io-9060-exec-10] o.s.jdbc.core.JdbcTemplate               : Executing prepared SQL query
2026-08-11 18:45:49.803 DEBUG 10036 --- [io-9060-exec-10] o.s.jdbc.core.JdbcTemplate               : Executing prepared SQL statement [SELECT TOP 1 CAST(ut.id AS INT) AS id_usuario_tecnico FROM dbo.tbl_usuaritecnico ut WHERE (ut.id_usuario = ? OR ut.idusuario = ? OR ut.id_tecnico = ? OR ut.idtecnico = ?)   AND ISNULL(ut.e_eliminado, 0) = 0]
2026-08-11 18:45:49.803 DEBUG 10036 --- [io-9060-exec-10] o.s.jdbc.datasource.DataSourceUtils      : Fetching JDBC Connection from DataSource
2026-08-11 18:45:49.804 DEBUG 10036 --- [nio-9060-exec-8] o.s.jdbc.core.JdbcTemplate               : Executing SQL query [EXEC dbo.spx_ObtenerSucursalesConexionWeb]
2026-08-11 18:45:49.804 DEBUG 10036 --- [nio-9060-exec-8] o.s.jdbc.datasource.DataSourceUtils      : Fetching JDBC Connection from DataSource
2026-08-11 18:45:49.808 DEBUG 10036 --- [io-9060-exec-10] o.s.jdbc.core.JdbcTemplate               : Executing prepared SQL query
2026-08-11 18:45:49.808 DEBUG 10036 --- [io-9060-exec-10] o.s.jdbc.core.JdbcTemplate               : Executing prepared SQL statement [SELECT TOP 1 CAST(ut.id_vendedor AS INT) AS id_vendedor FROM dbo.tbl_UsuarioTecnico ut WHERE (ut.id_usuario = ? OR ut.idusuario = ? OR ut.id = ? OR ut.id_tecnico = ? OR ut.idtecnico = ?)   AND ISNULL(ut.e_eliminado, 0) = 0 AND ut.id_vendedor IS NOT NULL]
2026-08-11 18:45:49.808 DEBUG 10036 --- [io-9060-exec-10] o.s.jdbc.datasource.DataSourceUtils      : Fetching JDBC Connection from DataSource
2026-08-11 18:45:49.813 DEBUG 10036 --- [nio-9060-exec-8] o.s.jdbc.core.JdbcTemplate               : Executing SQL query [EXEC dbo.spx_ObtenerSucursalesConexionWeb]
2026-08-11 18:45:49.813 DEBUG 10036 --- [nio-9060-exec-8] o.s.jdbc.datasource.DataSourceUtils      : Fetching JDBC Connection from DataSource
2026-08-11 18:45:49.816 DEBUG 10036 --- [io-9060-exec-10] o.s.jdbc.core.JdbcTemplate               : Executing prepared SQL query
2026-08-11 18:45:49.816 DEBUG 10036 --- [io-9060-exec-10] o.s.jdbc.core.JdbcTemplate               : Executing prepared SQL statement [SELECT TOP 1 CAST(ut.Id_Vendedor AS INT) AS id_vendedor FROM dbo.tbl_UsuarioTecnico ut WHERE (ut.Id_Usuario = ? OR ut.IdUsuario = ? OR ut.Id = ? OR ut.Id_Tecnico = ? OR ut.IdTecnico = ?)   AND ISNULL(ut.E_Eliminado, 0) = 0 AND ut.Id_Vendedor IS NOT NULL]
2026-08-11 18:45:49.816 DEBUG 10036 --- [io-9060-exec-10] o.s.jdbc.datasource.DataSourceUtils      : Fetching JDBC Connection from DataSource
2026-08-11 18:45:49.816 DEBUG 10036 --- [io-9060-exec-10] com.zaxxer.hikari.pool.HikariPool        : HikariPool-1 - Add connection elided, waiting 1, queue 2
2026-08-11 18:45:49.821 DEBUG 10036 --- [nio-9060-exec-8] o.s.jdbc.core.JdbcTemplate               : Executing prepared SQL query
2026-08-11 18:45:49.821 DEBUG 10036 --- [nio-9060-exec-8] o.s.jdbc.core.JdbcTemplate               : Executing prepared SQL statement [SELECT TOP 1 CAST(c.idUsuarioSupervisor AS INT) AS idEncargado, CAST(c.supervisorACargo AS NVARCHAR(200)) AS encargado, CAST(c.id AS INT) AS idConformacion, CAST(c.id_tecnicoAuxiliar AS INT) AS idAuxiliar, CAST(c.auxiliar AS NVARCHAR(250)) AS auxiliar, c.sucursal, c.fecha, c.fechaRegistro FROM dbo.tbl_ConformacionCuadrillaDiario c WHERE ISNULL(c.e_eliminado, 0) = 0   AND CONVERT(date, c.fecha) = CONVERT(date, GETDATE())   AND (? IS NULL OR LOWER(REPLACE(REPLACE(REPLACE(LTRIM(RTRIM(ISNULL(c.sucursal, ''))), '_', ''), '-', ''), ' ', '')) =                   LOWER(REPLACE(REPLACE(REPLACE(LTRIM(RTRIM(?)), '_', ''), '-', ''), ' ', '')))   AND (        (? > 0 AND (? = c.id_tecnico OR ? = c.id_tecnicoAuxiliar))        OR (? <> '' AND (            LOWER(LTRIM(RTRIM(ISNULL(c.tecnico, '')))) = ?            OR LOWER(LTRIM(RTRIM(ISNULL(c.auxiliar, '')))) = ?        ))   ) ORDER BY ISNULL(c.fechaRegistro, '19000101') DESC, c.id DESC]
2026-08-11 18:45:49.821 DEBUG 10036 --- [nio-9060-exec-8] o.s.jdbc.datasource.DataSourceUtils      : Fetching JDBC Connection from DataSource
2026-08-11 18:45:49.822 DEBUG 10036 --- [nio-9060-exec-8] o.s.jdbc.core.JdbcTemplate               : Executing prepared SQL query
2026-08-11 18:45:49.822 DEBUG 10036 --- [nio-9060-exec-8] o.s.jdbc.core.JdbcTemplate               : Executing prepared SQL statement [SELECT TOP 1 Nombre FROM dbo.tbl_Usuario WHERE Id_Usuario = ? AND ISNULL(E_Eliminado,0)=0]
2026-08-11 18:45:49.822 DEBUG 10036 --- [nio-9060-exec-8] o.s.jdbc.datasource.DataSourceUtils      : Fetching JDBC Connection from DataSource
2026-08-11 18:45:49.824 DEBUG 10036 --- [io-9060-exec-10] o.s.jdbc.core.JdbcTemplate               : Executing prepared SQL query
2026-08-11 18:45:49.824 DEBUG 10036 --- [io-9060-exec-10] o.s.jdbc.core.JdbcTemplate               : Executing prepared SQL statement [SELECT TOP 1 CAST(ut.idvendedor AS INT) AS id_vendedor FROM dbo.tbl_usuariotecnico ut WHERE (ut.id_usuario = ? OR ut.idusuario = ? OR ut.id = ? OR ut.id_tecnico = ? OR ut.idtecnico = ?)   AND ISNULL(ut.e_eliminado, 0) = 0 AND ut.idvendedor IS NOT NULL]
2026-08-11 18:45:49.824 DEBUG 10036 --- [io-9060-exec-10] o.s.jdbc.datasource.DataSourceUtils      : Fetching JDBC Connection from DataSource
2026-08-11 18:45:49.834 DEBUG 10036 --- [io-9060-exec-10] o.s.jdbc.core.JdbcTemplate               : Executing prepared SQL query
2026-08-11 18:45:49.834 DEBUG 10036 --- [io-9060-exec-10] o.s.jdbc.core.JdbcTemplate               : Executing prepared SQL statement [SELECT TOP 1 g.id_grupo, ISNULL(g.supervisor_ausente, 0) AS supervisor_ausente, gb.id_grupo_backup, gb.id_usuario_tecnico_temporal, ISNULL(gb.e_activo, 0) AS backup_activo, gb.fecha_inicio, gs.id_usuario AS id_usuario_supervisor FROM dbo.tbl_Grupo g LEFT JOIN dbo.tbl_GrupoSup gs ON gs.id_grupo = g.id_grupo LEFT JOIN dbo.tbl_GrupoBackup gb        ON gb.id_grupo = g.id_grupo       AND ISNULL(gb.e_activo, 0) = 1 WHERE ISNULL(g.e_eliminado, 0) = 0   AND (gs.id_usuario = ? OR gb.id_usuario_tecnico_temporal = ? OR gb.id_usuario_tecnico_temporal = ? OR gb.id_usuario_tecnico_temporal = ?) ORDER BY CASE WHEN gb.id_usuario_tecnico_temporal = ? THEN 0               WHEN gb.id_usuario_tecnico_temporal = ? THEN 1               WHEN gb.id_usuario_tecnico_temporal = ? THEN 2 ELSE 3 END,          gb.id_grupo_backup DESC, g.id_grupo DESC]
2026-08-11 18:45:49.834 DEBUG 10036 --- [io-9060-exec-10] o.s.jdbc.datasource.DataSourceUtils      : Fetching JDBC Connection from DataSource
2026-08-11 18:45:49.840 DEBUG 10036 --- [nio-9060-exec-8] o.s.w.s.m.m.a.HttpEntityMethodProcessor  : Using 'application/json', given [application/json, text/plain, */*] and supported [application/json, application/*+json, application/json, application/*+json]
2026-08-11 18:45:49.841 DEBUG 10036 --- [nio-9060-exec-8] o.s.w.s.m.m.a.HttpEntityMethodProcessor  : Writing [com.example.TigoStarSystem.common.ApiResponse@610c48a9]
2026-08-11 18:45:49.841 DEBUG 10036 --- [nio-9060-exec-8] o.s.web.servlet.DispatcherServlet        : Completed 200 OK
2026-08-11 18:45:49.844 DEBUG 10036 --- [io-9060-exec-10] o.s.jdbc.core.JdbcTemplate               : Executing SQL update [IF OBJECT_ID('dbo.backup_temporal', 'U') IS NULL BEGIN CREATE TABLE dbo.backup_temporal (id_backup_temporal INT IDENTITY(1,1) NOT NULL PRIMARY KEY, id_usuario INT NOT NULL, id_grupo INT NULL, id_rol_temporal INT NOT NULL, e_activo BIT NOT NULL CONSTRAINT DF_backup_temporal_e_activo DEFAULT(1), fecha_inicio DATETIME NOT NULL CONSTRAINT DF_backup_temporal_fecha_inicio DEFAULT(GETDATE()), fecha_fin DATETIME NULL, fecha_registro DATETIME NOT NULL CONSTRAINT DF_backup_temporal_fecha_registro DEFAULT(GETDATE()), fecha_actualizacion DATETIME NULL); END]
2026-08-11 18:45:49.844 DEBUG 10036 --- [io-9060-exec-10] o.s.jdbc.datasource.DataSourceUtils      : Fetching JDBC Connection from DataSource
2026-08-11 18:45:49.849 DEBUG 10036 --- [io-9060-exec-10] o.s.jdbc.core.JdbcTemplate               : Executing SQL update [IF COL_LENGTH('dbo.backup_temporal', 'id_grupo') IS NULL BEGIN ALTER TABLE dbo.backup_temporal ADD id_grupo INT NULL; END]
2026-08-11 18:45:49.849 DEBUG 10036 --- [io-9060-exec-10] o.s.jdbc.datasource.DataSourceUtils      : Fetching JDBC Connection from DataSource
2026-08-11 18:45:49.853 DEBUG 10036 --- [io-9060-exec-10] o.s.jdbc.core.JdbcTemplate               : Executing SQL update [IF NOT EXISTS (SELECT 1 FROM sys.indexes WHERE object_id = OBJECT_ID('dbo.backup_temporal')   AND name = 'IX_backup_temporal_usuario_activo') BEGIN CREATE INDEX IX_backup_temporal_usuario_activo ON dbo.backup_temporal(id_usuario, e_activo, fecha_fin); END]
2026-08-11 18:45:49.853 DEBUG 10036 --- [io-9060-exec-10] o.s.jdbc.datasource.DataSourceUtils      : Fetching JDBC Connection from DataSource
2026-08-11 18:45:49.857 DEBUG 10036 --- [io-9060-exec-10] o.s.jdbc.core.JdbcTemplate               : Executing prepared SQL query
2026-08-11 18:45:49.857 DEBUG 10036 --- [io-9060-exec-10] o.s.jdbc.core.JdbcTemplate               : Executing prepared SQL statement [SELECT TOP 1 CAST(ut.id AS INT) AS alt_id FROM dbo.tbl_UsuarioTecnico ut WHERE (ut.id_usuario = ? OR ut.idusuario = ? OR ut.id_tecnico = ? OR ut.idtecnico = ?)   AND ISNULL(ut.e_eliminado, 0) = 0]
2026-08-11 18:45:49.857 DEBUG 10036 --- [io-9060-exec-10] o.s.jdbc.datasource.DataSourceUtils      : Fetching JDBC Connection from DataSource
2026-08-11 18:45:49.860 DEBUG 10036 --- [nio-9060-exec-6] o.s.web.servlet.DispatcherServlet        : GET "/auth/sucursales", parameters={}
2026-08-11 18:45:49.860 DEBUG 10036 --- [nio-9060-exec-6] s.w.s.m.m.a.RequestMappingHandlerMapping : Mapped to com.example.TigoStarSystem.auth.controller.AuthController#listarSucursales()
2026-08-11 18:45:49.861  INFO 10036 --- [nio-9060-exec-6] c.e.T.auth.controller.AuthController     : Request GET /auth/sucursales
2026-08-11 18:45:49.861 DEBUG 10036 --- [nio-9060-exec-6] o.s.jdbc.core.JdbcTemplate               : Executing SQL query [EXEC dbo.spx_ObtenerSucursalesConexionWeb]
2026-08-11 18:45:49.861 DEBUG 10036 --- [nio-9060-exec-6] o.s.jdbc.datasource.DataSourceUtils      : Fetching JDBC Connection from DataSource
2026-08-11 18:45:49.861 DEBUG 10036 --- [nio-9060-exec-6] com.zaxxer.hikari.pool.HikariPool        : HikariPool-1 - Add connection elided, waiting 1, queue 2
2026-08-11 18:45:49.866 DEBUG 10036 --- [io-9060-exec-10] o.s.jdbc.core.JdbcTemplate               : Executing prepared SQL query
2026-08-11 18:45:49.866 DEBUG 10036 --- [io-9060-exec-10] o.s.jdbc.core.JdbcTemplate               : Executing prepared SQL statement [SELECT TOP 1 CAST(ut.id_vendedor AS INT) AS alt_id FROM dbo.tbl_UsuarioTecnico ut WHERE (ut.id_usuario = ? OR ut.idusuario = ? OR ut.id_tecnico = ? OR ut.idtecnico = ?)   AND ISNULL(ut.e_eliminado, 0) = 0   AND ut.id_vendedor IS NOT NULL]
2026-08-11 18:45:49.866 DEBUG 10036 --- [io-9060-exec-10] o.s.jdbc.datasource.DataSourceUtils      : Fetching JDBC Connection from DataSource
2026-08-11 18:45:49.866 DEBUG 10036 --- [io-9060-exec-10] com.zaxxer.hikari.pool.HikariPool        : HikariPool-1 - Add connection elided, waiting 1, queue 2
2026-08-11 18:45:49.871 DEBUG 10036 --- [nio-9060-exec-6] o.s.w.s.m.m.a.HttpEntityMethodProcessor  : Using 'application/json', given [application/json, text/plain, */*] and supported [application/json, application/*+json, application/json, application/*+json]
2026-08-11 18:45:49.871 DEBUG 10036 --- [nio-9060-exec-6] o.s.w.s.m.m.a.HttpEntityMethodProcessor  : Writing [com.example.TigoStarSystem.common.ApiResponse@406a17f6]
2026-08-11 18:45:49.872 DEBUG 10036 --- [nio-9060-exec-6] o.s.web.servlet.DispatcherServlet        : Completed 200 OK
2026-08-11 18:45:49.874 DEBUG 10036 --- [io-9060-exec-10] o.s.jdbc.core.JdbcTemplate               : Executing prepared SQL query
2026-08-11 18:45:49.874 DEBUG 10036 --- [io-9060-exec-10] o.s.jdbc.core.JdbcTemplate               : Executing prepared SQL statement [SELECT TOP 1 CAST(ut.Id AS INT) AS alt_id FROM dbo.tbl_UsuarioTecnico ut WHERE (ut.Id_Usuario = ? OR ut.IdUsuario = ? OR ut.Id_Tecnico = ? OR ut.IdTecnico = ?)   AND ISNULL(ut.E_Eliminado, 0) = 0]
2026-08-11 18:45:49.874 DEBUG 10036 --- [io-9060-exec-10] o.s.jdbc.datasource.DataSourceUtils      : Fetching JDBC Connection from DataSource
2026-08-11 18:45:49.876 DEBUG 10036 --- [io-9060-exec-10] o.s.jdbc.core.JdbcTemplate               : Executing prepared SQL query
2026-08-11 18:45:49.876 DEBUG 10036 --- [io-9060-exec-10] o.s.jdbc.core.JdbcTemplate               : Executing prepared SQL statement [SELECT TOP 1 CAST(ut.Id_Vendedor AS INT) AS alt_id FROM dbo.tbl_UsuarioTecnico ut WHERE (ut.Id_Usuario = ? OR ut.IdUsuario = ? OR ut.Id_Tecnico = ? OR ut.IdTecnico = ?)   AND ISNULL(ut.E_Eliminado, 0) = 0   AND ut.Id_Vendedor IS NOT NULL]
2026-08-11 18:45:49.876 DEBUG 10036 --- [io-9060-exec-10] o.s.jdbc.datasource.DataSourceUtils      : Fetching JDBC Connection from DataSource
2026-08-11 18:45:49.880 DEBUG 10036 --- [io-9060-exec-10] o.s.jdbc.core.JdbcTemplate               : Executing prepared SQL query
2026-08-11 18:45:49.880 DEBUG 10036 --- [io-9060-exec-10] o.s.jdbc.core.JdbcTemplate               : Executing prepared SQL statement [SELECT TOP 1 CAST(ut.id AS INT) AS alt_id FROM dbo.tbl_usuariotecnico ut WHERE (ut.id_usuario = ? OR ut.idusuario = ? OR ut.id_tecnico = ? OR ut.idtecnico = ?)   AND ISNULL(ut.e_eliminado, 0) = 0]
2026-08-11 18:45:49.880 DEBUG 10036 --- [io-9060-exec-10] o.s.jdbc.datasource.DataSourceUtils      : Fetching JDBC Connection from DataSource
2026-08-11 18:45:49.886 DEBUG 10036 --- [io-9060-exec-10] o.s.jdbc.core.JdbcTemplate               : Executing prepared SQL query
2026-08-11 18:45:49.886 DEBUG 10036 --- [io-9060-exec-10] o.s.jdbc.core.JdbcTemplate               : Executing prepared SQL statement [SELECT TOP 1 CAST(ut.id_vendedor AS INT) AS alt_id FROM dbo.tbl_usuariotecnico ut WHERE (ut.id_usuario = ? OR ut.idusuario = ? OR ut.id_tecnico = ? OR ut.idtecnico = ?)   AND ISNULL(ut.e_eliminado, 0) = 0   AND ut.id_vendedor IS NOT NULL]
2026-08-11 18:45:49.886 DEBUG 10036 --- [io-9060-exec-10] o.s.jdbc.datasource.DataSourceUtils      : Fetching JDBC Connection from DataSource
2026-08-11 18:45:49.888 DEBUG 10036 --- [io-9060-exec-10] o.s.jdbc.core.JdbcTemplate               : Executing prepared SQL query
2026-08-11 18:45:49.888 DEBUG 10036 --- [io-9060-exec-10] o.s.jdbc.core.JdbcTemplate               : Executing prepared SQL statement [SELECT TOP 1 CAST(ut.id AS INT) AS alt_id FROM dbo.tbl_UsuarioTecnico ut WHERE (ut.id_usuario = ? OR ut.idusuario = ? OR ut.id_tecnico = ? OR ut.idtecnico = ?)   AND ISNULL(ut.e_eliminado, 0) = 0]
2026-08-11 18:45:49.888 DEBUG 10036 --- [io-9060-exec-10] o.s.jdbc.datasource.DataSourceUtils      : Fetching JDBC Connection from DataSource
2026-08-11 18:45:49.889 DEBUG 10036 --- [io-9060-exec-10] o.s.jdbc.core.JdbcTemplate               : Executing prepared SQL query
2026-08-11 18:45:49.889 DEBUG 10036 --- [io-9060-exec-10] o.s.jdbc.core.JdbcTemplate               : Executing prepared SQL statement [SELECT TOP 1 CAST(ut.id_vendedor AS INT) AS alt_id FROM dbo.tbl_UsuarioTecnico ut WHERE (ut.id_usuario = ? OR ut.idusuario = ? OR ut.id_tecnico = ? OR ut.idtecnico = ?)   AND ISNULL(ut.e_eliminado, 0) = 0   AND ut.id_vendedor IS NOT NULL]
2026-08-11 18:45:49.889 DEBUG 10036 --- [io-9060-exec-10] o.s.jdbc.datasource.DataSourceUtils      : Fetching JDBC Connection from DataSource
2026-08-11 18:45:49.893 DEBUG 10036 --- [io-9060-exec-10] o.s.jdbc.core.JdbcTemplate               : Executing prepared SQL query
2026-08-11 18:45:49.893 DEBUG 10036 --- [io-9060-exec-10] o.s.jdbc.core.JdbcTemplate               : Executing prepared SQL statement [SELECT TOP 1 CAST(ut.Id AS INT) AS alt_id FROM dbo.tbl_UsuarioTecnico ut WHERE (ut.Id_Usuario = ? OR ut.IdUsuario = ? OR ut.Id_Tecnico = ? OR ut.IdTecnico = ?)   AND ISNULL(ut.E_Eliminado, 0) = 0]
2026-08-11 18:45:49.893 DEBUG 10036 --- [io-9060-exec-10] o.s.jdbc.datasource.DataSourceUtils      : Fetching JDBC Connection from DataSource
2026-08-11 18:45:49.897 DEBUG 10036 --- [io-9060-exec-10] o.s.jdbc.core.JdbcTemplate               : Executing prepared SQL query
2026-08-11 18:45:49.897 DEBUG 10036 --- [io-9060-exec-10] o.s.jdbc.core.JdbcTemplate               : Executing prepared SQL statement [SELECT TOP 1 CAST(ut.Id_Vendedor AS INT) AS alt_id FROM dbo.tbl_UsuarioTecnico ut WHERE (ut.Id_Usuario = ? OR ut.IdUsuario = ? OR ut.Id_Tecnico = ? OR ut.IdTecnico = ?)   AND ISNULL(ut.E_Eliminado, 0) = 0   AND ut.Id_Vendedor IS NOT NULL]
2026-08-11 18:45:49.897 DEBUG 10036 --- [io-9060-exec-10] o.s.jdbc.datasource.DataSourceUtils      : Fetching JDBC Connection from DataSource
2026-08-11 18:45:49.902 DEBUG 10036 --- [io-9060-exec-10] o.s.jdbc.core.JdbcTemplate               : Executing prepared SQL query
2026-08-11 18:45:49.902 DEBUG 10036 --- [io-9060-exec-10] o.s.jdbc.core.JdbcTemplate               : Executing prepared SQL statement [SELECT TOP 1 CAST(ut.id AS INT) AS alt_id FROM dbo.tbl_usuariotecnico ut WHERE (ut.id_usuario = ? OR ut.idusuario = ? OR ut.id_tecnico = ? OR ut.idtecnico = ?)   AND ISNULL(ut.e_eliminado, 0) = 0]
2026-08-11 18:45:49.902 DEBUG 10036 --- [io-9060-exec-10] o.s.jdbc.datasource.DataSourceUtils      : Fetching JDBC Connection from DataSource
2026-08-11 18:45:49.910 DEBUG 10036 --- [io-9060-exec-10] o.s.jdbc.core.JdbcTemplate               : Executing prepared SQL query
2026-08-11 18:45:49.910 DEBUG 10036 --- [io-9060-exec-10] o.s.jdbc.core.JdbcTemplate               : Executing prepared SQL statement [SELECT TOP 1 CAST(ut.id_vendedor AS INT) AS alt_id FROM dbo.tbl_usuariotecnico ut WHERE (ut.id_usuario = ? OR ut.idusuario = ? OR ut.id_tecnico = ? OR ut.idtecnico = ?)   AND ISNULL(ut.e_eliminado, 0) = 0   AND ut.id_vendedor IS NOT NULL]
2026-08-11 18:45:49.910 DEBUG 10036 --- [io-9060-exec-10] o.s.jdbc.datasource.DataSourceUtils      : Fetching JDBC Connection from DataSource
2026-08-11 18:45:49.914 DEBUG 10036 --- [io-9060-exec-10] o.s.jdbc.core.JdbcTemplate               : Executing prepared SQL query
2026-08-11 18:45:49.914 DEBUG 10036 --- [io-9060-exec-10] o.s.jdbc.core.JdbcTemplate               : Executing prepared SQL statement [SELECT TOP 1 CAST(ut.id AS INT) AS alt_id FROM dbo.tbl_UsuarioTecnico ut WHERE (ut.id_usuario = ? OR ut.idusuario = ? OR ut.id_tecnico = ? OR ut.idtecnico = ?)   AND ISNULL(ut.e_eliminado, 0) = 0]
2026-08-11 18:45:49.914 DEBUG 10036 --- [io-9060-exec-10] o.s.jdbc.datasource.DataSourceUtils      : Fetching JDBC Connection from DataSource
2026-08-11 18:45:49.917 DEBUG 10036 --- [io-9060-exec-10] o.s.jdbc.core.JdbcTemplate               : Executing prepared SQL query
2026-08-11 18:45:49.917 DEBUG 10036 --- [io-9060-exec-10] o.s.jdbc.core.JdbcTemplate               : Executing prepared SQL statement [SELECT TOP 1 CAST(ut.id_vendedor AS INT) AS alt_id FROM dbo.tbl_UsuarioTecnico ut WHERE (ut.id_usuario = ? OR ut.idusuario = ? OR ut.id_tecnico = ? OR ut.idtecnico = ?)   AND ISNULL(ut.e_eliminado, 0) = 0   AND ut.id_vendedor IS NOT NULL]
2026-08-11 18:45:49.917 DEBUG 10036 --- [io-9060-exec-10] o.s.jdbc.datasource.DataSourceUtils      : Fetching JDBC Connection from DataSource
2026-08-11 18:45:49.920 DEBUG 10036 --- [io-9060-exec-10] o.s.jdbc.core.JdbcTemplate               : Executing prepared SQL query
2026-08-11 18:45:49.920 DEBUG 10036 --- [io-9060-exec-10] o.s.jdbc.core.JdbcTemplate               : Executing prepared SQL statement [SELECT TOP 1 CAST(ut.Id AS INT) AS alt_id FROM dbo.tbl_UsuarioTecnico ut WHERE (ut.Id_Usuario = ? OR ut.IdUsuario = ? OR ut.Id_Tecnico = ? OR ut.IdTecnico = ?)   AND ISNULL(ut.E_Eliminado, 0) = 0]
2026-08-11 18:45:49.920 DEBUG 10036 --- [io-9060-exec-10] o.s.jdbc.datasource.DataSourceUtils      : Fetching JDBC Connection from DataSource
2026-08-11 18:45:49.922 DEBUG 10036 --- [io-9060-exec-10] o.s.jdbc.core.JdbcTemplate               : Executing prepared SQL query
2026-08-11 18:45:49.922 DEBUG 10036 --- [io-9060-exec-10] o.s.jdbc.core.JdbcTemplate               : Executing prepared SQL statement [SELECT TOP 1 CAST(ut.Id_Vendedor AS INT) AS alt_id FROM dbo.tbl_UsuarioTecnico ut WHERE (ut.Id_Usuario = ? OR ut.IdUsuario = ? OR ut.Id_Tecnico = ? OR ut.IdTecnico = ?)   AND ISNULL(ut.E_Eliminado, 0) = 0   AND ut.Id_Vendedor IS NOT NULL]
2026-08-11 18:45:49.922 DEBUG 10036 --- [io-9060-exec-10] o.s.jdbc.datasource.DataSourceUtils      : Fetching JDBC Connection from DataSource
2026-08-11 18:45:49.925 DEBUG 10036 --- [io-9060-exec-10] o.s.jdbc.core.JdbcTemplate               : Executing prepared SQL query
2026-08-11 18:45:49.925 DEBUG 10036 --- [io-9060-exec-10] o.s.jdbc.core.JdbcTemplate               : Executing prepared SQL statement [SELECT TOP 1 CAST(ut.id AS INT) AS alt_id FROM dbo.tbl_usuariotecnico ut WHERE (ut.id_usuario = ? OR ut.idusuario = ? OR ut.id_tecnico = ? OR ut.idtecnico = ?)   AND ISNULL(ut.e_eliminado, 0) = 0]
2026-08-11 18:45:49.925 DEBUG 10036 --- [io-9060-exec-10] o.s.jdbc.datasource.DataSourceUtils      : Fetching JDBC Connection from DataSource
2026-08-11 18:45:49.928 DEBUG 10036 --- [io-9060-exec-10] o.s.jdbc.core.JdbcTemplate               : Executing prepared SQL query
2026-08-11 18:45:49.928 DEBUG 10036 --- [io-9060-exec-10] o.s.jdbc.core.JdbcTemplate               : Executing prepared SQL statement [SELECT TOP 1 CAST(ut.id_vendedor AS INT) AS alt_id FROM dbo.tbl_usuariotecnico ut WHERE (ut.id_usuario = ? OR ut.idusuario = ? OR ut.id_tecnico = ? OR ut.idtecnico = ?)   AND ISNULL(ut.e_eliminado, 0) = 0   AND ut.id_vendedor IS NOT NULL]
2026-08-11 18:45:49.928 DEBUG 10036 --- [io-9060-exec-10] o.s.jdbc.datasource.DataSourceUtils      : Fetching JDBC Connection from DataSource
2026-08-11 18:45:49.931 DEBUG 10036 --- [io-9060-exec-10] o.s.jdbc.core.JdbcTemplate               : Executing prepared SQL query
2026-08-11 18:45:49.931 DEBUG 10036 --- [io-9060-exec-10] o.s.jdbc.core.JdbcTemplate               : Executing prepared SQL statement [SELECT TOP 1 1 AS ok FROM dbo.backup_temporal bt WHERE bt.id_usuario = ?   AND ISNULL(bt.e_activo, 1) = 1   AND (bt.fecha_fin IS NULL OR bt.fecha_fin > GETDATE()) ORDER BY bt.id_backup_temporal DESC]
2026-08-11 18:45:49.931 DEBUG 10036 --- [io-9060-exec-10] o.s.jdbc.datasource.DataSourceUtils      : Fetching JDBC Connection from DataSource
2026-08-11 18:45:49.934  INFO 10036 --- [io-9060-exec-10] c.e.T.p.service.PrivilegioService        : [PERMISOS] idUsuarioSesion=85, rolSesion=Tecnico, backupContexto=false, backupTemporal=false, idGrupo=null, idSupervisorContexto=null, idRolPermisos=8, idUsuarioPermisos=85
2026-08-11 18:45:49.934 DEBUG 10036 --- [io-9060-exec-10] o.s.jdbc.core.JdbcTemplate               : Executing SQL query [EXEC dbo.spx_ObtenerPrivilegiosRoles]
2026-08-11 18:45:49.934 DEBUG 10036 --- [io-9060-exec-10] o.s.jdbc.datasource.DataSourceUtils      : Fetching JDBC Connection from DataSource
2026-08-11 18:45:49.935 DEBUG 10036 --- [io-9060-exec-10] o.s.jdbc.core.JdbcTemplate               : Executing prepared SQL query
2026-08-11 18:45:49.935 DEBUG 10036 --- [io-9060-exec-10] o.s.jdbc.core.JdbcTemplate               : Executing prepared SQL statement [EXEC dbo.spx_ObtenerPrivilegiosRolDetalle ?]
2026-08-11 18:45:49.935 DEBUG 10036 --- [io-9060-exec-10] o.s.jdbc.datasource.DataSourceUtils      : Fetching JDBC Connection from DataSource
2026-08-11 18:45:49.959 DEBUG 10036 --- [io-9060-exec-10] o.s.w.s.m.m.a.HttpEntityMethodProcessor  : Using 'application/json', given [application/json, text/plain, */*] and supported [application/json, application/*+json, application/json, application/*+json]
2026-08-11 18:45:49.959 DEBUG 10036 --- [io-9060-exec-10] o.s.w.s.m.m.a.HttpEntityMethodProcessor  : Writing [com.example.TigoStarSystem.common.ApiResponse@d62371e]
2026-08-11 18:45:49.959 DEBUG 10036 --- [io-9060-exec-10] o.s.web.servlet.DispatcherServlet        : Completed 200 OK
2026-08-11 18:45:50.010 DEBUG 10036 --- [onnection adder] com.zaxxer.hikari.pool.HikariPool        : HikariPool-1 - Added connection net.sourceforge.jtds.jdbc.JtdsConnection@777933c9
2026-08-11 18:45:50.166 DEBUG 10036 --- [nio-9060-exec-7] o.s.web.servlet.DispatcherServlet        : GET "/ot/modificar-hoy?_ts=1786488349856&idSucursal=9", parameters={masked}
2026-08-11 18:45:50.166 DEBUG 10036 --- [nio-9060-exec-3] o.s.web.servlet.DispatcherServlet        : GET "/tecnico/inicio-jornada/cierre-estado", parameters={}
2026-08-11 18:45:50.166 DEBUG 10036 --- [nio-9060-exec-7] s.w.s.m.m.a.RequestMappingHandlerMapping : Mapped to com.example.TigoStarSystem.ot.controller.OtController#listarOtModificablesHoy(String)
2026-08-11 18:45:50.166 DEBUG 10036 --- [nio-9060-exec-3] s.w.s.m.m.a.RequestMappingHandlerMapping : Mapped to com.example.TigoStarSystem.tecnicoiniciojornada.controller.TecnicoInicioJornadaController#estadoCierre(String)
2026-08-11 18:45:50.168 DEBUG 10036 --- [nio-9060-exec-3] o.s.jdbc.core.JdbcTemplate               : Executing prepared SQL query
2026-08-11 18:45:50.168 DEBUG 10036 --- [nio-9060-exec-7] o.s.jdbc.core.JdbcTemplate               : Executing prepared SQL query
2026-08-11 18:45:50.169 DEBUG 10036 --- [nio-9060-exec-3] o.s.jdbc.core.JdbcTemplate               : Executing prepared SQL statement [EXEC dbo.SP_InicioJornada_MarcarNoCierreAtrasado ?]
2026-08-11 18:45:50.169 DEBUG 10036 --- [nio-9060-exec-7] o.s.jdbc.core.JdbcTemplate               : Executing prepared SQL statement [SELECT DISTINCT CAST(ut.id_vendedor AS INT) AS id_vendedor FROM dbo.tbl_usuariotecnico ut WHERE ut.id_usuario = ? AND ISNULL(ut.e_eliminado, 0) = 0]
2026-08-11 18:45:50.169 DEBUG 10036 --- [nio-9060-exec-3] o.s.jdbc.datasource.DataSourceUtils      : Fetching JDBC Connection from DataSource
2026-08-11 18:45:50.169 DEBUG 10036 --- [nio-9060-exec-7] o.s.jdbc.datasource.DataSourceUtils      : Fetching JDBC Connection from DataSource
2026-08-11 18:45:50.174 DEBUG 10036 --- [nio-9060-exec-3] o.s.jdbc.core.JdbcTemplate               : Executing prepared SQL query
2026-08-11 18:45:50.174 DEBUG 10036 --- [nio-9060-exec-3] o.s.jdbc.core.JdbcTemplate               : Executing prepared SQL statement [SELECT TOP 1 ultimo.id_inicio, ultimo.id_tecnico, ultimo.id_encargado, ultimo.fecha_registro, ultimo.fecha_cierre, ultimo.pendiente, ultimo.no_marco_cierre FROM (   SELECT TOP 1 id_inicio, id_tecnico, id_encargado, fecha_registro, fecha_cierre, pendiente, no_marco_cierre, e_eliminado   FROM dbo.tbl_InicioJornadaAlturas   WHERE id_tecnico = ?     AND CAST(fecha_registro AS DATE) < CAST(GETDATE() AS DATE)   ORDER BY fecha_registro DESC, id_inicio DESC ) ultimo WHERE fecha_cierre IS NULL   AND ISNULL(e_eliminado, 0) = 0   AND ISNULL(no_marco_cierre, 0) = 1]
2026-08-11 18:45:50.174 DEBUG 10036 --- [nio-9060-exec-3] o.s.jdbc.datasource.DataSourceUtils      : Fetching JDBC Connection from DataSource
2026-08-11 18:45:50.176 DEBUG 10036 --- [nio-9060-exec-7] o.s.jdbc.core.JdbcTemplate               : Executing prepared SQL query
2026-08-11 18:45:50.176 DEBUG 10036 --- [nio-9060-exec-7] o.s.jdbc.core.JdbcTemplate               : Executing prepared SQL statement [SELECT v.Id_Venta AS idVenta, v.OrdenTrabajo AS ordenTrabajo, v.CodigoCliente AS codigoCliente, v.Id_Ruta AS idRuta, v.Id_Vendedor AS idVendedor, v.Fecha_Ejecucion AS fechaEjecucion, v.FechaHoraDetalle AS fechaHoraDetalle, v.Id_Estado AS idEstado, ISNULL(r.Nombre, '') AS grupo, ISNULL(e.Nombre, '') AS estado FROM dbo.tbl_Venta v LEFT JOIN dbo.tbl_Ruta r ON r.Id_Ruta = v.Id_Ruta LEFT JOIN dbo.tbl_Estado e ON e.Id_Estado = v.Id_Estado WHERE ISNULL(v.E_Eliminado, 0) = 0 AND v.FechaHoraDetalle IS NOT NULL AND CONVERT(DATE, v.FechaHoraDetalle) = ? AND v.Id_Vendedor IN (?, ?) ORDER BY v.FechaHoraDetalle DESC, v.Id_Venta DESC]
2026-08-11 18:45:50.176 DEBUG 10036 --- [nio-9060-exec-7] o.s.jdbc.datasource.DataSourceUtils      : Fetching JDBC Connection from DataSource
2026-08-11 18:45:50.178 DEBUG 10036 --- [nio-9060-exec-3] o.s.jdbc.core.JdbcTemplate               : Executing prepared SQL query
2026-08-11 18:45:50.178 DEBUG 10036 --- [nio-9060-exec-3] o.s.jdbc.core.JdbcTemplate               : Executing prepared SQL statement [EXEC dbo.SP_InicioJornada_EstadoCierreHoy ?]
2026-08-11 18:45:50.178 DEBUG 10036 --- [nio-9060-exec-3] o.s.jdbc.datasource.DataSourceUtils      : Fetching JDBC Connection from DataSource
2026-08-11 18:45:50.181 DEBUG 10036 --- [nio-9060-exec-3] o.s.jdbc.core.JdbcTemplate               : Executing prepared SQL query
2026-08-11 18:45:50.181 DEBUG 10036 --- [nio-9060-exec-3] o.s.jdbc.core.JdbcTemplate               : Executing prepared SQL statement [EXEC dbo.SP_InicioJornada_CountNoMarco ?]
2026-08-11 18:45:50.181 DEBUG 10036 --- [nio-9060-exec-3] o.s.jdbc.datasource.DataSourceUtils      : Fetching JDBC Connection from DataSource
2026-08-11 18:45:50.186 DEBUG 10036 --- [nio-9060-exec-3] o.s.w.s.m.m.a.HttpEntityMethodProcessor  : Using 'application/json', given [application/json, text/plain, */*] and supported [application/json, application/*+json, application/json, application/*+json]
2026-08-11 18:45:50.186 DEBUG 10036 --- [nio-9060-exec-3] o.s.w.s.m.m.a.HttpEntityMethodProcessor  : Writing [com.example.TigoStarSystem.common.ApiResponse@5cc1f07e]
2026-08-11 18:45:50.188 DEBUG 10036 --- [nio-9060-exec-3] o.s.web.servlet.DispatcherServlet        : Completed 200 OK
2026-08-11 18:45:50.313 DEBUG 10036 --- [nio-9060-exec-7] o.s.jdbc.core.JdbcTemplate               : Executing prepared SQL query
2026-08-11 18:45:50.313 DEBUG 10036 --- [nio-9060-exec-7] o.s.jdbc.core.JdbcTemplate               : Executing prepared SQL statement [SELECT cv.Id_CodigoVenta AS idCodigoVenta, cv.Id_Venta AS idVenta, cv.Id_Producto AS idProducto, p.Nombre AS producto, cv.Id_TipoMaterial AS idTipoMaterial, tm.Nombre AS tipoMaterial, cv.Cantidad AS cantidad, cv.Cod_Inicio AS serie, cv.ChipID AS chipId FROM dbo.tbl_CodigoVenta cv LEFT JOIN dbo.tbl_Producto p ON p.Id_Producto = cv.Id_Producto LEFT JOIN dbo.tbl_TipoMaterial tm ON tm.Id_TipoMaterial = cv.Id_TipoMaterial WHERE cv.Id_Venta = ? AND ISNULL(cv.E_Eliminado, 0) = 0 AND cv.Id_TipoMaterial = 1 AND NULLIF(LTRIM(RTRIM(ISNULL(cv.Cod_Inicio, ''))), '') IS NULL AND NULLIF(LTRIM(RTRIM(ISNULL(cv.ChipID, ''))), '') IS NULL ORDER BY p.Nombre, cv.Id_CodigoVenta]
2026-08-11 18:45:50.313 DEBUG 10036 --- [nio-9060-exec-7] o.s.jdbc.datasource.DataSourceUtils      : Fetching JDBC Connection from DataSource
2026-08-11 18:45:50.318 DEBUG 10036 --- [nio-9060-exec-7] o.s.jdbc.core.JdbcTemplate               : Executing prepared SQL query
2026-08-11 18:45:50.318 DEBUG 10036 --- [nio-9060-exec-7] o.s.jdbc.core.JdbcTemplate               : Executing prepared SQL statement [EXEC spx_ValidarCuadreRuta ?, ?]
2026-08-11 18:45:50.318 DEBUG 10036 --- [nio-9060-exec-7] o.s.jdbc.datasource.DataSourceUtils      : Fetching JDBC Connection from DataSource
2026-08-11 18:45:50.324 DEBUG 10036 --- [nio-9060-exec-7] o.s.jdbc.core.JdbcTemplate               : Executing prepared SQL query
2026-08-11 18:45:50.324 DEBUG 10036 --- [nio-9060-exec-7] o.s.jdbc.core.JdbcTemplate               : Executing prepared SQL statement [SELECT COUNT(1) FROM dbo.tbl_CierreAlmacen WHERE CONVERT(date, Fecha) = ? AND ISNULL(E_Eliminado, 0) = 0]
2026-08-11 18:45:50.324 DEBUG 10036 --- [nio-9060-exec-7] o.s.jdbc.datasource.DataSourceUtils      : Fetching JDBC Connection from DataSource
2026-08-11 18:45:50.335 DEBUG 10036 --- [nio-9060-exec-7] o.s.jdbc.core.JdbcTemplate               : Executing prepared SQL query
2026-08-11 18:45:50.335 DEBUG 10036 --- [nio-9060-exec-7] o.s.jdbc.core.JdbcTemplate               : Executing prepared SQL statement [EXEC spx_ExisteCierreAlmacenHoy ?]
2026-08-11 18:45:50.335 DEBUG 10036 --- [nio-9060-exec-7] o.s.jdbc.datasource.DataSourceUtils      : Fetching JDBC Connection from DataSource
2026-08-11 18:45:50.475 DEBUG 10036 --- [nio-9060-exec-1] o.s.jdbc.core.JdbcTemplate               : Executing prepared SQL query
2026-08-11 18:45:50.475 DEBUG 10036 --- [nio-9060-exec-1] o.s.jdbc.core.JdbcTemplate               : Executing prepared SQL statement [EXEC spx_ValidarCuadreRuta ?, ?]
2026-08-11 18:45:50.475 DEBUG 10036 --- [nio-9060-exec-1] o.s.jdbc.datasource.DataSourceUtils      : Fetching JDBC Connection from DataSource
2026-08-11 18:45:50.481 DEBUG 10036 --- [nio-9060-exec-1] o.s.jdbc.core.JdbcTemplate               : Executing prepared SQL query
2026-08-11 18:45:50.481 DEBUG 10036 --- [nio-9060-exec-1] o.s.jdbc.core.JdbcTemplate               : Executing prepared SQL statement [SELECT COUNT(1) FROM dbo.tbl_CierreAlmacen WHERE CONVERT(date, Fecha) = ? AND ISNULL(E_Eliminado, 0) = 0]
2026-08-11 18:45:50.481 DEBUG 10036 --- [nio-9060-exec-1] o.s.jdbc.datasource.DataSourceUtils      : Fetching JDBC Connection from DataSource
2026-08-11 18:45:50.483 DEBUG 10036 --- [nio-9060-exec-1] o.s.jdbc.core.JdbcTemplate               : Executing prepared SQL query
2026-08-11 18:45:50.483 DEBUG 10036 --- [nio-9060-exec-1] o.s.jdbc.core.JdbcTemplate               : Executing prepared SQL statement [EXEC spx_ExisteCierreAlmacenHoy ?]
2026-08-11 18:45:50.483 DEBUG 10036 --- [nio-9060-exec-1] o.s.jdbc.datasource.DataSourceUtils      : Fetching JDBC Connection from DataSource
2026-08-11 18:45:51.684 DEBUG 10036 --- [nio-9060-exec-7] o.s.jdbc.core.JdbcTemplate               : Executing prepared SQL query
2026-08-11 18:45:51.684 DEBUG 10036 --- [nio-9060-exec-7] o.s.jdbc.core.JdbcTemplate               : Executing prepared SQL statement [SELECT COUNT(1) FROM dbo.tbl_CierreAlmacenPR_PD WHERE CONVERT(date, Fecha) = ? AND ISNULL(E_Eliminado, 0) = 0]
2026-08-11 18:45:51.684 DEBUG 10036 --- [nio-9060-exec-7] o.s.jdbc.datasource.DataSourceUtils      : Fetching JDBC Connection from DataSource
2026-08-11 18:45:51.695 DEBUG 10036 --- [nio-9060-exec-7] o.s.jdbc.core.JdbcTemplate               : Executing prepared SQL query
2026-08-11 18:45:51.695 DEBUG 10036 --- [nio-9060-exec-7] o.s.jdbc.core.JdbcTemplate               : Executing prepared SQL statement [EXEC spx_ExisteCierreAlmacenHoyPR_PD ?]
2026-08-11 18:45:51.695 DEBUG 10036 --- [nio-9060-exec-7] o.s.jdbc.datasource.DataSourceUtils      : Fetching JDBC Connection from DataSource
2026-08-11 18:45:51.869 DEBUG 10036 --- [nio-9060-exec-1] o.s.jdbc.core.JdbcTemplate               : Executing prepared SQL query
2026-08-11 18:45:51.869 DEBUG 10036 --- [nio-9060-exec-1] o.s.jdbc.core.JdbcTemplate               : Executing prepared SQL statement [SELECT COUNT(1) FROM dbo.tbl_CierreAlmacenPR_PD WHERE CONVERT(date, Fecha) = ? AND ISNULL(E_Eliminado, 0) = 0]
2026-08-11 18:45:51.869 DEBUG 10036 --- [nio-9060-exec-1] o.s.jdbc.datasource.DataSourceUtils      : Fetching JDBC Connection from DataSource
2026-08-11 18:45:51.878 DEBUG 10036 --- [nio-9060-exec-1] o.s.jdbc.core.JdbcTemplate               : Executing prepared SQL query
2026-08-11 18:45:51.878 DEBUG 10036 --- [nio-9060-exec-1] o.s.jdbc.core.JdbcTemplate               : Executing prepared SQL statement [EXEC spx_ExisteCierreAlmacenHoyPR_PD ?]
2026-08-11 18:45:51.878 DEBUG 10036 --- [nio-9060-exec-1] o.s.jdbc.datasource.DataSourceUtils      : Fetching JDBC Connection from DataSource
2026-08-11 18:45:52.821 DEBUG 10036 --- [nio-9060-exec-7] o.s.jdbc.core.JdbcTemplate               : Executing prepared SQL query
2026-08-11 18:45:52.821 DEBUG 10036 --- [nio-9060-exec-7] o.s.jdbc.core.JdbcTemplate               : Executing prepared SQL statement [EXEC spx_ValidarCuadreRuta ?, ?]
2026-08-11 18:45:52.821 DEBUG 10036 --- [nio-9060-exec-7] o.s.jdbc.datasource.DataSourceUtils      : Fetching JDBC Connection from DataSource
2026-08-11 18:45:52.830 DEBUG 10036 --- [nio-9060-exec-7] o.s.jdbc.core.JdbcTemplate               : Executing prepared SQL query
2026-08-11 18:45:52.830 DEBUG 10036 --- [nio-9060-exec-7] o.s.jdbc.core.JdbcTemplate               : Executing prepared SQL statement [SELECT COUNT(1) FROM dbo.tbl_CierreAlmacen WHERE CONVERT(date, Fecha) = ? AND ISNULL(E_Eliminado, 0) = 0]
2026-08-11 18:45:52.830 DEBUG 10036 --- [nio-9060-exec-7] o.s.jdbc.datasource.DataSourceUtils      : Fetching JDBC Connection from DataSource
2026-08-11 18:45:52.833 DEBUG 10036 --- [nio-9060-exec-7] o.s.jdbc.core.JdbcTemplate               : Executing prepared SQL query
2026-08-11 18:45:52.833 DEBUG 10036 --- [nio-9060-exec-7] o.s.jdbc.core.JdbcTemplate               : Executing prepared SQL statement [EXEC spx_ExisteCierreAlmacenHoy ?]
2026-08-11 18:45:52.833 DEBUG 10036 --- [nio-9060-exec-7] o.s.jdbc.datasource.DataSourceUtils      : Fetching JDBC Connection from DataSource
2026-08-11 18:45:52.993 DEBUG 10036 --- [nio-9060-exec-1] o.s.jdbc.core.JdbcTemplate               : Executing prepared SQL query
2026-08-11 18:45:52.993 DEBUG 10036 --- [nio-9060-exec-1] o.s.jdbc.core.JdbcTemplate               : Executing prepared SQL statement [SELECT cv.Id_CodigoVenta AS idCodigoVenta, cv.Id_Venta AS idVenta, cv.Id_Producto AS idProducto, p.Nombre AS producto, cv.Id_TipoMaterial AS idTipoMaterial, tm.Nombre AS tipoMaterial, cv.Cantidad AS cantidad, cv.Cod_Inicio AS serie, cv.ChipID AS chipId FROM dbo.tbl_CodigoVenta cv LEFT JOIN dbo.tbl_Producto p ON p.Id_Producto = cv.Id_Producto LEFT JOIN dbo.tbl_TipoMaterial tm ON tm.Id_TipoMaterial = cv.Id_TipoMaterial WHERE cv.Id_Venta = ? AND ISNULL(cv.E_Eliminado, 0) = 0 AND cv.Id_TipoMaterial = 1 AND NULLIF(LTRIM(RTRIM(ISNULL(cv.Cod_Inicio, ''))), '') IS NULL AND NULLIF(LTRIM(RTRIM(ISNULL(cv.ChipID, ''))), '') IS NULL ORDER BY p.Nombre, cv.Id_CodigoVenta]
2026-08-11 18:45:52.993 DEBUG 10036 --- [nio-9060-exec-1] o.s.jdbc.datasource.DataSourceUtils      : Fetching JDBC Connection from DataSource
2026-08-11 18:45:53.007 DEBUG 10036 --- [nio-9060-exec-1] o.s.jdbc.core.JdbcTemplate               : Executing prepared SQL query
2026-08-11 18:45:53.007 DEBUG 10036 --- [nio-9060-exec-1] o.s.jdbc.core.JdbcTemplate               : Executing prepared SQL statement [EXEC spx_ValidarCuadreRuta ?, ?]
2026-08-11 18:45:53.007 DEBUG 10036 --- [nio-9060-exec-1] o.s.jdbc.datasource.DataSourceUtils      : Fetching JDBC Connection from DataSource
2026-08-11 18:45:53.023 DEBUG 10036 --- [nio-9060-exec-1] o.s.jdbc.core.JdbcTemplate               : Executing prepared SQL query
2026-08-11 18:45:53.023 DEBUG 10036 --- [nio-9060-exec-1] o.s.jdbc.core.JdbcTemplate               : Executing prepared SQL statement [SELECT COUNT(1) FROM dbo.tbl_CierreAlmacen WHERE CONVERT(date, Fecha) = ? AND ISNULL(E_Eliminado, 0) = 0]
2026-08-11 18:45:53.023 DEBUG 10036 --- [nio-9060-exec-1] o.s.jdbc.datasource.DataSourceUtils      : Fetching JDBC Connection from DataSource
2026-08-11 18:45:53.026 DEBUG 10036 --- [nio-9060-exec-1] o.s.jdbc.core.JdbcTemplate               : Executing prepared SQL query
2026-08-11 18:45:53.026 DEBUG 10036 --- [nio-9060-exec-1] o.s.jdbc.core.JdbcTemplate               : Executing prepared SQL statement [EXEC spx_ExisteCierreAlmacenHoy ?]
2026-08-11 18:45:53.026 DEBUG 10036 --- [nio-9060-exec-1] o.s.jdbc.datasource.DataSourceUtils      : Fetching JDBC Connection from DataSource
2026-08-11 18:45:54.203 DEBUG 10036 --- [nio-9060-exec-7] o.s.jdbc.core.JdbcTemplate               : Executing prepared SQL query
2026-08-11 18:45:54.203 DEBUG 10036 --- [nio-9060-exec-7] o.s.jdbc.core.JdbcTemplate               : Executing prepared SQL statement [SELECT COUNT(1) FROM dbo.tbl_CierreAlmacenPR_PD WHERE CONVERT(date, Fecha) = ? AND ISNULL(E_Eliminado, 0) = 0]
2026-08-11 18:45:54.203 DEBUG 10036 --- [nio-9060-exec-7] o.s.jdbc.datasource.DataSourceUtils      : Fetching JDBC Connection from DataSource
2026-08-11 18:45:54.221 DEBUG 10036 --- [nio-9060-exec-7] o.s.jdbc.core.JdbcTemplate               : Executing prepared SQL query
2026-08-11 18:45:54.221 DEBUG 10036 --- [nio-9060-exec-7] o.s.jdbc.core.JdbcTemplate               : Executing prepared SQL statement [EXEC spx_ExisteCierreAlmacenHoyPR_PD ?]
2026-08-11 18:45:54.221 DEBUG 10036 --- [nio-9060-exec-7] o.s.jdbc.datasource.DataSourceUtils      : Fetching JDBC Connection from DataSource
2026-08-11 18:45:54.426 DEBUG 10036 --- [nio-9060-exec-1] o.s.jdbc.core.JdbcTemplate               : Executing prepared SQL query
2026-08-11 18:45:54.426 DEBUG 10036 --- [nio-9060-exec-1] o.s.jdbc.core.JdbcTemplate               : Executing prepared SQL statement [SELECT COUNT(1) FROM dbo.tbl_CierreAlmacenPR_PD WHERE CONVERT(date, Fecha) = ? AND ISNULL(E_Eliminado, 0) = 0]
2026-08-11 18:45:54.426 DEBUG 10036 --- [nio-9060-exec-1] o.s.jdbc.datasource.DataSourceUtils      : Fetching JDBC Connection from DataSource
2026-08-11 18:45:54.428 DEBUG 10036 --- [nio-9060-exec-1] o.s.jdbc.core.JdbcTemplate               : Executing prepared SQL query
2026-08-11 18:45:54.428 DEBUG 10036 --- [nio-9060-exec-1] o.s.jdbc.core.JdbcTemplate               : Executing prepared SQL statement [EXEC spx_ExisteCierreAlmacenHoyPR_PD ?]
2026-08-11 18:45:54.428 DEBUG 10036 --- [nio-9060-exec-1] o.s.jdbc.datasource.DataSourceUtils      : Fetching JDBC Connection from DataSource
2026-08-11 18:45:55.396 DEBUG 10036 --- [nio-9060-exec-7] o.s.jdbc.core.JdbcTemplate               : Executing prepared SQL query
2026-08-11 18:45:55.396 DEBUG 10036 --- [nio-9060-exec-7] o.s.jdbc.core.JdbcTemplate               : Executing prepared SQL statement [SELECT cv.Id_CodigoVenta AS idCodigoVenta, cv.Id_Venta AS idVenta, cv.Id_Producto AS idProducto, p.Nombre AS producto, cv.Id_TipoMaterial AS idTipoMaterial, tm.Nombre AS tipoMaterial, cv.Cantidad AS cantidad, cv.Cod_Inicio AS serie, cv.ChipID AS chipId FROM dbo.tbl_CodigoVenta cv LEFT JOIN dbo.tbl_Producto p ON p.Id_Producto = cv.Id_Producto LEFT JOIN dbo.tbl_TipoMaterial tm ON tm.Id_TipoMaterial = cv.Id_TipoMaterial WHERE cv.Id_Venta = ? AND ISNULL(cv.E_Eliminado, 0) = 0 AND cv.Id_TipoMaterial = 1 AND NULLIF(LTRIM(RTRIM(ISNULL(cv.Cod_Inicio, ''))), '') IS NULL AND NULLIF(LTRIM(RTRIM(ISNULL(cv.ChipID, ''))), '') IS NULL ORDER BY p.Nombre, cv.Id_CodigoVenta]
2026-08-11 18:45:55.396 DEBUG 10036 --- [nio-9060-exec-7] o.s.jdbc.datasource.DataSourceUtils      : Fetching JDBC Connection from DataSource
2026-08-11 18:45:55.404 DEBUG 10036 --- [nio-9060-exec-7] o.s.jdbc.core.JdbcTemplate               : Executing prepared SQL query
2026-08-11 18:45:55.404 DEBUG 10036 --- [nio-9060-exec-7] o.s.jdbc.core.JdbcTemplate               : Executing prepared SQL statement [EXEC spx_ValidarCuadreRuta ?, ?]
2026-08-11 18:45:55.404 DEBUG 10036 --- [nio-9060-exec-7] o.s.jdbc.datasource.DataSourceUtils      : Fetching JDBC Connection from DataSource
2026-08-11 18:45:55.422 DEBUG 10036 --- [nio-9060-exec-7] o.s.jdbc.core.JdbcTemplate               : Executing prepared SQL query
2026-08-11 18:45:55.422 DEBUG 10036 --- [nio-9060-exec-7] o.s.jdbc.core.JdbcTemplate               : Executing prepared SQL statement [SELECT COUNT(1) FROM dbo.tbl_CierreAlmacen WHERE CONVERT(date, Fecha) = ? AND ISNULL(E_Eliminado, 0) = 0]
2026-08-11 18:45:55.422 DEBUG 10036 --- [nio-9060-exec-7] o.s.jdbc.datasource.DataSourceUtils      : Fetching JDBC Connection from DataSource
2026-08-11 18:45:55.428 DEBUG 10036 --- [nio-9060-exec-7] o.s.jdbc.core.JdbcTemplate               : Executing prepared SQL query
2026-08-11 18:45:55.428 DEBUG 10036 --- [nio-9060-exec-7] o.s.jdbc.core.JdbcTemplate               : Executing prepared SQL statement [EXEC spx_ExisteCierreAlmacenHoy ?]
2026-08-11 18:45:55.428 DEBUG 10036 --- [nio-9060-exec-7] o.s.jdbc.datasource.DataSourceUtils      : Fetching JDBC Connection from DataSource
2026-08-11 18:45:55.483 DEBUG 10036 --- [nio-9060-exec-1] o.s.jdbc.core.JdbcTemplate               : Executing prepared SQL query
2026-08-11 18:45:55.483 DEBUG 10036 --- [nio-9060-exec-1] o.s.jdbc.core.JdbcTemplate               : Executing prepared SQL statement [EXEC spx_ValidarCuadreRuta ?, ?]
2026-08-11 18:45:55.483 DEBUG 10036 --- [nio-9060-exec-1] o.s.jdbc.datasource.DataSourceUtils      : Fetching JDBC Connection from DataSource
2026-08-11 18:45:55.499 DEBUG 10036 --- [nio-9060-exec-1] o.s.jdbc.core.JdbcTemplate               : Executing prepared SQL query
2026-08-11 18:45:55.499 DEBUG 10036 --- [nio-9060-exec-1] o.s.jdbc.core.JdbcTemplate               : Executing prepared SQL statement [SELECT COUNT(1) FROM dbo.tbl_CierreAlmacen WHERE CONVERT(date, Fecha) = ? AND ISNULL(E_Eliminado, 0) = 0]
2026-08-11 18:45:55.499 DEBUG 10036 --- [nio-9060-exec-1] o.s.jdbc.datasource.DataSourceUtils      : Fetching JDBC Connection from DataSource
2026-08-11 18:45:55.506 DEBUG 10036 --- [nio-9060-exec-1] o.s.jdbc.core.JdbcTemplate               : Executing prepared SQL query
2026-08-11 18:45:55.507 DEBUG 10036 --- [nio-9060-exec-1] o.s.jdbc.core.JdbcTemplate               : Executing prepared SQL statement [EXEC spx_ExisteCierreAlmacenHoy ?]
2026-08-11 18:45:55.507 DEBUG 10036 --- [nio-9060-exec-1] o.s.jdbc.datasource.DataSourceUtils      : Fetching JDBC Connection from DataSource
2026-08-11 18:45:55.780 DEBUG 10036 --- [nio-9060-exec-2] o.s.web.servlet.DispatcherServlet        : GET "/tecnico/inicio-jornada/estado", parameters={}
2026-08-11 18:45:55.780 DEBUG 10036 --- [nio-9060-exec-2] s.w.s.m.m.a.RequestMappingHandlerMapping : Mapped to com.example.TigoStarSystem.tecnicoiniciojornada.controller.TecnicoInicioJornadaController#estado(String, String)
2026-08-11 18:45:55.781 DEBUG 10036 --- [nio-9060-exec-2] o.s.jdbc.core.JdbcTemplate               : Executing prepared SQL query
2026-08-11 18:45:55.781 DEBUG 10036 --- [nio-9060-exec-2] o.s.jdbc.core.JdbcTemplate               : Executing prepared SQL statement [EXEC dbo.SP_InicioJornada_MarcarNoCierreAtrasado ?]
2026-08-11 18:45:55.781 DEBUG 10036 --- [nio-9060-exec-2] o.s.jdbc.datasource.DataSourceUtils      : Fetching JDBC Connection from DataSource
2026-08-11 18:45:55.791 DEBUG 10036 --- [nio-9060-exec-2] o.s.jdbc.core.JdbcTemplate               : Executing prepared SQL query
2026-08-11 18:45:55.791 DEBUG 10036 --- [nio-9060-exec-2] o.s.jdbc.core.JdbcTemplate               : Executing prepared SQL statement [SELECT TOP 1 ultimo.id_inicio, ultimo.id_tecnico, ultimo.id_encargado, ultimo.fecha_registro, ultimo.fecha_cierre, ultimo.pendiente, ultimo.no_marco_cierre FROM (   SELECT TOP 1 id_inicio, id_tecnico, id_encargado, fecha_registro, fecha_cierre, pendiente, no_marco_cierre, e_eliminado   FROM dbo.tbl_InicioJornadaAlturas   WHERE id_tecnico = ?     AND CAST(fecha_registro AS DATE) < CAST(GETDATE() AS DATE)   ORDER BY fecha_registro DESC, id_inicio DESC ) ultimo WHERE fecha_cierre IS NULL   AND ISNULL(e_eliminado, 0) = 0   AND ISNULL(no_marco_cierre, 0) = 1]
2026-08-11 18:45:55.791 DEBUG 10036 --- [nio-9060-exec-2] o.s.jdbc.datasource.DataSourceUtils      : Fetching JDBC Connection from DataSource
2026-08-11 18:45:55.794 DEBUG 10036 --- [nio-9060-exec-2] o.s.jdbc.core.JdbcTemplate               : Executing prepared SQL query
2026-08-11 18:45:55.794 DEBUG 10036 --- [nio-9060-exec-2] o.s.jdbc.core.JdbcTemplate               : Executing prepared SQL statement [EXEC dbo.SP_InicioJornada_ExisteRegistroHoy ?]
2026-08-11 18:45:55.794 DEBUG 10036 --- [nio-9060-exec-2] o.s.jdbc.datasource.DataSourceUtils      : Fetching JDBC Connection from DataSource
2026-08-11 18:45:55.796 DEBUG 10036 --- [nio-9060-exec-2] o.s.jdbc.core.JdbcTemplate               : Executing SQL query [EXEC dbo.spx_ObtenerSucursalesConexionWeb]
2026-08-11 18:45:55.796 DEBUG 10036 --- [nio-9060-exec-2] o.s.jdbc.datasource.DataSourceUtils      : Fetching JDBC Connection from DataSource
2026-08-11 18:45:55.806 DEBUG 10036 --- [nio-9060-exec-2] o.s.jdbc.core.JdbcTemplate               : Executing SQL query [EXEC dbo.spx_ObtenerSucursalesConexionWeb]
2026-08-11 18:45:55.806 DEBUG 10036 --- [nio-9060-exec-2] o.s.jdbc.datasource.DataSourceUtils      : Fetching JDBC Connection from DataSource
2026-08-11 18:45:55.809 DEBUG 10036 --- [nio-9060-exec-2] o.s.jdbc.core.JdbcTemplate               : Executing prepared SQL query
2026-08-11 18:45:55.809 DEBUG 10036 --- [nio-9060-exec-2] o.s.jdbc.core.JdbcTemplate               : Executing prepared SQL statement [SELECT TOP 1 CAST(c.idUsuarioSupervisor AS INT) AS idEncargado, CAST(c.supervisorACargo AS NVARCHAR(200)) AS encargado, CAST(c.id AS INT) AS idConformacion, CAST(c.id_tecnicoAuxiliar AS INT) AS idAuxiliar, CAST(c.auxiliar AS NVARCHAR(250)) AS auxiliar, c.sucursal, c.fecha, c.fechaRegistro FROM dbo.tbl_ConformacionCuadrillaDiario c WHERE ISNULL(c.e_eliminado, 0) = 0   AND CONVERT(date, c.fecha) = CONVERT(date, GETDATE())   AND (? IS NULL OR LOWER(REPLACE(REPLACE(REPLACE(LTRIM(RTRIM(ISNULL(c.sucursal, ''))), '_', ''), '-', ''), ' ', '')) =                   LOWER(REPLACE(REPLACE(REPLACE(LTRIM(RTRIM(?)), '_', ''), '-', ''), ' ', '')))   AND (        (? > 0 AND (? = c.id_tecnico OR ? = c.id_tecnicoAuxiliar))        OR (? <> '' AND (            LOWER(LTRIM(RTRIM(ISNULL(c.tecnico, '')))) = ?            OR LOWER(LTRIM(RTRIM(ISNULL(c.auxiliar, '')))) = ?        ))   ) ORDER BY ISNULL(c.fechaRegistro, '19000101') DESC, c.id DESC]
2026-08-11 18:45:55.809 DEBUG 10036 --- [nio-9060-exec-2] o.s.jdbc.datasource.DataSourceUtils      : Fetching JDBC Connection from DataSource
2026-08-11 18:45:55.811 DEBUG 10036 --- [nio-9060-exec-2] o.s.jdbc.core.JdbcTemplate               : Executing prepared SQL query
2026-08-11 18:45:55.811 DEBUG 10036 --- [nio-9060-exec-2] o.s.jdbc.core.JdbcTemplate               : Executing prepared SQL statement [SELECT TOP 1 Nombre FROM dbo.tbl_Usuario WHERE Id_Usuario = ? AND ISNULL(E_Eliminado,0)=0]
2026-08-11 18:45:55.811 DEBUG 10036 --- [nio-9060-exec-2] o.s.jdbc.datasource.DataSourceUtils      : Fetching JDBC Connection from DataSource
2026-08-11 18:45:55.814 DEBUG 10036 --- [nio-9060-exec-2] o.s.w.s.m.m.a.HttpEntityMethodProcessor  : Using 'application/json', given [application/json, text/plain, */*] and supported [application/json, application/*+json, application/json, application/*+json]
2026-08-11 18:45:55.814 DEBUG 10036 --- [nio-9060-exec-2] o.s.w.s.m.m.a.HttpEntityMethodProcessor  : Writing [com.example.TigoStarSystem.common.ApiResponse@a84467e]
2026-08-11 18:45:55.814 DEBUG 10036 --- [nio-9060-exec-2] o.s.web.servlet.DispatcherServlet        : Completed 200 OK
2026-08-11 18:45:56.548 DEBUG 10036 --- [ool housekeeper] com.zaxxer.hikari.pool.HikariPool        : CentralHikariPool - Before cleanup stats (total=1, active=0, idle=1, waiting=0)
2026-08-11 18:45:56.548 DEBUG 10036 --- [ool housekeeper] com.zaxxer.hikari.pool.HikariPool        : CentralHikariPool - After cleanup  stats (total=1, active=0, idle=1, waiting=0)
2026-08-11 18:45:56.548 DEBUG 10036 --- [ool housekeeper] com.zaxxer.hikari.pool.HikariPool        : CentralHikariPool - Fill pool skipped, pool is at sufficient level.
2026-08-11 18:45:56.564 DEBUG 10036 --- [l-1 housekeeper] com.zaxxer.hikari.pool.HikariPool        : HikariPool-1 - Before cleanup stats (total=3, active=2, idle=1, waiting=0)
2026-08-11 18:45:56.564 DEBUG 10036 --- [l-1 housekeeper] com.zaxxer.hikari.pool.HikariPool        : HikariPool-1 - After cleanup  stats (total=3, active=2, idle=1, waiting=0)
2026-08-11 18:45:56.564 DEBUG 10036 --- [l-1 housekeeper] com.zaxxer.hikari.pool.HikariPool        : HikariPool-1 - Fill pool skipped, pool is at sufficient level.
2026-08-11 18:45:56.870 DEBUG 10036 --- [nio-9060-exec-7] o.s.jdbc.core.JdbcTemplate               : Executing prepared SQL query
2026-08-11 18:45:56.870 DEBUG 10036 --- [nio-9060-exec-7] o.s.jdbc.core.JdbcTemplate               : Executing prepared SQL statement [SELECT COUNT(1) FROM dbo.tbl_CierreAlmacenPR_PD WHERE CONVERT(date, Fecha) = ? AND ISNULL(E_Eliminado, 0) = 0]
2026-08-11 18:45:56.870 DEBUG 10036 --- [nio-9060-exec-7] o.s.jdbc.datasource.DataSourceUtils      : Fetching JDBC Connection from DataSource
2026-08-11 18:45:56.886 DEBUG 10036 --- [nio-9060-exec-7] o.s.jdbc.core.JdbcTemplate               : Executing prepared SQL query
2026-08-11 18:45:56.886 DEBUG 10036 --- [nio-9060-exec-7] o.s.jdbc.core.JdbcTemplate               : Executing prepared SQL statement [EXEC spx_ExisteCierreAlmacenHoyPR_PD ?]
2026-08-11 18:45:56.886 DEBUG 10036 --- [nio-9060-exec-7] o.s.jdbc.datasource.DataSourceUtils      : Fetching JDBC Connection from DataSource
2026-08-11 18:45:56.902 DEBUG 10036 --- [ool housekeeper] com.zaxxer.hikari.pool.HikariPool        : TigoHogarHikariPool - Before cleanup stats (total=2, active=0, idle=2, waiting=0)
2026-08-11 18:45:56.902 DEBUG 10036 --- [ool housekeeper] com.zaxxer.hikari.pool.HikariPool        : TigoHogarHikariPool - After cleanup  stats (total=2, active=0, idle=2, waiting=0)
2026-08-11 18:45:56.902 DEBUG 10036 --- [ool housekeeper] com.zaxxer.hikari.pool.HikariPool        : TigoHogarHikariPool - Fill pool skipped, pool is at sufficient level.
2026-08-11 18:45:56.911 DEBUG 10036 --- [nio-9060-exec-1] o.s.jdbc.core.JdbcTemplate               : Executing prepared SQL query
2026-08-11 18:45:56.911 DEBUG 10036 --- [nio-9060-exec-1] o.s.jdbc.core.JdbcTemplate               : Executing prepared SQL statement [SELECT COUNT(1) FROM dbo.tbl_CierreAlmacenPR_PD WHERE CONVERT(date, Fecha) = ? AND ISNULL(E_Eliminado, 0) = 0]
2026-08-11 18:45:56.911 DEBUG 10036 --- [nio-9060-exec-1] o.s.jdbc.datasource.DataSourceUtils      : Fetching JDBC Connection from DataSource
2026-08-11 18:45:56.918 DEBUG 10036 --- [nio-9060-exec-1] o.s.jdbc.core.JdbcTemplate               : Executing prepared SQL query
2026-08-11 18:45:56.918 DEBUG 10036 --- [nio-9060-exec-1] o.s.jdbc.core.JdbcTemplate               : Executing prepared SQL statement [EXEC spx_ExisteCierreAlmacenHoyPR_PD ?]
2026-08-11 18:45:56.918 DEBUG 10036 --- [nio-9060-exec-1] o.s.jdbc.datasource.DataSourceUtils      : Fetching JDBC Connection from DataSource
2026-08-11 18:45:58.509 DEBUG 10036 --- [nio-9060-exec-7] o.s.jdbc.core.JdbcTemplate               : Executing prepared SQL query
2026-08-11 18:45:58.509 DEBUG 10036 --- [nio-9060-exec-7] o.s.jdbc.core.JdbcTemplate               : Executing prepared SQL statement [EXEC spx_ValidarCuadreRuta ?, ?]
2026-08-11 18:45:58.509 DEBUG 10036 --- [nio-9060-exec-7] o.s.jdbc.datasource.DataSourceUtils      : Fetching JDBC Connection from DataSource
2026-08-11 18:45:58.531 DEBUG 10036 --- [nio-9060-exec-7] o.s.jdbc.core.JdbcTemplate               : Executing prepared SQL query
2026-08-11 18:45:58.531 DEBUG 10036 --- [nio-9060-exec-7] o.s.jdbc.core.JdbcTemplate               : Executing prepared SQL statement [SELECT COUNT(1) FROM dbo.tbl_CierreAlmacen WHERE CONVERT(date, Fecha) = ? AND ISNULL(E_Eliminado, 0) = 0]
2026-08-11 18:45:58.531 DEBUG 10036 --- [nio-9060-exec-7] o.s.jdbc.datasource.DataSourceUtils      : Fetching JDBC Connection from DataSource
2026-08-11 18:45:58.540 DEBUG 10036 --- [nio-9060-exec-7] o.s.jdbc.core.JdbcTemplate               : Executing prepared SQL query
2026-08-11 18:45:58.540 DEBUG 10036 --- [nio-9060-exec-7] o.s.jdbc.core.JdbcTemplate               : Executing prepared SQL statement [EXEC spx_ExisteCierreAlmacenHoy ?]
2026-08-11 18:45:58.540 DEBUG 10036 --- [nio-9060-exec-7] o.s.jdbc.datasource.DataSourceUtils      : Fetching JDBC Connection from DataSource
2026-08-11 18:45:58.593 DEBUG 10036 --- [nio-9060-exec-1] o.s.jdbc.core.JdbcTemplate               : Executing prepared SQL query
2026-08-11 18:45:58.593 DEBUG 10036 --- [nio-9060-exec-1] o.s.jdbc.core.JdbcTemplate               : Executing prepared SQL statement [SELECT cv.Id_CodigoVenta AS idCodigoVenta, cv.Id_Venta AS idVenta, cv.Id_Producto AS idProducto, p.Nombre AS producto, cv.Id_TipoMaterial AS idTipoMaterial, tm.Nombre AS tipoMaterial, cv.Cantidad AS cantidad, cv.Cod_Inicio AS serie, cv.ChipID AS chipId FROM dbo.tbl_CodigoVenta cv LEFT JOIN dbo.tbl_Producto p ON p.Id_Producto = cv.Id_Producto LEFT JOIN dbo.tbl_TipoMaterial tm ON tm.Id_TipoMaterial = cv.Id_TipoMaterial WHERE cv.Id_Venta = ? AND ISNULL(cv.E_Eliminado, 0) = 0 AND cv.Id_TipoMaterial = 1 AND NULLIF(LTRIM(RTRIM(ISNULL(cv.Cod_Inicio, ''))), '') IS NULL AND NULLIF(LTRIM(RTRIM(ISNULL(cv.ChipID, ''))), '') IS NULL ORDER BY p.Nombre, cv.Id_CodigoVenta]
2026-08-11 18:45:58.593 DEBUG 10036 --- [nio-9060-exec-1] o.s.jdbc.datasource.DataSourceUtils      : Fetching JDBC Connection from DataSource
2026-08-11 18:45:58.599 DEBUG 10036 --- [nio-9060-exec-1] o.s.jdbc.core.JdbcTemplate               : Executing prepared SQL query
2026-08-11 18:45:58.600 DEBUG 10036 --- [nio-9060-exec-1] o.s.jdbc.core.JdbcTemplate               : Executing prepared SQL statement [EXEC spx_ValidarCuadreRuta ?, ?]
2026-08-11 18:45:58.600 DEBUG 10036 --- [nio-9060-exec-1] o.s.jdbc.datasource.DataSourceUtils      : Fetching JDBC Connection from DataSource
2026-08-11 18:45:58.605 DEBUG 10036 --- [nio-9060-exec-1] o.s.jdbc.core.JdbcTemplate               : Executing prepared SQL query
2026-08-11 18:45:58.606 DEBUG 10036 --- [nio-9060-exec-1] o.s.jdbc.core.JdbcTemplate               : Executing prepared SQL statement [SELECT COUNT(1) FROM dbo.tbl_CierreAlmacen WHERE CONVERT(date, Fecha) = ? AND ISNULL(E_Eliminado, 0) = 0]
2026-08-11 18:45:58.606 DEBUG 10036 --- [nio-9060-exec-1] o.s.jdbc.datasource.DataSourceUtils      : Fetching JDBC Connection from DataSource
2026-08-11 18:45:58.609 DEBUG 10036 --- [nio-9060-exec-1] o.s.jdbc.core.JdbcTemplate               : Executing prepared SQL query
2026-08-11 18:45:58.609 DEBUG 10036 --- [nio-9060-exec-1] o.s.jdbc.core.JdbcTemplate               : Executing prepared SQL statement [EXEC spx_ExisteCierreAlmacenHoy ?]
2026-08-11 18:45:58.609 DEBUG 10036 --- [nio-9060-exec-1] o.s.jdbc.datasource.DataSourceUtils      : Fetching JDBC Connection from DataSource
2026-08-11 18:45:59.633 DEBUG 10036 --- [nio-9060-exec-1] o.s.jdbc.core.JdbcTemplate               : Executing prepared SQL query
2026-08-11 18:45:59.633 DEBUG 10036 --- [nio-9060-exec-1] o.s.jdbc.core.JdbcTemplate               : Executing prepared SQL statement [SELECT COUNT(1) FROM dbo.tbl_CierreAlmacenPR_PD WHERE CONVERT(date, Fecha) = ? AND ISNULL(E_Eliminado, 0) = 0]
2026-08-11 18:45:59.633 DEBUG 10036 --- [nio-9060-exec-1] o.s.jdbc.datasource.DataSourceUtils      : Fetching JDBC Connection from DataSource
2026-08-11 18:45:59.640 DEBUG 10036 --- [nio-9060-exec-1] o.s.jdbc.core.JdbcTemplate               : Executing prepared SQL query
2026-08-11 18:45:59.640 DEBUG 10036 --- [nio-9060-exec-1] o.s.jdbc.core.JdbcTemplate               : Executing prepared SQL statement [EXEC spx_ExisteCierreAlmacenHoyPR_PD ?]
2026-08-11 18:45:59.640 DEBUG 10036 --- [nio-9060-exec-1] o.s.jdbc.datasource.DataSourceUtils      : Fetching JDBC Connection from DataSource
2026-08-11 18:45:59.674 DEBUG 10036 --- [nio-9060-exec-7] o.s.jdbc.core.JdbcTemplate               : Executing prepared SQL query
2026-08-11 18:45:59.674 DEBUG 10036 --- [nio-9060-exec-7] o.s.jdbc.core.JdbcTemplate               : Executing prepared SQL statement [SELECT COUNT(1) FROM dbo.tbl_CierreAlmacenPR_PD WHERE CONVERT(date, Fecha) = ? AND ISNULL(E_Eliminado, 0) = 0]
2026-08-11 18:45:59.674 DEBUG 10036 --- [nio-9060-exec-7] o.s.jdbc.datasource.DataSourceUtils      : Fetching JDBC Connection from DataSource
2026-08-11 18:45:59.680 DEBUG 10036 --- [nio-9060-exec-7] o.s.jdbc.core.JdbcTemplate               : Executing prepared SQL query
2026-08-11 18:45:59.680 DEBUG 10036 --- [nio-9060-exec-7] o.s.jdbc.core.JdbcTemplate               : Executing prepared SQL statement [EXEC spx_ExisteCierreAlmacenHoyPR_PD ?]
2026-08-11 18:45:59.680 DEBUG 10036 --- [nio-9060-exec-7] o.s.jdbc.datasource.DataSourceUtils      : Fetching JDBC Connection from DataSource
2026-08-11 18:46:01.127 DEBUG 10036 --- [nio-9060-exec-1] o.s.jdbc.core.JdbcTemplate               : Executing prepared SQL query
2026-08-11 18:46:01.127 DEBUG 10036 --- [nio-9060-exec-1] o.s.jdbc.core.JdbcTemplate               : Executing prepared SQL statement [EXEC spx_ValidarCuadreRuta ?, ?]
2026-08-11 18:46:01.127 DEBUG 10036 --- [nio-9060-exec-1] o.s.jdbc.datasource.DataSourceUtils      : Fetching JDBC Connection from DataSource
2026-08-11 18:46:01.145 DEBUG 10036 --- [nio-9060-exec-1] o.s.jdbc.core.JdbcTemplate               : Executing prepared SQL query
2026-08-11 18:46:01.145 DEBUG 10036 --- [nio-9060-exec-1] o.s.jdbc.core.JdbcTemplate               : Executing prepared SQL statement [SELECT COUNT(1) FROM dbo.tbl_CierreAlmacen WHERE CONVERT(date, Fecha) = ? AND ISNULL(E_Eliminado, 0) = 0]
2026-08-11 18:46:01.145 DEBUG 10036 --- [nio-9060-exec-1] o.s.jdbc.datasource.DataSourceUtils      : Fetching JDBC Connection from DataSource
2026-08-11 18:46:01.155 DEBUG 10036 --- [nio-9060-exec-1] o.s.jdbc.core.JdbcTemplate               : Executing prepared SQL query
2026-08-11 18:46:01.155 DEBUG 10036 --- [nio-9060-exec-1] o.s.jdbc.core.JdbcTemplate               : Executing prepared SQL statement [EXEC spx_ExisteCierreAlmacenHoy ?]
2026-08-11 18:46:01.155 DEBUG 10036 --- [nio-9060-exec-1] o.s.jdbc.datasource.DataSourceUtils      : Fetching JDBC Connection from DataSource
2026-08-11 18:46:01.159 DEBUG 10036 --- [nio-9060-exec-7] o.s.jdbc.core.JdbcTemplate               : Executing prepared SQL query
2026-08-11 18:46:01.159 DEBUG 10036 --- [nio-9060-exec-7] o.s.jdbc.core.JdbcTemplate               : Executing prepared SQL statement [SELECT cv.Id_CodigoVenta AS idCodigoVenta, cv.Id_Venta AS idVenta, cv.Id_Producto AS idProducto, p.Nombre AS producto, cv.Id_TipoMaterial AS idTipoMaterial, tm.Nombre AS tipoMaterial, cv.Cantidad AS cantidad, cv.Cod_Inicio AS serie, cv.ChipID AS chipId FROM dbo.tbl_CodigoVenta cv LEFT JOIN dbo.tbl_Producto p ON p.Id_Producto = cv.Id_Producto LEFT JOIN dbo.tbl_TipoMaterial tm ON tm.Id_TipoMaterial = cv.Id_TipoMaterial WHERE cv.Id_Venta = ? AND ISNULL(cv.E_Eliminado, 0) = 0 AND cv.Id_TipoMaterial = 1 AND NULLIF(LTRIM(RTRIM(ISNULL(cv.Cod_Inicio, ''))), '') IS NULL AND NULLIF(LTRIM(RTRIM(ISNULL(cv.ChipID, ''))), '') IS NULL ORDER BY p.Nombre, cv.Id_CodigoVenta]
2026-08-11 18:46:01.159 DEBUG 10036 --- [nio-9060-exec-7] o.s.jdbc.datasource.DataSourceUtils      : Fetching JDBC Connection from DataSource
2026-08-11 18:46:01.172 DEBUG 10036 --- [nio-9060-exec-7] o.s.jdbc.core.JdbcTemplate               : Executing prepared SQL query
2026-08-11 18:46:01.172 DEBUG 10036 --- [nio-9060-exec-7] o.s.jdbc.core.JdbcTemplate               : Executing prepared SQL statement [EXEC spx_ValidarCuadreRuta ?, ?]
2026-08-11 18:46:01.172 DEBUG 10036 --- [nio-9060-exec-7] o.s.jdbc.datasource.DataSourceUtils      : Fetching JDBC Connection from DataSource
2026-08-11 18:46:01.189 DEBUG 10036 --- [nio-9060-exec-7] o.s.jdbc.core.JdbcTemplate               : Executing prepared SQL query
2026-08-11 18:46:01.189 DEBUG 10036 --- [nio-9060-exec-7] o.s.jdbc.core.JdbcTemplate               : Executing prepared SQL statement [SELECT COUNT(1) FROM dbo.tbl_CierreAlmacen WHERE CONVERT(date, Fecha) = ? AND ISNULL(E_Eliminado, 0) = 0]
2026-08-11 18:46:01.189 DEBUG 10036 --- [nio-9060-exec-7] o.s.jdbc.datasource.DataSourceUtils      : Fetching JDBC Connection from DataSource
2026-08-11 18:46:01.202 DEBUG 10036 --- [nio-9060-exec-7] o.s.jdbc.core.JdbcTemplate               : Executing prepared SQL query
2026-08-11 18:46:01.202 DEBUG 10036 --- [nio-9060-exec-7] o.s.jdbc.core.JdbcTemplate               : Executing prepared SQL statement [EXEC spx_ExisteCierreAlmacenHoy ?]
2026-08-11 18:46:01.203 DEBUG 10036 --- [nio-9060-exec-7] o.s.jdbc.datasource.DataSourceUtils      : Fetching JDBC Connection from DataSource
2026-08-11 18:46:02.654 DEBUG 10036 --- [nio-9060-exec-1] o.s.jdbc.core.JdbcTemplate               : Executing prepared SQL query
2026-08-11 18:46:02.654 DEBUG 10036 --- [nio-9060-exec-1] o.s.jdbc.core.JdbcTemplate               : Executing prepared SQL statement [SELECT COUNT(1) FROM dbo.tbl_CierreAlmacenPR_PD WHERE CONVERT(date, Fecha) = ? AND ISNULL(E_Eliminado, 0) = 0]
2026-08-11 18:46:02.654 DEBUG 10036 --- [nio-9060-exec-1] o.s.jdbc.datasource.DataSourceUtils      : Fetching JDBC Connection from DataSource
2026-08-11 18:46:02.657 DEBUG 10036 --- [nio-9060-exec-1] o.s.jdbc.core.JdbcTemplate               : Executing prepared SQL query
2026-08-11 18:46:02.657 DEBUG 10036 --- [nio-9060-exec-1] o.s.jdbc.core.JdbcTemplate               : Executing prepared SQL statement [EXEC spx_ExisteCierreAlmacenHoyPR_PD ?]
2026-08-11 18:46:02.657 DEBUG 10036 --- [nio-9060-exec-1] o.s.jdbc.datasource.DataSourceUtils      : Fetching JDBC Connection from DataSource
2026-08-11 18:46:02.700 DEBUG 10036 --- [nio-9060-exec-7] o.s.jdbc.core.JdbcTemplate               : Executing prepared SQL query
2026-08-11 18:46:02.700 DEBUG 10036 --- [nio-9060-exec-7] o.s.jdbc.core.JdbcTemplate               : Executing prepared SQL statement [SELECT COUNT(1) FROM dbo.tbl_CierreAlmacenPR_PD WHERE CONVERT(date, Fecha) = ? AND ISNULL(E_Eliminado, 0) = 0]
2026-08-11 18:46:02.700 DEBUG 10036 --- [nio-9060-exec-7] o.s.jdbc.datasource.DataSourceUtils      : Fetching JDBC Connection from DataSource
2026-08-11 18:46:02.717 DEBUG 10036 --- [nio-9060-exec-7] o.s.jdbc.core.JdbcTemplate               : Executing prepared SQL query
2026-08-11 18:46:02.717 DEBUG 10036 --- [nio-9060-exec-7] o.s.jdbc.core.JdbcTemplate               : Executing prepared SQL statement [EXEC spx_ExisteCierreAlmacenHoyPR_PD ?]
2026-08-11 18:46:02.717 DEBUG 10036 --- [nio-9060-exec-7] o.s.jdbc.datasource.DataSourceUtils      : Fetching JDBC Connection from DataSource
2026-08-11 18:46:04.198 DEBUG 10036 --- [nio-9060-exec-7] o.s.jdbc.core.JdbcTemplate               : Executing prepared SQL query
2026-08-11 18:46:04.199 DEBUG 10036 --- [nio-9060-exec-7] o.s.jdbc.core.JdbcTemplate               : Executing prepared SQL statement [EXEC spx_ValidarCuadreRuta ?, ?]
2026-08-11 18:46:04.199 DEBUG 10036 --- [nio-9060-exec-7] o.s.jdbc.datasource.DataSourceUtils      : Fetching JDBC Connection from DataSource
2026-08-11 18:46:04.214 DEBUG 10036 --- [nio-9060-exec-7] o.s.jdbc.core.JdbcTemplate               : Executing prepared SQL query
2026-08-11 18:46:04.214 DEBUG 10036 --- [nio-9060-exec-7] o.s.jdbc.core.JdbcTemplate               : Executing prepared SQL statement [SELECT COUNT(1) FROM dbo.tbl_CierreAlmacen WHERE CONVERT(date, Fecha) = ? AND ISNULL(E_Eliminado, 0) = 0]
2026-08-11 18:46:04.214 DEBUG 10036 --- [nio-9060-exec-7] o.s.jdbc.datasource.DataSourceUtils      : Fetching JDBC Connection from DataSource
2026-08-11 18:46:04.220 DEBUG 10036 --- [nio-9060-exec-7] o.s.jdbc.core.JdbcTemplate               : Executing prepared SQL query
2026-08-11 18:46:04.220 DEBUG 10036 --- [nio-9060-exec-7] o.s.jdbc.core.JdbcTemplate               : Executing prepared SQL statement [EXEC spx_ExisteCierreAlmacenHoy ?]
2026-08-11 18:46:04.220 DEBUG 10036 --- [nio-9060-exec-7] o.s.jdbc.datasource.DataSourceUtils      : Fetching JDBC Connection from DataSource
2026-08-11 18:46:04.319 DEBUG 10036 --- [nio-9060-exec-1] o.s.jdbc.core.JdbcTemplate               : Executing prepared SQL query
2026-08-11 18:46:04.319 DEBUG 10036 --- [nio-9060-exec-1] o.s.jdbc.core.JdbcTemplate               : Executing prepared SQL statement [SELECT cv.Id_CodigoVenta AS idCodigoVenta, cv.Id_Venta AS idVenta, cv.Id_Producto AS idProducto, p.Nombre AS producto, cv.Id_TipoMaterial AS idTipoMaterial, tm.Nombre AS tipoMaterial, cv.Cantidad AS cantidad, cv.Cod_Inicio AS serie, cv.ChipID AS chipId FROM dbo.tbl_CodigoVenta cv LEFT JOIN dbo.tbl_Producto p ON p.Id_Producto = cv.Id_Producto LEFT JOIN dbo.tbl_TipoMaterial tm ON tm.Id_TipoMaterial = cv.Id_TipoMaterial WHERE cv.Id_Venta = ? AND ISNULL(cv.E_Eliminado, 0) = 0 AND cv.Id_TipoMaterial = 1 AND NULLIF(LTRIM(RTRIM(ISNULL(cv.Cod_Inicio, ''))), '') IS NULL AND NULLIF(LTRIM(RTRIM(ISNULL(cv.ChipID, ''))), '') IS NULL ORDER BY p.Nombre, cv.Id_CodigoVenta]
2026-08-11 18:46:04.319 DEBUG 10036 --- [nio-9060-exec-1] o.s.jdbc.datasource.DataSourceUtils      : Fetching JDBC Connection from DataSource
2026-08-11 18:46:04.321 DEBUG 10036 --- [nio-9060-exec-1] o.s.jdbc.core.JdbcTemplate               : Executing prepared SQL query
2026-08-11 18:46:04.321 DEBUG 10036 --- [nio-9060-exec-1] o.s.jdbc.core.JdbcTemplate               : Executing prepared SQL statement [EXEC spx_ValidarCuadreRuta ?, ?]
2026-08-11 18:46:04.321 DEBUG 10036 --- [nio-9060-exec-1] o.s.jdbc.datasource.DataSourceUtils      : Fetching JDBC Connection from DataSource
2026-08-11 18:46:04.336 DEBUG 10036 --- [nio-9060-exec-1] o.s.jdbc.core.JdbcTemplate               : Executing prepared SQL query
2026-08-11 18:46:04.336 DEBUG 10036 --- [nio-9060-exec-1] o.s.jdbc.core.JdbcTemplate               : Executing prepared SQL statement [SELECT COUNT(1) FROM dbo.tbl_CierreAlmacen WHERE CONVERT(date, Fecha) = ? AND ISNULL(E_Eliminado, 0) = 0]
2026-08-11 18:46:04.336 DEBUG 10036 --- [nio-9060-exec-1] o.s.jdbc.datasource.DataSourceUtils      : Fetching JDBC Connection from DataSource
2026-08-11 18:46:04.346 DEBUG 10036 --- [nio-9060-exec-1] o.s.jdbc.core.JdbcTemplate               : Executing prepared SQL query
2026-08-11 18:46:04.346 DEBUG 10036 --- [nio-9060-exec-1] o.s.jdbc.core.JdbcTemplate               : Executing prepared SQL statement [EXEC spx_ExisteCierreAlmacenHoy ?]
2026-08-11 18:46:04.346 DEBUG 10036 --- [nio-9060-exec-1] o.s.jdbc.datasource.DataSourceUtils      : Fetching JDBC Connection from DataSource
2026-08-11 18:46:05.319 DEBUG 10036 --- [nio-9060-exec-7] o.s.jdbc.core.JdbcTemplate               : Executing prepared SQL query
2026-08-11 18:46:05.319 DEBUG 10036 --- [nio-9060-exec-7] o.s.jdbc.core.JdbcTemplate               : Executing prepared SQL statement [SELECT COUNT(1) FROM dbo.tbl_CierreAlmacenPR_PD WHERE CONVERT(date, Fecha) = ? AND ISNULL(E_Eliminado, 0) = 0]
2026-08-11 18:46:05.319 DEBUG 10036 --- [nio-9060-exec-7] o.s.jdbc.datasource.DataSourceUtils      : Fetching JDBC Connection from DataSource
2026-08-11 18:46:05.331 DEBUG 10036 --- [nio-9060-exec-7] o.s.jdbc.core.JdbcTemplate               : Executing prepared SQL query
2026-08-11 18:46:05.331 DEBUG 10036 --- [nio-9060-exec-7] o.s.jdbc.core.JdbcTemplate               : Executing prepared SQL statement [EXEC spx_ExisteCierreAlmacenHoyPR_PD ?]
2026-08-11 18:46:05.331 DEBUG 10036 --- [nio-9060-exec-7] o.s.jdbc.datasource.DataSourceUtils      : Fetching JDBC Connection from DataSource
2026-08-11 18:46:05.428 DEBUG 10036 --- [nio-9060-exec-1] o.s.jdbc.core.JdbcTemplate               : Executing prepared SQL query
2026-08-11 18:46:05.428 DEBUG 10036 --- [nio-9060-exec-1] o.s.jdbc.core.JdbcTemplate               : Executing prepared SQL statement [SELECT COUNT(1) FROM dbo.tbl_CierreAlmacenPR_PD WHERE CONVERT(date, Fecha) = ? AND ISNULL(E_Eliminado, 0) = 0]
2026-08-11 18:46:05.428 DEBUG 10036 --- [nio-9060-exec-1] o.s.jdbc.datasource.DataSourceUtils      : Fetching JDBC Connection from DataSource
2026-08-11 18:46:05.431 DEBUG 10036 --- [nio-9060-exec-1] o.s.jdbc.core.JdbcTemplate               : Executing prepared SQL query
2026-08-11 18:46:05.431 DEBUG 10036 --- [nio-9060-exec-1] o.s.jdbc.core.JdbcTemplate               : Executing prepared SQL statement [EXEC spx_ExisteCierreAlmacenHoyPR_PD ?]
2026-08-11 18:46:05.431 DEBUG 10036 --- [nio-9060-exec-1] o.s.jdbc.datasource.DataSourceUtils      : Fetching JDBC Connection from DataSource
2026-08-11 18:46:06.583 DEBUG 10036 --- [nio-9060-exec-7] o.s.jdbc.core.JdbcTemplate               : Executing prepared SQL query
2026-08-11 18:46:06.583 DEBUG 10036 --- [nio-9060-exec-7] o.s.jdbc.core.JdbcTemplate               : Executing prepared SQL statement [SELECT cv.Id_CodigoVenta AS idCodigoVenta, cv.Id_Venta AS idVenta, cv.Id_Producto AS idProducto, p.Nombre AS producto, cv.Id_TipoMaterial AS idTipoMaterial, tm.Nombre AS tipoMaterial, cv.Cantidad AS cantidad, cv.Cod_Inicio AS serie, cv.ChipID AS chipId FROM dbo.tbl_CodigoVenta cv LEFT JOIN dbo.tbl_Producto p ON p.Id_Producto = cv.Id_Producto LEFT JOIN dbo.tbl_TipoMaterial tm ON tm.Id_TipoMaterial = cv.Id_TipoMaterial WHERE cv.Id_Venta = ? AND ISNULL(cv.E_Eliminado, 0) = 0 AND cv.Id_TipoMaterial = 1 AND NULLIF(LTRIM(RTRIM(ISNULL(cv.Cod_Inicio, ''))), '') IS NULL AND NULLIF(LTRIM(RTRIM(ISNULL(cv.ChipID, ''))), '') IS NULL ORDER BY p.Nombre, cv.Id_CodigoVenta]
2026-08-11 18:46:06.583 DEBUG 10036 --- [nio-9060-exec-7] o.s.jdbc.datasource.DataSourceUtils      : Fetching JDBC Connection from DataSource
2026-08-11 18:46:06.591 DEBUG 10036 --- [nio-9060-exec-7] o.s.jdbc.core.JdbcTemplate               : Executing prepared SQL query
2026-08-11 18:46:06.591 DEBUG 10036 --- [nio-9060-exec-7] o.s.jdbc.core.JdbcTemplate               : Executing prepared SQL statement [EXEC spx_ValidarCuadreRuta ?, ?]
2026-08-11 18:46:06.591 DEBUG 10036 --- [nio-9060-exec-7] o.s.jdbc.datasource.DataSourceUtils      : Fetching JDBC Connection from DataSource
2026-08-11 18:46:06.605 DEBUG 10036 --- [nio-9060-exec-7] o.s.jdbc.core.JdbcTemplate               : Executing prepared SQL query
2026-08-11 18:46:06.605 DEBUG 10036 --- [nio-9060-exec-7] o.s.jdbc.core.JdbcTemplate               : Executing prepared SQL statement [SELECT COUNT(1) FROM dbo.tbl_CierreAlmacen WHERE CONVERT(date, Fecha) = ? AND ISNULL(E_Eliminado, 0) = 0]
2026-08-11 18:46:06.605 DEBUG 10036 --- [nio-9060-exec-7] o.s.jdbc.datasource.DataSourceUtils      : Fetching JDBC Connection from DataSource
2026-08-11 18:46:06.615 DEBUG 10036 --- [nio-9060-exec-7] o.s.jdbc.core.JdbcTemplate               : Executing prepared SQL query
2026-08-11 18:46:06.615 DEBUG 10036 --- [nio-9060-exec-7] o.s.jdbc.core.JdbcTemplate               : Executing prepared SQL statement [EXEC spx_ExisteCierreAlmacenHoy ?]
2026-08-11 18:46:06.615 DEBUG 10036 --- [nio-9060-exec-7] o.s.jdbc.datasource.DataSourceUtils      : Fetching JDBC Connection from DataSource
2026-08-11 18:46:06.691 DEBUG 10036 --- [nio-9060-exec-1] o.s.jdbc.core.JdbcTemplate               : Executing prepared SQL query
2026-08-11 18:46:06.691 DEBUG 10036 --- [nio-9060-exec-1] o.s.jdbc.core.JdbcTemplate               : Executing prepared SQL statement [EXEC spx_ValidarCuadreRuta ?, ?]
2026-08-11 18:46:06.691 DEBUG 10036 --- [nio-9060-exec-1] o.s.jdbc.datasource.DataSourceUtils      : Fetching JDBC Connection from DataSource
2026-08-11 18:46:06.702 DEBUG 10036 --- [nio-9060-exec-1] o.s.jdbc.core.JdbcTemplate               : Executing prepared SQL query
2026-08-11 18:46:06.702 DEBUG 10036 --- [nio-9060-exec-1] o.s.jdbc.core.JdbcTemplate               : Executing prepared SQL statement [SELECT COUNT(1) FROM dbo.tbl_CierreAlmacen WHERE CONVERT(date, Fecha) = ? AND ISNULL(E_Eliminado, 0) = 0]
2026-08-11 18:46:06.702 DEBUG 10036 --- [nio-9060-exec-1] o.s.jdbc.datasource.DataSourceUtils      : Fetching JDBC Connection from DataSource
2026-08-11 18:46:06.707 DEBUG 10036 --- [nio-9060-exec-1] o.s.jdbc.core.JdbcTemplate               : Executing prepared SQL query
2026-08-11 18:46:06.707 DEBUG 10036 --- [nio-9060-exec-1] o.s.jdbc.core.JdbcTemplate               : Executing prepared SQL statement [EXEC spx_ExisteCierreAlmacenHoy ?]
2026-08-11 18:46:06.707 DEBUG 10036 --- [nio-9060-exec-1] o.s.jdbc.datasource.DataSourceUtils      : Fetching JDBC Connection from DataSource
2026-08-11 18:46:07.987 DEBUG 10036 --- [nio-9060-exec-7] o.s.jdbc.core.JdbcTemplate               : Executing prepared SQL query
2026-08-11 18:46:07.987 DEBUG 10036 --- [nio-9060-exec-7] o.s.jdbc.core.JdbcTemplate               : Executing prepared SQL statement [SELECT COUNT(1) FROM dbo.tbl_CierreAlmacenPR_PD WHERE CONVERT(date, Fecha) = ? AND ISNULL(E_Eliminado, 0) = 0]
2026-08-11 18:46:07.987 DEBUG 10036 --- [nio-9060-exec-7] o.s.jdbc.datasource.DataSourceUtils      : Fetching JDBC Connection from DataSource
2026-08-11 18:46:07.990 DEBUG 10036 --- [nio-9060-exec-7] o.s.jdbc.core.JdbcTemplate               : Executing prepared SQL query
2026-08-11 18:46:07.991 DEBUG 10036 --- [nio-9060-exec-7] o.s.jdbc.core.JdbcTemplate               : Executing prepared SQL statement [EXEC spx_ExisteCierreAlmacenHoyPR_PD ?]
2026-08-11 18:46:07.991 DEBUG 10036 --- [nio-9060-exec-7] o.s.jdbc.datasource.DataSourceUtils      : Fetching JDBC Connection from DataSource
2026-08-11 18:46:08.043 DEBUG 10036 --- [nio-9060-exec-1] o.s.jdbc.core.JdbcTemplate               : Executing prepared SQL query
2026-08-11 18:46:08.043 DEBUG 10036 --- [nio-9060-exec-1] o.s.jdbc.core.JdbcTemplate               : Executing prepared SQL statement [SELECT COUNT(1) FROM dbo.tbl_CierreAlmacenPR_PD WHERE CONVERT(date, Fecha) = ? AND ISNULL(E_Eliminado, 0) = 0]
2026-08-11 18:46:08.043 DEBUG 10036 --- [nio-9060-exec-1] o.s.jdbc.datasource.DataSourceUtils      : Fetching JDBC Connection from DataSource
2026-08-11 18:46:08.047 DEBUG 10036 --- [nio-9060-exec-1] o.s.jdbc.core.JdbcTemplate               : Executing prepared SQL query
2026-08-11 18:46:08.047 DEBUG 10036 --- [nio-9060-exec-1] o.s.jdbc.core.JdbcTemplate               : Executing prepared SQL statement [EXEC spx_ExisteCierreAlmacenHoyPR_PD ?]
2026-08-11 18:46:08.047 DEBUG 10036 --- [nio-9060-exec-1] o.s.jdbc.datasource.DataSourceUtils      : Fetching JDBC Connection from DataSource
2026-08-11 18:46:08.275 DEBUG 10036 --- [nio-9060-exec-4] o.s.web.servlet.DispatcherServlet        : GET "/tecnico/inicio-jornada/estado", parameters={}
2026-08-11 18:46:08.275 DEBUG 10036 --- [nio-9060-exec-4] s.w.s.m.m.a.RequestMappingHandlerMapping : Mapped to com.example.TigoStarSystem.tecnicoiniciojornada.controller.TecnicoInicioJornadaController#estado(String, String)
2026-08-11 18:46:08.278 DEBUG 10036 --- [nio-9060-exec-4] o.s.jdbc.core.JdbcTemplate               : Executing prepared SQL query
2026-08-11 18:46:08.278 DEBUG 10036 --- [nio-9060-exec-4] o.s.jdbc.core.JdbcTemplate               : Executing prepared SQL statement [EXEC dbo.SP_InicioJornada_MarcarNoCierreAtrasado ?]
2026-08-11 18:46:08.278 DEBUG 10036 --- [nio-9060-exec-4] o.s.jdbc.datasource.DataSourceUtils      : Fetching JDBC Connection from DataSource
2026-08-11 18:46:08.286 DEBUG 10036 --- [nio-9060-exec-4] o.s.jdbc.core.JdbcTemplate               : Executing prepared SQL query
2026-08-11 18:46:08.286 DEBUG 10036 --- [nio-9060-exec-4] o.s.jdbc.core.JdbcTemplate               : Executing prepared SQL statement [SELECT TOP 1 ultimo.id_inicio, ultimo.id_tecnico, ultimo.id_encargado, ultimo.fecha_registro, ultimo.fecha_cierre, ultimo.pendiente, ultimo.no_marco_cierre FROM (   SELECT TOP 1 id_inicio, id_tecnico, id_encargado, fecha_registro, fecha_cierre, pendiente, no_marco_cierre, e_eliminado   FROM dbo.tbl_InicioJornadaAlturas   WHERE id_tecnico = ?     AND CAST(fecha_registro AS DATE) < CAST(GETDATE() AS DATE)   ORDER BY fecha_registro DESC, id_inicio DESC ) ultimo WHERE fecha_cierre IS NULL   AND ISNULL(e_eliminado, 0) = 0   AND ISNULL(no_marco_cierre, 0) = 1]
2026-08-11 18:46:08.286 DEBUG 10036 --- [nio-9060-exec-4] o.s.jdbc.datasource.DataSourceUtils      : Fetching JDBC Connection from DataSource
2026-08-11 18:46:08.290 DEBUG 10036 --- [nio-9060-exec-4] o.s.jdbc.core.JdbcTemplate               : Executing prepared SQL query
2026-08-11 18:46:08.290 DEBUG 10036 --- [nio-9060-exec-4] o.s.jdbc.core.JdbcTemplate               : Executing prepared SQL statement [EXEC dbo.SP_InicioJornada_ExisteRegistroHoy ?]
2026-08-11 18:46:08.290 DEBUG 10036 --- [nio-9060-exec-4] o.s.jdbc.datasource.DataSourceUtils      : Fetching JDBC Connection from DataSource
2026-08-11 18:46:08.292 DEBUG 10036 --- [nio-9060-exec-4] o.s.jdbc.core.JdbcTemplate               : Executing SQL query [EXEC dbo.spx_ObtenerSucursalesConexionWeb]
2026-08-11 18:46:08.292 DEBUG 10036 --- [nio-9060-exec-4] o.s.jdbc.datasource.DataSourceUtils      : Fetching JDBC Connection from DataSource
2026-08-11 18:46:08.295 DEBUG 10036 --- [nio-9060-exec-4] o.s.jdbc.core.JdbcTemplate               : Executing SQL query [EXEC dbo.spx_ObtenerSucursalesConexionWeb]
2026-08-11 18:46:08.295 DEBUG 10036 --- [nio-9060-exec-4] o.s.jdbc.datasource.DataSourceUtils      : Fetching JDBC Connection from DataSource
2026-08-11 18:46:08.298 DEBUG 10036 --- [nio-9060-exec-4] o.s.jdbc.core.JdbcTemplate               : Executing prepared SQL query
2026-08-11 18:46:08.298 DEBUG 10036 --- [nio-9060-exec-4] o.s.jdbc.core.JdbcTemplate               : Executing prepared SQL statement [SELECT TOP 1 CAST(c.idUsuarioSupervisor AS INT) AS idEncargado, CAST(c.supervisorACargo AS NVARCHAR(200)) AS encargado, CAST(c.id AS INT) AS idConformacion, CAST(c.id_tecnicoAuxiliar AS INT) AS idAuxiliar, CAST(c.auxiliar AS NVARCHAR(250)) AS auxiliar, c.sucursal, c.fecha, c.fechaRegistro FROM dbo.tbl_ConformacionCuadrillaDiario c WHERE ISNULL(c.e_eliminado, 0) = 0   AND CONVERT(date, c.fecha) = CONVERT(date, GETDATE())   AND (? IS NULL OR LOWER(REPLACE(REPLACE(REPLACE(LTRIM(RTRIM(ISNULL(c.sucursal, ''))), '_', ''), '-', ''), ' ', '')) =                   LOWER(REPLACE(REPLACE(REPLACE(LTRIM(RTRIM(?)), '_', ''), '-', ''), ' ', '')))   AND (        (? > 0 AND (? = c.id_tecnico OR ? = c.id_tecnicoAuxiliar))        OR (? <> '' AND (            LOWER(LTRIM(RTRIM(ISNULL(c.tecnico, '')))) = ?            OR LOWER(LTRIM(RTRIM(ISNULL(c.auxiliar, '')))) = ?        ))   ) ORDER BY ISNULL(c.fechaRegistro, '19000101') DESC, c.id DESC]
2026-08-11 18:46:08.298 DEBUG 10036 --- [nio-9060-exec-4] o.s.jdbc.datasource.DataSourceUtils      : Fetching JDBC Connection from DataSource
2026-08-11 18:46:08.300 DEBUG 10036 --- [nio-9060-exec-4] o.s.jdbc.core.JdbcTemplate               : Executing prepared SQL query
2026-08-11 18:46:08.300 DEBUG 10036 --- [nio-9060-exec-4] o.s.jdbc.core.JdbcTemplate               : Executing prepared SQL statement [SELECT TOP 1 Nombre FROM dbo.tbl_Usuario WHERE Id_Usuario = ? AND ISNULL(E_Eliminado,0)=0]
2026-08-11 18:46:08.300 DEBUG 10036 --- [nio-9060-exec-4] o.s.jdbc.datasource.DataSourceUtils      : Fetching JDBC Connection from DataSource
2026-08-11 18:46:08.303 DEBUG 10036 --- [nio-9060-exec-4] o.s.w.s.m.m.a.HttpEntityMethodProcessor  : Using 'application/json', given [application/json, text/plain, */*] and supported [application/json, application/*+json, application/json, application/*+json]
2026-08-11 18:46:08.303 DEBUG 10036 --- [nio-9060-exec-4] o.s.w.s.m.m.a.HttpEntityMethodProcessor  : Writing [com.example.TigoStarSystem.common.ApiResponse@6758bd63]
2026-08-11 18:46:08.303 DEBUG 10036 --- [nio-9060-exec-4] o.s.web.servlet.DispatcherServlet        : Completed 200 OK
2026-08-11 18:46:09.167 DEBUG 10036 --- [nio-9060-exec-1] o.s.jdbc.core.JdbcTemplate               : Executing prepared SQL query
2026-08-11 18:46:09.167 DEBUG 10036 --- [nio-9060-exec-1] o.s.jdbc.core.JdbcTemplate               : Executing prepared SQL statement [SELECT cv.Id_CodigoVenta AS idCodigoVenta, cv.Id_Venta AS idVenta, cv.Id_Producto AS idProducto, p.Nombre AS producto, cv.Id_TipoMaterial AS idTipoMaterial, tm.Nombre AS tipoMaterial, cv.Cantidad AS cantidad, cv.Cod_Inicio AS serie, cv.ChipID AS chipId FROM dbo.tbl_CodigoVenta cv LEFT JOIN dbo.tbl_Producto p ON p.Id_Producto = cv.Id_Producto LEFT JOIN dbo.tbl_TipoMaterial tm ON tm.Id_TipoMaterial = cv.Id_TipoMaterial WHERE cv.Id_Venta = ? AND ISNULL(cv.E_Eliminado, 0) = 0 AND cv.Id_TipoMaterial = 1 AND NULLIF(LTRIM(RTRIM(ISNULL(cv.Cod_Inicio, ''))), '') IS NULL AND NULLIF(LTRIM(RTRIM(ISNULL(cv.ChipID, ''))), '') IS NULL ORDER BY p.Nombre, cv.Id_CodigoVenta]
2026-08-11 18:46:09.167 DEBUG 10036 --- [nio-9060-exec-1] o.s.jdbc.datasource.DataSourceUtils      : Fetching JDBC Connection from DataSource
2026-08-11 18:46:09.175 DEBUG 10036 --- [nio-9060-exec-1] o.s.jdbc.core.JdbcTemplate               : Executing prepared SQL query
2026-08-11 18:46:09.175 DEBUG 10036 --- [nio-9060-exec-1] o.s.jdbc.core.JdbcTemplate               : Executing prepared SQL statement [EXEC spx_ValidarCuadreRuta ?, ?]
2026-08-11 18:46:09.175 DEBUG 10036 --- [nio-9060-exec-1] o.s.jdbc.datasource.DataSourceUtils      : Fetching JDBC Connection from DataSource
2026-08-11 18:46:09.181 DEBUG 10036 --- [nio-9060-exec-1] o.s.jdbc.core.JdbcTemplate               : Executing prepared SQL query
2026-08-11 18:46:09.181 DEBUG 10036 --- [nio-9060-exec-1] o.s.jdbc.core.JdbcTemplate               : Executing prepared SQL statement [SELECT COUNT(1) FROM dbo.tbl_CierreAlmacen WHERE CONVERT(date, Fecha) = ? AND ISNULL(E_Eliminado, 0) = 0]
2026-08-11 18:46:09.181 DEBUG 10036 --- [nio-9060-exec-1] o.s.jdbc.datasource.DataSourceUtils      : Fetching JDBC Connection from DataSource
2026-08-11 18:46:09.183 DEBUG 10036 --- [nio-9060-exec-1] o.s.jdbc.core.JdbcTemplate               : Executing prepared SQL query
2026-08-11 18:46:09.183 DEBUG 10036 --- [nio-9060-exec-1] o.s.jdbc.core.JdbcTemplate               : Executing prepared SQL statement [EXEC spx_ExisteCierreAlmacenHoy ?]
2026-08-11 18:46:09.183 DEBUG 10036 --- [nio-9060-exec-1] o.s.jdbc.datasource.DataSourceUtils      : Fetching JDBC Connection from DataSource
2026-08-11 18:46:09.266 DEBUG 10036 --- [nio-9060-exec-7] o.s.jdbc.core.JdbcTemplate               : Executing prepared SQL query
2026-08-11 18:46:09.266 DEBUG 10036 --- [nio-9060-exec-7] o.s.jdbc.core.JdbcTemplate               : Executing prepared SQL statement [EXEC spx_ValidarCuadreRuta ?, ?]
2026-08-11 18:46:09.266 DEBUG 10036 --- [nio-9060-exec-7] o.s.jdbc.datasource.DataSourceUtils      : Fetching JDBC Connection from DataSource
2026-08-11 18:46:09.284 DEBUG 10036 --- [nio-9060-exec-7] o.s.jdbc.core.JdbcTemplate               : Executing prepared SQL query
2026-08-11 18:46:09.284 DEBUG 10036 --- [nio-9060-exec-7] o.s.jdbc.core.JdbcTemplate               : Executing prepared SQL statement [SELECT COUNT(1) FROM dbo.tbl_CierreAlmacen WHERE CONVERT(date, Fecha) = ? AND ISNULL(E_Eliminado, 0) = 0]
2026-08-11 18:46:09.284 DEBUG 10036 --- [nio-9060-exec-7] o.s.jdbc.datasource.DataSourceUtils      : Fetching JDBC Connection from DataSource
2026-08-11 18:46:09.285 DEBUG 10036 --- [nio-9060-exec-7] o.s.jdbc.core.JdbcTemplate               : Executing prepared SQL query
2026-08-11 18:46:09.286 DEBUG 10036 --- [nio-9060-exec-7] o.s.jdbc.core.JdbcTemplate               : Executing prepared SQL statement [EXEC spx_ExisteCierreAlmacenHoy ?]
2026-08-11 18:46:09.286 DEBUG 10036 --- [nio-9060-exec-7] o.s.jdbc.datasource.DataSourceUtils      : Fetching JDBC Connection from DataSource
2026-08-11 18:46:10.769 DEBUG 10036 --- [nio-9060-exec-1] o.s.jdbc.core.JdbcTemplate               : Executing prepared SQL query
2026-08-11 18:46:10.769 DEBUG 10036 --- [nio-9060-exec-1] o.s.jdbc.core.JdbcTemplate               : Executing prepared SQL statement [SELECT COUNT(1) FROM dbo.tbl_CierreAlmacenPR_PD WHERE CONVERT(date, Fecha) = ? AND ISNULL(E_Eliminado, 0) = 0]
2026-08-11 18:46:10.769 DEBUG 10036 --- [nio-9060-exec-1] o.s.jdbc.datasource.DataSourceUtils      : Fetching JDBC Connection from DataSource
2026-08-11 18:46:10.780 DEBUG 10036 --- [nio-9060-exec-1] o.s.jdbc.core.JdbcTemplate               : Executing prepared SQL query
2026-08-11 18:46:10.780 DEBUG 10036 --- [nio-9060-exec-1] o.s.jdbc.core.JdbcTemplate               : Executing prepared SQL statement [EXEC spx_ExisteCierreAlmacenHoyPR_PD ?]
2026-08-11 18:46:10.780 DEBUG 10036 --- [nio-9060-exec-1] o.s.jdbc.datasource.DataSourceUtils      : Fetching JDBC Connection from DataSource
2026-08-11 18:46:10.863 DEBUG 10036 --- [nio-9060-exec-7] o.s.jdbc.core.JdbcTemplate               : Executing prepared SQL query
2026-08-11 18:46:10.863 DEBUG 10036 --- [nio-9060-exec-7] o.s.jdbc.core.JdbcTemplate               : Executing prepared SQL statement [SELECT COUNT(1) FROM dbo.tbl_CierreAlmacenPR_PD WHERE CONVERT(date, Fecha) = ? AND ISNULL(E_Eliminado, 0) = 0]
2026-08-11 18:46:10.863 DEBUG 10036 --- [nio-9060-exec-7] o.s.jdbc.datasource.DataSourceUtils      : Fetching JDBC Connection from DataSource
2026-08-11 18:46:10.883 DEBUG 10036 --- [nio-9060-exec-7] o.s.jdbc.core.JdbcTemplate               : Executing prepared SQL query
2026-08-11 18:46:10.883 DEBUG 10036 --- [nio-9060-exec-7] o.s.jdbc.core.JdbcTemplate               : Executing prepared SQL statement [EXEC spx_ExisteCierreAlmacenHoyPR_PD ?]
2026-08-11 18:46:10.883 DEBUG 10036 --- [nio-9060-exec-7] o.s.jdbc.datasource.DataSourceUtils      : Fetching JDBC Connection from DataSource
2026-08-11 18:46:12.188 DEBUG 10036 --- [nio-9060-exec-1] o.s.jdbc.core.JdbcTemplate               : Executing prepared SQL query
2026-08-11 18:46:12.188 DEBUG 10036 --- [nio-9060-exec-1] o.s.jdbc.core.JdbcTemplate               : Executing prepared SQL statement [EXEC spx_ValidarCuadreRuta ?, ?]
2026-08-11 18:46:12.188 DEBUG 10036 --- [nio-9060-exec-1] o.s.jdbc.datasource.DataSourceUtils      : Fetching JDBC Connection from DataSource
2026-08-11 18:46:12.210 DEBUG 10036 --- [nio-9060-exec-1] o.s.jdbc.core.JdbcTemplate               : Executing prepared SQL query
2026-08-11 18:46:12.210 DEBUG 10036 --- [nio-9060-exec-1] o.s.jdbc.core.JdbcTemplate               : Executing prepared SQL statement [SELECT COUNT(1) FROM dbo.tbl_CierreAlmacen WHERE CONVERT(date, Fecha) = ? AND ISNULL(E_Eliminado, 0) = 0]
2026-08-11 18:46:12.210 DEBUG 10036 --- [nio-9060-exec-1] o.s.jdbc.datasource.DataSourceUtils      : Fetching JDBC Connection from DataSource
2026-08-11 18:46:12.216 DEBUG 10036 --- [nio-9060-exec-1] o.s.jdbc.core.JdbcTemplate               : Executing prepared SQL query
2026-08-11 18:46:12.216 DEBUG 10036 --- [nio-9060-exec-1] o.s.jdbc.core.JdbcTemplate               : Executing prepared SQL statement [EXEC spx_ExisteCierreAlmacenHoy ?]
2026-08-11 18:46:12.216 DEBUG 10036 --- [nio-9060-exec-1] o.s.jdbc.datasource.DataSourceUtils      : Fetching JDBC Connection from DataSource
2026-08-11 18:46:12.375 DEBUG 10036 --- [nio-9060-exec-7] o.s.jdbc.core.JdbcTemplate               : Executing prepared SQL query
2026-08-11 18:46:12.375 DEBUG 10036 --- [nio-9060-exec-7] o.s.jdbc.core.JdbcTemplate               : Executing prepared SQL statement [SELECT cv.Id_CodigoVenta AS idCodigoVenta, cv.Id_Venta AS idVenta, cv.Id_Producto AS idProducto, p.Nombre AS producto, cv.Id_TipoMaterial AS idTipoMaterial, tm.Nombre AS tipoMaterial, cv.Cantidad AS cantidad, cv.Cod_Inicio AS serie, cv.ChipID AS chipId FROM dbo.tbl_CodigoVenta cv LEFT JOIN dbo.tbl_Producto p ON p.Id_Producto = cv.Id_Producto LEFT JOIN dbo.tbl_TipoMaterial tm ON tm.Id_TipoMaterial = cv.Id_TipoMaterial WHERE cv.Id_Venta = ? AND ISNULL(cv.E_Eliminado, 0) = 0 AND cv.Id_TipoMaterial = 1 AND NULLIF(LTRIM(RTRIM(ISNULL(cv.Cod_Inicio, ''))), '') IS NULL AND NULLIF(LTRIM(RTRIM(ISNULL(cv.ChipID, ''))), '') IS NULL ORDER BY p.Nombre, cv.Id_CodigoVenta]
2026-08-11 18:46:12.375 DEBUG 10036 --- [nio-9060-exec-7] o.s.jdbc.datasource.DataSourceUtils      : Fetching JDBC Connection from DataSource
2026-08-11 18:46:12.379 DEBUG 10036 --- [nio-9060-exec-7] o.s.jdbc.core.JdbcTemplate               : Executing prepared SQL query
2026-08-11 18:46:12.379 DEBUG 10036 --- [nio-9060-exec-7] o.s.jdbc.core.JdbcTemplate               : Executing prepared SQL statement [EXEC spx_ValidarCuadreRuta ?, ?]
2026-08-11 18:46:12.379 DEBUG 10036 --- [nio-9060-exec-7] o.s.jdbc.datasource.DataSourceUtils      : Fetching JDBC Connection from DataSource
2026-08-11 18:46:12.383 DEBUG 10036 --- [nio-9060-exec-7] o.s.jdbc.core.JdbcTemplate               : Executing prepared SQL query
2026-08-11 18:46:12.383 DEBUG 10036 --- [nio-9060-exec-7] o.s.jdbc.core.JdbcTemplate               : Executing prepared SQL statement [SELECT COUNT(1) FROM dbo.tbl_CierreAlmacen WHERE CONVERT(date, Fecha) = ? AND ISNULL(E_Eliminado, 0) = 0]
2026-08-11 18:46:12.383 DEBUG 10036 --- [nio-9060-exec-7] o.s.jdbc.datasource.DataSourceUtils      : Fetching JDBC Connection from DataSource
2026-08-11 18:46:12.391 DEBUG 10036 --- [nio-9060-exec-7] o.s.jdbc.core.JdbcTemplate               : Executing prepared SQL query
2026-08-11 18:46:12.391 DEBUG 10036 --- [nio-9060-exec-7] o.s.jdbc.core.JdbcTemplate               : Executing prepared SQL statement [EXEC spx_ExisteCierreAlmacenHoy ?]
2026-08-11 18:46:12.391 DEBUG 10036 --- [nio-9060-exec-7] o.s.jdbc.datasource.DataSourceUtils      : Fetching JDBC Connection from DataSource
2026-08-11 18:46:13.091 DEBUG 10036 --- [ruz housekeeper] com.zaxxer.hikari.pool.HikariPool        : ConnDb-SantaCruz - Before cleanup stats (total=1, active=0, idle=1, waiting=0)
2026-08-11 18:46:13.091 DEBUG 10036 --- [ruz housekeeper] com.zaxxer.hikari.pool.HikariPool        : ConnDb-SantaCruz - After cleanup  stats (total=1, active=0, idle=1, waiting=0)
2026-08-11 18:46:13.091 DEBUG 10036 --- [ruz housekeeper] com.zaxxer.hikari.pool.HikariPool        : ConnDb-SantaCruz - Fill pool skipped, pool is at sufficient level.
2026-08-11 18:46:13.526 DEBUG 10036 --- [nio-9060-exec-1] o.s.jdbc.core.JdbcTemplate               : Executing prepared SQL query
2026-08-11 18:46:13.526 DEBUG 10036 --- [nio-9060-exec-1] o.s.jdbc.core.JdbcTemplate               : Executing prepared SQL statement [SELECT COUNT(1) FROM dbo.tbl_CierreAlmacenPR_PD WHERE CONVERT(date, Fecha) = ? AND ISNULL(E_Eliminado, 0) = 0]
2026-08-11 18:46:13.526 DEBUG 10036 --- [nio-9060-exec-1] o.s.jdbc.datasource.DataSourceUtils      : Fetching JDBC Connection from DataSource
2026-08-11 18:46:13.559 DEBUG 10036 --- [nio-9060-exec-1] o.s.jdbc.core.JdbcTemplate               : Executing prepared SQL query
2026-08-11 18:46:13.559 DEBUG 10036 --- [nio-9060-exec-1] o.s.jdbc.core.JdbcTemplate               : Executing prepared SQL statement [EXEC spx_ExisteCierreAlmacenHoyPR_PD ?]
2026-08-11 18:46:13.559 DEBUG 10036 --- [nio-9060-exec-1] o.s.jdbc.datasource.DataSourceUtils      : Fetching JDBC Connection from DataSource
2026-08-11 18:46:13.723 DEBUG 10036 --- [nio-9060-exec-7] o.s.jdbc.core.JdbcTemplate               : Executing prepared SQL query
2026-08-11 18:46:13.723 DEBUG 10036 --- [nio-9060-exec-7] o.s.jdbc.core.JdbcTemplate               : Executing prepared SQL statement [SELECT COUNT(1) FROM dbo.tbl_CierreAlmacenPR_PD WHERE CONVERT(date, Fecha) = ? AND ISNULL(E_Eliminado, 0) = 0]
2026-08-11 18:46:13.723 DEBUG 10036 --- [nio-9060-exec-7] o.s.jdbc.datasource.DataSourceUtils      : Fetching JDBC Connection from DataSource
2026-08-11 18:46:13.731 DEBUG 10036 --- [nio-9060-exec-7] o.s.jdbc.core.JdbcTemplate               : Executing prepared SQL query
2026-08-11 18:46:13.732 DEBUG 10036 --- [nio-9060-exec-7] o.s.jdbc.core.JdbcTemplate               : Executing prepared SQL statement [EXEC spx_ExisteCierreAlmacenHoyPR_PD ?]
2026-08-11 18:46:13.732 DEBUG 10036 --- [nio-9060-exec-7] o.s.jdbc.datasource.DataSourceUtils      : Fetching JDBC Connection from DataSource
2026-08-11 18:46:14.718 DEBUG 10036 --- [nio-9060-exec-1] o.s.jdbc.core.JdbcTemplate               : Executing prepared SQL query
2026-08-11 18:46:14.718 DEBUG 10036 --- [nio-9060-exec-1] o.s.jdbc.core.JdbcTemplate               : Executing prepared SQL statement [SELECT cv.Id_CodigoVenta AS idCodigoVenta, cv.Id_Venta AS idVenta, cv.Id_Producto AS idProducto, p.Nombre AS producto, cv.Id_TipoMaterial AS idTipoMaterial, tm.Nombre AS tipoMaterial, cv.Cantidad AS cantidad, cv.Cod_Inicio AS serie, cv.ChipID AS chipId FROM dbo.tbl_CodigoVenta cv LEFT JOIN dbo.tbl_Producto p ON p.Id_Producto = cv.Id_Producto LEFT JOIN dbo.tbl_TipoMaterial tm ON tm.Id_TipoMaterial = cv.Id_TipoMaterial WHERE cv.Id_Venta = ? AND ISNULL(cv.E_Eliminado, 0) = 0 AND cv.Id_TipoMaterial = 1 AND NULLIF(LTRIM(RTRIM(ISNULL(cv.Cod_Inicio, ''))), '') IS NULL AND NULLIF(LTRIM(RTRIM(ISNULL(cv.ChipID, ''))), '') IS NULL ORDER BY p.Nombre, cv.Id_CodigoVenta]
2026-08-11 18:46:14.718 DEBUG 10036 --- [nio-9060-exec-1] o.s.jdbc.datasource.DataSourceUtils      : Fetching JDBC Connection from DataSource
2026-08-11 18:46:14.727 DEBUG 10036 --- [nio-9060-exec-1] o.s.jdbc.core.JdbcTemplate               : Executing prepared SQL query
2026-08-11 18:46:14.727 DEBUG 10036 --- [nio-9060-exec-1] o.s.jdbc.core.JdbcTemplate               : Executing prepared SQL statement [EXEC spx_ValidarCuadreRuta ?, ?]
2026-08-11 18:46:14.727 DEBUG 10036 --- [nio-9060-exec-1] o.s.jdbc.datasource.DataSourceUtils      : Fetching JDBC Connection from DataSource
2026-08-11 18:46:14.732 DEBUG 10036 --- [nio-9060-exec-1] o.s.jdbc.core.JdbcTemplate               : Executing prepared SQL query
2026-08-11 18:46:14.732 DEBUG 10036 --- [nio-9060-exec-1] o.s.jdbc.core.JdbcTemplate               : Executing prepared SQL statement [SELECT COUNT(1) FROM dbo.tbl_CierreAlmacen WHERE CONVERT(date, Fecha) = ? AND ISNULL(E_Eliminado, 0) = 0]
2026-08-11 18:46:14.732 DEBUG 10036 --- [nio-9060-exec-1] o.s.jdbc.datasource.DataSourceUtils      : Fetching JDBC Connection from DataSource
2026-08-11 18:46:14.735 DEBUG 10036 --- [nio-9060-exec-1] o.s.jdbc.core.JdbcTemplate               : Executing prepared SQL query
2026-08-11 18:46:14.735 DEBUG 10036 --- [nio-9060-exec-1] o.s.jdbc.core.JdbcTemplate               : Executing prepared SQL statement [EXEC spx_ExisteCierreAlmacenHoy ?]
2026-08-11 18:46:14.735 DEBUG 10036 --- [nio-9060-exec-1] o.s.jdbc.datasource.DataSourceUtils      : Fetching JDBC Connection from DataSource
2026-08-11 18:46:14.843 DEBUG 10036 --- [nio-9060-exec-7] o.s.jdbc.core.JdbcTemplate               : Executing prepared SQL query
2026-08-11 18:46:14.843 DEBUG 10036 --- [nio-9060-exec-7] o.s.jdbc.core.JdbcTemplate               : Executing prepared SQL statement [EXEC spx_ValidarCuadreRuta ?, ?]
2026-08-11 18:46:14.843 DEBUG 10036 --- [nio-9060-exec-7] o.s.jdbc.datasource.DataSourceUtils      : Fetching JDBC Connection from DataSource
2026-08-11 18:46:14.849 DEBUG 10036 --- [nio-9060-exec-7] o.s.jdbc.core.JdbcTemplate               : Executing prepared SQL query
2026-08-11 18:46:14.850 DEBUG 10036 --- [nio-9060-exec-7] o.s.jdbc.core.JdbcTemplate               : Executing prepared SQL statement [SELECT COUNT(1) FROM dbo.tbl_CierreAlmacen WHERE CONVERT(date, Fecha) = ? AND ISNULL(E_Eliminado, 0) = 0]
2026-08-11 18:46:14.850 DEBUG 10036 --- [nio-9060-exec-7] o.s.jdbc.datasource.DataSourceUtils      : Fetching JDBC Connection from DataSource
2026-08-11 18:46:14.861 DEBUG 10036 --- [nio-9060-exec-7] o.s.jdbc.core.JdbcTemplate               : Executing prepared SQL query
2026-08-11 18:46:14.861 DEBUG 10036 --- [nio-9060-exec-7] o.s.jdbc.core.JdbcTemplate               : Executing prepared SQL statement [EXEC spx_ExisteCierreAlmacenHoy ?]
2026-08-11 18:46:14.861 DEBUG 10036 --- [nio-9060-exec-7] o.s.jdbc.datasource.DataSourceUtils      : Fetching JDBC Connection from DataSource
2026-08-11 18:46:15.992 DEBUG 10036 --- [nio-9060-exec-1] o.s.jdbc.core.JdbcTemplate               : Executing prepared SQL query
2026-08-11 18:46:15.992 DEBUG 10036 --- [nio-9060-exec-1] o.s.jdbc.core.JdbcTemplate               : Executing prepared SQL statement [SELECT COUNT(1) FROM dbo.tbl_CierreAlmacenPR_PD WHERE CONVERT(date, Fecha) = ? AND ISNULL(E_Eliminado, 0) = 0]
2026-08-11 18:46:15.992 DEBUG 10036 --- [nio-9060-exec-1] o.s.jdbc.datasource.DataSourceUtils      : Fetching JDBC Connection from DataSource
2026-08-11 18:46:15.997 DEBUG 10036 --- [nio-9060-exec-1] o.s.jdbc.core.JdbcTemplate               : Executing prepared SQL query
2026-08-11 18:46:15.997 DEBUG 10036 --- [nio-9060-exec-1] o.s.jdbc.core.JdbcTemplate               : Executing prepared SQL statement [EXEC spx_ExisteCierreAlmacenHoyPR_PD ?]
2026-08-11 18:46:15.997 DEBUG 10036 --- [nio-9060-exec-1] o.s.jdbc.datasource.DataSourceUtils      : Fetching JDBC Connection from DataSource
2026-08-11 18:46:16.128 DEBUG 10036 --- [a-9 housekeeper] com.zaxxer.hikari.pool.HikariPool        : ConnDb-inicio-jornada-9 - Before cleanup stats (total=1, active=0, idle=1, waiting=0)
2026-08-11 18:46:16.128 DEBUG 10036 --- [a-9 housekeeper] com.zaxxer.hikari.pool.HikariPool        : ConnDb-inicio-jornada-9 - After cleanup  stats (total=1, active=0, idle=1, waiting=0)
2026-08-11 18:46:16.128 DEBUG 10036 --- [a-9 housekeeper] com.zaxxer.hikari.pool.HikariPool        : ConnDb-inicio-jornada-9 - Fill pool skipped, pool is at sufficient level.
2026-08-11 18:46:16.133 DEBUG 10036 --- [nio-9060-exec-7] o.s.jdbc.core.JdbcTemplate               : Executing prepared SQL query
2026-08-11 18:46:16.133 DEBUG 10036 --- [nio-9060-exec-7] o.s.jdbc.core.JdbcTemplate               : Executing prepared SQL statement [SELECT COUNT(1) FROM dbo.tbl_CierreAlmacenPR_PD WHERE CONVERT(date, Fecha) = ? AND ISNULL(E_Eliminado, 0) = 0]
2026-08-11 18:46:16.133 DEBUG 10036 --- [nio-9060-exec-7] o.s.jdbc.datasource.DataSourceUtils      : Fetching JDBC Connection from DataSource
2026-08-11 18:46:16.142 DEBUG 10036 --- [nio-9060-exec-7] o.s.jdbc.core.JdbcTemplate               : Executing prepared SQL query
2026-08-11 18:46:16.142 DEBUG 10036 --- [nio-9060-exec-7] o.s.jdbc.core.JdbcTemplate               : Executing prepared SQL statement [EXEC spx_ExisteCierreAlmacenHoyPR_PD ?]
2026-08-11 18:46:16.142 DEBUG 10036 --- [nio-9060-exec-7] o.s.jdbc.datasource.DataSourceUtils      : Fetching JDBC Connection from DataSource
2026-08-11 18:46:17.166 DEBUG 10036 --- [nio-9060-exec-1] o.s.jdbc.core.JdbcTemplate               : Executing prepared SQL query
2026-08-11 18:46:17.166 DEBUG 10036 --- [nio-9060-exec-1] o.s.jdbc.core.JdbcTemplate               : Executing prepared SQL statement [EXEC spx_ValidarCuadreRuta ?, ?]
2026-08-11 18:46:17.166 DEBUG 10036 --- [nio-9060-exec-1] o.s.jdbc.datasource.DataSourceUtils      : Fetching JDBC Connection from DataSource
2026-08-11 18:46:17.186 DEBUG 10036 --- [nio-9060-exec-1] o.s.jdbc.core.JdbcTemplate               : Executing prepared SQL query
2026-08-11 18:46:17.186 DEBUG 10036 --- [nio-9060-exec-1] o.s.jdbc.core.JdbcTemplate               : Executing prepared SQL statement [SELECT COUNT(1) FROM dbo.tbl_CierreAlmacen WHERE CONVERT(date, Fecha) = ? AND ISNULL(E_Eliminado, 0) = 0]
2026-08-11 18:46:17.186 DEBUG 10036 --- [nio-9060-exec-1] o.s.jdbc.datasource.DataSourceUtils      : Fetching JDBC Connection from DataSource
2026-08-11 18:46:17.199 DEBUG 10036 --- [nio-9060-exec-1] o.s.jdbc.core.JdbcTemplate               : Executing prepared SQL query
2026-08-11 18:46:17.200 DEBUG 10036 --- [nio-9060-exec-1] o.s.jdbc.core.JdbcTemplate               : Executing prepared SQL statement [EXEC spx_ExisteCierreAlmacenHoy ?]
2026-08-11 18:46:17.200 DEBUG 10036 --- [nio-9060-exec-1] o.s.jdbc.datasource.DataSourceUtils      : Fetching JDBC Connection from DataSource
2026-08-11 18:46:17.426 DEBUG 10036 --- [nio-9060-exec-7] o.s.jdbc.core.JdbcTemplate               : Executing prepared SQL query
2026-08-11 18:46:17.426 DEBUG 10036 --- [nio-9060-exec-7] o.s.jdbc.core.JdbcTemplate               : Executing prepared SQL statement [SELECT cv.Id_CodigoVenta AS idCodigoVenta, cv.Id_Venta AS idVenta, cv.Id_Producto AS idProducto, p.Nombre AS producto, cv.Id_TipoMaterial AS idTipoMaterial, tm.Nombre AS tipoMaterial, cv.Cantidad AS cantidad, cv.Cod_Inicio AS serie, cv.ChipID AS chipId FROM dbo.tbl_CodigoVenta cv LEFT JOIN dbo.tbl_Producto p ON p.Id_Producto = cv.Id_Producto LEFT JOIN dbo.tbl_TipoMaterial tm ON tm.Id_TipoMaterial = cv.Id_TipoMaterial WHERE cv.Id_Venta = ? AND ISNULL(cv.E_Eliminado, 0) = 0 AND cv.Id_TipoMaterial = 1 AND NULLIF(LTRIM(RTRIM(ISNULL(cv.Cod_Inicio, ''))), '') IS NULL AND NULLIF(LTRIM(RTRIM(ISNULL(cv.ChipID, ''))), '') IS NULL ORDER BY p.Nombre, cv.Id_CodigoVenta]
2026-08-11 18:46:17.426 DEBUG 10036 --- [nio-9060-exec-7] o.s.jdbc.datasource.DataSourceUtils      : Fetching JDBC Connection from DataSource
2026-08-11 18:46:17.439 DEBUG 10036 --- [nio-9060-exec-7] o.s.jdbc.core.JdbcTemplate               : Executing prepared SQL query
2026-08-11 18:46:17.439 DEBUG 10036 --- [nio-9060-exec-7] o.s.jdbc.core.JdbcTemplate               : Executing prepared SQL statement [EXEC spx_ValidarCuadreRuta ?, ?]
2026-08-11 18:46:17.439 DEBUG 10036 --- [nio-9060-exec-7] o.s.jdbc.datasource.DataSourceUtils      : Fetching JDBC Connection from DataSource
2026-08-11 18:46:17.444 DEBUG 10036 --- [nio-9060-exec-7] o.s.jdbc.core.JdbcTemplate               : Executing prepared SQL query
2026-08-11 18:46:17.444 DEBUG 10036 --- [nio-9060-exec-7] o.s.jdbc.core.JdbcTemplate               : Executing prepared SQL statement [SELECT COUNT(1) FROM dbo.tbl_CierreAlmacen WHERE CONVERT(date, Fecha) = ? AND ISNULL(E_Eliminado, 0) = 0]
2026-08-11 18:46:17.444 DEBUG 10036 --- [nio-9060-exec-7] o.s.jdbc.datasource.DataSourceUtils      : Fetching JDBC Connection from DataSource
2026-08-11 18:46:17.444 DEBUG 10036 --- [nio-9060-exec-7] o.s.jdbc.core.JdbcTemplate               : Executing prepared SQL query
2026-08-11 18:46:17.444 DEBUG 10036 --- [nio-9060-exec-7] o.s.jdbc.core.JdbcTemplate               : Executing prepared SQL statement [EXEC spx_ExisteCierreAlmacenHoy ?]
2026-08-11 18:46:17.444 DEBUG 10036 --- [nio-9060-exec-7] o.s.jdbc.datasource.DataSourceUtils      : Fetching JDBC Connection from DataSource
2026-08-11 18:46:18.147 DEBUG 10036 --- [nio-9060-exec-5] o.s.web.servlet.DispatcherServlet        : GET "/tecnico/inicio-jornada/estado", parameters={}
2026-08-11 18:46:18.147 DEBUG 10036 --- [nio-9060-exec-5] s.w.s.m.m.a.RequestMappingHandlerMapping : Mapped to com.example.TigoStarSystem.tecnicoiniciojornada.controller.TecnicoInicioJornadaController#estado(String, String)
2026-08-11 18:46:18.149 DEBUG 10036 --- [nio-9060-exec-5] o.s.jdbc.core.JdbcTemplate               : Executing prepared SQL query
2026-08-11 18:46:18.149 DEBUG 10036 --- [nio-9060-exec-5] o.s.jdbc.core.JdbcTemplate               : Executing prepared SQL statement [EXEC dbo.SP_InicioJornada_MarcarNoCierreAtrasado ?]
2026-08-11 18:46:18.149 DEBUG 10036 --- [nio-9060-exec-5] o.s.jdbc.datasource.DataSourceUtils      : Fetching JDBC Connection from DataSource
2026-08-11 18:46:18.155 DEBUG 10036 --- [nio-9060-exec-5] o.s.jdbc.core.JdbcTemplate               : Executing prepared SQL query
2026-08-11 18:46:18.155 DEBUG 10036 --- [nio-9060-exec-5] o.s.jdbc.core.JdbcTemplate               : Executing prepared SQL statement [SELECT TOP 1 ultimo.id_inicio, ultimo.id_tecnico, ultimo.id_encargado, ultimo.fecha_registro, ultimo.fecha_cierre, ultimo.pendiente, ultimo.no_marco_cierre FROM (   SELECT TOP 1 id_inicio, id_tecnico, id_encargado, fecha_registro, fecha_cierre, pendiente, no_marco_cierre, e_eliminado   FROM dbo.tbl_InicioJornadaAlturas   WHERE id_tecnico = ?     AND CAST(fecha_registro AS DATE) < CAST(GETDATE() AS DATE)   ORDER BY fecha_registro DESC, id_inicio DESC ) ultimo WHERE fecha_cierre IS NULL   AND ISNULL(e_eliminado, 0) = 0   AND ISNULL(no_marco_cierre, 0) = 1]
2026-08-11 18:46:18.155 DEBUG 10036 --- [nio-9060-exec-5] o.s.jdbc.datasource.DataSourceUtils      : Fetching JDBC Connection from DataSource
2026-08-11 18:46:18.157 DEBUG 10036 --- [nio-9060-exec-5] o.s.jdbc.core.JdbcTemplate               : Executing prepared SQL query
2026-08-11 18:46:18.157 DEBUG 10036 --- [nio-9060-exec-5] o.s.jdbc.core.JdbcTemplate               : Executing prepared SQL statement [EXEC dbo.SP_InicioJornada_ExisteRegistroHoy ?]
2026-08-11 18:46:18.157 DEBUG 10036 --- [nio-9060-exec-5] o.s.jdbc.datasource.DataSourceUtils      : Fetching JDBC Connection from DataSource
2026-08-11 18:46:18.159 DEBUG 10036 --- [nio-9060-exec-5] o.s.jdbc.core.JdbcTemplate               : Executing SQL query [EXEC dbo.spx_ObtenerSucursalesConexionWeb]
2026-08-11 18:46:18.159 DEBUG 10036 --- [nio-9060-exec-5] o.s.jdbc.datasource.DataSourceUtils      : Fetching JDBC Connection from DataSource
2026-08-11 18:46:18.163 DEBUG 10036 --- [nio-9060-exec-5] o.s.jdbc.core.JdbcTemplate               : Executing SQL query [EXEC dbo.spx_ObtenerSucursalesConexionWeb]
2026-08-11 18:46:18.163 DEBUG 10036 --- [nio-9060-exec-5] o.s.jdbc.datasource.DataSourceUtils      : Fetching JDBC Connection from DataSource
2026-08-11 18:46:18.166 DEBUG 10036 --- [nio-9060-exec-5] o.s.jdbc.core.JdbcTemplate               : Executing prepared SQL query
2026-08-11 18:46:18.166 DEBUG 10036 --- [nio-9060-exec-5] o.s.jdbc.core.JdbcTemplate               : Executing prepared SQL statement [SELECT TOP 1 CAST(c.idUsuarioSupervisor AS INT) AS idEncargado, CAST(c.supervisorACargo AS NVARCHAR(200)) AS encargado, CAST(c.id AS INT) AS idConformacion, CAST(c.id_tecnicoAuxiliar AS INT) AS idAuxiliar, CAST(c.auxiliar AS NVARCHAR(250)) AS auxiliar, c.sucursal, c.fecha, c.fechaRegistro FROM dbo.tbl_ConformacionCuadrillaDiario c WHERE ISNULL(c.e_eliminado, 0) = 0   AND CONVERT(date, c.fecha) = CONVERT(date, GETDATE())   AND (? IS NULL OR LOWER(REPLACE(REPLACE(REPLACE(LTRIM(RTRIM(ISNULL(c.sucursal, ''))), '_', ''), '-', ''), ' ', '')) =                   LOWER(REPLACE(REPLACE(REPLACE(LTRIM(RTRIM(?)), '_', ''), '-', ''), ' ', '')))   AND (        (? > 0 AND (? = c.id_tecnico OR ? = c.id_tecnicoAuxiliar))        OR (? <> '' AND (            LOWER(LTRIM(RTRIM(ISNULL(c.tecnico, '')))) = ?            OR LOWER(LTRIM(RTRIM(ISNULL(c.auxiliar, '')))) = ?        ))   ) ORDER BY ISNULL(c.fechaRegistro, '19000101') DESC, c.id DESC]
2026-08-11 18:46:18.166 DEBUG 10036 --- [nio-9060-exec-5] o.s.jdbc.datasource.DataSourceUtils      : Fetching JDBC Connection from DataSource
2026-08-11 18:46:18.170 DEBUG 10036 --- [nio-9060-exec-5] o.s.jdbc.core.JdbcTemplate               : Executing prepared SQL query
2026-08-11 18:46:18.170 DEBUG 10036 --- [nio-9060-exec-5] o.s.jdbc.core.JdbcTemplate               : Executing prepared SQL statement [SELECT TOP 1 Nombre FROM dbo.tbl_Usuario WHERE Id_Usuario = ? AND ISNULL(E_Eliminado,0)=0]
2026-08-11 18:46:18.170 DEBUG 10036 --- [nio-9060-exec-5] o.s.jdbc.datasource.DataSourceUtils      : Fetching JDBC Connection from DataSource
2026-08-11 18:46:18.173 DEBUG 10036 --- [nio-9060-exec-5] o.s.w.s.m.m.a.HttpEntityMethodProcessor  : Using 'application/json', given [application/json, text/plain, */*] and supported [application/json, application/*+json, application/json, application/*+json]
2026-08-11 18:46:18.173 DEBUG 10036 --- [nio-9060-exec-5] o.s.w.s.m.m.a.HttpEntityMethodProcessor  : Writing [com.example.TigoStarSystem.common.ApiResponse@29475e9a]
2026-08-11 18:46:18.174 DEBUG 10036 --- [nio-9060-exec-5] o.s.web.servlet.DispatcherServlet        : Completed 200 OK
2026-08-11 18:46:18.476 DEBUG 10036 --- [nio-9060-exec-1] o.s.jdbc.core.JdbcTemplate               : Executing prepared SQL query
2026-08-11 18:46:18.476 DEBUG 10036 --- [nio-9060-exec-1] o.s.jdbc.core.JdbcTemplate               : Executing prepared SQL statement [SELECT COUNT(1) FROM dbo.tbl_CierreAlmacenPR_PD WHERE CONVERT(date, Fecha) = ? AND ISNULL(E_Eliminado, 0) = 0]
2026-08-11 18:46:18.476 DEBUG 10036 --- [nio-9060-exec-1] o.s.jdbc.datasource.DataSourceUtils      : Fetching JDBC Connection from DataSource
2026-08-11 18:46:18.479 DEBUG 10036 --- [nio-9060-exec-1] o.s.jdbc.core.JdbcTemplate               : Executing prepared SQL query
2026-08-11 18:46:18.479 DEBUG 10036 --- [nio-9060-exec-1] o.s.jdbc.core.JdbcTemplate               : Executing prepared SQL statement [EXEC spx_ExisteCierreAlmacenHoyPR_PD ?]
2026-08-11 18:46:18.479 DEBUG 10036 --- [nio-9060-exec-1] o.s.jdbc.datasource.DataSourceUtils      : Fetching JDBC Connection from DataSource
2026-08-11 18:46:18.745 DEBUG 10036 --- [nio-9060-exec-7] o.s.jdbc.core.JdbcTemplate               : Executing prepared SQL query
2026-08-11 18:46:18.745 DEBUG 10036 --- [nio-9060-exec-7] o.s.jdbc.core.JdbcTemplate               : Executing prepared SQL statement [SELECT COUNT(1) FROM dbo.tbl_CierreAlmacenPR_PD WHERE CONVERT(date, Fecha) = ? AND ISNULL(E_Eliminado, 0) = 0]
2026-08-11 18:46:18.745 DEBUG 10036 --- [nio-9060-exec-7] o.s.jdbc.datasource.DataSourceUtils      : Fetching JDBC Connection from DataSource
2026-08-11 18:46:18.757 DEBUG 10036 --- [nio-9060-exec-7] o.s.jdbc.core.JdbcTemplate               : Executing prepared SQL query
2026-08-11 18:46:18.757 DEBUG 10036 --- [nio-9060-exec-7] o.s.jdbc.core.JdbcTemplate               : Executing prepared SQL statement [EXEC spx_ExisteCierreAlmacenHoyPR_PD ?]
2026-08-11 18:46:18.757 DEBUG 10036 --- [nio-9060-exec-7] o.s.jdbc.datasource.DataSourceUtils      : Fetching JDBC Connection from DataSource
2026-08-11 18:46:19.906 DEBUG 10036 --- [nio-9060-exec-1] o.s.jdbc.core.JdbcTemplate               : Executing prepared SQL query
2026-08-11 18:46:19.906 DEBUG 10036 --- [nio-9060-exec-1] o.s.jdbc.core.JdbcTemplate               : Executing prepared SQL statement [SELECT cv.Id_CodigoVenta AS idCodigoVenta, cv.Id_Venta AS idVenta, cv.Id_Producto AS idProducto, p.Nombre AS producto, cv.Id_TipoMaterial AS idTipoMaterial, tm.Nombre AS tipoMaterial, cv.Cantidad AS cantidad, cv.Cod_Inicio AS serie, cv.ChipID AS chipId FROM dbo.tbl_CodigoVenta cv LEFT JOIN dbo.tbl_Producto p ON p.Id_Producto = cv.Id_Producto LEFT JOIN dbo.tbl_TipoMaterial tm ON tm.Id_TipoMaterial = cv.Id_TipoMaterial WHERE cv.Id_Venta = ? AND ISNULL(cv.E_Eliminado, 0) = 0 AND cv.Id_TipoMaterial = 1 AND NULLIF(LTRIM(RTRIM(ISNULL(cv.Cod_Inicio, ''))), '') IS NULL AND NULLIF(LTRIM(RTRIM(ISNULL(cv.ChipID, ''))), '') IS NULL ORDER BY p.Nombre, cv.Id_CodigoVenta]
2026-08-11 18:46:19.906 DEBUG 10036 --- [nio-9060-exec-1] o.s.jdbc.datasource.DataSourceUtils      : Fetching JDBC Connection from DataSource
2026-08-11 18:46:19.912 DEBUG 10036 --- [nio-9060-exec-1] o.s.jdbc.core.JdbcTemplate               : Executing prepared SQL query
2026-08-11 18:46:19.912 DEBUG 10036 --- [nio-9060-exec-1] o.s.jdbc.core.JdbcTemplate               : Executing prepared SQL statement [EXEC spx_ValidarCuadreRuta ?, ?]
2026-08-11 18:46:19.912 DEBUG 10036 --- [nio-9060-exec-1] o.s.jdbc.datasource.DataSourceUtils      : Fetching JDBC Connection from DataSource
2026-08-11 18:46:19.919 DEBUG 10036 --- [nio-9060-exec-1] o.s.jdbc.core.JdbcTemplate               : Executing prepared SQL query
2026-08-11 18:46:19.919 DEBUG 10036 --- [nio-9060-exec-1] o.s.jdbc.core.JdbcTemplate               : Executing prepared SQL statement [SELECT COUNT(1) FROM dbo.tbl_CierreAlmacen WHERE CONVERT(date, Fecha) = ? AND ISNULL(E_Eliminado, 0) = 0]
2026-08-11 18:46:19.919 DEBUG 10036 --- [nio-9060-exec-1] o.s.jdbc.datasource.DataSourceUtils      : Fetching JDBC Connection from DataSource
2026-08-11 18:46:19.926 DEBUG 10036 --- [nio-9060-exec-1] o.s.jdbc.core.JdbcTemplate               : Executing prepared SQL query
2026-08-11 18:46:19.926 DEBUG 10036 --- [nio-9060-exec-1] o.s.jdbc.core.JdbcTemplate               : Executing prepared SQL statement [EXEC spx_ExisteCierreAlmacenHoy ?]
2026-08-11 18:46:19.926 DEBUG 10036 --- [nio-9060-exec-1] o.s.jdbc.datasource.DataSourceUtils      : Fetching JDBC Connection from DataSource
2026-08-11 18:46:20.266 DEBUG 10036 --- [nio-9060-exec-7] o.s.jdbc.core.JdbcTemplate               : Executing prepared SQL query
2026-08-11 18:46:20.266 DEBUG 10036 --- [nio-9060-exec-7] o.s.jdbc.core.JdbcTemplate               : Executing prepared SQL statement [EXEC spx_ValidarCuadreRuta ?, ?]
2026-08-11 18:46:20.266 DEBUG 10036 --- [nio-9060-exec-7] o.s.jdbc.datasource.DataSourceUtils      : Fetching JDBC Connection from DataSource
2026-08-11 18:46:20.282 DEBUG 10036 --- [nio-9060-exec-7] o.s.jdbc.core.JdbcTemplate               : Executing prepared SQL query
2026-08-11 18:46:20.282 DEBUG 10036 --- [nio-9060-exec-7] o.s.jdbc.core.JdbcTemplate               : Executing prepared SQL statement [SELECT COUNT(1) FROM dbo.tbl_CierreAlmacen WHERE CONVERT(date, Fecha) = ? AND ISNULL(E_Eliminado, 0) = 0]
2026-08-11 18:46:20.282 DEBUG 10036 --- [nio-9060-exec-7] o.s.jdbc.datasource.DataSourceUtils      : Fetching JDBC Connection from DataSource
2026-08-11 18:46:20.284 DEBUG 10036 --- [nio-9060-exec-7] o.s.jdbc.core.JdbcTemplate               : Executing prepared SQL query
2026-08-11 18:46:20.284 DEBUG 10036 --- [nio-9060-exec-7] o.s.jdbc.core.JdbcTemplate               : Executing prepared SQL statement [EXEC spx_ExisteCierreAlmacenHoy ?]
2026-08-11 18:46:20.284 DEBUG 10036 --- [nio-9060-exec-7] o.s.jdbc.datasource.DataSourceUtils      : Fetching JDBC Connection from DataSource
2026-08-11 18:46:21.455 DEBUG 10036 --- [nio-9060-exec-1] o.s.jdbc.core.JdbcTemplate               : Executing prepared SQL query
2026-08-11 18:46:21.455 DEBUG 10036 --- [nio-9060-exec-1] o.s.jdbc.core.JdbcTemplate               : Executing prepared SQL statement [SELECT COUNT(1) FROM dbo.tbl_CierreAlmacenPR_PD WHERE CONVERT(date, Fecha) = ? AND ISNULL(E_Eliminado, 0) = 0]
2026-08-11 18:46:21.455 DEBUG 10036 --- [nio-9060-exec-1] o.s.jdbc.datasource.DataSourceUtils      : Fetching JDBC Connection from DataSource
2026-08-11 18:46:21.457 DEBUG 10036 --- [nio-9060-exec-1] o.s.jdbc.core.JdbcTemplate               : Executing prepared SQL query
2026-08-11 18:46:21.457 DEBUG 10036 --- [nio-9060-exec-1] o.s.jdbc.core.JdbcTemplate               : Executing prepared SQL statement [EXEC spx_ExisteCierreAlmacenHoyPR_PD ?]
2026-08-11 18:46:21.457 DEBUG 10036 --- [nio-9060-exec-1] o.s.jdbc.datasource.DataSourceUtils      : Fetching JDBC Connection from DataSource
2026-08-11 18:46:21.680 DEBUG 10036 --- [nio-9060-exec-7] o.s.jdbc.core.JdbcTemplate               : Executing prepared SQL query
2026-08-11 18:46:21.680 DEBUG 10036 --- [nio-9060-exec-7] o.s.jdbc.core.JdbcTemplate               : Executing prepared SQL statement [SELECT COUNT(1) FROM dbo.tbl_CierreAlmacenPR_PD WHERE CONVERT(date, Fecha) = ? AND ISNULL(E_Eliminado, 0) = 0]
2026-08-11 18:46:21.680 DEBUG 10036 --- [nio-9060-exec-7] o.s.jdbc.datasource.DataSourceUtils      : Fetching JDBC Connection from DataSource
2026-08-11 18:46:21.686 DEBUG 10036 --- [nio-9060-exec-7] o.s.jdbc.core.JdbcTemplate               : Executing prepared SQL query
2026-08-11 18:46:21.686 DEBUG 10036 --- [nio-9060-exec-7] o.s.jdbc.core.JdbcTemplate               : Executing prepared SQL statement [EXEC spx_ExisteCierreAlmacenHoyPR_PD ?]
2026-08-11 18:46:21.686 DEBUG 10036 --- [nio-9060-exec-7] o.s.jdbc.datasource.DataSourceUtils      : Fetching JDBC Connection from DataSource
2026-08-11 18:46:22.773 DEBUG 10036 --- [nio-9060-exec-1] o.s.jdbc.core.JdbcTemplate               : Executing prepared SQL query
2026-08-11 18:46:22.773 DEBUG 10036 --- [nio-9060-exec-1] o.s.jdbc.core.JdbcTemplate               : Executing prepared SQL statement [EXEC spx_ValidarCuadreRuta ?, ?]
2026-08-11 18:46:22.773 DEBUG 10036 --- [nio-9060-exec-1] o.s.jdbc.datasource.DataSourceUtils      : Fetching JDBC Connection from DataSource
2026-08-11 18:46:22.787 DEBUG 10036 --- [nio-9060-exec-1] o.s.jdbc.core.JdbcTemplate               : Executing prepared SQL query
2026-08-11 18:46:22.787 DEBUG 10036 --- [nio-9060-exec-1] o.s.jdbc.core.JdbcTemplate               : Executing prepared SQL statement [SELECT COUNT(1) FROM dbo.tbl_CierreAlmacen WHERE CONVERT(date, Fecha) = ? AND ISNULL(E_Eliminado, 0) = 0]
2026-08-11 18:46:22.787 DEBUG 10036 --- [nio-9060-exec-1] o.s.jdbc.datasource.DataSourceUtils      : Fetching JDBC Connection from DataSource
2026-08-11 18:46:22.789 DEBUG 10036 --- [nio-9060-exec-1] o.s.jdbc.core.JdbcTemplate               : Executing prepared SQL query
2026-08-11 18:46:22.789 DEBUG 10036 --- [nio-9060-exec-1] o.s.jdbc.core.JdbcTemplate               : Executing prepared SQL statement [EXEC spx_ExisteCierreAlmacenHoy ?]
2026-08-11 18:46:22.789 DEBUG 10036 --- [nio-9060-exec-1] o.s.jdbc.datasource.DataSourceUtils      : Fetching JDBC Connection from DataSource
2026-08-11 18:46:23.021 DEBUG 10036 --- [nio-9060-exec-7] o.s.jdbc.core.JdbcTemplate               : Executing prepared SQL query
2026-08-11 18:46:23.022 DEBUG 10036 --- [nio-9060-exec-7] o.s.jdbc.core.JdbcTemplate               : Executing prepared SQL statement [SELECT cv.Id_CodigoVenta AS idCodigoVenta, cv.Id_Venta AS idVenta, cv.Id_Producto AS idProducto, p.Nombre AS producto, cv.Id_TipoMaterial AS idTipoMaterial, tm.Nombre AS tipoMaterial, cv.Cantidad AS cantidad, cv.Cod_Inicio AS serie, cv.ChipID AS chipId FROM dbo.tbl_CodigoVenta cv LEFT JOIN dbo.tbl_Producto p ON p.Id_Producto = cv.Id_Producto LEFT JOIN dbo.tbl_TipoMaterial tm ON tm.Id_TipoMaterial = cv.Id_TipoMaterial WHERE cv.Id_Venta = ? AND ISNULL(cv.E_Eliminado, 0) = 0 AND cv.Id_TipoMaterial = 1 AND NULLIF(LTRIM(RTRIM(ISNULL(cv.Cod_Inicio, ''))), '') IS NULL AND NULLIF(LTRIM(RTRIM(ISNULL(cv.ChipID, ''))), '') IS NULL ORDER BY p.Nombre, cv.Id_CodigoVenta]
2026-08-11 18:46:23.022 DEBUG 10036 --- [nio-9060-exec-7] o.s.jdbc.datasource.DataSourceUtils      : Fetching JDBC Connection from DataSource
2026-08-11 18:46:23.025 DEBUG 10036 --- [nio-9060-exec-7] o.s.jdbc.core.JdbcTemplate               : Executing prepared SQL query
2026-08-11 18:46:23.025 DEBUG 10036 --- [nio-9060-exec-7] o.s.jdbc.core.JdbcTemplate               : Executing prepared SQL statement [EXEC spx_ValidarCuadreRuta ?, ?]
2026-08-11 18:46:23.025 DEBUG 10036 --- [nio-9060-exec-7] o.s.jdbc.datasource.DataSourceUtils      : Fetching JDBC Connection from DataSource
2026-08-11 18:46:23.030 DEBUG 10036 --- [nio-9060-exec-7] o.s.jdbc.core.JdbcTemplate               : Executing prepared SQL query
2026-08-11 18:46:23.030 DEBUG 10036 --- [nio-9060-exec-7] o.s.jdbc.core.JdbcTemplate               : Executing prepared SQL statement [SELECT COUNT(1) FROM dbo.tbl_CierreAlmacen WHERE CONVERT(date, Fecha) = ? AND ISNULL(E_Eliminado, 0) = 0]
2026-08-11 18:46:23.030 DEBUG 10036 --- [nio-9060-exec-7] o.s.jdbc.datasource.DataSourceUtils      : Fetching JDBC Connection from DataSource
2026-08-11 18:46:23.032 DEBUG 10036 --- [nio-9060-exec-7] o.s.jdbc.core.JdbcTemplate               : Executing prepared SQL query
2026-08-11 18:46:23.032 DEBUG 10036 --- [nio-9060-exec-7] o.s.jdbc.core.JdbcTemplate               : Executing prepared SQL statement [EXEC spx_ExisteCierreAlmacenHoy ?]
2026-08-11 18:46:23.032 DEBUG 10036 --- [nio-9060-exec-7] o.s.jdbc.datasource.DataSourceUtils      : Fetching JDBC Connection from DataSource
2026-08-11 18:46:23.937 DEBUG 10036 --- [nio-9060-exec-1] o.s.jdbc.core.JdbcTemplate               : Executing prepared SQL query
2026-08-11 18:46:23.937 DEBUG 10036 --- [nio-9060-exec-1] o.s.jdbc.core.JdbcTemplate               : Executing prepared SQL statement [SELECT COUNT(1) FROM dbo.tbl_CierreAlmacenPR_PD WHERE CONVERT(date, Fecha) = ? AND ISNULL(E_Eliminado, 0) = 0]
2026-08-11 18:46:23.937 DEBUG 10036 --- [nio-9060-exec-1] o.s.jdbc.datasource.DataSourceUtils      : Fetching JDBC Connection from DataSource
2026-08-11 18:46:23.940 DEBUG 10036 --- [nio-9060-exec-1] o.s.jdbc.core.JdbcTemplate               : Executing prepared SQL query
2026-08-11 18:46:23.940 DEBUG 10036 --- [nio-9060-exec-1] o.s.jdbc.core.JdbcTemplate               : Executing prepared SQL statement [EXEC spx_ExisteCierreAlmacenHoyPR_PD ?]
2026-08-11 18:46:23.940 DEBUG 10036 --- [nio-9060-exec-1] o.s.jdbc.datasource.DataSourceUtils      : Fetching JDBC Connection from DataSource
2026-08-11 18:46:24.106 DEBUG 10036 --- [nio-9060-exec-7] o.s.jdbc.core.JdbcTemplate               : Executing prepared SQL query
2026-08-11 18:46:24.106 DEBUG 10036 --- [nio-9060-exec-7] o.s.jdbc.core.JdbcTemplate               : Executing prepared SQL statement [SELECT COUNT(1) FROM dbo.tbl_CierreAlmacenPR_PD WHERE CONVERT(date, Fecha) = ? AND ISNULL(E_Eliminado, 0) = 0]
2026-08-11 18:46:24.106 DEBUG 10036 --- [nio-9060-exec-7] o.s.jdbc.datasource.DataSourceUtils      : Fetching JDBC Connection from DataSource
2026-08-11 18:46:24.117 DEBUG 10036 --- [nio-9060-exec-7] o.s.jdbc.core.JdbcTemplate               : Executing prepared SQL query
2026-08-11 18:46:24.117 DEBUG 10036 --- [nio-9060-exec-7] o.s.jdbc.core.JdbcTemplate               : Executing prepared SQL statement [EXEC spx_ExisteCierreAlmacenHoyPR_PD ?]
2026-08-11 18:46:24.117 DEBUG 10036 --- [nio-9060-exec-7] o.s.jdbc.datasource.DataSourceUtils      : Fetching JDBC Connection from DataSource
2026-08-11 18:46:25.398 DEBUG 10036 --- [nio-9060-exec-1] o.s.jdbc.core.JdbcTemplate               : Executing prepared SQL query
2026-08-11 18:46:25.399 DEBUG 10036 --- [nio-9060-exec-1] o.s.jdbc.core.JdbcTemplate               : Executing prepared SQL statement [SELECT cv.Id_CodigoVenta AS idCodigoVenta, cv.Id_Venta AS idVenta, cv.Id_Producto AS idProducto, p.Nombre AS producto, cv.Id_TipoMaterial AS idTipoMaterial, tm.Nombre AS tipoMaterial, cv.Cantidad AS cantidad, cv.Cod_Inicio AS serie, cv.ChipID AS chipId FROM dbo.tbl_CodigoVenta cv LEFT JOIN dbo.tbl_Producto p ON p.Id_Producto = cv.Id_Producto LEFT JOIN dbo.tbl_TipoMaterial tm ON tm.Id_TipoMaterial = cv.Id_TipoMaterial WHERE cv.Id_Venta = ? AND ISNULL(cv.E_Eliminado, 0) = 0 AND cv.Id_TipoMaterial = 1 AND NULLIF(LTRIM(RTRIM(ISNULL(cv.Cod_Inicio, ''))), '') IS NULL AND NULLIF(LTRIM(RTRIM(ISNULL(cv.ChipID, ''))), '') IS NULL ORDER BY p.Nombre, cv.Id_CodigoVenta]
2026-08-11 18:46:25.399 DEBUG 10036 --- [nio-9060-exec-1] o.s.jdbc.datasource.DataSourceUtils      : Fetching JDBC Connection from DataSource
2026-08-11 18:46:25.407 DEBUG 10036 --- [nio-9060-exec-1] o.s.jdbc.core.JdbcTemplate               : Executing prepared SQL query
2026-08-11 18:46:25.407 DEBUG 10036 --- [nio-9060-exec-1] o.s.jdbc.core.JdbcTemplate               : Executing prepared SQL statement [EXEC spx_ValidarCuadreRuta ?, ?]
2026-08-11 18:46:25.407 DEBUG 10036 --- [nio-9060-exec-1] o.s.jdbc.datasource.DataSourceUtils      : Fetching JDBC Connection from DataSource
2026-08-11 18:46:25.413 DEBUG 10036 --- [nio-9060-exec-1] o.s.jdbc.core.JdbcTemplate               : Executing prepared SQL query
2026-08-11 18:46:25.413 DEBUG 10036 --- [nio-9060-exec-1] o.s.jdbc.core.JdbcTemplate               : Executing prepared SQL statement [SELECT COUNT(1) FROM dbo.tbl_CierreAlmacen WHERE CONVERT(date, Fecha) = ? AND ISNULL(E_Eliminado, 0) = 0]
2026-08-11 18:46:25.413 DEBUG 10036 --- [nio-9060-exec-1] o.s.jdbc.datasource.DataSourceUtils      : Fetching JDBC Connection from DataSource
2026-08-11 18:46:25.419 DEBUG 10036 --- [nio-9060-exec-1] o.s.jdbc.core.JdbcTemplate               : Executing prepared SQL query
2026-08-11 18:46:25.419 DEBUG 10036 --- [nio-9060-exec-1] o.s.jdbc.core.JdbcTemplate               : Executing prepared SQL statement [EXEC spx_ExisteCierreAlmacenHoy ?]
2026-08-11 18:46:25.419 DEBUG 10036 --- [nio-9060-exec-1] o.s.jdbc.datasource.DataSourceUtils      : Fetching JDBC Connection from DataSource
2026-08-11 18:46:25.606 DEBUG 10036 --- [nio-9060-exec-7] o.s.jdbc.core.JdbcTemplate               : Executing prepared SQL query
2026-08-11 18:46:25.606 DEBUG 10036 --- [nio-9060-exec-7] o.s.jdbc.core.JdbcTemplate               : Executing prepared SQL statement [EXEC spx_ValidarCuadreRuta ?, ?]
2026-08-11 18:46:25.606 DEBUG 10036 --- [nio-9060-exec-7] o.s.jdbc.datasource.DataSourceUtils      : Fetching JDBC Connection from DataSource
2026-08-11 18:46:25.621 DEBUG 10036 --- [nio-9060-exec-7] o.s.jdbc.core.JdbcTemplate               : Executing prepared SQL query
2026-08-11 18:46:25.621 DEBUG 10036 --- [nio-9060-exec-7] o.s.jdbc.core.JdbcTemplate               : Executing prepared SQL statement [SELECT COUNT(1) FROM dbo.tbl_CierreAlmacen WHERE CONVERT(date, Fecha) = ? AND ISNULL(E_Eliminado, 0) = 0]
2026-08-11 18:46:25.621 DEBUG 10036 --- [nio-9060-exec-7] o.s.jdbc.datasource.DataSourceUtils      : Fetching JDBC Connection from DataSource
2026-08-11 18:46:25.635 DEBUG 10036 --- [nio-9060-exec-7] o.s.jdbc.core.JdbcTemplate               : Executing prepared SQL query
2026-08-11 18:46:25.635 DEBUG 10036 --- [nio-9060-exec-7] o.s.jdbc.core.JdbcTemplate               : Executing prepared SQL statement [EXEC spx_ExisteCierreAlmacenHoy ?]
2026-08-11 18:46:25.635 DEBUG 10036 --- [nio-9060-exec-7] o.s.jdbc.datasource.DataSourceUtils      : Fetching JDBC Connection from DataSource
2026-08-11 18:46:26.564 DEBUG 10036 --- [ool housekeeper] com.zaxxer.hikari.pool.HikariPool        : CentralHikariPool - Before cleanup stats (total=1, active=0, idle=1, waiting=0)
2026-08-11 18:46:26.564 DEBUG 10036 --- [ool housekeeper] com.zaxxer.hikari.pool.HikariPool        : CentralHikariPool - After cleanup  stats (total=1, active=0, idle=1, waiting=0)
2026-08-11 18:46:26.564 DEBUG 10036 --- [ool housekeeper] com.zaxxer.hikari.pool.HikariPool        : CentralHikariPool - Fill pool skipped, pool is at sufficient level.
2026-08-11 18:46:26.579 DEBUG 10036 --- [l-1 housekeeper] com.zaxxer.hikari.pool.HikariPool        : HikariPool-1 - Before cleanup stats (total=3, active=2, idle=1, waiting=0)
2026-08-11 18:46:26.579 DEBUG 10036 --- [l-1 housekeeper] com.zaxxer.hikari.pool.HikariPool        : HikariPool-1 - After cleanup  stats (total=3, active=2, idle=1, waiting=0)
2026-08-11 18:46:26.579 DEBUG 10036 --- [l-1 housekeeper] com.zaxxer.hikari.pool.HikariPool        : HikariPool-1 - Fill pool skipped, pool is at sufficient level.
2026-08-11 18:46:26.645 DEBUG 10036 --- [nio-9060-exec-1] o.s.jdbc.core.JdbcTemplate               : Executing prepared SQL query
2026-08-11 18:46:26.645 DEBUG 10036 --- [nio-9060-exec-1] o.s.jdbc.core.JdbcTemplate               : Executing prepared SQL statement [SELECT COUNT(1) FROM dbo.tbl_CierreAlmacenPR_PD WHERE CONVERT(date, Fecha) = ? AND ISNULL(E_Eliminado, 0) = 0]
2026-08-11 18:46:26.646 DEBUG 10036 --- [nio-9060-exec-1] o.s.jdbc.datasource.DataSourceUtils      : Fetching JDBC Connection from DataSource
2026-08-11 18:46:26.654 DEBUG 10036 --- [nio-9060-exec-1] o.s.jdbc.core.JdbcTemplate               : Executing prepared SQL query
2026-08-11 18:46:26.654 DEBUG 10036 --- [nio-9060-exec-1] o.s.jdbc.core.JdbcTemplate               : Executing prepared SQL statement [EXEC spx_ExisteCierreAlmacenHoyPR_PD ?]
2026-08-11 18:46:26.654 DEBUG 10036 --- [nio-9060-exec-1] o.s.jdbc.datasource.DataSourceUtils      : Fetching JDBC Connection from DataSource
2026-08-11 18:46:26.835 DEBUG 10036 --- [nio-9060-exec-7] o.s.jdbc.core.JdbcTemplate               : Executing prepared SQL query
2026-08-11 18:46:26.835 DEBUG 10036 --- [nio-9060-exec-7] o.s.jdbc.core.JdbcTemplate               : Executing prepared SQL statement [SELECT COUNT(1) FROM dbo.tbl_CierreAlmacenPR_PD WHERE CONVERT(date, Fecha) = ? AND ISNULL(E_Eliminado, 0) = 0]
2026-08-11 18:46:26.835 DEBUG 10036 --- [nio-9060-exec-7] o.s.jdbc.datasource.DataSourceUtils      : Fetching JDBC Connection from DataSource
2026-08-11 18:46:26.838 DEBUG 10036 --- [nio-9060-exec-7] o.s.jdbc.core.JdbcTemplate               : Executing prepared SQL query
2026-08-11 18:46:26.838 DEBUG 10036 --- [nio-9060-exec-7] o.s.jdbc.core.JdbcTemplate               : Executing prepared SQL statement [EXEC spx_ExisteCierreAlmacenHoyPR_PD ?]
2026-08-11 18:46:26.838 DEBUG 10036 --- [nio-9060-exec-7] o.s.jdbc.datasource.DataSourceUtils      : Fetching JDBC Connection from DataSource
2026-08-11 18:46:26.915 DEBUG 10036 --- [ool housekeeper] com.zaxxer.hikari.pool.HikariPool        : TigoHogarHikariPool - Before cleanup stats (total=2, active=0, idle=2, waiting=0)
2026-08-11 18:46:26.915 DEBUG 10036 --- [ool housekeeper] com.zaxxer.hikari.pool.HikariPool        : TigoHogarHikariPool - After cleanup  stats (total=2, active=0, idle=2, waiting=0)
2026-08-11 18:46:26.915 DEBUG 10036 --- [ool housekeeper] com.zaxxer.hikari.pool.HikariPool        : TigoHogarHikariPool - Fill pool skipped, pool is at sufficient level.
2026-08-11 18:46:27.157 DEBUG 10036 --- [nio-9060-exec-9] o.s.web.servlet.DispatcherServlet        : GET "/tecnico/inicio-jornada/estado", parameters={}
2026-08-11 18:46:27.157 DEBUG 10036 --- [nio-9060-exec-9] s.w.s.m.m.a.RequestMappingHandlerMapping : Mapped to com.example.TigoStarSystem.tecnicoiniciojornada.controller.TecnicoInicioJornadaController#estado(String, String)
2026-08-11 18:46:27.158 DEBUG 10036 --- [nio-9060-exec-9] o.s.jdbc.core.JdbcTemplate               : Executing prepared SQL query
2026-08-11 18:46:27.158 DEBUG 10036 --- [nio-9060-exec-9] o.s.jdbc.core.JdbcTemplate               : Executing prepared SQL statement [EXEC dbo.SP_InicioJornada_MarcarNoCierreAtrasado ?]
2026-08-11 18:46:27.158 DEBUG 10036 --- [nio-9060-exec-9] o.s.jdbc.datasource.DataSourceUtils      : Fetching JDBC Connection from DataSource
2026-08-11 18:46:27.165 DEBUG 10036 --- [nio-9060-exec-9] o.s.jdbc.core.JdbcTemplate               : Executing prepared SQL query
2026-08-11 18:46:27.165 DEBUG 10036 --- [nio-9060-exec-9] o.s.jdbc.core.JdbcTemplate               : Executing prepared SQL statement [SELECT TOP 1 ultimo.id_inicio, ultimo.id_tecnico, ultimo.id_encargado, ultimo.fecha_registro, ultimo.fecha_cierre, ultimo.pendiente, ultimo.no_marco_cierre FROM (   SELECT TOP 1 id_inicio, id_tecnico, id_encargado, fecha_registro, fecha_cierre, pendiente, no_marco_cierre, e_eliminado   FROM dbo.tbl_InicioJornadaAlturas   WHERE id_tecnico = ?     AND CAST(fecha_registro AS DATE) < CAST(GETDATE() AS DATE)   ORDER BY fecha_registro DESC, id_inicio DESC ) ultimo WHERE fecha_cierre IS NULL   AND ISNULL(e_eliminado, 0) = 0   AND ISNULL(no_marco_cierre, 0) = 1]
2026-08-11 18:46:27.165 DEBUG 10036 --- [nio-9060-exec-9] o.s.jdbc.datasource.DataSourceUtils      : Fetching JDBC Connection from DataSource
2026-08-11 18:46:27.170 DEBUG 10036 --- [nio-9060-exec-9] o.s.jdbc.core.JdbcTemplate               : Executing prepared SQL query
2026-08-11 18:46:27.170 DEBUG 10036 --- [nio-9060-exec-9] o.s.jdbc.core.JdbcTemplate               : Executing prepared SQL statement [EXEC dbo.SP_InicioJornada_ExisteRegistroHoy ?]
2026-08-11 18:46:27.170 DEBUG 10036 --- [nio-9060-exec-9] o.s.jdbc.datasource.DataSourceUtils      : Fetching JDBC Connection from DataSource
2026-08-11 18:46:27.171 DEBUG 10036 --- [nio-9060-exec-9] o.s.jdbc.core.JdbcTemplate               : Executing SQL query [EXEC dbo.spx_ObtenerSucursalesConexionWeb]
2026-08-11 18:46:27.172 DEBUG 10036 --- [nio-9060-exec-9] o.s.jdbc.datasource.DataSourceUtils      : Fetching JDBC Connection from DataSource
2026-08-11 18:46:27.175 DEBUG 10036 --- [nio-9060-exec-9] o.s.jdbc.core.JdbcTemplate               : Executing SQL query [EXEC dbo.spx_ObtenerSucursalesConexionWeb]
2026-08-11 18:46:27.175 DEBUG 10036 --- [nio-9060-exec-9] o.s.jdbc.datasource.DataSourceUtils      : Fetching JDBC Connection from DataSource
2026-08-11 18:46:27.178 DEBUG 10036 --- [nio-9060-exec-9] o.s.jdbc.core.JdbcTemplate               : Executing prepared SQL query
2026-08-11 18:46:27.178 DEBUG 10036 --- [nio-9060-exec-9] o.s.jdbc.core.JdbcTemplate               : Executing prepared SQL statement [SELECT TOP 1 CAST(c.idUsuarioSupervisor AS INT) AS idEncargado, CAST(c.supervisorACargo AS NVARCHAR(200)) AS encargado, CAST(c.id AS INT) AS idConformacion, CAST(c.id_tecnicoAuxiliar AS INT) AS idAuxiliar, CAST(c.auxiliar AS NVARCHAR(250)) AS auxiliar, c.sucursal, c.fecha, c.fechaRegistro FROM dbo.tbl_ConformacionCuadrillaDiario c WHERE ISNULL(c.e_eliminado, 0) = 0   AND CONVERT(date, c.fecha) = CONVERT(date, GETDATE())   AND (? IS NULL OR LOWER(REPLACE(REPLACE(REPLACE(LTRIM(RTRIM(ISNULL(c.sucursal, ''))), '_', ''), '-', ''), ' ', '')) =                   LOWER(REPLACE(REPLACE(REPLACE(LTRIM(RTRIM(?)), '_', ''), '-', ''), ' ', '')))   AND (        (? > 0 AND (? = c.id_tecnico OR ? = c.id_tecnicoAuxiliar))        OR (? <> '' AND (            LOWER(LTRIM(RTRIM(ISNULL(c.tecnico, '')))) = ?            OR LOWER(LTRIM(RTRIM(ISNULL(c.auxiliar, '')))) = ?        ))   ) ORDER BY ISNULL(c.fechaRegistro, '19000101') DESC, c.id DESC]
2026-08-11 18:46:27.178 DEBUG 10036 --- [nio-9060-exec-9] o.s.jdbc.datasource.DataSourceUtils      : Fetching JDBC Connection from DataSource
2026-08-11 18:46:27.180 DEBUG 10036 --- [nio-9060-exec-9] o.s.jdbc.core.JdbcTemplate               : Executing prepared SQL query
2026-08-11 18:46:27.180 DEBUG 10036 --- [nio-9060-exec-9] o.s.jdbc.core.JdbcTemplate               : Executing prepared SQL statement [SELECT TOP 1 Nombre FROM dbo.tbl_Usuario WHERE Id_Usuario = ? AND ISNULL(E_Eliminado,0)=0]
2026-08-11 18:46:27.180 DEBUG 10036 --- [nio-9060-exec-9] o.s.jdbc.datasource.DataSourceUtils      : Fetching JDBC Connection from DataSource
2026-08-11 18:46:27.183 DEBUG 10036 --- [nio-9060-exec-9] o.s.w.s.m.m.a.HttpEntityMethodProcessor  : Using 'application/json', given [application/json, text/plain, */*] and supported [application/json, application/*+json, application/json, application/*+json]
2026-08-11 18:46:27.183 DEBUG 10036 --- [nio-9060-exec-9] o.s.w.s.m.m.a.HttpEntityMethodProcessor  : Writing [com.example.TigoStarSystem.common.ApiResponse@26608d96]
2026-08-11 18:46:27.183 DEBUG 10036 --- [nio-9060-exec-9] o.s.web.servlet.DispatcherServlet        : Completed 200 OK
2026-08-11 18:46:27.614 DEBUG 10036 --- [nio-9060-exec-1] o.s.jdbc.core.JdbcTemplate               : Executing prepared SQL query
2026-08-11 18:46:27.614 DEBUG 10036 --- [nio-9060-exec-1] o.s.jdbc.core.JdbcTemplate               : Executing prepared SQL statement [EXEC spx_ValidarCuadreRuta ?, ?]
2026-08-11 18:46:27.614 DEBUG 10036 --- [nio-9060-exec-1] o.s.jdbc.datasource.DataSourceUtils      : Fetching JDBC Connection from DataSource
2026-08-11 18:46:27.618 DEBUG 10036 --- [nio-9060-exec-1] o.s.jdbc.core.JdbcTemplate               : Executing prepared SQL query
2026-08-11 18:46:27.618 DEBUG 10036 --- [nio-9060-exec-1] o.s.jdbc.core.JdbcTemplate               : Executing prepared SQL statement [SELECT COUNT(1) FROM dbo.tbl_CierreAlmacen WHERE CONVERT(date, Fecha) = ? AND ISNULL(E_Eliminado, 0) = 0]
2026-08-11 18:46:27.618 DEBUG 10036 --- [nio-9060-exec-1] o.s.jdbc.datasource.DataSourceUtils      : Fetching JDBC Connection from DataSource
2026-08-11 18:46:27.620 DEBUG 10036 --- [nio-9060-exec-1] o.s.jdbc.core.JdbcTemplate               : Executing prepared SQL query
2026-08-11 18:46:27.620 DEBUG 10036 --- [nio-9060-exec-1] o.s.jdbc.core.JdbcTemplate               : Executing prepared SQL statement [EXEC spx_ExisteCierreAlmacenHoy ?]
2026-08-11 18:46:27.620 DEBUG 10036 --- [nio-9060-exec-1] o.s.jdbc.datasource.DataSourceUtils      : Fetching JDBC Connection from DataSource
2026-08-11 18:46:27.793 DEBUG 10036 --- [nio-9060-exec-7] o.s.jdbc.core.JdbcTemplate               : Executing prepared SQL query
2026-08-11 18:46:27.793 DEBUG 10036 --- [nio-9060-exec-7] o.s.jdbc.core.JdbcTemplate               : Executing prepared SQL statement [SELECT cv.Id_CodigoVenta AS idCodigoVenta, cv.Id_Venta AS idVenta, cv.Id_Producto AS idProducto, p.Nombre AS producto, cv.Id_TipoMaterial AS idTipoMaterial, tm.Nombre AS tipoMaterial, cv.Cantidad AS cantidad, cv.Cod_Inicio AS serie, cv.ChipID AS chipId FROM dbo.tbl_CodigoVenta cv LEFT JOIN dbo.tbl_Producto p ON p.Id_Producto = cv.Id_Producto LEFT JOIN dbo.tbl_TipoMaterial tm ON tm.Id_TipoMaterial = cv.Id_TipoMaterial WHERE cv.Id_Venta = ? AND ISNULL(cv.E_Eliminado, 0) = 0 AND cv.Id_TipoMaterial = 1 AND NULLIF(LTRIM(RTRIM(ISNULL(cv.Cod_Inicio, ''))), '') IS NULL AND NULLIF(LTRIM(RTRIM(ISNULL(cv.ChipID, ''))), '') IS NULL ORDER BY p.Nombre, cv.Id_CodigoVenta]
2026-08-11 18:46:27.793 DEBUG 10036 --- [nio-9060-exec-7] o.s.jdbc.datasource.DataSourceUtils      : Fetching JDBC Connection from DataSource
2026-08-11 18:46:27.796 DEBUG 10036 --- [nio-9060-exec-7] o.s.jdbc.core.JdbcTemplate               : Executing prepared SQL query
2026-08-11 18:46:27.796 DEBUG 10036 --- [nio-9060-exec-7] o.s.jdbc.core.JdbcTemplate               : Executing prepared SQL statement [EXEC spx_ValidarCuadreRuta ?, ?]
2026-08-11 18:46:27.796 DEBUG 10036 --- [nio-9060-exec-7] o.s.jdbc.datasource.DataSourceUtils      : Fetching JDBC Connection from DataSource
2026-08-11 18:46:27.800 DEBUG 10036 --- [nio-9060-exec-7] o.s.jdbc.core.JdbcTemplate               : Executing prepared SQL query
2026-08-11 18:46:27.800 DEBUG 10036 --- [nio-9060-exec-7] o.s.jdbc.core.JdbcTemplate               : Executing prepared SQL statement [SELECT COUNT(1) FROM dbo.tbl_CierreAlmacen WHERE CONVERT(date, Fecha) = ? AND ISNULL(E_Eliminado, 0) = 0]
2026-08-11 18:46:27.800 DEBUG 10036 --- [nio-9060-exec-7] o.s.jdbc.datasource.DataSourceUtils      : Fetching JDBC Connection from DataSource
2026-08-11 18:46:27.802 DEBUG 10036 --- [nio-9060-exec-7] o.s.jdbc.core.JdbcTemplate               : Executing prepared SQL query
2026-08-11 18:46:27.802 DEBUG 10036 --- [nio-9060-exec-7] o.s.jdbc.core.JdbcTemplate               : Executing prepared SQL statement [EXEC spx_ExisteCierreAlmacenHoy ?]
2026-08-11 18:46:27.802 DEBUG 10036 --- [nio-9060-exec-7] o.s.jdbc.datasource.DataSourceUtils      : Fetching JDBC Connection from DataSource
2026-08-11 18:46:28.571 DEBUG 10036 --- [nio-9060-exec-1] o.s.jdbc.core.JdbcTemplate               : Executing prepared SQL query
2026-08-11 18:46:28.571 DEBUG 10036 --- [nio-9060-exec-1] o.s.jdbc.core.JdbcTemplate               : Executing prepared SQL statement [SELECT COUNT(1) FROM dbo.tbl_CierreAlmacenPR_PD WHERE CONVERT(date, Fecha) = ? AND ISNULL(E_Eliminado, 0) = 0]
2026-08-11 18:46:28.571 DEBUG 10036 --- [nio-9060-exec-1] o.s.jdbc.datasource.DataSourceUtils      : Fetching JDBC Connection from DataSource
2026-08-11 18:46:28.573 DEBUG 10036 --- [nio-9060-exec-1] o.s.jdbc.core.JdbcTemplate               : Executing prepared SQL query
2026-08-11 18:46:28.573 DEBUG 10036 --- [nio-9060-exec-1] o.s.jdbc.core.JdbcTemplate               : Executing prepared SQL statement [EXEC spx_ExisteCierreAlmacenHoyPR_PD ?]
2026-08-11 18:46:28.573 DEBUG 10036 --- [nio-9060-exec-1] o.s.jdbc.datasource.DataSourceUtils      : Fetching JDBC Connection from DataSource
2026-08-11 18:46:28.745 DEBUG 10036 --- [nio-9060-exec-7] o.s.jdbc.core.JdbcTemplate               : Executing prepared SQL query
2026-08-11 18:46:28.745 DEBUG 10036 --- [nio-9060-exec-7] o.s.jdbc.core.JdbcTemplate               : Executing prepared SQL statement [SELECT COUNT(1) FROM dbo.tbl_CierreAlmacenPR_PD WHERE CONVERT(date, Fecha) = ? AND ISNULL(E_Eliminado, 0) = 0]
2026-08-11 18:46:28.746 DEBUG 10036 --- [nio-9060-exec-7] o.s.jdbc.datasource.DataSourceUtils      : Fetching JDBC Connection from DataSource
2026-08-11 18:46:28.751 DEBUG 10036 --- [nio-9060-exec-7] o.s.jdbc.core.JdbcTemplate               : Executing prepared SQL query
2026-08-11 18:46:28.751 DEBUG 10036 --- [nio-9060-exec-7] o.s.jdbc.core.JdbcTemplate               : Executing prepared SQL statement [EXEC spx_ExisteCierreAlmacenHoyPR_PD ?]
2026-08-11 18:46:28.751 DEBUG 10036 --- [nio-9060-exec-7] o.s.jdbc.datasource.DataSourceUtils      : Fetching JDBC Connection from DataSource
2026-08-11 18:46:29.540 DEBUG 10036 --- [nio-9060-exec-1] o.s.jdbc.core.JdbcTemplate               : Executing prepared SQL query
2026-08-11 18:46:29.540 DEBUG 10036 --- [nio-9060-exec-1] o.s.jdbc.core.JdbcTemplate               : Executing prepared SQL statement [SELECT cv.Id_CodigoVenta AS idCodigoVenta, cv.Id_Venta AS idVenta, cv.Id_Producto AS idProducto, p.Nombre AS producto, cv.Id_TipoMaterial AS idTipoMaterial, tm.Nombre AS tipoMaterial, cv.Cantidad AS cantidad, cv.Cod_Inicio AS serie, cv.ChipID AS chipId FROM dbo.tbl_CodigoVenta cv LEFT JOIN dbo.tbl_Producto p ON p.Id_Producto = cv.Id_Producto LEFT JOIN dbo.tbl_TipoMaterial tm ON tm.Id_TipoMaterial = cv.Id_TipoMaterial WHERE cv.Id_Venta = ? AND ISNULL(cv.E_Eliminado, 0) = 0 AND cv.Id_TipoMaterial = 1 AND NULLIF(LTRIM(RTRIM(ISNULL(cv.Cod_Inicio, ''))), '') IS NULL AND NULLIF(LTRIM(RTRIM(ISNULL(cv.ChipID, ''))), '') IS NULL ORDER BY p.Nombre, cv.Id_CodigoVenta]
2026-08-11 18:46:29.540 DEBUG 10036 --- [nio-9060-exec-1] o.s.jdbc.datasource.DataSourceUtils      : Fetching JDBC Connection from DataSource
2026-08-11 18:46:29.543 DEBUG 10036 --- [nio-9060-exec-1] o.s.jdbc.core.JdbcTemplate               : Executing prepared SQL query
2026-08-11 18:46:29.543 DEBUG 10036 --- [nio-9060-exec-1] o.s.jdbc.core.JdbcTemplate               : Executing prepared SQL statement [EXEC spx_ValidarCuadreRuta ?, ?]
2026-08-11 18:46:29.543 DEBUG 10036 --- [nio-9060-exec-1] o.s.jdbc.datasource.DataSourceUtils      : Fetching JDBC Connection from DataSource
2026-08-11 18:46:29.551 DEBUG 10036 --- [nio-9060-exec-1] o.s.jdbc.core.JdbcTemplate               : Executing prepared SQL query
2026-08-11 18:46:29.551 DEBUG 10036 --- [nio-9060-exec-1] o.s.jdbc.core.JdbcTemplate               : Executing prepared SQL statement [SELECT COUNT(1) FROM dbo.tbl_CierreAlmacen WHERE CONVERT(date, Fecha) = ? AND ISNULL(E_Eliminado, 0) = 0]
2026-08-11 18:46:29.551 DEBUG 10036 --- [nio-9060-exec-1] o.s.jdbc.datasource.DataSourceUtils      : Fetching JDBC Connection from DataSource
2026-08-11 18:46:29.553 DEBUG 10036 --- [nio-9060-exec-1] o.s.jdbc.core.JdbcTemplate               : Executing prepared SQL query
2026-08-11 18:46:29.553 DEBUG 10036 --- [nio-9060-exec-1] o.s.jdbc.core.JdbcTemplate               : Executing prepared SQL statement [EXEC spx_ExisteCierreAlmacenHoy ?]
2026-08-11 18:46:29.553 DEBUG 10036 --- [nio-9060-exec-1] o.s.jdbc.datasource.DataSourceUtils      : Fetching JDBC Connection from DataSource
2026-08-11 18:46:29.722 DEBUG 10036 --- [nio-9060-exec-7] o.s.jdbc.core.JdbcTemplate               : Executing prepared SQL query
2026-08-11 18:46:29.722 DEBUG 10036 --- [nio-9060-exec-7] o.s.jdbc.core.JdbcTemplate               : Executing prepared SQL statement [EXEC spx_ValidarCuadreRuta ?, ?]
2026-08-11 18:46:29.722 DEBUG 10036 --- [nio-9060-exec-7] o.s.jdbc.datasource.DataSourceUtils      : Fetching JDBC Connection from DataSource
2026-08-11 18:46:29.728 DEBUG 10036 --- [nio-9060-exec-7] o.s.jdbc.core.JdbcTemplate               : Executing prepared SQL query
2026-08-11 18:46:29.728 DEBUG 10036 --- [nio-9060-exec-7] o.s.jdbc.core.JdbcTemplate               : Executing prepared SQL statement [SELECT COUNT(1) FROM dbo.tbl_CierreAlmacen WHERE CONVERT(date, Fecha) = ? AND ISNULL(E_Eliminado, 0) = 0]
2026-08-11 18:46:29.728 DEBUG 10036 --- [nio-9060-exec-7] o.s.jdbc.datasource.DataSourceUtils      : Fetching JDBC Connection from DataSource
2026-08-11 18:46:29.730 DEBUG 10036 --- [nio-9060-exec-7] o.s.jdbc.core.JdbcTemplate               : Executing prepared SQL query
2026-08-11 18:46:29.730 DEBUG 10036 --- [nio-9060-exec-7] o.s.jdbc.core.JdbcTemplate               : Executing prepared SQL statement [EXEC spx_ExisteCierreAlmacenHoy ?]
2026-08-11 18:46:29.730 DEBUG 10036 --- [nio-9060-exec-7] o.s.jdbc.datasource.DataSourceUtils      : Fetching JDBC Connection from DataSource
2026-08-11 18:46:30.527 DEBUG 10036 --- [nio-9060-exec-1] o.s.jdbc.core.JdbcTemplate               : Executing prepared SQL query
2026-08-11 18:46:30.527 DEBUG 10036 --- [nio-9060-exec-1] o.s.jdbc.core.JdbcTemplate               : Executing prepared SQL statement [SELECT COUNT(1) FROM dbo.tbl_CierreAlmacenPR_PD WHERE CONVERT(date, Fecha) = ? AND ISNULL(E_Eliminado, 0) = 0]
2026-08-11 18:46:30.527 DEBUG 10036 --- [nio-9060-exec-1] o.s.jdbc.datasource.DataSourceUtils      : Fetching JDBC Connection from DataSource
2026-08-11 18:46:30.531 DEBUG 10036 --- [nio-9060-exec-1] o.s.jdbc.core.JdbcTemplate               : Executing prepared SQL query
2026-08-11 18:46:30.531 DEBUG 10036 --- [nio-9060-exec-1] o.s.jdbc.core.JdbcTemplate               : Executing prepared SQL statement [EXEC spx_ExisteCierreAlmacenHoyPR_PD ?]
2026-08-11 18:46:30.531 DEBUG 10036 --- [nio-9060-exec-1] o.s.jdbc.datasource.DataSourceUtils      : Fetching JDBC Connection from DataSource
2026-08-11 18:46:30.713 DEBUG 10036 --- [nio-9060-exec-7] o.s.jdbc.core.JdbcTemplate               : Executing prepared SQL query
2026-08-11 18:46:30.713 DEBUG 10036 --- [nio-9060-exec-7] o.s.jdbc.core.JdbcTemplate               : Executing prepared SQL statement [SELECT COUNT(1) FROM dbo.tbl_CierreAlmacenPR_PD WHERE CONVERT(date, Fecha) = ? AND ISNULL(E_Eliminado, 0) = 0]
2026-08-11 18:46:30.713 DEBUG 10036 --- [nio-9060-exec-7] o.s.jdbc.datasource.DataSourceUtils      : Fetching JDBC Connection from DataSource
2026-08-11 18:46:30.716 DEBUG 10036 --- [nio-9060-exec-7] o.s.jdbc.core.JdbcTemplate               : Executing prepared SQL query
2026-08-11 18:46:30.716 DEBUG 10036 --- [nio-9060-exec-7] o.s.jdbc.core.JdbcTemplate               : Executing prepared SQL statement [EXEC spx_ExisteCierreAlmacenHoyPR_PD ?]
2026-08-11 18:46:30.716 DEBUG 10036 --- [nio-9060-exec-7] o.s.jdbc.datasource.DataSourceUtils      : Fetching JDBC Connection from DataSource
2026-08-11 18:46:31.475 DEBUG 10036 --- [nio-9060-exec-1] o.s.jdbc.core.JdbcTemplate               : Executing prepared SQL query
2026-08-11 18:46:31.475 DEBUG 10036 --- [nio-9060-exec-1] o.s.jdbc.core.JdbcTemplate               : Executing prepared SQL statement [EXEC spx_ValidarCuadreRuta ?, ?]
2026-08-11 18:46:31.475 DEBUG 10036 --- [nio-9060-exec-1] o.s.jdbc.datasource.DataSourceUtils      : Fetching JDBC Connection from DataSource
2026-08-11 18:46:31.481 DEBUG 10036 --- [nio-9060-exec-1] o.s.jdbc.core.JdbcTemplate               : Executing prepared SQL query
2026-08-11 18:46:31.481 DEBUG 10036 --- [nio-9060-exec-1] o.s.jdbc.core.JdbcTemplate               : Executing prepared SQL statement [SELECT COUNT(1) FROM dbo.tbl_CierreAlmacen WHERE CONVERT(date, Fecha) = ? AND ISNULL(E_Eliminado, 0) = 0]
2026-08-11 18:46:31.481 DEBUG 10036 --- [nio-9060-exec-1] o.s.jdbc.datasource.DataSourceUtils      : Fetching JDBC Connection from DataSource
2026-08-11 18:46:31.483 DEBUG 10036 --- [nio-9060-exec-1] o.s.jdbc.core.JdbcTemplate               : Executing prepared SQL query
2026-08-11 18:46:31.483 DEBUG 10036 --- [nio-9060-exec-1] o.s.jdbc.core.JdbcTemplate               : Executing prepared SQL statement [EXEC spx_ExisteCierreAlmacenHoy ?]
2026-08-11 18:46:31.483 DEBUG 10036 --- [nio-9060-exec-1] o.s.jdbc.datasource.DataSourceUtils      : Fetching JDBC Connection from DataSource
2026-08-11 18:46:31.673 DEBUG 10036 --- [nio-9060-exec-7] o.s.jdbc.core.JdbcTemplate               : Executing prepared SQL query
2026-08-11 18:46:31.673 DEBUG 10036 --- [nio-9060-exec-7] o.s.jdbc.core.JdbcTemplate               : Executing prepared SQL statement [SELECT cv.Id_CodigoVenta AS idCodigoVenta, cv.Id_Venta AS idVenta, cv.Id_Producto AS idProducto, p.Nombre AS producto, cv.Id_TipoMaterial AS idTipoMaterial, tm.Nombre AS tipoMaterial, cv.Cantidad AS cantidad, cv.Cod_Inicio AS serie, cv.ChipID AS chipId FROM dbo.tbl_CodigoVenta cv LEFT JOIN dbo.tbl_Producto p ON p.Id_Producto = cv.Id_Producto LEFT JOIN dbo.tbl_TipoMaterial tm ON tm.Id_TipoMaterial = cv.Id_TipoMaterial WHERE cv.Id_Venta = ? AND ISNULL(cv.E_Eliminado, 0) = 0 AND cv.Id_TipoMaterial = 1 AND NULLIF(LTRIM(RTRIM(ISNULL(cv.Cod_Inicio, ''))), '') IS NULL AND NULLIF(LTRIM(RTRIM(ISNULL(cv.ChipID, ''))), '') IS NULL ORDER BY p.Nombre, cv.Id_CodigoVenta]
2026-08-11 18:46:31.673 DEBUG 10036 --- [nio-9060-exec-7] o.s.jdbc.datasource.DataSourceUtils      : Fetching JDBC Connection from DataSource
2026-08-11 18:46:31.677 DEBUG 10036 --- [nio-9060-exec-7] o.s.jdbc.core.JdbcTemplate               : Executing prepared SQL query
2026-08-11 18:46:31.677 DEBUG 10036 --- [nio-9060-exec-7] o.s.jdbc.core.JdbcTemplate               : Executing prepared SQL statement [EXEC spx_ValidarCuadreRuta ?, ?]
2026-08-11 18:46:31.677 DEBUG 10036 --- [nio-9060-exec-7] o.s.jdbc.datasource.DataSourceUtils      : Fetching JDBC Connection from DataSource
2026-08-11 18:46:31.680 DEBUG 10036 --- [nio-9060-exec-7] o.s.jdbc.core.JdbcTemplate               : Executing prepared SQL query
2026-08-11 18:46:31.680 DEBUG 10036 --- [nio-9060-exec-7] o.s.jdbc.core.JdbcTemplate               : Executing prepared SQL statement [SELECT COUNT(1) FROM dbo.tbl_CierreAlmacen WHERE CONVERT(date, Fecha) = ? AND ISNULL(E_Eliminado, 0) = 0]
2026-08-11 18:46:31.680 DEBUG 10036 --- [nio-9060-exec-7] o.s.jdbc.datasource.DataSourceUtils      : Fetching JDBC Connection from DataSource
2026-08-11 18:46:31.682 DEBUG 10036 --- [nio-9060-exec-7] o.s.jdbc.core.JdbcTemplate               : Executing prepared SQL query
2026-08-11 18:46:31.682 DEBUG 10036 --- [nio-9060-exec-7] o.s.jdbc.core.JdbcTemplate               : Executing prepared SQL statement [EXEC spx_ExisteCierreAlmacenHoy ?]
2026-08-11 18:46:31.682 DEBUG 10036 --- [nio-9060-exec-7] o.s.jdbc.datasource.DataSourceUtils      : Fetching JDBC Connection from DataSource
2026-08-11 18:46:32.420 DEBUG 10036 --- [nio-9060-exec-1] o.s.jdbc.core.JdbcTemplate               : Executing prepared SQL query
2026-08-11 18:46:32.420 DEBUG 10036 --- [nio-9060-exec-1] o.s.jdbc.core.JdbcTemplate               : Executing prepared SQL statement [SELECT COUNT(1) FROM dbo.tbl_CierreAlmacenPR_PD WHERE CONVERT(date, Fecha) = ? AND ISNULL(E_Eliminado, 0) = 0]
2026-08-11 18:46:32.420 DEBUG 10036 --- [nio-9060-exec-1] o.s.jdbc.datasource.DataSourceUtils      : Fetching JDBC Connection from DataSource
2026-08-11 18:46:32.423 DEBUG 10036 --- [nio-9060-exec-1] o.s.jdbc.core.JdbcTemplate               : Executing prepared SQL query
2026-08-11 18:46:32.423 DEBUG 10036 --- [nio-9060-exec-1] o.s.jdbc.core.JdbcTemplate               : Executing prepared SQL statement [EXEC spx_ExisteCierreAlmacenHoyPR_PD ?]
2026-08-11 18:46:32.423 DEBUG 10036 --- [nio-9060-exec-1] o.s.jdbc.datasource.DataSourceUtils      : Fetching JDBC Connection from DataSource
2026-08-11 18:46:32.642 DEBUG 10036 --- [nio-9060-exec-7] o.s.jdbc.core.JdbcTemplate               : Executing prepared SQL query
2026-08-11 18:46:32.642 DEBUG 10036 --- [nio-9060-exec-7] o.s.jdbc.core.JdbcTemplate               : Executing prepared SQL statement [SELECT COUNT(1) FROM dbo.tbl_CierreAlmacenPR_PD WHERE CONVERT(date, Fecha) = ? AND ISNULL(E_Eliminado, 0) = 0]
2026-08-11 18:46:32.642 DEBUG 10036 --- [nio-9060-exec-7] o.s.jdbc.datasource.DataSourceUtils      : Fetching JDBC Connection from DataSource
2026-08-11 18:46:32.644 DEBUG 10036 --- [nio-9060-exec-7] o.s.jdbc.core.JdbcTemplate               : Executing prepared SQL query
2026-08-11 18:46:32.644 DEBUG 10036 --- [nio-9060-exec-7] o.s.jdbc.core.JdbcTemplate               : Executing prepared SQL statement [EXEC spx_ExisteCierreAlmacenHoyPR_PD ?]
2026-08-11 18:46:32.644 DEBUG 10036 --- [nio-9060-exec-7] o.s.jdbc.datasource.DataSourceUtils      : Fetching JDBC Connection from DataSource
2026-08-11 18:46:33.357 DEBUG 10036 --- [nio-9060-exec-1] o.s.w.s.m.m.a.HttpEntityMethodProcessor  : Using 'application/json', given [application/json, text/plain, */*] and supported [application/json, application/*+json, application/json, application/*+json]
2026-08-11 18:46:33.357 DEBUG 10036 --- [nio-9060-exec-1] o.s.w.s.m.m.a.HttpEntityMethodProcessor  : Writing [com.example.TigoStarSystem.common.ApiResponse@5dc440a5]
2026-08-11 18:46:33.362 DEBUG 10036 --- [nio-9060-exec-1] .m.m.a.ExceptionHandlerExceptionResolver : Using @ExceptionHandler com.example.TigoStarSystem.common.GlobalExceptionHandler#handleGeneric(Exception, HttpServletRequest)
2026-08-11 18:46:33.365 ERROR 10036 --- [nio-9060-exec-1] c.e.T.common.GlobalExceptionHandler      : Unhandled error on GET /ot/modificar-hoy

org.apache.catalina.connector.ClientAbortException: java.io.IOException: Se ha anulado una conexión establecida por el software en su equipo host.
	at org.apache.catalina.connector.OutputBuffer.doFlush(OutputBuffer.java:309) ~[tomcat-embed-core-9.0.83.jar:9.0.83]
	at org.apache.catalina.connector.OutputBuffer.flush(OutputBuffer.java:271) ~[tomcat-embed-core-9.0.83.jar:9.0.83]
	at org.apache.catalina.connector.CoyoteOutputStream.flush(CoyoteOutputStream.java:120) ~[tomcat-embed-core-9.0.83.jar:9.0.83]
	at java.io.FilterOutputStream.flush(FilterOutputStream.java:140) ~[na:1.8.0_471]
	at com.fasterxml.jackson.core.json.UTF8JsonGenerator.flush(UTF8JsonGenerator.java:1187) ~[jackson-core-2.13.5.jar:2.13.5]
	at com.fasterxml.jackson.databind.ObjectWriter.writeValue(ObjectWriter.java:1009) ~[jackson-databind-2.13.5.jar:2.13.5]
	at org.springframework.http.converter.json.AbstractJackson2HttpMessageConverter.writeInternal(AbstractJackson2HttpMessageConverter.java:456) ~[spring-web-5.3.31.jar:5.3.31]
	at org.springframework.http.converter.AbstractGenericHttpMessageConverter.write(AbstractGenericHttpMessageConverter.java:104) ~[spring-web-5.3.31.jar:5.3.31]
	at org.springframework.web.servlet.mvc.method.annotation.AbstractMessageConverterMethodProcessor.writeWithMessageConverters(AbstractMessageConverterMethodProcessor.java:290) ~[spring-webmvc-5.3.31.jar:5.3.31]
	at org.springframework.web.servlet.mvc.method.annotation.HttpEntityMethodProcessor.handleReturnValue(HttpEntityMethodProcessor.java:219) ~[spring-webmvc-5.3.31.jar:5.3.31]
	at org.springframework.web.method.support.HandlerMethodReturnValueHandlerComposite.handleReturnValue(HandlerMethodReturnValueHandlerComposite.java:78) ~[spring-web-5.3.31.jar:5.3.31]
	at org.springframework.web.servlet.mvc.method.annotation.ServletInvocableHandlerMethod.invokeAndHandle(ServletInvocableHandlerMethod.java:135) ~[spring-webmvc-5.3.31.jar:5.3.31]
	at org.springframework.web.servlet.mvc.method.annotation.RequestMappingHandlerAdapter.invokeHandlerMethod(RequestMappingHandlerAdapter.java:895) ~[spring-webmvc-5.3.31.jar:5.3.31]
	at org.springframework.web.servlet.mvc.method.annotation.RequestMappingHandlerAdapter.handleInternal(RequestMappingHandlerAdapter.java:808) ~[spring-webmvc-5.3.31.jar:5.3.31]
	at org.springframework.web.servlet.mvc.method.AbstractHandlerMethodAdapter.handle(AbstractHandlerMethodAdapter.java:87) ~[spring-webmvc-5.3.31.jar:5.3.31]
	at org.springframework.web.servlet.DispatcherServlet.doDispatch(DispatcherServlet.java:1072) ~[spring-webmvc-5.3.31.jar:5.3.31]
	at org.springframework.web.servlet.DispatcherServlet.doService(DispatcherServlet.java:965) ~[spring-webmvc-5.3.31.jar:5.3.31]
	at org.springframework.web.servlet.FrameworkServlet.processRequest(FrameworkServlet.java:1006) [spring-webmvc-5.3.31.jar:5.3.31]
	at org.springframework.web.servlet.FrameworkServlet.doGet(FrameworkServlet.java:898) [spring-webmvc-5.3.31.jar:5.3.31]
	at javax.servlet.http.HttpServlet.service(HttpServlet.java:529) [tomcat-embed-core-9.0.83.jar:4.0.FR]
	at org.springframework.web.servlet.FrameworkServlet.service(FrameworkServlet.java:883) [spring-webmvc-5.3.31.jar:5.3.31]
	at javax.servlet.http.HttpServlet.service(HttpServlet.java:623) [tomcat-embed-core-9.0.83.jar:4.0.FR]
	at org.apache.catalina.core.ApplicationFilterChain.internalDoFilter(ApplicationFilterChain.java:209) [tomcat-embed-core-9.0.83.jar:9.0.83]
	at org.apache.catalina.core.ApplicationFilterChain.doFilter(ApplicationFilterChain.java:153) [tomcat-embed-core-9.0.83.jar:9.0.83]
	at org.apache.tomcat.websocket.server.WsFilter.doFilter(WsFilter.java:51) [tomcat-embed-websocket-9.0.83.jar:9.0.83]
	at org.apache.catalina.core.ApplicationFilterChain.internalDoFilter(ApplicationFilterChain.java:178) [tomcat-embed-core-9.0.83.jar:9.0.83]
	at org.apache.catalina.core.ApplicationFilterChain.doFilter(ApplicationFilterChain.java:153) [tomcat-embed-core-9.0.83.jar:9.0.83]
	at org.springframework.web.filter.RequestContextFilter.doFilterInternal(RequestContextFilter.java:100) [spring-web-5.3.31.jar:5.3.31]
	at org.springframework.web.filter.OncePerRequestFilter.doFilter(OncePerRequestFilter.java:117) [spring-web-5.3.31.jar:5.3.31]
	at org.apache.catalina.core.ApplicationFilterChain.internalDoFilter(ApplicationFilterChain.java:178) [tomcat-embed-core-9.0.83.jar:9.0.83]
	at org.apache.catalina.core.ApplicationFilterChain.doFilter(ApplicationFilterChain.java:153) [tomcat-embed-core-9.0.83.jar:9.0.83]
	at org.springframework.web.filter.FormContentFilter.doFilterInternal(FormContentFilter.java:93) [spring-web-5.3.31.jar:5.3.31]
	at org.springframework.web.filter.OncePerRequestFilter.doFilter(OncePerRequestFilter.java:117) [spring-web-5.3.31.jar:5.3.31]
	at org.apache.catalina.core.ApplicationFilterChain.internalDoFilter(ApplicationFilterChain.java:178) [tomcat-embed-core-9.0.83.jar:9.0.83]
	at org.apache.catalina.core.ApplicationFilterChain.doFilter(ApplicationFilterChain.java:153) [tomcat-embed-core-9.0.83.jar:9.0.83]
	at org.springframework.web.filter.CharacterEncodingFilter.doFilterInternal(CharacterEncodingFilter.java:201) [spring-web-5.3.31.jar:5.3.31]
	at org.springframework.web.filter.OncePerRequestFilter.doFilter(OncePerRequestFilter.java:117) [spring-web-5.3.31.jar:5.3.31]
	at org.apache.catalina.core.ApplicationFilterChain.internalDoFilter(ApplicationFilterChain.java:178) [tomcat-embed-core-9.0.83.jar:9.0.83]
	at org.apache.catalina.core.ApplicationFilterChain.doFilter(ApplicationFilterChain.java:153) [tomcat-embed-core-9.0.83.jar:9.0.83]
	at org.springframework.web.filter.CorsFilter.doFilterInternal(CorsFilter.java:91) [spring-web-5.3.31.jar:5.3.31]
	at org.springframework.web.filter.OncePerRequestFilter.doFilter(OncePerRequestFilter.java:117) [spring-web-5.3.31.jar:5.3.31]
	at org.apache.catalina.core.ApplicationFilterChain.internalDoFilter(ApplicationFilterChain.java:178) [tomcat-embed-core-9.0.83.jar:9.0.83]
	at org.apache.catalina.core.ApplicationFilterChain.doFilter(ApplicationFilterChain.java:153) [tomcat-embed-core-9.0.83.jar:9.0.83]
	at org.apache.catalina.core.StandardWrapperValve.invoke(StandardWrapperValve.java:168) [tomcat-embed-core-9.0.83.jar:9.0.83]
	at org.apache.catalina.core.StandardContextValve.invoke(StandardContextValve.java:90) [tomcat-embed-core-9.0.83.jar:9.0.83]
	at org.apache.catalina.authenticator.AuthenticatorBase.invoke(AuthenticatorBase.java:481) [tomcat-embed-core-9.0.83.jar:9.0.83]
	at org.apache.catalina.core.StandardHostValve.invoke(StandardHostValve.java:130) [tomcat-embed-core-9.0.83.jar:9.0.83]
	at org.apache.catalina.valves.ErrorReportValve.invoke(ErrorReportValve.java:93) [tomcat-embed-core-9.0.83.jar:9.0.83]
	at org.apache.catalina.core.StandardEngineValve.invoke(StandardEngineValve.java:74) [tomcat-embed-core-9.0.83.jar:9.0.83]
	at org.apache.catalina.connector.CoyoteAdapter.service(CoyoteAdapter.java:342) [tomcat-embed-core-9.0.83.jar:9.0.83]
	at org.apache.coyote.http11.Http11Processor.service(Http11Processor.java:390) [tomcat-embed-core-9.0.83.jar:9.0.83]
	at org.apache.coyote.AbstractProcessorLight.process(AbstractProcessorLight.java:63) [tomcat-embed-core-9.0.83.jar:9.0.83]
	at org.apache.coyote.AbstractProtocol$ConnectionHandler.process(AbstractProtocol.java:928) [tomcat-embed-core-9.0.83.jar:9.0.83]
	at org.apache.tomcat.util.net.NioEndpoint$SocketProcessor.doRun(NioEndpoint.java:1794) [tomcat-embed-core-9.0.83.jar:9.0.83]
	at org.apache.tomcat.util.net.SocketProcessorBase.run(SocketProcessorBase.java:52) [tomcat-embed-core-9.0.83.jar:9.0.83]
	at org.apache.tomcat.util.threads.ThreadPoolExecutor.runWorker(ThreadPoolExecutor.java:1191) [tomcat-embed-core-9.0.83.jar:9.0.83]
	at org.apache.tomcat.util.threads.ThreadPoolExecutor$Worker.run(ThreadPoolExecutor.java:659) [tomcat-embed-core-9.0.83.jar:9.0.83]
	at org.apache.tomcat.util.threads.TaskThread$WrappingRunnable.run(TaskThread.java:61) [tomcat-embed-core-9.0.83.jar:9.0.83]
	at java.lang.Thread.run(Thread.java:750) [na:1.8.0_471]
Caused by: java.io.IOException: Se ha anulado una conexión establecida por el software en su equipo host.
	at sun.nio.ch.SocketDispatcher.write0(Native Method) ~[na:1.8.0_471]
	at sun.nio.ch.SocketDispatcher.write(SocketDispatcher.java:51) ~[na:1.8.0_471]
	at sun.nio.ch.IOUtil.writeFromNativeBuffer(IOUtil.java:93) ~[na:1.8.0_471]
	at sun.nio.ch.IOUtil.write(IOUtil.java:65) ~[na:1.8.0_471]
	at sun.nio.ch.SocketChannelImpl.write(SocketChannelImpl.java:469) ~[na:1.8.0_471]
	at org.apache.tomcat.util.net.NioChannel.write(NioChannel.java:136) ~[tomcat-embed-core-9.0.83.jar:9.0.83]
	at org.apache.tomcat.util.net.NioEndpoint$NioSocketWrapper.doWrite(NioEndpoint.java:1431) ~[tomcat-embed-core-9.0.83.jar:9.0.83]
	at org.apache.tomcat.util.net.SocketWrapperBase.doWrite(SocketWrapperBase.java:775) ~[tomcat-embed-core-9.0.83.jar:9.0.83]
	at org.apache.tomcat.util.net.SocketWrapperBase.flushBlocking(SocketWrapperBase.java:739) ~[tomcat-embed-core-9.0.83.jar:9.0.83]
	at org.apache.tomcat.util.net.SocketWrapperBase.flush(SocketWrapperBase.java:723) ~[tomcat-embed-core-9.0.83.jar:9.0.83]
	at org.apache.coyote.http11.Http11OutputBuffer$SocketOutputBuffer.flush(Http11OutputBuffer.java:566) ~[tomcat-embed-core-9.0.83.jar:9.0.83]
	at org.apache.coyote.http11.filters.ChunkedOutputFilter.flush(ChunkedOutputFilter.java:157) ~[tomcat-embed-core-9.0.83.jar:9.0.83]
	at org.apache.coyote.http11.Http11OutputBuffer.flush(Http11OutputBuffer.java:220) ~[tomcat-embed-core-9.0.83.jar:9.0.83]
	at org.apache.coyote.http11.Http11Processor.flush(Http11Processor.java:1244) [tomcat-embed-core-9.0.83.jar:9.0.83]
	at org.apache.coyote.AbstractProcessor.action(AbstractProcessor.java:399) ~[tomcat-embed-core-9.0.83.jar:9.0.83]
	at org.apache.coyote.Response.action(Response.java:207) ~[tomcat-embed-core-9.0.83.jar:9.0.83]
	at org.apache.catalina.connector.OutputBuffer.doFlush(OutputBuffer.java:305) ~[tomcat-embed-core-9.0.83.jar:9.0.83]
	... 58 common frames omitted

2026-08-11 18:46:33.366 DEBUG 10036 --- [nio-9060-exec-1] o.s.w.s.m.m.a.HttpEntityMethodProcessor  : Found 'Content-Type:application/json' in response
2026-08-11 18:46:33.366 DEBUG 10036 --- [nio-9060-exec-1] o.s.w.s.m.m.a.HttpEntityMethodProcessor  : Writing [com.example.TigoStarSystem.common.ApiError@2daa3fd7]
2026-08-11 18:46:33.367  WARN 10036 --- [nio-9060-exec-1] .m.m.a.ExceptionHandlerExceptionResolver : Failure in @ExceptionHandler com.example.TigoStarSystem.common.GlobalExceptionHandler#handleGeneric(Exception, HttpServletRequest)

org.apache.catalina.connector.ClientAbortException: java.io.IOException: Se ha anulado una conexión establecida por el software en su equipo host.
	at org.apache.catalina.connector.OutputBuffer.doFlush(OutputBuffer.java:309) ~[tomcat-embed-core-9.0.83.jar:9.0.83]
	at org.apache.catalina.connector.OutputBuffer.flush(OutputBuffer.java:271) ~[tomcat-embed-core-9.0.83.jar:9.0.83]
	at org.apache.catalina.connector.CoyoteOutputStream.flush(CoyoteOutputStream.java:120) ~[tomcat-embed-core-9.0.83.jar:9.0.83]
	at java.io.FilterOutputStream.flush(FilterOutputStream.java:140) ~[na:1.8.0_471]
	at com.fasterxml.jackson.core.json.UTF8JsonGenerator.flush(UTF8JsonGenerator.java:1187) ~[jackson-core-2.13.5.jar:2.13.5]
	at com.fasterxml.jackson.databind.ObjectWriter.writeValue(ObjectWriter.java:1009) ~[jackson-databind-2.13.5.jar:2.13.5]
	at org.springframework.http.converter.json.AbstractJackson2HttpMessageConverter.writeInternal(AbstractJackson2HttpMessageConverter.java:456) ~[spring-web-5.3.31.jar:5.3.31]
	at org.springframework.http.converter.AbstractGenericHttpMessageConverter.write(AbstractGenericHttpMessageConverter.java:104) ~[spring-web-5.3.31.jar:5.3.31]
	at org.springframework.web.servlet.mvc.method.annotation.AbstractMessageConverterMethodProcessor.writeWithMessageConverters(AbstractMessageConverterMethodProcessor.java:290) ~[spring-webmvc-5.3.31.jar:5.3.31]
	at org.springframework.web.servlet.mvc.method.annotation.HttpEntityMethodProcessor.handleReturnValue(HttpEntityMethodProcessor.java:219) ~[spring-webmvc-5.3.31.jar:5.3.31]
	at org.springframework.web.method.support.HandlerMethodReturnValueHandlerComposite.handleReturnValue(HandlerMethodReturnValueHandlerComposite.java:78) ~[spring-web-5.3.31.jar:5.3.31]
	at org.springframework.web.servlet.mvc.method.annotation.ServletInvocableHandlerMethod.invokeAndHandle(ServletInvocableHandlerMethod.java:135) ~[spring-webmvc-5.3.31.jar:5.3.31]
	at org.springframework.web.servlet.mvc.method.annotation.ExceptionHandlerExceptionResolver.doResolveHandlerMethodException(ExceptionHandlerExceptionResolver.java:428) ~[spring-webmvc-5.3.31.jar:5.3.31]
	at org.springframework.web.servlet.handler.AbstractHandlerMethodExceptionResolver.doResolveException(AbstractHandlerMethodExceptionResolver.java:75) [spring-webmvc-5.3.31.jar:5.3.31]
	at org.springframework.web.servlet.handler.AbstractHandlerExceptionResolver.resolveException(AbstractHandlerExceptionResolver.java:142) [spring-webmvc-5.3.31.jar:5.3.31]
	at org.springframework.web.servlet.handler.HandlerExceptionResolverComposite.resolveException(HandlerExceptionResolverComposite.java:80) [spring-webmvc-5.3.31.jar:5.3.31]
	at org.springframework.web.servlet.DispatcherServlet.processHandlerException(DispatcherServlet.java:1332) [spring-webmvc-5.3.31.jar:5.3.31]
	at org.springframework.web.servlet.DispatcherServlet.processDispatchResult(DispatcherServlet.java:1143) [spring-webmvc-5.3.31.jar:5.3.31]
	at org.springframework.web.servlet.DispatcherServlet.doDispatch(DispatcherServlet.java:1089) [spring-webmvc-5.3.31.jar:5.3.31]
	at org.springframework.web.servlet.DispatcherServlet.doService(DispatcherServlet.java:965) [spring-webmvc-5.3.31.jar:5.3.31]
	at org.springframework.web.servlet.FrameworkServlet.processRequest(FrameworkServlet.java:1006) [spring-webmvc-5.3.31.jar:5.3.31]
	at org.springframework.web.servlet.FrameworkServlet.doGet(FrameworkServlet.java:898) [spring-webmvc-5.3.31.jar:5.3.31]
	at javax.servlet.http.HttpServlet.service(HttpServlet.java:529) [tomcat-embed-core-9.0.83.jar:4.0.FR]
	at org.springframework.web.servlet.FrameworkServlet.service(FrameworkServlet.java:883) [spring-webmvc-5.3.31.jar:5.3.31]
	at javax.servlet.http.HttpServlet.service(HttpServlet.java:623) [tomcat-embed-core-9.0.83.jar:4.0.FR]
	at org.apache.catalina.core.ApplicationFilterChain.internalDoFilter(ApplicationFilterChain.java:209) [tomcat-embed-core-9.0.83.jar:9.0.83]
	at org.apache.catalina.core.ApplicationFilterChain.doFilter(ApplicationFilterChain.java:153) [tomcat-embed-core-9.0.83.jar:9.0.83]
	at org.apache.tomcat.websocket.server.WsFilter.doFilter(WsFilter.java:51) [tomcat-embed-websocket-9.0.83.jar:9.0.83]
	at org.apache.catalina.core.ApplicationFilterChain.internalDoFilter(ApplicationFilterChain.java:178) [tomcat-embed-core-9.0.83.jar:9.0.83]
	at org.apache.catalina.core.ApplicationFilterChain.doFilter(ApplicationFilterChain.java:153) [tomcat-embed-core-9.0.83.jar:9.0.83]
	at org.springframework.web.filter.RequestContextFilter.doFilterInternal(RequestContextFilter.java:100) [spring-web-5.3.31.jar:5.3.31]
	at org.springframework.web.filter.OncePerRequestFilter.doFilter(OncePerRequestFilter.java:117) [spring-web-5.3.31.jar:5.3.31]
	at org.apache.catalina.core.ApplicationFilterChain.internalDoFilter(ApplicationFilterChain.java:178) [tomcat-embed-core-9.0.83.jar:9.0.83]
	at org.apache.catalina.core.ApplicationFilterChain.doFilter(ApplicationFilterChain.java:153) [tomcat-embed-core-9.0.83.jar:9.0.83]
	at org.springframework.web.filter.FormContentFilter.doFilterInternal(FormContentFilter.java:93) [spring-web-5.3.31.jar:5.3.31]
	at org.springframework.web.filter.OncePerRequestFilter.doFilter(OncePerRequestFilter.java:117) [spring-web-5.3.31.jar:5.3.31]
	at org.apache.catalina.core.ApplicationFilterChain.internalDoFilter(ApplicationFilterChain.java:178) [tomcat-embed-core-9.0.83.jar:9.0.83]
	at org.apache.catalina.core.ApplicationFilterChain.doFilter(ApplicationFilterChain.java:153) [tomcat-embed-core-9.0.83.jar:9.0.83]
	at org.springframework.web.filter.CharacterEncodingFilter.doFilterInternal(CharacterEncodingFilter.java:201) [spring-web-5.3.31.jar:5.3.31]
	at org.springframework.web.filter.OncePerRequestFilter.doFilter(OncePerRequestFilter.java:117) [spring-web-5.3.31.jar:5.3.31]
	at org.apache.catalina.core.ApplicationFilterChain.internalDoFilter(ApplicationFilterChain.java:178) [tomcat-embed-core-9.0.83.jar:9.0.83]
	at org.apache.catalina.core.ApplicationFilterChain.doFilter(ApplicationFilterChain.java:153) [tomcat-embed-core-9.0.83.jar:9.0.83]
	at org.springframework.web.filter.CorsFilter.doFilterInternal(CorsFilter.java:91) [spring-web-5.3.31.jar:5.3.31]
	at org.springframework.web.filter.OncePerRequestFilter.doFilter(OncePerRequestFilter.java:117) [spring-web-5.3.31.jar:5.3.31]
	at org.apache.catalina.core.ApplicationFilterChain.internalDoFilter(ApplicationFilterChain.java:178) [tomcat-embed-core-9.0.83.jar:9.0.83]
	at org.apache.catalina.core.ApplicationFilterChain.doFilter(ApplicationFilterChain.java:153) [tomcat-embed-core-9.0.83.jar:9.0.83]
	at org.apache.catalina.core.StandardWrapperValve.invoke(StandardWrapperValve.java:168) [tomcat-embed-core-9.0.83.jar:9.0.83]
	at org.apache.catalina.core.StandardContextValve.invoke(StandardContextValve.java:90) [tomcat-embed-core-9.0.83.jar:9.0.83]
	at org.apache.catalina.authenticator.AuthenticatorBase.invoke(AuthenticatorBase.java:481) [tomcat-embed-core-9.0.83.jar:9.0.83]
	at org.apache.catalina.core.StandardHostValve.invoke(StandardHostValve.java:130) [tomcat-embed-core-9.0.83.jar:9.0.83]
	at org.apache.catalina.valves.ErrorReportValve.invoke(ErrorReportValve.java:93) [tomcat-embed-core-9.0.83.jar:9.0.83]
	at org.apache.catalina.core.StandardEngineValve.invoke(StandardEngineValve.java:74) [tomcat-embed-core-9.0.83.jar:9.0.83]
	at org.apache.catalina.connector.CoyoteAdapter.service(CoyoteAdapter.java:342) [tomcat-embed-core-9.0.83.jar:9.0.83]
	at org.apache.coyote.http11.Http11Processor.service(Http11Processor.java:390) [tomcat-embed-core-9.0.83.jar:9.0.83]
	at org.apache.coyote.AbstractProcessorLight.process(AbstractProcessorLight.java:63) [tomcat-embed-core-9.0.83.jar:9.0.83]
	at org.apache.coyote.AbstractProtocol$ConnectionHandler.process(AbstractProtocol.java:928) [tomcat-embed-core-9.0.83.jar:9.0.83]
	at org.apache.tomcat.util.net.NioEndpoint$SocketProcessor.doRun(NioEndpoint.java:1794) [tomcat-embed-core-9.0.83.jar:9.0.83]
	at org.apache.tomcat.util.net.SocketProcessorBase.run(SocketProcessorBase.java:52) [tomcat-embed-core-9.0.83.jar:9.0.83]
	at org.apache.tomcat.util.threads.ThreadPoolExecutor.runWorker(ThreadPoolExecutor.java:1191) [tomcat-embed-core-9.0.83.jar:9.0.83]
	at org.apache.tomcat.util.threads.ThreadPoolExecutor$Worker.run(ThreadPoolExecutor.java:659) [tomcat-embed-core-9.0.83.jar:9.0.83]
	at org.apache.tomcat.util.threads.TaskThread$WrappingRunnable.run(TaskThread.java:61) [tomcat-embed-core-9.0.83.jar:9.0.83]
	at java.lang.Thread.run(Thread.java:750) [na:1.8.0_471]
Caused by: java.io.IOException: Se ha anulado una conexión establecida por el software en su equipo host.
	at sun.nio.ch.SocketDispatcher.write0(Native Method) ~[na:1.8.0_471]
	at sun.nio.ch.SocketDispatcher.write(SocketDispatcher.java:51) ~[na:1.8.0_471]
	at sun.nio.ch.IOUtil.writeFromNativeBuffer(IOUtil.java:93) ~[na:1.8.0_471]
	at sun.nio.ch.IOUtil.write(IOUtil.java:65) ~[na:1.8.0_471]
	at sun.nio.ch.SocketChannelImpl.write(SocketChannelImpl.java:469) ~[na:1.8.0_471]
	at org.apache.tomcat.util.net.NioChannel.write(NioChannel.java:136) ~[tomcat-embed-core-9.0.83.jar:9.0.83]
	at org.apache.tomcat.util.net.NioEndpoint$NioSocketWrapper.doWrite(NioEndpoint.java:1431) ~[tomcat-embed-core-9.0.83.jar:9.0.83]
	at org.apache.tomcat.util.net.SocketWrapperBase.doWrite(SocketWrapperBase.java:775) ~[tomcat-embed-core-9.0.83.jar:9.0.83]
	at org.apache.tomcat.util.net.SocketWrapperBase.flushBlocking(SocketWrapperBase.java:739) ~[tomcat-embed-core-9.0.83.jar:9.0.83]
	at org.apache.tomcat.util.net.SocketWrapperBase.flush(SocketWrapperBase.java:723) ~[tomcat-embed-core-9.0.83.jar:9.0.83]
	at org.apache.coyote.http11.Http11OutputBuffer$SocketOutputBuffer.flush(Http11OutputBuffer.java:566) ~[tomcat-embed-core-9.0.83.jar:9.0.83]
	at org.apache.coyote.http11.filters.ChunkedOutputFilter.flush(ChunkedOutputFilter.java:157) ~[tomcat-embed-core-9.0.83.jar:9.0.83]
	at org.apache.coyote.http11.Http11OutputBuffer.flush(Http11OutputBuffer.java:220) ~[tomcat-embed-core-9.0.83.jar:9.0.83]
	at org.apache.coyote.http11.Http11Processor.flush(Http11Processor.java:1244) [tomcat-embed-core-9.0.83.jar:9.0.83]
	at org.apache.coyote.AbstractProcessor.action(AbstractProcessor.java:399) ~[tomcat-embed-core-9.0.83.jar:9.0.83]
	at org.apache.coyote.Response.action(Response.java:207) ~[tomcat-embed-core-9.0.83.jar:9.0.83]
	at org.apache.catalina.connector.OutputBuffer.doFlush(OutputBuffer.java:305) ~[tomcat-embed-core-9.0.83.jar:9.0.83]
	... 61 common frames omitted

2026-08-11 18:46:33.369 DEBUG 10036 --- [nio-9060-exec-1] o.s.web.servlet.DispatcherServlet        : Failed to complete request: org.apache.catalina.connector.ClientAbortException: java.io.IOException: Se ha anulado una conexión establecida por el software en su equipo host.
2026-08-11 18:46:33.565 DEBUG 10036 --- [nio-9060-exec-7] o.s.jdbc.core.JdbcTemplate               : Executing prepared SQL query
2026-08-11 18:46:33.565 DEBUG 10036 --- [nio-9060-exec-7] o.s.jdbc.core.JdbcTemplate               : Executing prepared SQL statement [EXEC spx_ValidarCuadreRuta ?, ?]
2026-08-11 18:46:33.565 DEBUG 10036 --- [nio-9060-exec-7] o.s.jdbc.datasource.DataSourceUtils      : Fetching JDBC Connection from DataSource
2026-08-11 18:46:33.571 DEBUG 10036 --- [nio-9060-exec-7] o.s.jdbc.core.JdbcTemplate               : Executing prepared SQL query
2026-08-11 18:46:33.571 DEBUG 10036 --- [nio-9060-exec-7] o.s.jdbc.core.JdbcTemplate               : Executing prepared SQL statement [SELECT COUNT(1) FROM dbo.tbl_CierreAlmacen WHERE CONVERT(date, Fecha) = ? AND ISNULL(E_Eliminado, 0) = 0]
2026-08-11 18:46:33.571 DEBUG 10036 --- [nio-9060-exec-7] o.s.jdbc.datasource.DataSourceUtils      : Fetching JDBC Connection from DataSource
2026-08-11 18:46:33.573 DEBUG 10036 --- [nio-9060-exec-7] o.s.jdbc.core.JdbcTemplate               : Executing prepared SQL query
2026-08-11 18:46:33.573 DEBUG 10036 --- [nio-9060-exec-7] o.s.jdbc.core.JdbcTemplate               : Executing prepared SQL statement [EXEC spx_ExisteCierreAlmacenHoy ?]
2026-08-11 18:46:33.573 DEBUG 10036 --- [nio-9060-exec-7] o.s.jdbc.datasource.DataSourceUtils      : Fetching JDBC Connection from DataSource
2026-08-11 18:46:34.388 DEBUG 10036 --- [nio-9060-exec-7] o.s.jdbc.core.JdbcTemplate               : Executing prepared SQL query
2026-08-11 18:46:34.388 DEBUG 10036 --- [nio-9060-exec-7] o.s.jdbc.core.JdbcTemplate               : Executing prepared SQL statement [SELECT COUNT(1) FROM dbo.tbl_CierreAlmacenPR_PD WHERE CONVERT(date, Fecha) = ? AND ISNULL(E_Eliminado, 0) = 0]
2026-08-11 18:46:34.388 DEBUG 10036 --- [nio-9060-exec-7] o.s.jdbc.datasource.DataSourceUtils      : Fetching JDBC Connection from DataSource
2026-08-11 18:46:34.393 DEBUG 10036 --- [nio-9060-exec-7] o.s.jdbc.core.JdbcTemplate               : Executing prepared SQL query
2026-08-11 18:46:34.393 DEBUG 10036 --- [nio-9060-exec-7] o.s.jdbc.core.JdbcTemplate               : Executing prepared SQL statement [EXEC spx_ExisteCierreAlmacenHoyPR_PD ?]
2026-08-11 18:46:34.393 DEBUG 10036 --- [nio-9060-exec-7] o.s.jdbc.datasource.DataSourceUtils      : Fetching JDBC Connection from DataSource
2026-08-11 18:46:35.208 DEBUG 10036 --- [nio-9060-exec-7] o.s.w.s.m.m.a.HttpEntityMethodProcessor  : Using 'application/json', given [application/json, text/plain, */*] and supported [application/json, application/*+json, application/json, application/*+json]
2026-08-11 18:46:35.208 DEBUG 10036 --- [nio-9060-exec-7] o.s.w.s.m.m.a.HttpEntityMethodProcessor  : Writing [com.example.TigoStarSystem.common.ApiResponse@2df3c8e6]
2026-08-11 18:46:35.210 DEBUG 10036 --- [nio-9060-exec-7] o.s.web.servlet.DispatcherServlet        : Completed 200 OK
2026-08-11 18:46:36.344 DEBUG 10036 --- [nio-9060-exec-6] o.s.web.servlet.DispatcherServlet        : GET "/tecnico/inicio-jornada/estado", parameters={}
2026-08-11 18:46:36.344 DEBUG 10036 --- [nio-9060-exec-8] o.s.web.servlet.DispatcherServlet        : GET "/ot/modificar-hoy?_ts=1786488396018&idSucursal=9", parameters={masked}
2026-08-11 18:46:36.344 DEBUG 10036 --- [nio-9060-exec-6] s.w.s.m.m.a.RequestMappingHandlerMapping : Mapped to com.example.TigoStarSystem.tecnicoiniciojornada.controller.TecnicoInicioJornadaController#estado(String, String)
2026-08-11 18:46:36.344 DEBUG 10036 --- [nio-9060-exec-8] s.w.s.m.m.a.RequestMappingHandlerMapping : Mapped to com.example.TigoStarSystem.ot.controller.OtController#listarOtModificablesHoy(String)
2026-08-11 18:46:36.352 DEBUG 10036 --- [nio-9060-exec-6] o.s.jdbc.core.JdbcTemplate               : Executing prepared SQL query
2026-08-11 18:46:36.352 DEBUG 10036 --- [nio-9060-exec-6] o.s.jdbc.core.JdbcTemplate               : Executing prepared SQL statement [EXEC dbo.SP_InicioJornada_MarcarNoCierreAtrasado ?]
2026-08-11 18:46:36.352 DEBUG 10036 --- [nio-9060-exec-6] o.s.jdbc.datasource.DataSourceUtils      : Fetching JDBC Connection from DataSource
2026-08-11 18:46:36.352 DEBUG 10036 --- [nio-9060-exec-8] o.s.jdbc.core.JdbcTemplate               : Executing prepared SQL query
2026-08-11 18:46:36.353 DEBUG 10036 --- [nio-9060-exec-8] o.s.jdbc.core.JdbcTemplate               : Executing prepared SQL statement [SELECT DISTINCT CAST(ut.id_vendedor AS INT) AS id_vendedor FROM dbo.tbl_usuariotecnico ut WHERE ut.id_usuario = ? AND ISNULL(ut.e_eliminado, 0) = 0]
2026-08-11 18:46:36.353 DEBUG 10036 --- [nio-9060-exec-8] o.s.jdbc.datasource.DataSourceUtils      : Fetching JDBC Connection from DataSource
2026-08-11 18:46:36.356 DEBUG 10036 --- [nio-9060-exec-8] o.s.jdbc.core.JdbcTemplate               : Executing prepared SQL query
2026-08-11 18:46:36.356 DEBUG 10036 --- [nio-9060-exec-8] o.s.jdbc.core.JdbcTemplate               : Executing prepared SQL statement [SELECT v.Id_Venta AS idVenta, v.OrdenTrabajo AS ordenTrabajo, v.CodigoCliente AS codigoCliente, v.Id_Ruta AS idRuta, v.Id_Vendedor AS idVendedor, v.Fecha_Ejecucion AS fechaEjecucion, v.FechaHoraDetalle AS fechaHoraDetalle, v.Id_Estado AS idEstado, ISNULL(r.Nombre, '') AS grupo, ISNULL(e.Nombre, '') AS estado FROM dbo.tbl_Venta v LEFT JOIN dbo.tbl_Ruta r ON r.Id_Ruta = v.Id_Ruta LEFT JOIN dbo.tbl_Estado e ON e.Id_Estado = v.Id_Estado WHERE ISNULL(v.E_Eliminado, 0) = 0 AND v.FechaHoraDetalle IS NOT NULL AND CONVERT(DATE, v.FechaHoraDetalle) = ? AND v.Id_Vendedor IN (?, ?) ORDER BY v.FechaHoraDetalle DESC, v.Id_Venta DESC]
2026-08-11 18:46:36.356 DEBUG 10036 --- [nio-9060-exec-8] o.s.jdbc.datasource.DataSourceUtils      : Fetching JDBC Connection from DataSource
2026-08-11 18:46:36.360 DEBUG 10036 --- [nio-9060-exec-6] o.s.jdbc.core.JdbcTemplate               : Executing prepared SQL query
2026-08-11 18:46:36.360 DEBUG 10036 --- [nio-9060-exec-6] o.s.jdbc.core.JdbcTemplate               : Executing prepared SQL statement [SELECT TOP 1 ultimo.id_inicio, ultimo.id_tecnico, ultimo.id_encargado, ultimo.fecha_registro, ultimo.fecha_cierre, ultimo.pendiente, ultimo.no_marco_cierre FROM (   SELECT TOP 1 id_inicio, id_tecnico, id_encargado, fecha_registro, fecha_cierre, pendiente, no_marco_cierre, e_eliminado   FROM dbo.tbl_InicioJornadaAlturas   WHERE id_tecnico = ?     AND CAST(fecha_registro AS DATE) < CAST(GETDATE() AS DATE)   ORDER BY fecha_registro DESC, id_inicio DESC ) ultimo WHERE fecha_cierre IS NULL   AND ISNULL(e_eliminado, 0) = 0   AND ISNULL(no_marco_cierre, 0) = 1]
2026-08-11 18:46:36.360 DEBUG 10036 --- [nio-9060-exec-6] o.s.jdbc.datasource.DataSourceUtils      : Fetching JDBC Connection from DataSource
2026-08-11 18:46:36.364 DEBUG 10036 --- [nio-9060-exec-6] o.s.jdbc.core.JdbcTemplate               : Executing prepared SQL query
2026-08-11 18:46:36.364 DEBUG 10036 --- [nio-9060-exec-6] o.s.jdbc.core.JdbcTemplate               : Executing prepared SQL statement [EXEC dbo.SP_InicioJornada_ExisteRegistroHoy ?]
2026-08-11 18:46:36.364 DEBUG 10036 --- [nio-9060-exec-6] o.s.jdbc.datasource.DataSourceUtils      : Fetching JDBC Connection from DataSource
2026-08-11 18:46:36.366 DEBUG 10036 --- [nio-9060-exec-6] o.s.jdbc.core.JdbcTemplate               : Executing SQL query [EXEC dbo.spx_ObtenerSucursalesConexionWeb]
2026-08-11 18:46:36.366 DEBUG 10036 --- [nio-9060-exec-6] o.s.jdbc.datasource.DataSourceUtils      : Fetching JDBC Connection from DataSource
2026-08-11 18:46:36.371 DEBUG 10036 --- [nio-9060-exec-8] o.s.jdbc.core.JdbcTemplate               : Executing prepared SQL query
2026-08-11 18:46:36.371 DEBUG 10036 --- [nio-9060-exec-8] o.s.jdbc.core.JdbcTemplate               : Executing prepared SQL statement [SELECT cv.Id_CodigoVenta AS idCodigoVenta, cv.Id_Venta AS idVenta, cv.Id_Producto AS idProducto, p.Nombre AS producto, cv.Id_TipoMaterial AS idTipoMaterial, tm.Nombre AS tipoMaterial, cv.Cantidad AS cantidad, cv.Cod_Inicio AS serie, cv.ChipID AS chipId FROM dbo.tbl_CodigoVenta cv LEFT JOIN dbo.tbl_Producto p ON p.Id_Producto = cv.Id_Producto LEFT JOIN dbo.tbl_TipoMaterial tm ON tm.Id_TipoMaterial = cv.Id_TipoMaterial WHERE cv.Id_Venta = ? AND ISNULL(cv.E_Eliminado, 0) = 0 AND cv.Id_TipoMaterial = 1 AND NULLIF(LTRIM(RTRIM(ISNULL(cv.Cod_Inicio, ''))), '') IS NULL AND NULLIF(LTRIM(RTRIM(ISNULL(cv.ChipID, ''))), '') IS NULL ORDER BY p.Nombre, cv.Id_CodigoVenta]
2026-08-11 18:46:36.371 DEBUG 10036 --- [nio-9060-exec-8] o.s.jdbc.datasource.DataSourceUtils      : Fetching JDBC Connection from DataSource
2026-08-11 18:46:36.371 DEBUG 10036 --- [nio-9060-exec-6] o.s.jdbc.core.JdbcTemplate               : Executing SQL query [EXEC dbo.spx_ObtenerSucursalesConexionWeb]
2026-08-11 18:46:36.371 DEBUG 10036 --- [nio-9060-exec-6] o.s.jdbc.datasource.DataSourceUtils      : Fetching JDBC Connection from DataSource
2026-08-11 18:46:36.374 DEBUG 10036 --- [nio-9060-exec-8] o.s.jdbc.core.JdbcTemplate               : Executing prepared SQL query
2026-08-11 18:46:36.374 DEBUG 10036 --- [nio-9060-exec-8] o.s.jdbc.core.JdbcTemplate               : Executing prepared SQL statement [EXEC spx_ValidarCuadreRuta ?, ?]
2026-08-11 18:46:36.374 DEBUG 10036 --- [nio-9060-exec-8] o.s.jdbc.datasource.DataSourceUtils      : Fetching JDBC Connection from DataSource
2026-08-11 18:46:36.374 DEBUG 10036 --- [nio-9060-exec-6] o.s.jdbc.core.JdbcTemplate               : Executing prepared SQL query
2026-08-11 18:46:36.374 DEBUG 10036 --- [nio-9060-exec-6] o.s.jdbc.core.JdbcTemplate               : Executing prepared SQL statement [SELECT TOP 1 CAST(c.idUsuarioSupervisor AS INT) AS idEncargado, CAST(c.supervisorACargo AS NVARCHAR(200)) AS encargado, CAST(c.id AS INT) AS idConformacion, CAST(c.id_tecnicoAuxiliar AS INT) AS idAuxiliar, CAST(c.auxiliar AS NVARCHAR(250)) AS auxiliar, c.sucursal, c.fecha, c.fechaRegistro FROM dbo.tbl_ConformacionCuadrillaDiario c WHERE ISNULL(c.e_eliminado, 0) = 0   AND CONVERT(date, c.fecha) = CONVERT(date, GETDATE())   AND (? IS NULL OR LOWER(REPLACE(REPLACE(REPLACE(LTRIM(RTRIM(ISNULL(c.sucursal, ''))), '_', ''), '-', ''), ' ', '')) =                   LOWER(REPLACE(REPLACE(REPLACE(LTRIM(RTRIM(?)), '_', ''), '-', ''), ' ', '')))   AND (        (? > 0 AND (? = c.id_tecnico OR ? = c.id_tecnicoAuxiliar))        OR (? <> '' AND (            LOWER(LTRIM(RTRIM(ISNULL(c.tecnico, '')))) = ?            OR LOWER(LTRIM(RTRIM(ISNULL(c.auxiliar, '')))) = ?        ))   ) ORDER BY ISNULL(c.fechaRegistro, '19000101') DESC, c.id DESC]
2026-08-11 18:46:36.374 DEBUG 10036 --- [nio-9060-exec-6] o.s.jdbc.datasource.DataSourceUtils      : Fetching JDBC Connection from DataSource
2026-08-11 18:46:36.378 DEBUG 10036 --- [nio-9060-exec-6] o.s.jdbc.core.JdbcTemplate               : Executing prepared SQL query
2026-08-11 18:46:36.378 DEBUG 10036 --- [nio-9060-exec-6] o.s.jdbc.core.JdbcTemplate               : Executing prepared SQL statement [SELECT TOP 1 Nombre FROM dbo.tbl_Usuario WHERE Id_Usuario = ? AND ISNULL(E_Eliminado,0)=0]
2026-08-11 18:46:36.378 DEBUG 10036 --- [nio-9060-exec-6] o.s.jdbc.datasource.DataSourceUtils      : Fetching JDBC Connection from DataSource
2026-08-11 18:46:36.378 DEBUG 10036 --- [nio-9060-exec-8] o.s.jdbc.core.JdbcTemplate               : Executing prepared SQL query
2026-08-11 18:46:36.378 DEBUG 10036 --- [nio-9060-exec-8] o.s.jdbc.core.JdbcTemplate               : Executing prepared SQL statement [SELECT COUNT(1) FROM dbo.tbl_CierreAlmacen WHERE CONVERT(date, Fecha) = ? AND ISNULL(E_Eliminado, 0) = 0]
2026-08-11 18:46:36.378 DEBUG 10036 --- [nio-9060-exec-8] o.s.jdbc.datasource.DataSourceUtils      : Fetching JDBC Connection from DataSource
2026-08-11 18:46:36.380 DEBUG 10036 --- [nio-9060-exec-8] o.s.jdbc.core.JdbcTemplate               : Executing prepared SQL query
2026-08-11 18:46:36.380 DEBUG 10036 --- [nio-9060-exec-8] o.s.jdbc.core.JdbcTemplate               : Executing prepared SQL statement [EXEC spx_ExisteCierreAlmacenHoy ?]
2026-08-11 18:46:36.380 DEBUG 10036 --- [nio-9060-exec-8] o.s.jdbc.datasource.DataSourceUtils      : Fetching JDBC Connection from DataSource
2026-08-11 18:46:36.386 DEBUG 10036 --- [nio-9060-exec-6] o.s.w.s.m.m.a.HttpEntityMethodProcessor  : Using 'application/json', given [application/json, text/plain, */*] and supported [application/json, application/*+json, application/json, application/*+json]
2026-08-11 18:46:36.386 DEBUG 10036 --- [nio-9060-exec-6] o.s.w.s.m.m.a.HttpEntityMethodProcessor  : Writing [com.example.TigoStarSystem.common.ApiResponse@28a2d070]
2026-08-11 18:46:36.387 DEBUG 10036 --- [nio-9060-exec-6] o.s.web.servlet.DispatcherServlet        : Completed 200 OK
2026-08-11 18:46:37.188 DEBUG 10036 --- [nio-9060-exec-8] o.s.jdbc.core.JdbcTemplate               : Executing prepared SQL query
2026-08-11 18:46:37.189 DEBUG 10036 --- [nio-9060-exec-8] o.s.jdbc.core.JdbcTemplate               : Executing prepared SQL statement [SELECT COUNT(1) FROM dbo.tbl_CierreAlmacenPR_PD WHERE CONVERT(date, Fecha) = ? AND ISNULL(E_Eliminado, 0) = 0]
2026-08-11 18:46:37.189 DEBUG 10036 --- [nio-9060-exec-8] o.s.jdbc.datasource.DataSourceUtils      : Fetching JDBC Connection from DataSource
2026-08-11 18:46:37.192 DEBUG 10036 --- [nio-9060-exec-8] o.s.jdbc.core.JdbcTemplate               : Executing prepared SQL query
2026-08-11 18:46:37.192 DEBUG 10036 --- [nio-9060-exec-8] o.s.jdbc.core.JdbcTemplate               : Executing prepared SQL statement [EXEC spx_ExisteCierreAlmacenHoyPR_PD ?]
2026-08-11 18:46:37.192 DEBUG 10036 --- [nio-9060-exec-8] o.s.jdbc.datasource.DataSourceUtils      : Fetching JDBC Connection from DataSource
2026-08-11 18:46:38.000 DEBUG 10036 --- [nio-9060-exec-8] o.s.jdbc.core.JdbcTemplate               : Executing prepared SQL query
2026-08-11 18:46:38.000 DEBUG 10036 --- [nio-9060-exec-8] o.s.jdbc.core.JdbcTemplate               : Executing prepared SQL statement [EXEC spx_ValidarCuadreRuta ?, ?]
2026-08-11 18:46:38.000 DEBUG 10036 --- [nio-9060-exec-8] o.s.jdbc.datasource.DataSourceUtils      : Fetching JDBC Connection from DataSource
2026-08-11 18:46:38.008 DEBUG 10036 --- [nio-9060-exec-8] o.s.jdbc.core.JdbcTemplate               : Executing prepared SQL query
2026-08-11 18:46:38.008 DEBUG 10036 --- [nio-9060-exec-8] o.s.jdbc.core.JdbcTemplate               : Executing prepared SQL statement [SELECT COUNT(1) FROM dbo.tbl_CierreAlmacen WHERE CONVERT(date, Fecha) = ? AND ISNULL(E_Eliminado, 0) = 0]
2026-08-11 18:46:38.008 DEBUG 10036 --- [nio-9060-exec-8] o.s.jdbc.datasource.DataSourceUtils      : Fetching JDBC Connection from DataSource
2026-08-11 18:46:38.010 DEBUG 10036 --- [nio-9060-exec-8] o.s.jdbc.core.JdbcTemplate               : Executing prepared SQL query
2026-08-11 18:46:38.010 DEBUG 10036 --- [nio-9060-exec-8] o.s.jdbc.core.JdbcTemplate               : Executing prepared SQL statement [EXEC spx_ExisteCierreAlmacenHoy ?]
2026-08-11 18:46:38.010 DEBUG 10036 --- [nio-9060-exec-8] o.s.jdbc.datasource.DataSourceUtils      : Fetching JDBC Connection from DataSource
2026-08-11 18:46:38.136 DEBUG 10036 --- [io-9060-exec-10] o.s.web.servlet.DispatcherServlet        : GET "/ot/309166/modificar-hoy?_ts=1786488398126&idSucursal=9", parameters={masked}
2026-08-11 18:46:38.137 DEBUG 10036 --- [io-9060-exec-10] s.w.s.m.m.a.RequestMappingHandlerMapping : Mapped to com.example.TigoStarSystem.ot.controller.OtController#obtenerOtModificableHoy(String, Long)
2026-08-11 18:46:38.138 DEBUG 10036 --- [io-9060-exec-10] o.s.jdbc.core.JdbcTemplate               : Executing prepared SQL query
2026-08-11 18:46:38.138 DEBUG 10036 --- [io-9060-exec-10] o.s.jdbc.core.JdbcTemplate               : Executing prepared SQL statement [SELECT DISTINCT CAST(ut.id_vendedor AS INT) AS id_vendedor FROM dbo.tbl_usuariotecnico ut WHERE ut.id_usuario = ? AND ISNULL(ut.e_eliminado, 0) = 0]
2026-08-11 18:46:38.138 DEBUG 10036 --- [io-9060-exec-10] o.s.jdbc.datasource.DataSourceUtils      : Fetching JDBC Connection from DataSource
2026-08-11 18:46:38.142 DEBUG 10036 --- [io-9060-exec-10] o.s.jdbc.core.JdbcTemplate               : Executing prepared SQL query
2026-08-11 18:46:38.142 DEBUG 10036 --- [io-9060-exec-10] o.s.jdbc.core.JdbcTemplate               : Executing prepared SQL statement [SELECT v.Id_Venta AS idVenta, v.OrdenTrabajo AS ordenTrabajo, v.CodigoCliente AS codigoCliente, v.Id_Ruta AS idRuta, v.Id_Vendedor AS idVendedor, v.Fecha_Ejecucion AS fechaEjecucion, v.FechaHoraDetalle AS fechaHoraDetalle, v.Id_Estado AS idEstado, ISNULL(r.Nombre, '') AS grupo, ISNULL(e.Nombre, '') AS estado FROM dbo.tbl_Venta v LEFT JOIN dbo.tbl_Ruta r ON r.Id_Ruta = v.Id_Ruta LEFT JOIN dbo.tbl_Estado e ON e.Id_Estado = v.Id_Estado WHERE ISNULL(v.E_Eliminado, 0) = 0 AND v.FechaHoraDetalle IS NOT NULL AND CONVERT(DATE, v.FechaHoraDetalle) = ? AND v.Id_Vendedor IN (?, ?) ORDER BY v.FechaHoraDetalle DESC, v.Id_Venta DESC]
2026-08-11 18:46:38.142 DEBUG 10036 --- [io-9060-exec-10] o.s.jdbc.datasource.DataSourceUtils      : Fetching JDBC Connection from DataSource
2026-08-11 18:46:38.183 DEBUG 10036 --- [io-9060-exec-10] o.s.jdbc.core.JdbcTemplate               : Executing prepared SQL query
2026-08-11 18:46:38.183 DEBUG 10036 --- [io-9060-exec-10] o.s.jdbc.core.JdbcTemplate               : Executing prepared SQL statement [SELECT cv.Id_CodigoVenta AS idCodigoVenta, cv.Id_Venta AS idVenta, cv.Id_Producto AS idProducto, p.Nombre AS producto, cv.Id_TipoMaterial AS idTipoMaterial, tm.Nombre AS tipoMaterial, cv.Cantidad AS cantidad, cv.Cod_Inicio AS serie, cv.ChipID AS chipId FROM dbo.tbl_CodigoVenta cv LEFT JOIN dbo.tbl_Producto p ON p.Id_Producto = cv.Id_Producto LEFT JOIN dbo.tbl_TipoMaterial tm ON tm.Id_TipoMaterial = cv.Id_TipoMaterial WHERE cv.Id_Venta = ? AND ISNULL(cv.E_Eliminado, 0) = 0 AND cv.Id_TipoMaterial = 1 AND NULLIF(LTRIM(RTRIM(ISNULL(cv.Cod_Inicio, ''))), '') IS NULL AND NULLIF(LTRIM(RTRIM(ISNULL(cv.ChipID, ''))), '') IS NULL ORDER BY p.Nombre, cv.Id_CodigoVenta]
2026-08-11 18:46:38.183 DEBUG 10036 --- [io-9060-exec-10] o.s.jdbc.datasource.DataSourceUtils      : Fetching JDBC Connection from DataSource
2026-08-11 18:46:38.187 DEBUG 10036 --- [io-9060-exec-10] o.s.jdbc.core.JdbcTemplate               : Executing prepared SQL query
2026-08-11 18:46:38.187 DEBUG 10036 --- [io-9060-exec-10] o.s.jdbc.core.JdbcTemplate               : Executing prepared SQL statement [EXEC spx_ValidarCuadreRuta ?, ?]
2026-08-11 18:46:38.187 DEBUG 10036 --- [io-9060-exec-10] o.s.jdbc.datasource.DataSourceUtils      : Fetching JDBC Connection from DataSource
2026-08-11 18:46:38.191 DEBUG 10036 --- [io-9060-exec-10] o.s.jdbc.core.JdbcTemplate               : Executing prepared SQL query
2026-08-11 18:46:38.191 DEBUG 10036 --- [io-9060-exec-10] o.s.jdbc.core.JdbcTemplate               : Executing prepared SQL statement [SELECT COUNT(1) FROM dbo.tbl_CierreAlmacen WHERE CONVERT(date, Fecha) = ? AND ISNULL(E_Eliminado, 0) = 0]
2026-08-11 18:46:38.191 DEBUG 10036 --- [io-9060-exec-10] o.s.jdbc.datasource.DataSourceUtils      : Fetching JDBC Connection from DataSource
2026-08-11 18:46:38.193 DEBUG 10036 --- [io-9060-exec-10] o.s.jdbc.core.JdbcTemplate               : Executing prepared SQL query
2026-08-11 18:46:38.193 DEBUG 10036 --- [io-9060-exec-10] o.s.jdbc.core.JdbcTemplate               : Executing prepared SQL statement [EXEC spx_ExisteCierreAlmacenHoy ?]
2026-08-11 18:46:38.193 DEBUG 10036 --- [io-9060-exec-10] o.s.jdbc.datasource.DataSourceUtils      : Fetching JDBC Connection from DataSource
2026-08-11 18:46:38.944 DEBUG 10036 --- [nio-9060-exec-8] o.s.jdbc.core.JdbcTemplate               : Executing prepared SQL query
2026-08-11 18:46:38.944 DEBUG 10036 --- [nio-9060-exec-8] o.s.jdbc.core.JdbcTemplate               : Executing prepared SQL statement [SELECT COUNT(1) FROM dbo.tbl_CierreAlmacenPR_PD WHERE CONVERT(date, Fecha) = ? AND ISNULL(E_Eliminado, 0) = 0]
2026-08-11 18:46:38.944 DEBUG 10036 --- [nio-9060-exec-8] o.s.jdbc.datasource.DataSourceUtils      : Fetching JDBC Connection from DataSource
2026-08-11 18:46:38.947 DEBUG 10036 --- [nio-9060-exec-8] o.s.jdbc.core.JdbcTemplate               : Executing prepared SQL query
2026-08-11 18:46:38.947 DEBUG 10036 --- [nio-9060-exec-8] o.s.jdbc.core.JdbcTemplate               : Executing prepared SQL statement [EXEC spx_ExisteCierreAlmacenHoyPR_PD ?]
2026-08-11 18:46:38.948 DEBUG 10036 --- [nio-9060-exec-8] o.s.jdbc.datasource.DataSourceUtils      : Fetching JDBC Connection from DataSource
2026-08-11 18:46:39.164 DEBUG 10036 --- [io-9060-exec-10] o.s.jdbc.core.JdbcTemplate               : Executing prepared SQL query
2026-08-11 18:46:39.164 DEBUG 10036 --- [io-9060-exec-10] o.s.jdbc.core.JdbcTemplate               : Executing prepared SQL statement [SELECT COUNT(1) FROM dbo.tbl_CierreAlmacenPR_PD WHERE CONVERT(date, Fecha) = ? AND ISNULL(E_Eliminado, 0) = 0]
2026-08-11 18:46:39.164 DEBUG 10036 --- [io-9060-exec-10] o.s.jdbc.datasource.DataSourceUtils      : Fetching JDBC Connection from DataSource
2026-08-11 18:46:39.167 DEBUG 10036 --- [io-9060-exec-10] o.s.jdbc.core.JdbcTemplate               : Executing prepared SQL query
2026-08-11 18:46:39.167 DEBUG 10036 --- [io-9060-exec-10] o.s.jdbc.core.JdbcTemplate               : Executing prepared SQL statement [EXEC spx_ExisteCierreAlmacenHoyPR_PD ?]
2026-08-11 18:46:39.167 DEBUG 10036 --- [io-9060-exec-10] o.s.jdbc.datasource.DataSourceUtils      : Fetching JDBC Connection from DataSource
2026-08-11 18:46:39.884 DEBUG 10036 --- [nio-9060-exec-8] o.s.jdbc.core.JdbcTemplate               : Executing prepared SQL query
2026-08-11 18:46:39.884 DEBUG 10036 --- [nio-9060-exec-8] o.s.jdbc.core.JdbcTemplate               : Executing prepared SQL statement [SELECT cv.Id_CodigoVenta AS idCodigoVenta, cv.Id_Venta AS idVenta, cv.Id_Producto AS idProducto, p.Nombre AS producto, cv.Id_TipoMaterial AS idTipoMaterial, tm.Nombre AS tipoMaterial, cv.Cantidad AS cantidad, cv.Cod_Inicio AS serie, cv.ChipID AS chipId FROM dbo.tbl_CodigoVenta cv LEFT JOIN dbo.tbl_Producto p ON p.Id_Producto = cv.Id_Producto LEFT JOIN dbo.tbl_TipoMaterial tm ON tm.Id_TipoMaterial = cv.Id_TipoMaterial WHERE cv.Id_Venta = ? AND ISNULL(cv.E_Eliminado, 0) = 0 AND cv.Id_TipoMaterial = 1 AND NULLIF(LTRIM(RTRIM(ISNULL(cv.Cod_Inicio, ''))), '') IS NULL AND NULLIF(LTRIM(RTRIM(ISNULL(cv.ChipID, ''))), '') IS NULL ORDER BY p.Nombre, cv.Id_CodigoVenta]
2026-08-11 18:46:39.884 DEBUG 10036 --- [nio-9060-exec-8] o.s.jdbc.datasource.DataSourceUtils      : Fetching JDBC Connection from DataSource
2026-08-11 18:46:39.887 DEBUG 10036 --- [nio-9060-exec-8] o.s.jdbc.core.JdbcTemplate               : Executing prepared SQL query
2026-08-11 18:46:39.887 DEBUG 10036 --- [nio-9060-exec-8] o.s.jdbc.core.JdbcTemplate               : Executing prepared SQL statement [EXEC spx_ValidarCuadreRuta ?, ?]
2026-08-11 18:46:39.887 DEBUG 10036 --- [nio-9060-exec-8] o.s.jdbc.datasource.DataSourceUtils      : Fetching JDBC Connection from DataSource
2026-08-11 18:46:39.891 DEBUG 10036 --- [nio-9060-exec-8] o.s.jdbc.core.JdbcTemplate               : Executing prepared SQL query
2026-08-11 18:46:39.891 DEBUG 10036 --- [nio-9060-exec-8] o.s.jdbc.core.JdbcTemplate               : Executing prepared SQL statement [SELECT COUNT(1) FROM dbo.tbl_CierreAlmacen WHERE CONVERT(date, Fecha) = ? AND ISNULL(E_Eliminado, 0) = 0]
2026-08-11 18:46:39.891 DEBUG 10036 --- [nio-9060-exec-8] o.s.jdbc.datasource.DataSourceUtils      : Fetching JDBC Connection from DataSource
2026-08-11 18:46:39.893 DEBUG 10036 --- [nio-9060-exec-8] o.s.jdbc.core.JdbcTemplate               : Executing prepared SQL query
2026-08-11 18:46:39.893 DEBUG 10036 --- [nio-9060-exec-8] o.s.jdbc.core.JdbcTemplate               : Executing prepared SQL statement [EXEC spx_ExisteCierreAlmacenHoy ?]
2026-08-11 18:46:39.893 DEBUG 10036 --- [nio-9060-exec-8] o.s.jdbc.datasource.DataSourceUtils      : Fetching JDBC Connection from DataSource
2026-08-11 18:46:40.125 DEBUG 10036 --- [io-9060-exec-10] o.s.jdbc.core.JdbcTemplate               : Executing prepared SQL query
2026-08-11 18:46:40.125 DEBUG 10036 --- [io-9060-exec-10] o.s.jdbc.core.JdbcTemplate               : Executing prepared SQL statement [EXEC spx_ValidarCuadreRuta ?, ?]
2026-08-11 18:46:40.125 DEBUG 10036 --- [io-9060-exec-10] o.s.jdbc.datasource.DataSourceUtils      : Fetching JDBC Connection from DataSource
2026-08-11 18:46:40.131 DEBUG 10036 --- [io-9060-exec-10] o.s.jdbc.core.JdbcTemplate               : Executing prepared SQL query
2026-08-11 18:46:40.131 DEBUG 10036 --- [io-9060-exec-10] o.s.jdbc.core.JdbcTemplate               : Executing prepared SQL statement [SELECT COUNT(1) FROM dbo.tbl_CierreAlmacen WHERE CONVERT(date, Fecha) = ? AND ISNULL(E_Eliminado, 0) = 0]
2026-08-11 18:46:40.131 DEBUG 10036 --- [io-9060-exec-10] o.s.jdbc.datasource.DataSourceUtils      : Fetching JDBC Connection from DataSource
2026-08-11 18:46:40.133 DEBUG 10036 --- [io-9060-exec-10] o.s.jdbc.core.JdbcTemplate               : Executing prepared SQL query
2026-08-11 18:46:40.133 DEBUG 10036 --- [io-9060-exec-10] o.s.jdbc.core.JdbcTemplate               : Executing prepared SQL statement [EXEC spx_ExisteCierreAlmacenHoy ?]
2026-08-11 18:46:40.133 DEBUG 10036 --- [io-9060-exec-10] o.s.jdbc.datasource.DataSourceUtils      : Fetching JDBC Connection from DataSource
2026-08-11 18:46:40.827 DEBUG 10036 --- [nio-9060-exec-8] o.s.jdbc.core.JdbcTemplate               : Executing prepared SQL query
2026-08-11 18:46:40.827 DEBUG 10036 --- [nio-9060-exec-8] o.s.jdbc.core.JdbcTemplate               : Executing prepared SQL statement [SELECT COUNT(1) FROM dbo.tbl_CierreAlmacenPR_PD WHERE CONVERT(date, Fecha) = ? AND ISNULL(E_Eliminado, 0) = 0]
2026-08-11 18:46:40.827 DEBUG 10036 --- [nio-9060-exec-8] o.s.jdbc.datasource.DataSourceUtils      : Fetching JDBC Connection from DataSource
2026-08-11 18:46:40.830 DEBUG 10036 --- [nio-9060-exec-8] o.s.jdbc.core.JdbcTemplate               : Executing prepared SQL query
2026-08-11 18:46:40.830 DEBUG 10036 --- [nio-9060-exec-8] o.s.jdbc.core.JdbcTemplate               : Executing prepared SQL statement [EXEC spx_ExisteCierreAlmacenHoyPR_PD ?]
2026-08-11 18:46:40.830 DEBUG 10036 --- [nio-9060-exec-8] o.s.jdbc.datasource.DataSourceUtils      : Fetching JDBC Connection from DataSource
2026-08-11 18:46:41.085 DEBUG 10036 --- [io-9060-exec-10] o.s.jdbc.core.JdbcTemplate               : Executing prepared SQL query
2026-08-11 18:46:41.085 DEBUG 10036 --- [io-9060-exec-10] o.s.jdbc.core.JdbcTemplate               : Executing prepared SQL statement [SELECT COUNT(1) FROM dbo.tbl_CierreAlmacenPR_PD WHERE CONVERT(date, Fecha) = ? AND ISNULL(E_Eliminado, 0) = 0]
2026-08-11 18:46:41.085 DEBUG 10036 --- [io-9060-exec-10] o.s.jdbc.datasource.DataSourceUtils      : Fetching JDBC Connection from DataSource
2026-08-11 18:46:41.090 DEBUG 10036 --- [io-9060-exec-10] o.s.jdbc.core.JdbcTemplate               : Executing prepared SQL query
2026-08-11 18:46:41.090 DEBUG 10036 --- [io-9060-exec-10] o.s.jdbc.core.JdbcTemplate               : Executing prepared SQL statement [EXEC spx_ExisteCierreAlmacenHoyPR_PD ?]
2026-08-11 18:46:41.090 DEBUG 10036 --- [io-9060-exec-10] o.s.jdbc.datasource.DataSourceUtils      : Fetching JDBC Connection from DataSource
2026-08-11 18:46:41.764 DEBUG 10036 --- [nio-9060-exec-8] o.s.jdbc.core.JdbcTemplate               : Executing prepared SQL query
2026-08-11 18:46:41.764 DEBUG 10036 --- [nio-9060-exec-8] o.s.jdbc.core.JdbcTemplate               : Executing prepared SQL statement [EXEC spx_ValidarCuadreRuta ?, ?]
2026-08-11 18:46:41.764 DEBUG 10036 --- [nio-9060-exec-8] o.s.jdbc.datasource.DataSourceUtils      : Fetching JDBC Connection from DataSource
2026-08-11 18:46:41.769 DEBUG 10036 --- [nio-9060-exec-8] o.s.jdbc.core.JdbcTemplate               : Executing prepared SQL query
2026-08-11 18:46:41.769 DEBUG 10036 --- [nio-9060-exec-8] o.s.jdbc.core.JdbcTemplate               : Executing prepared SQL statement [SELECT COUNT(1) FROM dbo.tbl_CierreAlmacen WHERE CONVERT(date, Fecha) = ? AND ISNULL(E_Eliminado, 0) = 0]
2026-08-11 18:46:41.769 DEBUG 10036 --- [nio-9060-exec-8] o.s.jdbc.datasource.DataSourceUtils      : Fetching JDBC Connection from DataSource
2026-08-11 18:46:41.770 DEBUG 10036 --- [nio-9060-exec-8] o.s.jdbc.core.JdbcTemplate               : Executing prepared SQL query
2026-08-11 18:46:41.770 DEBUG 10036 --- [nio-9060-exec-8] o.s.jdbc.core.JdbcTemplate               : Executing prepared SQL statement [EXEC spx_ExisteCierreAlmacenHoy ?]
2026-08-11 18:46:41.770 DEBUG 10036 --- [nio-9060-exec-8] o.s.jdbc.datasource.DataSourceUtils      : Fetching JDBC Connection from DataSource
2026-08-11 18:46:42.047 DEBUG 10036 --- [io-9060-exec-10] o.s.w.s.m.m.a.HttpEntityMethodProcessor  : Using 'application/json', given [application/json, text/plain, */*] and supported [application/json, application/*+json, application/json, application/*+json]
2026-08-11 18:46:42.047 DEBUG 10036 --- [io-9060-exec-10] o.s.w.s.m.m.a.HttpEntityMethodProcessor  : Writing [com.example.TigoStarSystem.common.ApiResponse@24e4dbb7]
2026-08-11 18:46:42.047 DEBUG 10036 --- [io-9060-exec-10] o.s.web.servlet.DispatcherServlet        : Completed 200 OK
2026-08-11 18:46:42.615 DEBUG 10036 --- [nio-9060-exec-8] o.s.jdbc.core.JdbcTemplate               : Executing prepared SQL query
2026-08-11 18:46:42.615 DEBUG 10036 --- [nio-9060-exec-8] o.s.jdbc.core.JdbcTemplate               : Executing prepared SQL statement [SELECT COUNT(1) FROM dbo.tbl_CierreAlmacenPR_PD WHERE CONVERT(date, Fecha) = ? AND ISNULL(E_Eliminado, 0) = 0]
2026-08-11 18:46:42.615 DEBUG 10036 --- [nio-9060-exec-8] o.s.jdbc.datasource.DataSourceUtils      : Fetching JDBC Connection from DataSource
2026-08-11 18:46:42.618 DEBUG 10036 --- [nio-9060-exec-8] o.s.jdbc.core.JdbcTemplate               : Executing prepared SQL query
2026-08-11 18:46:42.618 DEBUG 10036 --- [nio-9060-exec-8] o.s.jdbc.core.JdbcTemplate               : Executing prepared SQL statement [EXEC spx_ExisteCierreAlmacenHoyPR_PD ?]
2026-08-11 18:46:42.618 DEBUG 10036 --- [nio-9060-exec-8] o.s.jdbc.datasource.DataSourceUtils      : Fetching JDBC Connection from DataSource
2026-08-11 18:46:43.100 DEBUG 10036 --- [ruz housekeeper] com.zaxxer.hikari.pool.HikariPool        : ConnDb-SantaCruz - Before cleanup stats (total=1, active=0, idle=1, waiting=0)
2026-08-11 18:46:43.100 DEBUG 10036 --- [ruz housekeeper] com.zaxxer.hikari.pool.HikariPool        : ConnDb-SantaCruz - After cleanup  stats (total=1, active=0, idle=1, waiting=0)
2026-08-11 18:46:43.100 DEBUG 10036 --- [ruz housekeeper] com.zaxxer.hikari.pool.HikariPool        : ConnDb-SantaCruz - Fill pool skipped, pool is at sufficient level.
2026-08-11 18:46:43.431 DEBUG 10036 --- [nio-9060-exec-8] o.s.jdbc.core.JdbcTemplate               : Executing prepared SQL query
2026-08-11 18:46:43.431 DEBUG 10036 --- [nio-9060-exec-8] o.s.jdbc.core.JdbcTemplate               : Executing prepared SQL statement [SELECT cv.Id_CodigoVenta AS idCodigoVenta, cv.Id_Venta AS idVenta, cv.Id_Producto AS idProducto, p.Nombre AS producto, cv.Id_TipoMaterial AS idTipoMaterial, tm.Nombre AS tipoMaterial, cv.Cantidad AS cantidad, cv.Cod_Inicio AS serie, cv.ChipID AS chipId FROM dbo.tbl_CodigoVenta cv LEFT JOIN dbo.tbl_Producto p ON p.Id_Producto = cv.Id_Producto LEFT JOIN dbo.tbl_TipoMaterial tm ON tm.Id_TipoMaterial = cv.Id_TipoMaterial WHERE cv.Id_Venta = ? AND ISNULL(cv.E_Eliminado, 0) = 0 AND cv.Id_TipoMaterial = 1 AND NULLIF(LTRIM(RTRIM(ISNULL(cv.Cod_Inicio, ''))), '') IS NULL AND NULLIF(LTRIM(RTRIM(ISNULL(cv.ChipID, ''))), '') IS NULL ORDER BY p.Nombre, cv.Id_CodigoVenta]
2026-08-11 18:46:43.431 DEBUG 10036 --- [nio-9060-exec-8] o.s.jdbc.datasource.DataSourceUtils      : Fetching JDBC Connection from DataSource
2026-08-11 18:46:43.434 DEBUG 10036 --- [nio-9060-exec-8] o.s.jdbc.core.JdbcTemplate               : Executing prepared SQL query
2026-08-11 18:46:43.434 DEBUG 10036 --- [nio-9060-exec-8] o.s.jdbc.core.JdbcTemplate               : Executing prepared SQL statement [EXEC spx_ValidarCuadreRuta ?, ?]
2026-08-11 18:46:43.434 DEBUG 10036 --- [nio-9060-exec-8] o.s.jdbc.datasource.DataSourceUtils      : Fetching JDBC Connection from DataSource
2026-08-11 18:46:43.439 DEBUG 10036 --- [nio-9060-exec-8] o.s.jdbc.core.JdbcTemplate               : Executing prepared SQL query
2026-08-11 18:46:43.439 DEBUG 10036 --- [nio-9060-exec-8] o.s.jdbc.core.JdbcTemplate               : Executing prepared SQL statement [SELECT COUNT(1) FROM dbo.tbl_CierreAlmacen WHERE CONVERT(date, Fecha) = ? AND ISNULL(E_Eliminado, 0) = 0]
2026-08-11 18:46:43.439 DEBUG 10036 --- [nio-9060-exec-8] o.s.jdbc.datasource.DataSourceUtils      : Fetching JDBC Connection from DataSource
2026-08-11 18:46:43.441 DEBUG 10036 --- [nio-9060-exec-8] o.s.jdbc.core.JdbcTemplate               : Executing prepared SQL query
2026-08-11 18:46:43.441 DEBUG 10036 --- [nio-9060-exec-8] o.s.jdbc.core.JdbcTemplate               : Executing prepared SQL statement [EXEC spx_ExisteCierreAlmacenHoy ?]
2026-08-11 18:46:43.441 DEBUG 10036 --- [nio-9060-exec-8] o.s.jdbc.datasource.DataSourceUtils      : Fetching JDBC Connection from DataSource
2026-08-11 18:46:44.249 DEBUG 10036 --- [nio-9060-exec-8] o.s.jdbc.core.JdbcTemplate               : Executing prepared SQL query
2026-08-11 18:46:44.249 DEBUG 10036 --- [nio-9060-exec-8] o.s.jdbc.core.JdbcTemplate               : Executing prepared SQL statement [SELECT COUNT(1) FROM dbo.tbl_CierreAlmacenPR_PD WHERE CONVERT(date, Fecha) = ? AND ISNULL(E_Eliminado, 0) = 0]
2026-08-11 18:46:44.249 DEBUG 10036 --- [nio-9060-exec-8] o.s.jdbc.datasource.DataSourceUtils      : Fetching JDBC Connection from DataSource
2026-08-11 18:46:44.253 DEBUG 10036 --- [nio-9060-exec-8] o.s.jdbc.core.JdbcTemplate               : Executing prepared SQL query
2026-08-11 18:46:44.253 DEBUG 10036 --- [nio-9060-exec-8] o.s.jdbc.core.JdbcTemplate               : Executing prepared SQL statement [EXEC spx_ExisteCierreAlmacenHoyPR_PD ?]
2026-08-11 18:46:44.253 DEBUG 10036 --- [nio-9060-exec-8] o.s.jdbc.datasource.DataSourceUtils      : Fetching JDBC Connection from DataSource
2026-08-11 18:46:44.411 DEBUG 10036 --- [nio-9060-exec-3] o.s.web.servlet.DispatcherServlet        : PUT "/ot/309166/cantidades-hoy?idSucursal=9", parameters={masked}
2026-08-11 18:46:44.412 DEBUG 10036 --- [nio-9060-exec-3] s.w.s.m.m.a.RequestMappingHandlerMapping : Mapped to com.example.TigoStarSystem.ot.controller.OtController#modificarCantidadesHoy(String, Long, OtModificarCantidadesRequest)
2026-08-11 18:46:44.413 DEBUG 10036 --- [nio-9060-exec-3] m.m.a.RequestResponseBodyMethodProcessor : Read "application/json;charset=UTF-8" to [com.example.TigoStarSystem.ot.dto.OtModificarCantidadesRequest@3dcf09f1]
2026-08-11 18:46:44.420 DEBUG 10036 --- [nio-9060-exec-3] o.s.jdbc.core.JdbcTemplate               : Executing prepared SQL query
2026-08-11 18:46:44.420 DEBUG 10036 --- [nio-9060-exec-3] o.s.jdbc.core.JdbcTemplate               : Executing prepared SQL statement [SELECT DISTINCT CAST(ut.id_vendedor AS INT) AS id_vendedor FROM dbo.tbl_usuariotecnico ut WHERE ut.id_usuario = ? AND ISNULL(ut.e_eliminado, 0) = 0]
2026-08-11 18:46:44.421 DEBUG 10036 --- [nio-9060-exec-3] o.s.jdbc.core.JdbcTemplate               : Executing prepared SQL query
2026-08-11 18:46:44.421 DEBUG 10036 --- [nio-9060-exec-3] o.s.jdbc.core.JdbcTemplate               : Executing prepared SQL statement [SELECT v.Id_Venta AS idVenta, v.OrdenTrabajo AS ordenTrabajo, v.CodigoCliente AS codigoCliente, v.Id_Ruta AS idRuta, v.Id_Vendedor AS idVendedor, v.Fecha_Ejecucion AS fechaEjecucion, v.FechaHoraDetalle AS fechaHoraDetalle, v.Id_Estado AS idEstado, ISNULL(r.Nombre, '') AS grupo, ISNULL(e.Nombre, '') AS estado FROM dbo.tbl_Venta v LEFT JOIN dbo.tbl_Ruta r ON r.Id_Ruta = v.Id_Ruta LEFT JOIN dbo.tbl_Estado e ON e.Id_Estado = v.Id_Estado WHERE ISNULL(v.E_Eliminado, 0) = 0 AND v.FechaHoraDetalle IS NOT NULL AND CONVERT(DATE, v.FechaHoraDetalle) = ? AND v.Id_Vendedor IN (?, ?) ORDER BY v.FechaHoraDetalle DESC, v.Id_Venta DESC]
2026-08-11 18:46:44.463 DEBUG 10036 --- [nio-9060-exec-3] o.s.jdbc.core.JdbcTemplate               : Executing prepared SQL query
2026-08-11 18:46:44.463 DEBUG 10036 --- [nio-9060-exec-3] o.s.jdbc.core.JdbcTemplate               : Executing prepared SQL statement [EXEC spx_ValidarCuadreRuta ?, ?]
2026-08-11 18:46:44.468 DEBUG 10036 --- [nio-9060-exec-3] o.s.jdbc.core.JdbcTemplate               : Executing prepared SQL query
2026-08-11 18:46:44.468 DEBUG 10036 --- [nio-9060-exec-3] o.s.jdbc.core.JdbcTemplate               : Executing prepared SQL statement [SELECT COUNT(1) FROM dbo.tbl_CierreAlmacen WHERE CONVERT(date, Fecha) = ? AND ISNULL(E_Eliminado, 0) = 0]
2026-08-11 18:46:44.471 DEBUG 10036 --- [nio-9060-exec-3] o.s.jdbc.core.JdbcTemplate               : Executing prepared SQL query
2026-08-11 18:46:44.471 DEBUG 10036 --- [nio-9060-exec-3] o.s.jdbc.core.JdbcTemplate               : Executing prepared SQL statement [EXEC spx_ExisteCierreAlmacenHoy ?]
2026-08-11 18:46:45.178 DEBUG 10036 --- [nio-9060-exec-8] o.s.jdbc.core.JdbcTemplate               : Executing prepared SQL query
2026-08-11 18:46:45.178 DEBUG 10036 --- [nio-9060-exec-8] o.s.jdbc.core.JdbcTemplate               : Executing prepared SQL statement [EXEC spx_ValidarCuadreRuta ?, ?]
2026-08-11 18:46:45.178 DEBUG 10036 --- [nio-9060-exec-8] o.s.jdbc.datasource.DataSourceUtils      : Fetching JDBC Connection from DataSource
2026-08-11 18:46:45.184 DEBUG 10036 --- [nio-9060-exec-8] o.s.jdbc.core.JdbcTemplate               : Executing prepared SQL query
2026-08-11 18:46:45.184 DEBUG 10036 --- [nio-9060-exec-8] o.s.jdbc.core.JdbcTemplate               : Executing prepared SQL statement [SELECT COUNT(1) FROM dbo.tbl_CierreAlmacen WHERE CONVERT(date, Fecha) = ? AND ISNULL(E_Eliminado, 0) = 0]
2026-08-11 18:46:45.184 DEBUG 10036 --- [nio-9060-exec-8] o.s.jdbc.datasource.DataSourceUtils      : Fetching JDBC Connection from DataSource
2026-08-11 18:46:45.186 DEBUG 10036 --- [nio-9060-exec-8] o.s.jdbc.core.JdbcTemplate               : Executing prepared SQL query
2026-08-11 18:46:45.186 DEBUG 10036 --- [nio-9060-exec-8] o.s.jdbc.core.JdbcTemplate               : Executing prepared SQL statement [EXEC spx_ExisteCierreAlmacenHoy ?]
2026-08-11 18:46:45.186 DEBUG 10036 --- [nio-9060-exec-8] o.s.jdbc.datasource.DataSourceUtils      : Fetching JDBC Connection from DataSource
2026-08-11 18:46:45.413 DEBUG 10036 --- [nio-9060-exec-3] o.s.jdbc.core.JdbcTemplate               : Executing prepared SQL query
2026-08-11 18:46:45.413 DEBUG 10036 --- [nio-9060-exec-3] o.s.jdbc.core.JdbcTemplate               : Executing prepared SQL statement [SELECT COUNT(1) FROM dbo.tbl_CierreAlmacenPR_PD WHERE CONVERT(date, Fecha) = ? AND ISNULL(E_Eliminado, 0) = 0]
2026-08-11 18:46:45.416 DEBUG 10036 --- [nio-9060-exec-3] o.s.jdbc.core.JdbcTemplate               : Executing prepared SQL query
2026-08-11 18:46:45.416 DEBUG 10036 --- [nio-9060-exec-3] o.s.jdbc.core.JdbcTemplate               : Executing prepared SQL statement [EXEC spx_ExisteCierreAlmacenHoyPR_PD ?]
2026-08-11 18:46:46.135 DEBUG 10036 --- [a-9 housekeeper] com.zaxxer.hikari.pool.HikariPool        : ConnDb-inicio-jornada-9 - Before cleanup stats (total=1, active=0, idle=1, waiting=0)
2026-08-11 18:46:46.135 DEBUG 10036 --- [a-9 housekeeper] com.zaxxer.hikari.pool.HikariPool        : ConnDb-inicio-jornada-9 - After cleanup  stats (total=1, active=0, idle=1, waiting=0)
2026-08-11 18:46:46.135 DEBUG 10036 --- [a-9 housekeeper] com.zaxxer.hikari.pool.HikariPool        : ConnDb-inicio-jornada-9 - Fill pool skipped, pool is at sufficient level.
2026-08-11 18:46:46.138 DEBUG 10036 --- [nio-9060-exec-8] o.s.jdbc.core.JdbcTemplate               : Executing prepared SQL query
2026-08-11 18:46:46.138 DEBUG 10036 --- [nio-9060-exec-8] o.s.jdbc.core.JdbcTemplate               : Executing prepared SQL statement [SELECT COUNT(1) FROM dbo.tbl_CierreAlmacenPR_PD WHERE CONVERT(date, Fecha) = ? AND ISNULL(E_Eliminado, 0) = 0]
2026-08-11 18:46:46.138 DEBUG 10036 --- [nio-9060-exec-8] o.s.jdbc.datasource.DataSourceUtils      : Fetching JDBC Connection from DataSource
2026-08-11 18:46:46.140 DEBUG 10036 --- [nio-9060-exec-8] o.s.jdbc.core.JdbcTemplate               : Executing prepared SQL query
2026-08-11 18:46:46.140 DEBUG 10036 --- [nio-9060-exec-8] o.s.jdbc.core.JdbcTemplate               : Executing prepared SQL statement [EXEC spx_ExisteCierreAlmacenHoyPR_PD ?]
2026-08-11 18:46:46.140 DEBUG 10036 --- [nio-9060-exec-8] o.s.jdbc.datasource.DataSourceUtils      : Fetching JDBC Connection from DataSource
2026-08-11 18:46:46.360 DEBUG 10036 --- [nio-9060-exec-3] o.s.jdbc.core.JdbcTemplate               : Executing prepared SQL query
2026-08-11 18:46:46.361 DEBUG 10036 --- [nio-9060-exec-3] o.s.jdbc.core.JdbcTemplate               : Executing prepared SQL statement [SELECT cv.Id_CodigoVenta AS idCodigoVenta, cv.Id_Venta AS idVenta, cv.Id_Producto AS idProducto, p.Nombre AS producto, cv.Id_TipoMaterial AS idTipoMaterial, tm.Nombre AS tipoMaterial, cv.Cantidad AS cantidad, cv.Cod_Inicio AS serie, cv.ChipID AS chipId FROM dbo.tbl_CodigoVenta cv LEFT JOIN dbo.tbl_Producto p ON p.Id_Producto = cv.Id_Producto LEFT JOIN dbo.tbl_TipoMaterial tm ON tm.Id_TipoMaterial = cv.Id_TipoMaterial WHERE cv.Id_Venta = ? AND ISNULL(cv.E_Eliminado, 0) = 0 AND cv.Id_TipoMaterial = 1 AND NULLIF(LTRIM(RTRIM(ISNULL(cv.Cod_Inicio, ''))), '') IS NULL AND NULLIF(LTRIM(RTRIM(ISNULL(cv.ChipID, ''))), '') IS NULL ORDER BY p.Nombre, cv.Id_CodigoVenta]
2026-08-11 18:46:46.364 DEBUG 10036 --- [nio-9060-exec-3] o.s.jdbc.core.JdbcTemplate               : Executing prepared SQL query
2026-08-11 18:46:46.364 DEBUG 10036 --- [nio-9060-exec-3] o.s.jdbc.core.JdbcTemplate               : Executing prepared SQL statement [SELECT CAST(ISNULL((SELECT SUM(ISNULL(s.cantidad, 0)) FROM dbo.tbl_SaldoTarjetas s WHERE s.Id_Ruta = ? AND s.Id_Producto = ? AND ISNULL(s.E_Eliminado, 0) = 0), 0) - ISNULL((SELECT SUM(ISNULL(cv.Cantidad, 0)) FROM dbo.tbl_CodigoVenta cv INNER JOIN dbo.tbl_Venta v ON v.Id_Venta = cv.Id_Venta WHERE v.Id_Ruta = ? AND cv.Id_Producto = ? AND cv.Id_TipoMaterial = 1 AND cv.Id_CodigoVenta <> ? AND ISNULL(cv.E_Eliminado, 0) = 0 AND ISNULL(v.E_Eliminado, 0) = 0 AND v.FechaHoraDetalle IS NOT NULL AND CONVERT(DATE, v.FechaHoraDetalle) = ?), 0) AS DECIMAL(18,4)) AS disponible]
2026-08-11 18:46:46.398 DEBUG 10036 --- [nio-9060-exec-3] o.s.jdbc.core.JdbcTemplate               : Executing prepared SQL update
2026-08-11 18:46:46.399 DEBUG 10036 --- [nio-9060-exec-3] o.s.jdbc.core.JdbcTemplate               : Executing prepared SQL statement [UPDATE cv SET cv.Cantidad = ? FROM dbo.tbl_CodigoVenta cv INNER JOIN dbo.tbl_Venta v ON v.Id_Venta = cv.Id_Venta WHERE cv.Id_CodigoVenta = ? AND cv.Id_Venta = ? AND ISNULL(cv.E_Eliminado, 0) = 0 AND ISNULL(v.E_Eliminado, 0) = 0 AND v.FechaHoraDetalle IS NOT NULL AND CONVERT(DATE, v.FechaHoraDetalle) = CONVERT(DATE, GETDATE()) AND cv.Id_TipoMaterial = 1 AND NULLIF(LTRIM(RTRIM(ISNULL(cv.Cod_Inicio, ''))), '') IS NULL AND NULLIF(LTRIM(RTRIM(ISNULL(cv.ChipID, ''))), '') IS NULL AND ? <= (ISNULL((SELECT SUM(ISNULL(s.Cantidad, 0)) FROM dbo.tbl_SaldoTarjetas s WHERE s.Id_Ruta = ? AND s.Id_Producto = ? AND ISNULL(s.E_Eliminado, 0) = 0), 0) - ISNULL((SELECT SUM(ISNULL(cvOtro.Cantidad, 0)) FROM dbo.tbl_CodigoVenta cvOtro INNER JOIN dbo.tbl_Venta vOtro ON vOtro.Id_Venta = cvOtro.Id_Venta WHERE vOtro.Id_Ruta = ? AND cvOtro.Id_Producto = ? AND cvOtro.Id_TipoMaterial = 1 AND cvOtro.Id_CodigoVenta <> ? AND ISNULL(cvOtro.E_Eliminado, 0) = 0 AND ISNULL(vOtro.E_Eliminado, 0) = 0 AND vOtro.FechaHoraDetalle IS NOT NULL AND CONVERT(DATE, vOtro.FechaHoraDetalle) = ?), 0))]
2026-08-11 18:46:46.483 DEBUG 10036 --- [nio-9060-exec-3] o.s.w.s.m.m.a.HttpEntityMethodProcessor  : Using 'application/json', given [application/json, text/plain, */*] and supported [application/json, application/*+json, application/json, application/*+json]
2026-08-11 18:46:46.483 DEBUG 10036 --- [nio-9060-exec-3] o.s.w.s.m.m.a.HttpEntityMethodProcessor  : Writing [com.example.TigoStarSystem.common.ApiResponse@17b8186c]
2026-08-11 18:46:46.483 DEBUG 10036 --- [nio-9060-exec-3] o.s.web.servlet.DispatcherServlet        : Completed 200 OK
2026-08-11 18:46:47.041 DEBUG 10036 --- [nio-9060-exec-8] o.s.jdbc.core.JdbcTemplate               : Executing prepared SQL query
2026-08-11 18:46:47.041 DEBUG 10036 --- [nio-9060-exec-8] o.s.jdbc.core.JdbcTemplate               : Executing prepared SQL statement [SELECT cv.Id_CodigoVenta AS idCodigoVenta, cv.Id_Venta AS idVenta, cv.Id_Producto AS idProducto, p.Nombre AS producto, cv.Id_TipoMaterial AS idTipoMaterial, tm.Nombre AS tipoMaterial, cv.Cantidad AS cantidad, cv.Cod_Inicio AS serie, cv.ChipID AS chipId FROM dbo.tbl_CodigoVenta cv LEFT JOIN dbo.tbl_Producto p ON p.Id_Producto = cv.Id_Producto LEFT JOIN dbo.tbl_TipoMaterial tm ON tm.Id_TipoMaterial = cv.Id_TipoMaterial WHERE cv.Id_Venta = ? AND ISNULL(cv.E_Eliminado, 0) = 0 AND cv.Id_TipoMaterial = 1 AND NULLIF(LTRIM(RTRIM(ISNULL(cv.Cod_Inicio, ''))), '') IS NULL AND NULLIF(LTRIM(RTRIM(ISNULL(cv.ChipID, ''))), '') IS NULL ORDER BY p.Nombre, cv.Id_CodigoVenta]
2026-08-11 18:46:47.041 DEBUG 10036 --- [nio-9060-exec-8] o.s.jdbc.datasource.DataSourceUtils      : Fetching JDBC Connection from DataSource
2026-08-11 18:46:47.044 DEBUG 10036 --- [nio-9060-exec-8] o.s.jdbc.core.JdbcTemplate               : Executing prepared SQL query
2026-08-11 18:46:47.044 DEBUG 10036 --- [nio-9060-exec-8] o.s.jdbc.core.JdbcTemplate               : Executing prepared SQL statement [EXEC spx_ValidarCuadreRuta ?, ?]
2026-08-11 18:46:47.044 DEBUG 10036 --- [nio-9060-exec-8] o.s.jdbc.datasource.DataSourceUtils      : Fetching JDBC Connection from DataSource
2026-08-11 18:46:47.048 DEBUG 10036 --- [nio-9060-exec-8] o.s.jdbc.core.JdbcTemplate               : Executing prepared SQL query
2026-08-11 18:46:47.048 DEBUG 10036 --- [nio-9060-exec-8] o.s.jdbc.core.JdbcTemplate               : Executing prepared SQL statement [SELECT COUNT(1) FROM dbo.tbl_CierreAlmacen WHERE CONVERT(date, Fecha) = ? AND ISNULL(E_Eliminado, 0) = 0]
2026-08-11 18:46:47.048 DEBUG 10036 --- [nio-9060-exec-8] o.s.jdbc.datasource.DataSourceUtils      : Fetching JDBC Connection from DataSource
2026-08-11 18:46:47.050 DEBUG 10036 --- [nio-9060-exec-8] o.s.jdbc.core.JdbcTemplate               : Executing prepared SQL query
2026-08-11 18:46:47.050 DEBUG 10036 --- [nio-9060-exec-8] o.s.jdbc.core.JdbcTemplate               : Executing prepared SQL statement [EXEC spx_ExisteCierreAlmacenHoy ?]
2026-08-11 18:46:47.050 DEBUG 10036 --- [nio-9060-exec-8] o.s.jdbc.datasource.DataSourceUtils      : Fetching JDBC Connection from DataSource
2026-08-11 18:46:47.804 DEBUG 10036 --- [nio-9060-exec-2] o.s.web.servlet.DispatcherServlet        : GET "/ot/309166/modificar-hoy?_ts=1786488407478&idSucursal=9", parameters={masked}
2026-08-11 18:46:47.805 DEBUG 10036 --- [nio-9060-exec-2] s.w.s.m.m.a.RequestMappingHandlerMapping : Mapped to com.example.TigoStarSystem.ot.controller.OtController#obtenerOtModificableHoy(String, Long)
2026-08-11 18:46:47.808 DEBUG 10036 --- [nio-9060-exec-2] o.s.jdbc.core.JdbcTemplate               : Executing prepared SQL query
2026-08-11 18:46:47.808 DEBUG 10036 --- [nio-9060-exec-2] o.s.jdbc.core.JdbcTemplate               : Executing prepared SQL statement [SELECT DISTINCT CAST(ut.id_vendedor AS INT) AS id_vendedor FROM dbo.tbl_usuariotecnico ut WHERE ut.id_usuario = ? AND ISNULL(ut.e_eliminado, 0) = 0]
2026-08-11 18:46:47.808 DEBUG 10036 --- [nio-9060-exec-2] o.s.jdbc.datasource.DataSourceUtils      : Fetching JDBC Connection from DataSource
2026-08-11 18:46:47.811 DEBUG 10036 --- [nio-9060-exec-2] o.s.jdbc.core.JdbcTemplate               : Executing prepared SQL query
2026-08-11 18:46:47.811 DEBUG 10036 --- [nio-9060-exec-2] o.s.jdbc.core.JdbcTemplate               : Executing prepared SQL statement [SELECT v.Id_Venta AS idVenta, v.OrdenTrabajo AS ordenTrabajo, v.CodigoCliente AS codigoCliente, v.Id_Ruta AS idRuta, v.Id_Vendedor AS idVendedor, v.Fecha_Ejecucion AS fechaEjecucion, v.FechaHoraDetalle AS fechaHoraDetalle, v.Id_Estado AS idEstado, ISNULL(r.Nombre, '') AS grupo, ISNULL(e.Nombre, '') AS estado FROM dbo.tbl_Venta v LEFT JOIN dbo.tbl_Ruta r ON r.Id_Ruta = v.Id_Ruta LEFT JOIN dbo.tbl_Estado e ON e.Id_Estado = v.Id_Estado WHERE ISNULL(v.E_Eliminado, 0) = 0 AND v.FechaHoraDetalle IS NOT NULL AND CONVERT(DATE, v.FechaHoraDetalle) = ? AND v.Id_Vendedor IN (?, ?) ORDER BY v.FechaHoraDetalle DESC, v.Id_Venta DESC]
2026-08-11 18:46:47.811 DEBUG 10036 --- [nio-9060-exec-2] o.s.jdbc.datasource.DataSourceUtils      : Fetching JDBC Connection from DataSource
2026-08-11 18:46:47.857 DEBUG 10036 --- [nio-9060-exec-8] o.s.jdbc.core.JdbcTemplate               : Executing prepared SQL query
2026-08-11 18:46:47.857 DEBUG 10036 --- [nio-9060-exec-8] o.s.jdbc.core.JdbcTemplate               : Executing prepared SQL statement [SELECT COUNT(1) FROM dbo.tbl_CierreAlmacenPR_PD WHERE CONVERT(date, Fecha) = ? AND ISNULL(E_Eliminado, 0) = 0]
2026-08-11 18:46:47.857 DEBUG 10036 --- [nio-9060-exec-8] o.s.jdbc.datasource.DataSourceUtils      : Fetching JDBC Connection from DataSource
2026-08-11 18:46:47.857 DEBUG 10036 --- [nio-9060-exec-2] o.s.jdbc.core.JdbcTemplate               : Executing prepared SQL query
2026-08-11 18:46:47.857 DEBUG 10036 --- [nio-9060-exec-2] o.s.jdbc.core.JdbcTemplate               : Executing prepared SQL statement [SELECT cv.Id_CodigoVenta AS idCodigoVenta, cv.Id_Venta AS idVenta, cv.Id_Producto AS idProducto, p.Nombre AS producto, cv.Id_TipoMaterial AS idTipoMaterial, tm.Nombre AS tipoMaterial, cv.Cantidad AS cantidad, cv.Cod_Inicio AS serie, cv.ChipID AS chipId FROM dbo.tbl_CodigoVenta cv LEFT JOIN dbo.tbl_Producto p ON p.Id_Producto = cv.Id_Producto LEFT JOIN dbo.tbl_TipoMaterial tm ON tm.Id_TipoMaterial = cv.Id_TipoMaterial WHERE cv.Id_Venta = ? AND ISNULL(cv.E_Eliminado, 0) = 0 AND cv.Id_TipoMaterial = 1 AND NULLIF(LTRIM(RTRIM(ISNULL(cv.Cod_Inicio, ''))), '') IS NULL AND NULLIF(LTRIM(RTRIM(ISNULL(cv.ChipID, ''))), '') IS NULL ORDER BY p.Nombre, cv.Id_CodigoVenta]
2026-08-11 18:46:47.857 DEBUG 10036 --- [nio-9060-exec-2] o.s.jdbc.datasource.DataSourceUtils      : Fetching JDBC Connection from DataSource
2026-08-11 18:46:47.861 DEBUG 10036 --- [nio-9060-exec-8] o.s.jdbc.core.JdbcTemplate               : Executing prepared SQL query
2026-08-11 18:46:47.861 DEBUG 10036 --- [nio-9060-exec-8] o.s.jdbc.core.JdbcTemplate               : Executing prepared SQL statement [EXEC spx_ExisteCierreAlmacenHoyPR_PD ?]
2026-08-11 18:46:47.861 DEBUG 10036 --- [nio-9060-exec-8] o.s.jdbc.datasource.DataSourceUtils      : Fetching JDBC Connection from DataSource
2026-08-11 18:46:47.862 DEBUG 10036 --- [nio-9060-exec-2] o.s.jdbc.core.JdbcTemplate               : Executing prepared SQL query
2026-08-11 18:46:47.862 DEBUG 10036 --- [nio-9060-exec-2] o.s.jdbc.core.JdbcTemplate               : Executing prepared SQL statement [EXEC spx_ValidarCuadreRuta ?, ?]
2026-08-11 18:46:47.862 DEBUG 10036 --- [nio-9060-exec-2] o.s.jdbc.datasource.DataSourceUtils      : Fetching JDBC Connection from DataSource
2026-08-11 18:46:47.868 DEBUG 10036 --- [nio-9060-exec-2] o.s.jdbc.core.JdbcTemplate               : Executing prepared SQL query
2026-08-11 18:46:47.868 DEBUG 10036 --- [nio-9060-exec-2] o.s.jdbc.core.JdbcTemplate               : Executing prepared SQL statement [SELECT COUNT(1) FROM dbo.tbl_CierreAlmacen WHERE CONVERT(date, Fecha) = ? AND ISNULL(E_Eliminado, 0) = 0]
2026-08-11 18:46:47.868 DEBUG 10036 --- [nio-9060-exec-2] o.s.jdbc.datasource.DataSourceUtils      : Fetching JDBC Connection from DataSource
2026-08-11 18:46:47.871 DEBUG 10036 --- [nio-9060-exec-2] o.s.jdbc.core.JdbcTemplate               : Executing prepared SQL query
2026-08-11 18:46:47.871 DEBUG 10036 --- [nio-9060-exec-2] o.s.jdbc.core.JdbcTemplate               : Executing prepared SQL statement [EXEC spx_ExisteCierreAlmacenHoy ?]
2026-08-11 18:46:47.871 DEBUG 10036 --- [nio-9060-exec-2] o.s.jdbc.datasource.DataSourceUtils      : Fetching JDBC Connection from DataSource
2026-08-11 18:46:48.805 DEBUG 10036 --- [nio-9060-exec-2] o.s.jdbc.core.JdbcTemplate               : Executing prepared SQL query
2026-08-11 18:46:48.805 DEBUG 10036 --- [nio-9060-exec-2] o.s.jdbc.core.JdbcTemplate               : Executing prepared SQL statement [SELECT COUNT(1) FROM dbo.tbl_CierreAlmacenPR_PD WHERE CONVERT(date, Fecha) = ? AND ISNULL(E_Eliminado, 0) = 0]
2026-08-11 18:46:48.805 DEBUG 10036 --- [nio-9060-exec-2] o.s.jdbc.datasource.DataSourceUtils      : Fetching JDBC Connection from DataSource
2026-08-11 18:46:48.810 DEBUG 10036 --- [nio-9060-exec-2] o.s.jdbc.core.JdbcTemplate               : Executing prepared SQL query
2026-08-11 18:46:48.810 DEBUG 10036 --- [nio-9060-exec-2] o.s.jdbc.core.JdbcTemplate               : Executing prepared SQL statement [EXEC spx_ExisteCierreAlmacenHoyPR_PD ?]
2026-08-11 18:46:48.810 DEBUG 10036 --- [nio-9060-exec-2] o.s.jdbc.datasource.DataSourceUtils      : Fetching JDBC Connection from DataSource
2026-08-11 18:46:48.817 DEBUG 10036 --- [nio-9060-exec-8] o.s.jdbc.core.JdbcTemplate               : Executing prepared SQL query
2026-08-11 18:46:48.817 DEBUG 10036 --- [nio-9060-exec-8] o.s.jdbc.core.JdbcTemplate               : Executing prepared SQL statement [EXEC spx_ValidarCuadreRuta ?, ?]
2026-08-11 18:46:48.817 DEBUG 10036 --- [nio-9060-exec-8] o.s.jdbc.datasource.DataSourceUtils      : Fetching JDBC Connection from DataSource
2026-08-11 18:46:48.823 DEBUG 10036 --- [nio-9060-exec-8] o.s.jdbc.core.JdbcTemplate               : Executing prepared SQL query
2026-08-11 18:46:48.823 DEBUG 10036 --- [nio-9060-exec-8] o.s.jdbc.core.JdbcTemplate               : Executing prepared SQL statement [SELECT COUNT(1) FROM dbo.tbl_CierreAlmacen WHERE CONVERT(date, Fecha) = ? AND ISNULL(E_Eliminado, 0) = 0]
2026-08-11 18:46:48.823 DEBUG 10036 --- [nio-9060-exec-8] o.s.jdbc.datasource.DataSourceUtils      : Fetching JDBC Connection from DataSource
2026-08-11 18:46:48.825 DEBUG 10036 --- [nio-9060-exec-8] o.s.jdbc.core.JdbcTemplate               : Executing prepared SQL query
2026-08-11 18:46:48.825 DEBUG 10036 --- [nio-9060-exec-8] o.s.jdbc.core.JdbcTemplate               : Executing prepared SQL statement [EXEC spx_ExisteCierreAlmacenHoy ?]
2026-08-11 18:46:48.825 DEBUG 10036 --- [nio-9060-exec-8] o.s.jdbc.datasource.DataSourceUtils      : Fetching JDBC Connection from DataSource
2026-08-11 18:46:49.755 DEBUG 10036 --- [nio-9060-exec-2] o.s.jdbc.core.JdbcTemplate               : Executing prepared SQL query
2026-08-11 18:46:49.755 DEBUG 10036 --- [nio-9060-exec-2] o.s.jdbc.core.JdbcTemplate               : Executing prepared SQL statement [EXEC spx_ValidarCuadreRuta ?, ?]
2026-08-11 18:46:49.755 DEBUG 10036 --- [nio-9060-exec-2] o.s.jdbc.datasource.DataSourceUtils      : Fetching JDBC Connection from DataSource
2026-08-11 18:46:49.761 DEBUG 10036 --- [nio-9060-exec-2] o.s.jdbc.core.JdbcTemplate               : Executing prepared SQL query
2026-08-11 18:46:49.761 DEBUG 10036 --- [nio-9060-exec-2] o.s.jdbc.core.JdbcTemplate               : Executing prepared SQL statement [SELECT COUNT(1) FROM dbo.tbl_CierreAlmacen WHERE CONVERT(date, Fecha) = ? AND ISNULL(E_Eliminado, 0) = 0]
2026-08-11 18:46:49.761 DEBUG 10036 --- [nio-9060-exec-2] o.s.jdbc.datasource.DataSourceUtils      : Fetching JDBC Connection from DataSource
2026-08-11 18:46:49.764 DEBUG 10036 --- [nio-9060-exec-2] o.s.jdbc.core.JdbcTemplate               : Executing prepared SQL query
2026-08-11 18:46:49.764 DEBUG 10036 --- [nio-9060-exec-2] o.s.jdbc.core.JdbcTemplate               : Executing prepared SQL statement [EXEC spx_ExisteCierreAlmacenHoy ?]
2026-08-11 18:46:49.764 DEBUG 10036 --- [nio-9060-exec-2] o.s.jdbc.datasource.DataSourceUtils      : Fetching JDBC Connection from DataSource
2026-08-11 18:46:49.766 DEBUG 10036 --- [nio-9060-exec-8] o.s.jdbc.core.JdbcTemplate               : Executing prepared SQL query
2026-08-11 18:46:49.766 DEBUG 10036 --- [nio-9060-exec-8] o.s.jdbc.core.JdbcTemplate               : Executing prepared SQL statement [SELECT COUNT(1) FROM dbo.tbl_CierreAlmacenPR_PD WHERE CONVERT(date, Fecha) = ? AND ISNULL(E_Eliminado, 0) = 0]
2026-08-11 18:46:49.766 DEBUG 10036 --- [nio-9060-exec-8] o.s.jdbc.datasource.DataSourceUtils      : Fetching JDBC Connection from DataSource
2026-08-11 18:46:49.769 DEBUG 10036 --- [nio-9060-exec-8] o.s.jdbc.core.JdbcTemplate               : Executing prepared SQL query
2026-08-11 18:46:49.769 DEBUG 10036 --- [nio-9060-exec-8] o.s.jdbc.core.JdbcTemplate               : Executing prepared SQL statement [EXEC spx_ExisteCierreAlmacenHoyPR_PD ?]
2026-08-11 18:46:49.769 DEBUG 10036 --- [nio-9060-exec-8] o.s.jdbc.datasource.DataSourceUtils      : Fetching JDBC Connection from DataSource
2026-08-11 18:46:50.517 DEBUG 10036 --- [nio-9060-exec-4] o.s.web.servlet.DispatcherServlet        : GET "/tecnico/inicio-jornada/cierre-estado", parameters={}
2026-08-11 18:46:50.517 DEBUG 10036 --- [nio-9060-exec-4] s.w.s.m.m.a.RequestMappingHandlerMapping : Mapped to com.example.TigoStarSystem.tecnicoiniciojornada.controller.TecnicoInicioJornadaController#estadoCierre(String)
2026-08-11 18:46:50.524 DEBUG 10036 --- [nio-9060-exec-4] o.s.jdbc.core.JdbcTemplate               : Executing prepared SQL query
2026-08-11 18:46:50.525 DEBUG 10036 --- [nio-9060-exec-4] o.s.jdbc.core.JdbcTemplate               : Executing prepared SQL statement [EXEC dbo.SP_InicioJornada_MarcarNoCierreAtrasado ?]
2026-08-11 18:46:50.525 DEBUG 10036 --- [nio-9060-exec-4] o.s.jdbc.datasource.DataSourceUtils      : Fetching JDBC Connection from DataSource
2026-08-11 18:46:50.532 DEBUG 10036 --- [nio-9060-exec-4] o.s.jdbc.core.JdbcTemplate               : Executing prepared SQL query
2026-08-11 18:46:50.532 DEBUG 10036 --- [nio-9060-exec-4] o.s.jdbc.core.JdbcTemplate               : Executing prepared SQL statement [SELECT TOP 1 ultimo.id_inicio, ultimo.id_tecnico, ultimo.id_encargado, ultimo.fecha_registro, ultimo.fecha_cierre, ultimo.pendiente, ultimo.no_marco_cierre FROM (   SELECT TOP 1 id_inicio, id_tecnico, id_encargado, fecha_registro, fecha_cierre, pendiente, no_marco_cierre, e_eliminado   FROM dbo.tbl_InicioJornadaAlturas   WHERE id_tecnico = ?     AND CAST(fecha_registro AS DATE) < CAST(GETDATE() AS DATE)   ORDER BY fecha_registro DESC, id_inicio DESC ) ultimo WHERE fecha_cierre IS NULL   AND ISNULL(e_eliminado, 0) = 0   AND ISNULL(no_marco_cierre, 0) = 1]
2026-08-11 18:46:50.532 DEBUG 10036 --- [nio-9060-exec-4] o.s.jdbc.datasource.DataSourceUtils      : Fetching JDBC Connection from DataSource
2026-08-11 18:46:50.536 DEBUG 10036 --- [nio-9060-exec-4] o.s.jdbc.core.JdbcTemplate               : Executing prepared SQL query
2026-08-11 18:46:50.536 DEBUG 10036 --- [nio-9060-exec-4] o.s.jdbc.core.JdbcTemplate               : Executing prepared SQL statement [EXEC dbo.SP_InicioJornada_EstadoCierreHoy ?]
2026-08-11 18:46:50.536 DEBUG 10036 --- [nio-9060-exec-4] o.s.jdbc.datasource.DataSourceUtils      : Fetching JDBC Connection from DataSource
2026-08-11 18:46:50.538 DEBUG 10036 --- [nio-9060-exec-4] o.s.jdbc.core.JdbcTemplate               : Executing prepared SQL query
2026-08-11 18:46:50.538 DEBUG 10036 --- [nio-9060-exec-4] o.s.jdbc.core.JdbcTemplate               : Executing prepared SQL statement [EXEC dbo.SP_InicioJornada_CountNoMarco ?]
2026-08-11 18:46:50.538 DEBUG 10036 --- [nio-9060-exec-4] o.s.jdbc.datasource.DataSourceUtils      : Fetching JDBC Connection from DataSource
2026-08-11 18:46:50.542 DEBUG 10036 --- [nio-9060-exec-4] o.s.w.s.m.m.a.HttpEntityMethodProcessor  : Using 'application/json', given [application/json, text/plain, */*] and supported [application/json, application/*+json, application/json, application/*+json]
2026-08-11 18:46:50.542 DEBUG 10036 --- [nio-9060-exec-4] o.s.w.s.m.m.a.HttpEntityMethodProcessor  : Writing [com.example.TigoStarSystem.common.ApiResponse@6573497d]
2026-08-11 18:46:50.542 DEBUG 10036 --- [nio-9060-exec-4] o.s.web.servlet.DispatcherServlet        : Completed 200 OK
2026-08-11 18:46:50.719 DEBUG 10036 --- [nio-9060-exec-2] o.s.jdbc.core.JdbcTemplate               : Executing prepared SQL query
2026-08-11 18:46:50.719 DEBUG 10036 --- [nio-9060-exec-2] o.s.jdbc.core.JdbcTemplate               : Executing prepared SQL statement [SELECT COUNT(1) FROM dbo.tbl_CierreAlmacenPR_PD WHERE CONVERT(date, Fecha) = ? AND ISNULL(E_Eliminado, 0) = 0]
2026-08-11 18:46:50.719 DEBUG 10036 --- [nio-9060-exec-2] o.s.jdbc.datasource.DataSourceUtils      : Fetching JDBC Connection from DataSource
2026-08-11 18:46:50.722 DEBUG 10036 --- [nio-9060-exec-2] o.s.jdbc.core.JdbcTemplate               : Executing prepared SQL query
2026-08-11 18:46:50.722 DEBUG 10036 --- [nio-9060-exec-2] o.s.jdbc.core.JdbcTemplate               : Executing prepared SQL statement [EXEC spx_ExisteCierreAlmacenHoyPR_PD ?]
2026-08-11 18:46:50.722 DEBUG 10036 --- [nio-9060-exec-2] o.s.jdbc.datasource.DataSourceUtils      : Fetching JDBC Connection from DataSource
2026-08-11 18:46:50.734 DEBUG 10036 --- [nio-9060-exec-8] o.s.jdbc.core.JdbcTemplate               : Executing prepared SQL query
2026-08-11 18:46:50.734 DEBUG 10036 --- [nio-9060-exec-8] o.s.jdbc.core.JdbcTemplate               : Executing prepared SQL statement [SELECT cv.Id_CodigoVenta AS idCodigoVenta, cv.Id_Venta AS idVenta, cv.Id_Producto AS idProducto, p.Nombre AS producto, cv.Id_TipoMaterial AS idTipoMaterial, tm.Nombre AS tipoMaterial, cv.Cantidad AS cantidad, cv.Cod_Inicio AS serie, cv.ChipID AS chipId FROM dbo.tbl_CodigoVenta cv LEFT JOIN dbo.tbl_Producto p ON p.Id_Producto = cv.Id_Producto LEFT JOIN dbo.tbl_TipoMaterial tm ON tm.Id_TipoMaterial = cv.Id_TipoMaterial WHERE cv.Id_Venta = ? AND ISNULL(cv.E_Eliminado, 0) = 0 AND cv.Id_TipoMaterial = 1 AND NULLIF(LTRIM(RTRIM(ISNULL(cv.Cod_Inicio, ''))), '') IS NULL AND NULLIF(LTRIM(RTRIM(ISNULL(cv.ChipID, ''))), '') IS NULL ORDER BY p.Nombre, cv.Id_CodigoVenta]
2026-08-11 18:46:50.734 DEBUG 10036 --- [nio-9060-exec-8] o.s.jdbc.datasource.DataSourceUtils      : Fetching JDBC Connection from DataSource
2026-08-11 18:46:50.738 DEBUG 10036 --- [nio-9060-exec-8] o.s.jdbc.core.JdbcTemplate               : Executing prepared SQL query
2026-08-11 18:46:50.738 DEBUG 10036 --- [nio-9060-exec-8] o.s.jdbc.core.JdbcTemplate               : Executing prepared SQL statement [EXEC spx_ValidarCuadreRuta ?, ?]
2026-08-11 18:46:50.738 DEBUG 10036 --- [nio-9060-exec-8] o.s.jdbc.datasource.DataSourceUtils      : Fetching JDBC Connection from DataSource
2026-08-11 18:46:50.743 DEBUG 10036 --- [nio-9060-exec-8] o.s.jdbc.core.JdbcTemplate               : Executing prepared SQL query
2026-08-11 18:46:50.743 DEBUG 10036 --- [nio-9060-exec-8] o.s.jdbc.core.JdbcTemplate               : Executing prepared SQL statement [SELECT COUNT(1) FROM dbo.tbl_CierreAlmacen WHERE CONVERT(date, Fecha) = ? AND ISNULL(E_Eliminado, 0) = 0]
2026-08-11 18:46:50.743 DEBUG 10036 --- [nio-9060-exec-8] o.s.jdbc.datasource.DataSourceUtils      : Fetching JDBC Connection from DataSource
2026-08-11 18:46:50.745 DEBUG 10036 --- [nio-9060-exec-8] o.s.jdbc.core.JdbcTemplate               : Executing prepared SQL query
2026-08-11 18:46:50.745 DEBUG 10036 --- [nio-9060-exec-8] o.s.jdbc.core.JdbcTemplate               : Executing prepared SQL statement [EXEC spx_ExisteCierreAlmacenHoy ?]
2026-08-11 18:46:50.745 DEBUG 10036 --- [nio-9060-exec-8] o.s.jdbc.datasource.DataSourceUtils      : Fetching JDBC Connection from DataSource
2026-08-11 18:46:51.671 DEBUG 10036 --- [nio-9060-exec-2] o.s.w.s.m.m.a.HttpEntityMethodProcessor  : Using 'application/json', given [application/json, text/plain, */*] and supported [application/json, application/*+json, application/json, application/*+json]
2026-08-11 18:46:51.671 DEBUG 10036 --- [nio-9060-exec-2] o.s.w.s.m.m.a.HttpEntityMethodProcessor  : Writing [com.example.TigoStarSystem.common.ApiResponse@6f6396c1]
2026-08-11 18:46:51.672 DEBUG 10036 --- [nio-9060-exec-2] o.s.web.servlet.DispatcherServlet        : Completed 200 OK
2026-08-11 18:46:51.679 DEBUG 10036 --- [nio-9060-exec-8] o.s.jdbc.core.JdbcTemplate               : Executing prepared SQL query
2026-08-11 18:46:51.679 DEBUG 10036 --- [nio-9060-exec-8] o.s.jdbc.core.JdbcTemplate               : Executing prepared SQL statement [SELECT COUNT(1) FROM dbo.tbl_CierreAlmacenPR_PD WHERE CONVERT(date, Fecha) = ? AND ISNULL(E_Eliminado, 0) = 0]
2026-08-11 18:46:51.679 DEBUG 10036 --- [nio-9060-exec-8] o.s.jdbc.datasource.DataSourceUtils      : Fetching JDBC Connection from DataSource
2026-08-11 18:46:51.682 DEBUG 10036 --- [nio-9060-exec-8] o.s.jdbc.core.JdbcTemplate               : Executing prepared SQL query
2026-08-11 18:46:51.682 DEBUG 10036 --- [nio-9060-exec-8] o.s.jdbc.core.JdbcTemplate               : Executing prepared SQL statement [EXEC spx_ExisteCierreAlmacenHoyPR_PD ?]
2026-08-11 18:46:51.682 DEBUG 10036 --- [nio-9060-exec-8] o.s.jdbc.datasource.DataSourceUtils      : Fetching JDBC Connection from DataSource
2026-08-11 18:46:51.710 DEBUG 10036 --- [nio-9060-exec-5] o.s.web.servlet.DispatcherServlet        : GET "/tecnico/inicio-jornada/estado", parameters={}
2026-08-11 18:46:51.710 DEBUG 10036 --- [nio-9060-exec-5] s.w.s.m.m.a.RequestMappingHandlerMapping : Mapped to com.example.TigoStarSystem.tecnicoiniciojornada.controller.TecnicoInicioJornadaController#estado(String, String)
2026-08-11 18:46:51.711 DEBUG 10036 --- [nio-9060-exec-5] o.s.jdbc.core.JdbcTemplate               : Executing prepared SQL query
2026-08-11 18:46:51.711 DEBUG 10036 --- [nio-9060-exec-5] o.s.jdbc.core.JdbcTemplate               : Executing prepared SQL statement [EXEC dbo.SP_InicioJornada_MarcarNoCierreAtrasado ?]
2026-08-11 18:46:51.711 DEBUG 10036 --- [nio-9060-exec-5] o.s.jdbc.datasource.DataSourceUtils      : Fetching JDBC Connection from DataSource
2026-08-11 18:46:51.720 DEBUG 10036 --- [nio-9060-exec-5] o.s.jdbc.core.JdbcTemplate               : Executing prepared SQL query
2026-08-11 18:46:51.720 DEBUG 10036 --- [nio-9060-exec-5] o.s.jdbc.core.JdbcTemplate               : Executing prepared SQL statement [SELECT TOP 1 ultimo.id_inicio, ultimo.id_tecnico, ultimo.id_encargado, ultimo.fecha_registro, ultimo.fecha_cierre, ultimo.pendiente, ultimo.no_marco_cierre FROM (   SELECT TOP 1 id_inicio, id_tecnico, id_encargado, fecha_registro, fecha_cierre, pendiente, no_marco_cierre, e_eliminado   FROM dbo.tbl_InicioJornadaAlturas   WHERE id_tecnico = ?     AND CAST(fecha_registro AS DATE) < CAST(GETDATE() AS DATE)   ORDER BY fecha_registro DESC, id_inicio DESC ) ultimo WHERE fecha_cierre IS NULL   AND ISNULL(e_eliminado, 0) = 0   AND ISNULL(no_marco_cierre, 0) = 1]
2026-08-11 18:46:51.720 DEBUG 10036 --- [nio-9060-exec-5] o.s.jdbc.datasource.DataSourceUtils      : Fetching JDBC Connection from DataSource
2026-08-11 18:46:51.723 DEBUG 10036 --- [nio-9060-exec-5] o.s.jdbc.core.JdbcTemplate               : Executing prepared SQL query
2026-08-11 18:46:51.723 DEBUG 10036 --- [nio-9060-exec-5] o.s.jdbc.core.JdbcTemplate               : Executing prepared SQL statement [EXEC dbo.SP_InicioJornada_ExisteRegistroHoy ?]
2026-08-11 18:46:51.723 DEBUG 10036 --- [nio-9060-exec-5] o.s.jdbc.datasource.DataSourceUtils      : Fetching JDBC Connection from DataSource
2026-08-11 18:46:51.725 DEBUG 10036 --- [nio-9060-exec-5] o.s.jdbc.core.JdbcTemplate               : Executing SQL query [EXEC dbo.spx_ObtenerSucursalesConexionWeb]
2026-08-11 18:46:51.725 DEBUG 10036 --- [nio-9060-exec-5] o.s.jdbc.datasource.DataSourceUtils      : Fetching JDBC Connection from DataSource
2026-08-11 18:46:51.729 DEBUG 10036 --- [nio-9060-exec-5] o.s.jdbc.core.JdbcTemplate               : Executing SQL query [EXEC dbo.spx_ObtenerSucursalesConexionWeb]
2026-08-11 18:46:51.729 DEBUG 10036 --- [nio-9060-exec-5] o.s.jdbc.datasource.DataSourceUtils      : Fetching JDBC Connection from DataSource
2026-08-11 18:46:51.731 DEBUG 10036 --- [nio-9060-exec-5] o.s.jdbc.core.JdbcTemplate               : Executing prepared SQL query
2026-08-11 18:46:51.731 DEBUG 10036 --- [nio-9060-exec-5] o.s.jdbc.core.JdbcTemplate               : Executing prepared SQL statement [SELECT TOP 1 CAST(c.idUsuarioSupervisor AS INT) AS idEncargado, CAST(c.supervisorACargo AS NVARCHAR(200)) AS encargado, CAST(c.id AS INT) AS idConformacion, CAST(c.id_tecnicoAuxiliar AS INT) AS idAuxiliar, CAST(c.auxiliar AS NVARCHAR(250)) AS auxiliar, c.sucursal, c.fecha, c.fechaRegistro FROM dbo.tbl_ConformacionCuadrillaDiario c WHERE ISNULL(c.e_eliminado, 0) = 0   AND CONVERT(date, c.fecha) = CONVERT(date, GETDATE())   AND (? IS NULL OR LOWER(REPLACE(REPLACE(REPLACE(LTRIM(RTRIM(ISNULL(c.sucursal, ''))), '_', ''), '-', ''), ' ', '')) =                   LOWER(REPLACE(REPLACE(REPLACE(LTRIM(RTRIM(?)), '_', ''), '-', ''), ' ', '')))   AND (        (? > 0 AND (? = c.id_tecnico OR ? = c.id_tecnicoAuxiliar))        OR (? <> '' AND (            LOWER(LTRIM(RTRIM(ISNULL(c.tecnico, '')))) = ?            OR LOWER(LTRIM(RTRIM(ISNULL(c.auxiliar, '')))) = ?        ))   ) ORDER BY ISNULL(c.fechaRegistro, '19000101') DESC, c.id DESC]
2026-08-11 18:46:51.731 DEBUG 10036 --- [nio-9060-exec-5] o.s.jdbc.datasource.DataSourceUtils      : Fetching JDBC Connection from DataSource
2026-08-11 18:46:51.734 DEBUG 10036 --- [nio-9060-exec-5] o.s.jdbc.core.JdbcTemplate               : Executing prepared SQL query
2026-08-11 18:46:51.734 DEBUG 10036 --- [nio-9060-exec-5] o.s.jdbc.core.JdbcTemplate               : Executing prepared SQL statement [SELECT TOP 1 Nombre FROM dbo.tbl_Usuario WHERE Id_Usuario = ? AND ISNULL(E_Eliminado,0)=0]
2026-08-11 18:46:51.734 DEBUG 10036 --- [nio-9060-exec-5] o.s.jdbc.datasource.DataSourceUtils      : Fetching JDBC Connection from DataSource
2026-08-11 18:46:51.737 DEBUG 10036 --- [nio-9060-exec-5] o.s.w.s.m.m.a.HttpEntityMethodProcessor  : Using 'application/json', given [application/json, text/plain, */*] and supported [application/json, application/*+json, application/json, application/*+json]
2026-08-11 18:46:51.737 DEBUG 10036 --- [nio-9060-exec-5] o.s.w.s.m.m.a.HttpEntityMethodProcessor  : Writing [com.example.TigoStarSystem.common.ApiResponse@7aa55941]
2026-08-11 18:46:51.737 DEBUG 10036 --- [nio-9060-exec-5] o.s.web.servlet.DispatcherServlet        : Completed 200 OK
2026-08-11 18:46:52.490 DEBUG 10036 --- [nio-9060-exec-8] o.s.jdbc.core.JdbcTemplate               : Executing prepared SQL query
2026-08-11 18:46:52.490 DEBUG 10036 --- [nio-9060-exec-8] o.s.jdbc.core.JdbcTemplate               : Executing prepared SQL statement [EXEC spx_ValidarCuadreRuta ?, ?]
2026-08-11 18:46:52.490 DEBUG 10036 --- [nio-9060-exec-8] o.s.jdbc.datasource.DataSourceUtils      : Fetching JDBC Connection from DataSource
2026-08-11 18:46:52.496 DEBUG 10036 --- [nio-9060-exec-8] o.s.jdbc.core.JdbcTemplate               : Executing prepared SQL query
2026-08-11 18:46:52.496 DEBUG 10036 --- [nio-9060-exec-8] o.s.jdbc.core.JdbcTemplate               : Executing prepared SQL statement [SELECT COUNT(1) FROM dbo.tbl_CierreAlmacen WHERE CONVERT(date, Fecha) = ? AND ISNULL(E_Eliminado, 0) = 0]
2026-08-11 18:46:52.496 DEBUG 10036 --- [nio-9060-exec-8] o.s.jdbc.datasource.DataSourceUtils      : Fetching JDBC Connection from DataSource
2026-08-11 18:46:52.497 DEBUG 10036 --- [nio-9060-exec-8] o.s.jdbc.core.JdbcTemplate               : Executing prepared SQL query
2026-08-11 18:46:52.498 DEBUG 10036 --- [nio-9060-exec-8] o.s.jdbc.core.JdbcTemplate               : Executing prepared SQL statement [EXEC spx_ExisteCierreAlmacenHoy ?]
2026-08-11 18:46:52.498 DEBUG 10036 --- [nio-9060-exec-8] o.s.jdbc.datasource.DataSourceUtils      : Fetching JDBC Connection from DataSource
2026-08-11 18:46:53.305 DEBUG 10036 --- [nio-9060-exec-8] o.s.jdbc.core.JdbcTemplate               : Executing prepared SQL query
2026-08-11 18:46:53.305 DEBUG 10036 --- [nio-9060-exec-8] o.s.jdbc.core.JdbcTemplate               : Executing prepared SQL statement [SELECT COUNT(1) FROM dbo.tbl_CierreAlmacenPR_PD WHERE CONVERT(date, Fecha) = ? AND ISNULL(E_Eliminado, 0) = 0]
2026-08-11 18:46:53.305 DEBUG 10036 --- [nio-9060-exec-8] o.s.jdbc.datasource.DataSourceUtils      : Fetching JDBC Connection from DataSource
2026-08-11 18:46:53.307 DEBUG 10036 --- [nio-9060-exec-8] o.s.jdbc.core.JdbcTemplate               : Executing prepared SQL query
2026-08-11 18:46:53.307 DEBUG 10036 --- [nio-9060-exec-8] o.s.jdbc.core.JdbcTemplate               : Executing prepared SQL statement [EXEC spx_ExisteCierreAlmacenHoyPR_PD ?]
2026-08-11 18:46:53.307 DEBUG 10036 --- [nio-9060-exec-8] o.s.jdbc.datasource.DataSourceUtils      : Fetching JDBC Connection from DataSource
2026-08-11 18:46:53.722 DEBUG 10036 --- [nio-9060-exec-9] o.s.web.servlet.DispatcherServlet        : GET "/ot/309166/modificar-hoy?_ts=1786488413405&idSucursal=9", parameters={masked}
2026-08-11 18:46:53.722 DEBUG 10036 --- [nio-9060-exec-9] s.w.s.m.m.a.RequestMappingHandlerMapping : Mapped to com.example.TigoStarSystem.ot.controller.OtController#obtenerOtModificableHoy(String, Long)
2026-08-11 18:46:53.724 DEBUG 10036 --- [nio-9060-exec-9] o.s.jdbc.core.JdbcTemplate               : Executing prepared SQL query
2026-08-11 18:46:53.724 DEBUG 10036 --- [nio-9060-exec-9] o.s.jdbc.core.JdbcTemplate               : Executing prepared SQL statement [SELECT DISTINCT CAST(ut.id_vendedor AS INT) AS id_vendedor FROM dbo.tbl_usuariotecnico ut WHERE ut.id_usuario = ? AND ISNULL(ut.e_eliminado, 0) = 0]
2026-08-11 18:46:53.724 DEBUG 10036 --- [nio-9060-exec-9] o.s.jdbc.datasource.DataSourceUtils      : Fetching JDBC Connection from DataSource
2026-08-11 18:46:53.726 DEBUG 10036 --- [nio-9060-exec-9] o.s.jdbc.core.JdbcTemplate               : Executing prepared SQL query
2026-08-11 18:46:53.726 DEBUG 10036 --- [nio-9060-exec-9] o.s.jdbc.core.JdbcTemplate               : Executing prepared SQL statement [SELECT v.Id_Venta AS idVenta, v.OrdenTrabajo AS ordenTrabajo, v.CodigoCliente AS codigoCliente, v.Id_Ruta AS idRuta, v.Id_Vendedor AS idVendedor, v.Fecha_Ejecucion AS fechaEjecucion, v.FechaHoraDetalle AS fechaHoraDetalle, v.Id_Estado AS idEstado, ISNULL(r.Nombre, '') AS grupo, ISNULL(e.Nombre, '') AS estado FROM dbo.tbl_Venta v LEFT JOIN dbo.tbl_Ruta r ON r.Id_Ruta = v.Id_Ruta LEFT JOIN dbo.tbl_Estado e ON e.Id_Estado = v.Id_Estado WHERE ISNULL(v.E_Eliminado, 0) = 0 AND v.FechaHoraDetalle IS NOT NULL AND CONVERT(DATE, v.FechaHoraDetalle) = ? AND v.Id_Vendedor IN (?, ?) ORDER BY v.FechaHoraDetalle DESC, v.Id_Venta DESC]
2026-08-11 18:46:53.726 DEBUG 10036 --- [nio-9060-exec-9] o.s.jdbc.datasource.DataSourceUtils      : Fetching JDBC Connection from DataSource
2026-08-11 18:46:53.756 DEBUG 10036 --- [nio-9060-exec-9] o.s.jdbc.core.JdbcTemplate               : Executing prepared SQL query
2026-08-11 18:46:53.756 DEBUG 10036 --- [nio-9060-exec-9] o.s.jdbc.core.JdbcTemplate               : Executing prepared SQL statement [SELECT cv.Id_CodigoVenta AS idCodigoVenta, cv.Id_Venta AS idVenta, cv.Id_Producto AS idProducto, p.Nombre AS producto, cv.Id_TipoMaterial AS idTipoMaterial, tm.Nombre AS tipoMaterial, cv.Cantidad AS cantidad, cv.Cod_Inicio AS serie, cv.ChipID AS chipId FROM dbo.tbl_CodigoVenta cv LEFT JOIN dbo.tbl_Producto p ON p.Id_Producto = cv.Id_Producto LEFT JOIN dbo.tbl_TipoMaterial tm ON tm.Id_TipoMaterial = cv.Id_TipoMaterial WHERE cv.Id_Venta = ? AND ISNULL(cv.E_Eliminado, 0) = 0 AND cv.Id_TipoMaterial = 1 AND NULLIF(LTRIM(RTRIM(ISNULL(cv.Cod_Inicio, ''))), '') IS NULL AND NULLIF(LTRIM(RTRIM(ISNULL(cv.ChipID, ''))), '') IS NULL ORDER BY p.Nombre, cv.Id_CodigoVenta]
2026-08-11 18:46:53.756 DEBUG 10036 --- [nio-9060-exec-9] o.s.jdbc.datasource.DataSourceUtils      : Fetching JDBC Connection from DataSource
2026-08-11 18:46:53.757 DEBUG 10036 --- [nio-9060-exec-9] o.s.jdbc.core.JdbcTemplate               : Executing prepared SQL query
2026-08-11 18:46:53.757 DEBUG 10036 --- [nio-9060-exec-9] o.s.jdbc.core.JdbcTemplate               : Executing prepared SQL statement [EXEC spx_ValidarCuadreRuta ?, ?]
2026-08-11 18:46:53.757 DEBUG 10036 --- [nio-9060-exec-9] o.s.jdbc.datasource.DataSourceUtils      : Fetching JDBC Connection from DataSource
2026-08-11 18:46:53.761 DEBUG 10036 --- [nio-9060-exec-9] o.s.jdbc.core.JdbcTemplate               : Executing prepared SQL query
2026-08-11 18:46:53.761 DEBUG 10036 --- [nio-9060-exec-9] o.s.jdbc.core.JdbcTemplate               : Executing prepared SQL statement [SELECT COUNT(1) FROM dbo.tbl_CierreAlmacen WHERE CONVERT(date, Fecha) = ? AND ISNULL(E_Eliminado, 0) = 0]
2026-08-11 18:46:53.761 DEBUG 10036 --- [nio-9060-exec-9] o.s.jdbc.datasource.DataSourceUtils      : Fetching JDBC Connection from DataSource
2026-08-11 18:46:53.763 DEBUG 10036 --- [nio-9060-exec-9] o.s.jdbc.core.JdbcTemplate               : Executing prepared SQL query
2026-08-11 18:46:53.763 DEBUG 10036 --- [nio-9060-exec-9] o.s.jdbc.core.JdbcTemplate               : Executing prepared SQL statement [EXEC spx_ExisteCierreAlmacenHoy ?]
2026-08-11 18:46:53.763 DEBUG 10036 --- [nio-9060-exec-9] o.s.jdbc.datasource.DataSourceUtils      : Fetching JDBC Connection from DataSource
2026-08-11 18:46:54.183 DEBUG 10036 --- [nio-9060-exec-8] o.s.jdbc.core.JdbcTemplate               : Executing prepared SQL query
2026-08-11 18:46:54.183 DEBUG 10036 --- [nio-9060-exec-8] o.s.jdbc.core.JdbcTemplate               : Executing prepared SQL statement [SELECT cv.Id_CodigoVenta AS idCodigoVenta, cv.Id_Venta AS idVenta, cv.Id_Producto AS idProducto, p.Nombre AS producto, cv.Id_TipoMaterial AS idTipoMaterial, tm.Nombre AS tipoMaterial, cv.Cantidad AS cantidad, cv.Cod_Inicio AS serie, cv.ChipID AS chipId FROM dbo.tbl_CodigoVenta cv LEFT JOIN dbo.tbl_Producto p ON p.Id_Producto = cv.Id_Producto LEFT JOIN dbo.tbl_TipoMaterial tm ON tm.Id_TipoMaterial = cv.Id_TipoMaterial WHERE cv.Id_Venta = ? AND ISNULL(cv.E_Eliminado, 0) = 0 AND cv.Id_TipoMaterial = 1 AND NULLIF(LTRIM(RTRIM(ISNULL(cv.Cod_Inicio, ''))), '') IS NULL AND NULLIF(LTRIM(RTRIM(ISNULL(cv.ChipID, ''))), '') IS NULL ORDER BY p.Nombre, cv.Id_CodigoVenta]
2026-08-11 18:46:54.183 DEBUG 10036 --- [nio-9060-exec-8] o.s.jdbc.datasource.DataSourceUtils      : Fetching JDBC Connection from DataSource
2026-08-11 18:46:54.186 DEBUG 10036 --- [nio-9060-exec-8] o.s.jdbc.core.JdbcTemplate               : Executing prepared SQL query
2026-08-11 18:46:54.186 DEBUG 10036 --- [nio-9060-exec-8] o.s.jdbc.core.JdbcTemplate               : Executing prepared SQL statement [EXEC spx_ValidarCuadreRuta ?, ?]
2026-08-11 18:46:54.186 DEBUG 10036 --- [nio-9060-exec-8] o.s.jdbc.datasource.DataSourceUtils      : Fetching JDBC Connection from DataSource
2026-08-11 18:46:54.191 DEBUG 10036 --- [nio-9060-exec-8] o.s.jdbc.core.JdbcTemplate               : Executing prepared SQL query
2026-08-11 18:46:54.191 DEBUG 10036 --- [nio-9060-exec-8] o.s.jdbc.core.JdbcTemplate               : Executing prepared SQL statement [SELECT COUNT(1) FROM dbo.tbl_CierreAlmacen WHERE CONVERT(date, Fecha) = ? AND ISNULL(E_Eliminado, 0) = 0]
2026-08-11 18:46:54.191 DEBUG 10036 --- [nio-9060-exec-8] o.s.jdbc.datasource.DataSourceUtils      : Fetching JDBC Connection from DataSource
2026-08-11 18:46:54.193 DEBUG 10036 --- [nio-9060-exec-8] o.s.jdbc.core.JdbcTemplate               : Executing prepared SQL query
2026-08-11 18:46:54.193 DEBUG 10036 --- [nio-9060-exec-8] o.s.jdbc.core.JdbcTemplate               : Executing prepared SQL statement [EXEC spx_ExisteCierreAlmacenHoy ?]
2026-08-11 18:46:54.193 DEBUG 10036 --- [nio-9060-exec-8] o.s.jdbc.datasource.DataSourceUtils      : Fetching JDBC Connection from DataSource
2026-08-11 18:46:54.711 DEBUG 10036 --- [nio-9060-exec-9] o.s.jdbc.core.JdbcTemplate               : Executing prepared SQL query
2026-08-11 18:46:54.711 DEBUG 10036 --- [nio-9060-exec-9] o.s.jdbc.core.JdbcTemplate               : Executing prepared SQL statement [SELECT COUNT(1) FROM dbo.tbl_CierreAlmacenPR_PD WHERE CONVERT(date, Fecha) = ? AND ISNULL(E_Eliminado, 0) = 0]
2026-08-11 18:46:54.711 DEBUG 10036 --- [nio-9060-exec-9] o.s.jdbc.datasource.DataSourceUtils      : Fetching JDBC Connection from DataSource
2026-08-11 18:46:54.712 DEBUG 10036 --- [nio-9060-exec-9] o.s.jdbc.core.JdbcTemplate               : Executing prepared SQL query
2026-08-11 18:46:54.712 DEBUG 10036 --- [nio-9060-exec-9] o.s.jdbc.core.JdbcTemplate               : Executing prepared SQL statement [EXEC spx_ExisteCierreAlmacenHoyPR_PD ?]
2026-08-11 18:46:54.712 DEBUG 10036 --- [nio-9060-exec-9] o.s.jdbc.datasource.DataSourceUtils      : Fetching JDBC Connection from DataSource
2026-08-11 18:46:55.149 DEBUG 10036 --- [nio-9060-exec-8] o.s.jdbc.core.JdbcTemplate               : Executing prepared SQL query
2026-08-11 18:46:55.149 DEBUG 10036 --- [nio-9060-exec-8] o.s.jdbc.core.JdbcTemplate               : Executing prepared SQL statement [SELECT COUNT(1) FROM dbo.tbl_CierreAlmacenPR_PD WHERE CONVERT(date, Fecha) = ? AND ISNULL(E_Eliminado, 0) = 0]
2026-08-11 18:46:55.149 DEBUG 10036 --- [nio-9060-exec-8] o.s.jdbc.datasource.DataSourceUtils      : Fetching JDBC Connection from DataSource
2026-08-11 18:46:55.152 DEBUG 10036 --- [nio-9060-exec-8] o.s.jdbc.core.JdbcTemplate               : Executing prepared SQL query
2026-08-11 18:46:55.152 DEBUG 10036 --- [nio-9060-exec-8] o.s.jdbc.core.JdbcTemplate               : Executing prepared SQL statement [EXEC spx_ExisteCierreAlmacenHoyPR_PD ?]
2026-08-11 18:46:55.152 DEBUG 10036 --- [nio-9060-exec-8] o.s.jdbc.datasource.DataSourceUtils      : Fetching JDBC Connection from DataSource
2026-08-11 18:46:55.675 DEBUG 10036 --- [nio-9060-exec-9] o.s.jdbc.core.JdbcTemplate               : Executing prepared SQL query
2026-08-11 18:46:55.675 DEBUG 10036 --- [nio-9060-exec-9] o.s.jdbc.core.JdbcTemplate               : Executing prepared SQL statement [EXEC spx_ValidarCuadreRuta ?, ?]
2026-08-11 18:46:55.675 DEBUG 10036 --- [nio-9060-exec-9] o.s.jdbc.datasource.DataSourceUtils      : Fetching JDBC Connection from DataSource
2026-08-11 18:46:55.684 DEBUG 10036 --- [nio-9060-exec-9] o.s.jdbc.core.JdbcTemplate               : Executing prepared SQL query
2026-08-11 18:46:55.684 DEBUG 10036 --- [nio-9060-exec-9] o.s.jdbc.core.JdbcTemplate               : Executing prepared SQL statement [SELECT COUNT(1) FROM dbo.tbl_CierreAlmacen WHERE CONVERT(date, Fecha) = ? AND ISNULL(E_Eliminado, 0) = 0]
2026-08-11 18:46:55.684 DEBUG 10036 --- [nio-9060-exec-9] o.s.jdbc.datasource.DataSourceUtils      : Fetching JDBC Connection from DataSource
2026-08-11 18:46:55.686 DEBUG 10036 --- [nio-9060-exec-9] o.s.jdbc.core.JdbcTemplate               : Executing prepared SQL query
2026-08-11 18:46:55.686 DEBUG 10036 --- [nio-9060-exec-9] o.s.jdbc.core.JdbcTemplate               : Executing prepared SQL statement [EXEC spx_ExisteCierreAlmacenHoy ?]
2026-08-11 18:46:55.686 DEBUG 10036 --- [nio-9060-exec-9] o.s.jdbc.datasource.DataSourceUtils      : Fetching JDBC Connection from DataSource
2026-08-11 18:46:56.090 DEBUG 10036 --- [nio-9060-exec-8] o.s.jdbc.core.JdbcTemplate               : Executing prepared SQL query
2026-08-11 18:46:56.090 DEBUG 10036 --- [nio-9060-exec-8] o.s.jdbc.core.JdbcTemplate               : Executing prepared SQL statement [EXEC spx_ValidarCuadreRuta ?, ?]
2026-08-11 18:46:56.090 DEBUG 10036 --- [nio-9060-exec-8] o.s.jdbc.datasource.DataSourceUtils      : Fetching JDBC Connection from DataSource
2026-08-11 18:46:56.097 DEBUG 10036 --- [nio-9060-exec-8] o.s.jdbc.core.JdbcTemplate               : Executing prepared SQL query
2026-08-11 18:46:56.097 DEBUG 10036 --- [nio-9060-exec-8] o.s.jdbc.core.JdbcTemplate               : Executing prepared SQL statement [SELECT COUNT(1) FROM dbo.tbl_CierreAlmacen WHERE CONVERT(date, Fecha) = ? AND ISNULL(E_Eliminado, 0) = 0]
2026-08-11 18:46:56.097 DEBUG 10036 --- [nio-9060-exec-8] o.s.jdbc.datasource.DataSourceUtils      : Fetching JDBC Connection from DataSource
2026-08-11 18:46:56.099 DEBUG 10036 --- [nio-9060-exec-8] o.s.jdbc.core.JdbcTemplate               : Executing prepared SQL query
2026-08-11 18:46:56.099 DEBUG 10036 --- [nio-9060-exec-8] o.s.jdbc.core.JdbcTemplate               : Executing prepared SQL statement [EXEC spx_ExisteCierreAlmacenHoy ?]
2026-08-11 18:46:56.099 DEBUG 10036 --- [nio-9060-exec-8] o.s.jdbc.datasource.DataSourceUtils      : Fetching JDBC Connection from DataSource
2026-08-11 18:46:56.572 DEBUG 10036 --- [ool housekeeper] com.zaxxer.hikari.pool.HikariPool        : CentralHikariPool - Before cleanup stats (total=1, active=0, idle=1, waiting=0)
2026-08-11 18:46:56.572 DEBUG 10036 --- [ool housekeeper] com.zaxxer.hikari.pool.HikariPool        : CentralHikariPool - After cleanup  stats (total=1, active=0, idle=1, waiting=0)
2026-08-11 18:46:56.572 DEBUG 10036 --- [ool housekeeper] com.zaxxer.hikari.pool.HikariPool        : CentralHikariPool - Fill pool skipped, pool is at sufficient level.
2026-08-11 18:46:56.587 DEBUG 10036 --- [l-1 housekeeper] com.zaxxer.hikari.pool.HikariPool        : HikariPool-1 - Before cleanup stats (total=3, active=2, idle=1, waiting=0)
2026-08-11 18:46:56.587 DEBUG 10036 --- [l-1 housekeeper] com.zaxxer.hikari.pool.HikariPool        : HikariPool-1 - After cleanup  stats (total=3, active=2, idle=1, waiting=0)
2026-08-11 18:46:56.587 DEBUG 10036 --- [l-1 housekeeper] com.zaxxer.hikari.pool.HikariPool        : HikariPool-1 - Fill pool skipped, pool is at sufficient level.
2026-08-11 18:46:56.621 DEBUG 10036 --- [nio-9060-exec-9] o.s.jdbc.core.JdbcTemplate               : Executing prepared SQL query
2026-08-11 18:46:56.621 DEBUG 10036 --- [nio-9060-exec-9] o.s.jdbc.core.JdbcTemplate               : Executing prepared SQL statement [SELECT COUNT(1) FROM dbo.tbl_CierreAlmacenPR_PD WHERE CONVERT(date, Fecha) = ? AND ISNULL(E_Eliminado, 0) = 0]
2026-08-11 18:46:56.621 DEBUG 10036 --- [nio-9060-exec-9] o.s.jdbc.datasource.DataSourceUtils      : Fetching JDBC Connection from DataSource
2026-08-11 18:46:56.623 DEBUG 10036 --- [nio-9060-exec-9] o.s.jdbc.core.JdbcTemplate               : Executing prepared SQL query
2026-08-11 18:46:56.623 DEBUG 10036 --- [nio-9060-exec-9] o.s.jdbc.core.JdbcTemplate               : Executing prepared SQL statement [EXEC spx_ExisteCierreAlmacenHoyPR_PD ?]
2026-08-11 18:46:56.623 DEBUG 10036 --- [nio-9060-exec-9] o.s.jdbc.datasource.DataSourceUtils      : Fetching JDBC Connection from DataSource
2026-08-11 18:46:56.928 DEBUG 10036 --- [ool housekeeper] com.zaxxer.hikari.pool.HikariPool        : TigoHogarHikariPool - Before cleanup stats (total=2, active=0, idle=2, waiting=0)
2026-08-11 18:46:56.928 DEBUG 10036 --- [ool housekeeper] com.zaxxer.hikari.pool.HikariPool        : TigoHogarHikariPool - After cleanup  stats (total=2, active=0, idle=2, waiting=0)
2026-08-11 18:46:56.928 DEBUG 10036 --- [ool housekeeper] com.zaxxer.hikari.pool.HikariPool        : TigoHogarHikariPool - Fill pool skipped, pool is at sufficient level.
2026-08-11 18:46:57.033 DEBUG 10036 --- [nio-9060-exec-8] o.s.jdbc.core.JdbcTemplate               : Executing prepared SQL query
2026-08-11 18:46:57.033 DEBUG 10036 --- [nio-9060-exec-8] o.s.jdbc.core.JdbcTemplate               : Executing prepared SQL statement [SELECT COUNT(1) FROM dbo.tbl_CierreAlmacenPR_PD WHERE CONVERT(date, Fecha) = ? AND ISNULL(E_Eliminado, 0) = 0]
2026-08-11 18:46:57.033 DEBUG 10036 --- [nio-9060-exec-8] o.s.jdbc.datasource.DataSourceUtils      : Fetching JDBC Connection from DataSource
2026-08-11 18:46:57.035 DEBUG 10036 --- [nio-9060-exec-8] o.s.jdbc.core.JdbcTemplate               : Executing prepared SQL query
2026-08-11 18:46:57.036 DEBUG 10036 --- [nio-9060-exec-8] o.s.jdbc.core.JdbcTemplate               : Executing prepared SQL statement [EXEC spx_ExisteCierreAlmacenHoyPR_PD ?]
2026-08-11 18:46:57.036 DEBUG 10036 --- [nio-9060-exec-8] o.s.jdbc.datasource.DataSourceUtils      : Fetching JDBC Connection from DataSource
2026-08-11 18:46:57.574 DEBUG 10036 --- [nio-9060-exec-9] o.s.w.s.m.m.a.HttpEntityMethodProcessor  : Using 'application/json', given [application/json, text/plain, */*] and supported [application/json, application/*+json, application/json, application/*+json]
2026-08-11 18:46:57.575 DEBUG 10036 --- [nio-9060-exec-9] o.s.w.s.m.m.a.HttpEntityMethodProcessor  : Writing [com.example.TigoStarSystem.common.ApiResponse@4d810383]
2026-08-11 18:46:57.575 DEBUG 10036 --- [nio-9060-exec-9] o.s.web.servlet.DispatcherServlet        : Completed 200 OK
2026-08-11 18:46:57.918 DEBUG 10036 --- [nio-9060-exec-8] o.s.jdbc.core.JdbcTemplate               : Executing prepared SQL query
2026-08-11 18:46:57.918 DEBUG 10036 --- [nio-9060-exec-8] o.s.jdbc.core.JdbcTemplate               : Executing prepared SQL statement [SELECT cv.Id_CodigoVenta AS idCodigoVenta, cv.Id_Venta AS idVenta, cv.Id_Producto AS idProducto, p.Nombre AS producto, cv.Id_TipoMaterial AS idTipoMaterial, tm.Nombre AS tipoMaterial, cv.Cantidad AS cantidad, cv.Cod_Inicio AS serie, cv.ChipID AS chipId FROM dbo.tbl_CodigoVenta cv LEFT JOIN dbo.tbl_Producto p ON p.Id_Producto = cv.Id_Producto LEFT JOIN dbo.tbl_TipoMaterial tm ON tm.Id_TipoMaterial = cv.Id_TipoMaterial WHERE cv.Id_Venta = ? AND ISNULL(cv.E_Eliminado, 0) = 0 AND cv.Id_TipoMaterial = 1 AND NULLIF(LTRIM(RTRIM(ISNULL(cv.Cod_Inicio, ''))), '') IS NULL AND NULLIF(LTRIM(RTRIM(ISNULL(cv.ChipID, ''))), '') IS NULL ORDER BY p.Nombre, cv.Id_CodigoVenta]
2026-08-11 18:46:57.918 DEBUG 10036 --- [nio-9060-exec-8] o.s.jdbc.datasource.DataSourceUtils      : Fetching JDBC Connection from DataSource
2026-08-11 18:46:57.921 DEBUG 10036 --- [nio-9060-exec-8] o.s.jdbc.core.JdbcTemplate               : Executing prepared SQL query
2026-08-11 18:46:57.921 DEBUG 10036 --- [nio-9060-exec-8] o.s.jdbc.core.JdbcTemplate               : Executing prepared SQL statement [EXEC spx_ValidarCuadreRuta ?, ?]
2026-08-11 18:46:57.921 DEBUG 10036 --- [nio-9060-exec-8] o.s.jdbc.datasource.DataSourceUtils      : Fetching JDBC Connection from DataSource
2026-08-11 18:46:57.925 DEBUG 10036 --- [nio-9060-exec-8] o.s.jdbc.core.JdbcTemplate               : Executing prepared SQL query
2026-08-11 18:46:57.926 DEBUG 10036 --- [nio-9060-exec-8] o.s.jdbc.core.JdbcTemplate               : Executing prepared SQL statement [SELECT COUNT(1) FROM dbo.tbl_CierreAlmacen WHERE CONVERT(date, Fecha) = ? AND ISNULL(E_Eliminado, 0) = 0]
2026-08-11 18:46:57.926 DEBUG 10036 --- [nio-9060-exec-8] o.s.jdbc.datasource.DataSourceUtils      : Fetching JDBC Connection from DataSource
2026-08-11 18:46:57.928 DEBUG 10036 --- [nio-9060-exec-8] o.s.jdbc.core.JdbcTemplate               : Executing prepared SQL query
2026-08-11 18:46:57.928 DEBUG 10036 --- [nio-9060-exec-8] o.s.jdbc.core.JdbcTemplate               : Executing prepared SQL statement [EXEC spx_ExisteCierreAlmacenHoy ?]
2026-08-11 18:46:57.928 DEBUG 10036 --- [nio-9060-exec-8] o.s.jdbc.datasource.DataSourceUtils      : Fetching JDBC Connection from DataSource
2026-08-11 18:46:58.729 DEBUG 10036 --- [nio-9060-exec-8] o.s.jdbc.core.JdbcTemplate               : Executing prepared SQL query
2026-08-11 18:46:58.729 DEBUG 10036 --- [nio-9060-exec-8] o.s.jdbc.core.JdbcTemplate               : Executing prepared SQL statement [SELECT COUNT(1) FROM dbo.tbl_CierreAlmacenPR_PD WHERE CONVERT(date, Fecha) = ? AND ISNULL(E_Eliminado, 0) = 0]
2026-08-11 18:46:58.729 DEBUG 10036 --- [nio-9060-exec-8] o.s.jdbc.datasource.DataSourceUtils      : Fetching JDBC Connection from DataSource
2026-08-11 18:46:58.732 DEBUG 10036 --- [nio-9060-exec-8] o.s.jdbc.core.JdbcTemplate               : Executing prepared SQL query
2026-08-11 18:46:58.732 DEBUG 10036 --- [nio-9060-exec-8] o.s.jdbc.core.JdbcTemplate               : Executing prepared SQL statement [EXEC spx_ExisteCierreAlmacenHoyPR_PD ?]
2026-08-11 18:46:58.732 DEBUG 10036 --- [nio-9060-exec-8] o.s.jdbc.datasource.DataSourceUtils      : Fetching JDBC Connection from DataSource
2026-08-11 18:46:59.541 DEBUG 10036 --- [nio-9060-exec-8] o.s.jdbc.core.JdbcTemplate               : Executing prepared SQL query
2026-08-11 18:46:59.541 DEBUG 10036 --- [nio-9060-exec-8] o.s.jdbc.core.JdbcTemplate               : Executing prepared SQL statement [EXEC spx_ValidarCuadreRuta ?, ?]
2026-08-11 18:46:59.541 DEBUG 10036 --- [nio-9060-exec-8] o.s.jdbc.datasource.DataSourceUtils      : Fetching JDBC Connection from DataSource
2026-08-11 18:46:59.547 DEBUG 10036 --- [nio-9060-exec-8] o.s.jdbc.core.JdbcTemplate               : Executing prepared SQL query
2026-08-11 18:46:59.547 DEBUG 10036 --- [nio-9060-exec-8] o.s.jdbc.core.JdbcTemplate               : Executing prepared SQL statement [SELECT COUNT(1) FROM dbo.tbl_CierreAlmacen WHERE CONVERT(date, Fecha) = ? AND ISNULL(E_Eliminado, 0) = 0]
2026-08-11 18:46:59.547 DEBUG 10036 --- [nio-9060-exec-8] o.s.jdbc.datasource.DataSourceUtils      : Fetching JDBC Connection from DataSource
2026-08-11 18:46:59.552 DEBUG 10036 --- [nio-9060-exec-8] o.s.jdbc.core.JdbcTemplate               : Executing prepared SQL query
2026-08-11 18:46:59.552 DEBUG 10036 --- [nio-9060-exec-8] o.s.jdbc.core.JdbcTemplate               : Executing prepared SQL statement [EXEC spx_ExisteCierreAlmacenHoy ?]
2026-08-11 18:46:59.552 DEBUG 10036 --- [nio-9060-exec-8] o.s.jdbc.datasource.DataSourceUtils      : Fetching JDBC Connection from DataSource
2026-08-11 18:47:00.352 DEBUG 10036 --- [nio-9060-exec-8] o.s.jdbc.core.JdbcTemplate               : Executing prepared SQL query
2026-08-11 18:47:00.352 DEBUG 10036 --- [nio-9060-exec-8] o.s.jdbc.core.JdbcTemplate               : Executing prepared SQL statement [SELECT COUNT(1) FROM dbo.tbl_CierreAlmacenPR_PD WHERE CONVERT(date, Fecha) = ? AND ISNULL(E_Eliminado, 0) = 0]
2026-08-11 18:47:00.352 DEBUG 10036 --- [nio-9060-exec-8] o.s.jdbc.datasource.DataSourceUtils      : Fetching JDBC Connection from DataSource
2026-08-11 18:47:00.355 DEBUG 10036 --- [nio-9060-exec-8] o.s.jdbc.core.JdbcTemplate               : Executing prepared SQL query
2026-08-11 18:47:00.355 DEBUG 10036 --- [nio-9060-exec-8] o.s.jdbc.core.JdbcTemplate               : Executing prepared SQL statement [EXEC spx_ExisteCierreAlmacenHoyPR_PD ?]
2026-08-11 18:47:00.355 DEBUG 10036 --- [nio-9060-exec-8] o.s.jdbc.datasource.DataSourceUtils      : Fetching JDBC Connection from DataSource
2026-08-11 18:47:01.181 DEBUG 10036 --- [nio-9060-exec-8] o.s.jdbc.core.JdbcTemplate               : Executing prepared SQL query
2026-08-11 18:47:01.181 DEBUG 10036 --- [nio-9060-exec-8] o.s.jdbc.core.JdbcTemplate               : Executing prepared SQL statement [SELECT cv.Id_CodigoVenta AS idCodigoVenta, cv.Id_Venta AS idVenta, cv.Id_Producto AS idProducto, p.Nombre AS producto, cv.Id_TipoMaterial AS idTipoMaterial, tm.Nombre AS tipoMaterial, cv.Cantidad AS cantidad, cv.Cod_Inicio AS serie, cv.ChipID AS chipId FROM dbo.tbl_CodigoVenta cv LEFT JOIN dbo.tbl_Producto p ON p.Id_Producto = cv.Id_Producto LEFT JOIN dbo.tbl_TipoMaterial tm ON tm.Id_TipoMaterial = cv.Id_TipoMaterial WHERE cv.Id_Venta = ? AND ISNULL(cv.E_Eliminado, 0) = 0 AND cv.Id_TipoMaterial = 1 AND NULLIF(LTRIM(RTRIM(ISNULL(cv.Cod_Inicio, ''))), '') IS NULL AND NULLIF(LTRIM(RTRIM(ISNULL(cv.ChipID, ''))), '') IS NULL ORDER BY p.Nombre, cv.Id_CodigoVenta]
2026-08-11 18:47:01.181 DEBUG 10036 --- [nio-9060-exec-8] o.s.jdbc.datasource.DataSourceUtils      : Fetching JDBC Connection from DataSource
2026-08-11 18:47:01.183 DEBUG 10036 --- [nio-9060-exec-8] o.s.jdbc.core.JdbcTemplate               : Executing prepared SQL query
2026-08-11 18:47:01.183 DEBUG 10036 --- [nio-9060-exec-8] o.s.jdbc.core.JdbcTemplate               : Executing prepared SQL statement [EXEC spx_ValidarCuadreRuta ?, ?]
2026-08-11 18:47:01.183 DEBUG 10036 --- [nio-9060-exec-8] o.s.jdbc.datasource.DataSourceUtils      : Fetching JDBC Connection from DataSource
2026-08-11 18:47:01.187 DEBUG 10036 --- [nio-9060-exec-8] o.s.jdbc.core.JdbcTemplate               : Executing prepared SQL query
2026-08-11 18:47:01.187 DEBUG 10036 --- [nio-9060-exec-8] o.s.jdbc.core.JdbcTemplate               : Executing prepared SQL statement [SELECT COUNT(1) FROM dbo.tbl_CierreAlmacen WHERE CONVERT(date, Fecha) = ? AND ISNULL(E_Eliminado, 0) = 0]
2026-08-11 18:47:01.187 DEBUG 10036 --- [nio-9060-exec-8] o.s.jdbc.datasource.DataSourceUtils      : Fetching JDBC Connection from DataSource
2026-08-11 18:47:01.189 DEBUG 10036 --- [nio-9060-exec-8] o.s.jdbc.core.JdbcTemplate               : Executing prepared SQL query
2026-08-11 18:47:01.189 DEBUG 10036 --- [nio-9060-exec-8] o.s.jdbc.core.JdbcTemplate               : Executing prepared SQL statement [EXEC spx_ExisteCierreAlmacenHoy ?]
2026-08-11 18:47:01.189 DEBUG 10036 --- [nio-9060-exec-8] o.s.jdbc.datasource.DataSourceUtils      : Fetching JDBC Connection from DataSource
2026-08-11 18:47:01.991 DEBUG 10036 --- [nio-9060-exec-8] o.s.jdbc.core.JdbcTemplate               : Executing prepared SQL query
2026-08-11 18:47:01.991 DEBUG 10036 --- [nio-9060-exec-8] o.s.jdbc.core.JdbcTemplate               : Executing prepared SQL statement [SELECT COUNT(1) FROM dbo.tbl_CierreAlmacenPR_PD WHERE CONVERT(date, Fecha) = ? AND ISNULL(E_Eliminado, 0) = 0]
2026-08-11 18:47:01.991 DEBUG 10036 --- [nio-9060-exec-8] o.s.jdbc.datasource.DataSourceUtils      : Fetching JDBC Connection from DataSource
2026-08-11 18:47:01.994 DEBUG 10036 --- [nio-9060-exec-8] o.s.jdbc.core.JdbcTemplate               : Executing prepared SQL query
2026-08-11 18:47:01.994 DEBUG 10036 --- [nio-9060-exec-8] o.s.jdbc.core.JdbcTemplate               : Executing prepared SQL statement [EXEC spx_ExisteCierreAlmacenHoyPR_PD ?]
2026-08-11 18:47:01.994 DEBUG 10036 --- [nio-9060-exec-8] o.s.jdbc.datasource.DataSourceUtils      : Fetching JDBC Connection from DataSource
2026-08-11 18:47:02.799 DEBUG 10036 --- [nio-9060-exec-8] o.s.jdbc.core.JdbcTemplate               : Executing prepared SQL query
2026-08-11 18:47:02.799 DEBUG 10036 --- [nio-9060-exec-8] o.s.jdbc.core.JdbcTemplate               : Executing prepared SQL statement [EXEC spx_ValidarCuadreRuta ?, ?]
2026-08-11 18:47:02.799 DEBUG 10036 --- [nio-9060-exec-8] o.s.jdbc.datasource.DataSourceUtils      : Fetching JDBC Connection from DataSource
2026-08-11 18:47:02.813 DEBUG 10036 --- [nio-9060-exec-8] o.s.jdbc.core.JdbcTemplate               : Executing prepared SQL query
2026-08-11 18:47:02.813 DEBUG 10036 --- [nio-9060-exec-8] o.s.jdbc.core.JdbcTemplate               : Executing prepared SQL statement [SELECT COUNT(1) FROM dbo.tbl_CierreAlmacen WHERE CONVERT(date, Fecha) = ? AND ISNULL(E_Eliminado, 0) = 0]
2026-08-11 18:47:02.813 DEBUG 10036 --- [nio-9060-exec-8] o.s.jdbc.datasource.DataSourceUtils      : Fetching JDBC Connection from DataSource
2026-08-11 18:47:02.828 DEBUG 10036 --- [nio-9060-exec-8] o.s.jdbc.core.JdbcTemplate               : Executing prepared SQL query
2026-08-11 18:47:02.828 DEBUG 10036 --- [nio-9060-exec-8] o.s.jdbc.core.JdbcTemplate               : Executing prepared SQL statement [EXEC spx_ExisteCierreAlmacenHoy ?]
2026-08-11 18:47:02.828 DEBUG 10036 --- [nio-9060-exec-8] o.s.jdbc.datasource.DataSourceUtils      : Fetching JDBC Connection from DataSource
2026-08-11 18:47:03.351 DEBUG 10036 --- [nio-9060-exec-1] o.s.web.servlet.DispatcherServlet        : PUT "/ot/309166/cantidades-hoy?idSucursal=9", parameters={masked}
2026-08-11 18:47:03.352 DEBUG 10036 --- [nio-9060-exec-1] s.w.s.m.m.a.RequestMappingHandlerMapping : Mapped to com.example.TigoStarSystem.ot.controller.OtController#modificarCantidadesHoy(String, Long, OtModificarCantidadesRequest)
2026-08-11 18:47:03.353 DEBUG 10036 --- [nio-9060-exec-1] m.m.a.RequestResponseBodyMethodProcessor : Read "application/json;charset=UTF-8" to [com.example.TigoStarSystem.ot.dto.OtModificarCantidadesRequest@18a91710]
2026-08-11 18:47:03.362 DEBUG 10036 --- [nio-9060-exec-1] o.s.jdbc.core.JdbcTemplate               : Executing prepared SQL query
2026-08-11 18:47:03.362 DEBUG 10036 --- [nio-9060-exec-1] o.s.jdbc.core.JdbcTemplate               : Executing prepared SQL statement [SELECT DISTINCT CAST(ut.id_vendedor AS INT) AS id_vendedor FROM dbo.tbl_usuariotecnico ut WHERE ut.id_usuario = ? AND ISNULL(ut.e_eliminado, 0) = 0]
2026-08-11 18:47:03.363 DEBUG 10036 --- [nio-9060-exec-1] o.s.jdbc.core.JdbcTemplate               : Executing prepared SQL query
2026-08-11 18:47:03.363 DEBUG 10036 --- [nio-9060-exec-1] o.s.jdbc.core.JdbcTemplate               : Executing prepared SQL statement [SELECT v.Id_Venta AS idVenta, v.OrdenTrabajo AS ordenTrabajo, v.CodigoCliente AS codigoCliente, v.Id_Ruta AS idRuta, v.Id_Vendedor AS idVendedor, v.Fecha_Ejecucion AS fechaEjecucion, v.FechaHoraDetalle AS fechaHoraDetalle, v.Id_Estado AS idEstado, ISNULL(r.Nombre, '') AS grupo, ISNULL(e.Nombre, '') AS estado FROM dbo.tbl_Venta v LEFT JOIN dbo.tbl_Ruta r ON r.Id_Ruta = v.Id_Ruta LEFT JOIN dbo.tbl_Estado e ON e.Id_Estado = v.Id_Estado WHERE ISNULL(v.E_Eliminado, 0) = 0 AND v.FechaHoraDetalle IS NOT NULL AND CONVERT(DATE, v.FechaHoraDetalle) = ? AND v.Id_Vendedor IN (?, ?) ORDER BY v.FechaHoraDetalle DESC, v.Id_Venta DESC]
2026-08-11 18:47:03.378 DEBUG 10036 --- [nio-9060-exec-1] o.s.jdbc.core.JdbcTemplate               : Executing prepared SQL query
2026-08-11 18:47:03.378 DEBUG 10036 --- [nio-9060-exec-1] o.s.jdbc.core.JdbcTemplate               : Executing prepared SQL statement [EXEC spx_ValidarCuadreRuta ?, ?]
2026-08-11 18:47:03.383 DEBUG 10036 --- [nio-9060-exec-1] o.s.jdbc.core.JdbcTemplate               : Executing prepared SQL query
2026-08-11 18:47:03.383 DEBUG 10036 --- [nio-9060-exec-1] o.s.jdbc.core.JdbcTemplate               : Executing prepared SQL statement [SELECT COUNT(1) FROM dbo.tbl_CierreAlmacen WHERE CONVERT(date, Fecha) = ? AND ISNULL(E_Eliminado, 0) = 0]
2026-08-11 18:47:03.385 DEBUG 10036 --- [nio-9060-exec-1] o.s.jdbc.core.JdbcTemplate               : Executing prepared SQL query
2026-08-11 18:47:03.385 DEBUG 10036 --- [nio-9060-exec-1] o.s.jdbc.core.JdbcTemplate               : Executing prepared SQL statement [EXEC spx_ExisteCierreAlmacenHoy ?]
2026-08-11 18:47:03.690 DEBUG 10036 --- [nio-9060-exec-8] o.s.jdbc.core.JdbcTemplate               : Executing prepared SQL query
2026-08-11 18:47:03.690 DEBUG 10036 --- [nio-9060-exec-8] o.s.jdbc.core.JdbcTemplate               : Executing prepared SQL statement [SELECT COUNT(1) FROM dbo.tbl_CierreAlmacenPR_PD WHERE CONVERT(date, Fecha) = ? AND ISNULL(E_Eliminado, 0) = 0]
2026-08-11 18:47:03.690 DEBUG 10036 --- [nio-9060-exec-8] o.s.jdbc.datasource.DataSourceUtils      : Fetching JDBC Connection from DataSource
2026-08-11 18:47:03.693 DEBUG 10036 --- [nio-9060-exec-8] o.s.jdbc.core.JdbcTemplate               : Executing prepared SQL query
2026-08-11 18:47:03.693 DEBUG 10036 --- [nio-9060-exec-8] o.s.jdbc.core.JdbcTemplate               : Executing prepared SQL statement [EXEC spx_ExisteCierreAlmacenHoyPR_PD ?]
2026-08-11 18:47:03.693 DEBUG 10036 --- [nio-9060-exec-8] o.s.jdbc.datasource.DataSourceUtils      : Fetching JDBC Connection from DataSource
2026-08-11 18:47:04.339 DEBUG 10036 --- [nio-9060-exec-1] o.s.jdbc.core.JdbcTemplate               : Executing prepared SQL query
2026-08-11 18:47:04.339 DEBUG 10036 --- [nio-9060-exec-1] o.s.jdbc.core.JdbcTemplate               : Executing prepared SQL statement [SELECT COUNT(1) FROM dbo.tbl_CierreAlmacenPR_PD WHERE CONVERT(date, Fecha) = ? AND ISNULL(E_Eliminado, 0) = 0]
2026-08-11 18:47:04.341 DEBUG 10036 --- [nio-9060-exec-1] o.s.jdbc.core.JdbcTemplate               : Executing prepared SQL query
2026-08-11 18:47:04.341 DEBUG 10036 --- [nio-9060-exec-1] o.s.jdbc.core.JdbcTemplate               : Executing prepared SQL statement [EXEC spx_ExisteCierreAlmacenHoyPR_PD ?]
2026-08-11 18:47:04.649 DEBUG 10036 --- [nio-9060-exec-8] o.s.jdbc.core.JdbcTemplate               : Executing prepared SQL query
2026-08-11 18:47:04.649 DEBUG 10036 --- [nio-9060-exec-8] o.s.jdbc.core.JdbcTemplate               : Executing prepared SQL statement [SELECT cv.Id_CodigoVenta AS idCodigoVenta, cv.Id_Venta AS idVenta, cv.Id_Producto AS idProducto, p.Nombre AS producto, cv.Id_TipoMaterial AS idTipoMaterial, tm.Nombre AS tipoMaterial, cv.Cantidad AS cantidad, cv.Cod_Inicio AS serie, cv.ChipID AS chipId FROM dbo.tbl_CodigoVenta cv LEFT JOIN dbo.tbl_Producto p ON p.Id_Producto = cv.Id_Producto LEFT JOIN dbo.tbl_TipoMaterial tm ON tm.Id_TipoMaterial = cv.Id_TipoMaterial WHERE cv.Id_Venta = ? AND ISNULL(cv.E_Eliminado, 0) = 0 AND cv.Id_TipoMaterial = 1 AND NULLIF(LTRIM(RTRIM(ISNULL(cv.Cod_Inicio, ''))), '') IS NULL AND NULLIF(LTRIM(RTRIM(ISNULL(cv.ChipID, ''))), '') IS NULL ORDER BY p.Nombre, cv.Id_CodigoVenta]
2026-08-11 18:47:04.649 DEBUG 10036 --- [nio-9060-exec-8] o.s.jdbc.datasource.DataSourceUtils      : Fetching JDBC Connection from DataSource
2026-08-11 18:47:04.651 DEBUG 10036 --- [nio-9060-exec-8] o.s.jdbc.core.JdbcTemplate               : Executing prepared SQL query
2026-08-11 18:47:04.651 DEBUG 10036 --- [nio-9060-exec-8] o.s.jdbc.core.JdbcTemplate               : Executing prepared SQL statement [EXEC spx_ValidarCuadreRuta ?, ?]
2026-08-11 18:47:04.651 DEBUG 10036 --- [nio-9060-exec-8] o.s.jdbc.datasource.DataSourceUtils      : Fetching JDBC Connection from DataSource
2026-08-11 18:47:04.655 DEBUG 10036 --- [nio-9060-exec-8] o.s.jdbc.core.JdbcTemplate               : Executing prepared SQL query
2026-08-11 18:47:04.655 DEBUG 10036 --- [nio-9060-exec-8] o.s.jdbc.core.JdbcTemplate               : Executing prepared SQL statement [SELECT COUNT(1) FROM dbo.tbl_CierreAlmacen WHERE CONVERT(date, Fecha) = ? AND ISNULL(E_Eliminado, 0) = 0]
2026-08-11 18:47:04.655 DEBUG 10036 --- [nio-9060-exec-8] o.s.jdbc.datasource.DataSourceUtils      : Fetching JDBC Connection from DataSource
2026-08-11 18:47:04.657 DEBUG 10036 --- [nio-9060-exec-8] o.s.jdbc.core.JdbcTemplate               : Executing prepared SQL query
2026-08-11 18:47:04.657 DEBUG 10036 --- [nio-9060-exec-8] o.s.jdbc.core.JdbcTemplate               : Executing prepared SQL statement [EXEC spx_ExisteCierreAlmacenHoy ?]
2026-08-11 18:47:04.657 DEBUG 10036 --- [nio-9060-exec-8] o.s.jdbc.datasource.DataSourceUtils      : Fetching JDBC Connection from DataSource
2026-08-11 18:47:05.308 DEBUG 10036 --- [nio-9060-exec-1] o.s.jdbc.core.JdbcTemplate               : Executing prepared SQL query
2026-08-11 18:47:05.308 DEBUG 10036 --- [nio-9060-exec-1] o.s.jdbc.core.JdbcTemplate               : Executing prepared SQL statement [SELECT cv.Id_CodigoVenta AS idCodigoVenta, cv.Id_Venta AS idVenta, cv.Id_Producto AS idProducto, p.Nombre AS producto, cv.Id_TipoMaterial AS idTipoMaterial, tm.Nombre AS tipoMaterial, cv.Cantidad AS cantidad, cv.Cod_Inicio AS serie, cv.ChipID AS chipId FROM dbo.tbl_CodigoVenta cv LEFT JOIN dbo.tbl_Producto p ON p.Id_Producto = cv.Id_Producto LEFT JOIN dbo.tbl_TipoMaterial tm ON tm.Id_TipoMaterial = cv.Id_TipoMaterial WHERE cv.Id_Venta = ? AND ISNULL(cv.E_Eliminado, 0) = 0 AND cv.Id_TipoMaterial = 1 AND NULLIF(LTRIM(RTRIM(ISNULL(cv.Cod_Inicio, ''))), '') IS NULL AND NULLIF(LTRIM(RTRIM(ISNULL(cv.ChipID, ''))), '') IS NULL ORDER BY p.Nombre, cv.Id_CodigoVenta]
2026-08-11 18:47:05.310 DEBUG 10036 --- [nio-9060-exec-1] o.s.jdbc.core.JdbcTemplate               : Executing prepared SQL query
2026-08-11 18:47:05.310 DEBUG 10036 --- [nio-9060-exec-1] o.s.jdbc.core.JdbcTemplate               : Executing prepared SQL statement [SELECT CAST(ISNULL((SELECT SUM(ISNULL(s.cantidad, 0)) FROM dbo.tbl_SaldoTarjetas s WHERE s.Id_Ruta = ? AND s.Id_Producto = ? AND ISNULL(s.E_Eliminado, 0) = 0), 0) - ISNULL((SELECT SUM(ISNULL(cv.Cantidad, 0)) FROM dbo.tbl_CodigoVenta cv INNER JOIN dbo.tbl_Venta v ON v.Id_Venta = cv.Id_Venta WHERE v.Id_Ruta = ? AND cv.Id_Producto = ? AND cv.Id_TipoMaterial = 1 AND cv.Id_CodigoVenta <> ? AND ISNULL(cv.E_Eliminado, 0) = 0 AND ISNULL(v.E_Eliminado, 0) = 0 AND v.FechaHoraDetalle IS NOT NULL AND CONVERT(DATE, v.FechaHoraDetalle) = ?), 0) AS DECIMAL(18,4)) AS disponible]
2026-08-11 18:47:05.359 DEBUG 10036 --- [nio-9060-exec-1] o.s.jdbc.core.JdbcTemplate               : Executing prepared SQL update
2026-08-11 18:47:05.359 DEBUG 10036 --- [nio-9060-exec-1] o.s.jdbc.core.JdbcTemplate               : Executing prepared SQL statement [UPDATE cv SET cv.Cantidad = ? FROM dbo.tbl_CodigoVenta cv INNER JOIN dbo.tbl_Venta v ON v.Id_Venta = cv.Id_Venta WHERE cv.Id_CodigoVenta = ? AND cv.Id_Venta = ? AND ISNULL(cv.E_Eliminado, 0) = 0 AND ISNULL(v.E_Eliminado, 0) = 0 AND v.FechaHoraDetalle IS NOT NULL AND CONVERT(DATE, v.FechaHoraDetalle) = CONVERT(DATE, GETDATE()) AND cv.Id_TipoMaterial = 1 AND NULLIF(LTRIM(RTRIM(ISNULL(cv.Cod_Inicio, ''))), '') IS NULL AND NULLIF(LTRIM(RTRIM(ISNULL(cv.ChipID, ''))), '') IS NULL AND ? <= (ISNULL((SELECT SUM(ISNULL(s.Cantidad, 0)) FROM dbo.tbl_SaldoTarjetas s WHERE s.Id_Ruta = ? AND s.Id_Producto = ? AND ISNULL(s.E_Eliminado, 0) = 0), 0) - ISNULL((SELECT SUM(ISNULL(cvOtro.Cantidad, 0)) FROM dbo.tbl_CodigoVenta cvOtro INNER JOIN dbo.tbl_Venta vOtro ON vOtro.Id_Venta = cvOtro.Id_Venta WHERE vOtro.Id_Ruta = ? AND cvOtro.Id_Producto = ? AND cvOtro.Id_TipoMaterial = 1 AND cvOtro.Id_CodigoVenta <> ? AND ISNULL(cvOtro.E_Eliminado, 0) = 0 AND ISNULL(vOtro.E_Eliminado, 0) = 0 AND vOtro.FechaHoraDetalle IS NOT NULL AND CONVERT(DATE, vOtro.FechaHoraDetalle) = ?), 0))]
2026-08-11 18:47:05.443 DEBUG 10036 --- [nio-9060-exec-1] o.s.w.s.m.m.a.HttpEntityMethodProcessor  : Using 'application/json', given [application/json, text/plain, */*] and supported [application/json, application/*+json, application/json, application/*+json]
2026-08-11 18:47:05.443 DEBUG 10036 --- [nio-9060-exec-1] o.s.w.s.m.m.a.HttpEntityMethodProcessor  : Writing [com.example.TigoStarSystem.common.ApiResponse@637703f5]
2026-08-11 18:47:05.445 DEBUG 10036 --- [nio-9060-exec-1] o.s.web.servlet.DispatcherServlet        : Completed 200 OK
2026-08-11 18:47:05.608 DEBUG 10036 --- [nio-9060-exec-8] o.s.jdbc.core.JdbcTemplate               : Executing prepared SQL query
2026-08-11 18:47:05.608 DEBUG 10036 --- [nio-9060-exec-8] o.s.jdbc.core.JdbcTemplate               : Executing prepared SQL statement [SELECT COUNT(1) FROM dbo.tbl_CierreAlmacenPR_PD WHERE CONVERT(date, Fecha) = ? AND ISNULL(E_Eliminado, 0) = 0]
2026-08-11 18:47:05.608 DEBUG 10036 --- [nio-9060-exec-8] o.s.jdbc.datasource.DataSourceUtils      : Fetching JDBC Connection from DataSource
2026-08-11 18:47:05.610 DEBUG 10036 --- [nio-9060-exec-8] o.s.jdbc.core.JdbcTemplate               : Executing prepared SQL query
2026-08-11 18:47:05.610 DEBUG 10036 --- [nio-9060-exec-8] o.s.jdbc.core.JdbcTemplate               : Executing prepared SQL statement [EXEC spx_ExisteCierreAlmacenHoyPR_PD ?]
2026-08-11 18:47:05.610 DEBUG 10036 --- [nio-9060-exec-8] o.s.jdbc.datasource.DataSourceUtils      : Fetching JDBC Connection from DataSource
2026-08-11 18:47:06.420 DEBUG 10036 --- [nio-9060-exec-8] o.s.jdbc.core.JdbcTemplate               : Executing prepared SQL query
2026-08-11 18:47:06.420 DEBUG 10036 --- [nio-9060-exec-8] o.s.jdbc.core.JdbcTemplate               : Executing prepared SQL statement [EXEC spx_ValidarCuadreRuta ?, ?]
2026-08-11 18:47:06.420 DEBUG 10036 --- [nio-9060-exec-8] o.s.jdbc.datasource.DataSourceUtils      : Fetching JDBC Connection from DataSource
2026-08-11 18:47:06.425 DEBUG 10036 --- [nio-9060-exec-8] o.s.jdbc.core.JdbcTemplate               : Executing prepared SQL query
2026-08-11 18:47:06.425 DEBUG 10036 --- [nio-9060-exec-8] o.s.jdbc.core.JdbcTemplate               : Executing prepared SQL statement [SELECT COUNT(1) FROM dbo.tbl_CierreAlmacen WHERE CONVERT(date, Fecha) = ? AND ISNULL(E_Eliminado, 0) = 0]
2026-08-11 18:47:06.425 DEBUG 10036 --- [nio-9060-exec-8] o.s.jdbc.datasource.DataSourceUtils      : Fetching JDBC Connection from DataSource
2026-08-11 18:47:06.427 DEBUG 10036 --- [nio-9060-exec-8] o.s.jdbc.core.JdbcTemplate               : Executing prepared SQL query
2026-08-11 18:47:06.427 DEBUG 10036 --- [nio-9060-exec-8] o.s.jdbc.core.JdbcTemplate               : Executing prepared SQL statement [EXEC spx_ExisteCierreAlmacenHoy ?]
2026-08-11 18:47:06.427 DEBUG 10036 --- [nio-9060-exec-8] o.s.jdbc.datasource.DataSourceUtils      : Fetching JDBC Connection from DataSource
2026-08-11 18:47:06.752 DEBUG 10036 --- [nio-9060-exec-7] o.s.web.servlet.DispatcherServlet        : GET "/ot/309166/modificar-hoy?_ts=1786488426438&idSucursal=9", parameters={masked}
2026-08-11 18:47:06.753 DEBUG 10036 --- [nio-9060-exec-7] s.w.s.m.m.a.RequestMappingHandlerMapping : Mapped to com.example.TigoStarSystem.ot.controller.OtController#obtenerOtModificableHoy(String, Long)
2026-08-11 18:47:06.754 DEBUG 10036 --- [nio-9060-exec-7] o.s.jdbc.core.JdbcTemplate               : Executing prepared SQL query
2026-08-11 18:47:06.754 DEBUG 10036 --- [nio-9060-exec-7] o.s.jdbc.core.JdbcTemplate               : Executing prepared SQL statement [SELECT DISTINCT CAST(ut.id_vendedor AS INT) AS id_vendedor FROM dbo.tbl_usuariotecnico ut WHERE ut.id_usuario = ? AND ISNULL(ut.e_eliminado, 0) = 0]
2026-08-11 18:47:06.754 DEBUG 10036 --- [nio-9060-exec-7] o.s.jdbc.datasource.DataSourceUtils      : Fetching JDBC Connection from DataSource
2026-08-11 18:47:06.755 DEBUG 10036 --- [nio-9060-exec-7] o.s.jdbc.core.JdbcTemplate               : Executing prepared SQL query
2026-08-11 18:47:06.755 DEBUG 10036 --- [nio-9060-exec-7] o.s.jdbc.core.JdbcTemplate               : Executing prepared SQL statement [SELECT v.Id_Venta AS idVenta, v.OrdenTrabajo AS ordenTrabajo, v.CodigoCliente AS codigoCliente, v.Id_Ruta AS idRuta, v.Id_Vendedor AS idVendedor, v.Fecha_Ejecucion AS fechaEjecucion, v.FechaHoraDetalle AS fechaHoraDetalle, v.Id_Estado AS idEstado, ISNULL(r.Nombre, '') AS grupo, ISNULL(e.Nombre, '') AS estado FROM dbo.tbl_Venta v LEFT JOIN dbo.tbl_Ruta r ON r.Id_Ruta = v.Id_Ruta LEFT JOIN dbo.tbl_Estado e ON e.Id_Estado = v.Id_Estado WHERE ISNULL(v.E_Eliminado, 0) = 0 AND v.FechaHoraDetalle IS NOT NULL AND CONVERT(DATE, v.FechaHoraDetalle) = ? AND v.Id_Vendedor IN (?, ?) ORDER BY v.FechaHoraDetalle DESC, v.Id_Venta DESC]
2026-08-11 18:47:06.755 DEBUG 10036 --- [nio-9060-exec-7] o.s.jdbc.datasource.DataSourceUtils      : Fetching JDBC Connection from DataSource
2026-08-11 18:47:06.807 DEBUG 10036 --- [nio-9060-exec-7] o.s.jdbc.core.JdbcTemplate               : Executing prepared SQL query
2026-08-11 18:47:06.807 DEBUG 10036 --- [nio-9060-exec-7] o.s.jdbc.core.JdbcTemplate               : Executing prepared SQL statement [SELECT cv.Id_CodigoVenta AS idCodigoVenta, cv.Id_Venta AS idVenta, cv.Id_Producto AS idProducto, p.Nombre AS producto, cv.Id_TipoMaterial AS idTipoMaterial, tm.Nombre AS tipoMaterial, cv.Cantidad AS cantidad, cv.Cod_Inicio AS serie, cv.ChipID AS chipId FROM dbo.tbl_CodigoVenta cv LEFT JOIN dbo.tbl_Producto p ON p.Id_Producto = cv.Id_Producto LEFT JOIN dbo.tbl_TipoMaterial tm ON tm.Id_TipoMaterial = cv.Id_TipoMaterial WHERE cv.Id_Venta = ? AND ISNULL(cv.E_Eliminado, 0) = 0 AND cv.Id_TipoMaterial = 1 AND NULLIF(LTRIM(RTRIM(ISNULL(cv.Cod_Inicio, ''))), '') IS NULL AND NULLIF(LTRIM(RTRIM(ISNULL(cv.ChipID, ''))), '') IS NULL ORDER BY p.Nombre, cv.Id_CodigoVenta]
2026-08-11 18:47:06.807 DEBUG 10036 --- [nio-9060-exec-7] o.s.jdbc.datasource.DataSourceUtils      : Fetching JDBC Connection from DataSource
2026-08-11 18:47:06.813 DEBUG 10036 --- [nio-9060-exec-7] o.s.jdbc.core.JdbcTemplate               : Executing prepared SQL query
2026-08-11 18:47:06.813 DEBUG 10036 --- [nio-9060-exec-7] o.s.jdbc.core.JdbcTemplate               : Executing prepared SQL statement [EXEC spx_ValidarCuadreRuta ?, ?]
2026-08-11 18:47:06.813 DEBUG 10036 --- [nio-9060-exec-7] o.s.jdbc.datasource.DataSourceUtils      : Fetching JDBC Connection from DataSource
2026-08-11 18:47:06.825 DEBUG 10036 --- [nio-9060-exec-7] o.s.jdbc.core.JdbcTemplate               : Executing prepared SQL query
2026-08-11 18:47:06.825 DEBUG 10036 --- [nio-9060-exec-7] o.s.jdbc.core.JdbcTemplate               : Executing prepared SQL statement [SELECT COUNT(1) FROM dbo.tbl_CierreAlmacen WHERE CONVERT(date, Fecha) = ? AND ISNULL(E_Eliminado, 0) = 0]
2026-08-11 18:47:06.825 DEBUG 10036 --- [nio-9060-exec-7] o.s.jdbc.datasource.DataSourceUtils      : Fetching JDBC Connection from DataSource
2026-08-11 18:47:06.827 DEBUG 10036 --- [nio-9060-exec-7] o.s.jdbc.core.JdbcTemplate               : Executing prepared SQL query
2026-08-11 18:47:06.827 DEBUG 10036 --- [nio-9060-exec-7] o.s.jdbc.core.JdbcTemplate               : Executing prepared SQL statement [EXEC spx_ExisteCierreAlmacenHoy ?]
2026-08-11 18:47:06.827 DEBUG 10036 --- [nio-9060-exec-7] o.s.jdbc.datasource.DataSourceUtils      : Fetching JDBC Connection from DataSource
2026-08-11 18:47:07.067 DEBUG 10036 --- [nio-9060-exec-6] o.s.web.servlet.DispatcherServlet        : GET "/tecnico/inicio-jornada/estado", parameters={}
2026-08-11 18:47:07.067 DEBUG 10036 --- [nio-9060-exec-6] s.w.s.m.m.a.RequestMappingHandlerMapping : Mapped to com.example.TigoStarSystem.tecnicoiniciojornada.controller.TecnicoInicioJornadaController#estado(String, String)
2026-08-11 18:47:07.071 DEBUG 10036 --- [nio-9060-exec-6] o.s.jdbc.core.JdbcTemplate               : Executing prepared SQL query
2026-08-11 18:47:07.071 DEBUG 10036 --- [nio-9060-exec-6] o.s.jdbc.core.JdbcTemplate               : Executing prepared SQL statement [EXEC dbo.SP_InicioJornada_MarcarNoCierreAtrasado ?]
2026-08-11 18:47:07.072 DEBUG 10036 --- [nio-9060-exec-6] o.s.jdbc.datasource.DataSourceUtils      : Fetching JDBC Connection from DataSource
2026-08-11 18:47:07.080 DEBUG 10036 --- [nio-9060-exec-6] o.s.jdbc.core.JdbcTemplate               : Executing prepared SQL query
2026-08-11 18:47:07.080 DEBUG 10036 --- [nio-9060-exec-6] o.s.jdbc.core.JdbcTemplate               : Executing prepared SQL statement [SELECT TOP 1 ultimo.id_inicio, ultimo.id_tecnico, ultimo.id_encargado, ultimo.fecha_registro, ultimo.fecha_cierre, ultimo.pendiente, ultimo.no_marco_cierre FROM (   SELECT TOP 1 id_inicio, id_tecnico, id_encargado, fecha_registro, fecha_cierre, pendiente, no_marco_cierre, e_eliminado   FROM dbo.tbl_InicioJornadaAlturas   WHERE id_tecnico = ?     AND CAST(fecha_registro AS DATE) < CAST(GETDATE() AS DATE)   ORDER BY fecha_registro DESC, id_inicio DESC ) ultimo WHERE fecha_cierre IS NULL   AND ISNULL(e_eliminado, 0) = 0   AND ISNULL(no_marco_cierre, 0) = 1]
2026-08-11 18:47:07.080 DEBUG 10036 --- [nio-9060-exec-6] o.s.jdbc.datasource.DataSourceUtils      : Fetching JDBC Connection from DataSource
2026-08-11 18:47:07.083 DEBUG 10036 --- [nio-9060-exec-6] o.s.jdbc.core.JdbcTemplate               : Executing prepared SQL query
2026-08-11 18:47:07.083 DEBUG 10036 --- [nio-9060-exec-6] o.s.jdbc.core.JdbcTemplate               : Executing prepared SQL statement [EXEC dbo.SP_InicioJornada_ExisteRegistroHoy ?]
2026-08-11 18:47:07.083 DEBUG 10036 --- [nio-9060-exec-6] o.s.jdbc.datasource.DataSourceUtils      : Fetching JDBC Connection from DataSource
2026-08-11 18:47:07.086 DEBUG 10036 --- [nio-9060-exec-6] o.s.jdbc.core.JdbcTemplate               : Executing SQL query [EXEC dbo.spx_ObtenerSucursalesConexionWeb]
2026-08-11 18:47:07.086 DEBUG 10036 --- [nio-9060-exec-6] o.s.jdbc.datasource.DataSourceUtils      : Fetching JDBC Connection from DataSource
2026-08-11 18:47:07.091 DEBUG 10036 --- [nio-9060-exec-6] o.s.jdbc.core.JdbcTemplate               : Executing SQL query [EXEC dbo.spx_ObtenerSucursalesConexionWeb]
2026-08-11 18:47:07.091 DEBUG 10036 --- [nio-9060-exec-6] o.s.jdbc.datasource.DataSourceUtils      : Fetching JDBC Connection from DataSource
2026-08-11 18:47:07.094 DEBUG 10036 --- [nio-9060-exec-6] o.s.jdbc.core.JdbcTemplate               : Executing prepared SQL query
2026-08-11 18:47:07.095 DEBUG 10036 --- [nio-9060-exec-6] o.s.jdbc.core.JdbcTemplate               : Executing prepared SQL statement [SELECT TOP 1 CAST(c.idUsuarioSupervisor AS INT) AS idEncargado, CAST(c.supervisorACargo AS NVARCHAR(200)) AS encargado, CAST(c.id AS INT) AS idConformacion, CAST(c.id_tecnicoAuxiliar AS INT) AS idAuxiliar, CAST(c.auxiliar AS NVARCHAR(250)) AS auxiliar, c.sucursal, c.fecha, c.fechaRegistro FROM dbo.tbl_ConformacionCuadrillaDiario c WHERE ISNULL(c.e_eliminado, 0) = 0   AND CONVERT(date, c.fecha) = CONVERT(date, GETDATE())   AND (? IS NULL OR LOWER(REPLACE(REPLACE(REPLACE(LTRIM(RTRIM(ISNULL(c.sucursal, ''))), '_', ''), '-', ''), ' ', '')) =                   LOWER(REPLACE(REPLACE(REPLACE(LTRIM(RTRIM(?)), '_', ''), '-', ''), ' ', '')))   AND (        (? > 0 AND (? = c.id_tecnico OR ? = c.id_tecnicoAuxiliar))        OR (? <> '' AND (            LOWER(LTRIM(RTRIM(ISNULL(c.tecnico, '')))) = ?            OR LOWER(LTRIM(RTRIM(ISNULL(c.auxiliar, '')))) = ?        ))   ) ORDER BY ISNULL(c.fechaRegistro, '19000101') DESC, c.id DESC]
2026-08-11 18:47:07.095 DEBUG 10036 --- [nio-9060-exec-6] o.s.jdbc.datasource.DataSourceUtils      : Fetching JDBC Connection from DataSource
2026-08-11 18:47:07.097 DEBUG 10036 --- [nio-9060-exec-6] o.s.jdbc.core.JdbcTemplate               : Executing prepared SQL query
2026-08-11 18:47:07.097 DEBUG 10036 --- [nio-9060-exec-6] o.s.jdbc.core.JdbcTemplate               : Executing prepared SQL statement [SELECT TOP 1 Nombre FROM dbo.tbl_Usuario WHERE Id_Usuario = ? AND ISNULL(E_Eliminado,0)=0]
2026-08-11 18:47:07.097 DEBUG 10036 --- [nio-9060-exec-6] o.s.jdbc.datasource.DataSourceUtils      : Fetching JDBC Connection from DataSource
2026-08-11 18:47:07.100 DEBUG 10036 --- [nio-9060-exec-6] o.s.w.s.m.m.a.HttpEntityMethodProcessor  : Using 'application/json', given [application/json, text/plain, */*] and supported [application/json, application/*+json, application/json, application/*+json]
2026-08-11 18:47:07.101 DEBUG 10036 --- [nio-9060-exec-6] o.s.w.s.m.m.a.HttpEntityMethodProcessor  : Writing [com.example.TigoStarSystem.common.ApiResponse@7f89b8b2]
2026-08-11 18:47:07.102 DEBUG 10036 --- [nio-9060-exec-6] o.s.web.servlet.DispatcherServlet        : Completed 200 OK
2026-08-11 18:47:07.299 DEBUG 10036 --- [nio-9060-exec-8] o.s.jdbc.core.JdbcTemplate               : Executing prepared SQL query
2026-08-11 18:47:07.299 DEBUG 10036 --- [nio-9060-exec-8] o.s.jdbc.core.JdbcTemplate               : Executing prepared SQL statement [SELECT COUNT(1) FROM dbo.tbl_CierreAlmacenPR_PD WHERE CONVERT(date, Fecha) = ? AND ISNULL(E_Eliminado, 0) = 0]
2026-08-11 18:47:07.299 DEBUG 10036 --- [nio-9060-exec-8] o.s.jdbc.datasource.DataSourceUtils      : Fetching JDBC Connection from DataSource
2026-08-11 18:47:07.302 DEBUG 10036 --- [nio-9060-exec-8] o.s.jdbc.core.JdbcTemplate               : Executing prepared SQL query
2026-08-11 18:47:07.302 DEBUG 10036 --- [nio-9060-exec-8] o.s.jdbc.core.JdbcTemplate               : Executing prepared SQL statement [EXEC spx_ExisteCierreAlmacenHoyPR_PD ?]
2026-08-11 18:47:07.302 DEBUG 10036 --- [nio-9060-exec-8] o.s.jdbc.datasource.DataSourceUtils      : Fetching JDBC Connection from DataSource
2026-08-11 18:47:07.786 DEBUG 10036 --- [nio-9060-exec-7] o.s.jdbc.core.JdbcTemplate               : Executing prepared SQL query
2026-08-11 18:47:07.786 DEBUG 10036 --- [nio-9060-exec-7] o.s.jdbc.core.JdbcTemplate               : Executing prepared SQL statement [SELECT COUNT(1) FROM dbo.tbl_CierreAlmacenPR_PD WHERE CONVERT(date, Fecha) = ? AND ISNULL(E_Eliminado, 0) = 0]
2026-08-11 18:47:07.786 DEBUG 10036 --- [nio-9060-exec-7] o.s.jdbc.datasource.DataSourceUtils      : Fetching JDBC Connection from DataSource
2026-08-11 18:47:07.789 DEBUG 10036 --- [nio-9060-exec-7] o.s.jdbc.core.JdbcTemplate               : Executing prepared SQL query
2026-08-11 18:47:07.789 DEBUG 10036 --- [nio-9060-exec-7] o.s.jdbc.core.JdbcTemplate               : Executing prepared SQL statement [EXEC spx_ExisteCierreAlmacenHoyPR_PD ?]
2026-08-11 18:47:07.789 DEBUG 10036 --- [nio-9060-exec-7] o.s.jdbc.datasource.DataSourceUtils      : Fetching JDBC Connection from DataSource
2026-08-11 18:47:08.248 DEBUG 10036 --- [nio-9060-exec-8] o.s.w.s.m.m.a.HttpEntityMethodProcessor  : Using 'application/json', given [application/json, text/plain, */*] and supported [application/json, application/*+json, application/json, application/*+json]
2026-08-11 18:47:08.249 DEBUG 10036 --- [nio-9060-exec-8] o.s.w.s.m.m.a.HttpEntityMethodProcessor  : Writing [com.example.TigoStarSystem.common.ApiResponse@4ab93f95]
2026-08-11 18:47:08.250 DEBUG 10036 --- [nio-9060-exec-8] o.s.web.servlet.DispatcherServlet        : Completed 200 OK
2026-08-11 18:47:08.675 DEBUG 10036 --- [nio-9060-exec-7] o.s.jdbc.core.JdbcTemplate               : Executing prepared SQL query
2026-08-11 18:47:08.676 DEBUG 10036 --- [nio-9060-exec-7] o.s.jdbc.core.JdbcTemplate               : Executing prepared SQL statement [EXEC spx_ValidarCuadreRuta ?, ?]
2026-08-11 18:47:08.676 DEBUG 10036 --- [nio-9060-exec-7] o.s.jdbc.datasource.DataSourceUtils      : Fetching JDBC Connection from DataSource
2026-08-11 18:47:08.681 DEBUG 10036 --- [nio-9060-exec-7] o.s.jdbc.core.JdbcTemplate               : Executing prepared SQL query
2026-08-11 18:47:08.681 DEBUG 10036 --- [nio-9060-exec-7] o.s.jdbc.core.JdbcTemplate               : Executing prepared SQL statement [SELECT COUNT(1) FROM dbo.tbl_CierreAlmacen WHERE CONVERT(date, Fecha) = ? AND ISNULL(E_Eliminado, 0) = 0]
2026-08-11 18:47:08.681 DEBUG 10036 --- [nio-9060-exec-7] o.s.jdbc.datasource.DataSourceUtils      : Fetching JDBC Connection from DataSource
2026-08-11 18:47:08.683 DEBUG 10036 --- [nio-9060-exec-7] o.s.jdbc.core.JdbcTemplate               : Executing prepared SQL query
2026-08-11 18:47:08.683 DEBUG 10036 --- [nio-9060-exec-7] o.s.jdbc.core.JdbcTemplate               : Executing prepared SQL statement [EXEC spx_ExisteCierreAlmacenHoy ?]
2026-08-11 18:47:08.683 DEBUG 10036 --- [nio-9060-exec-7] o.s.jdbc.datasource.DataSourceUtils      : Fetching JDBC Connection from DataSource
2026-08-11 18:47:09.499 DEBUG 10036 --- [nio-9060-exec-7] o.s.jdbc.core.JdbcTemplate               : Executing prepared SQL query
2026-08-11 18:47:09.499 DEBUG 10036 --- [nio-9060-exec-7] o.s.jdbc.core.JdbcTemplate               : Executing prepared SQL statement [SELECT COUNT(1) FROM dbo.tbl_CierreAlmacenPR_PD WHERE CONVERT(date, Fecha) = ? AND ISNULL(E_Eliminado, 0) = 0]
2026-08-11 18:47:09.499 DEBUG 10036 --- [nio-9060-exec-7] o.s.jdbc.datasource.DataSourceUtils      : Fetching JDBC Connection from DataSource
2026-08-11 18:47:09.502 DEBUG 10036 --- [nio-9060-exec-7] o.s.jdbc.core.JdbcTemplate               : Executing prepared SQL query
2026-08-11 18:47:09.502 DEBUG 10036 --- [nio-9060-exec-7] o.s.jdbc.core.JdbcTemplate               : Executing prepared SQL statement [EXEC spx_ExisteCierreAlmacenHoyPR_PD ?]
2026-08-11 18:47:09.502 DEBUG 10036 --- [nio-9060-exec-7] o.s.jdbc.datasource.DataSourceUtils      : Fetching JDBC Connection from DataSource
2026-08-11 18:47:10.316 DEBUG 10036 --- [nio-9060-exec-7] o.s.w.s.m.m.a.HttpEntityMethodProcessor  : Using 'application/json', given [application/json, text/plain, */*] and supported [application/json, application/*+json, application/json, application/*+json]
2026-08-11 18:47:10.316 DEBUG 10036 --- [nio-9060-exec-7] o.s.w.s.m.m.a.HttpEntityMethodProcessor  : Writing [com.example.TigoStarSystem.common.ApiResponse@33734ddf]
2026-08-11 18:47:10.317 DEBUG 10036 --- [nio-9060-exec-7] o.s.web.servlet.DispatcherServlet        : Completed 200 OK
2026-08-11 18:47:11.651 DEBUG 10036 --- [io-9060-exec-10] o.s.web.servlet.DispatcherServlet        : GET "/ot/modificar-hoy?_ts=1786488431337&idSucursal=9", parameters={masked}
2026-08-11 18:47:11.651 DEBUG 10036 --- [io-9060-exec-10] s.w.s.m.m.a.RequestMappingHandlerMapping : Mapped to com.example.TigoStarSystem.ot.controller.OtController#listarOtModificablesHoy(String)
2026-08-11 18:47:11.657 DEBUG 10036 --- [io-9060-exec-10] o.s.jdbc.core.JdbcTemplate               : Executing prepared SQL query
2026-08-11 18:47:11.657 DEBUG 10036 --- [io-9060-exec-10] o.s.jdbc.core.JdbcTemplate               : Executing prepared SQL statement [SELECT DISTINCT CAST(ut.id_vendedor AS INT) AS id_vendedor FROM dbo.tbl_usuariotecnico ut WHERE ut.id_usuario = ? AND ISNULL(ut.e_eliminado, 0) = 0]
2026-08-11 18:47:11.657 DEBUG 10036 --- [io-9060-exec-10] o.s.jdbc.datasource.DataSourceUtils      : Fetching JDBC Connection from DataSource
2026-08-11 18:47:11.661 DEBUG 10036 --- [io-9060-exec-10] o.s.jdbc.core.JdbcTemplate               : Executing prepared SQL query
2026-08-11 18:47:11.661 DEBUG 10036 --- [io-9060-exec-10] o.s.jdbc.core.JdbcTemplate               : Executing prepared SQL statement [SELECT v.Id_Venta AS idVenta, v.OrdenTrabajo AS ordenTrabajo, v.CodigoCliente AS codigoCliente, v.Id_Ruta AS idRuta, v.Id_Vendedor AS idVendedor, v.Fecha_Ejecucion AS fechaEjecucion, v.FechaHoraDetalle AS fechaHoraDetalle, v.Id_Estado AS idEstado, ISNULL(r.Nombre, '') AS grupo, ISNULL(e.Nombre, '') AS estado FROM dbo.tbl_Venta v LEFT JOIN dbo.tbl_Ruta r ON r.Id_Ruta = v.Id_Ruta LEFT JOIN dbo.tbl_Estado e ON e.Id_Estado = v.Id_Estado WHERE ISNULL(v.E_Eliminado, 0) = 0 AND v.FechaHoraDetalle IS NOT NULL AND CONVERT(DATE, v.FechaHoraDetalle) = ? AND v.Id_Vendedor IN (?, ?) ORDER BY v.FechaHoraDetalle DESC, v.Id_Venta DESC]
2026-08-11 18:47:11.661 DEBUG 10036 --- [io-9060-exec-10] o.s.jdbc.datasource.DataSourceUtils      : Fetching JDBC Connection from DataSource
2026-08-11 18:47:11.675 DEBUG 10036 --- [io-9060-exec-10] o.s.jdbc.core.JdbcTemplate               : Executing prepared SQL query
2026-08-11 18:47:11.675 DEBUG 10036 --- [io-9060-exec-10] o.s.jdbc.core.JdbcTemplate               : Executing prepared SQL statement [SELECT cv.Id_CodigoVenta AS idCodigoVenta, cv.Id_Venta AS idVenta, cv.Id_Producto AS idProducto, p.Nombre AS producto, cv.Id_TipoMaterial AS idTipoMaterial, tm.Nombre AS tipoMaterial, cv.Cantidad AS cantidad, cv.Cod_Inicio AS serie, cv.ChipID AS chipId FROM dbo.tbl_CodigoVenta cv LEFT JOIN dbo.tbl_Producto p ON p.Id_Producto = cv.Id_Producto LEFT JOIN dbo.tbl_TipoMaterial tm ON tm.Id_TipoMaterial = cv.Id_TipoMaterial WHERE cv.Id_Venta = ? AND ISNULL(cv.E_Eliminado, 0) = 0 AND cv.Id_TipoMaterial = 1 AND NULLIF(LTRIM(RTRIM(ISNULL(cv.Cod_Inicio, ''))), '') IS NULL AND NULLIF(LTRIM(RTRIM(ISNULL(cv.ChipID, ''))), '') IS NULL ORDER BY p.Nombre, cv.Id_CodigoVenta]
2026-08-11 18:47:11.675 DEBUG 10036 --- [io-9060-exec-10] o.s.jdbc.datasource.DataSourceUtils      : Fetching JDBC Connection from DataSource
2026-08-11 18:47:11.677 DEBUG 10036 --- [io-9060-exec-10] o.s.jdbc.core.JdbcTemplate               : Executing prepared SQL query
2026-08-11 18:47:11.677 DEBUG 10036 --- [io-9060-exec-10] o.s.jdbc.core.JdbcTemplate               : Executing prepared SQL statement [EXEC spx_ValidarCuadreRuta ?, ?]
2026-08-11 18:47:11.677 DEBUG 10036 --- [io-9060-exec-10] o.s.jdbc.datasource.DataSourceUtils      : Fetching JDBC Connection from DataSource
2026-08-11 18:47:11.683 DEBUG 10036 --- [io-9060-exec-10] o.s.jdbc.core.JdbcTemplate               : Executing prepared SQL query
2026-08-11 18:47:11.683 DEBUG 10036 --- [io-9060-exec-10] o.s.jdbc.core.JdbcTemplate               : Executing prepared SQL statement [SELECT COUNT(1) FROM dbo.tbl_CierreAlmacen WHERE CONVERT(date, Fecha) = ? AND ISNULL(E_Eliminado, 0) = 0]
2026-08-11 18:47:11.683 DEBUG 10036 --- [io-9060-exec-10] o.s.jdbc.datasource.DataSourceUtils      : Fetching JDBC Connection from DataSource
2026-08-11 18:47:11.685 DEBUG 10036 --- [io-9060-exec-10] o.s.jdbc.core.JdbcTemplate               : Executing prepared SQL query
2026-08-11 18:47:11.685 DEBUG 10036 --- [io-9060-exec-10] o.s.jdbc.core.JdbcTemplate               : Executing prepared SQL statement [EXEC spx_ExisteCierreAlmacenHoy ?]
2026-08-11 18:47:11.685 DEBUG 10036 --- [io-9060-exec-10] o.s.jdbc.datasource.DataSourceUtils      : Fetching JDBC Connection from DataSource
2026-08-11 18:47:11.910 DEBUG 10036 --- [nio-9060-exec-3] o.s.web.servlet.DispatcherServlet        : GET "/ot/309166/modificar-hoy?_ts=1786488431742&idSucursal=9", parameters={masked}
2026-08-11 18:47:11.910 DEBUG 10036 --- [nio-9060-exec-3] s.w.s.m.m.a.RequestMappingHandlerMapping : Mapped to com.example.TigoStarSystem.ot.controller.OtController#obtenerOtModificableHoy(String, Long)
2026-08-11 18:47:11.912 DEBUG 10036 --- [nio-9060-exec-3] o.s.jdbc.core.JdbcTemplate               : Executing prepared SQL query
2026-08-11 18:47:11.912 DEBUG 10036 --- [nio-9060-exec-3] o.s.jdbc.core.JdbcTemplate               : Executing prepared SQL statement [SELECT DISTINCT CAST(ut.id_vendedor AS INT) AS id_vendedor FROM dbo.tbl_usuariotecnico ut WHERE ut.id_usuario = ? AND ISNULL(ut.e_eliminado, 0) = 0]
2026-08-11 18:47:11.912 DEBUG 10036 --- [nio-9060-exec-3] o.s.jdbc.datasource.DataSourceUtils      : Fetching JDBC Connection from DataSource
2026-08-11 18:47:11.914 DEBUG 10036 --- [nio-9060-exec-3] o.s.jdbc.core.JdbcTemplate               : Executing prepared SQL query
2026-08-11 18:47:11.914 DEBUG 10036 --- [nio-9060-exec-3] o.s.jdbc.core.JdbcTemplate               : Executing prepared SQL statement [SELECT v.Id_Venta AS idVenta, v.OrdenTrabajo AS ordenTrabajo, v.CodigoCliente AS codigoCliente, v.Id_Ruta AS idRuta, v.Id_Vendedor AS idVendedor, v.Fecha_Ejecucion AS fechaEjecucion, v.FechaHoraDetalle AS fechaHoraDetalle, v.Id_Estado AS idEstado, ISNULL(r.Nombre, '') AS grupo, ISNULL(e.Nombre, '') AS estado FROM dbo.tbl_Venta v LEFT JOIN dbo.tbl_Ruta r ON r.Id_Ruta = v.Id_Ruta LEFT JOIN dbo.tbl_Estado e ON e.Id_Estado = v.Id_Estado WHERE ISNULL(v.E_Eliminado, 0) = 0 AND v.FechaHoraDetalle IS NOT NULL AND CONVERT(DATE, v.FechaHoraDetalle) = ? AND v.Id_Vendedor IN (?, ?) ORDER BY v.FechaHoraDetalle DESC, v.Id_Venta DESC]
2026-08-11 18:47:11.914 DEBUG 10036 --- [nio-9060-exec-3] o.s.jdbc.datasource.DataSourceUtils      : Fetching JDBC Connection from DataSource
2026-08-11 18:47:11.968 DEBUG 10036 --- [nio-9060-exec-3] o.s.jdbc.core.JdbcTemplate               : Executing prepared SQL query
2026-08-11 18:47:11.968 DEBUG 10036 --- [nio-9060-exec-3] o.s.jdbc.core.JdbcTemplate               : Executing prepared SQL statement [SELECT cv.Id_CodigoVenta AS idCodigoVenta, cv.Id_Venta AS idVenta, cv.Id_Producto AS idProducto, p.Nombre AS producto, cv.Id_TipoMaterial AS idTipoMaterial, tm.Nombre AS tipoMaterial, cv.Cantidad AS cantidad, cv.Cod_Inicio AS serie, cv.ChipID AS chipId FROM dbo.tbl_CodigoVenta cv LEFT JOIN dbo.tbl_Producto p ON p.Id_Producto = cv.Id_Producto LEFT JOIN dbo.tbl_TipoMaterial tm ON tm.Id_TipoMaterial = cv.Id_TipoMaterial WHERE cv.Id_Venta = ? AND ISNULL(cv.E_Eliminado, 0) = 0 AND cv.Id_TipoMaterial = 1 AND NULLIF(LTRIM(RTRIM(ISNULL(cv.Cod_Inicio, ''))), '') IS NULL AND NULLIF(LTRIM(RTRIM(ISNULL(cv.ChipID, ''))), '') IS NULL ORDER BY p.Nombre, cv.Id_CodigoVenta]
2026-08-11 18:47:11.968 DEBUG 10036 --- [nio-9060-exec-3] o.s.jdbc.datasource.DataSourceUtils      : Fetching JDBC Connection from DataSource
2026-08-11 18:47:11.971 DEBUG 10036 --- [nio-9060-exec-3] o.s.jdbc.core.JdbcTemplate               : Executing prepared SQL query
2026-08-11 18:47:11.971 DEBUG 10036 --- [nio-9060-exec-3] o.s.jdbc.core.JdbcTemplate               : Executing prepared SQL statement [EXEC spx_ValidarCuadreRuta ?, ?]
2026-08-11 18:47:11.971 DEBUG 10036 --- [nio-9060-exec-3] o.s.jdbc.datasource.DataSourceUtils      : Fetching JDBC Connection from DataSource
2026-08-11 18:47:11.979 DEBUG 10036 --- [nio-9060-exec-3] o.s.jdbc.core.JdbcTemplate               : Executing prepared SQL query
2026-08-11 18:47:11.979 DEBUG 10036 --- [nio-9060-exec-3] o.s.jdbc.core.JdbcTemplate               : Executing prepared SQL statement [SELECT COUNT(1) FROM dbo.tbl_CierreAlmacen WHERE CONVERT(date, Fecha) = ? AND ISNULL(E_Eliminado, 0) = 0]
2026-08-11 18:47:11.979 DEBUG 10036 --- [nio-9060-exec-3] o.s.jdbc.datasource.DataSourceUtils      : Fetching JDBC Connection from DataSource
2026-08-11 18:47:11.982 DEBUG 10036 --- [nio-9060-exec-3] o.s.jdbc.core.JdbcTemplate               : Executing prepared SQL query
2026-08-11 18:47:11.982 DEBUG 10036 --- [nio-9060-exec-3] o.s.jdbc.core.JdbcTemplate               : Executing prepared SQL statement [EXEC spx_ExisteCierreAlmacenHoy ?]
2026-08-11 18:47:11.982 DEBUG 10036 --- [nio-9060-exec-3] o.s.jdbc.datasource.DataSourceUtils      : Fetching JDBC Connection from DataSource
2026-08-11 18:47:12.590 DEBUG 10036 --- [io-9060-exec-10] o.s.jdbc.core.JdbcTemplate               : Executing prepared SQL query
2026-08-11 18:47:12.590 DEBUG 10036 --- [io-9060-exec-10] o.s.jdbc.core.JdbcTemplate               : Executing prepared SQL statement [SELECT COUNT(1) FROM dbo.tbl_CierreAlmacenPR_PD WHERE CONVERT(date, Fecha) = ? AND ISNULL(E_Eliminado, 0) = 0]
2026-08-11 18:47:12.590 DEBUG 10036 --- [io-9060-exec-10] o.s.jdbc.datasource.DataSourceUtils      : Fetching JDBC Connection from DataSource
2026-08-11 18:47:12.594 DEBUG 10036 --- [io-9060-exec-10] o.s.jdbc.core.JdbcTemplate               : Executing prepared SQL query
2026-08-11 18:47:12.594 DEBUG 10036 --- [io-9060-exec-10] o.s.jdbc.core.JdbcTemplate               : Executing prepared SQL statement [EXEC spx_ExisteCierreAlmacenHoyPR_PD ?]
2026-08-11 18:47:12.594 DEBUG 10036 --- [io-9060-exec-10] o.s.jdbc.datasource.DataSourceUtils      : Fetching JDBC Connection from DataSource
2026-08-11 18:47:12.934 DEBUG 10036 --- [nio-9060-exec-3] o.s.jdbc.core.JdbcTemplate               : Executing prepared SQL query
2026-08-11 18:47:12.934 DEBUG 10036 --- [nio-9060-exec-3] o.s.jdbc.core.JdbcTemplate               : Executing prepared SQL statement [SELECT COUNT(1) FROM dbo.tbl_CierreAlmacenPR_PD WHERE CONVERT(date, Fecha) = ? AND ISNULL(E_Eliminado, 0) = 0]
2026-08-11 18:47:12.934 DEBUG 10036 --- [nio-9060-exec-3] o.s.jdbc.datasource.DataSourceUtils      : Fetching JDBC Connection from DataSource
2026-08-11 18:47:12.937 DEBUG 10036 --- [nio-9060-exec-3] o.s.jdbc.core.JdbcTemplate               : Executing prepared SQL query
2026-08-11 18:47:12.937 DEBUG 10036 --- [nio-9060-exec-3] o.s.jdbc.core.JdbcTemplate               : Executing prepared SQL statement [EXEC spx_ExisteCierreAlmacenHoyPR_PD ?]
2026-08-11 18:47:12.937 DEBUG 10036 --- [nio-9060-exec-3] o.s.jdbc.datasource.DataSourceUtils      : Fetching JDBC Connection from DataSource
2026-08-11 18:47:13.101 DEBUG 10036 --- [ruz housekeeper] com.zaxxer.hikari.pool.HikariPool        : ConnDb-SantaCruz - Before cleanup stats (total=1, active=0, idle=1, waiting=0)
2026-08-11 18:47:13.101 DEBUG 10036 --- [ruz housekeeper] com.zaxxer.hikari.pool.HikariPool        : ConnDb-SantaCruz - After cleanup  stats (total=1, active=0, idle=1, waiting=0)
2026-08-11 18:47:13.101 DEBUG 10036 --- [ruz housekeeper] com.zaxxer.hikari.pool.HikariPool        : ConnDb-SantaCruz - Fill pool skipped, pool is at sufficient level.
2026-08-11 18:47:13.548 DEBUG 10036 --- [io-9060-exec-10] o.s.jdbc.core.JdbcTemplate               : Executing prepared SQL query
2026-08-11 18:47:13.548 DEBUG 10036 --- [io-9060-exec-10] o.s.jdbc.core.JdbcTemplate               : Executing prepared SQL statement [EXEC spx_ValidarCuadreRuta ?, ?]
2026-08-11 18:47:13.548 DEBUG 10036 --- [io-9060-exec-10] o.s.jdbc.datasource.DataSourceUtils      : Fetching JDBC Connection from DataSource
2026-08-11 18:47:13.553 DEBUG 10036 --- [io-9060-exec-10] o.s.jdbc.core.JdbcTemplate               : Executing prepared SQL query
2026-08-11 18:47:13.553 DEBUG 10036 --- [io-9060-exec-10] o.s.jdbc.core.JdbcTemplate               : Executing prepared SQL statement [SELECT COUNT(1) FROM dbo.tbl_CierreAlmacen WHERE CONVERT(date, Fecha) = ? AND ISNULL(E_Eliminado, 0) = 0]
2026-08-11 18:47:13.553 DEBUG 10036 --- [io-9060-exec-10] o.s.jdbc.datasource.DataSourceUtils      : Fetching JDBC Connection from DataSource
2026-08-11 18:47:13.555 DEBUG 10036 --- [io-9060-exec-10] o.s.jdbc.core.JdbcTemplate               : Executing prepared SQL query
2026-08-11 18:47:13.555 DEBUG 10036 --- [io-9060-exec-10] o.s.jdbc.core.JdbcTemplate               : Executing prepared SQL statement [EXEC spx_ExisteCierreAlmacenHoy ?]
2026-08-11 18:47:13.555 DEBUG 10036 --- [io-9060-exec-10] o.s.jdbc.datasource.DataSourceUtils      : Fetching JDBC Connection from DataSource
2026-08-11 18:47:13.894 DEBUG 10036 --- [nio-9060-exec-3] o.s.jdbc.core.JdbcTemplate               : Executing prepared SQL query
2026-08-11 18:47:13.894 DEBUG 10036 --- [nio-9060-exec-3] o.s.jdbc.core.JdbcTemplate               : Executing prepared SQL statement [EXEC spx_ValidarCuadreRuta ?, ?]
2026-08-11 18:47:13.894 DEBUG 10036 --- [nio-9060-exec-3] o.s.jdbc.datasource.DataSourceUtils      : Fetching JDBC Connection from DataSource
2026-08-11 18:47:13.900 DEBUG 10036 --- [nio-9060-exec-3] o.s.jdbc.core.JdbcTemplate               : Executing prepared SQL query
2026-08-11 18:47:13.900 DEBUG 10036 --- [nio-9060-exec-3] o.s.jdbc.core.JdbcTemplate               : Executing prepared SQL statement [SELECT COUNT(1) FROM dbo.tbl_CierreAlmacen WHERE CONVERT(date, Fecha) = ? AND ISNULL(E_Eliminado, 0) = 0]
2026-08-11 18:47:13.900 DEBUG 10036 --- [nio-9060-exec-3] o.s.jdbc.datasource.DataSourceUtils      : Fetching JDBC Connection from DataSource
2026-08-11 18:47:13.902 DEBUG 10036 --- [nio-9060-exec-3] o.s.jdbc.core.JdbcTemplate               : Executing prepared SQL query
2026-08-11 18:47:13.902 DEBUG 10036 --- [nio-9060-exec-3] o.s.jdbc.core.JdbcTemplate               : Executing prepared SQL statement [EXEC spx_ExisteCierreAlmacenHoy ?]
2026-08-11 18:47:13.902 DEBUG 10036 --- [nio-9060-exec-3] o.s.jdbc.datasource.DataSourceUtils      : Fetching JDBC Connection from DataSource
2026-08-11 18:47:14.510 DEBUG 10036 --- [io-9060-exec-10] o.s.jdbc.core.JdbcTemplate               : Executing prepared SQL query
2026-08-11 18:47:14.510 DEBUG 10036 --- [io-9060-exec-10] o.s.jdbc.core.JdbcTemplate               : Executing prepared SQL statement [SELECT COUNT(1) FROM dbo.tbl_CierreAlmacenPR_PD WHERE CONVERT(date, Fecha) = ? AND ISNULL(E_Eliminado, 0) = 0]
2026-08-11 18:47:14.510 DEBUG 10036 --- [io-9060-exec-10] o.s.jdbc.datasource.DataSourceUtils      : Fetching JDBC Connection from DataSource
2026-08-11 18:47:14.513 DEBUG 10036 --- [io-9060-exec-10] o.s.jdbc.core.JdbcTemplate               : Executing prepared SQL query
2026-08-11 18:47:14.513 DEBUG 10036 --- [io-9060-exec-10] o.s.jdbc.core.JdbcTemplate               : Executing prepared SQL statement [EXEC spx_ExisteCierreAlmacenHoyPR_PD ?]
2026-08-11 18:47:14.513 DEBUG 10036 --- [io-9060-exec-10] o.s.jdbc.datasource.DataSourceUtils      : Fetching JDBC Connection from DataSource
2026-08-11 18:47:14.855 DEBUG 10036 --- [nio-9060-exec-3] o.s.jdbc.core.JdbcTemplate               : Executing prepared SQL query
2026-08-11 18:47:14.855 DEBUG 10036 --- [nio-9060-exec-3] o.s.jdbc.core.JdbcTemplate               : Executing prepared SQL statement [SELECT COUNT(1) FROM dbo.tbl_CierreAlmacenPR_PD WHERE CONVERT(date, Fecha) = ? AND ISNULL(E_Eliminado, 0) = 0]
2026-08-11 18:47:14.855 DEBUG 10036 --- [nio-9060-exec-3] o.s.jdbc.datasource.DataSourceUtils      : Fetching JDBC Connection from DataSource
2026-08-11 18:47:14.858 DEBUG 10036 --- [nio-9060-exec-3] o.s.jdbc.core.JdbcTemplate               : Executing prepared SQL query
2026-08-11 18:47:14.858 DEBUG 10036 --- [nio-9060-exec-3] o.s.jdbc.core.JdbcTemplate               : Executing prepared SQL statement [EXEC spx_ExisteCierreAlmacenHoyPR_PD ?]
2026-08-11 18:47:14.858 DEBUG 10036 --- [nio-9060-exec-3] o.s.jdbc.datasource.DataSourceUtils      : Fetching JDBC Connection from DataSource
2026-08-11 18:47:15.442 DEBUG 10036 --- [io-9060-exec-10] o.s.jdbc.core.JdbcTemplate               : Executing prepared SQL query
2026-08-11 18:47:15.442 DEBUG 10036 --- [io-9060-exec-10] o.s.jdbc.core.JdbcTemplate               : Executing prepared SQL statement [SELECT cv.Id_CodigoVenta AS idCodigoVenta, cv.Id_Venta AS idVenta, cv.Id_Producto AS idProducto, p.Nombre AS producto, cv.Id_TipoMaterial AS idTipoMaterial, tm.Nombre AS tipoMaterial, cv.Cantidad AS cantidad, cv.Cod_Inicio AS serie, cv.ChipID AS chipId FROM dbo.tbl_CodigoVenta cv LEFT JOIN dbo.tbl_Producto p ON p.Id_Producto = cv.Id_Producto LEFT JOIN dbo.tbl_TipoMaterial tm ON tm.Id_TipoMaterial = cv.Id_TipoMaterial WHERE cv.Id_Venta = ? AND ISNULL(cv.E_Eliminado, 0) = 0 AND cv.Id_TipoMaterial = 1 AND NULLIF(LTRIM(RTRIM(ISNULL(cv.Cod_Inicio, ''))), '') IS NULL AND NULLIF(LTRIM(RTRIM(ISNULL(cv.ChipID, ''))), '') IS NULL ORDER BY p.Nombre, cv.Id_CodigoVenta]
2026-08-11 18:47:15.442 DEBUG 10036 --- [io-9060-exec-10] o.s.jdbc.datasource.DataSourceUtils      : Fetching JDBC Connection from DataSource
2026-08-11 18:47:15.446 DEBUG 10036 --- [io-9060-exec-10] o.s.jdbc.core.JdbcTemplate               : Executing prepared SQL query
2026-08-11 18:47:15.446 DEBUG 10036 --- [io-9060-exec-10] o.s.jdbc.core.JdbcTemplate               : Executing prepared SQL statement [EXEC spx_ValidarCuadreRuta ?, ?]
2026-08-11 18:47:15.446 DEBUG 10036 --- [io-9060-exec-10] o.s.jdbc.datasource.DataSourceUtils      : Fetching JDBC Connection from DataSource
2026-08-11 18:47:15.450 DEBUG 10036 --- [io-9060-exec-10] o.s.jdbc.core.JdbcTemplate               : Executing prepared SQL query
2026-08-11 18:47:15.450 DEBUG 10036 --- [io-9060-exec-10] o.s.jdbc.core.JdbcTemplate               : Executing prepared SQL statement [SELECT COUNT(1) FROM dbo.tbl_CierreAlmacen WHERE CONVERT(date, Fecha) = ? AND ISNULL(E_Eliminado, 0) = 0]
2026-08-11 18:47:15.450 DEBUG 10036 --- [io-9060-exec-10] o.s.jdbc.datasource.DataSourceUtils      : Fetching JDBC Connection from DataSource
2026-08-11 18:47:15.452 DEBUG 10036 --- [io-9060-exec-10] o.s.jdbc.core.JdbcTemplate               : Executing prepared SQL query
2026-08-11 18:47:15.452 DEBUG 10036 --- [io-9060-exec-10] o.s.jdbc.core.JdbcTemplate               : Executing prepared SQL statement [EXEC spx_ExisteCierreAlmacenHoy ?]
2026-08-11 18:47:15.452 DEBUG 10036 --- [io-9060-exec-10] o.s.jdbc.datasource.DataSourceUtils      : Fetching JDBC Connection from DataSource
2026-08-11 18:47:15.783 DEBUG 10036 --- [nio-9060-exec-3] o.s.w.s.m.m.a.HttpEntityMethodProcessor  : Using 'application/json', given [application/json, text/plain, */*] and supported [application/json, application/*+json, application/json, application/*+json]
2026-08-11 18:47:15.783 DEBUG 10036 --- [nio-9060-exec-3] o.s.w.s.m.m.a.HttpEntityMethodProcessor  : Writing [com.example.TigoStarSystem.common.ApiResponse@285701d9]
2026-08-11 18:47:15.785 DEBUG 10036 --- [nio-9060-exec-3] o.s.web.servlet.DispatcherServlet        : Completed 200 OK
2026-08-11 18:47:16.142 DEBUG 10036 --- [a-9 housekeeper] com.zaxxer.hikari.pool.HikariPool        : ConnDb-inicio-jornada-9 - Before cleanup stats (total=1, active=0, idle=1, waiting=0)
2026-08-11 18:47:16.142 DEBUG 10036 --- [a-9 housekeeper] com.zaxxer.hikari.pool.HikariPool        : ConnDb-inicio-jornada-9 - After cleanup  stats (total=1, active=0, idle=1, waiting=0)
2026-08-11 18:47:16.142 DEBUG 10036 --- [a-9 housekeeper] com.zaxxer.hikari.pool.HikariPool        : ConnDb-inicio-jornada-9 - Fill pool skipped, pool is at sufficient level.
2026-08-11 18:47:16.314 DEBUG 10036 --- [io-9060-exec-10] o.s.jdbc.core.JdbcTemplate               : Executing prepared SQL query
2026-08-11 18:47:16.314 DEBUG 10036 --- [io-9060-exec-10] o.s.jdbc.core.JdbcTemplate               : Executing prepared SQL statement [SELECT COUNT(1) FROM dbo.tbl_CierreAlmacenPR_PD WHERE CONVERT(date, Fecha) = ? AND ISNULL(E_Eliminado, 0) = 0]
2026-08-11 18:47:16.314 DEBUG 10036 --- [io-9060-exec-10] o.s.jdbc.datasource.DataSourceUtils      : Fetching JDBC Connection from DataSource
2026-08-11 18:47:16.318 DEBUG 10036 --- [io-9060-exec-10] o.s.jdbc.core.JdbcTemplate               : Executing prepared SQL query
2026-08-11 18:47:16.318 DEBUG 10036 --- [io-9060-exec-10] o.s.jdbc.core.JdbcTemplate               : Executing prepared SQL statement [EXEC spx_ExisteCierreAlmacenHoyPR_PD ?]
2026-08-11 18:47:16.318 DEBUG 10036 --- [io-9060-exec-10] o.s.jdbc.datasource.DataSourceUtils      : Fetching JDBC Connection from DataSource
2026-08-11 18:47:17.131 DEBUG 10036 --- [io-9060-exec-10] o.s.jdbc.core.JdbcTemplate               : Executing prepared SQL query
2026-08-11 18:47:17.131 DEBUG 10036 --- [io-9060-exec-10] o.s.jdbc.core.JdbcTemplate               : Executing prepared SQL statement [EXEC spx_ValidarCuadreRuta ?, ?]
2026-08-11 18:47:17.131 DEBUG 10036 --- [io-9060-exec-10] o.s.jdbc.datasource.DataSourceUtils      : Fetching JDBC Connection from DataSource
2026-08-11 18:47:17.137 DEBUG 10036 --- [io-9060-exec-10] o.s.jdbc.core.JdbcTemplate               : Executing prepared SQL query
2026-08-11 18:47:17.137 DEBUG 10036 --- [io-9060-exec-10] o.s.jdbc.core.JdbcTemplate               : Executing prepared SQL statement [SELECT COUNT(1) FROM dbo.tbl_CierreAlmacen WHERE CONVERT(date, Fecha) = ? AND ISNULL(E_Eliminado, 0) = 0]
2026-08-11 18:47:17.137 DEBUG 10036 --- [io-9060-exec-10] o.s.jdbc.datasource.DataSourceUtils      : Fetching JDBC Connection from DataSource
2026-08-11 18:47:17.139 DEBUG 10036 --- [io-9060-exec-10] o.s.jdbc.core.JdbcTemplate               : Executing prepared SQL query
2026-08-11 18:47:17.139 DEBUG 10036 --- [io-9060-exec-10] o.s.jdbc.core.JdbcTemplate               : Executing prepared SQL statement [EXEC spx_ExisteCierreAlmacenHoy ?]
2026-08-11 18:47:17.139 DEBUG 10036 --- [io-9060-exec-10] o.s.jdbc.datasource.DataSourceUtils      : Fetching JDBC Connection from DataSource
2026-08-11 18:47:17.945 DEBUG 10036 --- [io-9060-exec-10] o.s.jdbc.core.JdbcTemplate               : Executing prepared SQL query
2026-08-11 18:47:17.945 DEBUG 10036 --- [io-9060-exec-10] o.s.jdbc.core.JdbcTemplate               : Executing prepared SQL statement [SELECT COUNT(1) FROM dbo.tbl_CierreAlmacenPR_PD WHERE CONVERT(date, Fecha) = ? AND ISNULL(E_Eliminado, 0) = 0]
2026-08-11 18:47:17.945 DEBUG 10036 --- [io-9060-exec-10] o.s.jdbc.datasource.DataSourceUtils      : Fetching JDBC Connection from DataSource
2026-08-11 18:47:17.949 DEBUG 10036 --- [io-9060-exec-10] o.s.jdbc.core.JdbcTemplate               : Executing prepared SQL query
2026-08-11 18:47:17.949 DEBUG 10036 --- [io-9060-exec-10] o.s.jdbc.core.JdbcTemplate               : Executing prepared SQL statement [EXEC spx_ExisteCierreAlmacenHoyPR_PD ?]
2026-08-11 18:47:17.949 DEBUG 10036 --- [io-9060-exec-10] o.s.jdbc.datasource.DataSourceUtils      : Fetching JDBC Connection from DataSource
2026-08-11 18:47:18.763 DEBUG 10036 --- [io-9060-exec-10] o.s.jdbc.core.JdbcTemplate               : Executing prepared SQL query
2026-08-11 18:47:18.763 DEBUG 10036 --- [io-9060-exec-10] o.s.jdbc.core.JdbcTemplate               : Executing prepared SQL statement [SELECT cv.Id_CodigoVenta AS idCodigoVenta, cv.Id_Venta AS idVenta, cv.Id_Producto AS idProducto, p.Nombre AS producto, cv.Id_TipoMaterial AS idTipoMaterial, tm.Nombre AS tipoMaterial, cv.Cantidad AS cantidad, cv.Cod_Inicio AS serie, cv.ChipID AS chipId FROM dbo.tbl_CodigoVenta cv LEFT JOIN dbo.tbl_Producto p ON p.Id_Producto = cv.Id_Producto LEFT JOIN dbo.tbl_TipoMaterial tm ON tm.Id_TipoMaterial = cv.Id_TipoMaterial WHERE cv.Id_Venta = ? AND ISNULL(cv.E_Eliminado, 0) = 0 AND cv.Id_TipoMaterial = 1 AND NULLIF(LTRIM(RTRIM(ISNULL(cv.Cod_Inicio, ''))), '') IS NULL AND NULLIF(LTRIM(RTRIM(ISNULL(cv.ChipID, ''))), '') IS NULL ORDER BY p.Nombre, cv.Id_CodigoVenta]
2026-08-11 18:47:18.763 DEBUG 10036 --- [io-9060-exec-10] o.s.jdbc.datasource.DataSourceUtils      : Fetching JDBC Connection from DataSource
2026-08-11 18:47:18.767 DEBUG 10036 --- [io-9060-exec-10] o.s.jdbc.core.JdbcTemplate               : Executing prepared SQL query
2026-08-11 18:47:18.768 DEBUG 10036 --- [io-9060-exec-10] o.s.jdbc.core.JdbcTemplate               : Executing prepared SQL statement [EXEC spx_ValidarCuadreRuta ?, ?]
2026-08-11 18:47:18.768 DEBUG 10036 --- [io-9060-exec-10] o.s.jdbc.datasource.DataSourceUtils      : Fetching JDBC Connection from DataSource
2026-08-11 18:47:18.772 DEBUG 10036 --- [io-9060-exec-10] o.s.jdbc.core.JdbcTemplate               : Executing prepared SQL query
2026-08-11 18:47:18.772 DEBUG 10036 --- [io-9060-exec-10] o.s.jdbc.core.JdbcTemplate               : Executing prepared SQL statement [SELECT COUNT(1) FROM dbo.tbl_CierreAlmacen WHERE CONVERT(date, Fecha) = ? AND ISNULL(E_Eliminado, 0) = 0]
2026-08-11 18:47:18.772 DEBUG 10036 --- [io-9060-exec-10] o.s.jdbc.datasource.DataSourceUtils      : Fetching JDBC Connection from DataSource
2026-08-11 18:47:18.774 DEBUG 10036 --- [io-9060-exec-10] o.s.jdbc.core.JdbcTemplate               : Executing prepared SQL query
2026-08-11 18:47:18.774 DEBUG 10036 --- [io-9060-exec-10] o.s.jdbc.core.JdbcTemplate               : Executing prepared SQL statement [EXEC spx_ExisteCierreAlmacenHoy ?]
2026-08-11 18:47:18.774 DEBUG 10036 --- [io-9060-exec-10] o.s.jdbc.datasource.DataSourceUtils      : Fetching JDBC Connection from DataSource
2026-08-11 18:47:19.586 DEBUG 10036 --- [io-9060-exec-10] o.s.jdbc.core.JdbcTemplate               : Executing prepared SQL query
2026-08-11 18:47:19.586 DEBUG 10036 --- [io-9060-exec-10] o.s.jdbc.core.JdbcTemplate               : Executing prepared SQL statement [SELECT COUNT(1) FROM dbo.tbl_CierreAlmacenPR_PD WHERE CONVERT(date, Fecha) = ? AND ISNULL(E_Eliminado, 0) = 0]
2026-08-11 18:47:19.586 DEBUG 10036 --- [io-9060-exec-10] o.s.jdbc.datasource.DataSourceUtils      : Fetching JDBC Connection from DataSource
2026-08-11 18:47:19.589 DEBUG 10036 --- [io-9060-exec-10] o.s.jdbc.core.JdbcTemplate               : Executing prepared SQL query
2026-08-11 18:47:19.589 DEBUG 10036 --- [io-9060-exec-10] o.s.jdbc.core.JdbcTemplate               : Executing prepared SQL statement [EXEC spx_ExisteCierreAlmacenHoyPR_PD ?]
2026-08-11 18:47:19.589 DEBUG 10036 --- [io-9060-exec-10] o.s.jdbc.datasource.DataSourceUtils      : Fetching JDBC Connection from DataSource
2026-08-11 18:47:19.607 DEBUG 10036 --- [l-1 housekeeper] com.zaxxer.hikari.pool.HikariPool        : HikariPool-1 - keepalive: connection net.sourceforge.jtds.jdbc.JtdsConnection@28b3565d is alive
2026-08-11 18:47:20.403 DEBUG 10036 --- [io-9060-exec-10] o.s.jdbc.core.JdbcTemplate               : Executing prepared SQL query
2026-08-11 18:47:20.403 DEBUG 10036 --- [io-9060-exec-10] o.s.jdbc.core.JdbcTemplate               : Executing prepared SQL statement [EXEC spx_ValidarCuadreRuta ?, ?]
2026-08-11 18:47:20.403 DEBUG 10036 --- [io-9060-exec-10] o.s.jdbc.datasource.DataSourceUtils      : Fetching JDBC Connection from DataSource
2026-08-11 18:47:20.408 DEBUG 10036 --- [io-9060-exec-10] o.s.jdbc.core.JdbcTemplate               : Executing prepared SQL query
2026-08-11 18:47:20.408 DEBUG 10036 --- [io-9060-exec-10] o.s.jdbc.core.JdbcTemplate               : Executing prepared SQL statement [SELECT COUNT(1) FROM dbo.tbl_CierreAlmacen WHERE CONVERT(date, Fecha) = ? AND ISNULL(E_Eliminado, 0) = 0]
2026-08-11 18:47:20.408 DEBUG 10036 --- [io-9060-exec-10] o.s.jdbc.datasource.DataSourceUtils      : Fetching JDBC Connection from DataSource
2026-08-11 18:47:20.410 DEBUG 10036 --- [io-9060-exec-10] o.s.jdbc.core.JdbcTemplate               : Executing prepared SQL query
2026-08-11 18:47:20.410 DEBUG 10036 --- [io-9060-exec-10] o.s.jdbc.core.JdbcTemplate               : Executing prepared SQL statement [EXEC spx_ExisteCierreAlmacenHoy ?]
2026-08-11 18:47:20.410 DEBUG 10036 --- [io-9060-exec-10] o.s.jdbc.datasource.DataSourceUtils      : Fetching JDBC Connection from DataSource
2026-08-11 18:47:20.550 DEBUG 10036 --- [nio-9060-exec-4] o.s.web.servlet.DispatcherServlet        : GET "/tecnico/inicio-jornada/cierre-estado", parameters={}
2026-08-11 18:47:20.550 DEBUG 10036 --- [nio-9060-exec-4] s.w.s.m.m.a.RequestMappingHandlerMapping : Mapped to com.example.TigoStarSystem.tecnicoiniciojornada.controller.TecnicoInicioJornadaController#estadoCierre(String)
2026-08-11 18:47:20.551 DEBUG 10036 --- [nio-9060-exec-4] o.s.jdbc.core.JdbcTemplate               : Executing prepared SQL query
2026-08-11 18:47:20.551 DEBUG 10036 --- [nio-9060-exec-4] o.s.jdbc.core.JdbcTemplate               : Executing prepared SQL statement [EXEC dbo.SP_InicioJornada_MarcarNoCierreAtrasado ?]
2026-08-11 18:47:20.551 DEBUG 10036 --- [nio-9060-exec-4] o.s.jdbc.datasource.DataSourceUtils      : Fetching JDBC Connection from DataSource
2026-08-11 18:47:20.559 DEBUG 10036 --- [nio-9060-exec-4] o.s.jdbc.core.JdbcTemplate               : Executing prepared SQL query
2026-08-11 18:47:20.559 DEBUG 10036 --- [nio-9060-exec-4] o.s.jdbc.core.JdbcTemplate               : Executing prepared SQL statement [SELECT TOP 1 ultimo.id_inicio, ultimo.id_tecnico, ultimo.id_encargado, ultimo.fecha_registro, ultimo.fecha_cierre, ultimo.pendiente, ultimo.no_marco_cierre FROM (   SELECT TOP 1 id_inicio, id_tecnico, id_encargado, fecha_registro, fecha_cierre, pendiente, no_marco_cierre, e_eliminado   FROM dbo.tbl_InicioJornadaAlturas   WHERE id_tecnico = ?     AND CAST(fecha_registro AS DATE) < CAST(GETDATE() AS DATE)   ORDER BY fecha_registro DESC, id_inicio DESC ) ultimo WHERE fecha_cierre IS NULL   AND ISNULL(e_eliminado, 0) = 0   AND ISNULL(no_marco_cierre, 0) = 1]
2026-08-11 18:47:20.559 DEBUG 10036 --- [nio-9060-exec-4] o.s.jdbc.datasource.DataSourceUtils      : Fetching JDBC Connection from DataSource
2026-08-11 18:47:20.562 DEBUG 10036 --- [nio-9060-exec-4] o.s.jdbc.core.JdbcTemplate               : Executing prepared SQL query
2026-08-11 18:47:20.562 DEBUG 10036 --- [nio-9060-exec-4] o.s.jdbc.core.JdbcTemplate               : Executing prepared SQL statement [EXEC dbo.SP_InicioJornada_EstadoCierreHoy ?]
2026-08-11 18:47:20.562 DEBUG 10036 --- [nio-9060-exec-4] o.s.jdbc.datasource.DataSourceUtils      : Fetching JDBC Connection from DataSource
2026-08-11 18:47:20.564 DEBUG 10036 --- [nio-9060-exec-4] o.s.jdbc.core.JdbcTemplate               : Executing prepared SQL query
2026-08-11 18:47:20.564 DEBUG 10036 --- [nio-9060-exec-4] o.s.jdbc.core.JdbcTemplate               : Executing prepared SQL statement [EXEC dbo.SP_InicioJornada_CountNoMarco ?]
2026-08-11 18:47:20.564 DEBUG 10036 --- [nio-9060-exec-4] o.s.jdbc.datasource.DataSourceUtils      : Fetching JDBC Connection from DataSource
2026-08-11 18:47:20.569 DEBUG 10036 --- [nio-9060-exec-4] o.s.w.s.m.m.a.HttpEntityMethodProcessor  : Using 'application/json', given [application/json, text/plain, */*] and supported [application/json, application/*+json, application/json, application/*+json]
2026-08-11 18:47:20.570 DEBUG 10036 --- [nio-9060-exec-4] o.s.w.s.m.m.a.HttpEntityMethodProcessor  : Writing [com.example.TigoStarSystem.common.ApiResponse@10f37d0d]
2026-08-11 18:47:20.570 DEBUG 10036 --- [nio-9060-exec-4] o.s.web.servlet.DispatcherServlet        : Completed 200 OK
2026-08-11 18:47:21.218 DEBUG 10036 --- [io-9060-exec-10] o.s.jdbc.core.JdbcTemplate               : Executing prepared SQL query
2026-08-11 18:47:21.218 DEBUG 10036 --- [io-9060-exec-10] o.s.jdbc.core.JdbcTemplate               : Executing prepared SQL statement [SELECT COUNT(1) FROM dbo.tbl_CierreAlmacenPR_PD WHERE CONVERT(date, Fecha) = ? AND ISNULL(E_Eliminado, 0) = 0]
2026-08-11 18:47:21.218 DEBUG 10036 --- [io-9060-exec-10] o.s.jdbc.datasource.DataSourceUtils      : Fetching JDBC Connection from DataSource
2026-08-11 18:47:21.222 DEBUG 10036 --- [io-9060-exec-10] o.s.jdbc.core.JdbcTemplate               : Executing prepared SQL query
2026-08-11 18:47:21.222 DEBUG 10036 --- [io-9060-exec-10] o.s.jdbc.core.JdbcTemplate               : Executing prepared SQL statement [EXEC spx_ExisteCierreAlmacenHoyPR_PD ?]
2026-08-11 18:47:21.222 DEBUG 10036 --- [io-9060-exec-10] o.s.jdbc.datasource.DataSourceUtils      : Fetching JDBC Connection from DataSource
2026-08-11 18:47:22.036 DEBUG 10036 --- [io-9060-exec-10] o.s.jdbc.core.JdbcTemplate               : Executing prepared SQL query
2026-08-11 18:47:22.036 DEBUG 10036 --- [io-9060-exec-10] o.s.jdbc.core.JdbcTemplate               : Executing prepared SQL statement [SELECT cv.Id_CodigoVenta AS idCodigoVenta, cv.Id_Venta AS idVenta, cv.Id_Producto AS idProducto, p.Nombre AS producto, cv.Id_TipoMaterial AS idTipoMaterial, tm.Nombre AS tipoMaterial, cv.Cantidad AS cantidad, cv.Cod_Inicio AS serie, cv.ChipID AS chipId FROM dbo.tbl_CodigoVenta cv LEFT JOIN dbo.tbl_Producto p ON p.Id_Producto = cv.Id_Producto LEFT JOIN dbo.tbl_TipoMaterial tm ON tm.Id_TipoMaterial = cv.Id_TipoMaterial WHERE cv.Id_Venta = ? AND ISNULL(cv.E_Eliminado, 0) = 0 AND cv.Id_TipoMaterial = 1 AND NULLIF(LTRIM(RTRIM(ISNULL(cv.Cod_Inicio, ''))), '') IS NULL AND NULLIF(LTRIM(RTRIM(ISNULL(cv.ChipID, ''))), '') IS NULL ORDER BY p.Nombre, cv.Id_CodigoVenta]
2026-08-11 18:47:22.037 DEBUG 10036 --- [io-9060-exec-10] o.s.jdbc.datasource.DataSourceUtils      : Fetching JDBC Connection from DataSource
2026-08-11 18:47:22.039 DEBUG 10036 --- [io-9060-exec-10] o.s.jdbc.core.JdbcTemplate               : Executing prepared SQL query
2026-08-11 18:47:22.039 DEBUG 10036 --- [io-9060-exec-10] o.s.jdbc.core.JdbcTemplate               : Executing prepared SQL statement [EXEC spx_ValidarCuadreRuta ?, ?]
2026-08-11 18:47:22.039 DEBUG 10036 --- [io-9060-exec-10] o.s.jdbc.datasource.DataSourceUtils      : Fetching JDBC Connection from DataSource
2026-08-11 18:47:22.043 DEBUG 10036 --- [io-9060-exec-10] o.s.jdbc.core.JdbcTemplate               : Executing prepared SQL query
2026-08-11 18:47:22.043 DEBUG 10036 --- [io-9060-exec-10] o.s.jdbc.core.JdbcTemplate               : Executing prepared SQL statement [SELECT COUNT(1) FROM dbo.tbl_CierreAlmacen WHERE CONVERT(date, Fecha) = ? AND ISNULL(E_Eliminado, 0) = 0]
2026-08-11 18:47:22.043 DEBUG 10036 --- [io-9060-exec-10] o.s.jdbc.datasource.DataSourceUtils      : Fetching JDBC Connection from DataSource
2026-08-11 18:47:22.045 DEBUG 10036 --- [io-9060-exec-10] o.s.jdbc.core.JdbcTemplate               : Executing prepared SQL query
2026-08-11 18:47:22.045 DEBUG 10036 --- [io-9060-exec-10] o.s.jdbc.core.JdbcTemplate               : Executing prepared SQL statement [EXEC spx_ExisteCierreAlmacenHoy ?]
2026-08-11 18:47:22.045 DEBUG 10036 --- [io-9060-exec-10] o.s.jdbc.datasource.DataSourceUtils      : Fetching JDBC Connection from DataSource
2026-08-11 18:47:22.856 DEBUG 10036 --- [io-9060-exec-10] o.s.jdbc.core.JdbcTemplate               : Executing prepared SQL query
2026-08-11 18:47:22.857 DEBUG 10036 --- [io-9060-exec-10] o.s.jdbc.core.JdbcTemplate               : Executing prepared SQL statement [SELECT COUNT(1) FROM dbo.tbl_CierreAlmacenPR_PD WHERE CONVERT(date, Fecha) = ? AND ISNULL(E_Eliminado, 0) = 0]
2026-08-11 18:47:22.857 DEBUG 10036 --- [io-9060-exec-10] o.s.jdbc.datasource.DataSourceUtils      : Fetching JDBC Connection from DataSource
2026-08-11 18:47:22.860 DEBUG 10036 --- [io-9060-exec-10] o.s.jdbc.core.JdbcTemplate               : Executing prepared SQL query
2026-08-11 18:47:22.860 DEBUG 10036 --- [io-9060-exec-10] o.s.jdbc.core.JdbcTemplate               : Executing prepared SQL statement [EXEC spx_ExisteCierreAlmacenHoyPR_PD ?]
2026-08-11 18:47:22.860 DEBUG 10036 --- [io-9060-exec-10] o.s.jdbc.datasource.DataSourceUtils      : Fetching JDBC Connection from DataSource
2026-08-11 18:47:23.673 DEBUG 10036 --- [io-9060-exec-10] o.s.jdbc.core.JdbcTemplate               : Executing prepared SQL query
2026-08-11 18:47:23.673 DEBUG 10036 --- [io-9060-exec-10] o.s.jdbc.core.JdbcTemplate               : Executing prepared SQL statement [EXEC spx_ValidarCuadreRuta ?, ?]
2026-08-11 18:47:23.674 DEBUG 10036 --- [io-9060-exec-10] o.s.jdbc.datasource.DataSourceUtils      : Fetching JDBC Connection from DataSource
2026-08-11 18:47:23.679 DEBUG 10036 --- [io-9060-exec-10] o.s.jdbc.core.JdbcTemplate               : Executing prepared SQL query
2026-08-11 18:47:23.679 DEBUG 10036 --- [io-9060-exec-10] o.s.jdbc.core.JdbcTemplate               : Executing prepared SQL statement [SELECT COUNT(1) FROM dbo.tbl_CierreAlmacen WHERE CONVERT(date, Fecha) = ? AND ISNULL(E_Eliminado, 0) = 0]
2026-08-11 18:47:23.679 DEBUG 10036 --- [io-9060-exec-10] o.s.jdbc.datasource.DataSourceUtils      : Fetching JDBC Connection from DataSource
2026-08-11 18:47:23.681 DEBUG 10036 --- [io-9060-exec-10] o.s.jdbc.core.JdbcTemplate               : Executing prepared SQL query
2026-08-11 18:47:23.681 DEBUG 10036 --- [io-9060-exec-10] o.s.jdbc.core.JdbcTemplate               : Executing prepared SQL statement [EXEC spx_ExisteCierreAlmacenHoy ?]
2026-08-11 18:47:23.681 DEBUG 10036 --- [io-9060-exec-10] o.s.jdbc.datasource.DataSourceUtils      : Fetching JDBC Connection from DataSource
2026-08-11 18:47:24.492 DEBUG 10036 --- [io-9060-exec-10] o.s.jdbc.core.JdbcTemplate               : Executing prepared SQL query
2026-08-11 18:47:24.492 DEBUG 10036 --- [io-9060-exec-10] o.s.jdbc.core.JdbcTemplate               : Executing prepared SQL statement [SELECT COUNT(1) FROM dbo.tbl_CierreAlmacenPR_PD WHERE CONVERT(date, Fecha) = ? AND ISNULL(E_Eliminado, 0) = 0]
2026-08-11 18:47:24.492 DEBUG 10036 --- [io-9060-exec-10] o.s.jdbc.datasource.DataSourceUtils      : Fetching JDBC Connection from DataSource
2026-08-11 18:47:24.495 DEBUG 10036 --- [io-9060-exec-10] o.s.jdbc.core.JdbcTemplate               : Executing prepared SQL query
2026-08-11 18:47:24.495 DEBUG 10036 --- [io-9060-exec-10] o.s.jdbc.core.JdbcTemplate               : Executing prepared SQL statement [EXEC spx_ExisteCierreAlmacenHoyPR_PD ?]
2026-08-11 18:47:24.495 DEBUG 10036 --- [io-9060-exec-10] o.s.jdbc.datasource.DataSourceUtils      : Fetching JDBC Connection from DataSource
2026-08-11 18:47:25.319 DEBUG 10036 --- [io-9060-exec-10] o.s.jdbc.core.JdbcTemplate               : Executing prepared SQL query
2026-08-11 18:47:25.319 DEBUG 10036 --- [io-9060-exec-10] o.s.jdbc.core.JdbcTemplate               : Executing prepared SQL statement [SELECT cv.Id_CodigoVenta AS idCodigoVenta, cv.Id_Venta AS idVenta, cv.Id_Producto AS idProducto, p.Nombre AS producto, cv.Id_TipoMaterial AS idTipoMaterial, tm.Nombre AS tipoMaterial, cv.Cantidad AS cantidad, cv.Cod_Inicio AS serie, cv.ChipID AS chipId FROM dbo.tbl_CodigoVenta cv LEFT JOIN dbo.tbl_Producto p ON p.Id_Producto = cv.Id_Producto LEFT JOIN dbo.tbl_TipoMaterial tm ON tm.Id_TipoMaterial = cv.Id_TipoMaterial WHERE cv.Id_Venta = ? AND ISNULL(cv.E_Eliminado, 0) = 0 AND cv.Id_TipoMaterial = 1 AND NULLIF(LTRIM(RTRIM(ISNULL(cv.Cod_Inicio, ''))), '') IS NULL AND NULLIF(LTRIM(RTRIM(ISNULL(cv.ChipID, ''))), '') IS NULL ORDER BY p.Nombre, cv.Id_CodigoVenta]
2026-08-11 18:47:25.319 DEBUG 10036 --- [io-9060-exec-10] o.s.jdbc.datasource.DataSourceUtils      : Fetching JDBC Connection from DataSource
2026-08-11 18:47:25.323 DEBUG 10036 --- [io-9060-exec-10] o.s.jdbc.core.JdbcTemplate               : Executing prepared SQL query
2026-08-11 18:47:25.323 DEBUG 10036 --- [io-9060-exec-10] o.s.jdbc.core.JdbcTemplate               : Executing prepared SQL statement [EXEC spx_ValidarCuadreRuta ?, ?]
2026-08-11 18:47:25.323 DEBUG 10036 --- [io-9060-exec-10] o.s.jdbc.datasource.DataSourceUtils      : Fetching JDBC Connection from DataSource
2026-08-11 18:47:25.328 DEBUG 10036 --- [io-9060-exec-10] o.s.jdbc.core.JdbcTemplate               : Executing prepared SQL query
2026-08-11 18:47:25.328 DEBUG 10036 --- [io-9060-exec-10] o.s.jdbc.core.JdbcTemplate               : Executing prepared SQL statement [SELECT COUNT(1) FROM dbo.tbl_CierreAlmacen WHERE CONVERT(date, Fecha) = ? AND ISNULL(E_Eliminado, 0) = 0]
2026-08-11 18:47:25.328 DEBUG 10036 --- [io-9060-exec-10] o.s.jdbc.datasource.DataSourceUtils      : Fetching JDBC Connection from DataSource
2026-08-11 18:47:25.330 DEBUG 10036 --- [io-9060-exec-10] o.s.jdbc.core.JdbcTemplate               : Executing prepared SQL query
2026-08-11 18:47:25.330 DEBUG 10036 --- [io-9060-exec-10] o.s.jdbc.core.JdbcTemplate               : Executing prepared SQL statement [EXEC spx_ExisteCierreAlmacenHoy ?]
2026-08-11 18:47:25.330 DEBUG 10036 --- [io-9060-exec-10] o.s.jdbc.datasource.DataSourceUtils      : Fetching JDBC Connection from DataSource
2026-08-11 18:47:26.585 DEBUG 10036 --- [ool housekeeper] com.zaxxer.hikari.pool.HikariPool        : CentralHikariPool - Before cleanup stats (total=1, active=0, idle=1, waiting=0)
2026-08-11 18:47:26.585 DEBUG 10036 --- [ool housekeeper] com.zaxxer.hikari.pool.HikariPool        : CentralHikariPool - After cleanup  stats (total=1, active=0, idle=1, waiting=0)
2026-08-11 18:47:26.585 DEBUG 10036 --- [ool housekeeper] com.zaxxer.hikari.pool.HikariPool        : CentralHikariPool - Fill pool skipped, pool is at sufficient level.
2026-08-11 18:47:26.601 DEBUG 10036 --- [l-1 housekeeper] com.zaxxer.hikari.pool.HikariPool        : HikariPool-1 - Before cleanup stats (total=3, active=1, idle=2, waiting=0)
2026-08-11 18:47:26.601 DEBUG 10036 --- [l-1 housekeeper] com.zaxxer.hikari.pool.HikariPool        : HikariPool-1 - After cleanup  stats (total=3, active=1, idle=2, waiting=0)
2026-08-11 18:47:26.601 DEBUG 10036 --- [l-1 housekeeper] com.zaxxer.hikari.pool.HikariPool        : HikariPool-1 - Fill pool skipped, pool is at sufficient level.
2026-08-11 18:47:26.941 DEBUG 10036 --- [ool housekeeper] com.zaxxer.hikari.pool.HikariPool        : TigoHogarHikariPool - Before cleanup stats (total=2, active=0, idle=2, waiting=0)
2026-08-11 18:47:26.941 DEBUG 10036 --- [ool housekeeper] com.zaxxer.hikari.pool.HikariPool        : TigoHogarHikariPool - After cleanup  stats (total=2, active=0, idle=2, waiting=0)
2026-08-11 18:47:26.941 DEBUG 10036 --- [ool housekeeper] com.zaxxer.hikari.pool.HikariPool        : TigoHogarHikariPool - Fill pool skipped, pool is at sufficient level.
2026-08-11 18:47:27.297 DEBUG 10036 --- [io-9060-exec-10] o.s.jdbc.core.JdbcTemplate               : Executing prepared SQL query
2026-08-11 18:47:27.298 DEBUG 10036 --- [io-9060-exec-10] o.s.jdbc.core.JdbcTemplate               : Executing prepared SQL statement [SELECT COUNT(1) FROM dbo.tbl_CierreAlmacenPR_PD WHERE CONVERT(date, Fecha) = ? AND ISNULL(E_Eliminado, 0) = 0]
2026-08-11 18:47:27.298 DEBUG 10036 --- [io-9060-exec-10] o.s.jdbc.datasource.DataSourceUtils      : Fetching JDBC Connection from DataSource
2026-08-11 18:47:27.305 DEBUG 10036 --- [io-9060-exec-10] o.s.jdbc.core.JdbcTemplate               : Executing prepared SQL query
2026-08-11 18:47:27.305 DEBUG 10036 --- [io-9060-exec-10] o.s.jdbc.core.JdbcTemplate               : Executing prepared SQL statement [EXEC spx_ExisteCierreAlmacenHoyPR_PD ?]
2026-08-11 18:47:27.305 DEBUG 10036 --- [io-9060-exec-10] o.s.jdbc.datasource.DataSourceUtils      : Fetching JDBC Connection from DataSource
2026-08-11 18:47:29.740 DEBUG 10036 --- [io-9060-exec-10] o.s.jdbc.core.JdbcTemplate               : Executing prepared SQL query
2026-08-11 18:47:29.740 DEBUG 10036 --- [io-9060-exec-10] o.s.jdbc.core.JdbcTemplate               : Executing prepared SQL statement [EXEC spx_ValidarCuadreRuta ?, ?]
2026-08-11 18:47:29.740 DEBUG 10036 --- [io-9060-exec-10] o.s.jdbc.datasource.DataSourceUtils      : Fetching JDBC Connection from DataSource
2026-08-11 18:47:29.756 DEBUG 10036 --- [io-9060-exec-10] o.s.jdbc.core.JdbcTemplate               : Executing prepared SQL query
2026-08-11 18:47:29.756 DEBUG 10036 --- [io-9060-exec-10] o.s.jdbc.core.JdbcTemplate               : Executing prepared SQL statement [SELECT COUNT(1) FROM dbo.tbl_CierreAlmacen WHERE CONVERT(date, Fecha) = ? AND ISNULL(E_Eliminado, 0) = 0]
2026-08-11 18:47:29.756 DEBUG 10036 --- [io-9060-exec-10] o.s.jdbc.datasource.DataSourceUtils      : Fetching JDBC Connection from DataSource
2026-08-11 18:47:29.761 DEBUG 10036 --- [io-9060-exec-10] o.s.jdbc.core.JdbcTemplate               : Executing prepared SQL query
2026-08-11 18:47:29.761 DEBUG 10036 --- [io-9060-exec-10] o.s.jdbc.core.JdbcTemplate               : Executing prepared SQL statement [EXEC spx_ExisteCierreAlmacenHoy ?]
2026-08-11 18:47:29.761 DEBUG 10036 --- [io-9060-exec-10] o.s.jdbc.datasource.DataSourceUtils      : Fetching JDBC Connection from DataSource
2026-08-11 18:47:31.879 DEBUG 10036 --- [io-9060-exec-10] o.s.jdbc.core.JdbcTemplate               : Executing prepared SQL query
2026-08-11 18:47:31.879 DEBUG 10036 --- [io-9060-exec-10] o.s.jdbc.core.JdbcTemplate               : Executing prepared SQL statement [SELECT COUNT(1) FROM dbo.tbl_CierreAlmacenPR_PD WHERE CONVERT(date, Fecha) = ? AND ISNULL(E_Eliminado, 0) = 0]
2026-08-11 18:47:31.879 DEBUG 10036 --- [io-9060-exec-10] o.s.jdbc.datasource.DataSourceUtils      : Fetching JDBC Connection from DataSource
2026-08-11 18:47:31.888 DEBUG 10036 --- [io-9060-exec-10] o.s.jdbc.core.JdbcTemplate               : Executing prepared SQL query
2026-08-11 18:47:31.888 DEBUG 10036 --- [io-9060-exec-10] o.s.jdbc.core.JdbcTemplate               : Executing prepared SQL statement [EXEC spx_ExisteCierreAlmacenHoyPR_PD ?]
2026-08-11 18:47:31.888 DEBUG 10036 --- [io-9060-exec-10] o.s.jdbc.datasource.DataSourceUtils      : Fetching JDBC Connection from DataSource
2026-08-11 18:47:33.041 DEBUG 10036 --- [io-9060-exec-10] o.s.jdbc.core.JdbcTemplate               : Executing prepared SQL query
2026-08-11 18:47:33.041 DEBUG 10036 --- [io-9060-exec-10] o.s.jdbc.core.JdbcTemplate               : Executing prepared SQL statement [SELECT cv.Id_CodigoVenta AS idCodigoVenta, cv.Id_Venta AS idVenta, cv.Id_Producto AS idProducto, p.Nombre AS producto, cv.Id_TipoMaterial AS idTipoMaterial, tm.Nombre AS tipoMaterial, cv.Cantidad AS cantidad, cv.Cod_Inicio AS serie, cv.ChipID AS chipId FROM dbo.tbl_CodigoVenta cv LEFT JOIN dbo.tbl_Producto p ON p.Id_Producto = cv.Id_Producto LEFT JOIN dbo.tbl_TipoMaterial tm ON tm.Id_TipoMaterial = cv.Id_TipoMaterial WHERE cv.Id_Venta = ? AND ISNULL(cv.E_Eliminado, 0) = 0 AND cv.Id_TipoMaterial = 1 AND NULLIF(LTRIM(RTRIM(ISNULL(cv.Cod_Inicio, ''))), '') IS NULL AND NULLIF(LTRIM(RTRIM(ISNULL(cv.ChipID, ''))), '') IS NULL ORDER BY p.Nombre, cv.Id_CodigoVenta]
2026-08-11 18:47:33.041 DEBUG 10036 --- [io-9060-exec-10] o.s.jdbc.datasource.DataSourceUtils      : Fetching JDBC Connection from DataSource
2026-08-11 18:47:33.045 DEBUG 10036 --- [io-9060-exec-10] o.s.jdbc.core.JdbcTemplate               : Executing prepared SQL query
2026-08-11 18:47:33.045 DEBUG 10036 --- [io-9060-exec-10] o.s.jdbc.core.JdbcTemplate               : Executing prepared SQL statement [EXEC spx_ValidarCuadreRuta ?, ?]
2026-08-11 18:47:33.045 DEBUG 10036 --- [io-9060-exec-10] o.s.jdbc.datasource.DataSourceUtils      : Fetching JDBC Connection from DataSource
2026-08-11 18:47:33.050 DEBUG 10036 --- [io-9060-exec-10] o.s.jdbc.core.JdbcTemplate               : Executing prepared SQL query
2026-08-11 18:47:33.050 DEBUG 10036 --- [io-9060-exec-10] o.s.jdbc.core.JdbcTemplate               : Executing prepared SQL statement [SELECT COUNT(1) FROM dbo.tbl_CierreAlmacen WHERE CONVERT(date, Fecha) = ? AND ISNULL(E_Eliminado, 0) = 0]
2026-08-11 18:47:33.050 DEBUG 10036 --- [io-9060-exec-10] o.s.jdbc.datasource.DataSourceUtils      : Fetching JDBC Connection from DataSource
2026-08-11 18:47:33.052 DEBUG 10036 --- [io-9060-exec-10] o.s.jdbc.core.JdbcTemplate               : Executing prepared SQL query
2026-08-11 18:47:33.052 DEBUG 10036 --- [io-9060-exec-10] o.s.jdbc.core.JdbcTemplate               : Executing prepared SQL statement [EXEC spx_ExisteCierreAlmacenHoy ?]
2026-08-11 18:47:33.052 DEBUG 10036 --- [io-9060-exec-10] o.s.jdbc.datasource.DataSourceUtils      : Fetching JDBC Connection from DataSource
2026-08-11 18:47:33.866 DEBUG 10036 --- [io-9060-exec-10] o.s.jdbc.core.JdbcTemplate               : Executing prepared SQL query
2026-08-11 18:47:33.866 DEBUG 10036 --- [io-9060-exec-10] o.s.jdbc.core.JdbcTemplate               : Executing prepared SQL statement [SELECT COUNT(1) FROM dbo.tbl_CierreAlmacenPR_PD WHERE CONVERT(date, Fecha) = ? AND ISNULL(E_Eliminado, 0) = 0]
2026-08-11 18:47:33.866 DEBUG 10036 --- [io-9060-exec-10] o.s.jdbc.datasource.DataSourceUtils      : Fetching JDBC Connection from DataSource
2026-08-11 18:47:33.869 DEBUG 10036 --- [io-9060-exec-10] o.s.jdbc.core.JdbcTemplate               : Executing prepared SQL query
2026-08-11 18:47:33.869 DEBUG 10036 --- [io-9060-exec-10] o.s.jdbc.core.JdbcTemplate               : Executing prepared SQL statement [EXEC spx_ExisteCierreAlmacenHoyPR_PD ?]
2026-08-11 18:47:33.869 DEBUG 10036 --- [io-9060-exec-10] o.s.jdbc.datasource.DataSourceUtils      : Fetching JDBC Connection from DataSource
2026-08-11 18:47:34.686 DEBUG 10036 --- [io-9060-exec-10] o.s.jdbc.core.JdbcTemplate               : Executing prepared SQL query
2026-08-11 18:47:34.686 DEBUG 10036 --- [io-9060-exec-10] o.s.jdbc.core.JdbcTemplate               : Executing prepared SQL statement [EXEC spx_ValidarCuadreRuta ?, ?]
2026-08-11 18:47:34.686 DEBUG 10036 --- [io-9060-exec-10] o.s.jdbc.datasource.DataSourceUtils      : Fetching JDBC Connection from DataSource
2026-08-11 18:47:34.692 DEBUG 10036 --- [io-9060-exec-10] o.s.jdbc.core.JdbcTemplate               : Executing prepared SQL query
2026-08-11 18:47:34.692 DEBUG 10036 --- [io-9060-exec-10] o.s.jdbc.core.JdbcTemplate               : Executing prepared SQL statement [SELECT COUNT(1) FROM dbo.tbl_CierreAlmacen WHERE CONVERT(date, Fecha) = ? AND ISNULL(E_Eliminado, 0) = 0]
2026-08-11 18:47:34.692 DEBUG 10036 --- [io-9060-exec-10] o.s.jdbc.datasource.DataSourceUtils      : Fetching JDBC Connection from DataSource
2026-08-11 18:47:34.694 DEBUG 10036 --- [io-9060-exec-10] o.s.jdbc.core.JdbcTemplate               : Executing prepared SQL query
2026-08-11 18:47:34.694 DEBUG 10036 --- [io-9060-exec-10] o.s.jdbc.core.JdbcTemplate               : Executing prepared SQL statement [EXEC spx_ExisteCierreAlmacenHoy ?]
2026-08-11 18:47:34.694 DEBUG 10036 --- [io-9060-exec-10] o.s.jdbc.datasource.DataSourceUtils      : Fetching JDBC Connection from DataSource
2026-08-11 18:47:34.799 DEBUG 10036 --- [ool housekeeper] com.zaxxer.hikari.pool.HikariPool        : TigoHogarHikariPool - keepalive: connection net.sourceforge.jtds.jdbc.JtdsConnection@1112593c is alive
2026-08-11 18:47:35.500 DEBUG 10036 --- [io-9060-exec-10] o.s.jdbc.core.JdbcTemplate               : Executing prepared SQL query
2026-08-11 18:47:35.500 DEBUG 10036 --- [io-9060-exec-10] o.s.jdbc.core.JdbcTemplate               : Executing prepared SQL statement [SELECT COUNT(1) FROM dbo.tbl_CierreAlmacenPR_PD WHERE CONVERT(date, Fecha) = ? AND ISNULL(E_Eliminado, 0) = 0]
2026-08-11 18:47:35.500 DEBUG 10036 --- [io-9060-exec-10] o.s.jdbc.datasource.DataSourceUtils      : Fetching JDBC Connection from DataSource
2026-08-11 18:47:35.503 DEBUG 10036 --- [io-9060-exec-10] o.s.jdbc.core.JdbcTemplate               : Executing prepared SQL query
2026-08-11 18:47:35.503 DEBUG 10036 --- [io-9060-exec-10] o.s.jdbc.core.JdbcTemplate               : Executing prepared SQL statement [EXEC spx_ExisteCierreAlmacenHoyPR_PD ?]
2026-08-11 18:47:35.503 DEBUG 10036 --- [io-9060-exec-10] o.s.jdbc.datasource.DataSourceUtils      : Fetching JDBC Connection from DataSource
2026-08-11 18:47:36.112 DEBUG 10036 --- [nio-9060-exec-2] o.s.web.servlet.DispatcherServlet        : GET "/tecnico/inicio-jornada/estado", parameters={}
2026-08-11 18:47:36.112 DEBUG 10036 --- [nio-9060-exec-2] s.w.s.m.m.a.RequestMappingHandlerMapping : Mapped to com.example.TigoStarSystem.tecnicoiniciojornada.controller.TecnicoInicioJornadaController#estado(String, String)
2026-08-11 18:47:36.114 DEBUG 10036 --- [nio-9060-exec-2] o.s.jdbc.core.JdbcTemplate               : Executing prepared SQL query
2026-08-11 18:47:36.114 DEBUG 10036 --- [nio-9060-exec-2] o.s.jdbc.core.JdbcTemplate               : Executing prepared SQL statement [EXEC dbo.SP_InicioJornada_MarcarNoCierreAtrasado ?]
2026-08-11 18:47:36.114 DEBUG 10036 --- [nio-9060-exec-2] o.s.jdbc.datasource.DataSourceUtils      : Fetching JDBC Connection from DataSource
2026-08-11 18:47:36.120 DEBUG 10036 --- [nio-9060-exec-2] o.s.jdbc.core.JdbcTemplate               : Executing prepared SQL query
2026-08-11 18:47:36.120 DEBUG 10036 --- [nio-9060-exec-2] o.s.jdbc.core.JdbcTemplate               : Executing prepared SQL statement [SELECT TOP 1 ultimo.id_inicio, ultimo.id_tecnico, ultimo.id_encargado, ultimo.fecha_registro, ultimo.fecha_cierre, ultimo.pendiente, ultimo.no_marco_cierre FROM (   SELECT TOP 1 id_inicio, id_tecnico, id_encargado, fecha_registro, fecha_cierre, pendiente, no_marco_cierre, e_eliminado   FROM dbo.tbl_InicioJornadaAlturas   WHERE id_tecnico = ?     AND CAST(fecha_registro AS DATE) < CAST(GETDATE() AS DATE)   ORDER BY fecha_registro DESC, id_inicio DESC ) ultimo WHERE fecha_cierre IS NULL   AND ISNULL(e_eliminado, 0) = 0   AND ISNULL(no_marco_cierre, 0) = 1]
2026-08-11 18:47:36.120 DEBUG 10036 --- [nio-9060-exec-2] o.s.jdbc.datasource.DataSourceUtils      : Fetching JDBC Connection from DataSource
2026-08-11 18:47:36.122 DEBUG 10036 --- [nio-9060-exec-2] o.s.jdbc.core.JdbcTemplate               : Executing prepared SQL query
2026-08-11 18:47:36.122 DEBUG 10036 --- [nio-9060-exec-2] o.s.jdbc.core.JdbcTemplate               : Executing prepared SQL statement [EXEC dbo.SP_InicioJornada_ExisteRegistroHoy ?]
2026-08-11 18:47:36.122 DEBUG 10036 --- [nio-9060-exec-2] o.s.jdbc.datasource.DataSourceUtils      : Fetching JDBC Connection from DataSource
2026-08-11 18:47:36.124 DEBUG 10036 --- [nio-9060-exec-2] o.s.jdbc.core.JdbcTemplate               : Executing SQL query [EXEC dbo.spx_ObtenerSucursalesConexionWeb]
2026-08-11 18:47:36.124 DEBUG 10036 --- [nio-9060-exec-2] o.s.jdbc.datasource.DataSourceUtils      : Fetching JDBC Connection from DataSource
2026-08-11 18:47:36.150 DEBUG 10036 --- [nio-9060-exec-2] o.s.jdbc.core.JdbcTemplate               : Executing SQL query [EXEC dbo.spx_ObtenerSucursalesConexionWeb]
2026-08-11 18:47:36.150 DEBUG 10036 --- [nio-9060-exec-2] o.s.jdbc.datasource.DataSourceUtils      : Fetching JDBC Connection from DataSource
2026-08-11 18:47:36.157 DEBUG 10036 --- [nio-9060-exec-2] o.s.jdbc.core.JdbcTemplate               : Executing prepared SQL query
2026-08-11 18:47:36.157 DEBUG 10036 --- [nio-9060-exec-2] o.s.jdbc.core.JdbcTemplate               : Executing prepared SQL statement [SELECT TOP 1 CAST(c.idUsuarioSupervisor AS INT) AS idEncargado, CAST(c.supervisorACargo AS NVARCHAR(200)) AS encargado, CAST(c.id AS INT) AS idConformacion, CAST(c.id_tecnicoAuxiliar AS INT) AS idAuxiliar, CAST(c.auxiliar AS NVARCHAR(250)) AS auxiliar, c.sucursal, c.fecha, c.fechaRegistro FROM dbo.tbl_ConformacionCuadrillaDiario c WHERE ISNULL(c.e_eliminado, 0) = 0   AND CONVERT(date, c.fecha) = CONVERT(date, GETDATE())   AND (? IS NULL OR LOWER(REPLACE(REPLACE(REPLACE(LTRIM(RTRIM(ISNULL(c.sucursal, ''))), '_', ''), '-', ''), ' ', '')) =                   LOWER(REPLACE(REPLACE(REPLACE(LTRIM(RTRIM(?)), '_', ''), '-', ''), ' ', '')))   AND (        (? > 0 AND (? = c.id_tecnico OR ? = c.id_tecnicoAuxiliar))        OR (? <> '' AND (            LOWER(LTRIM(RTRIM(ISNULL(c.tecnico, '')))) = ?            OR LOWER(LTRIM(RTRIM(ISNULL(c.auxiliar, '')))) = ?        ))   ) ORDER BY ISNULL(c.fechaRegistro, '19000101') DESC, c.id DESC]
2026-08-11 18:47:36.157 DEBUG 10036 --- [nio-9060-exec-2] o.s.jdbc.datasource.DataSourceUtils      : Fetching JDBC Connection from DataSource
2026-08-11 18:47:36.160 DEBUG 10036 --- [nio-9060-exec-2] o.s.jdbc.core.JdbcTemplate               : Executing prepared SQL query
2026-08-11 18:47:36.160 DEBUG 10036 --- [nio-9060-exec-2] o.s.jdbc.core.JdbcTemplate               : Executing prepared SQL statement [SELECT TOP 1 Nombre FROM dbo.tbl_Usuario WHERE Id_Usuario = ? AND ISNULL(E_Eliminado,0)=0]
2026-08-11 18:47:36.160 DEBUG 10036 --- [nio-9060-exec-2] o.s.jdbc.datasource.DataSourceUtils      : Fetching JDBC Connection from DataSource
2026-08-11 18:47:36.163 DEBUG 10036 --- [nio-9060-exec-2] o.s.w.s.m.m.a.HttpEntityMethodProcessor  : Using 'application/json', given [application/json, text/plain, */*] and supported [application/json, application/*+json, application/json, application/*+json]
2026-08-11 18:47:36.163 DEBUG 10036 --- [nio-9060-exec-2] o.s.w.s.m.m.a.HttpEntityMethodProcessor  : Writing [com.example.TigoStarSystem.common.ApiResponse@3606c601]
2026-08-11 18:47:36.163 DEBUG 10036 --- [nio-9060-exec-2] o.s.web.servlet.DispatcherServlet        : Completed 200 OK
2026-08-11 18:47:36.186 DEBUG 10036 --- [ool housekeeper] com.zaxxer.hikari.pool.HikariPool        : TigoHogarHikariPool - keepalive: connection net.sourceforge.jtds.jdbc.JtdsConnection@1fd5a4b6 is alive
2026-08-11 18:47:36.831 DEBUG 10036 --- [io-9060-exec-10] o.s.jdbc.core.JdbcTemplate               : Executing prepared SQL query
2026-08-11 18:47:36.831 DEBUG 10036 --- [io-9060-exec-10] o.s.jdbc.core.JdbcTemplate               : Executing prepared SQL statement [SELECT cv.Id_CodigoVenta AS idCodigoVenta, cv.Id_Venta AS idVenta, cv.Id_Producto AS idProducto, p.Nombre AS producto, cv.Id_TipoMaterial AS idTipoMaterial, tm.Nombre AS tipoMaterial, cv.Cantidad AS cantidad, cv.Cod_Inicio AS serie, cv.ChipID AS chipId FROM dbo.tbl_CodigoVenta cv LEFT JOIN dbo.tbl_Producto p ON p.Id_Producto = cv.Id_Producto LEFT JOIN dbo.tbl_TipoMaterial tm ON tm.Id_TipoMaterial = cv.Id_TipoMaterial WHERE cv.Id_Venta = ? AND ISNULL(cv.E_Eliminado, 0) = 0 AND cv.Id_TipoMaterial = 1 AND NULLIF(LTRIM(RTRIM(ISNULL(cv.Cod_Inicio, ''))), '') IS NULL AND NULLIF(LTRIM(RTRIM(ISNULL(cv.ChipID, ''))), '') IS NULL ORDER BY p.Nombre, cv.Id_CodigoVenta]
2026-08-11 18:47:36.831 DEBUG 10036 --- [io-9060-exec-10] o.s.jdbc.datasource.DataSourceUtils      : Fetching JDBC Connection from DataSource
2026-08-11 18:47:36.839 DEBUG 10036 --- [io-9060-exec-10] o.s.jdbc.core.JdbcTemplate               : Executing prepared SQL query
2026-08-11 18:47:36.839 DEBUG 10036 --- [io-9060-exec-10] o.s.jdbc.core.JdbcTemplate               : Executing prepared SQL statement [EXEC spx_ValidarCuadreRuta ?, ?]
2026-08-11 18:47:36.839 DEBUG 10036 --- [io-9060-exec-10] o.s.jdbc.datasource.DataSourceUtils      : Fetching JDBC Connection from DataSource
2026-08-11 18:47:36.845 DEBUG 10036 --- [io-9060-exec-10] o.s.jdbc.core.JdbcTemplate               : Executing prepared SQL query
2026-08-11 18:47:36.845 DEBUG 10036 --- [io-9060-exec-10] o.s.jdbc.core.JdbcTemplate               : Executing prepared SQL statement [SELECT COUNT(1) FROM dbo.tbl_CierreAlmacen WHERE CONVERT(date, Fecha) = ? AND ISNULL(E_Eliminado, 0) = 0]
2026-08-11 18:47:36.845 DEBUG 10036 --- [io-9060-exec-10] o.s.jdbc.datasource.DataSourceUtils      : Fetching JDBC Connection from DataSource
2026-08-11 18:47:36.851 DEBUG 10036 --- [io-9060-exec-10] o.s.jdbc.core.JdbcTemplate               : Executing prepared SQL query
2026-08-11 18:47:36.851 DEBUG 10036 --- [io-9060-exec-10] o.s.jdbc.core.JdbcTemplate               : Executing prepared SQL statement [EXEC spx_ExisteCierreAlmacenHoy ?]
2026-08-11 18:47:36.851 DEBUG 10036 --- [io-9060-exec-10] o.s.jdbc.datasource.DataSourceUtils      : Fetching JDBC Connection from DataSource
2026-08-11 18:47:37.175 DEBUG 10036 --- [ool housekeeper] com.zaxxer.hikari.pool.HikariPool        : CentralHikariPool - keepalive: connection net.sourceforge.jtds.jdbc.JtdsConnection@3a07048b is alive
2026-08-11 18:47:39.093 DEBUG 10036 --- [io-9060-exec-10] o.s.jdbc.core.JdbcTemplate               : Executing prepared SQL query
2026-08-11 18:47:39.093 DEBUG 10036 --- [io-9060-exec-10] o.s.jdbc.core.JdbcTemplate               : Executing prepared SQL statement [SELECT COUNT(1) FROM dbo.tbl_CierreAlmacenPR_PD WHERE CONVERT(date, Fecha) = ? AND ISNULL(E_Eliminado, 0) = 0]
2026-08-11 18:47:39.093 DEBUG 10036 --- [io-9060-exec-10] o.s.jdbc.datasource.DataSourceUtils      : Fetching JDBC Connection from DataSource
2026-08-11 18:47:39.114 DEBUG 10036 --- [io-9060-exec-10] o.s.jdbc.core.JdbcTemplate               : Executing prepared SQL query
2026-08-11 18:47:39.114 DEBUG 10036 --- [io-9060-exec-10] o.s.jdbc.core.JdbcTemplate               : Executing prepared SQL statement [EXEC spx_ExisteCierreAlmacenHoyPR_PD ?]
2026-08-11 18:47:39.114 DEBUG 10036 --- [io-9060-exec-10] o.s.jdbc.datasource.DataSourceUtils      : Fetching JDBC Connection from DataSource
2026-08-11 18:47:40.177 DEBUG 10036 --- [nio-9060-exec-5] o.s.web.servlet.DispatcherServlet        : PUT "/ot/309166/cantidades-hoy?idSucursal=9", parameters={masked}
2026-08-11 18:47:40.177 DEBUG 10036 --- [nio-9060-exec-5] s.w.s.m.m.a.RequestMappingHandlerMapping : Mapped to com.example.TigoStarSystem.ot.controller.OtController#modificarCantidadesHoy(String, Long, OtModificarCantidadesRequest)
2026-08-11 18:47:40.178 DEBUG 10036 --- [nio-9060-exec-5] m.m.a.RequestResponseBodyMethodProcessor : Read "application/json;charset=UTF-8" to [com.example.TigoStarSystem.ot.dto.OtModificarCantidadesRequest@6a4276af]
2026-08-11 18:47:40.186 DEBUG 10036 --- [nio-9060-exec-5] o.s.jdbc.core.JdbcTemplate               : Executing prepared SQL query
2026-08-11 18:47:40.186 DEBUG 10036 --- [nio-9060-exec-5] o.s.jdbc.core.JdbcTemplate               : Executing prepared SQL statement [SELECT DISTINCT CAST(ut.id_vendedor AS INT) AS id_vendedor FROM dbo.tbl_usuariotecnico ut WHERE ut.id_usuario = ? AND ISNULL(ut.e_eliminado, 0) = 0]
2026-08-11 18:47:40.186 DEBUG 10036 --- [nio-9060-exec-5] o.s.jdbc.core.JdbcTemplate               : Executing prepared SQL query
2026-08-11 18:47:40.186 DEBUG 10036 --- [nio-9060-exec-5] o.s.jdbc.core.JdbcTemplate               : Executing prepared SQL statement [SELECT v.Id_Venta AS idVenta, v.OrdenTrabajo AS ordenTrabajo, v.CodigoCliente AS codigoCliente, v.Id_Ruta AS idRuta, v.Id_Vendedor AS idVendedor, v.Fecha_Ejecucion AS fechaEjecucion, v.FechaHoraDetalle AS fechaHoraDetalle, v.Id_Estado AS idEstado, ISNULL(r.Nombre, '') AS grupo, ISNULL(e.Nombre, '') AS estado FROM dbo.tbl_Venta v LEFT JOIN dbo.tbl_Ruta r ON r.Id_Ruta = v.Id_Ruta LEFT JOIN dbo.tbl_Estado e ON e.Id_Estado = v.Id_Estado WHERE ISNULL(v.E_Eliminado, 0) = 0 AND v.FechaHoraDetalle IS NOT NULL AND CONVERT(DATE, v.FechaHoraDetalle) = ? AND v.Id_Vendedor IN (?, ?) ORDER BY v.FechaHoraDetalle DESC, v.Id_Venta DESC]
2026-08-11 18:47:40.362 DEBUG 10036 --- [nio-9060-exec-5] o.s.jdbc.core.JdbcTemplate               : Executing prepared SQL query
2026-08-11 18:47:40.363 DEBUG 10036 --- [nio-9060-exec-5] o.s.jdbc.core.JdbcTemplate               : Executing prepared SQL statement [EXEC spx_ValidarCuadreRuta ?, ?]
2026-08-11 18:47:40.367 DEBUG 10036 --- [nio-9060-exec-5] o.s.jdbc.core.JdbcTemplate               : Executing prepared SQL query
2026-08-11 18:47:40.367 DEBUG 10036 --- [nio-9060-exec-5] o.s.jdbc.core.JdbcTemplate               : Executing prepared SQL statement [SELECT COUNT(1) FROM dbo.tbl_CierreAlmacen WHERE CONVERT(date, Fecha) = ? AND ISNULL(E_Eliminado, 0) = 0]
2026-08-11 18:47:40.369 DEBUG 10036 --- [nio-9060-exec-5] o.s.jdbc.core.JdbcTemplate               : Executing prepared SQL query
2026-08-11 18:47:40.369 DEBUG 10036 --- [nio-9060-exec-5] o.s.jdbc.core.JdbcTemplate               : Executing prepared SQL statement [EXEC spx_ExisteCierreAlmacenHoy ?]
2026-08-11 18:47:40.981 DEBUG 10036 --- [io-9060-exec-10] o.s.jdbc.core.JdbcTemplate               : Executing prepared SQL query
2026-08-11 18:47:40.981 DEBUG 10036 --- [io-9060-exec-10] o.s.jdbc.core.JdbcTemplate               : Executing prepared SQL statement [EXEC spx_ValidarCuadreRuta ?, ?]
2026-08-11 18:47:40.981 DEBUG 10036 --- [io-9060-exec-10] o.s.jdbc.datasource.DataSourceUtils      : Fetching JDBC Connection from DataSource
2026-08-11 18:47:40.988 DEBUG 10036 --- [io-9060-exec-10] o.s.jdbc.core.JdbcTemplate               : Executing prepared SQL query
2026-08-11 18:47:40.988 DEBUG 10036 --- [io-9060-exec-10] o.s.jdbc.core.JdbcTemplate               : Executing prepared SQL statement [SELECT COUNT(1) FROM dbo.tbl_CierreAlmacen WHERE CONVERT(date, Fecha) = ? AND ISNULL(E_Eliminado, 0) = 0]
2026-08-11 18:47:40.988 DEBUG 10036 --- [io-9060-exec-10] o.s.jdbc.datasource.DataSourceUtils      : Fetching JDBC Connection from DataSource
2026-08-11 18:47:40.991 DEBUG 10036 --- [io-9060-exec-10] o.s.jdbc.core.JdbcTemplate               : Executing prepared SQL query
2026-08-11 18:47:40.991 DEBUG 10036 --- [io-9060-exec-10] o.s.jdbc.core.JdbcTemplate               : Executing prepared SQL statement [EXEC spx_ExisteCierreAlmacenHoy ?]
2026-08-11 18:47:40.991 DEBUG 10036 --- [io-9060-exec-10] o.s.jdbc.datasource.DataSourceUtils      : Fetching JDBC Connection from DataSource
2026-08-11 18:47:41.531 DEBUG 10036 --- [nio-9060-exec-5] o.s.jdbc.core.JdbcTemplate               : Executing prepared SQL query
2026-08-11 18:47:41.531 DEBUG 10036 --- [nio-9060-exec-5] o.s.jdbc.core.JdbcTemplate               : Executing prepared SQL statement [SELECT COUNT(1) FROM dbo.tbl_CierreAlmacenPR_PD WHERE CONVERT(date, Fecha) = ? AND ISNULL(E_Eliminado, 0) = 0]
2026-08-11 18:47:41.534 DEBUG 10036 --- [nio-9060-exec-5] o.s.jdbc.core.JdbcTemplate               : Executing prepared SQL query
2026-08-11 18:47:41.534 DEBUG 10036 --- [nio-9060-exec-5] o.s.jdbc.core.JdbcTemplate               : Executing prepared SQL statement [EXEC spx_ExisteCierreAlmacenHoyPR_PD ?]
2026-08-11 18:47:41.978 DEBUG 10036 --- [io-9060-exec-10] o.s.jdbc.core.JdbcTemplate               : Executing prepared SQL query
2026-08-11 18:47:41.978 DEBUG 10036 --- [io-9060-exec-10] o.s.jdbc.core.JdbcTemplate               : Executing prepared SQL statement [SELECT COUNT(1) FROM dbo.tbl_CierreAlmacenPR_PD WHERE CONVERT(date, Fecha) = ? AND ISNULL(E_Eliminado, 0) = 0]
2026-08-11 18:47:41.978 DEBUG 10036 --- [io-9060-exec-10] o.s.jdbc.datasource.DataSourceUtils      : Fetching JDBC Connection from DataSource
2026-08-11 18:47:41.982 DEBUG 10036 --- [io-9060-exec-10] o.s.jdbc.core.JdbcTemplate               : Executing prepared SQL query
2026-08-11 18:47:41.982 DEBUG 10036 --- [io-9060-exec-10] o.s.jdbc.core.JdbcTemplate               : Executing prepared SQL statement [EXEC spx_ExisteCierreAlmacenHoyPR_PD ?]
2026-08-11 18:47:41.982 DEBUG 10036 --- [io-9060-exec-10] o.s.jdbc.datasource.DataSourceUtils      : Fetching JDBC Connection from DataSource
2026-08-11 18:47:42.471 DEBUG 10036 --- [nio-9060-exec-5] o.s.jdbc.core.JdbcTemplate               : Executing prepared SQL query
2026-08-11 18:47:42.471 DEBUG 10036 --- [nio-9060-exec-5] o.s.jdbc.core.JdbcTemplate               : Executing prepared SQL statement [SELECT cv.Id_CodigoVenta AS idCodigoVenta, cv.Id_Venta AS idVenta, cv.Id_Producto AS idProducto, p.Nombre AS producto, cv.Id_TipoMaterial AS idTipoMaterial, tm.Nombre AS tipoMaterial, cv.Cantidad AS cantidad, cv.Cod_Inicio AS serie, cv.ChipID AS chipId FROM dbo.tbl_CodigoVenta cv LEFT JOIN dbo.tbl_Producto p ON p.Id_Producto = cv.Id_Producto LEFT JOIN dbo.tbl_TipoMaterial tm ON tm.Id_TipoMaterial = cv.Id_TipoMaterial WHERE cv.Id_Venta = ? AND ISNULL(cv.E_Eliminado, 0) = 0 AND cv.Id_TipoMaterial = 1 AND NULLIF(LTRIM(RTRIM(ISNULL(cv.Cod_Inicio, ''))), '') IS NULL AND NULLIF(LTRIM(RTRIM(ISNULL(cv.ChipID, ''))), '') IS NULL ORDER BY p.Nombre, cv.Id_CodigoVenta]
2026-08-11 18:47:42.474 DEBUG 10036 --- [nio-9060-exec-5] o.s.jdbc.core.JdbcTemplate               : Executing prepared SQL query
2026-08-11 18:47:42.474 DEBUG 10036 --- [nio-9060-exec-5] o.s.jdbc.core.JdbcTemplate               : Executing prepared SQL statement [SELECT CAST(ISNULL((SELECT SUM(ISNULL(s.cantidad, 0)) FROM dbo.tbl_SaldoTarjetas s WHERE s.Id_Ruta = ? AND s.Id_Producto = ? AND ISNULL(s.E_Eliminado, 0) = 0), 0) - ISNULL((SELECT SUM(ISNULL(cv.Cantidad, 0)) FROM dbo.tbl_CodigoVenta cv INNER JOIN dbo.tbl_Venta v ON v.Id_Venta = cv.Id_Venta WHERE v.Id_Ruta = ? AND cv.Id_Producto = ? AND cv.Id_TipoMaterial = 1 AND cv.Id_CodigoVenta <> ? AND ISNULL(cv.E_Eliminado, 0) = 0 AND ISNULL(v.E_Eliminado, 0) = 0 AND v.FechaHoraDetalle IS NOT NULL AND CONVERT(DATE, v.FechaHoraDetalle) = ?), 0) AS DECIMAL(18,4)) AS disponible]
2026-08-11 18:47:42.503 DEBUG 10036 --- [nio-9060-exec-5] o.s.jdbc.core.JdbcTemplate               : Executing prepared SQL update
2026-08-11 18:47:42.503 DEBUG 10036 --- [nio-9060-exec-5] o.s.jdbc.core.JdbcTemplate               : Executing prepared SQL statement [UPDATE cv SET cv.Cantidad = ? FROM dbo.tbl_CodigoVenta cv INNER JOIN dbo.tbl_Venta v ON v.Id_Venta = cv.Id_Venta WHERE cv.Id_CodigoVenta = ? AND cv.Id_Venta = ? AND ISNULL(cv.E_Eliminado, 0) = 0 AND ISNULL(v.E_Eliminado, 0) = 0 AND v.FechaHoraDetalle IS NOT NULL AND CONVERT(DATE, v.FechaHoraDetalle) = CONVERT(DATE, GETDATE()) AND cv.Id_TipoMaterial = 1 AND NULLIF(LTRIM(RTRIM(ISNULL(cv.Cod_Inicio, ''))), '') IS NULL AND NULLIF(LTRIM(RTRIM(ISNULL(cv.ChipID, ''))), '') IS NULL AND ? <= (ISNULL((SELECT SUM(ISNULL(s.Cantidad, 0)) FROM dbo.tbl_SaldoTarjetas s WHERE s.Id_Ruta = ? AND s.Id_Producto = ? AND ISNULL(s.E_Eliminado, 0) = 0), 0) - ISNULL((SELECT SUM(ISNULL(cvOtro.Cantidad, 0)) FROM dbo.tbl_CodigoVenta cvOtro INNER JOIN dbo.tbl_Venta vOtro ON vOtro.Id_Venta = cvOtro.Id_Venta WHERE vOtro.Id_Ruta = ? AND cvOtro.Id_Producto = ? AND cvOtro.Id_TipoMaterial = 1 AND cvOtro.Id_CodigoVenta <> ? AND ISNULL(cvOtro.E_Eliminado, 0) = 0 AND ISNULL(vOtro.E_Eliminado, 0) = 0 AND vOtro.FechaHoraDetalle IS NOT NULL AND CONVERT(DATE, vOtro.FechaHoraDetalle) = ?), 0))]
2026-08-11 18:47:42.618 DEBUG 10036 --- [nio-9060-exec-5] o.s.w.s.m.m.a.HttpEntityMethodProcessor  : Using 'application/json', given [application/json, text/plain, */*] and supported [application/json, application/*+json, application/json, application/*+json]
2026-08-11 18:47:42.618 DEBUG 10036 --- [nio-9060-exec-5] o.s.w.s.m.m.a.HttpEntityMethodProcessor  : Writing [com.example.TigoStarSystem.common.ApiResponse@282258da]
2026-08-11 18:47:42.620 DEBUG 10036 --- [nio-9060-exec-5] o.s.web.servlet.DispatcherServlet        : Completed 200 OK
2026-08-11 18:47:42.912 DEBUG 10036 --- [io-9060-exec-10] o.s.jdbc.core.JdbcTemplate               : Executing prepared SQL query
2026-08-11 18:47:42.912 DEBUG 10036 --- [io-9060-exec-10] o.s.jdbc.core.JdbcTemplate               : Executing prepared SQL statement [SELECT cv.Id_CodigoVenta AS idCodigoVenta, cv.Id_Venta AS idVenta, cv.Id_Producto AS idProducto, p.Nombre AS producto, cv.Id_TipoMaterial AS idTipoMaterial, tm.Nombre AS tipoMaterial, cv.Cantidad AS cantidad, cv.Cod_Inicio AS serie, cv.ChipID AS chipId FROM dbo.tbl_CodigoVenta cv LEFT JOIN dbo.tbl_Producto p ON p.Id_Producto = cv.Id_Producto LEFT JOIN dbo.tbl_TipoMaterial tm ON tm.Id_TipoMaterial = cv.Id_TipoMaterial WHERE cv.Id_Venta = ? AND ISNULL(cv.E_Eliminado, 0) = 0 AND cv.Id_TipoMaterial = 1 AND NULLIF(LTRIM(RTRIM(ISNULL(cv.Cod_Inicio, ''))), '') IS NULL AND NULLIF(LTRIM(RTRIM(ISNULL(cv.ChipID, ''))), '') IS NULL ORDER BY p.Nombre, cv.Id_CodigoVenta]
2026-08-11 18:47:42.912 DEBUG 10036 --- [io-9060-exec-10] o.s.jdbc.datasource.DataSourceUtils      : Fetching JDBC Connection from DataSource
2026-08-11 18:47:42.916 DEBUG 10036 --- [io-9060-exec-10] o.s.jdbc.core.JdbcTemplate               : Executing prepared SQL query
2026-08-11 18:47:42.916 DEBUG 10036 --- [io-9060-exec-10] o.s.jdbc.core.JdbcTemplate               : Executing prepared SQL statement [EXEC spx_ValidarCuadreRuta ?, ?]
2026-08-11 18:47:42.916 DEBUG 10036 --- [io-9060-exec-10] o.s.jdbc.datasource.DataSourceUtils      : Fetching JDBC Connection from DataSource
2026-08-11 18:47:42.921 DEBUG 10036 --- [io-9060-exec-10] o.s.jdbc.core.JdbcTemplate               : Executing prepared SQL query
2026-08-11 18:47:42.921 DEBUG 10036 --- [io-9060-exec-10] o.s.jdbc.core.JdbcTemplate               : Executing prepared SQL statement [SELECT COUNT(1) FROM dbo.tbl_CierreAlmacen WHERE CONVERT(date, Fecha) = ? AND ISNULL(E_Eliminado, 0) = 0]
2026-08-11 18:47:42.921 DEBUG 10036 --- [io-9060-exec-10] o.s.jdbc.datasource.DataSourceUtils      : Fetching JDBC Connection from DataSource
2026-08-11 18:47:42.926 DEBUG 10036 --- [io-9060-exec-10] o.s.jdbc.core.JdbcTemplate               : Executing prepared SQL query
2026-08-11 18:47:42.926 DEBUG 10036 --- [io-9060-exec-10] o.s.jdbc.core.JdbcTemplate               : Executing prepared SQL statement [EXEC spx_ExisteCierreAlmacenHoy ?]
2026-08-11 18:47:42.926 DEBUG 10036 --- [io-9060-exec-10] o.s.jdbc.datasource.DataSourceUtils      : Fetching JDBC Connection from DataSource
2026-08-11 18:47:43.111 DEBUG 10036 --- [ruz housekeeper] com.zaxxer.hikari.pool.HikariPool        : ConnDb-SantaCruz - Before cleanup stats (total=1, active=0, idle=1, waiting=0)
2026-08-11 18:47:43.111 DEBUG 10036 --- [ruz housekeeper] com.zaxxer.hikari.pool.HikariPool        : ConnDb-SantaCruz - After cleanup  stats (total=1, active=0, idle=1, waiting=0)
2026-08-11 18:47:43.111 DEBUG 10036 --- [ruz housekeeper] com.zaxxer.hikari.pool.HikariPool        : ConnDb-SantaCruz - Fill pool skipped, pool is at sufficient level.
2026-08-11 18:47:43.736 DEBUG 10036 --- [io-9060-exec-10] o.s.jdbc.core.JdbcTemplate               : Executing prepared SQL query
2026-08-11 18:47:43.736 DEBUG 10036 --- [io-9060-exec-10] o.s.jdbc.core.JdbcTemplate               : Executing prepared SQL statement [SELECT COUNT(1) FROM dbo.tbl_CierreAlmacenPR_PD WHERE CONVERT(date, Fecha) = ? AND ISNULL(E_Eliminado, 0) = 0]
2026-08-11 18:47:43.736 DEBUG 10036 --- [io-9060-exec-10] o.s.jdbc.datasource.DataSourceUtils      : Fetching JDBC Connection from DataSource
2026-08-11 18:47:43.739 DEBUG 10036 --- [io-9060-exec-10] o.s.jdbc.core.JdbcTemplate               : Executing prepared SQL query
2026-08-11 18:47:43.739 DEBUG 10036 --- [io-9060-exec-10] o.s.jdbc.core.JdbcTemplate               : Executing prepared SQL statement [EXEC spx_ExisteCierreAlmacenHoyPR_PD ?]
2026-08-11 18:47:43.739 DEBUG 10036 --- [io-9060-exec-10] o.s.jdbc.datasource.DataSourceUtils      : Fetching JDBC Connection from DataSource
2026-08-11 18:47:44.136 DEBUG 10036 --- [nio-9060-exec-9] o.s.web.servlet.DispatcherServlet        : GET "/ot/309166/modificar-hoy?_ts=1786488463813&idSucursal=9", parameters={masked}
2026-08-11 18:47:44.137 DEBUG 10036 --- [nio-9060-exec-9] s.w.s.m.m.a.RequestMappingHandlerMapping : Mapped to com.example.TigoStarSystem.ot.controller.OtController#obtenerOtModificableHoy(String, Long)
2026-08-11 18:47:44.138 DEBUG 10036 --- [nio-9060-exec-9] o.s.jdbc.core.JdbcTemplate               : Executing prepared SQL query
2026-08-11 18:47:44.138 DEBUG 10036 --- [nio-9060-exec-9] o.s.jdbc.core.JdbcTemplate               : Executing prepared SQL statement [SELECT DISTINCT CAST(ut.id_vendedor AS INT) AS id_vendedor FROM dbo.tbl_usuariotecnico ut WHERE ut.id_usuario = ? AND ISNULL(ut.e_eliminado, 0) = 0]
2026-08-11 18:47:44.138 DEBUG 10036 --- [nio-9060-exec-9] o.s.jdbc.datasource.DataSourceUtils      : Fetching JDBC Connection from DataSource
2026-08-11 18:47:44.140 DEBUG 10036 --- [nio-9060-exec-9] o.s.jdbc.core.JdbcTemplate               : Executing prepared SQL query
2026-08-11 18:47:44.140 DEBUG 10036 --- [nio-9060-exec-9] o.s.jdbc.core.JdbcTemplate               : Executing prepared SQL statement [SELECT v.Id_Venta AS idVenta, v.OrdenTrabajo AS ordenTrabajo, v.CodigoCliente AS codigoCliente, v.Id_Ruta AS idRuta, v.Id_Vendedor AS idVendedor, v.Fecha_Ejecucion AS fechaEjecucion, v.FechaHoraDetalle AS fechaHoraDetalle, v.Id_Estado AS idEstado, ISNULL(r.Nombre, '') AS grupo, ISNULL(e.Nombre, '') AS estado FROM dbo.tbl_Venta v LEFT JOIN dbo.tbl_Ruta r ON r.Id_Ruta = v.Id_Ruta LEFT JOIN dbo.tbl_Estado e ON e.Id_Estado = v.Id_Estado WHERE ISNULL(v.E_Eliminado, 0) = 0 AND v.FechaHoraDetalle IS NOT NULL AND CONVERT(DATE, v.FechaHoraDetalle) = ? AND v.Id_Vendedor IN (?, ?) ORDER BY v.FechaHoraDetalle DESC, v.Id_Venta DESC]
2026-08-11 18:47:44.140 DEBUG 10036 --- [nio-9060-exec-9] o.s.jdbc.datasource.DataSourceUtils      : Fetching JDBC Connection from DataSource
2026-08-11 18:47:44.190 DEBUG 10036 --- [nio-9060-exec-9] o.s.jdbc.core.JdbcTemplate               : Executing prepared SQL query
2026-08-11 18:47:44.190 DEBUG 10036 --- [nio-9060-exec-9] o.s.jdbc.core.JdbcTemplate               : Executing prepared SQL statement [SELECT cv.Id_CodigoVenta AS idCodigoVenta, cv.Id_Venta AS idVenta, cv.Id_Producto AS idProducto, p.Nombre AS producto, cv.Id_TipoMaterial AS idTipoMaterial, tm.Nombre AS tipoMaterial, cv.Cantidad AS cantidad, cv.Cod_Inicio AS serie, cv.ChipID AS chipId FROM dbo.tbl_CodigoVenta cv LEFT JOIN dbo.tbl_Producto p ON p.Id_Producto = cv.Id_Producto LEFT JOIN dbo.tbl_TipoMaterial tm ON tm.Id_TipoMaterial = cv.Id_TipoMaterial WHERE cv.Id_Venta = ? AND ISNULL(cv.E_Eliminado, 0) = 0 AND cv.Id_TipoMaterial = 1 AND NULLIF(LTRIM(RTRIM(ISNULL(cv.Cod_Inicio, ''))), '') IS NULL AND NULLIF(LTRIM(RTRIM(ISNULL(cv.ChipID, ''))), '') IS NULL ORDER BY p.Nombre, cv.Id_CodigoVenta]
2026-08-11 18:47:44.190 DEBUG 10036 --- [nio-9060-exec-9] o.s.jdbc.datasource.DataSourceUtils      : Fetching JDBC Connection from DataSource
2026-08-11 18:47:44.192 DEBUG 10036 --- [nio-9060-exec-9] o.s.jdbc.core.JdbcTemplate               : Executing prepared SQL query
2026-08-11 18:47:44.192 DEBUG 10036 --- [nio-9060-exec-9] o.s.jdbc.core.JdbcTemplate               : Executing prepared SQL statement [EXEC spx_ValidarCuadreRuta ?, ?]
2026-08-11 18:47:44.192 DEBUG 10036 --- [nio-9060-exec-9] o.s.jdbc.datasource.DataSourceUtils      : Fetching JDBC Connection from DataSource
2026-08-11 18:47:44.196 DEBUG 10036 --- [nio-9060-exec-9] o.s.jdbc.core.JdbcTemplate               : Executing prepared SQL query
2026-08-11 18:47:44.196 DEBUG 10036 --- [nio-9060-exec-9] o.s.jdbc.core.JdbcTemplate               : Executing prepared SQL statement [SELECT COUNT(1) FROM dbo.tbl_CierreAlmacen WHERE CONVERT(date, Fecha) = ? AND ISNULL(E_Eliminado, 0) = 0]
2026-08-11 18:47:44.196 DEBUG 10036 --- [nio-9060-exec-9] o.s.jdbc.datasource.DataSourceUtils      : Fetching JDBC Connection from DataSource
2026-08-11 18:47:44.198 DEBUG 10036 --- [nio-9060-exec-9] o.s.jdbc.core.JdbcTemplate               : Executing prepared SQL query
2026-08-11 18:47:44.198 DEBUG 10036 --- [nio-9060-exec-9] o.s.jdbc.core.JdbcTemplate               : Executing prepared SQL statement [EXEC spx_ExisteCierreAlmacenHoy ?]
2026-08-11 18:47:44.198 DEBUG 10036 --- [nio-9060-exec-9] o.s.jdbc.datasource.DataSourceUtils      : Fetching JDBC Connection from DataSource
2026-08-11 18:47:44.666 DEBUG 10036 --- [io-9060-exec-10] o.s.jdbc.core.JdbcTemplate               : Executing prepared SQL query
2026-08-11 18:47:44.666 DEBUG 10036 --- [io-9060-exec-10] o.s.jdbc.core.JdbcTemplate               : Executing prepared SQL statement [EXEC spx_ValidarCuadreRuta ?, ?]
2026-08-11 18:47:44.666 DEBUG 10036 --- [io-9060-exec-10] o.s.jdbc.datasource.DataSourceUtils      : Fetching JDBC Connection from DataSource
2026-08-11 18:47:44.673 DEBUG 10036 --- [io-9060-exec-10] o.s.jdbc.core.JdbcTemplate               : Executing prepared SQL query
2026-08-11 18:47:44.673 DEBUG 10036 --- [io-9060-exec-10] o.s.jdbc.core.JdbcTemplate               : Executing prepared SQL statement [SELECT COUNT(1) FROM dbo.tbl_CierreAlmacen WHERE CONVERT(date, Fecha) = ? AND ISNULL(E_Eliminado, 0) = 0]
2026-08-11 18:47:44.673 DEBUG 10036 --- [io-9060-exec-10] o.s.jdbc.datasource.DataSourceUtils      : Fetching JDBC Connection from DataSource
2026-08-11 18:47:44.675 DEBUG 10036 --- [io-9060-exec-10] o.s.jdbc.core.JdbcTemplate               : Executing prepared SQL query
2026-08-11 18:47:44.675 DEBUG 10036 --- [io-9060-exec-10] o.s.jdbc.core.JdbcTemplate               : Executing prepared SQL statement [EXEC spx_ExisteCierreAlmacenHoy ?]
2026-08-11 18:47:44.675 DEBUG 10036 --- [io-9060-exec-10] o.s.jdbc.datasource.DataSourceUtils      : Fetching JDBC Connection from DataSource
2026-08-11 18:47:45.191 DEBUG 10036 --- [nio-9060-exec-9] o.s.jdbc.core.JdbcTemplate               : Executing prepared SQL query
2026-08-11 18:47:45.191 DEBUG 10036 --- [nio-9060-exec-9] o.s.jdbc.core.JdbcTemplate               : Executing prepared SQL statement [SELECT COUNT(1) FROM dbo.tbl_CierreAlmacenPR_PD WHERE CONVERT(date, Fecha) = ? AND ISNULL(E_Eliminado, 0) = 0]
2026-08-11 18:47:45.191 DEBUG 10036 --- [nio-9060-exec-9] o.s.jdbc.datasource.DataSourceUtils      : Fetching JDBC Connection from DataSource
2026-08-11 18:47:45.195 DEBUG 10036 --- [nio-9060-exec-9] o.s.jdbc.core.JdbcTemplate               : Executing prepared SQL query
2026-08-11 18:47:45.195 DEBUG 10036 --- [nio-9060-exec-9] o.s.jdbc.core.JdbcTemplate               : Executing prepared SQL statement [EXEC spx_ExisteCierreAlmacenHoyPR_PD ?]
2026-08-11 18:47:45.195 DEBUG 10036 --- [nio-9060-exec-9] o.s.jdbc.datasource.DataSourceUtils      : Fetching JDBC Connection from DataSource
2026-08-11 18:47:45.630 DEBUG 10036 --- [io-9060-exec-10] o.s.jdbc.core.JdbcTemplate               : Executing prepared SQL query
2026-08-11 18:47:45.630 DEBUG 10036 --- [io-9060-exec-10] o.s.jdbc.core.JdbcTemplate               : Executing prepared SQL statement [SELECT COUNT(1) FROM dbo.tbl_CierreAlmacenPR_PD WHERE CONVERT(date, Fecha) = ? AND ISNULL(E_Eliminado, 0) = 0]
2026-08-11 18:47:45.630 DEBUG 10036 --- [io-9060-exec-10] o.s.jdbc.datasource.DataSourceUtils      : Fetching JDBC Connection from DataSource
2026-08-11 18:47:45.633 DEBUG 10036 --- [io-9060-exec-10] o.s.jdbc.core.JdbcTemplate               : Executing prepared SQL query
2026-08-11 18:47:45.633 DEBUG 10036 --- [io-9060-exec-10] o.s.jdbc.core.JdbcTemplate               : Executing prepared SQL statement [EXEC spx_ExisteCierreAlmacenHoyPR_PD ?]
2026-08-11 18:47:45.633 DEBUG 10036 --- [io-9060-exec-10] o.s.jdbc.datasource.DataSourceUtils      : Fetching JDBC Connection from DataSource
2026-08-11 18:47:46.149 DEBUG 10036 --- [nio-9060-exec-9] o.s.jdbc.core.JdbcTemplate               : Executing prepared SQL query
2026-08-11 18:47:46.149 DEBUG 10036 --- [nio-9060-exec-9] o.s.jdbc.core.JdbcTemplate               : Executing prepared SQL statement [EXEC spx_ValidarCuadreRuta ?, ?]
2026-08-11 18:47:46.149 DEBUG 10036 --- [nio-9060-exec-9] o.s.jdbc.datasource.DataSourceUtils      : Fetching JDBC Connection from DataSource
2026-08-11 18:47:46.154 DEBUG 10036 --- [nio-9060-exec-9] o.s.jdbc.core.JdbcTemplate               : Executing prepared SQL query
2026-08-11 18:47:46.154 DEBUG 10036 --- [nio-9060-exec-9] o.s.jdbc.core.JdbcTemplate               : Executing prepared SQL statement [SELECT COUNT(1) FROM dbo.tbl_CierreAlmacen WHERE CONVERT(date, Fecha) = ? AND ISNULL(E_Eliminado, 0) = 0]
2026-08-11 18:47:46.154 DEBUG 10036 --- [nio-9060-exec-9] o.s.jdbc.datasource.DataSourceUtils      : Fetching JDBC Connection from DataSource
2026-08-11 18:47:46.156 DEBUG 10036 --- [nio-9060-exec-9] o.s.jdbc.core.JdbcTemplate               : Executing prepared SQL query
2026-08-11 18:47:46.156 DEBUG 10036 --- [nio-9060-exec-9] o.s.jdbc.core.JdbcTemplate               : Executing prepared SQL statement [EXEC spx_ExisteCierreAlmacenHoy ?]
2026-08-11 18:47:46.156 DEBUG 10036 --- [nio-9060-exec-9] o.s.jdbc.datasource.DataSourceUtils      : Fetching JDBC Connection from DataSource
2026-08-11 18:47:46.156 DEBUG 10036 --- [a-9 housekeeper] com.zaxxer.hikari.pool.HikariPool        : ConnDb-inicio-jornada-9 - Before cleanup stats (total=1, active=0, idle=1, waiting=0)
2026-08-11 18:47:46.156 DEBUG 10036 --- [a-9 housekeeper] com.zaxxer.hikari.pool.HikariPool        : ConnDb-inicio-jornada-9 - After cleanup  stats (total=1, active=0, idle=1, waiting=0)
2026-08-11 18:47:46.156 DEBUG 10036 --- [a-9 housekeeper] com.zaxxer.hikari.pool.HikariPool        : ConnDb-inicio-jornada-9 - Fill pool skipped, pool is at sufficient level.
2026-08-11 18:47:46.595 DEBUG 10036 --- [io-9060-exec-10] o.s.jdbc.core.JdbcTemplate               : Executing prepared SQL query
2026-08-11 18:47:46.595 DEBUG 10036 --- [io-9060-exec-10] o.s.jdbc.core.JdbcTemplate               : Executing prepared SQL statement [SELECT cv.Id_CodigoVenta AS idCodigoVenta, cv.Id_Venta AS idVenta, cv.Id_Producto AS idProducto, p.Nombre AS producto, cv.Id_TipoMaterial AS idTipoMaterial, tm.Nombre AS tipoMaterial, cv.Cantidad AS cantidad, cv.Cod_Inicio AS serie, cv.ChipID AS chipId FROM dbo.tbl_CodigoVenta cv LEFT JOIN dbo.tbl_Producto p ON p.Id_Producto = cv.Id_Producto LEFT JOIN dbo.tbl_TipoMaterial tm ON tm.Id_TipoMaterial = cv.Id_TipoMaterial WHERE cv.Id_Venta = ? AND ISNULL(cv.E_Eliminado, 0) = 0 AND cv.Id_TipoMaterial = 1 AND NULLIF(LTRIM(RTRIM(ISNULL(cv.Cod_Inicio, ''))), '') IS NULL AND NULLIF(LTRIM(RTRIM(ISNULL(cv.ChipID, ''))), '') IS NULL ORDER BY p.Nombre, cv.Id_CodigoVenta]
2026-08-11 18:47:46.595 DEBUG 10036 --- [io-9060-exec-10] o.s.jdbc.datasource.DataSourceUtils      : Fetching JDBC Connection from DataSource
2026-08-11 18:47:46.599 DEBUG 10036 --- [io-9060-exec-10] o.s.jdbc.core.JdbcTemplate               : Executing prepared SQL query
2026-08-11 18:47:46.599 DEBUG 10036 --- [io-9060-exec-10] o.s.jdbc.core.JdbcTemplate               : Executing prepared SQL statement [EXEC spx_ValidarCuadreRuta ?, ?]
2026-08-11 18:47:46.599 DEBUG 10036 --- [io-9060-exec-10] o.s.jdbc.datasource.DataSourceUtils      : Fetching JDBC Connection from DataSource
2026-08-11 18:47:46.603 DEBUG 10036 --- [io-9060-exec-10] o.s.jdbc.core.JdbcTemplate               : Executing prepared SQL query
2026-08-11 18:47:46.603 DEBUG 10036 --- [io-9060-exec-10] o.s.jdbc.core.JdbcTemplate               : Executing prepared SQL statement [SELECT COUNT(1) FROM dbo.tbl_CierreAlmacen WHERE CONVERT(date, Fecha) = ? AND ISNULL(E_Eliminado, 0) = 0]
2026-08-11 18:47:46.603 DEBUG 10036 --- [io-9060-exec-10] o.s.jdbc.datasource.DataSourceUtils      : Fetching JDBC Connection from DataSource
2026-08-11 18:47:46.606 DEBUG 10036 --- [io-9060-exec-10] o.s.jdbc.core.JdbcTemplate               : Executing prepared SQL query
2026-08-11 18:47:46.606 DEBUG 10036 --- [io-9060-exec-10] o.s.jdbc.core.JdbcTemplate               : Executing prepared SQL statement [EXEC spx_ExisteCierreAlmacenHoy ?]
2026-08-11 18:47:46.606 DEBUG 10036 --- [io-9060-exec-10] o.s.jdbc.datasource.DataSourceUtils      : Fetching JDBC Connection from DataSource
2026-08-11 18:47:47.198 DEBUG 10036 --- [nio-9060-exec-9] o.s.jdbc.core.JdbcTemplate               : Executing prepared SQL query
2026-08-11 18:47:47.198 DEBUG 10036 --- [nio-9060-exec-9] o.s.jdbc.core.JdbcTemplate               : Executing prepared SQL statement [SELECT COUNT(1) FROM dbo.tbl_CierreAlmacenPR_PD WHERE CONVERT(date, Fecha) = ? AND ISNULL(E_Eliminado, 0) = 0]
2026-08-11 18:47:47.198 DEBUG 10036 --- [nio-9060-exec-9] o.s.jdbc.datasource.DataSourceUtils      : Fetching JDBC Connection from DataSource
2026-08-11 18:47:47.210 DEBUG 10036 --- [nio-9060-exec-9] o.s.jdbc.core.JdbcTemplate               : Executing prepared SQL query
2026-08-11 18:47:47.211 DEBUG 10036 --- [nio-9060-exec-9] o.s.jdbc.core.JdbcTemplate               : Executing prepared SQL statement [EXEC spx_ExisteCierreAlmacenHoyPR_PD ?]
2026-08-11 18:47:47.211 DEBUG 10036 --- [nio-9060-exec-9] o.s.jdbc.datasource.DataSourceUtils      : Fetching JDBC Connection from DataSource
2026-08-11 18:47:48.151 DEBUG 10036 --- [io-9060-exec-10] o.s.jdbc.core.JdbcTemplate               : Executing prepared SQL query
2026-08-11 18:47:48.151 DEBUG 10036 --- [io-9060-exec-10] o.s.jdbc.core.JdbcTemplate               : Executing prepared SQL statement [SELECT COUNT(1) FROM dbo.tbl_CierreAlmacenPR_PD WHERE CONVERT(date, Fecha) = ? AND ISNULL(E_Eliminado, 0) = 0]
2026-08-11 18:47:48.151 DEBUG 10036 --- [io-9060-exec-10] o.s.jdbc.datasource.DataSourceUtils      : Fetching JDBC Connection from DataSource
2026-08-11 18:47:48.155 DEBUG 10036 --- [io-9060-exec-10] o.s.jdbc.core.JdbcTemplate               : Executing prepared SQL query
2026-08-11 18:47:48.155 DEBUG 10036 --- [io-9060-exec-10] o.s.jdbc.core.JdbcTemplate               : Executing prepared SQL statement [EXEC spx_ExisteCierreAlmacenHoyPR_PD ?]
2026-08-11 18:47:48.155 DEBUG 10036 --- [io-9060-exec-10] o.s.jdbc.datasource.DataSourceUtils      : Fetching JDBC Connection from DataSource
2026-08-11 18:47:49.016 DEBUG 10036 --- [nio-9060-exec-9] o.s.w.s.m.m.a.HttpEntityMethodProcessor  : Using 'application/json', given [application/json, text/plain, */*] and supported [application/json, application/*+json, application/json, application/*+json]
2026-08-11 18:47:49.016 DEBUG 10036 --- [nio-9060-exec-9] o.s.w.s.m.m.a.HttpEntityMethodProcessor  : Writing [com.example.TigoStarSystem.common.ApiResponse@51f2610a]
2026-08-11 18:47:49.018 DEBUG 10036 --- [nio-9060-exec-9] o.s.web.servlet.DispatcherServlet        : Completed 200 OK
2026-08-11 18:47:50.133 DEBUG 10036 --- [io-9060-exec-10] o.s.jdbc.core.JdbcTemplate               : Executing prepared SQL query
2026-08-11 18:47:50.133 DEBUG 10036 --- [io-9060-exec-10] o.s.jdbc.core.JdbcTemplate               : Executing prepared SQL statement [EXEC spx_ValidarCuadreRuta ?, ?]
2026-08-11 18:47:50.133 DEBUG 10036 --- [io-9060-exec-10] o.s.jdbc.datasource.DataSourceUtils      : Fetching JDBC Connection from DataSource
2026-08-11 18:47:50.164 DEBUG 10036 --- [io-9060-exec-10] o.s.jdbc.core.JdbcTemplate               : Executing prepared SQL query
2026-08-11 18:47:50.164 DEBUG 10036 --- [io-9060-exec-10] o.s.jdbc.core.JdbcTemplate               : Executing prepared SQL statement [SELECT COUNT(1) FROM dbo.tbl_CierreAlmacen WHERE CONVERT(date, Fecha) = ? AND ISNULL(E_Eliminado, 0) = 0]
2026-08-11 18:47:50.164 DEBUG 10036 --- [io-9060-exec-10] o.s.jdbc.datasource.DataSourceUtils      : Fetching JDBC Connection from DataSource
2026-08-11 18:47:50.169 DEBUG 10036 --- [io-9060-exec-10] o.s.jdbc.core.JdbcTemplate               : Executing prepared SQL query
2026-08-11 18:47:50.169 DEBUG 10036 --- [io-9060-exec-10] o.s.jdbc.core.JdbcTemplate               : Executing prepared SQL statement [EXEC spx_ExisteCierreAlmacenHoy ?]
2026-08-11 18:47:50.169 DEBUG 10036 --- [io-9060-exec-10] o.s.jdbc.datasource.DataSourceUtils      : Fetching JDBC Connection from DataSource
2026-08-11 18:47:50.887 DEBUG 10036 --- [nio-9060-exec-1] o.s.web.servlet.DispatcherServlet        : GET "/tecnico/inicio-jornada/cierre-estado", parameters={}
2026-08-11 18:47:50.887 DEBUG 10036 --- [nio-9060-exec-1] s.w.s.m.m.a.RequestMappingHandlerMapping : Mapped to com.example.TigoStarSystem.tecnicoiniciojornada.controller.TecnicoInicioJornadaController#estadoCierre(String)
2026-08-11 18:47:50.891 DEBUG 10036 --- [nio-9060-exec-1] o.s.jdbc.core.JdbcTemplate               : Executing prepared SQL query
2026-08-11 18:47:50.891 DEBUG 10036 --- [nio-9060-exec-1] o.s.jdbc.core.JdbcTemplate               : Executing prepared SQL statement [EXEC dbo.SP_InicioJornada_MarcarNoCierreAtrasado ?]
2026-08-11 18:47:50.891 DEBUG 10036 --- [nio-9060-exec-1] o.s.jdbc.datasource.DataSourceUtils      : Fetching JDBC Connection from DataSource
2026-08-11 18:47:50.899 DEBUG 10036 --- [nio-9060-exec-1] o.s.jdbc.core.JdbcTemplate               : Executing prepared SQL query
2026-08-11 18:47:50.899 DEBUG 10036 --- [nio-9060-exec-1] o.s.jdbc.core.JdbcTemplate               : Executing prepared SQL statement [SELECT TOP 1 ultimo.id_inicio, ultimo.id_tecnico, ultimo.id_encargado, ultimo.fecha_registro, ultimo.fecha_cierre, ultimo.pendiente, ultimo.no_marco_cierre FROM (   SELECT TOP 1 id_inicio, id_tecnico, id_encargado, fecha_registro, fecha_cierre, pendiente, no_marco_cierre, e_eliminado   FROM dbo.tbl_InicioJornadaAlturas   WHERE id_tecnico = ?     AND CAST(fecha_registro AS DATE) < CAST(GETDATE() AS DATE)   ORDER BY fecha_registro DESC, id_inicio DESC ) ultimo WHERE fecha_cierre IS NULL   AND ISNULL(e_eliminado, 0) = 0   AND ISNULL(no_marco_cierre, 0) = 1]
2026-08-11 18:47:50.899 DEBUG 10036 --- [nio-9060-exec-1] o.s.jdbc.datasource.DataSourceUtils      : Fetching JDBC Connection from DataSource
2026-08-11 18:47:50.902 DEBUG 10036 --- [nio-9060-exec-1] o.s.jdbc.core.JdbcTemplate               : Executing prepared SQL query
2026-08-11 18:47:50.902 DEBUG 10036 --- [nio-9060-exec-1] o.s.jdbc.core.JdbcTemplate               : Executing prepared SQL statement [EXEC dbo.SP_InicioJornada_EstadoCierreHoy ?]
2026-08-11 18:47:50.902 DEBUG 10036 --- [nio-9060-exec-1] o.s.jdbc.datasource.DataSourceUtils      : Fetching JDBC Connection from DataSource
2026-08-11 18:47:50.904 DEBUG 10036 --- [nio-9060-exec-1] o.s.jdbc.core.JdbcTemplate               : Executing prepared SQL query
2026-08-11 18:47:50.904 DEBUG 10036 --- [nio-9060-exec-1] o.s.jdbc.core.JdbcTemplate               : Executing prepared SQL statement [EXEC dbo.SP_InicioJornada_CountNoMarco ?]
2026-08-11 18:47:50.904 DEBUG 10036 --- [nio-9060-exec-1] o.s.jdbc.datasource.DataSourceUtils      : Fetching JDBC Connection from DataSource
2026-08-11 18:47:50.909 DEBUG 10036 --- [nio-9060-exec-1] o.s.w.s.m.m.a.HttpEntityMethodProcessor  : Using 'application/json', given [application/json, text/plain, */*] and supported [application/json, application/*+json, application/json, application/*+json]
2026-08-11 18:47:50.909 DEBUG 10036 --- [nio-9060-exec-1] o.s.w.s.m.m.a.HttpEntityMethodProcessor  : Writing [com.example.TigoStarSystem.common.ApiResponse@17f76d0f]
2026-08-11 18:47:50.909 DEBUG 10036 --- [nio-9060-exec-1] o.s.web.servlet.DispatcherServlet        : Completed 200 OK
2026-08-11 18:47:51.333 DEBUG 10036 --- [io-9060-exec-10] o.s.jdbc.core.JdbcTemplate               : Executing prepared SQL query
2026-08-11 18:47:51.333 DEBUG 10036 --- [io-9060-exec-10] o.s.jdbc.core.JdbcTemplate               : Executing prepared SQL statement [SELECT COUNT(1) FROM dbo.tbl_CierreAlmacenPR_PD WHERE CONVERT(date, Fecha) = ? AND ISNULL(E_Eliminado, 0) = 0]
2026-08-11 18:47:51.333 DEBUG 10036 --- [io-9060-exec-10] o.s.jdbc.datasource.DataSourceUtils      : Fetching JDBC Connection from DataSource
2026-08-11 18:47:51.336 DEBUG 10036 --- [io-9060-exec-10] o.s.jdbc.core.JdbcTemplate               : Executing prepared SQL query
2026-08-11 18:47:51.336 DEBUG 10036 --- [io-9060-exec-10] o.s.jdbc.core.JdbcTemplate               : Executing prepared SQL statement [EXEC spx_ExisteCierreAlmacenHoyPR_PD ?]
2026-08-11 18:47:51.336 DEBUG 10036 --- [io-9060-exec-10] o.s.jdbc.datasource.DataSourceUtils      : Fetching JDBC Connection from DataSource
2026-08-11 18:47:51.486 DEBUG 10036 --- [nio-9060-exec-6] o.s.web.servlet.DispatcherServlet        : GET "/tecnico/inicio-jornada/estado", parameters={}
2026-08-11 18:47:51.486 DEBUG 10036 --- [nio-9060-exec-6] s.w.s.m.m.a.RequestMappingHandlerMapping : Mapped to com.example.TigoStarSystem.tecnicoiniciojornada.controller.TecnicoInicioJornadaController#estado(String, String)
2026-08-11 18:47:51.490 DEBUG 10036 --- [nio-9060-exec-6] o.s.jdbc.core.JdbcTemplate               : Executing prepared SQL query
2026-08-11 18:47:51.490 DEBUG 10036 --- [nio-9060-exec-6] o.s.jdbc.core.JdbcTemplate               : Executing prepared SQL statement [EXEC dbo.SP_InicioJornada_MarcarNoCierreAtrasado ?]
2026-08-11 18:47:51.490 DEBUG 10036 --- [nio-9060-exec-6] o.s.jdbc.datasource.DataSourceUtils      : Fetching JDBC Connection from DataSource
2026-08-11 18:47:51.497 DEBUG 10036 --- [nio-9060-exec-6] o.s.jdbc.core.JdbcTemplate               : Executing prepared SQL query
2026-08-11 18:47:51.497 DEBUG 10036 --- [nio-9060-exec-6] o.s.jdbc.core.JdbcTemplate               : Executing prepared SQL statement [SELECT TOP 1 ultimo.id_inicio, ultimo.id_tecnico, ultimo.id_encargado, ultimo.fecha_registro, ultimo.fecha_cierre, ultimo.pendiente, ultimo.no_marco_cierre FROM (   SELECT TOP 1 id_inicio, id_tecnico, id_encargado, fecha_registro, fecha_cierre, pendiente, no_marco_cierre, e_eliminado   FROM dbo.tbl_InicioJornadaAlturas   WHERE id_tecnico = ?     AND CAST(fecha_registro AS DATE) < CAST(GETDATE() AS DATE)   ORDER BY fecha_registro DESC, id_inicio DESC ) ultimo WHERE fecha_cierre IS NULL   AND ISNULL(e_eliminado, 0) = 0   AND ISNULL(no_marco_cierre, 0) = 1]
2026-08-11 18:47:51.497 DEBUG 10036 --- [nio-9060-exec-6] o.s.jdbc.datasource.DataSourceUtils      : Fetching JDBC Connection from DataSource
2026-08-11 18:47:51.500 DEBUG 10036 --- [nio-9060-exec-6] o.s.jdbc.core.JdbcTemplate               : Executing prepared SQL query
2026-08-11 18:47:51.500 DEBUG 10036 --- [nio-9060-exec-6] o.s.jdbc.core.JdbcTemplate               : Executing prepared SQL statement [EXEC dbo.SP_InicioJornada_ExisteRegistroHoy ?]
2026-08-11 18:47:51.500 DEBUG 10036 --- [nio-9060-exec-6] o.s.jdbc.datasource.DataSourceUtils      : Fetching JDBC Connection from DataSource
2026-08-11 18:47:51.502 DEBUG 10036 --- [nio-9060-exec-6] o.s.jdbc.core.JdbcTemplate               : Executing SQL query [EXEC dbo.spx_ObtenerSucursalesConexionWeb]
2026-08-11 18:47:51.502 DEBUG 10036 --- [nio-9060-exec-6] o.s.jdbc.datasource.DataSourceUtils      : Fetching JDBC Connection from DataSource
2026-08-11 18:47:51.505 DEBUG 10036 --- [nio-9060-exec-6] o.s.jdbc.core.JdbcTemplate               : Executing SQL query [EXEC dbo.spx_ObtenerSucursalesConexionWeb]
2026-08-11 18:47:51.505 DEBUG 10036 --- [nio-9060-exec-6] o.s.jdbc.datasource.DataSourceUtils      : Fetching JDBC Connection from DataSource
2026-08-11 18:47:51.507 DEBUG 10036 --- [nio-9060-exec-6] o.s.jdbc.core.JdbcTemplate               : Executing prepared SQL query
2026-08-11 18:47:51.507 DEBUG 10036 --- [nio-9060-exec-6] o.s.jdbc.core.JdbcTemplate               : Executing prepared SQL statement [SELECT TOP 1 CAST(c.idUsuarioSupervisor AS INT) AS idEncargado, CAST(c.supervisorACargo AS NVARCHAR(200)) AS encargado, CAST(c.id AS INT) AS idConformacion, CAST(c.id_tecnicoAuxiliar AS INT) AS idAuxiliar, CAST(c.auxiliar AS NVARCHAR(250)) AS auxiliar, c.sucursal, c.fecha, c.fechaRegistro FROM dbo.tbl_ConformacionCuadrillaDiario c WHERE ISNULL(c.e_eliminado, 0) = 0   AND CONVERT(date, c.fecha) = CONVERT(date, GETDATE())   AND (? IS NULL OR LOWER(REPLACE(REPLACE(REPLACE(LTRIM(RTRIM(ISNULL(c.sucursal, ''))), '_', ''), '-', ''), ' ', '')) =                   LOWER(REPLACE(REPLACE(REPLACE(LTRIM(RTRIM(?)), '_', ''), '-', ''), ' ', '')))   AND (        (? > 0 AND (? = c.id_tecnico OR ? = c.id_tecnicoAuxiliar))        OR (? <> '' AND (            LOWER(LTRIM(RTRIM(ISNULL(c.tecnico, '')))) = ?            OR LOWER(LTRIM(RTRIM(ISNULL(c.auxiliar, '')))) = ?        ))   ) ORDER BY ISNULL(c.fechaRegistro, '19000101') DESC, c.id DESC]
2026-08-11 18:47:51.507 DEBUG 10036 --- [nio-9060-exec-6] o.s.jdbc.datasource.DataSourceUtils      : Fetching JDBC Connection from DataSource
2026-08-11 18:47:51.510 DEBUG 10036 --- [nio-9060-exec-6] o.s.jdbc.core.JdbcTemplate               : Executing prepared SQL query
2026-08-11 18:47:51.510 DEBUG 10036 --- [nio-9060-exec-6] o.s.jdbc.core.JdbcTemplate               : Executing prepared SQL statement [SELECT TOP 1 Nombre FROM dbo.tbl_Usuario WHERE Id_Usuario = ? AND ISNULL(E_Eliminado,0)=0]
2026-08-11 18:47:51.510 DEBUG 10036 --- [nio-9060-exec-6] o.s.jdbc.datasource.DataSourceUtils      : Fetching JDBC Connection from DataSource
2026-08-11 18:47:51.512 DEBUG 10036 --- [nio-9060-exec-6] o.s.w.s.m.m.a.HttpEntityMethodProcessor  : Using 'application/json', given [application/json, text/plain, */*] and supported [application/json, application/*+json, application/json, application/*+json]
2026-08-11 18:47:51.512 DEBUG 10036 --- [nio-9060-exec-6] o.s.w.s.m.m.a.HttpEntityMethodProcessor  : Writing [com.example.TigoStarSystem.common.ApiResponse@ea9905e]
2026-08-11 18:47:51.512 DEBUG 10036 --- [nio-9060-exec-6] o.s.web.servlet.DispatcherServlet        : Completed 200 OK
2026-08-11 18:47:52.153 DEBUG 10036 --- [io-9060-exec-10] o.s.w.s.m.m.a.HttpEntityMethodProcessor  : Using 'application/json', given [application/json, text/plain, */*] and supported [application/json, application/*+json, application/json, application/*+json]
2026-08-11 18:47:52.153 DEBUG 10036 --- [io-9060-exec-10] o.s.w.s.m.m.a.HttpEntityMethodProcessor  : Writing [com.example.TigoStarSystem.common.ApiResponse@42ecf9c2]
2026-08-11 18:47:52.155 DEBUG 10036 --- [io-9060-exec-10] o.s.web.servlet.DispatcherServlet        : Completed 200 OK
2026-08-11 18:47:53.481 DEBUG 10036 --- [nio-9060-exec-8] o.s.web.servlet.DispatcherServlet        : GET "/ot/modificar-hoy?_ts=1786488473173&idSucursal=9", parameters={masked}
2026-08-11 18:47:53.481 DEBUG 10036 --- [nio-9060-exec-8] s.w.s.m.m.a.RequestMappingHandlerMapping : Mapped to com.example.TigoStarSystem.ot.controller.OtController#listarOtModificablesHoy(String)
2026-08-11 18:47:53.482 DEBUG 10036 --- [nio-9060-exec-8] o.s.jdbc.core.JdbcTemplate               : Executing prepared SQL query
2026-08-11 18:47:53.482 DEBUG 10036 --- [nio-9060-exec-8] o.s.jdbc.core.JdbcTemplate               : Executing prepared SQL statement [SELECT DISTINCT CAST(ut.id_vendedor AS INT) AS id_vendedor FROM dbo.tbl_usuariotecnico ut WHERE ut.id_usuario = ? AND ISNULL(ut.e_eliminado, 0) = 0]
2026-08-11 18:47:53.482 DEBUG 10036 --- [nio-9060-exec-8] o.s.jdbc.datasource.DataSourceUtils      : Fetching JDBC Connection from DataSource
2026-08-11 18:47:53.485 DEBUG 10036 --- [nio-9060-exec-8] o.s.jdbc.core.JdbcTemplate               : Executing prepared SQL query
2026-08-11 18:47:53.486 DEBUG 10036 --- [nio-9060-exec-8] o.s.jdbc.core.JdbcTemplate               : Executing prepared SQL statement [SELECT v.Id_Venta AS idVenta, v.OrdenTrabajo AS ordenTrabajo, v.CodigoCliente AS codigoCliente, v.Id_Ruta AS idRuta, v.Id_Vendedor AS idVendedor, v.Fecha_Ejecucion AS fechaEjecucion, v.FechaHoraDetalle AS fechaHoraDetalle, v.Id_Estado AS idEstado, ISNULL(r.Nombre, '') AS grupo, ISNULL(e.Nombre, '') AS estado FROM dbo.tbl_Venta v LEFT JOIN dbo.tbl_Ruta r ON r.Id_Ruta = v.Id_Ruta LEFT JOIN dbo.tbl_Estado e ON e.Id_Estado = v.Id_Estado WHERE ISNULL(v.E_Eliminado, 0) = 0 AND v.FechaHoraDetalle IS NOT NULL AND CONVERT(DATE, v.FechaHoraDetalle) = ? AND v.Id_Vendedor IN (?, ?) ORDER BY v.FechaHoraDetalle DESC, v.Id_Venta DESC]
2026-08-11 18:47:53.486 DEBUG 10036 --- [nio-9060-exec-8] o.s.jdbc.datasource.DataSourceUtils      : Fetching JDBC Connection from DataSource
2026-08-11 18:47:53.500 DEBUG 10036 --- [nio-9060-exec-8] o.s.jdbc.core.JdbcTemplate               : Executing prepared SQL query
2026-08-11 18:47:53.500 DEBUG 10036 --- [nio-9060-exec-8] o.s.jdbc.core.JdbcTemplate               : Executing prepared SQL statement [SELECT cv.Id_CodigoVenta AS idCodigoVenta, cv.Id_Venta AS idVenta, cv.Id_Producto AS idProducto, p.Nombre AS producto, cv.Id_TipoMaterial AS idTipoMaterial, tm.Nombre AS tipoMaterial, cv.Cantidad AS cantidad, cv.Cod_Inicio AS serie, cv.ChipID AS chipId FROM dbo.tbl_CodigoVenta cv LEFT JOIN dbo.tbl_Producto p ON p.Id_Producto = cv.Id_Producto LEFT JOIN dbo.tbl_TipoMaterial tm ON tm.Id_TipoMaterial = cv.Id_TipoMaterial WHERE cv.Id_Venta = ? AND ISNULL(cv.E_Eliminado, 0) = 0 AND cv.Id_TipoMaterial = 1 AND NULLIF(LTRIM(RTRIM(ISNULL(cv.Cod_Inicio, ''))), '') IS NULL AND NULLIF(LTRIM(RTRIM(ISNULL(cv.ChipID, ''))), '') IS NULL ORDER BY p.Nombre, cv.Id_CodigoVenta]
2026-08-11 18:47:53.500 DEBUG 10036 --- [nio-9060-exec-8] o.s.jdbc.datasource.DataSourceUtils      : Fetching JDBC Connection from DataSource
2026-08-11 18:47:53.502 DEBUG 10036 --- [nio-9060-exec-8] o.s.jdbc.core.JdbcTemplate               : Executing prepared SQL query
2026-08-11 18:47:53.502 DEBUG 10036 --- [nio-9060-exec-8] o.s.jdbc.core.JdbcTemplate               : Executing prepared SQL statement [EXEC spx_ValidarCuadreRuta ?, ?]
2026-08-11 18:47:53.502 DEBUG 10036 --- [nio-9060-exec-8] o.s.jdbc.datasource.DataSourceUtils      : Fetching JDBC Connection from DataSource
2026-08-11 18:47:53.506 DEBUG 10036 --- [nio-9060-exec-8] o.s.jdbc.core.JdbcTemplate               : Executing prepared SQL query
2026-08-11 18:47:53.506 DEBUG 10036 --- [nio-9060-exec-8] o.s.jdbc.core.JdbcTemplate               : Executing prepared SQL statement [SELECT COUNT(1) FROM dbo.tbl_CierreAlmacen WHERE CONVERT(date, Fecha) = ? AND ISNULL(E_Eliminado, 0) = 0]
2026-08-11 18:47:53.506 DEBUG 10036 --- [nio-9060-exec-8] o.s.jdbc.datasource.DataSourceUtils      : Fetching JDBC Connection from DataSource
2026-08-11 18:47:53.508 DEBUG 10036 --- [nio-9060-exec-8] o.s.jdbc.core.JdbcTemplate               : Executing prepared SQL query
2026-08-11 18:47:53.508 DEBUG 10036 --- [nio-9060-exec-8] o.s.jdbc.core.JdbcTemplate               : Executing prepared SQL statement [EXEC spx_ExisteCierreAlmacenHoy ?]
2026-08-11 18:47:53.508 DEBUG 10036 --- [nio-9060-exec-8] o.s.jdbc.datasource.DataSourceUtils      : Fetching JDBC Connection from DataSource
2026-08-11 18:47:54.309 DEBUG 10036 --- [nio-9060-exec-8] o.s.jdbc.core.JdbcTemplate               : Executing prepared SQL query
2026-08-11 18:47:54.309 DEBUG 10036 --- [nio-9060-exec-8] o.s.jdbc.core.JdbcTemplate               : Executing prepared SQL statement [SELECT COUNT(1) FROM dbo.tbl_CierreAlmacenPR_PD WHERE CONVERT(date, Fecha) = ? AND ISNULL(E_Eliminado, 0) = 0]
2026-08-11 18:47:54.309 DEBUG 10036 --- [nio-9060-exec-8] o.s.jdbc.datasource.DataSourceUtils      : Fetching JDBC Connection from DataSource
2026-08-11 18:47:54.312 DEBUG 10036 --- [nio-9060-exec-8] o.s.jdbc.core.JdbcTemplate               : Executing prepared SQL query
2026-08-11 18:47:54.312 DEBUG 10036 --- [nio-9060-exec-8] o.s.jdbc.core.JdbcTemplate               : Executing prepared SQL statement [EXEC spx_ExisteCierreAlmacenHoyPR_PD ?]
2026-08-11 18:47:54.312 DEBUG 10036 --- [nio-9060-exec-8] o.s.jdbc.datasource.DataSourceUtils      : Fetching JDBC Connection from DataSource
2026-08-11 18:47:55.571 DEBUG 10036 --- [nio-9060-exec-8] o.s.jdbc.core.JdbcTemplate               : Executing prepared SQL query
2026-08-11 18:47:55.571 DEBUG 10036 --- [nio-9060-exec-8] o.s.jdbc.core.JdbcTemplate               : Executing prepared SQL statement [EXEC spx_ValidarCuadreRuta ?, ?]
2026-08-11 18:47:55.571 DEBUG 10036 --- [nio-9060-exec-8] o.s.jdbc.datasource.DataSourceUtils      : Fetching JDBC Connection from DataSource
2026-08-11 18:47:55.592 DEBUG 10036 --- [nio-9060-exec-8] o.s.jdbc.core.JdbcTemplate               : Executing prepared SQL query
2026-08-11 18:47:55.592 DEBUG 10036 --- [nio-9060-exec-8] o.s.jdbc.core.JdbcTemplate               : Executing prepared SQL statement [SELECT COUNT(1) FROM dbo.tbl_CierreAlmacen WHERE CONVERT(date, Fecha) = ? AND ISNULL(E_Eliminado, 0) = 0]
2026-08-11 18:47:55.592 DEBUG 10036 --- [nio-9060-exec-8] o.s.jdbc.datasource.DataSourceUtils      : Fetching JDBC Connection from DataSource
2026-08-11 18:47:55.601 DEBUG 10036 --- [nio-9060-exec-8] o.s.jdbc.core.JdbcTemplate               : Executing prepared SQL query
2026-08-11 18:47:55.601 DEBUG 10036 --- [nio-9060-exec-8] o.s.jdbc.core.JdbcTemplate               : Executing prepared SQL statement [EXEC spx_ExisteCierreAlmacenHoy ?]
2026-08-11 18:47:55.601 DEBUG 10036 --- [nio-9060-exec-8] o.s.jdbc.datasource.DataSourceUtils      : Fetching JDBC Connection from DataSource
2026-08-11 18:47:56.590 DEBUG 10036 --- [ool housekeeper] com.zaxxer.hikari.pool.HikariPool        : CentralHikariPool - Before cleanup stats (total=1, active=0, idle=1, waiting=0)
2026-08-11 18:47:56.590 DEBUG 10036 --- [ool housekeeper] com.zaxxer.hikari.pool.HikariPool        : CentralHikariPool - After cleanup  stats (total=1, active=0, idle=1, waiting=0)
2026-08-11 18:47:56.590 DEBUG 10036 --- [ool housekeeper] com.zaxxer.hikari.pool.HikariPool        : CentralHikariPool - Fill pool skipped, pool is at sufficient level.
2026-08-11 18:47:56.606 DEBUG 10036 --- [l-1 housekeeper] com.zaxxer.hikari.pool.HikariPool        : HikariPool-1 - Before cleanup stats (total=3, active=1, idle=2, waiting=0)
2026-08-11 18:47:56.606 DEBUG 10036 --- [l-1 housekeeper] com.zaxxer.hikari.pool.HikariPool        : HikariPool-1 - After cleanup  stats (total=3, active=1, idle=2, waiting=0)
2026-08-11 18:47:56.606 DEBUG 10036 --- [l-1 housekeeper] com.zaxxer.hikari.pool.HikariPool        : HikariPool-1 - Fill pool skipped, pool is at sufficient level.
2026-08-11 18:47:56.945 DEBUG 10036 --- [ool housekeeper] com.zaxxer.hikari.pool.HikariPool        : TigoHogarHikariPool - Before cleanup stats (total=2, active=0, idle=2, waiting=0)
2026-08-11 18:47:56.945 DEBUG 10036 --- [ool housekeeper] com.zaxxer.hikari.pool.HikariPool        : TigoHogarHikariPool - After cleanup  stats (total=2, active=0, idle=2, waiting=0)
2026-08-11 18:47:56.945 DEBUG 10036 --- [ool housekeeper] com.zaxxer.hikari.pool.HikariPool        : TigoHogarHikariPool - Fill pool skipped, pool is at sufficient level.
2026-08-11 18:47:57.880 DEBUG 10036 --- [nio-9060-exec-8] o.s.jdbc.core.JdbcTemplate               : Executing prepared SQL query
2026-08-11 18:47:57.880 DEBUG 10036 --- [nio-9060-exec-8] o.s.jdbc.core.JdbcTemplate               : Executing prepared SQL statement [SELECT COUNT(1) FROM dbo.tbl_CierreAlmacenPR_PD WHERE CONVERT(date, Fecha) = ? AND ISNULL(E_Eliminado, 0) = 0]
2026-08-11 18:47:57.880 DEBUG 10036 --- [nio-9060-exec-8] o.s.jdbc.datasource.DataSourceUtils      : Fetching JDBC Connection from DataSource
2026-08-11 18:47:57.887 DEBUG 10036 --- [nio-9060-exec-8] o.s.jdbc.core.JdbcTemplate               : Executing prepared SQL query
2026-08-11 18:47:57.887 DEBUG 10036 --- [nio-9060-exec-8] o.s.jdbc.core.JdbcTemplate               : Executing prepared SQL statement [EXEC spx_ExisteCierreAlmacenHoyPR_PD ?]
2026-08-11 18:47:57.887 DEBUG 10036 --- [nio-9060-exec-8] o.s.jdbc.datasource.DataSourceUtils      : Fetching JDBC Connection from DataSource
2026-08-11 18:47:59.745 DEBUG 10036 --- [nio-9060-exec-7] o.s.web.servlet.DispatcherServlet        : GET "/ot/309166/modificar-hoy?_ts=1786488479736&idSucursal=9", parameters={masked}
2026-08-11 18:47:59.745 DEBUG 10036 --- [nio-9060-exec-7] s.w.s.m.m.a.RequestMappingHandlerMapping : Mapped to com.example.TigoStarSystem.ot.controller.OtController#obtenerOtModificableHoy(String, Long)
2026-08-11 18:47:59.747 DEBUG 10036 --- [nio-9060-exec-7] o.s.jdbc.core.JdbcTemplate               : Executing prepared SQL query
2026-08-11 18:47:59.747 DEBUG 10036 --- [nio-9060-exec-7] o.s.jdbc.core.JdbcTemplate               : Executing prepared SQL statement [SELECT DISTINCT CAST(ut.id_vendedor AS INT) AS id_vendedor FROM dbo.tbl_usuariotecnico ut WHERE ut.id_usuario = ? AND ISNULL(ut.e_eliminado, 0) = 0]
2026-08-11 18:47:59.748 DEBUG 10036 --- [nio-9060-exec-7] o.s.jdbc.datasource.DataSourceUtils      : Fetching JDBC Connection from DataSource
2026-08-11 18:47:59.753 DEBUG 10036 --- [nio-9060-exec-7] o.s.jdbc.core.JdbcTemplate               : Executing prepared SQL query
2026-08-11 18:47:59.753 DEBUG 10036 --- [nio-9060-exec-7] o.s.jdbc.core.JdbcTemplate               : Executing prepared SQL statement [SELECT v.Id_Venta AS idVenta, v.OrdenTrabajo AS ordenTrabajo, v.CodigoCliente AS codigoCliente, v.Id_Ruta AS idRuta, v.Id_Vendedor AS idVendedor, v.Fecha_Ejecucion AS fechaEjecucion, v.FechaHoraDetalle AS fechaHoraDetalle, v.Id_Estado AS idEstado, ISNULL(r.Nombre, '') AS grupo, ISNULL(e.Nombre, '') AS estado FROM dbo.tbl_Venta v LEFT JOIN dbo.tbl_Ruta r ON r.Id_Ruta = v.Id_Ruta LEFT JOIN dbo.tbl_Estado e ON e.Id_Estado = v.Id_Estado WHERE ISNULL(v.E_Eliminado, 0) = 0 AND v.FechaHoraDetalle IS NOT NULL AND CONVERT(DATE, v.FechaHoraDetalle) = ? AND v.Id_Vendedor IN (?, ?) ORDER BY v.FechaHoraDetalle DESC, v.Id_Venta DESC]
2026-08-11 18:47:59.753 DEBUG 10036 --- [nio-9060-exec-7] o.s.jdbc.datasource.DataSourceUtils      : Fetching JDBC Connection from DataSource
2026-08-11 18:47:59.877 DEBUG 10036 --- [nio-9060-exec-7] o.s.jdbc.core.JdbcTemplate               : Executing prepared SQL query
2026-08-11 18:47:59.877 DEBUG 10036 --- [nio-9060-exec-7] o.s.jdbc.core.JdbcTemplate               : Executing prepared SQL statement [SELECT cv.Id_CodigoVenta AS idCodigoVenta, cv.Id_Venta AS idVenta, cv.Id_Producto AS idProducto, p.Nombre AS producto, cv.Id_TipoMaterial AS idTipoMaterial, tm.Nombre AS tipoMaterial, cv.Cantidad AS cantidad, cv.Cod_Inicio AS serie, cv.ChipID AS chipId FROM dbo.tbl_CodigoVenta cv LEFT JOIN dbo.tbl_Producto p ON p.Id_Producto = cv.Id_Producto LEFT JOIN dbo.tbl_TipoMaterial tm ON tm.Id_TipoMaterial = cv.Id_TipoMaterial WHERE cv.Id_Venta = ? AND ISNULL(cv.E_Eliminado, 0) = 0 AND cv.Id_TipoMaterial = 1 AND NULLIF(LTRIM(RTRIM(ISNULL(cv.Cod_Inicio, ''))), '') IS NULL AND NULLIF(LTRIM(RTRIM(ISNULL(cv.ChipID, ''))), '') IS NULL ORDER BY p.Nombre, cv.Id_CodigoVenta]
2026-08-11 18:47:59.877 DEBUG 10036 --- [nio-9060-exec-7] o.s.jdbc.datasource.DataSourceUtils      : Fetching JDBC Connection from DataSource
2026-08-11 18:47:59.895 DEBUG 10036 --- [nio-9060-exec-7] o.s.jdbc.core.JdbcTemplate               : Executing prepared SQL query
2026-08-11 18:47:59.895 DEBUG 10036 --- [nio-9060-exec-7] o.s.jdbc.core.JdbcTemplate               : Executing prepared SQL statement [EXEC spx_ValidarCuadreRuta ?, ?]
2026-08-11 18:47:59.895 DEBUG 10036 --- [nio-9060-exec-7] o.s.jdbc.datasource.DataSourceUtils      : Fetching JDBC Connection from DataSource
2026-08-11 18:47:59.900 DEBUG 10036 --- [nio-9060-exec-7] o.s.jdbc.core.JdbcTemplate               : Executing prepared SQL query
2026-08-11 18:47:59.900 DEBUG 10036 --- [nio-9060-exec-7] o.s.jdbc.core.JdbcTemplate               : Executing prepared SQL statement [SELECT COUNT(1) FROM dbo.tbl_CierreAlmacen WHERE CONVERT(date, Fecha) = ? AND ISNULL(E_Eliminado, 0) = 0]
2026-08-11 18:47:59.900 DEBUG 10036 --- [nio-9060-exec-7] o.s.jdbc.datasource.DataSourceUtils      : Fetching JDBC Connection from DataSource
2026-08-11 18:47:59.908 DEBUG 10036 --- [nio-9060-exec-7] o.s.jdbc.core.JdbcTemplate               : Executing prepared SQL query
2026-08-11 18:47:59.908 DEBUG 10036 --- [nio-9060-exec-7] o.s.jdbc.core.JdbcTemplate               : Executing prepared SQL statement [EXEC spx_ExisteCierreAlmacenHoy ?]
2026-08-11 18:47:59.908 DEBUG 10036 --- [nio-9060-exec-7] o.s.jdbc.datasource.DataSourceUtils      : Fetching JDBC Connection from DataSource
2026-08-11 18:48:00.079 DEBUG 10036 --- [nio-9060-exec-8] o.s.jdbc.core.JdbcTemplate               : Executing prepared SQL query
2026-08-11 18:48:00.079 DEBUG 10036 --- [nio-9060-exec-8] o.s.jdbc.core.JdbcTemplate               : Executing prepared SQL statement [SELECT cv.Id_CodigoVenta AS idCodigoVenta, cv.Id_Venta AS idVenta, cv.Id_Producto AS idProducto, p.Nombre AS producto, cv.Id_TipoMaterial AS idTipoMaterial, tm.Nombre AS tipoMaterial, cv.Cantidad AS cantidad, cv.Cod_Inicio AS serie, cv.ChipID AS chipId FROM dbo.tbl_CodigoVenta cv LEFT JOIN dbo.tbl_Producto p ON p.Id_Producto = cv.Id_Producto LEFT JOIN dbo.tbl_TipoMaterial tm ON tm.Id_TipoMaterial = cv.Id_TipoMaterial WHERE cv.Id_Venta = ? AND ISNULL(cv.E_Eliminado, 0) = 0 AND cv.Id_TipoMaterial = 1 AND NULLIF(LTRIM(RTRIM(ISNULL(cv.Cod_Inicio, ''))), '') IS NULL AND NULLIF(LTRIM(RTRIM(ISNULL(cv.ChipID, ''))), '') IS NULL ORDER BY p.Nombre, cv.Id_CodigoVenta]
2026-08-11 18:48:00.079 DEBUG 10036 --- [nio-9060-exec-8] o.s.jdbc.datasource.DataSourceUtils      : Fetching JDBC Connection from DataSource
2026-08-11 18:48:00.092 DEBUG 10036 --- [nio-9060-exec-8] o.s.jdbc.core.JdbcTemplate               : Executing prepared SQL query
2026-08-11 18:48:00.092 DEBUG 10036 --- [nio-9060-exec-8] o.s.jdbc.core.JdbcTemplate               : Executing prepared SQL statement [EXEC spx_ValidarCuadreRuta ?, ?]
2026-08-11 18:48:00.092 DEBUG 10036 --- [nio-9060-exec-8] o.s.jdbc.datasource.DataSourceUtils      : Fetching JDBC Connection from DataSource
2026-08-11 18:48:00.105 DEBUG 10036 --- [nio-9060-exec-8] o.s.jdbc.core.JdbcTemplate               : Executing prepared SQL query
2026-08-11 18:48:00.105 DEBUG 10036 --- [nio-9060-exec-8] o.s.jdbc.core.JdbcTemplate               : Executing prepared SQL statement [SELECT COUNT(1) FROM dbo.tbl_CierreAlmacen WHERE CONVERT(date, Fecha) = ? AND ISNULL(E_Eliminado, 0) = 0]
2026-08-11 18:48:00.105 DEBUG 10036 --- [nio-9060-exec-8] o.s.jdbc.datasource.DataSourceUtils      : Fetching JDBC Connection from DataSource
2026-08-11 18:48:00.107 DEBUG 10036 --- [nio-9060-exec-8] o.s.jdbc.core.JdbcTemplate               : Executing prepared SQL query
2026-08-11 18:48:00.107 DEBUG 10036 --- [nio-9060-exec-8] o.s.jdbc.core.JdbcTemplate               : Executing prepared SQL statement [EXEC spx_ExisteCierreAlmacenHoy ?]
2026-08-11 18:48:00.107 DEBUG 10036 --- [nio-9060-exec-8] o.s.jdbc.datasource.DataSourceUtils      : Fetching JDBC Connection from DataSource
2026-08-11 18:48:01.025 DEBUG 10036 --- [nio-9060-exec-7] o.s.jdbc.core.JdbcTemplate               : Executing prepared SQL query
2026-08-11 18:48:01.025 DEBUG 10036 --- [nio-9060-exec-7] o.s.jdbc.core.JdbcTemplate               : Executing prepared SQL statement [SELECT COUNT(1) FROM dbo.tbl_CierreAlmacenPR_PD WHERE CONVERT(date, Fecha) = ? AND ISNULL(E_Eliminado, 0) = 0]
2026-08-11 18:48:01.025 DEBUG 10036 --- [nio-9060-exec-7] o.s.jdbc.datasource.DataSourceUtils      : Fetching JDBC Connection from DataSource
2026-08-11 18:48:01.028 DEBUG 10036 --- [nio-9060-exec-7] o.s.jdbc.core.JdbcTemplate               : Executing prepared SQL query
2026-08-11 18:48:01.028 DEBUG 10036 --- [nio-9060-exec-7] o.s.jdbc.core.JdbcTemplate               : Executing prepared SQL statement [EXEC spx_ExisteCierreAlmacenHoyPR_PD ?]
2026-08-11 18:48:01.028 DEBUG 10036 --- [nio-9060-exec-7] o.s.jdbc.datasource.DataSourceUtils      : Fetching JDBC Connection from DataSource
2026-08-11 18:48:01.191 DEBUG 10036 --- [nio-9060-exec-8] o.s.jdbc.core.JdbcTemplate               : Executing prepared SQL query
2026-08-11 18:48:01.191 DEBUG 10036 --- [nio-9060-exec-8] o.s.jdbc.core.JdbcTemplate               : Executing prepared SQL statement [SELECT COUNT(1) FROM dbo.tbl_CierreAlmacenPR_PD WHERE CONVERT(date, Fecha) = ? AND ISNULL(E_Eliminado, 0) = 0]
2026-08-11 18:48:01.191 DEBUG 10036 --- [nio-9060-exec-8] o.s.jdbc.datasource.DataSourceUtils      : Fetching JDBC Connection from DataSource
2026-08-11 18:48:01.198 DEBUG 10036 --- [nio-9060-exec-8] o.s.jdbc.core.JdbcTemplate               : Executing prepared SQL query
2026-08-11 18:48:01.198 DEBUG 10036 --- [nio-9060-exec-8] o.s.jdbc.core.JdbcTemplate               : Executing prepared SQL statement [EXEC spx_ExisteCierreAlmacenHoyPR_PD ?]
2026-08-11 18:48:01.198 DEBUG 10036 --- [nio-9060-exec-8] o.s.jdbc.datasource.DataSourceUtils      : Fetching JDBC Connection from DataSource
2026-08-11 18:48:02.843 DEBUG 10036 --- [nio-9060-exec-7] o.s.jdbc.core.JdbcTemplate               : Executing prepared SQL query
2026-08-11 18:48:02.843 DEBUG 10036 --- [nio-9060-exec-7] o.s.jdbc.core.JdbcTemplate               : Executing prepared SQL statement [EXEC spx_ValidarCuadreRuta ?, ?]
2026-08-11 18:48:02.843 DEBUG 10036 --- [nio-9060-exec-7] o.s.jdbc.datasource.DataSourceUtils      : Fetching JDBC Connection from DataSource
2026-08-11 18:48:02.850 DEBUG 10036 --- [nio-9060-exec-7] o.s.jdbc.core.JdbcTemplate               : Executing prepared SQL query
2026-08-11 18:48:02.850 DEBUG 10036 --- [nio-9060-exec-7] o.s.jdbc.core.JdbcTemplate               : Executing prepared SQL statement [SELECT COUNT(1) FROM dbo.tbl_CierreAlmacen WHERE CONVERT(date, Fecha) = ? AND ISNULL(E_Eliminado, 0) = 0]
2026-08-11 18:48:02.850 DEBUG 10036 --- [nio-9060-exec-7] o.s.jdbc.datasource.DataSourceUtils      : Fetching JDBC Connection from DataSource
2026-08-11 18:48:02.854 DEBUG 10036 --- [nio-9060-exec-7] o.s.jdbc.core.JdbcTemplate               : Executing prepared SQL query
2026-08-11 18:48:02.854 DEBUG 10036 --- [nio-9060-exec-7] o.s.jdbc.core.JdbcTemplate               : Executing prepared SQL statement [EXEC spx_ExisteCierreAlmacenHoy ?]
2026-08-11 18:48:02.854 DEBUG 10036 --- [nio-9060-exec-7] o.s.jdbc.datasource.DataSourceUtils      : Fetching JDBC Connection from DataSource
2026-08-11 18:48:02.973 DEBUG 10036 --- [nio-9060-exec-8] o.s.jdbc.core.JdbcTemplate               : Executing prepared SQL query
2026-08-11 18:48:02.973 DEBUG 10036 --- [nio-9060-exec-8] o.s.jdbc.core.JdbcTemplate               : Executing prepared SQL statement [EXEC spx_ValidarCuadreRuta ?, ?]
2026-08-11 18:48:02.973 DEBUG 10036 --- [nio-9060-exec-8] o.s.jdbc.datasource.DataSourceUtils      : Fetching JDBC Connection from DataSource
2026-08-11 18:48:02.978 DEBUG 10036 --- [nio-9060-exec-8] o.s.jdbc.core.JdbcTemplate               : Executing prepared SQL query
2026-08-11 18:48:02.978 DEBUG 10036 --- [nio-9060-exec-8] o.s.jdbc.core.JdbcTemplate               : Executing prepared SQL statement [SELECT COUNT(1) FROM dbo.tbl_CierreAlmacen WHERE CONVERT(date, Fecha) = ? AND ISNULL(E_Eliminado, 0) = 0]
2026-08-11 18:48:02.978 DEBUG 10036 --- [nio-9060-exec-8] o.s.jdbc.datasource.DataSourceUtils      : Fetching JDBC Connection from DataSource
2026-08-11 18:48:02.980 DEBUG 10036 --- [nio-9060-exec-8] o.s.jdbc.core.JdbcTemplate               : Executing prepared SQL query
2026-08-11 18:48:02.980 DEBUG 10036 --- [nio-9060-exec-8] o.s.jdbc.core.JdbcTemplate               : Executing prepared SQL statement [EXEC spx_ExisteCierreAlmacenHoy ?]
2026-08-11 18:48:02.980 DEBUG 10036 --- [nio-9060-exec-8] o.s.jdbc.datasource.DataSourceUtils      : Fetching JDBC Connection from DataSource
2026-08-11 18:48:03.991 DEBUG 10036 --- [nio-9060-exec-7] o.s.jdbc.core.JdbcTemplate               : Executing prepared SQL query
2026-08-11 18:48:03.991 DEBUG 10036 --- [nio-9060-exec-7] o.s.jdbc.core.JdbcTemplate               : Executing prepared SQL statement [SELECT COUNT(1) FROM dbo.tbl_CierreAlmacenPR_PD WHERE CONVERT(date, Fecha) = ? AND ISNULL(E_Eliminado, 0) = 0]
2026-08-11 18:48:03.991 DEBUG 10036 --- [nio-9060-exec-7] o.s.jdbc.datasource.DataSourceUtils      : Fetching JDBC Connection from DataSource
2026-08-11 18:48:03.998 DEBUG 10036 --- [nio-9060-exec-7] o.s.jdbc.core.JdbcTemplate               : Executing prepared SQL query
2026-08-11 18:48:03.998 DEBUG 10036 --- [nio-9060-exec-7] o.s.jdbc.core.JdbcTemplate               : Executing prepared SQL statement [EXEC spx_ExisteCierreAlmacenHoyPR_PD ?]
2026-08-11 18:48:03.998 DEBUG 10036 --- [nio-9060-exec-7] o.s.jdbc.datasource.DataSourceUtils      : Fetching JDBC Connection from DataSource
2026-08-11 18:48:04.128 DEBUG 10036 --- [nio-9060-exec-8] o.s.jdbc.core.JdbcTemplate               : Executing prepared SQL query
2026-08-11 18:48:04.128 DEBUG 10036 --- [nio-9060-exec-8] o.s.jdbc.core.JdbcTemplate               : Executing prepared SQL statement [SELECT COUNT(1) FROM dbo.tbl_CierreAlmacenPR_PD WHERE CONVERT(date, Fecha) = ? AND ISNULL(E_Eliminado, 0) = 0]
2026-08-11 18:48:04.128 DEBUG 10036 --- [nio-9060-exec-8] o.s.jdbc.datasource.DataSourceUtils      : Fetching JDBC Connection from DataSource
2026-08-11 18:48:04.131 DEBUG 10036 --- [nio-9060-exec-8] o.s.jdbc.core.JdbcTemplate               : Executing prepared SQL query
2026-08-11 18:48:04.131 DEBUG 10036 --- [nio-9060-exec-8] o.s.jdbc.core.JdbcTemplate               : Executing prepared SQL statement [EXEC spx_ExisteCierreAlmacenHoyPR_PD ?]
2026-08-11 18:48:04.131 DEBUG 10036 --- [nio-9060-exec-8] o.s.jdbc.datasource.DataSourceUtils      : Fetching JDBC Connection from DataSource
2026-08-11 18:48:05.331 DEBUG 10036 --- [nio-9060-exec-7] o.s.w.s.m.m.a.HttpEntityMethodProcessor  : Using 'application/json', given [application/json, text/plain, */*] and supported [application/json, application/*+json, application/json, application/*+json]
2026-08-11 18:48:05.331 DEBUG 10036 --- [nio-9060-exec-7] o.s.w.s.m.m.a.HttpEntityMethodProcessor  : Writing [com.example.TigoStarSystem.common.ApiResponse@11e8fff4]
2026-08-11 18:48:05.332 DEBUG 10036 --- [nio-9060-exec-7] o.s.web.servlet.DispatcherServlet        : Completed 200 OK
2026-08-11 18:48:05.567 DEBUG 10036 --- [nio-9060-exec-8] o.s.jdbc.core.JdbcTemplate               : Executing prepared SQL query
2026-08-11 18:48:05.567 DEBUG 10036 --- [nio-9060-exec-8] o.s.jdbc.core.JdbcTemplate               : Executing prepared SQL statement [SELECT cv.Id_CodigoVenta AS idCodigoVenta, cv.Id_Venta AS idVenta, cv.Id_Producto AS idProducto, p.Nombre AS producto, cv.Id_TipoMaterial AS idTipoMaterial, tm.Nombre AS tipoMaterial, cv.Cantidad AS cantidad, cv.Cod_Inicio AS serie, cv.ChipID AS chipId FROM dbo.tbl_CodigoVenta cv LEFT JOIN dbo.tbl_Producto p ON p.Id_Producto = cv.Id_Producto LEFT JOIN dbo.tbl_TipoMaterial tm ON tm.Id_TipoMaterial = cv.Id_TipoMaterial WHERE cv.Id_Venta = ? AND ISNULL(cv.E_Eliminado, 0) = 0 AND cv.Id_TipoMaterial = 1 AND NULLIF(LTRIM(RTRIM(ISNULL(cv.Cod_Inicio, ''))), '') IS NULL AND NULLIF(LTRIM(RTRIM(ISNULL(cv.ChipID, ''))), '') IS NULL ORDER BY p.Nombre, cv.Id_CodigoVenta]
2026-08-11 18:48:05.567 DEBUG 10036 --- [nio-9060-exec-8] o.s.jdbc.datasource.DataSourceUtils      : Fetching JDBC Connection from DataSource
2026-08-11 18:48:05.577 DEBUG 10036 --- [nio-9060-exec-8] o.s.jdbc.core.JdbcTemplate               : Executing prepared SQL query
2026-08-11 18:48:05.577 DEBUG 10036 --- [nio-9060-exec-8] o.s.jdbc.core.JdbcTemplate               : Executing prepared SQL statement [EXEC spx_ValidarCuadreRuta ?, ?]
2026-08-11 18:48:05.577 DEBUG 10036 --- [nio-9060-exec-8] o.s.jdbc.datasource.DataSourceUtils      : Fetching JDBC Connection from DataSource
2026-08-11 18:48:05.586 DEBUG 10036 --- [nio-9060-exec-8] o.s.jdbc.core.JdbcTemplate               : Executing prepared SQL query
2026-08-11 18:48:05.586 DEBUG 10036 --- [nio-9060-exec-8] o.s.jdbc.core.JdbcTemplate               : Executing prepared SQL statement [SELECT COUNT(1) FROM dbo.tbl_CierreAlmacen WHERE CONVERT(date, Fecha) = ? AND ISNULL(E_Eliminado, 0) = 0]
2026-08-11 18:48:05.586 DEBUG 10036 --- [nio-9060-exec-8] o.s.jdbc.datasource.DataSourceUtils      : Fetching JDBC Connection from DataSource
2026-08-11 18:48:05.591 DEBUG 10036 --- [nio-9060-exec-8] o.s.jdbc.core.JdbcTemplate               : Executing prepared SQL query
2026-08-11 18:48:05.591 DEBUG 10036 --- [nio-9060-exec-8] o.s.jdbc.core.JdbcTemplate               : Executing prepared SQL statement [EXEC spx_ExisteCierreAlmacenHoy ?]
2026-08-11 18:48:05.591 DEBUG 10036 --- [nio-9060-exec-8] o.s.jdbc.datasource.DataSourceUtils      : Fetching JDBC Connection from DataSource
2026-08-11 18:48:06.419 DEBUG 10036 --- [nio-9060-exec-8] o.s.jdbc.core.JdbcTemplate               : Executing prepared SQL query
2026-08-11 18:48:06.419 DEBUG 10036 --- [nio-9060-exec-8] o.s.jdbc.core.JdbcTemplate               : Executing prepared SQL statement [SELECT COUNT(1) FROM dbo.tbl_CierreAlmacenPR_PD WHERE CONVERT(date, Fecha) = ? AND ISNULL(E_Eliminado, 0) = 0]
2026-08-11 18:48:06.419 DEBUG 10036 --- [nio-9060-exec-8] o.s.jdbc.datasource.DataSourceUtils      : Fetching JDBC Connection from DataSource
2026-08-11 18:48:06.422 DEBUG 10036 --- [nio-9060-exec-8] o.s.jdbc.core.JdbcTemplate               : Executing prepared SQL query
2026-08-11 18:48:06.422 DEBUG 10036 --- [nio-9060-exec-8] o.s.jdbc.core.JdbcTemplate               : Executing prepared SQL statement [EXEC spx_ExisteCierreAlmacenHoyPR_PD ?]
2026-08-11 18:48:06.422 DEBUG 10036 --- [nio-9060-exec-8] o.s.jdbc.datasource.DataSourceUtils      : Fetching JDBC Connection from DataSource
2026-08-11 18:48:06.835 DEBUG 10036 --- [nio-9060-exec-3] o.s.web.servlet.DispatcherServlet        : GET "/tecnico/inicio-jornada/estado", parameters={}
2026-08-11 18:48:06.835 DEBUG 10036 --- [nio-9060-exec-3] s.w.s.m.m.a.RequestMappingHandlerMapping : Mapped to com.example.TigoStarSystem.tecnicoiniciojornada.controller.TecnicoInicioJornadaController#estado(String, String)
2026-08-11 18:48:06.836 DEBUG 10036 --- [nio-9060-exec-3] o.s.jdbc.core.JdbcTemplate               : Executing prepared SQL query
2026-08-11 18:48:06.836 DEBUG 10036 --- [nio-9060-exec-3] o.s.jdbc.core.JdbcTemplate               : Executing prepared SQL statement [EXEC dbo.SP_InicioJornada_MarcarNoCierreAtrasado ?]
2026-08-11 18:48:06.836 DEBUG 10036 --- [nio-9060-exec-3] o.s.jdbc.datasource.DataSourceUtils      : Fetching JDBC Connection from DataSource
2026-08-11 18:48:06.846 DEBUG 10036 --- [nio-9060-exec-3] o.s.jdbc.core.JdbcTemplate               : Executing prepared SQL query
2026-08-11 18:48:06.846 DEBUG 10036 --- [nio-9060-exec-3] o.s.jdbc.core.JdbcTemplate               : Executing prepared SQL statement [SELECT TOP 1 ultimo.id_inicio, ultimo.id_tecnico, ultimo.id_encargado, ultimo.fecha_registro, ultimo.fecha_cierre, ultimo.pendiente, ultimo.no_marco_cierre FROM (   SELECT TOP 1 id_inicio, id_tecnico, id_encargado, fecha_registro, fecha_cierre, pendiente, no_marco_cierre, e_eliminado   FROM dbo.tbl_InicioJornadaAlturas   WHERE id_tecnico = ?     AND CAST(fecha_registro AS DATE) < CAST(GETDATE() AS DATE)   ORDER BY fecha_registro DESC, id_inicio DESC ) ultimo WHERE fecha_cierre IS NULL   AND ISNULL(e_eliminado, 0) = 0   AND ISNULL(no_marco_cierre, 0) = 1]
2026-08-11 18:48:06.846 DEBUG 10036 --- [nio-9060-exec-3] o.s.jdbc.datasource.DataSourceUtils      : Fetching JDBC Connection from DataSource
2026-08-11 18:48:06.849 DEBUG 10036 --- [nio-9060-exec-3] o.s.jdbc.core.JdbcTemplate               : Executing prepared SQL query
2026-08-11 18:48:06.849 DEBUG 10036 --- [nio-9060-exec-3] o.s.jdbc.core.JdbcTemplate               : Executing prepared SQL statement [EXEC dbo.SP_InicioJornada_ExisteRegistroHoy ?]
2026-08-11 18:48:06.849 DEBUG 10036 --- [nio-9060-exec-3] o.s.jdbc.datasource.DataSourceUtils      : Fetching JDBC Connection from DataSource
2026-08-11 18:48:06.851 DEBUG 10036 --- [nio-9060-exec-3] o.s.jdbc.core.JdbcTemplate               : Executing SQL query [EXEC dbo.spx_ObtenerSucursalesConexionWeb]
2026-08-11 18:48:06.851 DEBUG 10036 --- [nio-9060-exec-3] o.s.jdbc.datasource.DataSourceUtils      : Fetching JDBC Connection from DataSource
2026-08-11 18:48:06.856 DEBUG 10036 --- [nio-9060-exec-3] o.s.jdbc.core.JdbcTemplate               : Executing SQL query [EXEC dbo.spx_ObtenerSucursalesConexionWeb]
2026-08-11 18:48:06.856 DEBUG 10036 --- [nio-9060-exec-3] o.s.jdbc.datasource.DataSourceUtils      : Fetching JDBC Connection from DataSource
2026-08-11 18:48:06.858 DEBUG 10036 --- [nio-9060-exec-3] o.s.jdbc.core.JdbcTemplate               : Executing prepared SQL query
2026-08-11 18:48:06.858 DEBUG 10036 --- [nio-9060-exec-3] o.s.jdbc.core.JdbcTemplate               : Executing prepared SQL statement [SELECT TOP 1 CAST(c.idUsuarioSupervisor AS INT) AS idEncargado, CAST(c.supervisorACargo AS NVARCHAR(200)) AS encargado, CAST(c.id AS INT) AS idConformacion, CAST(c.id_tecnicoAuxiliar AS INT) AS idAuxiliar, CAST(c.auxiliar AS NVARCHAR(250)) AS auxiliar, c.sucursal, c.fecha, c.fechaRegistro FROM dbo.tbl_ConformacionCuadrillaDiario c WHERE ISNULL(c.e_eliminado, 0) = 0   AND CONVERT(date, c.fecha) = CONVERT(date, GETDATE())   AND (? IS NULL OR LOWER(REPLACE(REPLACE(REPLACE(LTRIM(RTRIM(ISNULL(c.sucursal, ''))), '_', ''), '-', ''), ' ', '')) =                   LOWER(REPLACE(REPLACE(REPLACE(LTRIM(RTRIM(?)), '_', ''), '-', ''), ' ', '')))   AND (        (? > 0 AND (? = c.id_tecnico OR ? = c.id_tecnicoAuxiliar))        OR (? <> '' AND (            LOWER(LTRIM(RTRIM(ISNULL(c.tecnico, '')))) = ?            OR LOWER(LTRIM(RTRIM(ISNULL(c.auxiliar, '')))) = ?        ))   ) ORDER BY ISNULL(c.fechaRegistro, '19000101') DESC, c.id DESC]
2026-08-11 18:48:06.858 DEBUG 10036 --- [nio-9060-exec-3] o.s.jdbc.datasource.DataSourceUtils      : Fetching JDBC Connection from DataSource
2026-08-11 18:48:06.860 DEBUG 10036 --- [nio-9060-exec-3] o.s.jdbc.core.JdbcTemplate               : Executing prepared SQL query
2026-08-11 18:48:06.860 DEBUG 10036 --- [nio-9060-exec-3] o.s.jdbc.core.JdbcTemplate               : Executing prepared SQL statement [SELECT TOP 1 Nombre FROM dbo.tbl_Usuario WHERE Id_Usuario = ? AND ISNULL(E_Eliminado,0)=0]
2026-08-11 18:48:06.860 DEBUG 10036 --- [nio-9060-exec-3] o.s.jdbc.datasource.DataSourceUtils      : Fetching JDBC Connection from DataSource
2026-08-11 18:48:06.863 DEBUG 10036 --- [nio-9060-exec-3] o.s.w.s.m.m.a.HttpEntityMethodProcessor  : Using 'application/json', given [application/json, text/plain, */*] and supported [application/json, application/*+json, application/json, application/*+json]
2026-08-11 18:48:06.863 DEBUG 10036 --- [nio-9060-exec-3] o.s.w.s.m.m.a.HttpEntityMethodProcessor  : Writing [com.example.TigoStarSystem.common.ApiResponse@5314247d]
2026-08-11 18:48:06.864 DEBUG 10036 --- [nio-9060-exec-3] o.s.web.servlet.DispatcherServlet        : Completed 200 OK
2026-08-11 18:48:07.227 DEBUG 10036 --- [nio-9060-exec-8] o.s.jdbc.core.JdbcTemplate               : Executing prepared SQL query
2026-08-11 18:48:07.227 DEBUG 10036 --- [nio-9060-exec-8] o.s.jdbc.core.JdbcTemplate               : Executing prepared SQL statement [EXEC spx_ValidarCuadreRuta ?, ?]
2026-08-11 18:48:07.227 DEBUG 10036 --- [nio-9060-exec-8] o.s.jdbc.datasource.DataSourceUtils      : Fetching JDBC Connection from DataSource
2026-08-11 18:48:07.234 DEBUG 10036 --- [nio-9060-exec-8] o.s.jdbc.core.JdbcTemplate               : Executing prepared SQL query
2026-08-11 18:48:07.234 DEBUG 10036 --- [nio-9060-exec-8] o.s.jdbc.core.JdbcTemplate               : Executing prepared SQL statement [SELECT COUNT(1) FROM dbo.tbl_CierreAlmacen WHERE CONVERT(date, Fecha) = ? AND ISNULL(E_Eliminado, 0) = 0]
2026-08-11 18:48:07.234 DEBUG 10036 --- [nio-9060-exec-8] o.s.jdbc.datasource.DataSourceUtils      : Fetching JDBC Connection from DataSource
2026-08-11 18:48:07.235 DEBUG 10036 --- [nio-9060-exec-8] o.s.jdbc.core.JdbcTemplate               : Executing prepared SQL query
2026-08-11 18:48:07.235 DEBUG 10036 --- [nio-9060-exec-8] o.s.jdbc.core.JdbcTemplate               : Executing prepared SQL statement [EXEC spx_ExisteCierreAlmacenHoy ?]
2026-08-11 18:48:07.235 DEBUG 10036 --- [nio-9060-exec-8] o.s.jdbc.datasource.DataSourceUtils      : Fetching JDBC Connection from DataSource
2026-08-11 18:48:08.041 DEBUG 10036 --- [nio-9060-exec-8] o.s.jdbc.core.JdbcTemplate               : Executing prepared SQL query
2026-08-11 18:48:08.041 DEBUG 10036 --- [nio-9060-exec-8] o.s.jdbc.core.JdbcTemplate               : Executing prepared SQL statement [SELECT COUNT(1) FROM dbo.tbl_CierreAlmacenPR_PD WHERE CONVERT(date, Fecha) = ? AND ISNULL(E_Eliminado, 0) = 0]
2026-08-11 18:48:08.041 DEBUG 10036 --- [nio-9060-exec-8] o.s.jdbc.datasource.DataSourceUtils      : Fetching JDBC Connection from DataSource
2026-08-11 18:48:08.044 DEBUG 10036 --- [nio-9060-exec-8] o.s.jdbc.core.JdbcTemplate               : Executing prepared SQL query
2026-08-11 18:48:08.044 DEBUG 10036 --- [nio-9060-exec-8] o.s.jdbc.core.JdbcTemplate               : Executing prepared SQL statement [EXEC spx_ExisteCierreAlmacenHoyPR_PD ?]
2026-08-11 18:48:08.044 DEBUG 10036 --- [nio-9060-exec-8] o.s.jdbc.datasource.DataSourceUtils      : Fetching JDBC Connection from DataSource
2026-08-11 18:48:08.858 DEBUG 10036 --- [nio-9060-exec-8] o.s.jdbc.core.JdbcTemplate               : Executing prepared SQL query
2026-08-11 18:48:08.858 DEBUG 10036 --- [nio-9060-exec-8] o.s.jdbc.core.JdbcTemplate               : Executing prepared SQL statement [SELECT cv.Id_CodigoVenta AS idCodigoVenta, cv.Id_Venta AS idVenta, cv.Id_Producto AS idProducto, p.Nombre AS producto, cv.Id_TipoMaterial AS idTipoMaterial, tm.Nombre AS tipoMaterial, cv.Cantidad AS cantidad, cv.Cod_Inicio AS serie, cv.ChipID AS chipId FROM dbo.tbl_CodigoVenta cv LEFT JOIN dbo.tbl_Producto p ON p.Id_Producto = cv.Id_Producto LEFT JOIN dbo.tbl_TipoMaterial tm ON tm.Id_TipoMaterial = cv.Id_TipoMaterial WHERE cv.Id_Venta = ? AND ISNULL(cv.E_Eliminado, 0) = 0 AND cv.Id_TipoMaterial = 1 AND NULLIF(LTRIM(RTRIM(ISNULL(cv.Cod_Inicio, ''))), '') IS NULL AND NULLIF(LTRIM(RTRIM(ISNULL(cv.ChipID, ''))), '') IS NULL ORDER BY p.Nombre, cv.Id_CodigoVenta]
2026-08-11 18:48:08.858 DEBUG 10036 --- [nio-9060-exec-8] o.s.jdbc.datasource.DataSourceUtils      : Fetching JDBC Connection from DataSource
2026-08-11 18:48:08.861 DEBUG 10036 --- [nio-9060-exec-8] o.s.jdbc.core.JdbcTemplate               : Executing prepared SQL query
2026-08-11 18:48:08.861 DEBUG 10036 --- [nio-9060-exec-8] o.s.jdbc.core.JdbcTemplate               : Executing prepared SQL statement [EXEC spx_ValidarCuadreRuta ?, ?]
2026-08-11 18:48:08.861 DEBUG 10036 --- [nio-9060-exec-8] o.s.jdbc.datasource.DataSourceUtils      : Fetching JDBC Connection from DataSource
2026-08-11 18:48:08.865 DEBUG 10036 --- [nio-9060-exec-8] o.s.jdbc.core.JdbcTemplate               : Executing prepared SQL query
2026-08-11 18:48:08.865 DEBUG 10036 --- [nio-9060-exec-8] o.s.jdbc.core.JdbcTemplate               : Executing prepared SQL statement [SELECT COUNT(1) FROM dbo.tbl_CierreAlmacen WHERE CONVERT(date, Fecha) = ? AND ISNULL(E_Eliminado, 0) = 0]
2026-08-11 18:48:08.865 DEBUG 10036 --- [nio-9060-exec-8] o.s.jdbc.datasource.DataSourceUtils      : Fetching JDBC Connection from DataSource
2026-08-11 18:48:08.867 DEBUG 10036 --- [nio-9060-exec-8] o.s.jdbc.core.JdbcTemplate               : Executing prepared SQL query
2026-08-11 18:48:08.867 DEBUG 10036 --- [nio-9060-exec-8] o.s.jdbc.core.JdbcTemplate               : Executing prepared SQL statement [EXEC spx_ExisteCierreAlmacenHoy ?]
2026-08-11 18:48:08.867 DEBUG 10036 --- [nio-9060-exec-8] o.s.jdbc.datasource.DataSourceUtils      : Fetching JDBC Connection from DataSource
2026-08-11 18:48:09.670 DEBUG 10036 --- [nio-9060-exec-8] o.s.jdbc.core.JdbcTemplate               : Executing prepared SQL query
2026-08-11 18:48:09.670 DEBUG 10036 --- [nio-9060-exec-8] o.s.jdbc.core.JdbcTemplate               : Executing prepared SQL statement [SELECT COUNT(1) FROM dbo.tbl_CierreAlmacenPR_PD WHERE CONVERT(date, Fecha) = ? AND ISNULL(E_Eliminado, 0) = 0]
2026-08-11 18:48:09.670 DEBUG 10036 --- [nio-9060-exec-8] o.s.jdbc.datasource.DataSourceUtils      : Fetching JDBC Connection from DataSource
2026-08-11 18:48:09.674 DEBUG 10036 --- [nio-9060-exec-8] o.s.jdbc.core.JdbcTemplate               : Executing prepared SQL query
2026-08-11 18:48:09.674 DEBUG 10036 --- [nio-9060-exec-8] o.s.jdbc.core.JdbcTemplate               : Executing prepared SQL statement [EXEC spx_ExisteCierreAlmacenHoyPR_PD ?]
2026-08-11 18:48:09.674 DEBUG 10036 --- [nio-9060-exec-8] o.s.jdbc.datasource.DataSourceUtils      : Fetching JDBC Connection from DataSource
2026-08-11 18:48:10.482 DEBUG 10036 --- [nio-9060-exec-8] o.s.jdbc.core.JdbcTemplate               : Executing prepared SQL query
2026-08-11 18:48:10.482 DEBUG 10036 --- [nio-9060-exec-8] o.s.jdbc.core.JdbcTemplate               : Executing prepared SQL statement [EXEC spx_ValidarCuadreRuta ?, ?]
2026-08-11 18:48:10.482 DEBUG 10036 --- [nio-9060-exec-8] o.s.jdbc.datasource.DataSourceUtils      : Fetching JDBC Connection from DataSource
2026-08-11 18:48:10.488 DEBUG 10036 --- [nio-9060-exec-8] o.s.jdbc.core.JdbcTemplate               : Executing prepared SQL query
2026-08-11 18:48:10.488 DEBUG 10036 --- [nio-9060-exec-8] o.s.jdbc.core.JdbcTemplate               : Executing prepared SQL statement [SELECT COUNT(1) FROM dbo.tbl_CierreAlmacen WHERE CONVERT(date, Fecha) = ? AND ISNULL(E_Eliminado, 0) = 0]
2026-08-11 18:48:10.488 DEBUG 10036 --- [nio-9060-exec-8] o.s.jdbc.datasource.DataSourceUtils      : Fetching JDBC Connection from DataSource
2026-08-11 18:48:10.490 DEBUG 10036 --- [nio-9060-exec-8] o.s.jdbc.core.JdbcTemplate               : Executing prepared SQL query
2026-08-11 18:48:10.490 DEBUG 10036 --- [nio-9060-exec-8] o.s.jdbc.core.JdbcTemplate               : Executing prepared SQL statement [EXEC spx_ExisteCierreAlmacenHoy ?]
2026-08-11 18:48:10.490 DEBUG 10036 --- [nio-9060-exec-8] o.s.jdbc.datasource.DataSourceUtils      : Fetching JDBC Connection from DataSource
2026-08-11 18:48:10.863 DEBUG 10036 --- [nio-9060-exec-4] o.s.web.servlet.DispatcherServlet        : PUT "/ot/309166/cantidades-hoy?idSucursal=9", parameters={masked}
2026-08-11 18:48:10.864 DEBUG 10036 --- [nio-9060-exec-4] s.w.s.m.m.a.RequestMappingHandlerMapping : Mapped to com.example.TigoStarSystem.ot.controller.OtController#modificarCantidadesHoy(String, Long, OtModificarCantidadesRequest)
2026-08-11 18:48:10.866 DEBUG 10036 --- [nio-9060-exec-4] m.m.a.RequestResponseBodyMethodProcessor : Read "application/json;charset=UTF-8" to [com.example.TigoStarSystem.ot.dto.OtModificarCantidadesRequest@6acea179]
2026-08-11 18:48:10.872 DEBUG 10036 --- [nio-9060-exec-4] o.s.jdbc.core.JdbcTemplate               : Executing prepared SQL query
2026-08-11 18:48:10.872 DEBUG 10036 --- [nio-9060-exec-4] o.s.jdbc.core.JdbcTemplate               : Executing prepared SQL statement [SELECT DISTINCT CAST(ut.id_vendedor AS INT) AS id_vendedor FROM dbo.tbl_usuariotecnico ut WHERE ut.id_usuario = ? AND ISNULL(ut.e_eliminado, 0) = 0]
2026-08-11 18:48:10.874 DEBUG 10036 --- [nio-9060-exec-4] o.s.jdbc.core.JdbcTemplate               : Executing prepared SQL query
2026-08-11 18:48:10.874 DEBUG 10036 --- [nio-9060-exec-4] o.s.jdbc.core.JdbcTemplate               : Executing prepared SQL statement [SELECT v.Id_Venta AS idVenta, v.OrdenTrabajo AS ordenTrabajo, v.CodigoCliente AS codigoCliente, v.Id_Ruta AS idRuta, v.Id_Vendedor AS idVendedor, v.Fecha_Ejecucion AS fechaEjecucion, v.FechaHoraDetalle AS fechaHoraDetalle, v.Id_Estado AS idEstado, ISNULL(r.Nombre, '') AS grupo, ISNULL(e.Nombre, '') AS estado FROM dbo.tbl_Venta v LEFT JOIN dbo.tbl_Ruta r ON r.Id_Ruta = v.Id_Ruta LEFT JOIN dbo.tbl_Estado e ON e.Id_Estado = v.Id_Estado WHERE ISNULL(v.E_Eliminado, 0) = 0 AND v.FechaHoraDetalle IS NOT NULL AND CONVERT(DATE, v.FechaHoraDetalle) = ? AND v.Id_Vendedor IN (?, ?) ORDER BY v.FechaHoraDetalle DESC, v.Id_Venta DESC]
2026-08-11 18:48:11.170 DEBUG 10036 --- [nio-9060-exec-4] o.s.jdbc.core.JdbcTemplate               : Executing prepared SQL query
2026-08-11 18:48:11.170 DEBUG 10036 --- [nio-9060-exec-4] o.s.jdbc.core.JdbcTemplate               : Executing prepared SQL statement [EXEC spx_ValidarCuadreRuta ?, ?]
2026-08-11 18:48:11.174 DEBUG 10036 --- [nio-9060-exec-4] o.s.jdbc.core.JdbcTemplate               : Executing prepared SQL query
2026-08-11 18:48:11.174 DEBUG 10036 --- [nio-9060-exec-4] o.s.jdbc.core.JdbcTemplate               : Executing prepared SQL statement [SELECT COUNT(1) FROM dbo.tbl_CierreAlmacen WHERE CONVERT(date, Fecha) = ? AND ISNULL(E_Eliminado, 0) = 0]
2026-08-11 18:48:11.176 DEBUG 10036 --- [nio-9060-exec-4] o.s.jdbc.core.JdbcTemplate               : Executing prepared SQL query
2026-08-11 18:48:11.176 DEBUG 10036 --- [nio-9060-exec-4] o.s.jdbc.core.JdbcTemplate               : Executing prepared SQL statement [EXEC spx_ExisteCierreAlmacenHoy ?]
2026-08-11 18:48:11.819 DEBUG 10036 --- [nio-9060-exec-8] o.s.jdbc.core.JdbcTemplate               : Executing prepared SQL query
2026-08-11 18:48:11.820 DEBUG 10036 --- [nio-9060-exec-8] o.s.jdbc.core.JdbcTemplate               : Executing prepared SQL statement [SELECT COUNT(1) FROM dbo.tbl_CierreAlmacenPR_PD WHERE CONVERT(date, Fecha) = ? AND ISNULL(E_Eliminado, 0) = 0]
2026-08-11 18:48:11.820 DEBUG 10036 --- [nio-9060-exec-8] o.s.jdbc.datasource.DataSourceUtils      : Fetching JDBC Connection from DataSource
2026-08-11 18:48:11.825 DEBUG 10036 --- [nio-9060-exec-8] o.s.jdbc.core.JdbcTemplate               : Executing prepared SQL query
2026-08-11 18:48:11.825 DEBUG 10036 --- [nio-9060-exec-8] o.s.jdbc.core.JdbcTemplate               : Executing prepared SQL statement [EXEC spx_ExisteCierreAlmacenHoyPR_PD ?]
2026-08-11 18:48:11.825 DEBUG 10036 --- [nio-9060-exec-8] o.s.jdbc.datasource.DataSourceUtils      : Fetching JDBC Connection from DataSource
2026-08-11 18:48:12.647 DEBUG 10036 --- [nio-9060-exec-4] o.s.jdbc.core.JdbcTemplate               : Executing prepared SQL query
2026-08-11 18:48:12.647 DEBUG 10036 --- [nio-9060-exec-4] o.s.jdbc.core.JdbcTemplate               : Executing prepared SQL statement [SELECT COUNT(1) FROM dbo.tbl_CierreAlmacenPR_PD WHERE CONVERT(date, Fecha) = ? AND ISNULL(E_Eliminado, 0) = 0]
2026-08-11 18:48:12.649 DEBUG 10036 --- [nio-9060-exec-4] o.s.jdbc.core.JdbcTemplate               : Executing prepared SQL query
2026-08-11 18:48:12.649 DEBUG 10036 --- [nio-9060-exec-4] o.s.jdbc.core.JdbcTemplate               : Executing prepared SQL statement [EXEC spx_ExisteCierreAlmacenHoyPR_PD ?]
2026-08-11 18:48:13.115 DEBUG 10036 --- [ruz housekeeper] com.zaxxer.hikari.pool.HikariPool        : ConnDb-SantaCruz - Before cleanup stats (total=1, active=0, idle=1, waiting=0)
2026-08-11 18:48:13.115 DEBUG 10036 --- [ruz housekeeper] com.zaxxer.hikari.pool.HikariPool        : ConnDb-SantaCruz - After cleanup  stats (total=1, active=0, idle=1, waiting=0)
2026-08-11 18:48:13.115 DEBUG 10036 --- [ruz housekeeper] com.zaxxer.hikari.pool.HikariPool        : ConnDb-SantaCruz - Fill pool skipped, pool is at sufficient level.
2026-08-11 18:48:13.286 DEBUG 10036 --- [nio-9060-exec-8] o.s.jdbc.core.JdbcTemplate               : Executing prepared SQL query
2026-08-11 18:48:13.286 DEBUG 10036 --- [nio-9060-exec-8] o.s.jdbc.core.JdbcTemplate               : Executing prepared SQL statement [SELECT cv.Id_CodigoVenta AS idCodigoVenta, cv.Id_Venta AS idVenta, cv.Id_Producto AS idProducto, p.Nombre AS producto, cv.Id_TipoMaterial AS idTipoMaterial, tm.Nombre AS tipoMaterial, cv.Cantidad AS cantidad, cv.Cod_Inicio AS serie, cv.ChipID AS chipId FROM dbo.tbl_CodigoVenta cv LEFT JOIN dbo.tbl_Producto p ON p.Id_Producto = cv.Id_Producto LEFT JOIN dbo.tbl_TipoMaterial tm ON tm.Id_TipoMaterial = cv.Id_TipoMaterial WHERE cv.Id_Venta = ? AND ISNULL(cv.E_Eliminado, 0) = 0 AND cv.Id_TipoMaterial = 1 AND NULLIF(LTRIM(RTRIM(ISNULL(cv.Cod_Inicio, ''))), '') IS NULL AND NULLIF(LTRIM(RTRIM(ISNULL(cv.ChipID, ''))), '') IS NULL ORDER BY p.Nombre, cv.Id_CodigoVenta]
2026-08-11 18:48:13.286 DEBUG 10036 --- [nio-9060-exec-8] o.s.jdbc.datasource.DataSourceUtils      : Fetching JDBC Connection from DataSource
2026-08-11 18:48:13.298 DEBUG 10036 --- [nio-9060-exec-8] o.s.jdbc.core.JdbcTemplate               : Executing prepared SQL query
2026-08-11 18:48:13.298 DEBUG 10036 --- [nio-9060-exec-8] o.s.jdbc.core.JdbcTemplate               : Executing prepared SQL statement [EXEC spx_ValidarCuadreRuta ?, ?]
2026-08-11 18:48:13.298 DEBUG 10036 --- [nio-9060-exec-8] o.s.jdbc.datasource.DataSourceUtils      : Fetching JDBC Connection from DataSource
2026-08-11 18:48:13.306 DEBUG 10036 --- [nio-9060-exec-8] o.s.jdbc.core.JdbcTemplate               : Executing prepared SQL query
2026-08-11 18:48:13.306 DEBUG 10036 --- [nio-9060-exec-8] o.s.jdbc.core.JdbcTemplate               : Executing prepared SQL statement [SELECT COUNT(1) FROM dbo.tbl_CierreAlmacen WHERE CONVERT(date, Fecha) = ? AND ISNULL(E_Eliminado, 0) = 0]
2026-08-11 18:48:13.306 DEBUG 10036 --- [nio-9060-exec-8] o.s.jdbc.datasource.DataSourceUtils      : Fetching JDBC Connection from DataSource
2026-08-11 18:48:13.308 DEBUG 10036 --- [nio-9060-exec-8] o.s.jdbc.core.JdbcTemplate               : Executing prepared SQL query
2026-08-11 18:48:13.308 DEBUG 10036 --- [nio-9060-exec-8] o.s.jdbc.core.JdbcTemplate               : Executing prepared SQL statement [EXEC spx_ExisteCierreAlmacenHoy ?]
2026-08-11 18:48:13.308 DEBUG 10036 --- [nio-9060-exec-8] o.s.jdbc.datasource.DataSourceUtils      : Fetching JDBC Connection from DataSource
2026-08-11 18:48:13.943 DEBUG 10036 --- [nio-9060-exec-4] o.s.jdbc.core.JdbcTemplate               : Executing prepared SQL query
2026-08-11 18:48:13.943 DEBUG 10036 --- [nio-9060-exec-4] o.s.jdbc.core.JdbcTemplate               : Executing prepared SQL statement [SELECT cv.Id_CodigoVenta AS idCodigoVenta, cv.Id_Venta AS idVenta, cv.Id_Producto AS idProducto, p.Nombre AS producto, cv.Id_TipoMaterial AS idTipoMaterial, tm.Nombre AS tipoMaterial, cv.Cantidad AS cantidad, cv.Cod_Inicio AS serie, cv.ChipID AS chipId FROM dbo.tbl_CodigoVenta cv LEFT JOIN dbo.tbl_Producto p ON p.Id_Producto = cv.Id_Producto LEFT JOIN dbo.tbl_TipoMaterial tm ON tm.Id_TipoMaterial = cv.Id_TipoMaterial WHERE cv.Id_Venta = ? AND ISNULL(cv.E_Eliminado, 0) = 0 AND cv.Id_TipoMaterial = 1 AND NULLIF(LTRIM(RTRIM(ISNULL(cv.Cod_Inicio, ''))), '') IS NULL AND NULLIF(LTRIM(RTRIM(ISNULL(cv.ChipID, ''))), '') IS NULL ORDER BY p.Nombre, cv.Id_CodigoVenta]
2026-08-11 18:48:13.947 DEBUG 10036 --- [nio-9060-exec-4] o.s.jdbc.core.JdbcTemplate               : Executing prepared SQL query
2026-08-11 18:48:13.947 DEBUG 10036 --- [nio-9060-exec-4] o.s.jdbc.core.JdbcTemplate               : Executing prepared SQL statement [SELECT CAST(ISNULL((SELECT SUM(ISNULL(s.cantidad, 0)) FROM dbo.tbl_SaldoTarjetas s WHERE s.Id_Ruta = ? AND s.Id_Producto = ? AND ISNULL(s.E_Eliminado, 0) = 0), 0) - ISNULL((SELECT SUM(ISNULL(cv.Cantidad, 0)) FROM dbo.tbl_CodigoVenta cv INNER JOIN dbo.tbl_Venta v ON v.Id_Venta = cv.Id_Venta WHERE v.Id_Ruta = ? AND cv.Id_Producto = ? AND cv.Id_TipoMaterial = 1 AND cv.Id_CodigoVenta <> ? AND ISNULL(cv.E_Eliminado, 0) = 0 AND ISNULL(v.E_Eliminado, 0) = 0 AND v.FechaHoraDetalle IS NOT NULL AND CONVERT(DATE, v.FechaHoraDetalle) = ?), 0) AS DECIMAL(18,4)) AS disponible]
2026-08-11 18:48:14.285 DEBUG 10036 --- [nio-9060-exec-4] .m.m.a.ExceptionHandlerExceptionResolver : Using @ExceptionHandler com.example.TigoStarSystem.common.GlobalExceptionHandler#handleApiException(ApiException, HttpServletRequest)
2026-08-11 18:48:14.292 DEBUG 10036 --- [nio-9060-exec-4] o.s.w.s.m.m.a.HttpEntityMethodProcessor  : Using 'application/json', given [application/json, text/plain, */*] and supported [application/json, application/*+json, application/json, application/*+json]
2026-08-11 18:48:14.292 DEBUG 10036 --- [nio-9060-exec-4] o.s.w.s.m.m.a.HttpEntityMethodProcessor  : Writing [com.example.TigoStarSystem.common.ApiError@72ea0204]
2026-08-11 18:48:14.294 DEBUG 10036 --- [nio-9060-exec-4] .m.m.a.ExceptionHandlerExceptionResolver : Resolved [com.example.TigoStarSystem.common.ApiException: La cantidad de FUENTE_2.5A no puede ser mayor al saldo disponible (11).]
2026-08-11 18:48:14.294 DEBUG 10036 --- [nio-9060-exec-4] o.s.web.servlet.DispatcherServlet        : Completed 409 CONFLICT
2026-08-11 18:48:14.752 DEBUG 10036 --- [nio-9060-exec-8] o.s.jdbc.core.JdbcTemplate               : Executing prepared SQL query
2026-08-11 18:48:14.752 DEBUG 10036 --- [nio-9060-exec-8] o.s.jdbc.core.JdbcTemplate               : Executing prepared SQL statement [SELECT COUNT(1) FROM dbo.tbl_CierreAlmacenPR_PD WHERE CONVERT(date, Fecha) = ? AND ISNULL(E_Eliminado, 0) = 0]
2026-08-11 18:48:14.752 DEBUG 10036 --- [nio-9060-exec-8] o.s.jdbc.datasource.DataSourceUtils      : Fetching JDBC Connection from DataSource
2026-08-11 18:48:14.768 DEBUG 10036 --- [nio-9060-exec-8] o.s.jdbc.core.JdbcTemplate               : Executing prepared SQL query
2026-08-11 18:48:14.769 DEBUG 10036 --- [nio-9060-exec-8] o.s.jdbc.core.JdbcTemplate               : Executing prepared SQL statement [EXEC spx_ExisteCierreAlmacenHoyPR_PD ?]
2026-08-11 18:48:14.769 DEBUG 10036 --- [nio-9060-exec-8] o.s.jdbc.datasource.DataSourceUtils      : Fetching JDBC Connection from DataSource
2026-08-11 18:48:16.162 DEBUG 10036 --- [a-9 housekeeper] com.zaxxer.hikari.pool.HikariPool        : ConnDb-inicio-jornada-9 - Before cleanup stats (total=1, active=0, idle=1, waiting=0)
2026-08-11 18:48:16.162 DEBUG 10036 --- [a-9 housekeeper] com.zaxxer.hikari.pool.HikariPool        : ConnDb-inicio-jornada-9 - After cleanup  stats (total=1, active=0, idle=1, waiting=0)
2026-08-11 18:48:16.162 DEBUG 10036 --- [a-9 housekeeper] com.zaxxer.hikari.pool.HikariPool        : ConnDb-inicio-jornada-9 - Fill pool skipped, pool is at sufficient level.
2026-08-11 18:48:17.029 DEBUG 10036 --- [nio-9060-exec-8] o.s.jdbc.core.JdbcTemplate               : Executing prepared SQL query
2026-08-11 18:48:17.029 DEBUG 10036 --- [nio-9060-exec-8] o.s.jdbc.core.JdbcTemplate               : Executing prepared SQL statement [EXEC spx_ValidarCuadreRuta ?, ?]
2026-08-11 18:48:17.029 DEBUG 10036 --- [nio-9060-exec-8] o.s.jdbc.datasource.DataSourceUtils      : Fetching JDBC Connection from DataSource
2026-08-11 18:48:17.033 DEBUG 10036 --- [nio-9060-exec-8] o.s.jdbc.core.JdbcTemplate               : Executing prepared SQL query
2026-08-11 18:48:17.033 DEBUG 10036 --- [nio-9060-exec-8] o.s.jdbc.core.JdbcTemplate               : Executing prepared SQL statement [SELECT COUNT(1) FROM dbo.tbl_CierreAlmacen WHERE CONVERT(date, Fecha) = ? AND ISNULL(E_Eliminado, 0) = 0]
2026-08-11 18:48:17.033 DEBUG 10036 --- [nio-9060-exec-8] o.s.jdbc.datasource.DataSourceUtils      : Fetching JDBC Connection from DataSource
2026-08-11 18:48:17.035 DEBUG 10036 --- [nio-9060-exec-8] o.s.jdbc.core.JdbcTemplate               : Executing prepared SQL query
2026-08-11 18:48:17.035 DEBUG 10036 --- [nio-9060-exec-8] o.s.jdbc.core.JdbcTemplate               : Executing prepared SQL statement [EXEC spx_ExisteCierreAlmacenHoy ?]
2026-08-11 18:48:17.035 DEBUG 10036 --- [nio-9060-exec-8] o.s.jdbc.datasource.DataSourceUtils      : Fetching JDBC Connection from DataSource
2026-08-11 18:48:19.336 DEBUG 10036 --- [nio-9060-exec-8] o.s.jdbc.core.JdbcTemplate               : Executing prepared SQL query
2026-08-11 18:48:19.336 DEBUG 10036 --- [nio-9060-exec-8] o.s.jdbc.core.JdbcTemplate               : Executing prepared SQL statement [SELECT COUNT(1) FROM dbo.tbl_CierreAlmacenPR_PD WHERE CONVERT(date, Fecha) = ? AND ISNULL(E_Eliminado, 0) = 0]
2026-08-11 18:48:19.336 DEBUG 10036 --- [nio-9060-exec-8] o.s.jdbc.datasource.DataSourceUtils      : Fetching JDBC Connection from DataSource
2026-08-11 18:48:19.339 DEBUG 10036 --- [nio-9060-exec-8] o.s.jdbc.core.JdbcTemplate               : Executing prepared SQL query
2026-08-11 18:48:19.339 DEBUG 10036 --- [nio-9060-exec-8] o.s.jdbc.core.JdbcTemplate               : Executing prepared SQL statement [EXEC spx_ExisteCierreAlmacenHoyPR_PD ?]
2026-08-11 18:48:19.339 DEBUG 10036 --- [nio-9060-exec-8] o.s.jdbc.datasource.DataSourceUtils      : Fetching JDBC Connection from DataSource
2026-08-11 18:48:20.161 DEBUG 10036 --- [nio-9060-exec-8] o.s.jdbc.core.JdbcTemplate               : Executing prepared SQL query
2026-08-11 18:48:20.161 DEBUG 10036 --- [nio-9060-exec-8] o.s.jdbc.core.JdbcTemplate               : Executing prepared SQL statement [SELECT cv.Id_CodigoVenta AS idCodigoVenta, cv.Id_Venta AS idVenta, cv.Id_Producto AS idProducto, p.Nombre AS producto, cv.Id_TipoMaterial AS idTipoMaterial, tm.Nombre AS tipoMaterial, cv.Cantidad AS cantidad, cv.Cod_Inicio AS serie, cv.ChipID AS chipId FROM dbo.tbl_CodigoVenta cv LEFT JOIN dbo.tbl_Producto p ON p.Id_Producto = cv.Id_Producto LEFT JOIN dbo.tbl_TipoMaterial tm ON tm.Id_TipoMaterial = cv.Id_TipoMaterial WHERE cv.Id_Venta = ? AND ISNULL(cv.E_Eliminado, 0) = 0 AND cv.Id_TipoMaterial = 1 AND NULLIF(LTRIM(RTRIM(ISNULL(cv.Cod_Inicio, ''))), '') IS NULL AND NULLIF(LTRIM(RTRIM(ISNULL(cv.ChipID, ''))), '') IS NULL ORDER BY p.Nombre, cv.Id_CodigoVenta]
2026-08-11 18:48:20.161 DEBUG 10036 --- [nio-9060-exec-8] o.s.jdbc.datasource.DataSourceUtils      : Fetching JDBC Connection from DataSource
2026-08-11 18:48:20.167 DEBUG 10036 --- [nio-9060-exec-8] o.s.jdbc.core.JdbcTemplate               : Executing prepared SQL query
2026-08-11 18:48:20.167 DEBUG 10036 --- [nio-9060-exec-8] o.s.jdbc.core.JdbcTemplate               : Executing prepared SQL statement [EXEC spx_ValidarCuadreRuta ?, ?]
2026-08-11 18:48:20.167 DEBUG 10036 --- [nio-9060-exec-8] o.s.jdbc.datasource.DataSourceUtils      : Fetching JDBC Connection from DataSource
2026-08-11 18:48:20.170 DEBUG 10036 --- [nio-9060-exec-8] o.s.jdbc.core.JdbcTemplate               : Executing prepared SQL query
2026-08-11 18:48:20.170 DEBUG 10036 --- [nio-9060-exec-8] o.s.jdbc.core.JdbcTemplate               : Executing prepared SQL statement [SELECT COUNT(1) FROM dbo.tbl_CierreAlmacen WHERE CONVERT(date, Fecha) = ? AND ISNULL(E_Eliminado, 0) = 0]
2026-08-11 18:48:20.170 DEBUG 10036 --- [nio-9060-exec-8] o.s.jdbc.datasource.DataSourceUtils      : Fetching JDBC Connection from DataSource
2026-08-11 18:48:20.173 DEBUG 10036 --- [nio-9060-exec-8] o.s.jdbc.core.JdbcTemplate               : Executing prepared SQL query
2026-08-11 18:48:20.173 DEBUG 10036 --- [nio-9060-exec-8] o.s.jdbc.core.JdbcTemplate               : Executing prepared SQL statement [EXEC spx_ExisteCierreAlmacenHoy ?]
2026-08-11 18:48:20.173 DEBUG 10036 --- [nio-9060-exec-8] o.s.jdbc.datasource.DataSourceUtils      : Fetching JDBC Connection from DataSource
2026-08-11 18:48:20.980 DEBUG 10036 --- [nio-9060-exec-8] o.s.jdbc.core.JdbcTemplate               : Executing prepared SQL query
2026-08-11 18:48:20.981 DEBUG 10036 --- [nio-9060-exec-8] o.s.jdbc.core.JdbcTemplate               : Executing prepared SQL statement [SELECT COUNT(1) FROM dbo.tbl_CierreAlmacenPR_PD WHERE CONVERT(date, Fecha) = ? AND ISNULL(E_Eliminado, 0) = 0]
2026-08-11 18:48:20.981 DEBUG 10036 --- [nio-9060-exec-8] o.s.jdbc.datasource.DataSourceUtils      : Fetching JDBC Connection from DataSource
2026-08-11 18:48:20.983 DEBUG 10036 --- [nio-9060-exec-8] o.s.jdbc.core.JdbcTemplate               : Executing prepared SQL query
2026-08-11 18:48:20.983 DEBUG 10036 --- [nio-9060-exec-8] o.s.jdbc.core.JdbcTemplate               : Executing prepared SQL statement [EXEC spx_ExisteCierreAlmacenHoyPR_PD ?]
2026-08-11 18:48:20.983 DEBUG 10036 --- [nio-9060-exec-8] o.s.jdbc.datasource.DataSourceUtils      : Fetching JDBC Connection from DataSource
2026-08-11 18:48:21.242 DEBUG 10036 --- [nio-9060-exec-2] o.s.web.servlet.DispatcherServlet        : GET "/tecnico/inicio-jornada/cierre-estado", parameters={}
2026-08-11 18:48:21.242 DEBUG 10036 --- [nio-9060-exec-2] s.w.s.m.m.a.RequestMappingHandlerMapping : Mapped to com.example.TigoStarSystem.tecnicoiniciojornada.controller.TecnicoInicioJornadaController#estadoCierre(String)
2026-08-11 18:48:21.246 DEBUG 10036 --- [nio-9060-exec-2] o.s.jdbc.core.JdbcTemplate               : Executing prepared SQL query
2026-08-11 18:48:21.246 DEBUG 10036 --- [nio-9060-exec-2] o.s.jdbc.core.JdbcTemplate               : Executing prepared SQL statement [EXEC dbo.SP_InicioJornada_MarcarNoCierreAtrasado ?]
2026-08-11 18:48:21.246 DEBUG 10036 --- [nio-9060-exec-2] o.s.jdbc.datasource.DataSourceUtils      : Fetching JDBC Connection from DataSource
2026-08-11 18:48:21.254 DEBUG 10036 --- [nio-9060-exec-2] o.s.jdbc.core.JdbcTemplate               : Executing prepared SQL query
2026-08-11 18:48:21.254 DEBUG 10036 --- [nio-9060-exec-2] o.s.jdbc.core.JdbcTemplate               : Executing prepared SQL statement [SELECT TOP 1 ultimo.id_inicio, ultimo.id_tecnico, ultimo.id_encargado, ultimo.fecha_registro, ultimo.fecha_cierre, ultimo.pendiente, ultimo.no_marco_cierre FROM (   SELECT TOP 1 id_inicio, id_tecnico, id_encargado, fecha_registro, fecha_cierre, pendiente, no_marco_cierre, e_eliminado   FROM dbo.tbl_InicioJornadaAlturas   WHERE id_tecnico = ?     AND CAST(fecha_registro AS DATE) < CAST(GETDATE() AS DATE)   ORDER BY fecha_registro DESC, id_inicio DESC ) ultimo WHERE fecha_cierre IS NULL   AND ISNULL(e_eliminado, 0) = 0   AND ISNULL(no_marco_cierre, 0) = 1]
2026-08-11 18:48:21.254 DEBUG 10036 --- [nio-9060-exec-2] o.s.jdbc.datasource.DataSourceUtils      : Fetching JDBC Connection from DataSource
2026-08-11 18:48:21.257 DEBUG 10036 --- [nio-9060-exec-2] o.s.jdbc.core.JdbcTemplate               : Executing prepared SQL query
2026-08-11 18:48:21.257 DEBUG 10036 --- [nio-9060-exec-2] o.s.jdbc.core.JdbcTemplate               : Executing prepared SQL statement [EXEC dbo.SP_InicioJornada_EstadoCierreHoy ?]
2026-08-11 18:48:21.257 DEBUG 10036 --- [nio-9060-exec-2] o.s.jdbc.datasource.DataSourceUtils      : Fetching JDBC Connection from DataSource
2026-08-11 18:48:21.259 DEBUG 10036 --- [nio-9060-exec-2] o.s.jdbc.core.JdbcTemplate               : Executing prepared SQL query
2026-08-11 18:48:21.259 DEBUG 10036 --- [nio-9060-exec-2] o.s.jdbc.core.JdbcTemplate               : Executing prepared SQL statement [EXEC dbo.SP_InicioJornada_CountNoMarco ?]
2026-08-11 18:48:21.259 DEBUG 10036 --- [nio-9060-exec-2] o.s.jdbc.datasource.DataSourceUtils      : Fetching JDBC Connection from DataSource
2026-08-11 18:48:21.264 DEBUG 10036 --- [nio-9060-exec-2] o.s.w.s.m.m.a.HttpEntityMethodProcessor  : Using 'application/json', given [application/json, text/plain, */*] and supported [application/json, application/*+json, application/json, application/*+json]
2026-08-11 18:48:21.264 DEBUG 10036 --- [nio-9060-exec-2] o.s.w.s.m.m.a.HttpEntityMethodProcessor  : Writing [com.example.TigoStarSystem.common.ApiResponse@170cea71]
2026-08-11 18:48:21.264 DEBUG 10036 --- [nio-9060-exec-2] o.s.web.servlet.DispatcherServlet        : Completed 200 OK
2026-08-11 18:48:21.659 DEBUG 10036 --- [nio-9060-exec-5] o.s.web.servlet.DispatcherServlet        : PUT "/ot/309166/cantidades-hoy?idSucursal=9", parameters={masked}
2026-08-11 18:48:21.660 DEBUG 10036 --- [nio-9060-exec-5] s.w.s.m.m.a.RequestMappingHandlerMapping : Mapped to com.example.TigoStarSystem.ot.controller.OtController#modificarCantidadesHoy(String, Long, OtModificarCantidadesRequest)
2026-08-11 18:48:21.661 DEBUG 10036 --- [nio-9060-exec-5] m.m.a.RequestResponseBodyMethodProcessor : Read "application/json;charset=UTF-8" to [com.example.TigoStarSystem.ot.dto.OtModificarCantidadesRequest@79486c6e]
2026-08-11 18:48:21.671 DEBUG 10036 --- [nio-9060-exec-5] o.s.jdbc.core.JdbcTemplate               : Executing prepared SQL query
2026-08-11 18:48:21.671 DEBUG 10036 --- [nio-9060-exec-5] o.s.jdbc.core.JdbcTemplate               : Executing prepared SQL statement [SELECT DISTINCT CAST(ut.id_vendedor AS INT) AS id_vendedor FROM dbo.tbl_usuariotecnico ut WHERE ut.id_usuario = ? AND ISNULL(ut.e_eliminado, 0) = 0]
2026-08-11 18:48:21.672 DEBUG 10036 --- [nio-9060-exec-5] o.s.jdbc.core.JdbcTemplate               : Executing prepared SQL query
2026-08-11 18:48:21.672 DEBUG 10036 --- [nio-9060-exec-5] o.s.jdbc.core.JdbcTemplate               : Executing prepared SQL statement [SELECT v.Id_Venta AS idVenta, v.OrdenTrabajo AS ordenTrabajo, v.CodigoCliente AS codigoCliente, v.Id_Ruta AS idRuta, v.Id_Vendedor AS idVendedor, v.Fecha_Ejecucion AS fechaEjecucion, v.FechaHoraDetalle AS fechaHoraDetalle, v.Id_Estado AS idEstado, ISNULL(r.Nombre, '') AS grupo, ISNULL(e.Nombre, '') AS estado FROM dbo.tbl_Venta v LEFT JOIN dbo.tbl_Ruta r ON r.Id_Ruta = v.Id_Ruta LEFT JOIN dbo.tbl_Estado e ON e.Id_Estado = v.Id_Estado WHERE ISNULL(v.E_Eliminado, 0) = 0 AND v.FechaHoraDetalle IS NOT NULL AND CONVERT(DATE, v.FechaHoraDetalle) = ? AND v.Id_Vendedor IN (?, ?) ORDER BY v.FechaHoraDetalle DESC, v.Id_Venta DESC]
2026-08-11 18:48:21.710 DEBUG 10036 --- [nio-9060-exec-5] o.s.jdbc.core.JdbcTemplate               : Executing prepared SQL query
2026-08-11 18:48:21.710 DEBUG 10036 --- [nio-9060-exec-5] o.s.jdbc.core.JdbcTemplate               : Executing prepared SQL statement [EXEC spx_ValidarCuadreRuta ?, ?]
2026-08-11 18:48:21.715 DEBUG 10036 --- [nio-9060-exec-5] o.s.jdbc.core.JdbcTemplate               : Executing prepared SQL query
2026-08-11 18:48:21.715 DEBUG 10036 --- [nio-9060-exec-5] o.s.jdbc.core.JdbcTemplate               : Executing prepared SQL statement [SELECT COUNT(1) FROM dbo.tbl_CierreAlmacen WHERE CONVERT(date, Fecha) = ? AND ISNULL(E_Eliminado, 0) = 0]
2026-08-11 18:48:21.717 DEBUG 10036 --- [nio-9060-exec-5] o.s.jdbc.core.JdbcTemplate               : Executing prepared SQL query
2026-08-11 18:48:21.717 DEBUG 10036 --- [nio-9060-exec-5] o.s.jdbc.core.JdbcTemplate               : Executing prepared SQL statement [EXEC spx_ExisteCierreAlmacenHoy ?]
2026-08-11 18:48:21.816 DEBUG 10036 --- [nio-9060-exec-8] o.s.jdbc.core.JdbcTemplate               : Executing prepared SQL query
2026-08-11 18:48:21.816 DEBUG 10036 --- [nio-9060-exec-8] o.s.jdbc.core.JdbcTemplate               : Executing prepared SQL statement [EXEC spx_ValidarCuadreRuta ?, ?]
2026-08-11 18:48:21.816 DEBUG 10036 --- [nio-9060-exec-8] o.s.jdbc.datasource.DataSourceUtils      : Fetching JDBC Connection from DataSource
2026-08-11 18:48:21.822 DEBUG 10036 --- [nio-9060-exec-8] o.s.jdbc.core.JdbcTemplate               : Executing prepared SQL query
2026-08-11 18:48:21.822 DEBUG 10036 --- [nio-9060-exec-8] o.s.jdbc.core.JdbcTemplate               : Executing prepared SQL statement [SELECT COUNT(1) FROM dbo.tbl_CierreAlmacen WHERE CONVERT(date, Fecha) = ? AND ISNULL(E_Eliminado, 0) = 0]
2026-08-11 18:48:21.822 DEBUG 10036 --- [nio-9060-exec-8] o.s.jdbc.datasource.DataSourceUtils      : Fetching JDBC Connection from DataSource
2026-08-11 18:48:21.824 DEBUG 10036 --- [nio-9060-exec-8] o.s.jdbc.core.JdbcTemplate               : Executing prepared SQL query
2026-08-11 18:48:21.824 DEBUG 10036 --- [nio-9060-exec-8] o.s.jdbc.core.JdbcTemplate               : Executing prepared SQL statement [EXEC spx_ExisteCierreAlmacenHoy ?]
2026-08-11 18:48:21.824 DEBUG 10036 --- [nio-9060-exec-8] o.s.jdbc.datasource.DataSourceUtils      : Fetching JDBC Connection from DataSource
2026-08-11 18:48:22.179 DEBUG 10036 --- [nio-9060-exec-9] o.s.web.servlet.DispatcherServlet        : GET "/tecnico/inicio-jornada/estado", parameters={}
2026-08-11 18:48:22.179 DEBUG 10036 --- [nio-9060-exec-9] s.w.s.m.m.a.RequestMappingHandlerMapping : Mapped to com.example.TigoStarSystem.tecnicoiniciojornada.controller.TecnicoInicioJornadaController#estado(String, String)
2026-08-11 18:48:22.180 DEBUG 10036 --- [nio-9060-exec-9] o.s.jdbc.core.JdbcTemplate               : Executing prepared SQL query
2026-08-11 18:48:22.180 DEBUG 10036 --- [nio-9060-exec-9] o.s.jdbc.core.JdbcTemplate               : Executing prepared SQL statement [EXEC dbo.SP_InicioJornada_MarcarNoCierreAtrasado ?]
2026-08-11 18:48:22.180 DEBUG 10036 --- [nio-9060-exec-9] o.s.jdbc.datasource.DataSourceUtils      : Fetching JDBC Connection from DataSource
2026-08-11 18:48:22.184 DEBUG 10036 --- [nio-9060-exec-9] o.s.jdbc.core.JdbcTemplate               : Executing prepared SQL query
2026-08-11 18:48:22.184 DEBUG 10036 --- [nio-9060-exec-9] o.s.jdbc.core.JdbcTemplate               : Executing prepared SQL statement [SELECT TOP 1 ultimo.id_inicio, ultimo.id_tecnico, ultimo.id_encargado, ultimo.fecha_registro, ultimo.fecha_cierre, ultimo.pendiente, ultimo.no_marco_cierre FROM (   SELECT TOP 1 id_inicio, id_tecnico, id_encargado, fecha_registro, fecha_cierre, pendiente, no_marco_cierre, e_eliminado   FROM dbo.tbl_InicioJornadaAlturas   WHERE id_tecnico = ?     AND CAST(fecha_registro AS DATE) < CAST(GETDATE() AS DATE)   ORDER BY fecha_registro DESC, id_inicio DESC ) ultimo WHERE fecha_cierre IS NULL   AND ISNULL(e_eliminado, 0) = 0   AND ISNULL(no_marco_cierre, 0) = 1]
2026-08-11 18:48:22.184 DEBUG 10036 --- [nio-9060-exec-9] o.s.jdbc.datasource.DataSourceUtils      : Fetching JDBC Connection from DataSource
2026-08-11 18:48:22.186 DEBUG 10036 --- [nio-9060-exec-9] o.s.jdbc.core.JdbcTemplate               : Executing prepared SQL query
2026-08-11 18:48:22.186 DEBUG 10036 --- [nio-9060-exec-9] o.s.jdbc.core.JdbcTemplate               : Executing prepared SQL statement [EXEC dbo.SP_InicioJornada_ExisteRegistroHoy ?]
2026-08-11 18:48:22.186 DEBUG 10036 --- [nio-9060-exec-9] o.s.jdbc.datasource.DataSourceUtils      : Fetching JDBC Connection from DataSource
2026-08-11 18:48:22.187 DEBUG 10036 --- [nio-9060-exec-9] o.s.jdbc.core.JdbcTemplate               : Executing SQL query [EXEC dbo.spx_ObtenerSucursalesConexionWeb]
2026-08-11 18:48:22.187 DEBUG 10036 --- [nio-9060-exec-9] o.s.jdbc.datasource.DataSourceUtils      : Fetching JDBC Connection from DataSource
2026-08-11 18:48:22.190 DEBUG 10036 --- [nio-9060-exec-9] o.s.jdbc.core.JdbcTemplate               : Executing SQL query [EXEC dbo.spx_ObtenerSucursalesConexionWeb]
2026-08-11 18:48:22.190 DEBUG 10036 --- [nio-9060-exec-9] o.s.jdbc.datasource.DataSourceUtils      : Fetching JDBC Connection from DataSource
2026-08-11 18:48:22.192 DEBUG 10036 --- [nio-9060-exec-9] o.s.jdbc.core.JdbcTemplate               : Executing prepared SQL query
2026-08-11 18:48:22.192 DEBUG 10036 --- [nio-9060-exec-9] o.s.jdbc.core.JdbcTemplate               : Executing prepared SQL statement [SELECT TOP 1 CAST(c.idUsuarioSupervisor AS INT) AS idEncargado, CAST(c.supervisorACargo AS NVARCHAR(200)) AS encargado, CAST(c.id AS INT) AS idConformacion, CAST(c.id_tecnicoAuxiliar AS INT) AS idAuxiliar, CAST(c.auxiliar AS NVARCHAR(250)) AS auxiliar, c.sucursal, c.fecha, c.fechaRegistro FROM dbo.tbl_ConformacionCuadrillaDiario c WHERE ISNULL(c.e_eliminado, 0) = 0   AND CONVERT(date, c.fecha) = CONVERT(date, GETDATE())   AND (? IS NULL OR LOWER(REPLACE(REPLACE(REPLACE(LTRIM(RTRIM(ISNULL(c.sucursal, ''))), '_', ''), '-', ''), ' ', '')) =                   LOWER(REPLACE(REPLACE(REPLACE(LTRIM(RTRIM(?)), '_', ''), '-', ''), ' ', '')))   AND (        (? > 0 AND (? = c.id_tecnico OR ? = c.id_tecnicoAuxiliar))        OR (? <> '' AND (            LOWER(LTRIM(RTRIM(ISNULL(c.tecnico, '')))) = ?            OR LOWER(LTRIM(RTRIM(ISNULL(c.auxiliar, '')))) = ?        ))   ) ORDER BY ISNULL(c.fechaRegistro, '19000101') DESC, c.id DESC]
2026-08-11 18:48:22.192 DEBUG 10036 --- [nio-9060-exec-9] o.s.jdbc.datasource.DataSourceUtils      : Fetching JDBC Connection from DataSource
2026-08-11 18:48:22.201 DEBUG 10036 --- [nio-9060-exec-9] o.s.jdbc.core.JdbcTemplate               : Executing prepared SQL query
2026-08-11 18:48:22.201 DEBUG 10036 --- [nio-9060-exec-9] o.s.jdbc.core.JdbcTemplate               : Executing prepared SQL statement [SELECT TOP 1 Nombre FROM dbo.tbl_Usuario WHERE Id_Usuario = ? AND ISNULL(E_Eliminado,0)=0]
2026-08-11 18:48:22.201 DEBUG 10036 --- [nio-9060-exec-9] o.s.jdbc.datasource.DataSourceUtils      : Fetching JDBC Connection from DataSource
2026-08-11 18:48:22.205 DEBUG 10036 --- [nio-9060-exec-9] o.s.w.s.m.m.a.HttpEntityMethodProcessor  : Using 'application/json', given [application/json, text/plain, */*] and supported [application/json, application/*+json, application/json, application/*+json]
2026-08-11 18:48:22.206 DEBUG 10036 --- [nio-9060-exec-9] o.s.w.s.m.m.a.HttpEntityMethodProcessor  : Writing [com.example.TigoStarSystem.common.ApiResponse@4e57bece]
2026-08-11 18:48:22.206 DEBUG 10036 --- [nio-9060-exec-9] o.s.web.servlet.DispatcherServlet        : Completed 200 OK
2026-08-11 18:48:22.671 DEBUG 10036 --- [nio-9060-exec-5] o.s.jdbc.core.JdbcTemplate               : Executing prepared SQL query
2026-08-11 18:48:22.671 DEBUG 10036 --- [nio-9060-exec-5] o.s.jdbc.core.JdbcTemplate               : Executing prepared SQL statement [SELECT COUNT(1) FROM dbo.tbl_CierreAlmacenPR_PD WHERE CONVERT(date, Fecha) = ? AND ISNULL(E_Eliminado, 0) = 0]
2026-08-11 18:48:22.673 DEBUG 10036 --- [nio-9060-exec-5] o.s.jdbc.core.JdbcTemplate               : Executing prepared SQL query
2026-08-11 18:48:22.673 DEBUG 10036 --- [nio-9060-exec-5] o.s.jdbc.core.JdbcTemplate               : Executing prepared SQL statement [EXEC spx_ExisteCierreAlmacenHoyPR_PD ?]
2026-08-11 18:48:22.777 DEBUG 10036 --- [nio-9060-exec-8] o.s.jdbc.core.JdbcTemplate               : Executing prepared SQL query
2026-08-11 18:48:22.777 DEBUG 10036 --- [nio-9060-exec-8] o.s.jdbc.core.JdbcTemplate               : Executing prepared SQL statement [SELECT COUNT(1) FROM dbo.tbl_CierreAlmacenPR_PD WHERE CONVERT(date, Fecha) = ? AND ISNULL(E_Eliminado, 0) = 0]
2026-08-11 18:48:22.777 DEBUG 10036 --- [nio-9060-exec-8] o.s.jdbc.datasource.DataSourceUtils      : Fetching JDBC Connection from DataSource
2026-08-11 18:48:22.780 DEBUG 10036 --- [nio-9060-exec-8] o.s.jdbc.core.JdbcTemplate               : Executing prepared SQL query
2026-08-11 18:48:22.780 DEBUG 10036 --- [nio-9060-exec-8] o.s.jdbc.core.JdbcTemplate               : Executing prepared SQL statement [EXEC spx_ExisteCierreAlmacenHoyPR_PD ?]
2026-08-11 18:48:22.780 DEBUG 10036 --- [nio-9060-exec-8] o.s.jdbc.datasource.DataSourceUtils      : Fetching JDBC Connection from DataSource
2026-08-11 18:48:23.626 DEBUG 10036 --- [nio-9060-exec-5] o.s.jdbc.core.JdbcTemplate               : Executing prepared SQL query
2026-08-11 18:48:23.627 DEBUG 10036 --- [nio-9060-exec-5] o.s.jdbc.core.JdbcTemplate               : Executing prepared SQL statement [SELECT cv.Id_CodigoVenta AS idCodigoVenta, cv.Id_Venta AS idVenta, cv.Id_Producto AS idProducto, p.Nombre AS producto, cv.Id_TipoMaterial AS idTipoMaterial, tm.Nombre AS tipoMaterial, cv.Cantidad AS cantidad, cv.Cod_Inicio AS serie, cv.ChipID AS chipId FROM dbo.tbl_CodigoVenta cv LEFT JOIN dbo.tbl_Producto p ON p.Id_Producto = cv.Id_Producto LEFT JOIN dbo.tbl_TipoMaterial tm ON tm.Id_TipoMaterial = cv.Id_TipoMaterial WHERE cv.Id_Venta = ? AND ISNULL(cv.E_Eliminado, 0) = 0 AND cv.Id_TipoMaterial = 1 AND NULLIF(LTRIM(RTRIM(ISNULL(cv.Cod_Inicio, ''))), '') IS NULL AND NULLIF(LTRIM(RTRIM(ISNULL(cv.ChipID, ''))), '') IS NULL ORDER BY p.Nombre, cv.Id_CodigoVenta]
2026-08-11 18:48:23.629 DEBUG 10036 --- [nio-9060-exec-5] o.s.jdbc.core.JdbcTemplate               : Executing prepared SQL query
2026-08-11 18:48:23.629 DEBUG 10036 --- [nio-9060-exec-5] o.s.jdbc.core.JdbcTemplate               : Executing prepared SQL statement [SELECT CAST(ISNULL((SELECT SUM(ISNULL(s.cantidad, 0)) FROM dbo.tbl_SaldoTarjetas s WHERE s.Id_Ruta = ? AND s.Id_Producto = ? AND ISNULL(s.E_Eliminado, 0) = 0), 0) - ISNULL((SELECT SUM(ISNULL(cv.Cantidad, 0)) FROM dbo.tbl_CodigoVenta cv INNER JOIN dbo.tbl_Venta v ON v.Id_Venta = cv.Id_Venta WHERE v.Id_Ruta = ? AND cv.Id_Producto = ? AND cv.Id_TipoMaterial = 1 AND cv.Id_CodigoVenta <> ? AND ISNULL(cv.E_Eliminado, 0) = 0 AND ISNULL(v.E_Eliminado, 0) = 0 AND v.FechaHoraDetalle IS NOT NULL AND CONVERT(DATE, v.FechaHoraDetalle) = ?), 0) AS DECIMAL(18,4)) AS disponible]
2026-08-11 18:48:23.663 DEBUG 10036 --- [nio-9060-exec-5] o.s.jdbc.core.JdbcTemplate               : Executing prepared SQL update
2026-08-11 18:48:23.663 DEBUG 10036 --- [nio-9060-exec-5] o.s.jdbc.core.JdbcTemplate               : Executing prepared SQL statement [UPDATE cv SET cv.Cantidad = ? FROM dbo.tbl_CodigoVenta cv INNER JOIN dbo.tbl_Venta v ON v.Id_Venta = cv.Id_Venta WHERE cv.Id_CodigoVenta = ? AND cv.Id_Venta = ? AND ISNULL(cv.E_Eliminado, 0) = 0 AND ISNULL(v.E_Eliminado, 0) = 0 AND v.FechaHoraDetalle IS NOT NULL AND CONVERT(DATE, v.FechaHoraDetalle) = CONVERT(DATE, GETDATE()) AND cv.Id_TipoMaterial = 1 AND NULLIF(LTRIM(RTRIM(ISNULL(cv.Cod_Inicio, ''))), '') IS NULL AND NULLIF(LTRIM(RTRIM(ISNULL(cv.ChipID, ''))), '') IS NULL AND ? <= (ISNULL((SELECT SUM(ISNULL(s.Cantidad, 0)) FROM dbo.tbl_SaldoTarjetas s WHERE s.Id_Ruta = ? AND s.Id_Producto = ? AND ISNULL(s.E_Eliminado, 0) = 0), 0) - ISNULL((SELECT SUM(ISNULL(cvOtro.Cantidad, 0)) FROM dbo.tbl_CodigoVenta cvOtro INNER JOIN dbo.tbl_Venta vOtro ON vOtro.Id_Venta = cvOtro.Id_Venta WHERE vOtro.Id_Ruta = ? AND cvOtro.Id_Producto = ? AND cvOtro.Id_TipoMaterial = 1 AND cvOtro.Id_CodigoVenta <> ? AND ISNULL(cvOtro.E_Eliminado, 0) = 0 AND ISNULL(vOtro.E_Eliminado, 0) = 0 AND vOtro.FechaHoraDetalle IS NOT NULL AND CONVERT(DATE, vOtro.FechaHoraDetalle) = ?), 0))]
2026-08-11 18:48:23.744 DEBUG 10036 --- [nio-9060-exec-5] o.s.w.s.m.m.a.HttpEntityMethodProcessor  : Using 'application/json', given [application/json, text/plain, */*] and supported [application/json, application/*+json, application/json, application/*+json]
2026-08-11 18:48:23.744 DEBUG 10036 --- [nio-9060-exec-5] o.s.w.s.m.m.a.HttpEntityMethodProcessor  : Writing [com.example.TigoStarSystem.common.ApiResponse@199f1ab9]
2026-08-11 18:48:23.744 DEBUG 10036 --- [nio-9060-exec-5] o.s.web.servlet.DispatcherServlet        : Completed 200 OK
2026-08-11 18:48:23.771 DEBUG 10036 --- [nio-9060-exec-8] o.s.jdbc.core.JdbcTemplate               : Executing prepared SQL query
2026-08-11 18:48:23.771 DEBUG 10036 --- [nio-9060-exec-8] o.s.jdbc.core.JdbcTemplate               : Executing prepared SQL statement [SELECT cv.Id_CodigoVenta AS idCodigoVenta, cv.Id_Venta AS idVenta, cv.Id_Producto AS idProducto, p.Nombre AS producto, cv.Id_TipoMaterial AS idTipoMaterial, tm.Nombre AS tipoMaterial, cv.Cantidad AS cantidad, cv.Cod_Inicio AS serie, cv.ChipID AS chipId FROM dbo.tbl_CodigoVenta cv LEFT JOIN dbo.tbl_Producto p ON p.Id_Producto = cv.Id_Producto LEFT JOIN dbo.tbl_TipoMaterial tm ON tm.Id_TipoMaterial = cv.Id_TipoMaterial WHERE cv.Id_Venta = ? AND ISNULL(cv.E_Eliminado, 0) = 0 AND cv.Id_TipoMaterial = 1 AND NULLIF(LTRIM(RTRIM(ISNULL(cv.Cod_Inicio, ''))), '') IS NULL AND NULLIF(LTRIM(RTRIM(ISNULL(cv.ChipID, ''))), '') IS NULL ORDER BY p.Nombre, cv.Id_CodigoVenta]
2026-08-11 18:48:23.771 DEBUG 10036 --- [nio-9060-exec-8] o.s.jdbc.datasource.DataSourceUtils      : Fetching JDBC Connection from DataSource
2026-08-11 18:48:23.773 DEBUG 10036 --- [nio-9060-exec-8] o.s.jdbc.core.JdbcTemplate               : Executing prepared SQL query
2026-08-11 18:48:23.773 DEBUG 10036 --- [nio-9060-exec-8] o.s.jdbc.core.JdbcTemplate               : Executing prepared SQL statement [EXEC spx_ValidarCuadreRuta ?, ?]
2026-08-11 18:48:23.773 DEBUG 10036 --- [nio-9060-exec-8] o.s.jdbc.datasource.DataSourceUtils      : Fetching JDBC Connection from DataSource
2026-08-11 18:48:23.777 DEBUG 10036 --- [nio-9060-exec-8] o.s.jdbc.core.JdbcTemplate               : Executing prepared SQL query
2026-08-11 18:48:23.777 DEBUG 10036 --- [nio-9060-exec-8] o.s.jdbc.core.JdbcTemplate               : Executing prepared SQL statement [SELECT COUNT(1) FROM dbo.tbl_CierreAlmacen WHERE CONVERT(date, Fecha) = ? AND ISNULL(E_Eliminado, 0) = 0]
2026-08-11 18:48:23.777 DEBUG 10036 --- [nio-9060-exec-8] o.s.jdbc.datasource.DataSourceUtils      : Fetching JDBC Connection from DataSource
2026-08-11 18:48:23.778 DEBUG 10036 --- [nio-9060-exec-8] o.s.jdbc.core.JdbcTemplate               : Executing prepared SQL query
2026-08-11 18:48:23.778 DEBUG 10036 --- [nio-9060-exec-8] o.s.jdbc.core.JdbcTemplate               : Executing prepared SQL statement [EXEC spx_ExisteCierreAlmacenHoy ?]
2026-08-11 18:48:23.778 DEBUG 10036 --- [nio-9060-exec-8] o.s.jdbc.datasource.DataSourceUtils      : Fetching JDBC Connection from DataSource
2026-08-11 18:48:24.584 DEBUG 10036 --- [nio-9060-exec-8] o.s.jdbc.core.JdbcTemplate               : Executing prepared SQL query
2026-08-11 18:48:24.585 DEBUG 10036 --- [nio-9060-exec-8] o.s.jdbc.core.JdbcTemplate               : Executing prepared SQL statement [SELECT COUNT(1) FROM dbo.tbl_CierreAlmacenPR_PD WHERE CONVERT(date, Fecha) = ? AND ISNULL(E_Eliminado, 0) = 0]
2026-08-11 18:48:24.585 DEBUG 10036 --- [nio-9060-exec-8] o.s.jdbc.datasource.DataSourceUtils      : Fetching JDBC Connection from DataSource
2026-08-11 18:48:24.588 DEBUG 10036 --- [nio-9060-exec-8] o.s.jdbc.core.JdbcTemplate               : Executing prepared SQL query
2026-08-11 18:48:24.588 DEBUG 10036 --- [nio-9060-exec-8] o.s.jdbc.core.JdbcTemplate               : Executing prepared SQL statement [EXEC spx_ExisteCierreAlmacenHoyPR_PD ?]
2026-08-11 18:48:24.588 DEBUG 10036 --- [nio-9060-exec-8] o.s.jdbc.datasource.DataSourceUtils      : Fetching JDBC Connection from DataSource
2026-08-11 18:48:25.235 DEBUG 10036 --- [nio-9060-exec-1] o.s.web.servlet.DispatcherServlet        : GET "/ot/309166/modificar-hoy?_ts=1786488504919&idSucursal=9", parameters={masked}
2026-08-11 18:48:25.236 DEBUG 10036 --- [nio-9060-exec-1] s.w.s.m.m.a.RequestMappingHandlerMapping : Mapped to com.example.TigoStarSystem.ot.controller.OtController#obtenerOtModificableHoy(String, Long)
2026-08-11 18:48:25.239 DEBUG 10036 --- [nio-9060-exec-1] o.s.jdbc.core.JdbcTemplate               : Executing prepared SQL query
2026-08-11 18:48:25.239 DEBUG 10036 --- [nio-9060-exec-1] o.s.jdbc.core.JdbcTemplate               : Executing prepared SQL statement [SELECT DISTINCT CAST(ut.id_vendedor AS INT) AS id_vendedor FROM dbo.tbl_usuariotecnico ut WHERE ut.id_usuario = ? AND ISNULL(ut.e_eliminado, 0) = 0]
2026-08-11 18:48:25.239 DEBUG 10036 --- [nio-9060-exec-1] o.s.jdbc.datasource.DataSourceUtils      : Fetching JDBC Connection from DataSource
2026-08-11 18:48:25.242 DEBUG 10036 --- [nio-9060-exec-1] o.s.jdbc.core.JdbcTemplate               : Executing prepared SQL query
2026-08-11 18:48:25.242 DEBUG 10036 --- [nio-9060-exec-1] o.s.jdbc.core.JdbcTemplate               : Executing prepared SQL statement [SELECT v.Id_Venta AS idVenta, v.OrdenTrabajo AS ordenTrabajo, v.CodigoCliente AS codigoCliente, v.Id_Ruta AS idRuta, v.Id_Vendedor AS idVendedor, v.Fecha_Ejecucion AS fechaEjecucion, v.FechaHoraDetalle AS fechaHoraDetalle, v.Id_Estado AS idEstado, ISNULL(r.Nombre, '') AS grupo, ISNULL(e.Nombre, '') AS estado FROM dbo.tbl_Venta v LEFT JOIN dbo.tbl_Ruta r ON r.Id_Ruta = v.Id_Ruta LEFT JOIN dbo.tbl_Estado e ON e.Id_Estado = v.Id_Estado WHERE ISNULL(v.E_Eliminado, 0) = 0 AND v.FechaHoraDetalle IS NOT NULL AND CONVERT(DATE, v.FechaHoraDetalle) = ? AND v.Id_Vendedor IN (?, ?) ORDER BY v.FechaHoraDetalle DESC, v.Id_Venta DESC]
2026-08-11 18:48:25.242 DEBUG 10036 --- [nio-9060-exec-1] o.s.jdbc.datasource.DataSourceUtils      : Fetching JDBC Connection from DataSource
2026-08-11 18:48:25.264 DEBUG 10036 --- [nio-9060-exec-1] o.s.jdbc.core.JdbcTemplate               : Executing prepared SQL query
2026-08-11 18:48:25.264 DEBUG 10036 --- [nio-9060-exec-1] o.s.jdbc.core.JdbcTemplate               : Executing prepared SQL statement [SELECT cv.Id_CodigoVenta AS idCodigoVenta, cv.Id_Venta AS idVenta, cv.Id_Producto AS idProducto, p.Nombre AS producto, cv.Id_TipoMaterial AS idTipoMaterial, tm.Nombre AS tipoMaterial, cv.Cantidad AS cantidad, cv.Cod_Inicio AS serie, cv.ChipID AS chipId FROM dbo.tbl_CodigoVenta cv LEFT JOIN dbo.tbl_Producto p ON p.Id_Producto = cv.Id_Producto LEFT JOIN dbo.tbl_TipoMaterial tm ON tm.Id_TipoMaterial = cv.Id_TipoMaterial WHERE cv.Id_Venta = ? AND ISNULL(cv.E_Eliminado, 0) = 0 AND cv.Id_TipoMaterial = 1 AND NULLIF(LTRIM(RTRIM(ISNULL(cv.Cod_Inicio, ''))), '') IS NULL AND NULLIF(LTRIM(RTRIM(ISNULL(cv.ChipID, ''))), '') IS NULL ORDER BY p.Nombre, cv.Id_CodigoVenta]
2026-08-11 18:48:25.264 DEBUG 10036 --- [nio-9060-exec-1] o.s.jdbc.datasource.DataSourceUtils      : Fetching JDBC Connection from DataSource
2026-08-11 18:48:25.266 DEBUG 10036 --- [nio-9060-exec-1] o.s.jdbc.core.JdbcTemplate               : Executing prepared SQL query
2026-08-11 18:48:25.266 DEBUG 10036 --- [nio-9060-exec-1] o.s.jdbc.core.JdbcTemplate               : Executing prepared SQL statement [EXEC spx_ValidarCuadreRuta ?, ?]
2026-08-11 18:48:25.266 DEBUG 10036 --- [nio-9060-exec-1] o.s.jdbc.datasource.DataSourceUtils      : Fetching JDBC Connection from DataSource
2026-08-11 18:48:25.271 DEBUG 10036 --- [nio-9060-exec-1] o.s.jdbc.core.JdbcTemplate               : Executing prepared SQL query
2026-08-11 18:48:25.271 DEBUG 10036 --- [nio-9060-exec-1] o.s.jdbc.core.JdbcTemplate               : Executing prepared SQL statement [SELECT COUNT(1) FROM dbo.tbl_CierreAlmacen WHERE CONVERT(date, Fecha) = ? AND ISNULL(E_Eliminado, 0) = 0]
2026-08-11 18:48:25.271 DEBUG 10036 --- [nio-9060-exec-1] o.s.jdbc.datasource.DataSourceUtils      : Fetching JDBC Connection from DataSource
2026-08-11 18:48:25.273 DEBUG 10036 --- [nio-9060-exec-1] o.s.jdbc.core.JdbcTemplate               : Executing prepared SQL query
2026-08-11 18:48:25.273 DEBUG 10036 --- [nio-9060-exec-1] o.s.jdbc.core.JdbcTemplate               : Executing prepared SQL statement [EXEC spx_ExisteCierreAlmacenHoy ?]
2026-08-11 18:48:25.273 DEBUG 10036 --- [nio-9060-exec-1] o.s.jdbc.datasource.DataSourceUtils      : Fetching JDBC Connection from DataSource
2026-08-11 18:48:25.433 DEBUG 10036 --- [nio-9060-exec-8] o.s.jdbc.core.JdbcTemplate               : Executing prepared SQL query
2026-08-11 18:48:25.433 DEBUG 10036 --- [nio-9060-exec-8] o.s.jdbc.core.JdbcTemplate               : Executing prepared SQL statement [EXEC spx_ValidarCuadreRuta ?, ?]
2026-08-11 18:48:25.433 DEBUG 10036 --- [nio-9060-exec-8] o.s.jdbc.datasource.DataSourceUtils      : Fetching JDBC Connection from DataSource
2026-08-11 18:48:25.439 DEBUG 10036 --- [nio-9060-exec-8] o.s.jdbc.core.JdbcTemplate               : Executing prepared SQL query
2026-08-11 18:48:25.439 DEBUG 10036 --- [nio-9060-exec-8] o.s.jdbc.core.JdbcTemplate               : Executing prepared SQL statement [SELECT COUNT(1) FROM dbo.tbl_CierreAlmacen WHERE CONVERT(date, Fecha) = ? AND ISNULL(E_Eliminado, 0) = 0]
2026-08-11 18:48:25.439 DEBUG 10036 --- [nio-9060-exec-8] o.s.jdbc.datasource.DataSourceUtils      : Fetching JDBC Connection from DataSource
2026-08-11 18:48:25.441 DEBUG 10036 --- [nio-9060-exec-8] o.s.jdbc.core.JdbcTemplate               : Executing prepared SQL query
2026-08-11 18:48:25.441 DEBUG 10036 --- [nio-9060-exec-8] o.s.jdbc.core.JdbcTemplate               : Executing prepared SQL statement [EXEC spx_ExisteCierreAlmacenHoy ?]
2026-08-11 18:48:25.441 DEBUG 10036 --- [nio-9060-exec-8] o.s.jdbc.datasource.DataSourceUtils      : Fetching JDBC Connection from DataSource
2026-08-11 18:48:26.258 DEBUG 10036 --- [nio-9060-exec-1] o.s.jdbc.core.JdbcTemplate               : Executing prepared SQL query
2026-08-11 18:48:26.258 DEBUG 10036 --- [nio-9060-exec-1] o.s.jdbc.core.JdbcTemplate               : Executing prepared SQL statement [SELECT COUNT(1) FROM dbo.tbl_CierreAlmacenPR_PD WHERE CONVERT(date, Fecha) = ? AND ISNULL(E_Eliminado, 0) = 0]
2026-08-11 18:48:26.258 DEBUG 10036 --- [nio-9060-exec-1] o.s.jdbc.datasource.DataSourceUtils      : Fetching JDBC Connection from DataSource
2026-08-11 18:48:26.262 DEBUG 10036 --- [nio-9060-exec-1] o.s.jdbc.core.JdbcTemplate               : Executing prepared SQL query
2026-08-11 18:48:26.262 DEBUG 10036 --- [nio-9060-exec-1] o.s.jdbc.core.JdbcTemplate               : Executing prepared SQL statement [EXEC spx_ExisteCierreAlmacenHoyPR_PD ?]
2026-08-11 18:48:26.262 DEBUG 10036 --- [nio-9060-exec-1] o.s.jdbc.datasource.DataSourceUtils      : Fetching JDBC Connection from DataSource
2026-08-11 18:48:26.411 DEBUG 10036 --- [nio-9060-exec-8] o.s.jdbc.core.JdbcTemplate               : Executing prepared SQL query
2026-08-11 18:48:26.411 DEBUG 10036 --- [nio-9060-exec-8] o.s.jdbc.core.JdbcTemplate               : Executing prepared SQL statement [SELECT COUNT(1) FROM dbo.tbl_CierreAlmacenPR_PD WHERE CONVERT(date, Fecha) = ? AND ISNULL(E_Eliminado, 0) = 0]
2026-08-11 18:48:26.411 DEBUG 10036 --- [nio-9060-exec-8] o.s.jdbc.datasource.DataSourceUtils      : Fetching JDBC Connection from DataSource
2026-08-11 18:48:26.415 DEBUG 10036 --- [nio-9060-exec-8] o.s.jdbc.core.JdbcTemplate               : Executing prepared SQL query
2026-08-11 18:48:26.415 DEBUG 10036 --- [nio-9060-exec-8] o.s.jdbc.core.JdbcTemplate               : Executing prepared SQL statement [EXEC spx_ExisteCierreAlmacenHoyPR_PD ?]
2026-08-11 18:48:26.415 DEBUG 10036 --- [nio-9060-exec-8] o.s.jdbc.datasource.DataSourceUtils      : Fetching JDBC Connection from DataSource
2026-08-11 18:48:26.593 DEBUG 10036 --- [ool housekeeper] com.zaxxer.hikari.pool.HikariPool        : CentralHikariPool - Before cleanup stats (total=1, active=0, idle=1, waiting=0)
2026-08-11 18:48:26.593 DEBUG 10036 --- [ool housekeeper] com.zaxxer.hikari.pool.HikariPool        : CentralHikariPool - After cleanup  stats (total=1, active=0, idle=1, waiting=0)
2026-08-11 18:48:26.593 DEBUG 10036 --- [ool housekeeper] com.zaxxer.hikari.pool.HikariPool        : CentralHikariPool - Fill pool skipped, pool is at sufficient level.
2026-08-11 18:48:26.608 DEBUG 10036 --- [l-1 housekeeper] com.zaxxer.hikari.pool.HikariPool        : HikariPool-1 - Before cleanup stats (total=3, active=2, idle=1, waiting=0)
2026-08-11 18:48:26.608 DEBUG 10036 --- [l-1 housekeeper] com.zaxxer.hikari.pool.HikariPool        : HikariPool-1 - After cleanup  stats (total=3, active=2, idle=1, waiting=0)
2026-08-11 18:48:26.608 DEBUG 10036 --- [l-1 housekeeper] com.zaxxer.hikari.pool.HikariPool        : HikariPool-1 - Fill pool skipped, pool is at sufficient level.
2026-08-11 18:48:26.947 DEBUG 10036 --- [ool housekeeper] com.zaxxer.hikari.pool.HikariPool        : TigoHogarHikariPool - Before cleanup stats (total=2, active=0, idle=2, waiting=0)
2026-08-11 18:48:26.947 DEBUG 10036 --- [ool housekeeper] com.zaxxer.hikari.pool.HikariPool        : TigoHogarHikariPool - After cleanup  stats (total=2, active=0, idle=2, waiting=0)
2026-08-11 18:48:26.947 DEBUG 10036 --- [ool housekeeper] com.zaxxer.hikari.pool.HikariPool        : TigoHogarHikariPool - Fill pool skipped, pool is at sufficient level.
2026-08-11 18:48:27.219 DEBUG 10036 --- [nio-9060-exec-1] o.s.jdbc.core.JdbcTemplate               : Executing prepared SQL query
2026-08-11 18:48:27.219 DEBUG 10036 --- [nio-9060-exec-1] o.s.jdbc.core.JdbcTemplate               : Executing prepared SQL statement [EXEC spx_ValidarCuadreRuta ?, ?]
2026-08-11 18:48:27.219 DEBUG 10036 --- [nio-9060-exec-1] o.s.jdbc.datasource.DataSourceUtils      : Fetching JDBC Connection from DataSource
2026-08-11 18:48:27.225 DEBUG 10036 --- [nio-9060-exec-1] o.s.jdbc.core.JdbcTemplate               : Executing prepared SQL query
2026-08-11 18:48:27.225 DEBUG 10036 --- [nio-9060-exec-1] o.s.jdbc.core.JdbcTemplate               : Executing prepared SQL statement [SELECT COUNT(1) FROM dbo.tbl_CierreAlmacen WHERE CONVERT(date, Fecha) = ? AND ISNULL(E_Eliminado, 0) = 0]
2026-08-11 18:48:27.225 DEBUG 10036 --- [nio-9060-exec-1] o.s.jdbc.datasource.DataSourceUtils      : Fetching JDBC Connection from DataSource
2026-08-11 18:48:27.227 DEBUG 10036 --- [nio-9060-exec-1] o.s.jdbc.core.JdbcTemplate               : Executing prepared SQL query
2026-08-11 18:48:27.228 DEBUG 10036 --- [nio-9060-exec-1] o.s.jdbc.core.JdbcTemplate               : Executing prepared SQL statement [EXEC spx_ExisteCierreAlmacenHoy ?]
2026-08-11 18:48:27.228 DEBUG 10036 --- [nio-9060-exec-1] o.s.jdbc.datasource.DataSourceUtils      : Fetching JDBC Connection from DataSource
2026-08-11 18:48:27.355 DEBUG 10036 --- [nio-9060-exec-8] o.s.jdbc.core.JdbcTemplate               : Executing prepared SQL query
2026-08-11 18:48:27.355 DEBUG 10036 --- [nio-9060-exec-8] o.s.jdbc.core.JdbcTemplate               : Executing prepared SQL statement [SELECT cv.Id_CodigoVenta AS idCodigoVenta, cv.Id_Venta AS idVenta, cv.Id_Producto AS idProducto, p.Nombre AS producto, cv.Id_TipoMaterial AS idTipoMaterial, tm.Nombre AS tipoMaterial, cv.Cantidad AS cantidad, cv.Cod_Inicio AS serie, cv.ChipID AS chipId FROM dbo.tbl_CodigoVenta cv LEFT JOIN dbo.tbl_Producto p ON p.Id_Producto = cv.Id_Producto LEFT JOIN dbo.tbl_TipoMaterial tm ON tm.Id_TipoMaterial = cv.Id_TipoMaterial WHERE cv.Id_Venta = ? AND ISNULL(cv.E_Eliminado, 0) = 0 AND cv.Id_TipoMaterial = 1 AND NULLIF(LTRIM(RTRIM(ISNULL(cv.Cod_Inicio, ''))), '') IS NULL AND NULLIF(LTRIM(RTRIM(ISNULL(cv.ChipID, ''))), '') IS NULL ORDER BY p.Nombre, cv.Id_CodigoVenta]
2026-08-11 18:48:27.355 DEBUG 10036 --- [nio-9060-exec-8] o.s.jdbc.datasource.DataSourceUtils      : Fetching JDBC Connection from DataSource
2026-08-11 18:48:27.358 DEBUG 10036 --- [nio-9060-exec-8] o.s.jdbc.core.JdbcTemplate               : Executing prepared SQL query
2026-08-11 18:48:27.358 DEBUG 10036 --- [nio-9060-exec-8] o.s.jdbc.core.JdbcTemplate               : Executing prepared SQL statement [EXEC spx_ValidarCuadreRuta ?, ?]
2026-08-11 18:48:27.358 DEBUG 10036 --- [nio-9060-exec-8] o.s.jdbc.datasource.DataSourceUtils      : Fetching JDBC Connection from DataSource
2026-08-11 18:48:27.362 DEBUG 10036 --- [nio-9060-exec-8] o.s.jdbc.core.JdbcTemplate               : Executing prepared SQL query
2026-08-11 18:48:27.362 DEBUG 10036 --- [nio-9060-exec-8] o.s.jdbc.core.JdbcTemplate               : Executing prepared SQL statement [SELECT COUNT(1) FROM dbo.tbl_CierreAlmacen WHERE CONVERT(date, Fecha) = ? AND ISNULL(E_Eliminado, 0) = 0]
2026-08-11 18:48:27.362 DEBUG 10036 --- [nio-9060-exec-8] o.s.jdbc.datasource.DataSourceUtils      : Fetching JDBC Connection from DataSource
2026-08-11 18:48:27.364 DEBUG 10036 --- [nio-9060-exec-8] o.s.jdbc.core.JdbcTemplate               : Executing prepared SQL query
2026-08-11 18:48:27.364 DEBUG 10036 --- [nio-9060-exec-8] o.s.jdbc.core.JdbcTemplate               : Executing prepared SQL statement [EXEC spx_ExisteCierreAlmacenHoy ?]
2026-08-11 18:48:27.364 DEBUG 10036 --- [nio-9060-exec-8] o.s.jdbc.datasource.DataSourceUtils      : Fetching JDBC Connection from DataSource
2026-08-11 18:48:28.173 DEBUG 10036 --- [nio-9060-exec-1] o.s.jdbc.core.JdbcTemplate               : Executing prepared SQL query
2026-08-11 18:48:28.173 DEBUG 10036 --- [nio-9060-exec-1] o.s.jdbc.core.JdbcTemplate               : Executing prepared SQL statement [SELECT COUNT(1) FROM dbo.tbl_CierreAlmacenPR_PD WHERE CONVERT(date, Fecha) = ? AND ISNULL(E_Eliminado, 0) = 0]
2026-08-11 18:48:28.173 DEBUG 10036 --- [nio-9060-exec-1] o.s.jdbc.datasource.DataSourceUtils      : Fetching JDBC Connection from DataSource
2026-08-11 18:48:28.175 DEBUG 10036 --- [nio-9060-exec-1] o.s.jdbc.core.JdbcTemplate               : Executing prepared SQL query
2026-08-11 18:48:28.175 DEBUG 10036 --- [nio-9060-exec-1] o.s.jdbc.core.JdbcTemplate               : Executing prepared SQL statement [EXEC spx_ExisteCierreAlmacenHoyPR_PD ?]
2026-08-11 18:48:28.175 DEBUG 10036 --- [nio-9060-exec-1] o.s.jdbc.datasource.DataSourceUtils      : Fetching JDBC Connection from DataSource
2026-08-11 18:48:28.303 DEBUG 10036 --- [nio-9060-exec-8] o.s.jdbc.core.JdbcTemplate               : Executing prepared SQL query
2026-08-11 18:48:28.303 DEBUG 10036 --- [nio-9060-exec-8] o.s.jdbc.core.JdbcTemplate               : Executing prepared SQL statement [SELECT COUNT(1) FROM dbo.tbl_CierreAlmacenPR_PD WHERE CONVERT(date, Fecha) = ? AND ISNULL(E_Eliminado, 0) = 0]
2026-08-11 18:48:28.303 DEBUG 10036 --- [nio-9060-exec-8] o.s.jdbc.datasource.DataSourceUtils      : Fetching JDBC Connection from DataSource
2026-08-11 18:48:28.305 DEBUG 10036 --- [nio-9060-exec-8] o.s.jdbc.core.JdbcTemplate               : Executing prepared SQL query
2026-08-11 18:48:28.306 DEBUG 10036 --- [nio-9060-exec-8] o.s.jdbc.core.JdbcTemplate               : Executing prepared SQL statement [EXEC spx_ExisteCierreAlmacenHoyPR_PD ?]
2026-08-11 18:48:28.306 DEBUG 10036 --- [nio-9060-exec-8] o.s.jdbc.datasource.DataSourceUtils      : Fetching JDBC Connection from DataSource
2026-08-11 18:48:29.217 DEBUG 10036 --- [nio-9060-exec-1] o.s.w.s.m.m.a.HttpEntityMethodProcessor  : Using 'application/json', given [application/json, text/plain, */*] and supported [application/json, application/*+json, application/json, application/*+json]
2026-08-11 18:48:29.217 DEBUG 10036 --- [nio-9060-exec-1] o.s.w.s.m.m.a.HttpEntityMethodProcessor  : Writing [com.example.TigoStarSystem.common.ApiResponse@756d98fe]
2026-08-11 18:48:29.218 DEBUG 10036 --- [nio-9060-exec-1] o.s.web.servlet.DispatcherServlet        : Completed 200 OK
2026-08-11 18:48:29.316 DEBUG 10036 --- [nio-9060-exec-8] o.s.jdbc.core.JdbcTemplate               : Executing prepared SQL query
2026-08-11 18:48:29.316 DEBUG 10036 --- [nio-9060-exec-8] o.s.jdbc.core.JdbcTemplate               : Executing prepared SQL statement [EXEC spx_ValidarCuadreRuta ?, ?]
2026-08-11 18:48:29.316 DEBUG 10036 --- [nio-9060-exec-8] o.s.jdbc.datasource.DataSourceUtils      : Fetching JDBC Connection from DataSource
2026-08-11 18:48:29.321 DEBUG 10036 --- [nio-9060-exec-8] o.s.jdbc.core.JdbcTemplate               : Executing prepared SQL query
2026-08-11 18:48:29.321 DEBUG 10036 --- [nio-9060-exec-8] o.s.jdbc.core.JdbcTemplate               : Executing prepared SQL statement [SELECT COUNT(1) FROM dbo.tbl_CierreAlmacen WHERE CONVERT(date, Fecha) = ? AND ISNULL(E_Eliminado, 0) = 0]
2026-08-11 18:48:29.321 DEBUG 10036 --- [nio-9060-exec-8] o.s.jdbc.datasource.DataSourceUtils      : Fetching JDBC Connection from DataSource
2026-08-11 18:48:29.322 DEBUG 10036 --- [nio-9060-exec-8] o.s.jdbc.core.JdbcTemplate               : Executing prepared SQL query
2026-08-11 18:48:29.322 DEBUG 10036 --- [nio-9060-exec-8] o.s.jdbc.core.JdbcTemplate               : Executing prepared SQL statement [EXEC spx_ExisteCierreAlmacenHoy ?]
2026-08-11 18:48:29.322 DEBUG 10036 --- [nio-9060-exec-8] o.s.jdbc.datasource.DataSourceUtils      : Fetching JDBC Connection from DataSource
2026-08-11 18:48:30.130 DEBUG 10036 --- [nio-9060-exec-8] o.s.jdbc.core.JdbcTemplate               : Executing prepared SQL query
2026-08-11 18:48:30.130 DEBUG 10036 --- [nio-9060-exec-8] o.s.jdbc.core.JdbcTemplate               : Executing prepared SQL statement [SELECT COUNT(1) FROM dbo.tbl_CierreAlmacenPR_PD WHERE CONVERT(date, Fecha) = ? AND ISNULL(E_Eliminado, 0) = 0]
2026-08-11 18:48:30.130 DEBUG 10036 --- [nio-9060-exec-8] o.s.jdbc.datasource.DataSourceUtils      : Fetching JDBC Connection from DataSource
2026-08-11 18:48:30.133 DEBUG 10036 --- [nio-9060-exec-8] o.s.jdbc.core.JdbcTemplate               : Executing prepared SQL query
2026-08-11 18:48:30.133 DEBUG 10036 --- [nio-9060-exec-8] o.s.jdbc.core.JdbcTemplate               : Executing prepared SQL statement [EXEC spx_ExisteCierreAlmacenHoyPR_PD ?]
2026-08-11 18:48:30.133 DEBUG 10036 --- [nio-9060-exec-8] o.s.jdbc.datasource.DataSourceUtils      : Fetching JDBC Connection from DataSource
2026-08-11 18:48:31.596 DEBUG 10036 --- [nio-9060-exec-8] o.s.jdbc.core.JdbcTemplate               : Executing prepared SQL query
2026-08-11 18:48:31.596 DEBUG 10036 --- [nio-9060-exec-8] o.s.jdbc.core.JdbcTemplate               : Executing prepared SQL statement [SELECT cv.Id_CodigoVenta AS idCodigoVenta, cv.Id_Venta AS idVenta, cv.Id_Producto AS idProducto, p.Nombre AS producto, cv.Id_TipoMaterial AS idTipoMaterial, tm.Nombre AS tipoMaterial, cv.Cantidad AS cantidad, cv.Cod_Inicio AS serie, cv.ChipID AS chipId FROM dbo.tbl_CodigoVenta cv LEFT JOIN dbo.tbl_Producto p ON p.Id_Producto = cv.Id_Producto LEFT JOIN dbo.tbl_TipoMaterial tm ON tm.Id_TipoMaterial = cv.Id_TipoMaterial WHERE cv.Id_Venta = ? AND ISNULL(cv.E_Eliminado, 0) = 0 AND cv.Id_TipoMaterial = 1 AND NULLIF(LTRIM(RTRIM(ISNULL(cv.Cod_Inicio, ''))), '') IS NULL AND NULLIF(LTRIM(RTRIM(ISNULL(cv.ChipID, ''))), '') IS NULL ORDER BY p.Nombre, cv.Id_CodigoVenta]
2026-08-11 18:48:31.596 DEBUG 10036 --- [nio-9060-exec-8] o.s.jdbc.datasource.DataSourceUtils      : Fetching JDBC Connection from DataSource
2026-08-11 18:48:31.607 DEBUG 10036 --- [nio-9060-exec-8] o.s.jdbc.core.JdbcTemplate               : Executing prepared SQL query
2026-08-11 18:48:31.607 DEBUG 10036 --- [nio-9060-exec-8] o.s.jdbc.core.JdbcTemplate               : Executing prepared SQL statement [EXEC spx_ValidarCuadreRuta ?, ?]
2026-08-11 18:48:31.607 DEBUG 10036 --- [nio-9060-exec-8] o.s.jdbc.datasource.DataSourceUtils      : Fetching JDBC Connection from DataSource
2026-08-11 18:48:31.621 DEBUG 10036 --- [nio-9060-exec-8] o.s.jdbc.core.JdbcTemplate               : Executing prepared SQL query
2026-08-11 18:48:31.621 DEBUG 10036 --- [nio-9060-exec-8] o.s.jdbc.core.JdbcTemplate               : Executing prepared SQL statement [SELECT COUNT(1) FROM dbo.tbl_CierreAlmacen WHERE CONVERT(date, Fecha) = ? AND ISNULL(E_Eliminado, 0) = 0]
2026-08-11 18:48:31.621 DEBUG 10036 --- [nio-9060-exec-8] o.s.jdbc.datasource.DataSourceUtils      : Fetching JDBC Connection from DataSource
2026-08-11 18:48:31.642 DEBUG 10036 --- [nio-9060-exec-8] o.s.jdbc.core.JdbcTemplate               : Executing prepared SQL query
2026-08-11 18:48:31.642 DEBUG 10036 --- [nio-9060-exec-8] o.s.jdbc.core.JdbcTemplate               : Executing prepared SQL statement [EXEC spx_ExisteCierreAlmacenHoy ?]
2026-08-11 18:48:31.642 DEBUG 10036 --- [nio-9060-exec-8] o.s.jdbc.datasource.DataSourceUtils      : Fetching JDBC Connection from DataSource
2026-08-11 18:48:33.995 DEBUG 10036 --- [nio-9060-exec-8] o.s.jdbc.core.JdbcTemplate               : Executing prepared SQL query
2026-08-11 18:48:33.995 DEBUG 10036 --- [nio-9060-exec-8] o.s.jdbc.core.JdbcTemplate               : Executing prepared SQL statement [SELECT COUNT(1) FROM dbo.tbl_CierreAlmacenPR_PD WHERE CONVERT(date, Fecha) = ? AND ISNULL(E_Eliminado, 0) = 0]
2026-08-11 18:48:33.995 DEBUG 10036 --- [nio-9060-exec-8] o.s.jdbc.datasource.DataSourceUtils      : Fetching JDBC Connection from DataSource
2026-08-11 18:48:34.041 DEBUG 10036 --- [nio-9060-exec-8] o.s.jdbc.core.JdbcTemplate               : Executing prepared SQL query
2026-08-11 18:48:34.041 DEBUG 10036 --- [nio-9060-exec-8] o.s.jdbc.core.JdbcTemplate               : Executing prepared SQL statement [EXEC spx_ExisteCierreAlmacenHoyPR_PD ?]
2026-08-11 18:48:34.041 DEBUG 10036 --- [nio-9060-exec-8] o.s.jdbc.datasource.DataSourceUtils      : Fetching JDBC Connection from DataSource
2026-08-11 18:48:36.360 DEBUG 10036 --- [nio-9060-exec-8] o.s.jdbc.core.JdbcTemplate               : Executing prepared SQL query
2026-08-11 18:48:36.360 DEBUG 10036 --- [nio-9060-exec-8] o.s.jdbc.core.JdbcTemplate               : Executing prepared SQL statement [EXEC spx_ValidarCuadreRuta ?, ?]
2026-08-11 18:48:36.360 DEBUG 10036 --- [nio-9060-exec-8] o.s.jdbc.datasource.DataSourceUtils      : Fetching JDBC Connection from DataSource
2026-08-11 18:48:36.378 DEBUG 10036 --- [nio-9060-exec-8] o.s.jdbc.core.JdbcTemplate               : Executing prepared SQL query
2026-08-11 18:48:36.378 DEBUG 10036 --- [nio-9060-exec-8] o.s.jdbc.core.JdbcTemplate               : Executing prepared SQL statement [SELECT COUNT(1) FROM dbo.tbl_CierreAlmacen WHERE CONVERT(date, Fecha) = ? AND ISNULL(E_Eliminado, 0) = 0]
2026-08-11 18:48:36.378 DEBUG 10036 --- [nio-9060-exec-8] o.s.jdbc.datasource.DataSourceUtils      : Fetching JDBC Connection from DataSource
2026-08-11 18:48:36.383 DEBUG 10036 --- [nio-9060-exec-8] o.s.jdbc.core.JdbcTemplate               : Executing prepared SQL query
2026-08-11 18:48:36.383 DEBUG 10036 --- [nio-9060-exec-8] o.s.jdbc.core.JdbcTemplate               : Executing prepared SQL statement [EXEC spx_ExisteCierreAlmacenHoy ?]
2026-08-11 18:48:36.383 DEBUG 10036 --- [nio-9060-exec-8] o.s.jdbc.datasource.DataSourceUtils      : Fetching JDBC Connection from DataSource
2026-08-11 18:48:37.873 DEBUG 10036 --- [nio-9060-exec-8] o.s.jdbc.core.JdbcTemplate               : Executing prepared SQL query
2026-08-11 18:48:37.873 DEBUG 10036 --- [nio-9060-exec-8] o.s.jdbc.core.JdbcTemplate               : Executing prepared SQL statement [SELECT COUNT(1) FROM dbo.tbl_CierreAlmacenPR_PD WHERE CONVERT(date, Fecha) = ? AND ISNULL(E_Eliminado, 0) = 0]
2026-08-11 18:48:37.873 DEBUG 10036 --- [nio-9060-exec-8] o.s.jdbc.datasource.DataSourceUtils      : Fetching JDBC Connection from DataSource
2026-08-11 18:48:37.875 DEBUG 10036 --- [nio-9060-exec-8] o.s.jdbc.core.JdbcTemplate               : Executing prepared SQL query
2026-08-11 18:48:37.875 DEBUG 10036 --- [nio-9060-exec-8] o.s.jdbc.core.JdbcTemplate               : Executing prepared SQL statement [EXEC spx_ExisteCierreAlmacenHoyPR_PD ?]
2026-08-11 18:48:37.875 DEBUG 10036 --- [nio-9060-exec-8] o.s.jdbc.datasource.DataSourceUtils      : Fetching JDBC Connection from DataSource
2026-08-11 18:48:38.688 DEBUG 10036 --- [nio-9060-exec-8] o.s.w.s.m.m.a.HttpEntityMethodProcessor  : Using 'application/json', given [application/json, text/plain, */*] and supported [application/json, application/*+json, application/json, application/*+json]
2026-08-11 18:48:38.688 DEBUG 10036 --- [nio-9060-exec-8] o.s.w.s.m.m.a.HttpEntityMethodProcessor  : Writing [com.example.TigoStarSystem.common.ApiResponse@5b581423]
2026-08-11 18:48:38.690 DEBUG 10036 --- [nio-9060-exec-8] .m.m.a.ExceptionHandlerExceptionResolver : Using @ExceptionHandler com.example.TigoStarSystem.common.GlobalExceptionHandler#handleGeneric(Exception, HttpServletRequest)
2026-08-11 18:48:38.691 ERROR 10036 --- [nio-9060-exec-8] c.e.T.common.GlobalExceptionHandler      : Unhandled error on GET /ot/modificar-hoy

org.apache.catalina.connector.ClientAbortException: java.io.IOException: Se ha anulado una conexión establecida por el software en su equipo host.
	at org.apache.catalina.connector.OutputBuffer.doFlush(OutputBuffer.java:309) ~[tomcat-embed-core-9.0.83.jar:9.0.83]
	at org.apache.catalina.connector.OutputBuffer.flush(OutputBuffer.java:271) ~[tomcat-embed-core-9.0.83.jar:9.0.83]
	at org.apache.catalina.connector.CoyoteOutputStream.flush(CoyoteOutputStream.java:120) ~[tomcat-embed-core-9.0.83.jar:9.0.83]
	at java.io.FilterOutputStream.flush(FilterOutputStream.java:140) ~[na:1.8.0_471]
	at com.fasterxml.jackson.core.json.UTF8JsonGenerator.flush(UTF8JsonGenerator.java:1187) ~[jackson-core-2.13.5.jar:2.13.5]
	at com.fasterxml.jackson.databind.ObjectWriter.writeValue(ObjectWriter.java:1009) ~[jackson-databind-2.13.5.jar:2.13.5]
	at org.springframework.http.converter.json.AbstractJackson2HttpMessageConverter.writeInternal(AbstractJackson2HttpMessageConverter.java:456) ~[spring-web-5.3.31.jar:5.3.31]
	at org.springframework.http.converter.AbstractGenericHttpMessageConverter.write(AbstractGenericHttpMessageConverter.java:104) ~[spring-web-5.3.31.jar:5.3.31]
	at org.springframework.web.servlet.mvc.method.annotation.AbstractMessageConverterMethodProcessor.writeWithMessageConverters(AbstractMessageConverterMethodProcessor.java:290) ~[spring-webmvc-5.3.31.jar:5.3.31]
	at org.springframework.web.servlet.mvc.method.annotation.HttpEntityMethodProcessor.handleReturnValue(HttpEntityMethodProcessor.java:219) ~[spring-webmvc-5.3.31.jar:5.3.31]
	at org.springframework.web.method.support.HandlerMethodReturnValueHandlerComposite.handleReturnValue(HandlerMethodReturnValueHandlerComposite.java:78) ~[spring-web-5.3.31.jar:5.3.31]
	at org.springframework.web.servlet.mvc.method.annotation.ServletInvocableHandlerMethod.invokeAndHandle(ServletInvocableHandlerMethod.java:135) ~[spring-webmvc-5.3.31.jar:5.3.31]
	at org.springframework.web.servlet.mvc.method.annotation.RequestMappingHandlerAdapter.invokeHandlerMethod(RequestMappingHandlerAdapter.java:895) ~[spring-webmvc-5.3.31.jar:5.3.31]
	at org.springframework.web.servlet.mvc.method.annotation.RequestMappingHandlerAdapter.handleInternal(RequestMappingHandlerAdapter.java:808) ~[spring-webmvc-5.3.31.jar:5.3.31]
	at org.springframework.web.servlet.mvc.method.AbstractHandlerMethodAdapter.handle(AbstractHandlerMethodAdapter.java:87) ~[spring-webmvc-5.3.31.jar:5.3.31]
	at org.springframework.web.servlet.DispatcherServlet.doDispatch(DispatcherServlet.java:1072) ~[spring-webmvc-5.3.31.jar:5.3.31]
	at org.springframework.web.servlet.DispatcherServlet.doService(DispatcherServlet.java:965) ~[spring-webmvc-5.3.31.jar:5.3.31]
	at org.springframework.web.servlet.FrameworkServlet.processRequest(FrameworkServlet.java:1006) [spring-webmvc-5.3.31.jar:5.3.31]
	at org.springframework.web.servlet.FrameworkServlet.doGet(FrameworkServlet.java:898) [spring-webmvc-5.3.31.jar:5.3.31]
	at javax.servlet.http.HttpServlet.service(HttpServlet.java:529) [tomcat-embed-core-9.0.83.jar:4.0.FR]
	at org.springframework.web.servlet.FrameworkServlet.service(FrameworkServlet.java:883) [spring-webmvc-5.3.31.jar:5.3.31]
	at javax.servlet.http.HttpServlet.service(HttpServlet.java:623) [tomcat-embed-core-9.0.83.jar:4.0.FR]
	at org.apache.catalina.core.ApplicationFilterChain.internalDoFilter(ApplicationFilterChain.java:209) [tomcat-embed-core-9.0.83.jar:9.0.83]
	at org.apache.catalina.core.ApplicationFilterChain.doFilter(ApplicationFilterChain.java:153) [tomcat-embed-core-9.0.83.jar:9.0.83]
	at org.apache.tomcat.websocket.server.WsFilter.doFilter(WsFilter.java:51) [tomcat-embed-websocket-9.0.83.jar:9.0.83]
	at org.apache.catalina.core.ApplicationFilterChain.internalDoFilter(ApplicationFilterChain.java:178) [tomcat-embed-core-9.0.83.jar:9.0.83]
	at org.apache.catalina.core.ApplicationFilterChain.doFilter(ApplicationFilterChain.java:153) [tomcat-embed-core-9.0.83.jar:9.0.83]
	at org.springframework.web.filter.RequestContextFilter.doFilterInternal(RequestContextFilter.java:100) [spring-web-5.3.31.jar:5.3.31]
	at org.springframework.web.filter.OncePerRequestFilter.doFilter(OncePerRequestFilter.java:117) [spring-web-5.3.31.jar:5.3.31]
	at org.apache.catalina.core.ApplicationFilterChain.internalDoFilter(ApplicationFilterChain.java:178) [tomcat-embed-core-9.0.83.jar:9.0.83]
	at org.apache.catalina.core.ApplicationFilterChain.doFilter(ApplicationFilterChain.java:153) [tomcat-embed-core-9.0.83.jar:9.0.83]
	at org.springframework.web.filter.FormContentFilter.doFilterInternal(FormContentFilter.java:93) [spring-web-5.3.31.jar:5.3.31]
	at org.springframework.web.filter.OncePerRequestFilter.doFilter(OncePerRequestFilter.java:117) [spring-web-5.3.31.jar:5.3.31]
	at org.apache.catalina.core.ApplicationFilterChain.internalDoFilter(ApplicationFilterChain.java:178) [tomcat-embed-core-9.0.83.jar:9.0.83]
	at org.apache.catalina.core.ApplicationFilterChain.doFilter(ApplicationFilterChain.java:153) [tomcat-embed-core-9.0.83.jar:9.0.83]
	at org.springframework.web.filter.CharacterEncodingFilter.doFilterInternal(CharacterEncodingFilter.java:201) [spring-web-5.3.31.jar:5.3.31]
	at org.springframework.web.filter.OncePerRequestFilter.doFilter(OncePerRequestFilter.java:117) [spring-web-5.3.31.jar:5.3.31]
	at org.apache.catalina.core.ApplicationFilterChain.internalDoFilter(ApplicationFilterChain.java:178) [tomcat-embed-core-9.0.83.jar:9.0.83]
	at org.apache.catalina.core.ApplicationFilterChain.doFilter(ApplicationFilterChain.java:153) [tomcat-embed-core-9.0.83.jar:9.0.83]
	at org.springframework.web.filter.CorsFilter.doFilterInternal(CorsFilter.java:91) [spring-web-5.3.31.jar:5.3.31]
	at org.springframework.web.filter.OncePerRequestFilter.doFilter(OncePerRequestFilter.java:117) [spring-web-5.3.31.jar:5.3.31]
	at org.apache.catalina.core.ApplicationFilterChain.internalDoFilter(ApplicationFilterChain.java:178) [tomcat-embed-core-9.0.83.jar:9.0.83]
	at org.apache.catalina.core.ApplicationFilterChain.doFilter(ApplicationFilterChain.java:153) [tomcat-embed-core-9.0.83.jar:9.0.83]
	at org.apache.catalina.core.StandardWrapperValve.invoke(StandardWrapperValve.java:168) [tomcat-embed-core-9.0.83.jar:9.0.83]
	at org.apache.catalina.core.StandardContextValve.invoke(StandardContextValve.java:90) [tomcat-embed-core-9.0.83.jar:9.0.83]
	at org.apache.catalina.authenticator.AuthenticatorBase.invoke(AuthenticatorBase.java:481) [tomcat-embed-core-9.0.83.jar:9.0.83]
	at org.apache.catalina.core.StandardHostValve.invoke(StandardHostValve.java:130) [tomcat-embed-core-9.0.83.jar:9.0.83]
	at org.apache.catalina.valves.ErrorReportValve.invoke(ErrorReportValve.java:93) [tomcat-embed-core-9.0.83.jar:9.0.83]
	at org.apache.catalina.core.StandardEngineValve.invoke(StandardEngineValve.java:74) [tomcat-embed-core-9.0.83.jar:9.0.83]
	at org.apache.catalina.connector.CoyoteAdapter.service(CoyoteAdapter.java:342) [tomcat-embed-core-9.0.83.jar:9.0.83]
	at org.apache.coyote.http11.Http11Processor.service(Http11Processor.java:390) [tomcat-embed-core-9.0.83.jar:9.0.83]
	at org.apache.coyote.AbstractProcessorLight.process(AbstractProcessorLight.java:63) [tomcat-embed-core-9.0.83.jar:9.0.83]
	at org.apache.coyote.AbstractProtocol$ConnectionHandler.process(AbstractProtocol.java:928) [tomcat-embed-core-9.0.83.jar:9.0.83]
	at org.apache.tomcat.util.net.NioEndpoint$SocketProcessor.doRun(NioEndpoint.java:1794) [tomcat-embed-core-9.0.83.jar:9.0.83]
	at org.apache.tomcat.util.net.SocketProcessorBase.run(SocketProcessorBase.java:52) [tomcat-embed-core-9.0.83.jar:9.0.83]
	at org.apache.tomcat.util.threads.ThreadPoolExecutor.runWorker(ThreadPoolExecutor.java:1191) [tomcat-embed-core-9.0.83.jar:9.0.83]
	at org.apache.tomcat.util.threads.ThreadPoolExecutor$Worker.run(ThreadPoolExecutor.java:659) [tomcat-embed-core-9.0.83.jar:9.0.83]
	at org.apache.tomcat.util.threads.TaskThread$WrappingRunnable.run(TaskThread.java:61) [tomcat-embed-core-9.0.83.jar:9.0.83]
	at java.lang.Thread.run(Thread.java:750) [na:1.8.0_471]
Caused by: java.io.IOException: Se ha anulado una conexión establecida por el software en su equipo host.
	at sun.nio.ch.SocketDispatcher.write0(Native Method) ~[na:1.8.0_471]
	at sun.nio.ch.SocketDispatcher.write(SocketDispatcher.java:51) ~[na:1.8.0_471]
	at sun.nio.ch.IOUtil.writeFromNativeBuffer(IOUtil.java:93) ~[na:1.8.0_471]
	at sun.nio.ch.IOUtil.write(IOUtil.java:65) ~[na:1.8.0_471]
	at sun.nio.ch.SocketChannelImpl.write(SocketChannelImpl.java:469) ~[na:1.8.0_471]
	at org.apache.tomcat.util.net.NioChannel.write(NioChannel.java:136) ~[tomcat-embed-core-9.0.83.jar:9.0.83]
	at org.apache.tomcat.util.net.NioEndpoint$NioSocketWrapper.doWrite(NioEndpoint.java:1431) ~[tomcat-embed-core-9.0.83.jar:9.0.83]
	at org.apache.tomcat.util.net.SocketWrapperBase.doWrite(SocketWrapperBase.java:775) ~[tomcat-embed-core-9.0.83.jar:9.0.83]
	at org.apache.tomcat.util.net.SocketWrapperBase.flushBlocking(SocketWrapperBase.java:739) ~[tomcat-embed-core-9.0.83.jar:9.0.83]
	at org.apache.tomcat.util.net.SocketWrapperBase.flush(SocketWrapperBase.java:723) ~[tomcat-embed-core-9.0.83.jar:9.0.83]
	at org.apache.coyote.http11.Http11OutputBuffer$SocketOutputBuffer.flush(Http11OutputBuffer.java:566) ~[tomcat-embed-core-9.0.83.jar:9.0.83]
	at org.apache.coyote.http11.filters.ChunkedOutputFilter.flush(ChunkedOutputFilter.java:157) ~[tomcat-embed-core-9.0.83.jar:9.0.83]
	at org.apache.coyote.http11.Http11OutputBuffer.flush(Http11OutputBuffer.java:220) ~[tomcat-embed-core-9.0.83.jar:9.0.83]
	at org.apache.coyote.http11.Http11Processor.flush(Http11Processor.java:1244) [tomcat-embed-core-9.0.83.jar:9.0.83]
	at org.apache.coyote.AbstractProcessor.action(AbstractProcessor.java:399) ~[tomcat-embed-core-9.0.83.jar:9.0.83]
	at org.apache.coyote.Response.action(Response.java:207) ~[tomcat-embed-core-9.0.83.jar:9.0.83]
	at org.apache.catalina.connector.OutputBuffer.doFlush(OutputBuffer.java:305) ~[tomcat-embed-core-9.0.83.jar:9.0.83]
	... 58 common frames omitted

2026-08-11 18:48:38.692 DEBUG 10036 --- [nio-9060-exec-8] o.s.w.s.m.m.a.HttpEntityMethodProcessor  : Found 'Content-Type:application/json' in response
2026-08-11 18:48:38.692 DEBUG 10036 --- [nio-9060-exec-8] o.s.w.s.m.m.a.HttpEntityMethodProcessor  : Writing [com.example.TigoStarSystem.common.ApiError@3f5dd64e]
2026-08-11 18:48:38.693  WARN 10036 --- [nio-9060-exec-8] .m.m.a.ExceptionHandlerExceptionResolver : Failure in @ExceptionHandler com.example.TigoStarSystem.common.GlobalExceptionHandler#handleGeneric(Exception, HttpServletRequest)

org.apache.catalina.connector.ClientAbortException: java.io.IOException: Se ha anulado una conexión establecida por el software en su equipo host.
	at org.apache.catalina.connector.OutputBuffer.doFlush(OutputBuffer.java:309) ~[tomcat-embed-core-9.0.83.jar:9.0.83]
	at org.apache.catalina.connector.OutputBuffer.flush(OutputBuffer.java:271) ~[tomcat-embed-core-9.0.83.jar:9.0.83]
	at org.apache.catalina.connector.CoyoteOutputStream.flush(CoyoteOutputStream.java:120) ~[tomcat-embed-core-9.0.83.jar:9.0.83]
	at java.io.FilterOutputStream.flush(FilterOutputStream.java:140) ~[na:1.8.0_471]
	at com.fasterxml.jackson.core.json.UTF8JsonGenerator.flush(UTF8JsonGenerator.java:1187) ~[jackson-core-2.13.5.jar:2.13.5]
	at com.fasterxml.jackson.databind.ObjectWriter.writeValue(ObjectWriter.java:1009) ~[jackson-databind-2.13.5.jar:2.13.5]
	at org.springframework.http.converter.json.AbstractJackson2HttpMessageConverter.writeInternal(AbstractJackson2HttpMessageConverter.java:456) ~[spring-web-5.3.31.jar:5.3.31]
	at org.springframework.http.converter.AbstractGenericHttpMessageConverter.write(AbstractGenericHttpMessageConverter.java:104) ~[spring-web-5.3.31.jar:5.3.31]
	at org.springframework.web.servlet.mvc.method.annotation.AbstractMessageConverterMethodProcessor.writeWithMessageConverters(AbstractMessageConverterMethodProcessor.java:290) ~[spring-webmvc-5.3.31.jar:5.3.31]
	at org.springframework.web.servlet.mvc.method.annotation.HttpEntityMethodProcessor.handleReturnValue(HttpEntityMethodProcessor.java:219) ~[spring-webmvc-5.3.31.jar:5.3.31]
	at org.springframework.web.method.support.HandlerMethodReturnValueHandlerComposite.handleReturnValue(HandlerMethodReturnValueHandlerComposite.java:78) ~[spring-web-5.3.31.jar:5.3.31]
	at org.springframework.web.servlet.mvc.method.annotation.ServletInvocableHandlerMethod.invokeAndHandle(ServletInvocableHandlerMethod.java:135) ~[spring-webmvc-5.3.31.jar:5.3.31]
	at org.springframework.web.servlet.mvc.method.annotation.ExceptionHandlerExceptionResolver.doResolveHandlerMethodException(ExceptionHandlerExceptionResolver.java:428) ~[spring-webmvc-5.3.31.jar:5.3.31]
	at org.springframework.web.servlet.handler.AbstractHandlerMethodExceptionResolver.doResolveException(AbstractHandlerMethodExceptionResolver.java:75) [spring-webmvc-5.3.31.jar:5.3.31]
	at org.springframework.web.servlet.handler.AbstractHandlerExceptionResolver.resolveException(AbstractHandlerExceptionResolver.java:142) [spring-webmvc-5.3.31.jar:5.3.31]
	at org.springframework.web.servlet.handler.HandlerExceptionResolverComposite.resolveException(HandlerExceptionResolverComposite.java:80) [spring-webmvc-5.3.31.jar:5.3.31]
	at org.springframework.web.servlet.DispatcherServlet.processHandlerException(DispatcherServlet.java:1332) [spring-webmvc-5.3.31.jar:5.3.31]
	at org.springframework.web.servlet.DispatcherServlet.processDispatchResult(DispatcherServlet.java:1143) [spring-webmvc-5.3.31.jar:5.3.31]
	at org.springframework.web.servlet.DispatcherServlet.doDispatch(DispatcherServlet.java:1089) [spring-webmvc-5.3.31.jar:5.3.31]
	at org.springframework.web.servlet.DispatcherServlet.doService(DispatcherServlet.java:965) [spring-webmvc-5.3.31.jar:5.3.31]
	at org.springframework.web.servlet.FrameworkServlet.processRequest(FrameworkServlet.java:1006) [spring-webmvc-5.3.31.jar:5.3.31]
	at org.springframework.web.servlet.FrameworkServlet.doGet(FrameworkServlet.java:898) [spring-webmvc-5.3.31.jar:5.3.31]
	at javax.servlet.http.HttpServlet.service(HttpServlet.java:529) [tomcat-embed-core-9.0.83.jar:4.0.FR]
	at org.springframework.web.servlet.FrameworkServlet.service(FrameworkServlet.java:883) [spring-webmvc-5.3.31.jar:5.3.31]
	at javax.servlet.http.HttpServlet.service(HttpServlet.java:623) [tomcat-embed-core-9.0.83.jar:4.0.FR]
	at org.apache.catalina.core.ApplicationFilterChain.internalDoFilter(ApplicationFilterChain.java:209) [tomcat-embed-core-9.0.83.jar:9.0.83]
	at org.apache.catalina.core.ApplicationFilterChain.doFilter(ApplicationFilterChain.java:153) [tomcat-embed-core-9.0.83.jar:9.0.83]
	at org.apache.tomcat.websocket.server.WsFilter.doFilter(WsFilter.java:51) [tomcat-embed-websocket-9.0.83.jar:9.0.83]
	at org.apache.catalina.core.ApplicationFilterChain.internalDoFilter(ApplicationFilterChain.java:178) [tomcat-embed-core-9.0.83.jar:9.0.83]
	at org.apache.catalina.core.ApplicationFilterChain.doFilter(ApplicationFilterChain.java:153) [tomcat-embed-core-9.0.83.jar:9.0.83]
	at org.springframework.web.filter.RequestContextFilter.doFilterInternal(RequestContextFilter.java:100) [spring-web-5.3.31.jar:5.3.31]
	at org.springframework.web.filter.OncePerRequestFilter.doFilter(OncePerRequestFilter.java:117) [spring-web-5.3.31.jar:5.3.31]
	at org.apache.catalina.core.ApplicationFilterChain.internalDoFilter(ApplicationFilterChain.java:178) [tomcat-embed-core-9.0.83.jar:9.0.83]
	at org.apache.catalina.core.ApplicationFilterChain.doFilter(ApplicationFilterChain.java:153) [tomcat-embed-core-9.0.83.jar:9.0.83]
	at org.springframework.web.filter.FormContentFilter.doFilterInternal(FormContentFilter.java:93) [spring-web-5.3.31.jar:5.3.31]
	at org.springframework.web.filter.OncePerRequestFilter.doFilter(OncePerRequestFilter.java:117) [spring-web-5.3.31.jar:5.3.31]
	at org.apache.catalina.core.ApplicationFilterChain.internalDoFilter(ApplicationFilterChain.java:178) [tomcat-embed-core-9.0.83.jar:9.0.83]
	at org.apache.catalina.core.ApplicationFilterChain.doFilter(ApplicationFilterChain.java:153) [tomcat-embed-core-9.0.83.jar:9.0.83]
	at org.springframework.web.filter.CharacterEncodingFilter.doFilterInternal(CharacterEncodingFilter.java:201) [spring-web-5.3.31.jar:5.3.31]
	at org.springframework.web.filter.OncePerRequestFilter.doFilter(OncePerRequestFilter.java:117) [spring-web-5.3.31.jar:5.3.31]
	at org.apache.catalina.core.ApplicationFilterChain.internalDoFilter(ApplicationFilterChain.java:178) [tomcat-embed-core-9.0.83.jar:9.0.83]
	at org.apache.catalina.core.ApplicationFilterChain.doFilter(ApplicationFilterChain.java:153) [tomcat-embed-core-9.0.83.jar:9.0.83]
	at org.springframework.web.filter.CorsFilter.doFilterInternal(CorsFilter.java:91) [spring-web-5.3.31.jar:5.3.31]
	at org.springframework.web.filter.OncePerRequestFilter.doFilter(OncePerRequestFilter.java:117) [spring-web-5.3.31.jar:5.3.31]
	at org.apache.catalina.core.ApplicationFilterChain.internalDoFilter(ApplicationFilterChain.java:178) [tomcat-embed-core-9.0.83.jar:9.0.83]
	at org.apache.catalina.core.ApplicationFilterChain.doFilter(ApplicationFilterChain.java:153) [tomcat-embed-core-9.0.83.jar:9.0.83]
	at org.apache.catalina.core.StandardWrapperValve.invoke(StandardWrapperValve.java:168) [tomcat-embed-core-9.0.83.jar:9.0.83]
	at org.apache.catalina.core.StandardContextValve.invoke(StandardContextValve.java:90) [tomcat-embed-core-9.0.83.jar:9.0.83]
	at org.apache.catalina.authenticator.AuthenticatorBase.invoke(AuthenticatorBase.java:481) [tomcat-embed-core-9.0.83.jar:9.0.83]
	at org.apache.catalina.core.StandardHostValve.invoke(StandardHostValve.java:130) [tomcat-embed-core-9.0.83.jar:9.0.83]
	at org.apache.catalina.valves.ErrorReportValve.invoke(ErrorReportValve.java:93) [tomcat-embed-core-9.0.83.jar:9.0.83]
	at org.apache.catalina.core.StandardEngineValve.invoke(StandardEngineValve.java:74) [tomcat-embed-core-9.0.83.jar:9.0.83]
	at org.apache.catalina.connector.CoyoteAdapter.service(CoyoteAdapter.java:342) [tomcat-embed-core-9.0.83.jar:9.0.83]
	at org.apache.coyote.http11.Http11Processor.service(Http11Processor.java:390) [tomcat-embed-core-9.0.83.jar:9.0.83]
	at org.apache.coyote.AbstractProcessorLight.process(AbstractProcessorLight.java:63) [tomcat-embed-core-9.0.83.jar:9.0.83]
	at org.apache.coyote.AbstractProtocol$ConnectionHandler.process(AbstractProtocol.java:928) [tomcat-embed-core-9.0.83.jar:9.0.83]
	at org.apache.tomcat.util.net.NioEndpoint$SocketProcessor.doRun(NioEndpoint.java:1794) [tomcat-embed-core-9.0.83.jar:9.0.83]
	at org.apache.tomcat.util.net.SocketProcessorBase.run(SocketProcessorBase.java:52) [tomcat-embed-core-9.0.83.jar:9.0.83]
	at org.apache.tomcat.util.threads.ThreadPoolExecutor.runWorker(ThreadPoolExecutor.java:1191) [tomcat-embed-core-9.0.83.jar:9.0.83]
	at org.apache.tomcat.util.threads.ThreadPoolExecutor$Worker.run(ThreadPoolExecutor.java:659) [tomcat-embed-core-9.0.83.jar:9.0.83]
	at org.apache.tomcat.util.threads.TaskThread$WrappingRunnable.run(TaskThread.java:61) [tomcat-embed-core-9.0.83.jar:9.0.83]
	at java.lang.Thread.run(Thread.java:750) [na:1.8.0_471]
Caused by: java.io.IOException: Se ha anulado una conexión establecida por el software en su equipo host.
	at sun.nio.ch.SocketDispatcher.write0(Native Method) ~[na:1.8.0_471]
	at sun.nio.ch.SocketDispatcher.write(SocketDispatcher.java:51) ~[na:1.8.0_471]
	at sun.nio.ch.IOUtil.writeFromNativeBuffer(IOUtil.java:93) ~[na:1.8.0_471]
	at sun.nio.ch.IOUtil.write(IOUtil.java:65) ~[na:1.8.0_471]
	at sun.nio.ch.SocketChannelImpl.write(SocketChannelImpl.java:469) ~[na:1.8.0_471]
	at org.apache.tomcat.util.net.NioChannel.write(NioChannel.java:136) ~[tomcat-embed-core-9.0.83.jar:9.0.83]
	at org.apache.tomcat.util.net.NioEndpoint$NioSocketWrapper.doWrite(NioEndpoint.java:1431) ~[tomcat-embed-core-9.0.83.jar:9.0.83]
	at org.apache.tomcat.util.net.SocketWrapperBase.doWrite(SocketWrapperBase.java:775) ~[tomcat-embed-core-9.0.83.jar:9.0.83]
	at org.apache.tomcat.util.net.SocketWrapperBase.flushBlocking(SocketWrapperBase.java:739) ~[tomcat-embed-core-9.0.83.jar:9.0.83]
	at org.apache.tomcat.util.net.SocketWrapperBase.flush(SocketWrapperBase.java:723) ~[tomcat-embed-core-9.0.83.jar:9.0.83]
	at org.apache.coyote.http11.Http11OutputBuffer$SocketOutputBuffer.flush(Http11OutputBuffer.java:566) ~[tomcat-embed-core-9.0.83.jar:9.0.83]
	at org.apache.coyote.http11.filters.ChunkedOutputFilter.flush(ChunkedOutputFilter.java:157) ~[tomcat-embed-core-9.0.83.jar:9.0.83]
	at org.apache.coyote.http11.Http11OutputBuffer.flush(Http11OutputBuffer.java:220) ~[tomcat-embed-core-9.0.83.jar:9.0.83]
	at org.apache.coyote.http11.Http11Processor.flush(Http11Processor.java:1244) [tomcat-embed-core-9.0.83.jar:9.0.83]
	at org.apache.coyote.AbstractProcessor.action(AbstractProcessor.java:399) ~[tomcat-embed-core-9.0.83.jar:9.0.83]
	at org.apache.coyote.Response.action(Response.java:207) ~[tomcat-embed-core-9.0.83.jar:9.0.83]
	at org.apache.catalina.connector.OutputBuffer.doFlush(OutputBuffer.java:305) ~[tomcat-embed-core-9.0.83.jar:9.0.83]
	... 61 common frames omitted

2026-08-11 18:48:38.693 DEBUG 10036 --- [nio-9060-exec-8] o.s.web.servlet.DispatcherServlet        : Failed to complete request: org.apache.catalina.connector.ClientAbortException: java.io.IOException: Se ha anulado una conexión establecida por el software en su equipo host.
2026-08-11 18:48:43.126 DEBUG 10036 --- [ruz housekeeper] com.zaxxer.hikari.pool.HikariPool        : ConnDb-SantaCruz - Before cleanup stats (total=1, active=0, idle=1, waiting=0)
2026-08-11 18:48:43.126 DEBUG 10036 --- [ruz housekeeper] com.zaxxer.hikari.pool.HikariPool        : ConnDb-SantaCruz - After cleanup  stats (total=1, active=0, idle=1, waiting=0)
2026-08-11 18:48:43.126 DEBUG 10036 --- [ruz housekeeper] com.zaxxer.hikari.pool.HikariPool        : ConnDb-SantaCruz - Fill pool skipped, pool is at sufficient level.
2026-08-11 18:48:46.172 DEBUG 10036 --- [a-9 housekeeper] com.zaxxer.hikari.pool.HikariPool        : ConnDb-inicio-jornada-9 - Before cleanup stats (total=1, active=0, idle=1, waiting=0)
2026-08-11 18:48:46.172 DEBUG 10036 --- [a-9 housekeeper] com.zaxxer.hikari.pool.HikariPool        : ConnDb-inicio-jornada-9 - After cleanup  stats (total=1, active=0, idle=1, waiting=0)
2026-08-11 18:48:46.172 DEBUG 10036 --- [a-9 housekeeper] com.zaxxer.hikari.pool.HikariPool        : ConnDb-inicio-jornada-9 - Fill pool skipped, pool is at sufficient level.
2026-08-11 18:48:56.605 DEBUG 10036 --- [ool housekeeper] com.zaxxer.hikari.pool.HikariPool        : CentralHikariPool - Before cleanup stats (total=1, active=0, idle=1, waiting=0)
2026-08-11 18:48:56.605 DEBUG 10036 --- [ool housekeeper] com.zaxxer.hikari.pool.HikariPool        : CentralHikariPool - After cleanup  stats (total=1, active=0, idle=1, waiting=0)
2026-08-11 18:48:56.605 DEBUG 10036 --- [ool housekeeper] com.zaxxer.hikari.pool.HikariPool        : CentralHikariPool - Fill pool skipped, pool is at sufficient level.
2026-08-11 18:48:56.621 DEBUG 10036 --- [l-1 housekeeper] com.zaxxer.hikari.pool.HikariPool        : HikariPool-1 - Before cleanup stats (total=3, active=0, idle=3, waiting=0)
2026-08-11 18:48:56.621 DEBUG 10036 --- [l-1 housekeeper] com.zaxxer.hikari.pool.HikariPool        : HikariPool-1 - After cleanup  stats (total=3, active=0, idle=3, waiting=0)
2026-08-11 18:48:56.621 DEBUG 10036 --- [l-1 housekeeper] com.zaxxer.hikari.pool.HikariPool        : HikariPool-1 - Fill pool skipped, pool is at sufficient level.
2026-08-11 18:48:56.961 DEBUG 10036 --- [ool housekeeper] com.zaxxer.hikari.pool.HikariPool        : TigoHogarHikariPool - Before cleanup stats (total=2, active=0, idle=2, waiting=0)
2026-08-11 18:48:56.961 DEBUG 10036 --- [ool housekeeper] com.zaxxer.hikari.pool.HikariPool        : TigoHogarHikariPool - After cleanup  stats (total=2, active=0, idle=2, waiting=0)
2026-08-11 18:48:56.961 DEBUG 10036 --- [ool housekeeper] com.zaxxer.hikari.pool.HikariPool        : TigoHogarHikariPool - Fill pool skipped, pool is at sufficient level.
