
  .   ____          _            __ _ _
 /\\ / ___'_ __ _ _(_)_ __  __ _ \ \ \ \
( ( )\___ | '_ | '_| | '_ \/ _` | \ \ \ \
 \\/  ___)| |_)| | | | | || (_| |  ) ) ) )
  '  |____| .__|_| |_|_| |_\__, | / / / /
 =========|_|==============|___/=/_/_/_/
 :: Spring Boot ::               (v2.7.18)

2026-08-05 17:39:18.555  INFO 548 --- [           main] c.e.T.TigoStarSystemApplication          : Starting TigoStarSystemApplication v0.0.1-SNAPSHOT using Java 21.0.8 on JOSUEUPB with PID 548 (C:\Users\JOSUE CABRERA\Downloads\backot-back01062026\target\TigoStarSystem-generated.jar started by JOSUE CABRERA in C:\Users\JOSUE CABRERA\Downloads\backot-back01062026)
2026-08-05 17:39:18.570 DEBUG 548 --- [           main] c.e.T.TigoStarSystemApplication          : Running with Spring Boot v2.7.18, Spring v5.3.31
2026-08-05 17:39:18.572  INFO 548 --- [           main] c.e.T.TigoStarSystemApplication          : No active profile set, falling back to 1 default profile: "default"
2026-08-05 17:39:18.574 DEBUG 548 --- [           main] o.s.boot.SpringApplication               : Loading source class com.example.TigoStarSystem.TigoStarSystemApplication
2026-08-05 17:39:18.724 DEBUG 548 --- [           main] ConfigServletWebServerApplicationContext : Refreshing org.springframework.boot.web.servlet.context.AnnotationConfigServletWebServerApplicationContext@6646153
2026-08-05 17:39:22.356 DEBUG 548 --- [           main] .s.b.w.e.t.TomcatServletWebServerFactory : Code archive: C:\Users\JOSUE CABRERA\Downloads\backot-back01062026\target\TigoStarSystem-generated.jar
2026-08-05 17:39:22.358 DEBUG 548 --- [           main] .s.b.w.e.t.TomcatServletWebServerFactory : Code archive: C:\Users\JOSUE CABRERA\Downloads\backot-back01062026\target\TigoStarSystem-generated.jar
2026-08-05 17:39:22.359 DEBUG 548 --- [           main] .s.b.w.e.t.TomcatServletWebServerFactory : None of the document roots [src/main/webapp, public, static] point to a directory and will be ignored.
2026-08-05 17:39:22.412  INFO 548 --- [           main] o.s.b.w.embedded.tomcat.TomcatWebServer  : Tomcat initialized with port(s): 9060 (http)
2026-08-05 17:39:22.436  INFO 548 --- [           main] o.apache.catalina.core.StandardService   : Starting service [Tomcat]
2026-08-05 17:39:22.438  INFO 548 --- [           main] org.apache.catalina.core.StandardEngine  : Starting Servlet engine: [Apache Tomcat/9.0.83]
2026-08-05 17:39:22.651  INFO 548 --- [           main] o.a.c.c.C.[Tomcat].[localhost].[/]       : Initializing Spring embedded WebApplicationContext
2026-08-05 17:39:22.652 DEBUG 548 --- [           main] w.s.c.ServletWebServerApplicationContext : Published root WebApplicationContext as ServletContext attribute with name [org.springframework.web.context.WebApplicationContext.ROOT]
2026-08-05 17:39:22.653  INFO 548 --- [           main] w.s.c.ServletWebServerApplicationContext : Root WebApplicationContext: initialization completed in 3929 ms
2026-08-05 17:39:22.747 DEBUG 548 --- [           main] o.s.b.w.s.ServletContextInitializerBeans : Mapping filters: filterRegistrationBean urls=[/*] order=-2147483648, characterEncodingFilter urls=[/*] order=-2147483648, formContentFilter urls=[/*] order=-9900, requestContextFilter urls=[/*] order=-105
2026-08-05 17:39:22.748 DEBUG 548 --- [           main] o.s.b.w.s.ServletContextInitializerBeans : Mapping servlets: dispatcherServlet urls=[/]
2026-08-05 17:39:22.804 DEBUG 548 --- [           main] o.s.b.w.s.f.OrderedRequestContextFilter  : Filter 'requestContextFilter' configured for use
2026-08-05 17:39:22.805 DEBUG 548 --- [           main] o.springframework.web.filter.CorsFilter  : Filter 'corsFilter' configured for use
2026-08-05 17:39:22.806 DEBUG 548 --- [           main] s.b.w.s.f.OrderedCharacterEncodingFilter : Filter 'characterEncodingFilter' configured for use
2026-08-05 17:39:22.807 DEBUG 548 --- [           main] o.s.b.w.s.f.OrderedFormContentFilter     : Filter 'formContentFilter' configured for use
2026-08-05 17:39:22.878 DEBUG 548 --- [           main] com.zaxxer.hikari.HikariConfig           : Driver class net.sourceforge.jtds.jdbc.Driver found in Thread context class loader org.springframework.boot.loader.LaunchedURLClassLoader@5e8c92f4
2026-08-05 17:39:23.134 DEBUG 548 --- [           main] com.zaxxer.hikari.HikariConfig           : Driver class net.sourceforge.jtds.jdbc.Driver found in Thread context class loader org.springframework.boot.loader.LaunchedURLClassLoader@5e8c92f4
2026-08-05 17:39:23.137 DEBUG 548 --- [           main] com.zaxxer.hikari.HikariConfig           : CentralHikariPool - configuration:
2026-08-05 17:39:23.141 DEBUG 548 --- [           main] com.zaxxer.hikari.HikariConfig           : allowPoolSuspension................................false
2026-08-05 17:39:23.142 DEBUG 548 --- [           main] com.zaxxer.hikari.HikariConfig           : autoCommit................................true
2026-08-05 17:39:23.143 DEBUG 548 --- [           main] com.zaxxer.hikari.HikariConfig           : catalog................................none
2026-08-05 17:39:23.144 DEBUG 548 --- [           main] com.zaxxer.hikari.HikariConfig           : connectionInitSql................................none
2026-08-05 17:39:23.146 DEBUG 548 --- [           main] com.zaxxer.hikari.HikariConfig           : connectionTestQuery................................"SELECT 1"
2026-08-05 17:39:23.149 DEBUG 548 --- [           main] com.zaxxer.hikari.HikariConfig           : connectionTimeout................................60000
2026-08-05 17:39:23.149 DEBUG 548 --- [           main] com.zaxxer.hikari.HikariConfig           : dataSource................................none
2026-08-05 17:39:23.150 DEBUG 548 --- [           main] com.zaxxer.hikari.HikariConfig           : dataSourceClassName................................none
2026-08-05 17:39:23.151 DEBUG 548 --- [           main] com.zaxxer.hikari.HikariConfig           : dataSourceJNDI................................none
2026-08-05 17:39:23.153 DEBUG 548 --- [           main] com.zaxxer.hikari.HikariConfig           : dataSourceProperties................................{password=<masked>}
2026-08-05 17:39:23.155 DEBUG 548 --- [           main] com.zaxxer.hikari.HikariConfig           : driverClassName................................"net.sourceforge.jtds.jdbc.Driver"
2026-08-05 17:39:23.156 DEBUG 548 --- [           main] com.zaxxer.hikari.HikariConfig           : exceptionOverrideClassName................................none
2026-08-05 17:39:23.156 DEBUG 548 --- [           main] com.zaxxer.hikari.HikariConfig           : healthCheckProperties................................{}
2026-08-05 17:39:23.157 DEBUG 548 --- [           main] com.zaxxer.hikari.HikariConfig           : healthCheckRegistry................................none
2026-08-05 17:39:23.159 DEBUG 548 --- [           main] com.zaxxer.hikari.HikariConfig           : idleTimeout................................300000
2026-08-05 17:39:23.161 DEBUG 548 --- [           main] com.zaxxer.hikari.HikariConfig           : initializationFailTimeout................................-1
2026-08-05 17:39:23.162 DEBUG 548 --- [           main] com.zaxxer.hikari.HikariConfig           : isolateInternalQueries................................false
2026-08-05 17:39:23.164 DEBUG 548 --- [           main] com.zaxxer.hikari.HikariConfig           : jdbcUrl................................jdbc:jtds:sqlserver://172.16.0.13/BDControlOrdenes
2026-08-05 17:39:23.165 DEBUG 548 --- [           main] com.zaxxer.hikari.HikariConfig           : keepaliveTime................................120000
2026-08-05 17:39:23.167 DEBUG 548 --- [           main] com.zaxxer.hikari.HikariConfig           : leakDetectionThreshold................................0
2026-08-05 17:39:23.168 DEBUG 548 --- [           main] com.zaxxer.hikari.HikariConfig           : maxLifetime................................900000
2026-08-05 17:39:23.169 DEBUG 548 --- [           main] com.zaxxer.hikari.HikariConfig           : maximumPoolSize................................80
2026-08-05 17:39:23.171 DEBUG 548 --- [           main] com.zaxxer.hikari.HikariConfig           : metricRegistry................................none
2026-08-05 17:39:23.172 DEBUG 548 --- [           main] com.zaxxer.hikari.HikariConfig           : metricsTrackerFactory................................none
2026-08-05 17:39:23.174 DEBUG 548 --- [           main] com.zaxxer.hikari.HikariConfig           : minimumIdle................................0
2026-08-05 17:39:23.175 DEBUG 548 --- [           main] com.zaxxer.hikari.HikariConfig           : password................................<masked>
2026-08-05 17:39:23.177 DEBUG 548 --- [           main] com.zaxxer.hikari.HikariConfig           : poolName................................"CentralHikariPool"
2026-08-05 17:39:23.178 DEBUG 548 --- [           main] com.zaxxer.hikari.HikariConfig           : readOnly................................false
2026-08-05 17:39:23.180 DEBUG 548 --- [           main] com.zaxxer.hikari.HikariConfig           : registerMbeans................................false
2026-08-05 17:39:23.181 DEBUG 548 --- [           main] com.zaxxer.hikari.HikariConfig           : scheduledExecutor................................none
2026-08-05 17:39:23.182 DEBUG 548 --- [           main] com.zaxxer.hikari.HikariConfig           : schema................................none
2026-08-05 17:39:23.183 DEBUG 548 --- [           main] com.zaxxer.hikari.HikariConfig           : threadFactory................................internal
2026-08-05 17:39:23.185 DEBUG 548 --- [           main] com.zaxxer.hikari.HikariConfig           : transactionIsolation................................default
2026-08-05 17:39:23.186 DEBUG 548 --- [           main] com.zaxxer.hikari.HikariConfig           : username................................"sistemas"
2026-08-05 17:39:23.187 DEBUG 548 --- [           main] com.zaxxer.hikari.HikariConfig           : validationTimeout................................5000
2026-08-05 17:39:23.201  INFO 548 --- [           main] com.zaxxer.hikari.HikariDataSource       : CentralHikariPool - Starting...
2026-08-05 17:39:23.249  INFO 548 --- [           main] com.zaxxer.hikari.HikariDataSource       : CentralHikariPool - Start completed.
2026-08-05 17:39:23.287 DEBUG 548 --- [           main] o.s.jdbc.core.JdbcTemplate               : Executing SQL statement [IF OBJECT_ID('dbo.tbl_system_maintenance', 'U') IS NULL BEGIN CREATE TABLE dbo.tbl_system_maintenance (id INT NOT NULL PRIMARY KEY, active BIT NOT NULL, message NVARCHAR(300) NULL, changed_by NVARCHAR(80) NULL, changed_at DATETIME2 NOT NULL); INSERT INTO dbo.tbl_system_maintenance (id, active, message, changed_by, changed_at) VALUES (1, 0, 'SISTEMA ABAJO. CAMBIOS EN PROCESO.', 'sistemas', GETDATE()); END;]
2026-08-05 17:39:23.299 DEBUG 548 --- [           main] o.s.jdbc.datasource.DataSourceUtils      : Fetching JDBC Connection from DataSource
2026-08-05 17:39:23.300 DEBUG 548 --- [           main] com.zaxxer.hikari.HikariConfig           : HikariPool-1 - configuration:
2026-08-05 17:39:23.302 DEBUG 548 --- [           main] com.zaxxer.hikari.HikariConfig           : allowPoolSuspension................................false
2026-08-05 17:39:23.303 DEBUG 548 --- [           main] com.zaxxer.hikari.HikariConfig           : autoCommit................................true
2026-08-05 17:39:23.304 DEBUG 548 --- [           main] com.zaxxer.hikari.HikariConfig           : catalog................................none
2026-08-05 17:39:23.305 DEBUG 548 --- [           main] com.zaxxer.hikari.HikariConfig           : connectionInitSql................................none
2026-08-05 17:39:23.306 DEBUG 548 --- [           main] com.zaxxer.hikari.HikariConfig           : connectionTestQuery................................"SELECT 1"
2026-08-05 17:39:23.307 DEBUG 548 --- [           main] com.zaxxer.hikari.HikariConfig           : connectionTimeout................................60000
2026-08-05 17:39:23.308 DEBUG 548 --- [           main] com.zaxxer.hikari.HikariConfig           : dataSource................................none
2026-08-05 17:39:23.309 DEBUG 548 --- [           main] com.zaxxer.hikari.HikariConfig           : dataSourceClassName................................none
2026-08-05 17:39:23.310 DEBUG 548 --- [           main] com.zaxxer.hikari.HikariConfig           : dataSourceJNDI................................none
2026-08-05 17:39:23.311 DEBUG 548 --- [           main] com.zaxxer.hikari.HikariConfig           : dataSourceProperties................................{password=<masked>}
2026-08-05 17:39:23.312 DEBUG 548 --- [           main] com.zaxxer.hikari.HikariConfig           : driverClassName................................"net.sourceforge.jtds.jdbc.Driver"
2026-08-05 17:39:23.313 DEBUG 548 --- [           main] com.zaxxer.hikari.HikariConfig           : exceptionOverrideClassName................................none
2026-08-05 17:39:23.314 DEBUG 548 --- [           main] com.zaxxer.hikari.HikariConfig           : healthCheckProperties................................{}
2026-08-05 17:39:23.315 DEBUG 548 --- [           main] com.zaxxer.hikari.HikariConfig           : healthCheckRegistry................................none
2026-08-05 17:39:23.316 DEBUG 548 --- [           main] com.zaxxer.hikari.HikariConfig           : idleTimeout................................300000
2026-08-05 17:39:23.316 DEBUG 548 --- [           main] com.zaxxer.hikari.HikariConfig           : initializationFailTimeout................................-1
2026-08-05 17:39:23.317 DEBUG 548 --- [           main] com.zaxxer.hikari.HikariConfig           : isolateInternalQueries................................false
2026-08-05 17:39:23.318 DEBUG 548 --- [           main] com.zaxxer.hikari.HikariConfig           : jdbcUrl................................jdbc:jtds:sqlserver://tigo.makiro.com.bo/BDSistemaAntenaPM;socketTimeout=0;loginTimeout=60
2026-08-05 17:39:23.320 DEBUG 548 --- [           main] com.zaxxer.hikari.HikariConfig           : keepaliveTime................................120000
2026-08-05 17:39:23.320 DEBUG 548 --- [           main] com.zaxxer.hikari.HikariConfig           : leakDetectionThreshold................................0
2026-08-05 17:39:23.321 DEBUG 548 --- [           main] com.zaxxer.hikari.HikariConfig           : maxLifetime................................900000
2026-08-05 17:39:23.322 DEBUG 548 --- [           main] com.zaxxer.hikari.HikariConfig           : maximumPoolSize................................10
2026-08-05 17:39:23.322 DEBUG 548 --- [           main] com.zaxxer.hikari.HikariConfig           : metricRegistry................................none
2026-08-05 17:39:23.323 DEBUG 548 --- [           main] com.zaxxer.hikari.HikariConfig           : metricsTrackerFactory................................none
2026-08-05 17:39:23.324 DEBUG 548 --- [           main] com.zaxxer.hikari.HikariConfig           : minimumIdle................................0
2026-08-05 17:39:23.325 DEBUG 548 --- [           main] com.zaxxer.hikari.HikariConfig           : password................................<masked>
2026-08-05 17:39:23.326 DEBUG 548 --- [           main] com.zaxxer.hikari.HikariConfig           : poolName................................"HikariPool-1"
2026-08-05 17:39:23.327 DEBUG 548 --- [           main] com.zaxxer.hikari.HikariConfig           : readOnly................................false
2026-08-05 17:39:23.327 DEBUG 548 --- [           main] com.zaxxer.hikari.HikariConfig           : registerMbeans................................false
2026-08-05 17:39:23.328 DEBUG 548 --- [           main] com.zaxxer.hikari.HikariConfig           : scheduledExecutor................................none
2026-08-05 17:39:23.328 DEBUG 548 --- [           main] com.zaxxer.hikari.HikariConfig           : schema................................none
2026-08-05 17:39:23.329 DEBUG 548 --- [           main] com.zaxxer.hikari.HikariConfig           : threadFactory................................internal
2026-08-05 17:39:23.329 DEBUG 548 --- [           main] com.zaxxer.hikari.HikariConfig           : transactionIsolation................................default
2026-08-05 17:39:23.330 DEBUG 548 --- [           main] com.zaxxer.hikari.HikariConfig           : username................................"sistemas"
2026-08-05 17:39:23.330 DEBUG 548 --- [           main] com.zaxxer.hikari.HikariConfig           : validationTimeout................................5000
2026-08-05 17:39:23.331  INFO 548 --- [           main] com.zaxxer.hikari.HikariDataSource       : HikariPool-1 - Starting...
2026-08-05 17:39:23.332  INFO 548 --- [           main] com.zaxxer.hikari.HikariDataSource       : HikariPool-1 - Start completed.
2026-08-05 17:39:23.357 DEBUG 548 --- [ool housekeeper] com.zaxxer.hikari.pool.HikariPool        : CentralHikariPool - Before cleanup stats (total=0, active=0, idle=0, waiting=0)
2026-08-05 17:39:23.358 DEBUG 548 --- [ool housekeeper] com.zaxxer.hikari.pool.HikariPool        : CentralHikariPool - After cleanup  stats (total=0, active=0, idle=0, waiting=0)
2026-08-05 17:39:23.359 DEBUG 548 --- [ool housekeeper] com.zaxxer.hikari.pool.HikariPool        : CentralHikariPool - Fill pool skipped, pool is at sufficient level.
2026-08-05 17:39:23.441  INFO 548 --- [onnection adder] com.zaxxer.hikari.pool.PoolBase          : HikariPool-1 - Driver does not support get/set network timeout for connections. (null)
2026-08-05 17:39:23.446 DEBUG 548 --- [onnection adder] com.zaxxer.hikari.pool.HikariPool        : HikariPool-1 - Added connection net.sourceforge.jtds.jdbc.JtdsConnection@72d87c19
2026-08-05 17:39:23.448 DEBUG 548 --- [l-1 housekeeper] com.zaxxer.hikari.pool.HikariPool        : HikariPool-1 - Before cleanup stats (total=1, active=1, idle=0, waiting=0)
2026-08-05 17:39:23.449 DEBUG 548 --- [l-1 housekeeper] com.zaxxer.hikari.pool.HikariPool        : HikariPool-1 - After cleanup  stats (total=1, active=1, idle=0, waiting=0)
2026-08-05 17:39:23.449 DEBUG 548 --- [l-1 housekeeper] com.zaxxer.hikari.pool.HikariPool        : HikariPool-1 - Fill pool skipped, pool is at sufficient level.
2026-08-05 17:39:23.515 DEBUG 548 --- [           main] o.s.jdbc.core.JdbcTemplate               : Executing SQL query [SELECT TOP 1 active, message, changed_by, changed_at FROM dbo.tbl_system_maintenance WHERE id = 1]
2026-08-05 17:39:23.517 DEBUG 548 --- [           main] o.s.jdbc.datasource.DataSourceUtils      : Fetching JDBC Connection from DataSource
2026-08-05 17:39:23.583 DEBUG 548 --- [           main] com.zaxxer.hikari.HikariConfig           : Driver class net.sourceforge.jtds.jdbc.Driver found in Thread context class loader org.springframework.boot.loader.LaunchedURLClassLoader@5e8c92f4
2026-08-05 17:39:23.584 DEBUG 548 --- [           main] com.zaxxer.hikari.HikariConfig           : TigoHogarHikariPool - configuration:
2026-08-05 17:39:23.586 DEBUG 548 --- [           main] com.zaxxer.hikari.HikariConfig           : allowPoolSuspension................................false
2026-08-05 17:39:23.587 DEBUG 548 --- [           main] com.zaxxer.hikari.HikariConfig           : autoCommit................................true
2026-08-05 17:39:23.588 DEBUG 548 --- [           main] com.zaxxer.hikari.HikariConfig           : catalog................................none
2026-08-05 17:39:23.589 DEBUG 548 --- [           main] com.zaxxer.hikari.HikariConfig           : connectionInitSql................................none
2026-08-05 17:39:23.590 DEBUG 548 --- [           main] com.zaxxer.hikari.HikariConfig           : connectionTestQuery................................"SELECT 1"
2026-08-05 17:39:23.591 DEBUG 548 --- [           main] com.zaxxer.hikari.HikariConfig           : connectionTimeout................................60000
2026-08-05 17:39:23.592 DEBUG 548 --- [           main] com.zaxxer.hikari.HikariConfig           : dataSource................................none
2026-08-05 17:39:23.593 DEBUG 548 --- [           main] com.zaxxer.hikari.HikariConfig           : dataSourceClassName................................none
2026-08-05 17:39:23.594 DEBUG 548 --- [           main] com.zaxxer.hikari.HikariConfig           : dataSourceJNDI................................none
2026-08-05 17:39:23.594 DEBUG 548 --- [           main] com.zaxxer.hikari.HikariConfig           : dataSourceProperties................................{password=<masked>}
2026-08-05 17:39:23.595 DEBUG 548 --- [           main] com.zaxxer.hikari.HikariConfig           : driverClassName................................"net.sourceforge.jtds.jdbc.Driver"
2026-08-05 17:39:23.596 DEBUG 548 --- [           main] com.zaxxer.hikari.HikariConfig           : exceptionOverrideClassName................................none
2026-08-05 17:39:23.597 DEBUG 548 --- [           main] com.zaxxer.hikari.HikariConfig           : healthCheckProperties................................{}
2026-08-05 17:39:23.598 DEBUG 548 --- [           main] com.zaxxer.hikari.HikariConfig           : healthCheckRegistry................................none
2026-08-05 17:39:23.599 DEBUG 548 --- [           main] com.zaxxer.hikari.HikariConfig           : idleTimeout................................300000
2026-08-05 17:39:23.600 DEBUG 548 --- [           main] com.zaxxer.hikari.HikariConfig           : initializationFailTimeout................................-1
2026-08-05 17:39:23.601 DEBUG 548 --- [           main] com.zaxxer.hikari.HikariConfig           : isolateInternalQueries................................false
2026-08-05 17:39:23.602 DEBUG 548 --- [           main] com.zaxxer.hikari.HikariConfig           : jdbcUrl................................jdbc:jtds:sqlserver://181.188.148.59/BD_TigoHogar
2026-08-05 17:39:23.602 DEBUG 548 --- [           main] com.zaxxer.hikari.HikariConfig           : keepaliveTime................................120000
2026-08-05 17:39:23.603 DEBUG 548 --- [           main] com.zaxxer.hikari.HikariConfig           : leakDetectionThreshold................................0
2026-08-05 17:39:23.603 DEBUG 548 --- [           main] com.zaxxer.hikari.HikariConfig           : maxLifetime................................900000
2026-08-05 17:39:23.604 DEBUG 548 --- [           main] com.zaxxer.hikari.HikariConfig           : maximumPoolSize................................10
2026-08-05 17:39:23.605 DEBUG 548 --- [           main] com.zaxxer.hikari.HikariConfig           : metricRegistry................................none
2026-08-05 17:39:23.605 DEBUG 548 --- [           main] com.zaxxer.hikari.HikariConfig           : metricsTrackerFactory................................none
2026-08-05 17:39:23.606 DEBUG 548 --- [           main] com.zaxxer.hikari.HikariConfig           : minimumIdle................................0
2026-08-05 17:39:23.606 DEBUG 548 --- [           main] com.zaxxer.hikari.HikariConfig           : password................................<masked>
2026-08-05 17:39:23.607 DEBUG 548 --- [           main] com.zaxxer.hikari.HikariConfig           : poolName................................"TigoHogarHikariPool"
2026-08-05 17:39:23.607 DEBUG 548 --- [           main] com.zaxxer.hikari.HikariConfig           : readOnly................................false
2026-08-05 17:39:23.608 DEBUG 548 --- [           main] com.zaxxer.hikari.HikariConfig           : registerMbeans................................false
2026-08-05 17:39:23.609 DEBUG 548 --- [           main] com.zaxxer.hikari.HikariConfig           : scheduledExecutor................................none
2026-08-05 17:39:23.610 DEBUG 548 --- [           main] com.zaxxer.hikari.HikariConfig           : schema................................none
2026-08-05 17:39:23.610 DEBUG 548 --- [           main] com.zaxxer.hikari.HikariConfig           : threadFactory................................internal
2026-08-05 17:39:23.611 DEBUG 548 --- [           main] com.zaxxer.hikari.HikariConfig           : transactionIsolation................................default
2026-08-05 17:39:23.612 DEBUG 548 --- [           main] com.zaxxer.hikari.HikariConfig           : username................................"sistemas"
2026-08-05 17:39:23.613 DEBUG 548 --- [           main] com.zaxxer.hikari.HikariConfig           : validationTimeout................................5000
2026-08-05 17:39:23.614  INFO 548 --- [           main] com.zaxxer.hikari.HikariDataSource       : TigoHogarHikariPool - Starting...
2026-08-05 17:39:23.615  INFO 548 --- [           main] com.zaxxer.hikari.HikariDataSource       : TigoHogarHikariPool - Start completed.
2026-08-05 17:39:23.719 DEBUG 548 --- [ool housekeeper] com.zaxxer.hikari.pool.HikariPool        : TigoHogarHikariPool - Before cleanup stats (total=0, active=0, idle=0, waiting=0)
2026-08-05 17:39:23.723 DEBUG 548 --- [ool housekeeper] com.zaxxer.hikari.pool.HikariPool        : TigoHogarHikariPool - After cleanup  stats (total=0, active=0, idle=0, waiting=0)
2026-08-05 17:39:23.723 DEBUG 548 --- [ool housekeeper] com.zaxxer.hikari.pool.HikariPool        : TigoHogarHikariPool - Fill pool skipped, pool is at sufficient level.
2026-08-05 17:39:25.460 DEBUG 548 --- [           main] o.s.b.a.AutoConfigurationPackages        : @EnableAutoConfiguration was declared on a class in the package 'com.example.TigoStarSystem'. Automatic @Repository and @Entity scanning is enabled.
2026-08-05 17:39:25.685 DEBUG 548 --- [           main] s.w.s.m.m.a.RequestMappingHandlerAdapter : ControllerAdvice beans: 0 @ModelAttribute, 0 @InitBinder, 1 RequestBodyAdvice, 1 ResponseBodyAdvice
2026-08-05 17:39:26.234 DEBUG 548 --- [           main] s.w.s.m.m.a.RequestMappingHandlerMapping : 209 mappings in 'requestMappingHandlerMapping'
2026-08-05 17:39:26.287 DEBUG 548 --- [           main] o.s.w.s.handler.SimpleUrlHandlerMapping  : Patterns [/webjars/**, /**, /swagger-ui*/*swagger-initializer.js, /swagger-ui*/**] in 'resourceHandlerMapping'
2026-08-05 17:39:26.321 DEBUG 548 --- [           main] .m.m.a.ExceptionHandlerExceptionResolver : ControllerAdvice beans: 2 @ExceptionHandler, 1 ResponseBodyAdvice
2026-08-05 17:39:26.711  INFO 548 --- [           main] o.s.b.w.embedded.tomcat.TomcatWebServer  : Tomcat started on port(s): 9060 (http) with context path ''
2026-08-05 17:39:26.754 DEBUG 548 --- [           main] ConditionEvaluationReportLoggingListener : 


============================
CONDITIONS EVALUATION REPORT
============================


Positive matches:
-----------------

   AopAutoConfiguration matched:
      - @ConditionalOnProperty (spring.aop.auto=true) matched (OnPropertyCondition)

   AopAutoConfiguration.ClassProxyingConfiguration matched:
      - @ConditionalOnMissingClass did not find unwanted class 'org.aspectj.weaver.Advice' (OnClassCondition)
      - @ConditionalOnProperty (spring.aop.proxy-target-class=true) matched (OnPropertyCondition)

   ApplicationAvailabilityAutoConfiguration#applicationAvailability matched:
      - @ConditionalOnMissingBean (types: org.springframework.boot.availability.ApplicationAvailability; SearchStrategy: all) did not find any beans (OnBeanCondition)

   DataSourceAutoConfiguration matched:
      - @ConditionalOnClass found required classes 'javax.sql.DataSource', 'org.springframework.jdbc.datasource.embedded.EmbeddedDatabaseType' (OnClassCondition)
      - @ConditionalOnMissingBean (types: io.r2dbc.spi.ConnectionFactory; SearchStrategy: all) did not find any beans (OnBeanCondition)

   DataSourceAutoConfiguration.PooledDataSourceConfiguration matched:
      - AnyNestedCondition 1 matched 1 did not; NestedCondition on DataSourceAutoConfiguration.PooledDataSourceCondition.PooledDataSourceAvailable PooledDataSource found supported DataSource; NestedCondition on DataSourceAutoConfiguration.PooledDataSourceCondition.ExplicitType @ConditionalOnProperty (spring.datasource.type) did not find property 'type' (DataSourceAutoConfiguration.PooledDataSourceCondition)
      - @ConditionalOnMissingBean (types: javax.sql.DataSource,javax.sql.XADataSource; SearchStrategy: all) did not find any beans (OnBeanCondition)

   DataSourceConfiguration.Hikari matched:
      - @ConditionalOnClass found required class 'com.zaxxer.hikari.HikariDataSource' (OnClassCondition)
      - @ConditionalOnProperty (spring.datasource.type=com.zaxxer.hikari.HikariDataSource) matched (OnPropertyCondition)
      - @ConditionalOnMissingBean (types: javax.sql.DataSource; SearchStrategy: all) did not find any beans (OnBeanCondition)

   DataSourceInitializationConfiguration matched:
      - @ConditionalOnClass found required class 'org.springframework.jdbc.datasource.init.DatabasePopulator' (OnClassCondition)
      - @ConditionalOnSingleCandidate (types: javax.sql.DataSource; SearchStrategy: all) found a single bean 'dataSource'; @ConditionalOnMissingBean (types: org.springframework.boot.autoconfigure.sql.init.SqlDataSourceScriptDatabaseInitializer,org.springframework.boot.autoconfigure.sql.init.SqlR2dbcScriptDatabaseInitializer; SearchStrategy: all) did not find any beans (OnBeanCondition)

   DataSourceJmxConfiguration matched:
      - @ConditionalOnProperty (spring.jmx.enabled=true) matched (OnPropertyCondition)

   DataSourceJmxConfiguration.Hikari matched:
      - @ConditionalOnClass found required class 'com.zaxxer.hikari.HikariDataSource' (OnClassCondition)
      - @ConditionalOnSingleCandidate (types: javax.sql.DataSource; SearchStrategy: all) found a single bean 'dataSource' (OnBeanCondition)

   DataSourcePoolMetadataProvidersConfiguration.HikariPoolDataSourceMetadataProviderConfiguration matched:
      - @ConditionalOnClass found required class 'com.zaxxer.hikari.HikariDataSource' (OnClassCondition)

   DataSourceTransactionManagerAutoConfiguration matched:
      - @ConditionalOnClass found required classes 'org.springframework.jdbc.core.JdbcTemplate', 'org.springframework.transaction.TransactionManager' (OnClassCondition)

   DataSourceTransactionManagerAutoConfiguration.JdbcTransactionManagerConfiguration matched:
      - @ConditionalOnSingleCandidate (types: javax.sql.DataSource; SearchStrategy: all) found a single bean 'dataSource' (OnBeanCondition)

   DataSourceTransactionManagerAutoConfiguration.JdbcTransactionManagerConfiguration#transactionManager matched:
      - @ConditionalOnMissingBean (types: org.springframework.transaction.TransactionManager; SearchStrategy: all) did not find any beans (OnBeanCondition)

   DispatcherServletAutoConfiguration matched:
      - @ConditionalOnClass found required class 'org.springframework.web.servlet.DispatcherServlet' (OnClassCondition)
      - found 'session' scope (OnWebApplicationCondition)

   DispatcherServletAutoConfiguration.DispatcherServletConfiguration matched:
      - @ConditionalOnClass found required class 'javax.servlet.ServletRegistration' (OnClassCondition)
      - Default DispatcherServlet did not find dispatcher servlet beans (DispatcherServletAutoConfiguration.DefaultDispatcherServletCondition)

   DispatcherServletAutoConfiguration.DispatcherServletRegistrationConfiguration matched:
      - @ConditionalOnClass found required class 'javax.servlet.ServletRegistration' (OnClassCondition)
      - DispatcherServlet Registration did not find servlet registration bean (DispatcherServletAutoConfiguration.DispatcherServletRegistrationCondition)

   DispatcherServletAutoConfiguration.DispatcherServletRegistrationConfiguration#dispatcherServletRegistration matched:
      - @ConditionalOnBean (names: dispatcherServlet types: org.springframework.web.servlet.DispatcherServlet; SearchStrategy: all) found bean 'dispatcherServlet' (OnBeanCondition)

   EmbeddedWebServerFactoryCustomizerAutoConfiguration matched:
      - @ConditionalOnWebApplication (required) found 'session' scope (OnWebApplicationCondition)
      - @ConditionalOnWarDeployment the application is not deployed as a WAR file. (OnWarDeploymentCondition)

   EmbeddedWebServerFactoryCustomizerAutoConfiguration.TomcatWebServerFactoryCustomizerConfiguration matched:
      - @ConditionalOnClass found required classes 'org.apache.catalina.startup.Tomcat', 'org.apache.coyote.UpgradeProtocol' (OnClassCondition)

   ErrorMvcAutoConfiguration matched:
      - @ConditionalOnClass found required classes 'javax.servlet.Servlet', 'org.springframework.web.servlet.DispatcherServlet' (OnClassCondition)
      - found 'session' scope (OnWebApplicationCondition)

   ErrorMvcAutoConfiguration#basicErrorController matched:
      - @ConditionalOnMissingBean (types: org.springframework.boot.web.servlet.error.ErrorController; SearchStrategy: current) did not find any beans (OnBeanCondition)

   ErrorMvcAutoConfiguration#errorAttributes matched:
      - @ConditionalOnMissingBean (types: org.springframework.boot.web.servlet.error.ErrorAttributes; SearchStrategy: current) did not find any beans (OnBeanCondition)

   ErrorMvcAutoConfiguration.DefaultErrorViewResolverConfiguration#conventionErrorViewResolver matched:
      - @ConditionalOnBean (types: org.springframework.web.servlet.DispatcherServlet; SearchStrategy: all) found bean 'dispatcherServlet'; @ConditionalOnMissingBean (types: org.springframework.boot.autoconfigure.web.servlet.error.ErrorViewResolver; SearchStrategy: all) did not find any beans (OnBeanCondition)

   ErrorMvcAutoConfiguration.WhitelabelErrorViewConfiguration matched:
      - @ConditionalOnProperty (server.error.whitelabel.enabled) matched (OnPropertyCondition)
      - ErrorTemplate Missing did not find error template view (ErrorMvcAutoConfiguration.ErrorTemplateMissingCondition)

   ErrorMvcAutoConfiguration.WhitelabelErrorViewConfiguration#beanNameViewResolver matched:
      - @ConditionalOnMissingBean (types: org.springframework.web.servlet.view.BeanNameViewResolver; SearchStrategy: all) did not find any beans (OnBeanCondition)

   ErrorMvcAutoConfiguration.WhitelabelErrorViewConfiguration#defaultErrorView matched:
      - @ConditionalOnMissingBean (names: error; SearchStrategy: all) did not find any beans (OnBeanCondition)

   GenericCacheConfiguration matched:
      - Cache org.springframework.boot.autoconfigure.cache.GenericCacheConfiguration automatic cache type (CacheCondition)

   HttpEncodingAutoConfiguration matched:
      - @ConditionalOnClass found required class 'org.springframework.web.filter.CharacterEncodingFilter' (OnClassCondition)
      - found 'session' scope (OnWebApplicationCondition)
      - @ConditionalOnProperty (server.servlet.encoding.enabled) matched (OnPropertyCondition)

   HttpEncodingAutoConfiguration#characterEncodingFilter matched:
      - @ConditionalOnMissingBean (types: org.springframework.web.filter.CharacterEncodingFilter; SearchStrategy: all) did not find any beans (OnBeanCondition)

   HttpMessageConvertersAutoConfiguration matched:
      - @ConditionalOnClass found required class 'org.springframework.http.converter.HttpMessageConverter' (OnClassCondition)
      - NoneNestedConditions 0 matched 1 did not; NestedCondition on HttpMessageConvertersAutoConfiguration.NotReactiveWebApplicationCondition.ReactiveWebApplication did not find reactive web application classes (HttpMessageConvertersAutoConfiguration.NotReactiveWebApplicationCondition)

   HttpMessageConvertersAutoConfiguration#messageConverters matched:
      - @ConditionalOnMissingBean (types: org.springframework.boot.autoconfigure.http.HttpMessageConverters; SearchStrategy: all) did not find any beans (OnBeanCondition)

   HttpMessageConvertersAutoConfiguration.StringHttpMessageConverterConfiguration matched:
      - @ConditionalOnClass found required class 'org.springframework.http.converter.StringHttpMessageConverter' (OnClassCondition)

   HttpMessageConvertersAutoConfiguration.StringHttpMessageConverterConfiguration#stringHttpMessageConverter matched:
      - @ConditionalOnMissingBean (types: org.springframework.http.converter.StringHttpMessageConverter; SearchStrategy: all) did not find any beans (OnBeanCondition)

   JacksonAutoConfiguration matched:
      - @ConditionalOnClass found required class 'com.fasterxml.jackson.databind.ObjectMapper' (OnClassCondition)

   JacksonAutoConfiguration.Jackson2ObjectMapperBuilderCustomizerConfiguration matched:
      - @ConditionalOnClass found required class 'org.springframework.http.converter.json.Jackson2ObjectMapperBuilder' (OnClassCondition)

   JacksonAutoConfiguration.JacksonObjectMapperBuilderConfiguration matched:
      - @ConditionalOnClass found required class 'org.springframework.http.converter.json.Jackson2ObjectMapperBuilder' (OnClassCondition)

   JacksonAutoConfiguration.JacksonObjectMapperBuilderConfiguration#jacksonObjectMapperBuilder matched:
      - @ConditionalOnMissingBean (types: org.springframework.http.converter.json.Jackson2ObjectMapperBuilder; SearchStrategy: all) did not find any beans (OnBeanCondition)

   JacksonAutoConfiguration.JacksonObjectMapperConfiguration matched:
      - @ConditionalOnClass found required class 'org.springframework.http.converter.json.Jackson2ObjectMapperBuilder' (OnClassCondition)

   JacksonAutoConfiguration.JacksonObjectMapperConfiguration#jacksonObjectMapper matched:
      - @ConditionalOnMissingBean (types: com.fasterxml.jackson.databind.ObjectMapper; SearchStrategy: all) did not find any beans (OnBeanCondition)

   JacksonAutoConfiguration.ParameterNamesModuleConfiguration matched:
      - @ConditionalOnClass found required class 'com.fasterxml.jackson.module.paramnames.ParameterNamesModule' (OnClassCondition)

   JacksonAutoConfiguration.ParameterNamesModuleConfiguration#parameterNamesModule matched:
      - @ConditionalOnMissingBean (types: com.fasterxml.jackson.module.paramnames.ParameterNamesModule; SearchStrategy: all) did not find any beans (OnBeanCondition)

   JacksonHttpMessageConvertersConfiguration.MappingJackson2HttpMessageConverterConfiguration matched:
      - @ConditionalOnClass found required class 'com.fasterxml.jackson.databind.ObjectMapper' (OnClassCondition)
      - @ConditionalOnProperty (spring.mvc.converters.preferred-json-mapper=jackson) matched (OnPropertyCondition)
      - @ConditionalOnBean (types: com.fasterxml.jackson.databind.ObjectMapper; SearchStrategy: all) found bean 'jacksonObjectMapper' (OnBeanCondition)

   JacksonHttpMessageConvertersConfiguration.MappingJackson2HttpMessageConverterConfiguration#mappingJackson2HttpMessageConverter matched:
      - @ConditionalOnMissingBean (types: org.springframework.http.converter.json.MappingJackson2HttpMessageConverter ignored: org.springframework.hateoas.server.mvc.TypeConstrainedMappingJackson2HttpMessageConverter,org.springframework.data.rest.webmvc.alps.AlpsJsonHttpMessageConverter; SearchStrategy: all) did not find any beans (OnBeanCondition)

   JdbcTemplateAutoConfiguration matched:
      - @ConditionalOnClass found required classes 'javax.sql.DataSource', 'org.springframework.jdbc.core.JdbcTemplate' (OnClassCondition)
      - @ConditionalOnSingleCandidate (types: javax.sql.DataSource; SearchStrategy: all) found a single bean 'dataSource' (OnBeanCondition)

   LifecycleAutoConfiguration#defaultLifecycleProcessor matched:
      - @ConditionalOnMissingBean (names: lifecycleProcessor; SearchStrategy: current) did not find any beans (OnBeanCondition)

   MailSenderAutoConfiguration matched:
      - @ConditionalOnClass found required classes 'javax.mail.internet.MimeMessage', 'javax.activation.MimeType', 'org.springframework.mail.MailSender' (OnClassCondition)
      - AnyNestedCondition 1 matched 1 did not; NestedCondition on MailSenderAutoConfiguration.MailSenderCondition.JndiNameProperty @ConditionalOnProperty (spring.mail.jndi-name) did not find property 'jndi-name'; NestedCondition on MailSenderAutoConfiguration.MailSenderCondition.HostProperty @ConditionalOnProperty (spring.mail.host) matched (MailSenderAutoConfiguration.MailSenderCondition)
      - @ConditionalOnMissingBean (types: org.springframework.mail.MailSender; SearchStrategy: all) did not find any beans (OnBeanCondition)

   MailSenderPropertiesConfiguration matched:
      - @ConditionalOnProperty (spring.mail.host) matched (OnPropertyCondition)

   MailSenderPropertiesConfiguration#mailSender matched:
      - @ConditionalOnMissingBean (types: org.springframework.mail.javamail.JavaMailSender; SearchStrategy: all) did not find any beans (OnBeanCondition)

   MultipartAutoConfiguration matched:
      - @ConditionalOnClass found required classes 'javax.servlet.Servlet', 'org.springframework.web.multipart.support.StandardServletMultipartResolver', 'javax.servlet.MultipartConfigElement' (OnClassCondition)
      - found 'session' scope (OnWebApplicationCondition)
      - @ConditionalOnProperty (spring.servlet.multipart.enabled) matched (OnPropertyCondition)

   MultipartAutoConfiguration#multipartConfigElement matched:
      - @ConditionalOnMissingBean (types: javax.servlet.MultipartConfigElement,org.springframework.web.multipart.commons.CommonsMultipartResolver; SearchStrategy: all) did not find any beans (OnBeanCondition)

   MultipartAutoConfiguration#multipartResolver matched:
      - @ConditionalOnMissingBean (types: org.springframework.web.multipart.MultipartResolver; SearchStrategy: all) did not find any beans (OnBeanCondition)

   NamedParameterJdbcTemplateConfiguration matched:
      - @ConditionalOnSingleCandidate (types: org.springframework.jdbc.core.JdbcTemplate; SearchStrategy: all) found a single primary bean 'jdbcTemplate' from beans 'jdbcTemplate', 'tigohogarJdbcTemplate', 'centralJdbcTemplate'; @ConditionalOnMissingBean (types: org.springframework.jdbc.core.namedparam.NamedParameterJdbcOperations; SearchStrategy: all) did not find any beans (OnBeanCondition)

   NoOpCacheConfiguration matched:
      - Cache org.springframework.boot.autoconfigure.cache.NoOpCacheConfiguration automatic cache type (CacheCondition)

   PersistenceExceptionTranslationAutoConfiguration matched:
      - @ConditionalOnClass found required class 'org.springframework.dao.annotation.PersistenceExceptionTranslationPostProcessor' (OnClassCondition)

   PersistenceExceptionTranslationAutoConfiguration#persistenceExceptionTranslationPostProcessor matched:
      - @ConditionalOnProperty (spring.dao.exceptiontranslation.enabled) matched (OnPropertyCondition)
      - @ConditionalOnMissingBean (types: org.springframework.dao.annotation.PersistenceExceptionTranslationPostProcessor; SearchStrategy: all) did not find any beans (OnBeanCondition)

   PropertyPlaceholderAutoConfiguration#propertySourcesPlaceholderConfigurer matched:
      - @ConditionalOnMissingBean (types: org.springframework.context.support.PropertySourcesPlaceholderConfigurer; SearchStrategy: current) did not find any beans (OnBeanCondition)

   RestTemplateAutoConfiguration matched:
      - @ConditionalOnClass found required class 'org.springframework.web.client.RestTemplate' (OnClassCondition)
      - NoneNestedConditions 0 matched 1 did not; NestedCondition on RestTemplateAutoConfiguration.NotReactiveWebApplicationCondition.ReactiveWebApplication did not find reactive web application classes (RestTemplateAutoConfiguration.NotReactiveWebApplicationCondition)

   RestTemplateAutoConfiguration#restTemplateBuilder matched:
      - @ConditionalOnMissingBean (types: org.springframework.boot.web.client.RestTemplateBuilder; SearchStrategy: all) did not find any beans (OnBeanCondition)

   RestTemplateAutoConfiguration#restTemplateBuilderConfigurer matched:
      - @ConditionalOnMissingBean (types: org.springframework.boot.autoconfigure.web.client.RestTemplateBuilderConfigurer; SearchStrategy: all) did not find any beans (OnBeanCondition)

   ServletWebServerFactoryAutoConfiguration matched:
      - @ConditionalOnClass found required class 'javax.servlet.ServletRequest' (OnClassCondition)
      - found 'session' scope (OnWebApplicationCondition)

   ServletWebServerFactoryAutoConfiguration#tomcatServletWebServerFactoryCustomizer matched:
      - @ConditionalOnClass found required class 'org.apache.catalina.startup.Tomcat' (OnClassCondition)

   ServletWebServerFactoryConfiguration.EmbeddedTomcat matched:
      - @ConditionalOnClass found required classes 'javax.servlet.Servlet', 'org.apache.catalina.startup.Tomcat', 'org.apache.coyote.UpgradeProtocol' (OnClassCondition)
      - @ConditionalOnMissingBean (types: org.springframework.boot.web.servlet.server.ServletWebServerFactory; SearchStrategy: current) did not find any beans (OnBeanCondition)

   SimpleCacheConfiguration matched:
      - Cache org.springframework.boot.autoconfigure.cache.SimpleCacheConfiguration automatic cache type (CacheCondition)

   SpringDocConfigProperties matched:
      - @ConditionalOnProperty (springdoc.api-docs.enabled) matched (OnPropertyCondition)

   SpringDocConfiguration matched:
      - @ConditionalOnWebApplication (required) found 'session' scope (OnWebApplicationCondition)
      - @ConditionalOnProperty (springdoc.api-docs.enabled) matched (OnPropertyCondition)

   SpringDocConfiguration#fileSupportConverter matched:
      - @ConditionalOnMissingBean (types: org.springdoc.core.converters.FileSupportConverter; SearchStrategy: all) did not find any beans (OnBeanCondition)

   SpringDocConfiguration#openAPIBuilder matched:
      - @ConditionalOnMissingBean (types: org.springdoc.core.OpenAPIService; SearchStrategy: all) did not find any beans (OnBeanCondition)

   SpringDocConfiguration#operationBuilder matched:
      - @ConditionalOnMissingBean (types: org.springdoc.core.OperationService; SearchStrategy: all) did not find any beans (OnBeanCondition)

   SpringDocConfiguration#parameterBuilder matched:
      - @ConditionalOnMissingBean (types: org.springdoc.core.GenericParameterService; SearchStrategy: all) did not find any beans (OnBeanCondition)

   SpringDocConfiguration#polymorphicModelConverter matched:
      - @ConditionalOnProperty (springdoc.model-converters.polymorphic-converter.enabled) matched (OnPropertyCondition)
      - @ConditionalOnMissingBean (types: org.springdoc.core.converters.PolymorphicModelConverter; SearchStrategy: all) did not find any beans (OnBeanCondition)

   SpringDocConfiguration#requestBodyBuilder matched:
      - @ConditionalOnMissingBean (types: org.springdoc.core.RequestBodyService; SearchStrategy: all) did not find any beans (OnBeanCondition)

   SpringDocConfiguration#responseSupportConverter matched:
      - @ConditionalOnMissingBean (types: org.springdoc.core.converters.ResponseSupportConverter; SearchStrategy: all) did not find any beans (OnBeanCondition)

   SpringDocConfiguration#schemaPropertyDeprecatingConverter matched:
      - @ConditionalOnProperty (springdoc.model-converters.deprecating-converter.enabled) matched (OnPropertyCondition)
      - @ConditionalOnMissingBean (types: org.springdoc.core.converters.SchemaPropertyDeprecatingConverter; SearchStrategy: all) did not find any beans (OnBeanCondition)

   SpringDocConfiguration#securityParser matched:
      - @ConditionalOnMissingBean (types: org.springdoc.core.SecurityService; SearchStrategy: all) did not find any beans (OnBeanCondition)

   SpringDocConfiguration#springDocCustomizers matched:
      - @ConditionalOnMissingBean (types: org.springdoc.core.customizers.SpringDocCustomizers; SearchStrategy: all) did not find any beans (OnBeanCondition)

   SpringDocConfiguration#springDocObjectMapperProvider matched:
      - @ConditionalOnMissingBean (types: org.springdoc.core.providers.ObjectMapperProvider; SearchStrategy: all) did not find any beans (OnBeanCondition)

   SpringDocConfiguration#springDocProviders matched:
      - @ConditionalOnMissingBean (types: org.springdoc.core.SpringDocProviders; SearchStrategy: all) did not find any beans (OnBeanCondition)

   SpringDocConfiguration.SpringDocSpringDataWebPropertiesProvider matched:
      - @ConditionalOnClass found required class 'org.springframework.boot.autoconfigure.data.web.SpringDataWebProperties' (OnClassCondition)

   SpringDocConfiguration.SpringDocSpringDataWebPropertiesProvider#springDataWebPropertiesProvider matched:
      - @ConditionalOnMissingBean (types: org.springdoc.core.providers.SpringDataWebPropertiesProvider; SearchStrategy: all) did not find any beans (OnBeanCondition)

   SpringDocConfiguration.WebConversionServiceConfiguration matched:
      - @ConditionalOnClass found required class 'org.springframework.boot.autoconfigure.web.format.WebConversionService' (OnClassCondition)

   SpringDocUIConfiguration matched:
      - @ConditionalOnWebApplication (required) found 'session' scope (OnWebApplicationCondition)
      - @ConditionalOnExpression (#{${springdoc.api-docs.enabled:true}}) resulted in true (OnExpressionCondition)
      - @ConditionalOnBean (types: org.springdoc.core.SpringDocConfiguration; SearchStrategy: all) found bean 'org.springdoc.core.SpringDocConfiguration' (OnBeanCondition)

   SpringDocWebMvcConfiguration matched:
      - found 'session' scope (OnWebApplicationCondition)
      - @ConditionalOnProperty (springdoc.api-docs.enabled) matched (OnPropertyCondition)
      - @ConditionalOnBean (types: org.springdoc.core.SpringDocConfiguration; SearchStrategy: all) found bean 'org.springdoc.core.SpringDocConfiguration' (OnBeanCondition)

   SpringDocWebMvcConfiguration#openApiResource matched:
      - @ConditionalOnProperty (springdoc.use-management-port=false) matched (OnPropertyCondition)
      - @ConditionalOnMissingBean (types: org.springdoc.webmvc.api.OpenApiWebMvcResource; SearchStrategy: all) did not find any beans (OnBeanCondition)

   SpringDocWebMvcConfiguration#requestBuilder matched:
      - @ConditionalOnMissingBean (types: org.springdoc.webmvc.core.RequestService; SearchStrategy: all) did not find any beans (OnBeanCondition)

   SpringDocWebMvcConfiguration#responseBuilder matched:
      - @ConditionalOnMissingBean (types: org.springdoc.core.GenericResponseService; SearchStrategy: all) did not find any beans (OnBeanCondition)

   SpringDocWebMvcConfiguration#springWebProvider matched:
      - @ConditionalOnMissingBean (types: org.springdoc.core.providers.SpringWebProvider; SearchStrategy: all) did not find any beans (OnBeanCondition)

   SpringDocWebMvcConfiguration.SpringDocWebMvcRouterConfiguration matched:
      - @ConditionalOnClass found required class 'org.springframework.web.servlet.function.RouterFunction' (OnClassCondition)

   SpringDocWebMvcConfiguration.SpringDocWebMvcRouterConfiguration#routerFunctionProvider matched:
      - @ConditionalOnMissingBean (types: org.springdoc.webmvc.core.RouterFunctionWebMvcProvider; SearchStrategy: all) did not find any beans (OnBeanCondition)

   SqlInitializationAutoConfiguration matched:
      - @ConditionalOnProperty (spring.sql.init.enabled) matched (OnPropertyCondition)
      - NoneNestedConditions 0 matched 1 did not; NestedCondition on SqlInitializationAutoConfiguration.SqlInitializationModeCondition.ModeIsNever @ConditionalOnProperty (spring.sql.init.mode=never) did not find property 'mode' (SqlInitializationAutoConfiguration.SqlInitializationModeCondition)

   SwaggerConfig matched:
      - found 'session' scope (OnWebApplicationCondition)
      - @ConditionalOnProperty (springdoc.swagger-ui.enabled) matched (OnPropertyCondition)
      - @ConditionalOnBean (types: org.springdoc.core.SpringDocConfiguration; SearchStrategy: all) found bean 'org.springdoc.core.SpringDocConfiguration' (OnBeanCondition)

   SwaggerConfig#indexPageTransformer matched:
      - @ConditionalOnMissingBean (types: org.springdoc.webmvc.ui.SwaggerIndexTransformer; SearchStrategy: all) did not find any beans (OnBeanCondition)

   SwaggerConfig#swaggerConfigResource matched:
      - @ConditionalOnProperty (springdoc.use-management-port=false) matched (OnPropertyCondition)
      - @ConditionalOnMissingBean (types: org.springdoc.webmvc.ui.SwaggerConfigResource; SearchStrategy: all) did not find any beans (OnBeanCondition)

   SwaggerConfig#swaggerResourceResolver matched:
      - @ConditionalOnMissingBean (types: org.springdoc.webmvc.ui.SwaggerResourceResolver; SearchStrategy: all) did not find any beans (OnBeanCondition)

   SwaggerConfig#swaggerWebMvcConfigurer matched:
      - @ConditionalOnMissingBean (types: org.springdoc.webmvc.ui.SwaggerWebMvcConfigurer; SearchStrategy: all) did not find any beans (OnBeanCondition)

   SwaggerConfig#swaggerWelcome matched:
      - @ConditionalOnProperty (springdoc.use-management-port=false) matched (OnPropertyCondition)
      - @ConditionalOnMissingBean (types: org.springdoc.webmvc.ui.SwaggerWelcomeWebMvc; SearchStrategy: all) did not find any beans (OnBeanCondition)

   SwaggerUiConfigParameters matched:
      - @ConditionalOnProperty (springdoc.swagger-ui.enabled) matched (OnPropertyCondition)
      - @ConditionalOnBean (types: org.springdoc.core.SpringDocConfiguration; SearchStrategy: all) found bean 'org.springdoc.core.SpringDocConfiguration' (OnBeanCondition)

   SwaggerUiConfigProperties matched:
      - @ConditionalOnProperty (springdoc.swagger-ui.enabled) matched (OnPropertyCondition)
      - @ConditionalOnBean (types: org.springdoc.core.SpringDocConfiguration; SearchStrategy: all) found bean 'org.springdoc.core.SpringDocConfiguration' (OnBeanCondition)

   SwaggerUiOAuthProperties matched:
      - @ConditionalOnProperty (springdoc.swagger-ui.enabled) matched (OnPropertyCondition)
      - @ConditionalOnBean (types: org.springdoc.core.SpringDocConfiguration; SearchStrategy: all) found bean 'org.springdoc.core.SpringDocConfiguration' (OnBeanCondition)

   TaskExecutionAutoConfiguration matched:
      - @ConditionalOnClass found required class 'org.springframework.scheduling.concurrent.ThreadPoolTaskExecutor' (OnClassCondition)

   TaskExecutionAutoConfiguration#applicationTaskExecutor matched:
      - @ConditionalOnMissingBean (types: java.util.concurrent.Executor; SearchStrategy: all) did not find any beans (OnBeanCondition)

   TaskExecutionAutoConfiguration#taskExecutorBuilder matched:
      - @ConditionalOnMissingBean (types: org.springframework.boot.task.TaskExecutorBuilder; SearchStrategy: all) did not find any beans (OnBeanCondition)

   TaskSchedulingAutoConfiguration matched:
      - @ConditionalOnClass found required class 'org.springframework.scheduling.concurrent.ThreadPoolTaskScheduler' (OnClassCondition)

   TaskSchedulingAutoConfiguration#taskSchedulerBuilder matched:
      - @ConditionalOnMissingBean (types: org.springframework.boot.task.TaskSchedulerBuilder; SearchStrategy: all) did not find any beans (OnBeanCondition)

   TransactionAutoConfiguration matched:
      - @ConditionalOnClass found required class 'org.springframework.transaction.PlatformTransactionManager' (OnClassCondition)

   TransactionAutoConfiguration#platformTransactionManagerCustomizers matched:
      - @ConditionalOnMissingBean (types: org.springframework.boot.autoconfigure.transaction.TransactionManagerCustomizers; SearchStrategy: all) did not find any beans (OnBeanCondition)

   TransactionAutoConfiguration.EnableTransactionManagementConfiguration matched:
      - @ConditionalOnBean (types: org.springframework.transaction.TransactionManager; SearchStrategy: all) found bean 'transactionManager'; @ConditionalOnMissingBean (types: org.springframework.transaction.annotation.AbstractTransactionManagementConfiguration; SearchStrategy: all) did not find any beans (OnBeanCondition)

   TransactionAutoConfiguration.EnableTransactionManagementConfiguration.CglibAutoProxyConfiguration matched:
      - @ConditionalOnProperty (spring.aop.proxy-target-class=true) matched (OnPropertyCondition)

   TransactionAutoConfiguration.TransactionTemplateConfiguration matched:
      - @ConditionalOnSingleCandidate (types: org.springframework.transaction.PlatformTransactionManager; SearchStrategy: all) found a single bean 'transactionManager' (OnBeanCondition)

   TransactionAutoConfiguration.TransactionTemplateConfiguration#transactionTemplate matched:
      - @ConditionalOnMissingBean (types: org.springframework.transaction.support.TransactionOperations; SearchStrategy: all) did not find any beans (OnBeanCondition)

   ValidationAutoConfiguration matched:
      - @ConditionalOnClass found required class 'javax.validation.executable.ExecutableValidator' (OnClassCondition)
      - @ConditionalOnResource found location classpath:META-INF/services/javax.validation.spi.ValidationProvider (OnResourceCondition)

   ValidationAutoConfiguration#defaultValidator matched:
      - @ConditionalOnMissingBean (types: javax.validation.Validator; SearchStrategy: all) did not find any beans (OnBeanCondition)

   ValidationAutoConfiguration#methodValidationPostProcessor matched:
      - @ConditionalOnMissingBean (types: org.springframework.validation.beanvalidation.MethodValidationPostProcessor; SearchStrategy: current) did not find any beans (OnBeanCondition)

   WebMvcAutoConfiguration matched:
      - @ConditionalOnClass found required classes 'javax.servlet.Servlet', 'org.springframework.web.servlet.DispatcherServlet', 'org.springframework.web.servlet.config.annotation.WebMvcConfigurer' (OnClassCondition)
      - found 'session' scope (OnWebApplicationCondition)
      - @ConditionalOnMissingBean (types: org.springframework.web.servlet.config.annotation.WebMvcConfigurationSupport; SearchStrategy: all) did not find any beans (OnBeanCondition)

   WebMvcAutoConfiguration#formContentFilter matched:
      - @ConditionalOnProperty (spring.mvc.formcontent.filter.enabled) matched (OnPropertyCondition)
      - @ConditionalOnMissingBean (types: org.springframework.web.filter.FormContentFilter; SearchStrategy: all) did not find any beans (OnBeanCondition)

   WebMvcAutoConfiguration.EnableWebMvcConfiguration#flashMapManager matched:
      - @ConditionalOnMissingBean (names: flashMapManager; SearchStrategy: all) did not find any beans (OnBeanCondition)

   WebMvcAutoConfiguration.EnableWebMvcConfiguration#localeResolver matched:
      - @ConditionalOnMissingBean (names: localeResolver; SearchStrategy: all) did not find any beans (OnBeanCondition)

   WebMvcAutoConfiguration.EnableWebMvcConfiguration#themeResolver matched:
      - @ConditionalOnMissingBean (names: themeResolver; SearchStrategy: all) did not find any beans (OnBeanCondition)

   WebMvcAutoConfiguration.WebMvcAutoConfigurationAdapter#defaultViewResolver matched:
      - @ConditionalOnMissingBean (types: org.springframework.web.servlet.view.InternalResourceViewResolver; SearchStrategy: all) did not find any beans (OnBeanCondition)

   WebMvcAutoConfiguration.WebMvcAutoConfigurationAdapter#requestContextFilter matched:
      - @ConditionalOnMissingBean (types: org.springframework.web.context.request.RequestContextListener,org.springframework.web.filter.RequestContextFilter; SearchStrategy: all) did not find any beans (OnBeanCondition)

   WebMvcAutoConfiguration.WebMvcAutoConfigurationAdapter#viewResolver matched:
      - @ConditionalOnBean (types: org.springframework.web.servlet.ViewResolver; SearchStrategy: all) found beans 'defaultViewResolver', 'beanNameViewResolver', 'mvcViewResolver'; @ConditionalOnMissingBean (names: viewResolver types: org.springframework.web.servlet.view.ContentNegotiatingViewResolver; SearchStrategy: all) did not find any beans (OnBeanCondition)

   WebSocketServletAutoConfiguration matched:
      - @ConditionalOnClass found required classes 'javax.servlet.Servlet', 'javax.websocket.server.ServerContainer' (OnClassCondition)
      - found 'session' scope (OnWebApplicationCondition)

   WebSocketServletAutoConfiguration.TomcatWebSocketConfiguration matched:
      - @ConditionalOnClass found required classes 'org.apache.catalina.startup.Tomcat', 'org.apache.tomcat.websocket.server.WsSci' (OnClassCondition)

   WebSocketServletAutoConfiguration.TomcatWebSocketConfiguration#websocketServletWebServerCustomizer matched:
      - @ConditionalOnMissingBean (names: websocketServletWebServerCustomizer; SearchStrategy: all) did not find any beans (OnBeanCondition)


Negative matches:
-----------------

   ActiveMQAutoConfiguration:
      Did not match:
         - @ConditionalOnClass did not find required class 'javax.jms.ConnectionFactory' (OnClassCondition)

   AopAutoConfiguration.AspectJAutoProxyingConfiguration:
      Did not match:
         - @ConditionalOnClass did not find required class 'org.aspectj.weaver.Advice' (OnClassCondition)

   ArtemisAutoConfiguration:
      Did not match:
         - @ConditionalOnClass did not find required class 'javax.jms.ConnectionFactory' (OnClassCondition)

   BatchAutoConfiguration:
      Did not match:
         - @ConditionalOnClass did not find required class 'org.springframework.batch.core.launch.JobLauncher' (OnClassCondition)

   Cache2kCacheConfiguration:
      Did not match:
         - @ConditionalOnClass did not find required class 'org.cache2k.Cache2kBuilder' (OnClassCondition)

   CacheAutoConfiguration:
      Did not match:
         - @ConditionalOnBean (types: org.springframework.cache.interceptor.CacheAspectSupport; SearchStrategy: all) did not find any beans of type org.springframework.cache.interceptor.CacheAspectSupport (OnBeanCondition)
      Matched:
         - @ConditionalOnClass found required class 'org.springframework.cache.CacheManager' (OnClassCondition)

   CacheAutoConfiguration.CacheManagerEntityManagerFactoryDependsOnPostProcessor:
      Did not match:
         - @ConditionalOnClass did not find required class 'org.springframework.orm.jpa.LocalContainerEntityManagerFactoryBean' (OnClassCondition)
         - Ancestor org.springframework.boot.autoconfigure.cache.CacheAutoConfiguration did not match (ConditionEvaluationReport.AncestorsMatchedCondition)

   CaffeineCacheConfiguration:
      Did not match:
         - @ConditionalOnClass did not find required class 'com.github.benmanes.caffeine.cache.Caffeine' (OnClassCondition)

   CassandraAutoConfiguration:
      Did not match:
         - @ConditionalOnClass did not find required class 'com.datastax.oss.driver.api.core.CqlSession' (OnClassCondition)

   CassandraDataAutoConfiguration:
      Did not match:
         - @ConditionalOnClass did not find required class 'com.datastax.oss.driver.api.core.CqlSession' (OnClassCondition)

   CassandraReactiveDataAutoConfiguration:
      Did not match:
         - @ConditionalOnClass did not find required class 'com.datastax.oss.driver.api.core.CqlSession' (OnClassCondition)

   CassandraReactiveRepositoriesAutoConfiguration:
      Did not match:
         - @ConditionalOnClass did not find required class 'org.springframework.data.cassandra.ReactiveSession' (OnClassCondition)

   CassandraRepositoriesAutoConfiguration:
      Did not match:
         - @ConditionalOnClass did not find required class 'com.datastax.oss.driver.api.core.CqlSession' (OnClassCondition)

   ClientHttpConnectorAutoConfiguration:
      Did not match:
         - @ConditionalOnClass did not find required class 'org.springframework.web.reactive.function.client.WebClient' (OnClassCondition)

   CodecsAutoConfiguration:
      Did not match:
         - @ConditionalOnClass did not find required class 'org.springframework.web.reactive.function.client.WebClient' (OnClassCondition)

   CouchbaseAutoConfiguration:
      Did not match:
         - @ConditionalOnClass did not find required class 'com.couchbase.client.java.Cluster' (OnClassCondition)

   CouchbaseCacheConfiguration:
      Did not match:
         - @ConditionalOnClass did not find required class 'com.couchbase.client.java.Cluster' (OnClassCondition)

   CouchbaseDataAutoConfiguration:
      Did not match:
         - @ConditionalOnClass did not find required class 'com.couchbase.client.java.Bucket' (OnClassCondition)

   CouchbaseReactiveDataAutoConfiguration:
      Did not match:
         - @ConditionalOnClass did not find required class 'com.couchbase.client.java.Cluster' (OnClassCondition)

   CouchbaseReactiveRepositoriesAutoConfiguration:
      Did not match:
         - @ConditionalOnClass did not find required class 'com.couchbase.client.java.Cluster' (OnClassCondition)

   CouchbaseRepositoriesAutoConfiguration:
      Did not match:
         - @ConditionalOnClass did not find required class 'com.couchbase.client.java.Bucket' (OnClassCondition)

   DataSourceAutoConfiguration.EmbeddedDatabaseConfiguration:
      Did not match:
         - EmbeddedDataSource spring.datasource.url is set (DataSourceAutoConfiguration.EmbeddedDatabaseCondition)

   DataSourceConfiguration.Dbcp2:
      Did not match:
         - @ConditionalOnClass did not find required class 'org.apache.commons.dbcp2.BasicDataSource' (OnClassCondition)

   DataSourceConfiguration.Generic:
      Did not match:
         - @ConditionalOnProperty (spring.datasource.type) did not find property 'spring.datasource.type' (OnPropertyCondition)

   DataSourceConfiguration.OracleUcp:
      Did not match:
         - @ConditionalOnClass did not find required classes 'oracle.ucp.jdbc.PoolDataSourceImpl', 'oracle.jdbc.OracleConnection' (OnClassCondition)

   DataSourceConfiguration.Tomcat:
      Did not match:
         - @ConditionalOnClass did not find required class 'org.apache.tomcat.jdbc.pool.DataSource' (OnClassCondition)

   DataSourceJmxConfiguration.TomcatDataSourceJmxConfiguration:
      Did not match:
         - @ConditionalOnClass did not find required class 'org.apache.tomcat.jdbc.pool.DataSourceProxy' (OnClassCondition)

   DataSourcePoolMetadataProvidersConfiguration.CommonsDbcp2PoolDataSourceMetadataProviderConfiguration:
      Did not match:
         - @ConditionalOnClass did not find required class 'org.apache.commons.dbcp2.BasicDataSource' (OnClassCondition)

   DataSourcePoolMetadataProvidersConfiguration.OracleUcpPoolDataSourceMetadataProviderConfiguration:
      Did not match:
         - @ConditionalOnClass did not find required classes 'oracle.ucp.jdbc.PoolDataSource', 'oracle.jdbc.OracleConnection' (OnClassCondition)

   DataSourcePoolMetadataProvidersConfiguration.TomcatDataSourcePoolMetadataProviderConfiguration:
      Did not match:
         - @ConditionalOnClass did not find required class 'org.apache.tomcat.jdbc.pool.DataSource' (OnClassCondition)

   DispatcherServletAutoConfiguration.DispatcherServletConfiguration#multipartResolver:
      Did not match:
         - @ConditionalOnBean (types: org.springframework.web.multipart.MultipartResolver; SearchStrategy: all) did not find any beans of type org.springframework.web.multipart.MultipartResolver (OnBeanCondition)

   EhCacheCacheConfiguration:
      Did not match:
         - @ConditionalOnClass did not find required class 'net.sf.ehcache.Cache' (OnClassCondition)

   ElasticsearchDataAutoConfiguration:
      Did not match:
         - @ConditionalOnClass did not find required class 'org.springframework.data.elasticsearch.core.ElasticsearchRestTemplate' (OnClassCondition)

   ElasticsearchRepositoriesAutoConfiguration:
      Did not match:
         - @ConditionalOnClass did not find required class 'org.elasticsearch.client.Client' (OnClassCondition)

   ElasticsearchRestClientAutoConfiguration:
      Did not match:
         - @ConditionalOnClass did not find required class 'org.elasticsearch.client.RestClientBuilder' (OnClassCondition)

   EmbeddedLdapAutoConfiguration:
      Did not match:
         - @ConditionalOnClass did not find required class 'com.unboundid.ldap.listener.InMemoryDirectoryServer' (OnClassCondition)

   EmbeddedMongoAutoConfiguration:
      Did not match:
         - @ConditionalOnClass did not find required class 'com.mongodb.MongoClientSettings' (OnClassCondition)

   EmbeddedWebServerFactoryCustomizerAutoConfiguration.JettyWebServerFactoryCustomizerConfiguration:
      Did not match:
         - @ConditionalOnClass did not find required classes 'org.eclipse.jetty.server.Server', 'org.eclipse.jetty.util.Loader', 'org.eclipse.jetty.webapp.WebAppContext' (OnClassCondition)

   EmbeddedWebServerFactoryCustomizerAutoConfiguration.NettyWebServerFactoryCustomizerConfiguration:
      Did not match:
         - @ConditionalOnClass did not find required class 'reactor.netty.http.server.HttpServer' (OnClassCondition)

   EmbeddedWebServerFactoryCustomizerAutoConfiguration.UndertowWebServerFactoryCustomizerConfiguration:
      Did not match:
         - @ConditionalOnClass did not find required classes 'io.undertow.Undertow', 'org.xnio.SslClientAuthMode' (OnClassCondition)

   ErrorWebFluxAutoConfiguration:
      Did not match:
         - @ConditionalOnClass did not find required class 'org.springframework.web.reactive.config.WebFluxConfigurer' (OnClassCondition)

   FlywayAutoConfiguration:
      Did not match:
         - @ConditionalOnClass did not find required class 'org.flywaydb.core.Flyway' (OnClassCondition)

   FreeMarkerAutoConfiguration:
      Did not match:
         - @ConditionalOnClass did not find required class 'freemarker.template.Configuration' (OnClassCondition)

   GraphQlAutoConfiguration:
      Did not match:
         - @ConditionalOnClass did not find required class 'graphql.GraphQL' (OnClassCondition)

   GraphQlQueryByExampleAutoConfiguration:
      Did not match:
         - @ConditionalOnClass did not find required class 'graphql.GraphQL' (OnClassCondition)

   GraphQlQuerydslAutoConfiguration:
      Did not match:
         - @ConditionalOnClass did not find required class 'graphql.GraphQL' (OnClassCondition)

   GraphQlRSocketAutoConfiguration:
      Did not match:
         - @ConditionalOnClass did not find required class 'graphql.GraphQL' (OnClassCondition)

   GraphQlReactiveQueryByExampleAutoConfiguration:
      Did not match:
         - @ConditionalOnClass did not find required class 'graphql.GraphQL' (OnClassCondition)

   GraphQlReactiveQuerydslAutoConfiguration:
      Did not match:
         - @ConditionalOnClass did not find required class 'graphql.GraphQL' (OnClassCondition)

   GraphQlWebFluxAutoConfiguration:
      Did not match:
         - @ConditionalOnClass did not find required class 'graphql.GraphQL' (OnClassCondition)

   GraphQlWebFluxSecurityAutoConfiguration:
      Did not match:
         - @ConditionalOnClass did not find required class 'graphql.GraphQL' (OnClassCondition)

   GraphQlWebMvcAutoConfiguration:
      Did not match:
         - @ConditionalOnClass did not find required class 'graphql.GraphQL' (OnClassCondition)

   GraphQlWebMvcSecurityAutoConfiguration:
      Did not match:
         - @ConditionalOnClass did not find required class 'graphql.GraphQL' (OnClassCondition)

   GroovyTemplateAutoConfiguration:
      Did not match:
         - @ConditionalOnClass did not find required class 'groovy.text.markup.MarkupTemplateEngine' (OnClassCondition)

   GsonAutoConfiguration:
      Did not match:
         - @ConditionalOnClass did not find required class 'com.google.gson.Gson' (OnClassCondition)

   GsonHttpMessageConvertersConfiguration:
      Did not match:
         - @ConditionalOnClass did not find required class 'com.google.gson.Gson' (OnClassCondition)

   H2ConsoleAutoConfiguration:
      Did not match:
         - @ConditionalOnClass did not find required class 'org.h2.server.web.WebServlet' (OnClassCondition)

   HazelcastAutoConfiguration:
      Did not match:
         - @ConditionalOnClass did not find required class 'com.hazelcast.core.HazelcastInstance' (OnClassCondition)

   HazelcastCacheConfiguration:
      Did not match:
         - @ConditionalOnClass did not find required class 'com.hazelcast.core.HazelcastInstance' (OnClassCondition)

   HazelcastJpaDependencyAutoConfiguration:
      Did not match:
         - @ConditionalOnClass did not find required class 'com.hazelcast.core.HazelcastInstance' (OnClassCondition)

   HibernateJpaAutoConfiguration:
      Did not match:
         - @ConditionalOnClass did not find required class 'javax.persistence.EntityManager' (OnClassCondition)

   HttpHandlerAutoConfiguration:
      Did not match:
         - @ConditionalOnClass did not find required class 'org.springframework.web.reactive.DispatcherHandler' (OnClassCondition)

   HypermediaAutoConfiguration:
      Did not match:
         - @ConditionalOnClass did not find required class 'org.springframework.hateoas.EntityModel' (OnClassCondition)

   InfinispanCacheConfiguration:
      Did not match:
         - @ConditionalOnClass did not find required class 'org.infinispan.spring.embedded.provider.SpringEmbeddedCacheManager' (OnClassCondition)

   InfluxDbAutoConfiguration:
      Did not match:
         - @ConditionalOnClass did not find required class 'org.influxdb.InfluxDB' (OnClassCondition)

   IntegrationAutoConfiguration:
      Did not match:
         - @ConditionalOnClass did not find required class 'org.springframework.integration.config.EnableIntegration' (OnClassCondition)

   JCacheCacheConfiguration:
      Did not match:
         - @ConditionalOnClass did not find required class 'javax.cache.Caching' (OnClassCondition)

   JacksonHttpMessageConvertersConfiguration.MappingJackson2XmlHttpMessageConverterConfiguration:
      Did not match:
         - @ConditionalOnClass did not find required class 'com.fasterxml.jackson.dataformat.xml.XmlMapper' (OnClassCondition)

   JdbcRepositoriesAutoConfiguration:
      Did not match:
         - @ConditionalOnClass did not find required class 'org.springframework.data.jdbc.repository.config.AbstractJdbcConfiguration' (OnClassCondition)

   JdbcTemplateConfiguration:
      Did not match:
         - @ConditionalOnMissingBean (types: org.springframework.jdbc.core.JdbcOperations; SearchStrategy: all) found beans of type 'org.springframework.jdbc.core.JdbcOperations' jdbcTemplate, centralJdbcTemplate, tigohogarJdbcTemplate (OnBeanCondition)

   JerseyAutoConfiguration:
      Did not match:
         - @ConditionalOnClass did not find required class 'org.glassfish.jersey.server.spring.SpringComponentProvider' (OnClassCondition)

   JmsAutoConfiguration:
      Did not match:
         - @ConditionalOnClass did not find required class 'javax.jms.Message' (OnClassCondition)

   JmxAutoConfiguration:
      Did not match:
         - @ConditionalOnProperty (spring.jmx.enabled=true) did not find property 'enabled' (OnPropertyCondition)
      Matched:
         - @ConditionalOnClass found required class 'org.springframework.jmx.export.MBeanExporter' (OnClassCondition)

   JndiConnectionFactoryAutoConfiguration:
      Did not match:
         - @ConditionalOnClass did not find required class 'org.springframework.jms.core.JmsTemplate' (OnClassCondition)

   JndiDataSourceAutoConfiguration:
      Did not match:
         - @ConditionalOnProperty (spring.datasource.jndi-name) did not find property 'jndi-name' (OnPropertyCondition)
      Matched:
         - @ConditionalOnClass found required classes 'javax.sql.DataSource', 'org.springframework.jdbc.datasource.embedded.EmbeddedDatabaseType' (OnClassCondition)

   JooqAutoConfiguration:
      Did not match:
         - @ConditionalOnClass did not find required class 'org.jooq.DSLContext' (OnClassCondition)

   JpaRepositoriesAutoConfiguration:
      Did not match:
         - @ConditionalOnClass did not find required class 'org.springframework.data.jpa.repository.JpaRepository' (OnClassCondition)

   JsonbAutoConfiguration:
      Did not match:
         - @ConditionalOnClass did not find required class 'javax.json.bind.Jsonb' (OnClassCondition)

   JsonbHttpMessageConvertersConfiguration:
      Did not match:
         - @ConditionalOnClass did not find required class 'javax.json.bind.Jsonb' (OnClassCondition)

   JtaAutoConfiguration:
      Did not match:
         - @ConditionalOnClass did not find required class 'javax.transaction.Transaction' (OnClassCondition)

   KafkaAutoConfiguration:
      Did not match:
         - @ConditionalOnClass did not find required class 'org.springframework.kafka.core.KafkaTemplate' (OnClassCondition)

   LdapAutoConfiguration:
      Did not match:
         - @ConditionalOnClass did not find required class 'org.springframework.ldap.core.ContextSource' (OnClassCondition)

   LdapRepositoriesAutoConfiguration:
      Did not match:
         - @ConditionalOnClass did not find required class 'org.springframework.data.ldap.repository.LdapRepository' (OnClassCondition)

   LiquibaseAutoConfiguration:
      Did not match:
         - @ConditionalOnClass did not find required class 'liquibase.change.DatabaseChange' (OnClassCondition)

   MailSenderJndiConfiguration:
      Did not match:
         - @ConditionalOnProperty (spring.mail.jndi-name) did not find property 'jndi-name' (OnPropertyCondition)
      Matched:
         - @ConditionalOnClass found required class 'javax.mail.Session' (OnClassCondition)

   MailSenderValidatorAutoConfiguration:
      Did not match:
         - @ConditionalOnProperty (spring.mail.test-connection) did not find property 'test-connection' (OnPropertyCondition)

   MessageSourceAutoConfiguration:
      Did not match:
         - ResourceBundle did not find bundle with basename messages (MessageSourceAutoConfiguration.ResourceBundleCondition)

   MongoAutoConfiguration:
      Did not match:
         - @ConditionalOnClass did not find required class 'com.mongodb.client.MongoClient' (OnClassCondition)

   MongoDataAutoConfiguration:
      Did not match:
         - @ConditionalOnClass did not find required class 'com.mongodb.client.MongoClient' (OnClassCondition)

   MongoReactiveAutoConfiguration:
      Did not match:
         - @ConditionalOnClass did not find required class 'com.mongodb.reactivestreams.client.MongoClient' (OnClassCondition)

   MongoReactiveDataAutoConfiguration:
      Did not match:
         - @ConditionalOnClass did not find required class 'com.mongodb.reactivestreams.client.MongoClient' (OnClassCondition)

   MongoReactiveRepositoriesAutoConfiguration:
      Did not match:
         - @ConditionalOnClass did not find required class 'com.mongodb.reactivestreams.client.MongoClient' (OnClassCondition)

   MongoRepositoriesAutoConfiguration:
      Did not match:
         - @ConditionalOnClass did not find required class 'com.mongodb.client.MongoClient' (OnClassCondition)

   MultipleOpenApiSupportConfiguration:
      Did not match:
         - AnyNestedCondition 0 matched 2 did not; NestedCondition on MultipleOpenApiSupportCondition.OnActuatorDifferentPort @ConditionalOnProperty (springdoc.show-actuator) did not find property 'springdoc.show-actuator'; NestedCondition on MultipleOpenApiSupportCondition.OnMultipleOpenApiSupportCondition AnyNestedCondition 0 matched 2 did not; NestedCondition on MultipleOpenApiGroupsCondition.OnGroupConfigProperty @ConditionalOnProperty (springdoc.group-configs[0].group) did not find property 'springdoc.group-configs[0].group'; NestedCondition on MultipleOpenApiGroupsCondition.OnGroupedOpenApiBean @ConditionalOnBean (types: org.springdoc.core.GroupedOpenApi; SearchStrategy: all) did not find any beans of type org.springdoc.core.GroupedOpenApi (MultipleOpenApiSupportCondition)
      Matched:
         - found 'session' scope (OnWebApplicationCondition)
         - @ConditionalOnProperty (springdoc.api-docs.enabled) matched (OnPropertyCondition)

   MultipleOpenApiSupportConfiguration.SpringDocWebMvcActuatorDifferentConfiguration:
      Did not match:
         - @ConditionalOnClass did not find required class 'org.springframework.boot.actuate.endpoint.web.servlet.WebMvcEndpointHandlerMapping' (OnClassCondition)
         - Ancestor org.springdoc.webmvc.core.MultipleOpenApiSupportConfiguration did not match (ConditionEvaluationReport.AncestorsMatchedCondition)

   MustacheAutoConfiguration:
      Did not match:
         - @ConditionalOnClass did not find required class 'com.samskivert.mustache.Mustache' (OnClassCondition)

   Neo4jAutoConfiguration:
      Did not match:
         - @ConditionalOnClass did not find required class 'org.neo4j.driver.Driver' (OnClassCondition)

   Neo4jDataAutoConfiguration:
      Did not match:
         - @ConditionalOnClass did not find required class 'org.neo4j.driver.Driver' (OnClassCondition)

   Neo4jReactiveDataAutoConfiguration:
      Did not match:
         - @ConditionalOnClass did not find required class 'org.neo4j.driver.Driver' (OnClassCondition)

   Neo4jReactiveRepositoriesAutoConfiguration:
      Did not match:
         - @ConditionalOnClass did not find required class 'org.neo4j.driver.Driver' (OnClassCondition)

   Neo4jRepositoriesAutoConfiguration:
      Did not match:
         - @ConditionalOnClass did not find required class 'org.neo4j.driver.Driver' (OnClassCondition)

   NettyAutoConfiguration:
      Did not match:
         - @ConditionalOnClass did not find required class 'io.netty.util.NettyRuntime' (OnClassCondition)

   OAuth2ClientAutoConfiguration:
      Did not match:
         - @ConditionalOnClass did not find required class 'org.springframework.security.config.annotation.web.configuration.EnableWebSecurity' (OnClassCondition)

   OAuth2ResourceServerAutoConfiguration:
      Did not match:
         - @ConditionalOnClass did not find required class 'org.springframework.security.oauth2.server.resource.BearerTokenAuthenticationToken' (OnClassCondition)

   ProjectInfoAutoConfiguration#buildProperties:
      Did not match:
         - @ConditionalOnResource did not find resource '${spring.info.build.location:classpath:META-INF/build-info.properties}' (OnResourceCondition)

   ProjectInfoAutoConfiguration#gitProperties:
      Did not match:
         - GitResource did not find git info at classpath:git.properties (ProjectInfoAutoConfiguration.GitResourceAvailableCondition)

   QuartzAutoConfiguration:
      Did not match:
         - @ConditionalOnClass did not find required class 'org.quartz.Scheduler' (OnClassCondition)

   R2dbcAutoConfiguration:
      Did not match:
         - @ConditionalOnClass did not find required class 'io.r2dbc.spi.ConnectionFactory' (OnClassCondition)

   R2dbcDataAutoConfiguration:
      Did not match:
         - @ConditionalOnClass did not find required class 'org.springframework.data.r2dbc.core.R2dbcEntityTemplate' (OnClassCondition)

   R2dbcInitializationConfiguration:
      Did not match:
         - @ConditionalOnClass did not find required classes 'io.r2dbc.spi.ConnectionFactory', 'org.springframework.r2dbc.connection.init.DatabasePopulator' (OnClassCondition)

   R2dbcRepositoriesAutoConfiguration:
      Did not match:
         - @ConditionalOnClass did not find required class 'io.r2dbc.spi.ConnectionFactory' (OnClassCondition)

   R2dbcTransactionManagerAutoConfiguration:
      Did not match:
         - @ConditionalOnClass did not find required class 'org.springframework.r2dbc.connection.R2dbcTransactionManager' (OnClassCondition)

   RSocketGraphQlClientAutoConfiguration:
      Did not match:
         - @ConditionalOnClass did not find required class 'graphql.GraphQL' (OnClassCondition)

   RSocketMessagingAutoConfiguration:
      Did not match:
         - @ConditionalOnClass did not find required class 'io.rsocket.RSocket' (OnClassCondition)

   RSocketRequesterAutoConfiguration:
      Did not match:
         - @ConditionalOnClass did not find required class 'io.rsocket.RSocket' (OnClassCondition)

   RSocketSecurityAutoConfiguration:
      Did not match:
         - @ConditionalOnClass did not find required class 'org.springframework.security.rsocket.core.SecuritySocketAcceptorInterceptor' (OnClassCondition)

   RSocketServerAutoConfiguration:
      Did not match:
         - @ConditionalOnClass did not find required class 'io.rsocket.core.RSocketServer' (OnClassCondition)

   RSocketStrategiesAutoConfiguration:
      Did not match:
         - @ConditionalOnClass did not find required class 'io.netty.buffer.PooledByteBufAllocator' (OnClassCondition)

   RabbitAutoConfiguration:
      Did not match:
         - @ConditionalOnClass did not find required class 'com.rabbitmq.client.Channel' (OnClassCondition)

   ReactiveElasticsearchRepositoriesAutoConfiguration:
      Did not match:
         - @ConditionalOnClass did not find required class 'org.springframework.data.elasticsearch.client.reactive.ReactiveElasticsearchClient' (OnClassCondition)

   ReactiveElasticsearchRestClientAutoConfiguration:
      Did not match:
         - @ConditionalOnClass did not find required class 'reactor.netty.http.client.HttpClient' (OnClassCondition)

   ReactiveMultipartAutoConfiguration:
      Did not match:
         - @ConditionalOnClass did not find required class 'org.springframework.web.reactive.config.WebFluxConfigurer' (OnClassCondition)

   ReactiveOAuth2ClientAutoConfiguration:
      Did not match:
         - @ConditionalOnClass did not find required class 'reactor.core.publisher.Flux' (OnClassCondition)

   ReactiveOAuth2ResourceServerAutoConfiguration:
      Did not match:
         - @ConditionalOnClass did not find required class 'org.springframework.security.config.annotation.web.reactive.EnableWebFluxSecurity' (OnClassCondition)

   ReactiveSecurityAutoConfiguration:
      Did not match:
         - @ConditionalOnClass did not find required class 'reactor.core.publisher.Flux' (OnClassCondition)

   ReactiveUserDetailsServiceAutoConfiguration:
      Did not match:
         - @ConditionalOnClass did not find required class 'org.springframework.security.authentication.ReactiveAuthenticationManager' (OnClassCondition)

   ReactiveWebServerFactoryAutoConfiguration:
      Did not match:
         - @ConditionalOnWebApplication did not find reactive web application classes (OnWebApplicationCondition)

   RedisAutoConfiguration:
      Did not match:
         - @ConditionalOnClass did not find required class 'org.springframework.data.redis.core.RedisOperations' (OnClassCondition)

   RedisCacheConfiguration:
      Did not match:
         - @ConditionalOnClass did not find required class 'org.springframework.data.redis.connection.RedisConnectionFactory' (OnClassCondition)

   RedisReactiveAutoConfiguration:
      Did not match:
         - @ConditionalOnClass did not find required class 'reactor.core.publisher.Flux' (OnClassCondition)

   RedisRepositoriesAutoConfiguration:
      Did not match:
         - @ConditionalOnClass did not find required class 'org.springframework.data.redis.repository.configuration.EnableRedisRepositories' (OnClassCondition)

   RepositoryRestMvcAutoConfiguration:
      Did not match:
         - @ConditionalOnClass did not find required class 'org.springframework.data.rest.webmvc.config.RepositoryRestMvcConfiguration' (OnClassCondition)

   Saml2RelyingPartyAutoConfiguration:
      Did not match:
         - @ConditionalOnClass did not find required class 'org.springframework.security.saml2.provider.service.registration.RelyingPartyRegistrationRepository' (OnClassCondition)

   SecurityAutoConfiguration:
      Did not match:
         - @ConditionalOnClass did not find required class 'org.springframework.security.authentication.DefaultAuthenticationEventPublisher' (OnClassCondition)

   SecurityFilterAutoConfiguration:
      Did not match:
         - @ConditionalOnClass did not find required class 'org.springframework.security.config.http.SessionCreationPolicy' (OnClassCondition)

   SendGridAutoConfiguration:
      Did not match:
         - @ConditionalOnClass did not find required class 'com.sendgrid.SendGrid' (OnClassCondition)

   ServletWebServerFactoryAutoConfiguration.ForwardedHeaderFilterConfiguration:
      Did not match:
         - @ConditionalOnProperty (server.forward-headers-strategy=framework) did not find property 'server.forward-headers-strategy' (OnPropertyCondition)

   ServletWebServerFactoryConfiguration.EmbeddedJetty:
      Did not match:
         - @ConditionalOnClass did not find required classes 'org.eclipse.jetty.server.Server', 'org.eclipse.jetty.util.Loader', 'org.eclipse.jetty.webapp.WebAppContext' (OnClassCondition)

   ServletWebServerFactoryConfiguration.EmbeddedUndertow:
      Did not match:
         - @ConditionalOnClass did not find required classes 'io.undertow.Undertow', 'org.xnio.SslClientAuthMode' (OnClassCondition)

   SessionAutoConfiguration:
      Did not match:
         - @ConditionalOnClass did not find required class 'org.springframework.session.Session' (OnClassCondition)

   SolrAutoConfiguration:
      Did not match:
         - @ConditionalOnClass did not find required class 'org.apache.solr.client.solrj.impl.CloudSolrClient' (OnClassCondition)

   SpringApplicationAdminJmxAutoConfiguration:
      Did not match:
         - @ConditionalOnProperty (spring.application.admin.enabled=true) did not find property 'enabled' (OnPropertyCondition)

   SpringDataWebAutoConfiguration:
      Did not match:
         - @ConditionalOnClass did not find required class 'org.springframework.data.web.PageableHandlerMethodArgumentResolver' (OnClassCondition)

   SpringDocConfiguration#propertiesResolverForSchema:
      Did not match:
         - @ConditionalOnProperty (springdoc.api-docs.resolve-schema-properties) did not find property 'springdoc.api-docs.resolve-schema-properties' (OnPropertyCondition)

   SpringDocConfiguration#propertyCustomizingConverter:
      Did not match:
         - @ConditionalOnBean (types: org.springdoc.core.customizers.PropertyCustomizer; SearchStrategy: all) did not find any beans of type org.springdoc.core.customizers.PropertyCustomizer (OnBeanCondition)

   SpringDocConfiguration#springdocBeanFactoryPostProcessor:
      Did not match:
         - AnyNestedCondition 0 matched 2 did not; NestedCondition on CacheOrGroupedOpenApiCondition.OnCacheDisabled found non-matching nested conditions @ConditionalOnProperty (springdoc.cache.disabled) did not find property 'springdoc.cache.disabled'; NestedCondition on CacheOrGroupedOpenApiCondition.OnMultipleOpenApiSupportCondition AnyNestedCondition 0 matched 2 did not; NestedCondition on MultipleOpenApiSupportCondition.OnActuatorDifferentPort @ConditionalOnProperty (springdoc.show-actuator) did not find property 'springdoc.show-actuator'; NestedCondition on MultipleOpenApiSupportCondition.OnMultipleOpenApiSupportCondition AnyNestedCondition 0 matched 2 did not; NestedCondition on MultipleOpenApiGroupsCondition.OnGroupConfigProperty @ConditionalOnProperty (springdoc.group-configs[0].group) did not find property 'springdoc.group-configs[0].group'; NestedCondition on MultipleOpenApiGroupsCondition.OnGroupedOpenApiBean @ConditionalOnBean (types: org.springdoc.core.GroupedOpenApi; SearchStrategy: all) did not find any beans of type org.springdoc.core.GroupedOpenApi (CacheOrGroupedOpenApiCondition)
      Matched:
         - @ConditionalOnClass found required class 'org.springframework.boot.context.properties.bind.BindResult' (OnClassCondition)

   SpringDocConfiguration#springdocBeanFactoryPostProcessor2:
      Did not match:
         - @ConditionalOnMissingClass found unwanted class 'org.springframework.boot.context.properties.bind.BindResult' (OnClassCondition)

   SpringDocConfiguration.SpringDocActuatorConfiguration:
      Did not match:
         - @ConditionalOnClass did not find required class 'org.springframework.boot.actuate.autoconfigure.endpoint.web.WebEndpointProperties' (OnClassCondition)

   SpringDocConfiguration.SpringDocFunctionCatalogConfiguration:
      Did not match:
         - @ConditionalOnClass did not find required class 'org.springframework.cloud.function.web.function.FunctionEndpointInitializer' (OnClassCondition)

   SpringDocConfiguration.SpringDocPageableConfiguration:
      Did not match:
         - @ConditionalOnClass did not find required class 'org.springframework.data.domain.Pageable' (OnClassCondition)

   SpringDocConfiguration.SpringDocRepositoryRestConfiguration:
      Did not match:
         - @ConditionalOnClass did not find required class 'org.springframework.data.rest.core.config.RepositoryRestConfiguration' (OnClassCondition)

   SpringDocConfiguration.SpringDocSortConfiguration:
      Did not match:
         - @ConditionalOnClass did not find required class 'org.springframework.data.domain.Sort' (OnClassCondition)

   SpringDocConfiguration.SpringDocWebFluxSupportConfiguration:
      Did not match:
         - @ConditionalOnClass did not find required class 'reactor.core.publisher.Flux' (OnClassCondition)

   SpringDocWebMvcConfiguration.SpringDocWebMvcActuatorConfiguration:
      Did not match:
         - @ConditionalOnClass did not find required class 'org.springframework.boot.actuate.endpoint.web.servlet.WebMvcEndpointHandlerMapping' (OnClassCondition)

   SwaggerConfig#springWebProvider:
      Did not match:
         - @ConditionalOnMissingBean (types: org.springdoc.core.providers.SpringWebProvider; SearchStrategy: all) found beans of type 'org.springdoc.core.providers.SpringWebProvider' springWebProvider (OnBeanCondition)

   SwaggerConfig#swaggerUiConfigParameters:
      Did not match:
         - @ConditionalOnMissingBean (types: org.springdoc.core.SwaggerUiConfigParameters; SearchStrategy: all) found beans of type 'org.springdoc.core.SwaggerUiConfigParameters' org.springdoc.core.SwaggerUiConfigParameters (OnBeanCondition)

   SwaggerConfig#swaggerUiHome:
      Did not match:
         - @ConditionalOnProperty (springdoc.swagger-ui.use-root-path=true) did not find property 'springdoc.swagger-ui.use-root-path' (OnPropertyCondition)

   SwaggerConfig.SwaggerActuatorWelcomeConfiguration:
      Did not match:
         - @ConditionalOnClass did not find required class 'org.springframework.boot.actuate.endpoint.web.servlet.WebMvcEndpointHandlerMapping' (OnClassCondition)

   TaskSchedulingAutoConfiguration#scheduledBeanLazyInitializationExcludeFilter:
      Did not match:
         - @ConditionalOnBean (names: org.springframework.context.annotation.internalScheduledAnnotationProcessor; SearchStrategy: all) did not find any beans named org.springframework.context.annotation.internalScheduledAnnotationProcessor (OnBeanCondition)

   TaskSchedulingAutoConfiguration#taskScheduler:
      Did not match:
         - @ConditionalOnBean (names: org.springframework.context.annotation.internalScheduledAnnotationProcessor; SearchStrategy: all) did not find any beans named org.springframework.context.annotation.internalScheduledAnnotationProcessor (OnBeanCondition)

   ThymeleafAutoConfiguration:
      Did not match:
         - @ConditionalOnClass did not find required class 'org.thymeleaf.spring5.SpringTemplateEngine' (OnClassCondition)

   TransactionAutoConfiguration#transactionalOperator:
      Did not match:
         - @ConditionalOnSingleCandidate (types: org.springframework.transaction.ReactiveTransactionManager; SearchStrategy: all) did not find any beans (OnBeanCondition)

   TransactionAutoConfiguration.AspectJTransactionManagementConfiguration:
      Did not match:
         - @ConditionalOnBean did not find required type 'org.springframework.transaction.aspectj.AbstractTransactionAspect' (OnBeanCondition)
         - @ConditionalOnBean (types: org.springframework.transaction.aspectj.AbstractTransactionAspect; SearchStrategy: all) did not find any beans of type org.springframework.transaction.aspectj.AbstractTransactionAspect (OnBeanCondition)

   TransactionAutoConfiguration.EnableTransactionManagementConfiguration.JdkDynamicAutoProxyConfiguration:
      Did not match:
         - @ConditionalOnProperty (spring.aop.proxy-target-class=false) did not find property 'proxy-target-class' (OnPropertyCondition)

   UserDetailsServiceAutoConfiguration:
      Did not match:
         - @ConditionalOnClass did not find required class 'org.springframework.security.authentication.AuthenticationManager' (OnClassCondition)

   WebClientAutoConfiguration:
      Did not match:
         - @ConditionalOnClass did not find required class 'org.springframework.web.reactive.function.client.WebClient' (OnClassCondition)

   WebFluxAutoConfiguration:
      Did not match:
         - @ConditionalOnClass did not find required class 'org.springframework.web.reactive.config.WebFluxConfigurer' (OnClassCondition)

   WebMvcAutoConfiguration#hiddenHttpMethodFilter:
      Did not match:
         - @ConditionalOnProperty (spring.mvc.hiddenmethod.filter.enabled) did not find property 'enabled' (OnPropertyCondition)

   WebMvcAutoConfiguration.ResourceChainCustomizerConfiguration:
      Did not match:
         - @ConditionalOnEnabledResourceChain did not find class org.webjars.WebJarAssetLocator (OnEnabledResourceChainCondition)

   WebMvcAutoConfiguration.WebMvcAutoConfigurationAdapter#beanNameViewResolver:
      Did not match:
         - @ConditionalOnMissingBean (types: org.springframework.web.servlet.view.BeanNameViewResolver; SearchStrategy: all) found beans of type 'org.springframework.web.servlet.view.BeanNameViewResolver' beanNameViewResolver (OnBeanCondition)

   WebServiceTemplateAutoConfiguration:
      Did not match:
         - @ConditionalOnClass did not find required class 'org.springframework.oxm.Marshaller' (OnClassCondition)

   WebServicesAutoConfiguration:
      Did not match:
         - @ConditionalOnClass did not find required class 'org.springframework.ws.transport.http.MessageDispatcherServlet' (OnClassCondition)

   WebSessionIdResolverAutoConfiguration:
      Did not match:
         - @ConditionalOnClass did not find required class 'reactor.core.publisher.Mono' (OnClassCondition)

   WebSocketMessagingAutoConfiguration:
      Did not match:
         - @ConditionalOnClass did not find required class 'org.springframework.web.socket.config.annotation.WebSocketMessageBrokerConfigurer' (OnClassCondition)

   WebSocketReactiveAutoConfiguration:
      Did not match:
         - @ConditionalOnWebApplication did not find reactive web application classes (OnWebApplicationCondition)

   WebSocketServletAutoConfiguration.Jetty10WebSocketConfiguration:
      Did not match:
         - @ConditionalOnClass did not find required classes 'org.eclipse.jetty.websocket.javax.server.internal.JavaxWebSocketServerContainer', 'org.eclipse.jetty.websocket.server.JettyWebSocketServerContainer' (OnClassCondition)

   WebSocketServletAutoConfiguration.JettyWebSocketConfiguration:
      Did not match:
         - @ConditionalOnClass did not find required class 'org.eclipse.jetty.websocket.jsr356.server.deploy.WebSocketServerContainerInitializer' (OnClassCondition)

   WebSocketServletAutoConfiguration.UndertowWebSocketConfiguration:
      Did not match:
         - @ConditionalOnClass did not find required class 'io.undertow.websockets.jsr.Bootstrap' (OnClassCondition)

   XADataSourceAutoConfiguration:
      Did not match:
         - @ConditionalOnClass did not find required class 'javax.transaction.TransactionManager' (OnClassCondition)


Exclusions:
-----------

    None


Unconditional classes:
----------------------

    org.springframework.boot.autoconfigure.context.ConfigurationPropertiesAutoConfiguration

    org.springframework.boot.autoconfigure.context.LifecycleAutoConfiguration

    org.springframework.boot.autoconfigure.context.PropertyPlaceholderAutoConfiguration

    org.springframework.boot.autoconfigure.availability.ApplicationAvailabilityAutoConfiguration

    org.springframework.boot.autoconfigure.info.ProjectInfoAutoConfiguration



2026-08-05 17:39:26.775  INFO 548 --- [           main] c.e.T.TigoStarSystemApplication          : Started TigoStarSystemApplication in 9.753 seconds (JVM running for 10.686)
2026-08-05 17:39:26.780 DEBUG 548 --- [           main] o.s.b.a.ApplicationAvailabilityBean      : Application availability state LivenessState changed to CORRECT
2026-08-05 17:39:26.783  INFO 548 --- [           main] c.e.T.config.StartupInfoLogger           : spring.profiles.active=[]
2026-08-05 17:39:26.785  INFO 548 --- [           main] c.e.T.config.StartupInfoLogger           : spring.datasource.url=jdbc:jtds:sqlserver://tigo.makiro.com.bo/BDSistemaAntenaPM;socketTimeout=0;loginTimeout=60
2026-08-05 17:39:26.786  INFO 548 --- [           main] c.e.T.config.StartupInfoLogger           : spring.datasource.driver-class-name=net.sourceforge.jtds.jdbc.Driver
2026-08-05 17:39:26.787  INFO 548 --- [           main] c.e.T.config.StartupInfoLogger           : app.central.datasource.url=jdbc:jtds:sqlserver://172.16.0.13/BDControlOrdenes
2026-08-05 17:39:26.788  INFO 548 --- [           main] c.e.T.config.StartupInfoLogger           : app.central.datasource.driver-class-name=net.sourceforge.jtds.jdbc.Driver
2026-08-05 17:39:26.789  INFO 548 --- [           main] c.e.T.config.StartupInfoLogger           : app.cuadrilla.mail.enabled=true
2026-08-05 17:39:26.791  INFO 548 --- [           main] c.e.T.config.StartupInfoLogger           : app.cuadrilla.mail.to=cabrerajosue715@gmail.com
2026-08-05 17:39:26.792  INFO 548 --- [           main] c.e.T.config.StartupInfoLogger           : app.cuadrilla.mail.from=sistemas_sc@makiro.com.bo
2026-08-05 17:39:26.794  INFO 548 --- [           main] c.e.T.config.StartupInfoLogger           : spring.mail.host=vps-1537170-x.dattaweb.com
2026-08-05 17:39:26.795  INFO 548 --- [           main] c.e.T.config.StartupInfoLogger           : spring.mail.port=587
2026-08-05 17:39:26.796  INFO 548 --- [           main] c.e.T.config.StartupInfoLogger           : java.version=21.0.8
2026-08-05 17:39:26.797  INFO 548 --- [           main] c.e.T.config.StartupInfoLogger           : java.home=C:\Program Files\Java\jdk-21
2026-08-05 17:39:26.798  INFO 548 --- [           main] c.e.T.config.StartupInfoLogger           : java.security.properties=null
2026-08-05 17:39:26.799  INFO 548 --- [           main] c.e.T.config.StartupInfoLogger           : jdk.tls.client.protocols=null
2026-08-05 17:39:26.800  INFO 548 --- [           main] c.e.T.config.StartupInfoLogger           : https.protocols=null
2026-08-05 17:39:26.801  INFO 548 --- [           main] c.e.T.config.StartupInfoLogger           : jdk.tls.disabledAlgorithms=SSLv3, TLSv1.1, DTLSv1.0, RC4, DES, MD5withRSA, DH keySize < 1024, EC keySize < 224, 3DES_EDE_CBC, anon, NULL, ECDH
2026-08-05 17:39:26.804 DEBUG 548 --- [           main] o.s.b.a.ApplicationAvailabilityBean      : Application availability state ReadinessState changed to ACCEPTING_TRAFFIC
2026-08-05 17:39:41.962  INFO 548 --- [nio-9060-exec-1] o.a.c.c.C.[Tomcat].[localhost].[/]       : Initializing Spring DispatcherServlet 'dispatcherServlet'
2026-08-05 17:39:41.964  INFO 548 --- [nio-9060-exec-1] o.s.web.servlet.DispatcherServlet        : Initializing Servlet 'dispatcherServlet'
2026-08-05 17:39:41.964 DEBUG 548 --- [nio-9060-exec-1] o.s.web.servlet.DispatcherServlet        : Detected StandardServletMultipartResolver
2026-08-05 17:39:41.965 DEBUG 548 --- [nio-9060-exec-1] o.s.web.servlet.DispatcherServlet        : Detected AcceptHeaderLocaleResolver
2026-08-05 17:39:41.966 DEBUG 548 --- [nio-9060-exec-1] o.s.web.servlet.DispatcherServlet        : Detected FixedThemeResolver
2026-08-05 17:39:41.967 DEBUG 548 --- [nio-9060-exec-1] o.s.web.servlet.DispatcherServlet        : Detected org.springframework.web.servlet.view.DefaultRequestToViewNameTranslator@71aa6067
2026-08-05 17:39:41.968 DEBUG 548 --- [nio-9060-exec-1] o.s.web.servlet.DispatcherServlet        : Detected org.springframework.web.servlet.support.SessionFlashMapManager@6820bece
2026-08-05 17:39:41.968 DEBUG 548 --- [nio-9060-exec-1] o.s.web.servlet.DispatcherServlet        : enableLoggingRequestDetails='false': request parameters and headers will be masked to prevent unsafe logging of potentially sensitive data
2026-08-05 17:39:41.969  INFO 548 --- [nio-9060-exec-1] o.s.web.servlet.DispatcherServlet        : Completed initialization in 5 ms
2026-08-05 17:39:41.993 DEBUG 548 --- [nio-9060-exec-1] o.s.web.servlet.DispatcherServlet        : POST "/auth/login", parameters={}
2026-08-05 17:39:42.007 DEBUG 548 --- [nio-9060-exec-1] s.w.s.m.m.a.RequestMappingHandlerMapping : Mapped to com.example.TigoStarSystem.auth.controller.AuthController#login(AuthLoginRequest)
2026-08-05 17:39:42.262 DEBUG 548 --- [nio-9060-exec-1] m.m.a.RequestResponseBodyMethodProcessor : Read "application/json;charset=UTF-8" to [com.example.TigoStarSystem.auth.dto.AuthLoginRequest@8444e2a]
2026-08-05 17:39:42.440  INFO 548 --- [nio-9060-exec-1] c.e.T.auth.service.AuthService           : Login attempt usuario=lvargas, idSucursal=9, validarSucursal=false
2026-08-05 17:39:42.446 DEBUG 548 --- [nio-9060-exec-1] o.s.jdbc.core.JdbcTemplate               : Executing SQL query [EXEC dbo.spx_ObtenerSucursalesConexionWeb]
2026-08-05 17:39:42.447 DEBUG 548 --- [nio-9060-exec-1] o.s.jdbc.datasource.DataSourceUtils      : Fetching JDBC Connection from DataSource
2026-08-05 17:39:42.527 DEBUG 548 --- [nio-9060-exec-1] c.e.T.auth.service.AuthService           : Sucursal resolved idSucursal=9, host=tigo.makiro.com.bo, baseDeDatos=BDSistemaAntenaPM
2026-08-05 17:39:42.530 DEBUG 548 --- [nio-9060-exec-1] c.e.T.auth.service.AuthService           : Login target attempt=1 idSucursal=9, sucursal=SantaCruz, host=tigo.makiro.com.bo, baseDeDatos=BDSistemaAntenaPM
2026-08-05 17:39:42.530 DEBUG 548 --- [nio-9060-exec-1] c.e.T.auth.service.AuthService           : Creating JDBC connection for sucursal host=tigo.makiro.com.bo baseDeDatos=BDSistemaAntenaPM
2026-08-05 17:39:42.532 DEBUG 548 --- [nio-9060-exec-1] com.zaxxer.hikari.HikariConfig           : Driver class net.sourceforge.jtds.jdbc.Driver found in Thread context class loader TomcatEmbeddedWebappClassLoader
  context: ROOT
  delegate: true
----------> Parent Classloader:
org.springframework.boot.loader.LaunchedURLClassLoader@5e8c92f4

2026-08-05 17:39:42.534 DEBUG 548 --- [nio-9060-exec-1] com.zaxxer.hikari.HikariConfig           : ConnDb-SantaCruz - configuration:
2026-08-05 17:39:42.535 DEBUG 548 --- [nio-9060-exec-1] com.zaxxer.hikari.HikariConfig           : allowPoolSuspension................................false
2026-08-05 17:39:42.536 DEBUG 548 --- [nio-9060-exec-1] com.zaxxer.hikari.HikariConfig           : autoCommit................................true
2026-08-05 17:39:42.536 DEBUG 548 --- [nio-9060-exec-1] com.zaxxer.hikari.HikariConfig           : catalog................................none
2026-08-05 17:39:42.537 DEBUG 548 --- [nio-9060-exec-1] com.zaxxer.hikari.HikariConfig           : connectionInitSql................................none
2026-08-05 17:39:42.538 DEBUG 548 --- [nio-9060-exec-1] com.zaxxer.hikari.HikariConfig           : connectionTestQuery................................"SELECT 1"
2026-08-05 17:39:42.539 DEBUG 548 --- [nio-9060-exec-1] com.zaxxer.hikari.HikariConfig           : connectionTimeout................................30000
2026-08-05 17:39:42.540 DEBUG 548 --- [nio-9060-exec-1] com.zaxxer.hikari.HikariConfig           : dataSource................................none
2026-08-05 17:39:42.541 DEBUG 548 --- [nio-9060-exec-1] com.zaxxer.hikari.HikariConfig           : dataSourceClassName................................none
2026-08-05 17:39:42.542 DEBUG 548 --- [nio-9060-exec-1] com.zaxxer.hikari.HikariConfig           : dataSourceJNDI................................none
2026-08-05 17:39:42.543 DEBUG 548 --- [nio-9060-exec-1] com.zaxxer.hikari.HikariConfig           : dataSourceProperties................................{password=<masked>}
2026-08-05 17:39:42.544 DEBUG 548 --- [nio-9060-exec-1] com.zaxxer.hikari.HikariConfig           : driverClassName................................"net.sourceforge.jtds.jdbc.Driver"
2026-08-05 17:39:42.544 DEBUG 548 --- [nio-9060-exec-1] com.zaxxer.hikari.HikariConfig           : exceptionOverrideClassName................................none
2026-08-05 17:39:42.545 DEBUG 548 --- [nio-9060-exec-1] com.zaxxer.hikari.HikariConfig           : healthCheckProperties................................{}
2026-08-05 17:39:42.546 DEBUG 548 --- [nio-9060-exec-1] com.zaxxer.hikari.HikariConfig           : healthCheckRegistry................................none
2026-08-05 17:39:42.547 DEBUG 548 --- [nio-9060-exec-1] com.zaxxer.hikari.HikariConfig           : idleTimeout................................600000
2026-08-05 17:39:42.548 DEBUG 548 --- [nio-9060-exec-1] com.zaxxer.hikari.HikariConfig           : initializationFailTimeout................................-1
2026-08-05 17:39:42.549 DEBUG 548 --- [nio-9060-exec-1] com.zaxxer.hikari.HikariConfig           : isolateInternalQueries................................false
2026-08-05 17:39:42.549 DEBUG 548 --- [nio-9060-exec-1] com.zaxxer.hikari.HikariConfig           : jdbcUrl................................jdbc:jtds:sqlserver://tigo.makiro.com.bo/BDSistemaAntenaPM;socketTimeout=0;loginTimeout=60
2026-08-05 17:39:42.550 DEBUG 548 --- [nio-9060-exec-1] com.zaxxer.hikari.HikariConfig           : keepaliveTime................................0
2026-08-05 17:39:42.550 DEBUG 548 --- [nio-9060-exec-1] com.zaxxer.hikari.HikariConfig           : leakDetectionThreshold................................0
2026-08-05 17:39:42.551 DEBUG 548 --- [nio-9060-exec-1] com.zaxxer.hikari.HikariConfig           : maxLifetime................................1800000
2026-08-05 17:39:42.551 DEBUG 548 --- [nio-9060-exec-1] com.zaxxer.hikari.HikariConfig           : maximumPoolSize................................5
2026-08-05 17:39:42.551 DEBUG 548 --- [nio-9060-exec-1] com.zaxxer.hikari.HikariConfig           : metricRegistry................................none
2026-08-05 17:39:42.552 DEBUG 548 --- [nio-9060-exec-1] com.zaxxer.hikari.HikariConfig           : metricsTrackerFactory................................none
2026-08-05 17:39:42.552 DEBUG 548 --- [nio-9060-exec-1] com.zaxxer.hikari.HikariConfig           : minimumIdle................................0
2026-08-05 17:39:42.553 DEBUG 548 --- [nio-9060-exec-1] com.zaxxer.hikari.HikariConfig           : password................................<masked>
2026-08-05 17:39:42.553 DEBUG 548 --- [nio-9060-exec-1] com.zaxxer.hikari.HikariConfig           : poolName................................"ConnDb-SantaCruz"
2026-08-05 17:39:42.554 DEBUG 548 --- [nio-9060-exec-1] com.zaxxer.hikari.HikariConfig           : readOnly................................false
2026-08-05 17:39:42.555 DEBUG 548 --- [nio-9060-exec-1] com.zaxxer.hikari.HikariConfig           : registerMbeans................................false
2026-08-05 17:39:42.556 DEBUG 548 --- [nio-9060-exec-1] com.zaxxer.hikari.HikariConfig           : scheduledExecutor................................none
2026-08-05 17:39:42.556 DEBUG 548 --- [nio-9060-exec-1] com.zaxxer.hikari.HikariConfig           : schema................................none
2026-08-05 17:39:42.556 DEBUG 548 --- [nio-9060-exec-1] com.zaxxer.hikari.HikariConfig           : threadFactory................................internal
2026-08-05 17:39:42.557 DEBUG 548 --- [nio-9060-exec-1] com.zaxxer.hikari.HikariConfig           : transactionIsolation................................default
2026-08-05 17:39:42.557 DEBUG 548 --- [nio-9060-exec-1] com.zaxxer.hikari.HikariConfig           : username................................"sistemas"
2026-08-05 17:39:42.557 DEBUG 548 --- [nio-9060-exec-1] com.zaxxer.hikari.HikariConfig           : validationTimeout................................5000
2026-08-05 17:39:42.558  INFO 548 --- [nio-9060-exec-1] com.zaxxer.hikari.HikariDataSource       : ConnDb-SantaCruz - Starting...
2026-08-05 17:39:42.559  INFO 548 --- [nio-9060-exec-1] com.zaxxer.hikari.HikariDataSource       : ConnDb-SantaCruz - Start completed.
2026-08-05 17:39:42.559 DEBUG 548 --- [nio-9060-exec-1] c.e.T.auth.service.AuthService           : Calling SP dbo.spx_ValidarUsuario
2026-08-05 17:39:42.567 DEBUG 548 --- [nio-9060-exec-1] o.s.jdbc.core.JdbcTemplate               : Executing prepared SQL query
2026-08-05 17:39:42.569 DEBUG 548 --- [nio-9060-exec-1] o.s.jdbc.core.JdbcTemplate               : Executing prepared SQL statement [EXEC dbo.spx_ValidarUsuario ?, ?]
2026-08-05 17:39:42.569 DEBUG 548 --- [nio-9060-exec-1] o.s.jdbc.datasource.DataSourceUtils      : Fetching JDBC Connection from DataSource
2026-08-05 17:39:42.619  INFO 548 --- [onnection adder] com.zaxxer.hikari.pool.PoolBase          : ConnDb-SantaCruz - Driver does not support get/set network timeout for connections. (null)
2026-08-05 17:39:42.622 DEBUG 548 --- [onnection adder] com.zaxxer.hikari.pool.HikariPool        : ConnDb-SantaCruz - Added connection net.sourceforge.jtds.jdbc.JtdsConnection@461a3182
2026-08-05 17:39:42.647 DEBUG 548 --- [nio-9060-exec-1] c.e.T.auth.service.AuthService           : Login SP returned 1 rows
2026-08-05 17:39:42.660 DEBUG 548 --- [ruz housekeeper] com.zaxxer.hikari.pool.HikariPool        : ConnDb-SantaCruz - Before cleanup stats (total=1, active=0, idle=1, waiting=0)
2026-08-05 17:39:42.661 DEBUG 548 --- [ruz housekeeper] com.zaxxer.hikari.pool.HikariPool        : ConnDb-SantaCruz - After cleanup  stats (total=1, active=0, idle=1, waiting=0)
2026-08-05 17:39:42.662 DEBUG 548 --- [ruz housekeeper] com.zaxxer.hikari.pool.HikariPool        : ConnDb-SantaCruz - Fill pool skipped, pool is at sufficient level.
2026-08-05 17:39:42.765  INFO 548 --- [nio-9060-exec-1] c.e.T.auth.controller.AuthController     : User {} logged in successfully.
2026-08-05 17:39:42.811 DEBUG 548 --- [nio-9060-exec-1] o.s.w.s.m.m.a.HttpEntityMethodProcessor  : Using 'application/json', given [*/*] and supported [application/json, application/*+json, application/json, application/*+json]
2026-08-05 17:39:42.813 DEBUG 548 --- [nio-9060-exec-1] o.s.w.s.m.m.a.HttpEntityMethodProcessor  : Writing [com.example.TigoStarSystem.common.ApiResponse@6bf9dfec]
2026-08-05 17:39:42.835 DEBUG 548 --- [nio-9060-exec-1] o.s.web.servlet.DispatcherServlet        : Completed 200 OK
2026-08-05 17:39:42.862 DEBUG 548 --- [nio-9060-exec-2] o.s.web.servlet.DispatcherServlet        : GET "/supervisor/supervision/jornadas/pendientes", parameters={}
2026-08-05 17:39:42.863 DEBUG 548 --- [nio-9060-exec-2] s.w.s.m.m.a.RequestMappingHandlerMapping : Mapped to com.example.TigoStarSystem.supervision.controller.SupervisionController#listarJornadasPendientes(String)
2026-08-05 17:39:42.973 DEBUG 548 --- [nio-9060-exec-2] o.s.jdbc.core.JdbcTemplate               : Executing SQL query [EXEC dbo.spx_ObtenerSucursalesConexionWeb]
2026-08-05 17:39:42.975 DEBUG 548 --- [nio-9060-exec-2] o.s.jdbc.datasource.DataSourceUtils      : Fetching JDBC Connection from DataSource
2026-08-05 17:39:42.996 DEBUG 548 --- [nio-9060-exec-2] o.s.jdbc.core.JdbcTemplate               : Executing prepared SQL query
2026-08-05 17:39:42.998 DEBUG 548 --- [nio-9060-exec-2] o.s.jdbc.core.JdbcTemplate               : Executing prepared SQL statement [EXEC dbo.SP_Inicio_ListarPendientesSupervisorHoy ?]
2026-08-05 17:39:42.999 DEBUG 548 --- [nio-9060-exec-2] o.s.jdbc.datasource.DataSourceUtils      : Fetching JDBC Connection from DataSource
2026-08-05 17:39:43.019  INFO 548 --- [onnection adder] com.zaxxer.hikari.pool.PoolBase          : TigoHogarHikariPool - Driver does not support get/set network timeout for connections. (null)
2026-08-05 17:39:43.026 DEBUG 548 --- [onnection adder] com.zaxxer.hikari.pool.HikariPool        : TigoHogarHikariPool - Added connection net.sourceforge.jtds.jdbc.JtdsConnection@418e3b6b
2026-08-05 17:39:43.049 DEBUG 548 --- [nio-9060-exec-2] o.s.jdbc.core.JdbcTemplate               : Executing SQL query [EXEC dbo.spx_ObtenerSucursalesConexion]
2026-08-05 17:39:43.051 DEBUG 548 --- [nio-9060-exec-2] o.s.jdbc.datasource.DataSourceUtils      : Fetching JDBC Connection from DataSource
2026-08-05 17:39:43.066 DEBUG 548 --- [nio-9060-exec-2] com.zaxxer.hikari.HikariConfig           : Driver class net.sourceforge.jtds.jdbc.Driver found in Thread context class loader TomcatEmbeddedWebappClassLoader
  context: ROOT
  delegate: true
----------> Parent Classloader:
org.springframework.boot.loader.LaunchedURLClassLoader@5e8c92f4

2026-08-05 17:39:43.068 DEBUG 548 --- [nio-9060-exec-2] com.zaxxer.hikari.HikariConfig           : ConnDb-sucursal-9 - configuration:
2026-08-05 17:39:43.070 DEBUG 548 --- [nio-9060-exec-2] com.zaxxer.hikari.HikariConfig           : allowPoolSuspension................................false
2026-08-05 17:39:43.071 DEBUG 548 --- [nio-9060-exec-2] com.zaxxer.hikari.HikariConfig           : autoCommit................................true
2026-08-05 17:39:43.072 DEBUG 548 --- [nio-9060-exec-2] com.zaxxer.hikari.HikariConfig           : catalog................................none
2026-08-05 17:39:43.073 DEBUG 548 --- [nio-9060-exec-2] com.zaxxer.hikari.HikariConfig           : connectionInitSql................................none
2026-08-05 17:39:43.075 DEBUG 548 --- [nio-9060-exec-2] com.zaxxer.hikari.HikariConfig           : connectionTestQuery................................"SELECT 1"
2026-08-05 17:39:43.076 DEBUG 548 --- [nio-9060-exec-2] com.zaxxer.hikari.HikariConfig           : connectionTimeout................................30000
2026-08-05 17:39:43.077 DEBUG 548 --- [nio-9060-exec-2] com.zaxxer.hikari.HikariConfig           : dataSource................................none
2026-08-05 17:39:43.078 DEBUG 548 --- [nio-9060-exec-2] com.zaxxer.hikari.HikariConfig           : dataSourceClassName................................none
2026-08-05 17:39:43.079 DEBUG 548 --- [nio-9060-exec-2] com.zaxxer.hikari.HikariConfig           : dataSourceJNDI................................none
2026-08-05 17:39:43.080 DEBUG 548 --- [nio-9060-exec-2] com.zaxxer.hikari.HikariConfig           : dataSourceProperties................................{password=<masked>}
2026-08-05 17:39:43.082 DEBUG 548 --- [nio-9060-exec-2] com.zaxxer.hikari.HikariConfig           : driverClassName................................"net.sourceforge.jtds.jdbc.Driver"
2026-08-05 17:39:43.083 DEBUG 548 --- [nio-9060-exec-2] com.zaxxer.hikari.HikariConfig           : exceptionOverrideClassName................................none
2026-08-05 17:39:43.085 DEBUG 548 --- [nio-9060-exec-2] com.zaxxer.hikari.HikariConfig           : healthCheckProperties................................{}
2026-08-05 17:39:43.086 DEBUG 548 --- [nio-9060-exec-2] com.zaxxer.hikari.HikariConfig           : healthCheckRegistry................................none
2026-08-05 17:39:43.087 DEBUG 548 --- [nio-9060-exec-2] com.zaxxer.hikari.HikariConfig           : idleTimeout................................600000
2026-08-05 17:39:43.088 DEBUG 548 --- [nio-9060-exec-2] com.zaxxer.hikari.HikariConfig           : initializationFailTimeout................................-1
2026-08-05 17:39:43.090 DEBUG 548 --- [nio-9060-exec-2] com.zaxxer.hikari.HikariConfig           : isolateInternalQueries................................false
2026-08-05 17:39:43.091 DEBUG 548 --- [nio-9060-exec-2] com.zaxxer.hikari.HikariConfig           : jdbcUrl................................jdbc:jtds:sqlserver://tigo.makiro.com.bo/BDSistemaAntenaPM;socketTimeout=0;loginTimeout=60
2026-08-05 17:39:43.092 DEBUG 548 --- [nio-9060-exec-2] com.zaxxer.hikari.HikariConfig           : keepaliveTime................................0
2026-08-05 17:39:43.093 DEBUG 548 --- [nio-9060-exec-2] com.zaxxer.hikari.HikariConfig           : leakDetectionThreshold................................0
2026-08-05 17:39:43.094 DEBUG 548 --- [nio-9060-exec-2] com.zaxxer.hikari.HikariConfig           : maxLifetime................................1800000
2026-08-05 17:39:43.096 DEBUG 548 --- [nio-9060-exec-2] com.zaxxer.hikari.HikariConfig           : maximumPoolSize................................5
2026-08-05 17:39:43.097 DEBUG 548 --- [nio-9060-exec-2] com.zaxxer.hikari.HikariConfig           : metricRegistry................................none
2026-08-05 17:39:43.099 DEBUG 548 --- [nio-9060-exec-2] com.zaxxer.hikari.HikariConfig           : metricsTrackerFactory................................none
2026-08-05 17:39:43.100 DEBUG 548 --- [nio-9060-exec-2] com.zaxxer.hikari.HikariConfig           : minimumIdle................................0
2026-08-05 17:39:43.100 DEBUG 548 --- [nio-9060-exec-2] com.zaxxer.hikari.HikariConfig           : password................................<masked>
2026-08-05 17:39:43.102 DEBUG 548 --- [nio-9060-exec-2] com.zaxxer.hikari.HikariConfig           : poolName................................"ConnDb-sucursal-9"
2026-08-05 17:39:43.103 DEBUG 548 --- [nio-9060-exec-2] com.zaxxer.hikari.HikariConfig           : readOnly................................false
2026-08-05 17:39:43.104 DEBUG 548 --- [nio-9060-exec-2] com.zaxxer.hikari.HikariConfig           : registerMbeans................................false
2026-08-05 17:39:43.105 DEBUG 548 --- [nio-9060-exec-2] com.zaxxer.hikari.HikariConfig           : scheduledExecutor................................none
2026-08-05 17:39:43.106 DEBUG 548 --- [nio-9060-exec-2] com.zaxxer.hikari.HikariConfig           : schema................................none
2026-08-05 17:39:43.108 DEBUG 548 --- [nio-9060-exec-2] com.zaxxer.hikari.HikariConfig           : threadFactory................................internal
2026-08-05 17:39:43.109 DEBUG 548 --- [nio-9060-exec-2] com.zaxxer.hikari.HikariConfig           : transactionIsolation................................default
2026-08-05 17:39:43.110 DEBUG 548 --- [nio-9060-exec-2] com.zaxxer.hikari.HikariConfig           : username................................"sistemas"
2026-08-05 17:39:43.111 DEBUG 548 --- [nio-9060-exec-2] com.zaxxer.hikari.HikariConfig           : validationTimeout................................5000
2026-08-05 17:39:43.112  INFO 548 --- [nio-9060-exec-2] com.zaxxer.hikari.HikariDataSource       : ConnDb-sucursal-9 - Starting...
2026-08-05 17:39:43.114  INFO 548 --- [nio-9060-exec-2] com.zaxxer.hikari.HikariDataSource       : ConnDb-sucursal-9 - Start completed.
2026-08-05 17:39:43.115 DEBUG 548 --- [nio-9060-exec-2] o.s.jdbc.core.JdbcTemplate               : Executing SQL query [EXEC dbo.spx_ObtenerSucursalesConexion]
2026-08-05 17:39:43.116 DEBUG 548 --- [nio-9060-exec-2] o.s.jdbc.datasource.DataSourceUtils      : Fetching JDBC Connection from DataSource
2026-08-05 17:39:43.128 DEBUG 548 --- [nio-9060-exec-2] o.s.jdbc.core.JdbcTemplate               : Executing SQL query [EXEC dbo.SP_Usuario_ListarActivosBasico]
2026-08-05 17:39:43.128 DEBUG 548 --- [nio-9060-exec-2] o.s.jdbc.datasource.DataSourceUtils      : Fetching JDBC Connection from DataSource
2026-08-05 17:39:43.152  INFO 548 --- [onnection adder] com.zaxxer.hikari.pool.PoolBase          : ConnDb-sucursal-9 - Driver does not support get/set network timeout for connections. (null)
2026-08-05 17:39:43.220 DEBUG 548 --- [l-9 housekeeper] com.zaxxer.hikari.pool.HikariPool        : ConnDb-sucursal-9 - Before cleanup stats (total=0, active=0, idle=0, waiting=1)
2026-08-05 17:39:43.222 DEBUG 548 --- [l-9 housekeeper] com.zaxxer.hikari.pool.HikariPool        : ConnDb-sucursal-9 - After cleanup  stats (total=0, active=0, idle=0, waiting=1)
2026-08-05 17:39:43.223 DEBUG 548 --- [l-9 housekeeper] com.zaxxer.hikari.pool.HikariPool        : ConnDb-sucursal-9 - Fill pool skipped, pool is at sufficient level.
2026-08-05 17:39:43.270 DEBUG 548 --- [onnection adder] com.zaxxer.hikari.pool.HikariPool        : ConnDb-sucursal-9 - Added connection net.sourceforge.jtds.jdbc.JtdsConnection@25f9d280
2026-08-05 17:39:43.277 DEBUG 548 --- [nio-9060-exec-2] o.s.jdbc.core.JdbcTemplate               : Executing prepared SQL query
2026-08-05 17:39:43.278 DEBUG 548 --- [nio-9060-exec-2] o.s.jdbc.core.JdbcTemplate               : Executing prepared SQL statement [SELECT id_inicio, id_tecnico, id_auxiliar, id_encargado, fecha_registro, fecha_cierre, pendiente, capacitado, charla, botiquin, extintor, fecha_vencimiento, equipo_epp, estado_epp, apr, escalera, anclaje, e_eliminado, codigo_cliente, dano_material, observacion_material, dano_persona, observacion_persona, novedades_trabajo, observacion_novedades, ubicacion_georef, no_marco_cierre, id_usuario_supervisor_grupo, id_sucursal, sucursal, nombre_tecnico, tecnico_nombre, EstoyTrabajandoSolo AS estoy_trabajando_solo, firma_inicio, firma_cierre FROM dbo.tbl_InicioJornadaAlturas WHERE id_inicio IN (?,?,?,?,?,?,?,?,?,?,?,?,?,?,?,?,?,?,?,?,?,?,?,?,?,?,?,?,?,?,?,?,?,?,?,?,?,?,?,?,?,?,?,?,?,?,?,?,?,?,?,?,?,?,?,?,?,?,?,?,?,?,?,?,?,?,?)]
2026-08-05 17:39:43.279 DEBUG 548 --- [nio-9060-exec-2] o.s.jdbc.datasource.DataSourceUtils      : Fetching JDBC Connection from DataSource
2026-08-05 17:39:43.382 DEBUG 548 --- [nio-9060-exec-2] o.s.jdbc.core.JdbcTemplate               : Executing SQL query [EXEC dbo.spx_ObtenerSucursalesConexion]
2026-08-05 17:39:43.384 DEBUG 548 --- [nio-9060-exec-2] o.s.jdbc.datasource.DataSourceUtils      : Fetching JDBC Connection from DataSource
2026-08-05 17:39:43.392 DEBUG 548 --- [nio-9060-exec-2] o.s.jdbc.core.JdbcTemplate               : Executing SQL query [EXEC dbo.SP_Usuario_ListarActivosBasico]
2026-08-05 17:39:43.392 DEBUG 548 --- [nio-9060-exec-2] o.s.jdbc.datasource.DataSourceUtils      : Fetching JDBC Connection from DataSource
2026-08-05 17:39:43.439 DEBUG 548 --- [nio-9060-exec-2] o.s.w.s.m.m.a.HttpEntityMethodProcessor  : Using 'application/json', given [*/*] and supported [application/json, application/*+json, application/json, application/*+json]
2026-08-05 17:39:43.440 DEBUG 548 --- [nio-9060-exec-2] o.s.w.s.m.m.a.HttpEntityMethodProcessor  : Writing [com.example.TigoStarSystem.common.ApiResponse@7fd258aa]
2026-08-05 17:39:43.452 DEBUG 548 --- [nio-9060-exec-2] o.s.web.servlet.DispatcherServlet        : Completed 200 OK
2026-08-05 17:39:43.460 DEBUG 548 --- [nio-9060-exec-3] o.s.web.servlet.DispatcherServlet        : GET "/supervisor/supervision/jornadas/2524/detalle", parameters={}
2026-08-05 17:39:43.463 DEBUG 548 --- [nio-9060-exec-3] s.w.s.m.m.a.RequestMappingHandlerMapping : Mapped to com.example.TigoStarSystem.supervision.controller.SupervisionController#obtenerDetalleJornada(String, Integer)
2026-08-05 17:39:43.469 DEBUG 548 --- [nio-9060-exec-3] o.s.jdbc.core.JdbcTemplate               : Executing SQL query [EXEC dbo.spx_ObtenerSucursalesConexionWeb]
2026-08-05 17:39:43.469 DEBUG 548 --- [nio-9060-exec-3] o.s.jdbc.datasource.DataSourceUtils      : Fetching JDBC Connection from DataSource
2026-08-05 17:39:43.478 DEBUG 548 --- [nio-9060-exec-3] o.s.jdbc.core.JdbcTemplate               : Executing prepared SQL query
2026-08-05 17:39:43.478 DEBUG 548 --- [nio-9060-exec-3] o.s.jdbc.core.JdbcTemplate               : Executing prepared SQL statement [SELECT id_inicio, id_tecnico, id_auxiliar, id_encargado, fecha_registro, fecha_cierre, pendiente, capacitado, charla, botiquin, extintor, fecha_vencimiento, equipo_epp, estado_epp, apr, escalera, anclaje, e_eliminado, codigo_cliente, dano_material, observacion_material, dano_persona, observacion_persona, novedades_trabajo, observacion_novedades, ubicacion_georef, no_marco_cierre, id_usuario_supervisor_grupo, id_sucursal, sucursal, nombre_tecnico, tecnico_nombre, EstoyTrabajandoSolo AS estoy_trabajando_solo, firma_inicio, firma_cierre FROM dbo.tbl_InicioJornadaAlturas WHERE id_inicio = ?]
2026-08-05 17:39:43.479 DEBUG 548 --- [nio-9060-exec-3] o.s.jdbc.datasource.DataSourceUtils      : Fetching JDBC Connection from DataSource
2026-08-05 17:39:43.504 DEBUG 548 --- [nio-9060-exec-3] o.s.jdbc.core.JdbcTemplate               : Executing SQL query [EXEC dbo.spx_ObtenerSucursalesConexion]
2026-08-05 17:39:43.504 DEBUG 548 --- [nio-9060-exec-3] o.s.jdbc.datasource.DataSourceUtils      : Fetching JDBC Connection from DataSource
2026-08-05 17:39:43.515 DEBUG 548 --- [nio-9060-exec-3] o.s.jdbc.core.JdbcTemplate               : Executing SQL query [EXEC dbo.spx_ObtenerSucursalesConexion]
2026-08-05 17:39:43.516 DEBUG 548 --- [nio-9060-exec-3] o.s.jdbc.datasource.DataSourceUtils      : Fetching JDBC Connection from DataSource
2026-08-05 17:39:43.524 DEBUG 548 --- [nio-9060-exec-3] o.s.jdbc.core.JdbcTemplate               : Executing SQL query [EXEC dbo.SP_Usuario_ListarActivosBasico]
2026-08-05 17:39:43.525 DEBUG 548 --- [nio-9060-exec-3] o.s.jdbc.datasource.DataSourceUtils      : Fetching JDBC Connection from DataSource
2026-08-05 17:39:43.530 DEBUG 548 --- [nio-9060-exec-3] o.s.jdbc.core.JdbcTemplate               : Executing prepared SQL query
2026-08-05 17:39:43.531 DEBUG 548 --- [nio-9060-exec-3] o.s.jdbc.core.JdbcTemplate               : Executing prepared SQL statement [SELECT id_inicio, id_tecnico, id_auxiliar, id_encargado, fecha_registro, fecha_cierre, pendiente, capacitado, charla, botiquin, extintor, fecha_vencimiento, equipo_epp, estado_epp, apr, escalera, anclaje, e_eliminado, codigo_cliente, dano_material, observacion_material, dano_persona, observacion_persona, novedades_trabajo, observacion_novedades, ubicacion_georef, no_marco_cierre, id_usuario_supervisor_grupo, id_sucursal, sucursal, nombre_tecnico, tecnico_nombre, EstoyTrabajandoSolo AS estoy_trabajando_solo, firma_inicio, firma_cierre FROM dbo.tbl_InicioJornadaAlturas WHERE id_inicio IN (?)]
2026-08-05 17:39:43.531 DEBUG 548 --- [nio-9060-exec-3] o.s.jdbc.datasource.DataSourceUtils      : Fetching JDBC Connection from DataSource
2026-08-05 17:39:43.557 DEBUG 548 --- [nio-9060-exec-3] o.s.jdbc.core.JdbcTemplate               : Executing SQL query [EXEC dbo.spx_ObtenerSucursalesConexion]
2026-08-05 17:39:43.558 DEBUG 548 --- [nio-9060-exec-3] o.s.jdbc.datasource.DataSourceUtils      : Fetching JDBC Connection from DataSource
2026-08-05 17:39:43.564 DEBUG 548 --- [nio-9060-exec-3] o.s.jdbc.core.JdbcTemplate               : Executing SQL query [EXEC dbo.SP_Usuario_ListarActivosBasico]
2026-08-05 17:39:43.564 DEBUG 548 --- [nio-9060-exec-3] o.s.jdbc.datasource.DataSourceUtils      : Fetching JDBC Connection from DataSource
2026-08-05 17:39:43.573 DEBUG 548 --- [nio-9060-exec-3] o.s.jdbc.core.JdbcTemplate               : Executing prepared SQL query
2026-08-05 17:39:43.574 DEBUG 548 --- [nio-9060-exec-3] o.s.jdbc.core.JdbcTemplate               : Executing prepared SQL statement [SELECT TOP 1 Nombre FROM dbo.tbl_Usuario WHERE Id_Usuario = ? AND ISNULL(E_Eliminado,0)=0]
2026-08-05 17:39:43.575 DEBUG 548 --- [nio-9060-exec-3] o.s.jdbc.datasource.DataSourceUtils      : Fetching JDBC Connection from DataSource
2026-08-05 17:39:43.581 DEBUG 548 --- [nio-9060-exec-3] o.s.jdbc.core.JdbcTemplate               : Executing prepared SQL query
2026-08-05 17:39:43.582 DEBUG 548 --- [nio-9060-exec-3] o.s.jdbc.core.JdbcTemplate               : Executing prepared SQL statement [SELECT TOP 1 u.Nombre AS Nombre FROM dbo.tbl_UsuarioTecnico ut LEFT JOIN dbo.tbl_Usuario u ON u.Id_Usuario = ut.id_Usuario WHERE ut.id_Usuario = ? AND ISNULL(ut.e_eliminado,0)=0]
2026-08-05 17:39:43.582 DEBUG 548 --- [nio-9060-exec-3] o.s.jdbc.datasource.DataSourceUtils      : Fetching JDBC Connection from DataSource
2026-08-05 17:39:43.595 DEBUG 548 --- [nio-9060-exec-3] o.s.jdbc.core.JdbcTemplate               : Executing prepared SQL query
2026-08-05 17:39:43.595 DEBUG 548 --- [nio-9060-exec-3] o.s.jdbc.core.JdbcTemplate               : Executing prepared SQL statement [SELECT TOP 1 Nombre FROM dbo.tbl_Vendedor WHERE Id_Vendedor = ? AND ISNULL(E_Eliminado,0)=0]
2026-08-05 17:39:43.596 DEBUG 548 --- [nio-9060-exec-3] o.s.jdbc.datasource.DataSourceUtils      : Fetching JDBC Connection from DataSource
2026-08-05 17:39:43.607 DEBUG 548 --- [nio-9060-exec-3] o.s.w.s.m.m.a.HttpEntityMethodProcessor  : Using 'application/json', given [*/*] and supported [application/json, application/*+json, application/json, application/*+json]
2026-08-05 17:39:43.607 DEBUG 548 --- [nio-9060-exec-3] o.s.w.s.m.m.a.HttpEntityMethodProcessor  : Writing [com.example.TigoStarSystem.common.ApiResponse@33ebeb6a]
2026-08-05 17:39:43.609 DEBUG 548 --- [nio-9060-exec-3] o.s.web.servlet.DispatcherServlet        : Completed 200 OK
2026-08-05 17:39:43.613 DEBUG 548 --- [nio-9060-exec-4] o.s.web.servlet.DispatcherServlet        : GET "/supervisor/supervision/jornadas/2522/detalle", parameters={}
2026-08-05 17:39:43.614 DEBUG 548 --- [nio-9060-exec-4] s.w.s.m.m.a.RequestMappingHandlerMapping : Mapped to com.example.TigoStarSystem.supervision.controller.SupervisionController#obtenerDetalleJornada(String, Integer)
2026-08-05 17:39:43.617 DEBUG 548 --- [nio-9060-exec-4] o.s.jdbc.core.JdbcTemplate               : Executing SQL query [EXEC dbo.spx_ObtenerSucursalesConexionWeb]
2026-08-05 17:39:43.618 DEBUG 548 --- [nio-9060-exec-4] o.s.jdbc.datasource.DataSourceUtils      : Fetching JDBC Connection from DataSource
2026-08-05 17:39:43.622 DEBUG 548 --- [nio-9060-exec-4] o.s.jdbc.core.JdbcTemplate               : Executing prepared SQL query
2026-08-05 17:39:43.623 DEBUG 548 --- [nio-9060-exec-4] o.s.jdbc.core.JdbcTemplate               : Executing prepared SQL statement [SELECT id_inicio, id_tecnico, id_auxiliar, id_encargado, fecha_registro, fecha_cierre, pendiente, capacitado, charla, botiquin, extintor, fecha_vencimiento, equipo_epp, estado_epp, apr, escalera, anclaje, e_eliminado, codigo_cliente, dano_material, observacion_material, dano_persona, observacion_persona, novedades_trabajo, observacion_novedades, ubicacion_georef, no_marco_cierre, id_usuario_supervisor_grupo, id_sucursal, sucursal, nombre_tecnico, tecnico_nombre, EstoyTrabajandoSolo AS estoy_trabajando_solo, firma_inicio, firma_cierre FROM dbo.tbl_InicioJornadaAlturas WHERE id_inicio = ?]
2026-08-05 17:39:43.624 DEBUG 548 --- [nio-9060-exec-4] o.s.jdbc.datasource.DataSourceUtils      : Fetching JDBC Connection from DataSource
2026-08-05 17:39:43.635 DEBUG 548 --- [nio-9060-exec-4] o.s.jdbc.core.JdbcTemplate               : Executing SQL query [EXEC dbo.spx_ObtenerSucursalesConexion]
2026-08-05 17:39:43.635 DEBUG 548 --- [nio-9060-exec-4] o.s.jdbc.datasource.DataSourceUtils      : Fetching JDBC Connection from DataSource
2026-08-05 17:39:43.643 DEBUG 548 --- [nio-9060-exec-4] o.s.jdbc.core.JdbcTemplate               : Executing SQL query [EXEC dbo.spx_ObtenerSucursalesConexion]
2026-08-05 17:39:43.644 DEBUG 548 --- [nio-9060-exec-4] o.s.jdbc.datasource.DataSourceUtils      : Fetching JDBC Connection from DataSource
2026-08-05 17:39:43.650 DEBUG 548 --- [nio-9060-exec-4] o.s.jdbc.core.JdbcTemplate               : Executing SQL query [EXEC dbo.SP_Usuario_ListarActivosBasico]
2026-08-05 17:39:43.651 DEBUG 548 --- [nio-9060-exec-4] o.s.jdbc.datasource.DataSourceUtils      : Fetching JDBC Connection from DataSource
2026-08-05 17:39:43.658 DEBUG 548 --- [nio-9060-exec-4] o.s.jdbc.core.JdbcTemplate               : Executing prepared SQL query
2026-08-05 17:39:43.659 DEBUG 548 --- [nio-9060-exec-4] o.s.jdbc.core.JdbcTemplate               : Executing prepared SQL statement [SELECT id_inicio, id_tecnico, id_auxiliar, id_encargado, fecha_registro, fecha_cierre, pendiente, capacitado, charla, botiquin, extintor, fecha_vencimiento, equipo_epp, estado_epp, apr, escalera, anclaje, e_eliminado, codigo_cliente, dano_material, observacion_material, dano_persona, observacion_persona, novedades_trabajo, observacion_novedades, ubicacion_georef, no_marco_cierre, id_usuario_supervisor_grupo, id_sucursal, sucursal, nombre_tecnico, tecnico_nombre, EstoyTrabajandoSolo AS estoy_trabajando_solo, firma_inicio, firma_cierre FROM dbo.tbl_InicioJornadaAlturas WHERE id_inicio IN (?)]
2026-08-05 17:39:43.659 DEBUG 548 --- [nio-9060-exec-4] o.s.jdbc.datasource.DataSourceUtils      : Fetching JDBC Connection from DataSource
2026-08-05 17:39:43.715 DEBUG 548 --- [nio-9060-exec-4] o.s.jdbc.core.JdbcTemplate               : Executing SQL query [EXEC dbo.spx_ObtenerSucursalesConexion]
2026-08-05 17:39:43.716 DEBUG 548 --- [nio-9060-exec-4] o.s.jdbc.datasource.DataSourceUtils      : Fetching JDBC Connection from DataSource
2026-08-05 17:39:43.721 DEBUG 548 --- [nio-9060-exec-4] o.s.jdbc.core.JdbcTemplate               : Executing SQL query [EXEC dbo.SP_Usuario_ListarActivosBasico]
2026-08-05 17:39:43.722 DEBUG 548 --- [nio-9060-exec-4] o.s.jdbc.datasource.DataSourceUtils      : Fetching JDBC Connection from DataSource
2026-08-05 17:39:43.728 DEBUG 548 --- [nio-9060-exec-4] o.s.jdbc.core.JdbcTemplate               : Executing prepared SQL query
2026-08-05 17:39:43.729 DEBUG 548 --- [nio-9060-exec-4] o.s.jdbc.core.JdbcTemplate               : Executing prepared SQL statement [SELECT TOP 1 Nombre FROM dbo.tbl_Usuario WHERE Id_Usuario = ? AND ISNULL(E_Eliminado,0)=0]
2026-08-05 17:39:43.729 DEBUG 548 --- [nio-9060-exec-4] o.s.jdbc.datasource.DataSourceUtils      : Fetching JDBC Connection from DataSource
2026-08-05 17:39:43.732 DEBUG 548 --- [nio-9060-exec-4] o.s.jdbc.core.JdbcTemplate               : Executing prepared SQL query
2026-08-05 17:39:43.733 DEBUG 548 --- [nio-9060-exec-4] o.s.jdbc.core.JdbcTemplate               : Executing prepared SQL statement [SELECT TOP 1 u.Nombre AS Nombre FROM dbo.tbl_UsuarioTecnico ut LEFT JOIN dbo.tbl_Usuario u ON u.Id_Usuario = ut.id_Usuario WHERE ut.id_Usuario = ? AND ISNULL(ut.e_eliminado,0)=0]
2026-08-05 17:39:43.733 DEBUG 548 --- [nio-9060-exec-4] o.s.jdbc.datasource.DataSourceUtils      : Fetching JDBC Connection from DataSource
2026-08-05 17:39:43.743 DEBUG 548 --- [nio-9060-exec-4] o.s.jdbc.core.JdbcTemplate               : Executing prepared SQL query
2026-08-05 17:39:43.744 DEBUG 548 --- [nio-9060-exec-4] o.s.jdbc.core.JdbcTemplate               : Executing prepared SQL statement [SELECT TOP 1 Nombre FROM dbo.tbl_Vendedor WHERE Id_Vendedor = ? AND ISNULL(E_Eliminado,0)=0]
2026-08-05 17:39:43.744 DEBUG 548 --- [nio-9060-exec-4] o.s.jdbc.datasource.DataSourceUtils      : Fetching JDBC Connection from DataSource
2026-08-05 17:39:43.750 DEBUG 548 --- [nio-9060-exec-4] o.s.w.s.m.m.a.HttpEntityMethodProcessor  : Using 'application/json', given [*/*] and supported [application/json, application/*+json, application/json, application/*+json]
2026-08-05 17:39:43.750 DEBUG 548 --- [nio-9060-exec-4] o.s.w.s.m.m.a.HttpEntityMethodProcessor  : Writing [com.example.TigoStarSystem.common.ApiResponse@5492190a]
2026-08-05 17:39:43.752 DEBUG 548 --- [nio-9060-exec-4] o.s.web.servlet.DispatcherServlet        : Completed 200 OK
2026-08-05 17:39:53.364 DEBUG 548 --- [ool housekeeper] com.zaxxer.hikari.pool.HikariPool        : CentralHikariPool - Before cleanup stats (total=0, active=0, idle=0, waiting=0)
2026-08-05 17:39:53.364 DEBUG 548 --- [ool housekeeper] com.zaxxer.hikari.pool.HikariPool        : CentralHikariPool - After cleanup  stats (total=0, active=0, idle=0, waiting=0)
2026-08-05 17:39:53.365 DEBUG 548 --- [ool housekeeper] com.zaxxer.hikari.pool.HikariPool        : CentralHikariPool - Fill pool skipped, pool is at sufficient level.
2026-08-05 17:39:53.458 DEBUG 548 --- [l-1 housekeeper] com.zaxxer.hikari.pool.HikariPool        : HikariPool-1 - Before cleanup stats (total=1, active=0, idle=1, waiting=0)
2026-08-05 17:39:53.459 DEBUG 548 --- [l-1 housekeeper] com.zaxxer.hikari.pool.HikariPool        : HikariPool-1 - After cleanup  stats (total=1, active=0, idle=1, waiting=0)
2026-08-05 17:39:53.459 DEBUG 548 --- [l-1 housekeeper] com.zaxxer.hikari.pool.HikariPool        : HikariPool-1 - Fill pool skipped, pool is at sufficient level.
2026-08-05 17:39:53.733 DEBUG 548 --- [ool housekeeper] com.zaxxer.hikari.pool.HikariPool        : TigoHogarHikariPool - Before cleanup stats (total=1, active=0, idle=1, waiting=0)
2026-08-05 17:39:53.734 DEBUG 548 --- [ool housekeeper] com.zaxxer.hikari.pool.HikariPool        : TigoHogarHikariPool - After cleanup  stats (total=1, active=0, idle=1, waiting=0)
2026-08-05 17:39:53.735 DEBUG 548 --- [ool housekeeper] com.zaxxer.hikari.pool.HikariPool        : TigoHogarHikariPool - Fill pool skipped, pool is at sufficient level.
2026-08-05 17:40:12.673 DEBUG 548 --- [ruz housekeeper] com.zaxxer.hikari.pool.HikariPool        : ConnDb-SantaCruz - Before cleanup stats (total=1, active=0, idle=1, waiting=0)
2026-08-05 17:40:12.674 DEBUG 548 --- [ruz housekeeper] com.zaxxer.hikari.pool.HikariPool        : ConnDb-SantaCruz - After cleanup  stats (total=1, active=0, idle=1, waiting=0)
2026-08-05 17:40:12.674 DEBUG 548 --- [ruz housekeeper] com.zaxxer.hikari.pool.HikariPool        : ConnDb-SantaCruz - Fill pool skipped, pool is at sufficient level.
2026-08-05 17:40:13.230 DEBUG 548 --- [l-9 housekeeper] com.zaxxer.hikari.pool.HikariPool        : ConnDb-sucursal-9 - Before cleanup stats (total=1, active=0, idle=1, waiting=0)
2026-08-05 17:40:13.231 DEBUG 548 --- [l-9 housekeeper] com.zaxxer.hikari.pool.HikariPool        : ConnDb-sucursal-9 - After cleanup  stats (total=1, active=0, idle=1, waiting=0)
2026-08-05 17:40:13.231 DEBUG 548 --- [l-9 housekeeper] com.zaxxer.hikari.pool.HikariPool        : ConnDb-sucursal-9 - Fill pool skipped, pool is at sufficient level.
2026-08-05 17:40:23.373 DEBUG 548 --- [ool housekeeper] com.zaxxer.hikari.pool.HikariPool        : CentralHikariPool - Before cleanup stats (total=0, active=0, idle=0, waiting=0)
2026-08-05 17:40:23.374 DEBUG 548 --- [ool housekeeper] com.zaxxer.hikari.pool.HikariPool        : CentralHikariPool - After cleanup  stats (total=0, active=0, idle=0, waiting=0)
2026-08-05 17:40:23.374 DEBUG 548 --- [ool housekeeper] com.zaxxer.hikari.pool.HikariPool        : CentralHikariPool - Fill pool skipped, pool is at sufficient level.
2026-08-05 17:40:23.466 DEBUG 548 --- [l-1 housekeeper] com.zaxxer.hikari.pool.HikariPool        : HikariPool-1 - Before cleanup stats (total=1, active=0, idle=1, waiting=0)
2026-08-05 17:40:23.467 DEBUG 548 --- [l-1 housekeeper] com.zaxxer.hikari.pool.HikariPool        : HikariPool-1 - After cleanup  stats (total=1, active=0, idle=1, waiting=0)
2026-08-05 17:40:23.468 DEBUG 548 --- [l-1 housekeeper] com.zaxxer.hikari.pool.HikariPool        : HikariPool-1 - Fill pool skipped, pool is at sufficient level.
2026-08-05 17:40:23.745 DEBUG 548 --- [ool housekeeper] com.zaxxer.hikari.pool.HikariPool        : TigoHogarHikariPool - Before cleanup stats (total=1, active=0, idle=1, waiting=0)
2026-08-05 17:40:23.746 DEBUG 548 --- [ool housekeeper] com.zaxxer.hikari.pool.HikariPool        : TigoHogarHikariPool - After cleanup  stats (total=1, active=0, idle=1, waiting=0)
2026-08-05 17:40:23.746 DEBUG 548 --- [ool housekeeper] com.zaxxer.hikari.pool.HikariPool        : TigoHogarHikariPool - Fill pool skipped, pool is at sufficient level.
2026-08-05 17:40:42.686 DEBUG 548 --- [ruz housekeeper] com.zaxxer.hikari.pool.HikariPool        : ConnDb-SantaCruz - Before cleanup stats (total=1, active=0, idle=1, waiting=0)
2026-08-05 17:40:42.686 DEBUG 548 --- [ruz housekeeper] com.zaxxer.hikari.pool.HikariPool        : ConnDb-SantaCruz - After cleanup  stats (total=1, active=0, idle=1, waiting=0)
2026-08-05 17:40:42.687 DEBUG 548 --- [ruz housekeeper] com.zaxxer.hikari.pool.HikariPool        : ConnDb-SantaCruz - Fill pool skipped, pool is at sufficient level.
2026-08-05 17:40:43.247 DEBUG 548 --- [l-9 housekeeper] com.zaxxer.hikari.pool.HikariPool        : ConnDb-sucursal-9 - Before cleanup stats (total=1, active=0, idle=1, waiting=0)
2026-08-05 17:40:43.248 DEBUG 548 --- [l-9 housekeeper] com.zaxxer.hikari.pool.HikariPool        : ConnDb-sucursal-9 - After cleanup  stats (total=1, active=0, idle=1, waiting=0)
2026-08-05 17:40:43.248 DEBUG 548 --- [l-9 housekeeper] com.zaxxer.hikari.pool.HikariPool        : ConnDb-sucursal-9 - Fill pool skipped, pool is at sufficient level.
2026-08-05 17:40:53.378 DEBUG 548 --- [ool housekeeper] com.zaxxer.hikari.pool.HikariPool        : CentralHikariPool - Before cleanup stats (total=0, active=0, idle=0, waiting=0)
2026-08-05 17:40:53.379 DEBUG 548 --- [ool housekeeper] com.zaxxer.hikari.pool.HikariPool        : CentralHikariPool - After cleanup  stats (total=0, active=0, idle=0, waiting=0)
2026-08-05 17:40:53.379 DEBUG 548 --- [ool housekeeper] com.zaxxer.hikari.pool.HikariPool        : CentralHikariPool - Fill pool skipped, pool is at sufficient level.
2026-08-05 17:40:53.472 DEBUG 548 --- [l-1 housekeeper] com.zaxxer.hikari.pool.HikariPool        : HikariPool-1 - Before cleanup stats (total=1, active=0, idle=1, waiting=0)
2026-08-05 17:40:53.473 DEBUG 548 --- [l-1 housekeeper] com.zaxxer.hikari.pool.HikariPool        : HikariPool-1 - After cleanup  stats (total=1, active=0, idle=1, waiting=0)
2026-08-05 17:40:53.473 DEBUG 548 --- [l-1 housekeeper] com.zaxxer.hikari.pool.HikariPool        : HikariPool-1 - Fill pool skipped, pool is at sufficient level.
2026-08-05 17:40:53.752 DEBUG 548 --- [ool housekeeper] com.zaxxer.hikari.pool.HikariPool        : TigoHogarHikariPool - Before cleanup stats (total=1, active=0, idle=1, waiting=0)
2026-08-05 17:40:53.753 DEBUG 548 --- [ool housekeeper] com.zaxxer.hikari.pool.HikariPool        : TigoHogarHikariPool - After cleanup  stats (total=1, active=0, idle=1, waiting=0)
2026-08-05 17:40:53.753 DEBUG 548 --- [ool housekeeper] com.zaxxer.hikari.pool.HikariPool        : TigoHogarHikariPool - Fill pool skipped, pool is at sufficient level.
2026-08-05 17:41:09.323 DEBUG 548 --- [nio-9060-exec-7] o.s.web.servlet.DispatcherServlet        : GET "/auth/sucursales", parameters={}
2026-08-05 17:41:09.332 DEBUG 548 --- [nio-9060-exec-7] s.w.s.m.m.a.RequestMappingHandlerMapping : Mapped to com.example.TigoStarSystem.auth.controller.AuthController#listarSucursales()
2026-08-05 17:41:09.336  INFO 548 --- [nio-9060-exec-7] c.e.T.auth.controller.AuthController     : Request GET /auth/sucursales
2026-08-05 17:41:09.338 DEBUG 548 --- [nio-9060-exec-7] o.s.jdbc.core.JdbcTemplate               : Executing SQL query [EXEC dbo.spx_ObtenerSucursalesConexionWeb]
2026-08-05 17:41:09.339 DEBUG 548 --- [nio-9060-exec-7] o.s.jdbc.datasource.DataSourceUtils      : Fetching JDBC Connection from DataSource
2026-08-05 17:41:09.379 DEBUG 548 --- [nio-9060-exec-7] o.s.w.s.m.m.a.HttpEntityMethodProcessor  : Using 'application/json', given [application/json, text/plain, */*] and supported [application/json, application/*+json, application/json, application/*+json]
2026-08-05 17:41:09.381 DEBUG 548 --- [nio-9060-exec-7] o.s.w.s.m.m.a.HttpEntityMethodProcessor  : Writing [com.example.TigoStarSystem.common.ApiResponse@15172a6b]
2026-08-05 17:41:09.389 DEBUG 548 --- [nio-9060-exec-7] o.s.web.servlet.DispatcherServlet        : Completed 200 OK
2026-08-05 17:41:12.689 DEBUG 548 --- [ruz housekeeper] com.zaxxer.hikari.pool.HikariPool        : ConnDb-SantaCruz - Before cleanup stats (total=1, active=0, idle=1, waiting=0)
2026-08-05 17:41:12.690 DEBUG 548 --- [ruz housekeeper] com.zaxxer.hikari.pool.HikariPool        : ConnDb-SantaCruz - After cleanup  stats (total=1, active=0, idle=1, waiting=0)
2026-08-05 17:41:12.690 DEBUG 548 --- [ruz housekeeper] com.zaxxer.hikari.pool.HikariPool        : ConnDb-SantaCruz - Fill pool skipped, pool is at sufficient level.
2026-08-05 17:41:13.262 DEBUG 548 --- [l-9 housekeeper] com.zaxxer.hikari.pool.HikariPool        : ConnDb-sucursal-9 - Before cleanup stats (total=1, active=0, idle=1, waiting=0)
2026-08-05 17:41:13.262 DEBUG 548 --- [l-9 housekeeper] com.zaxxer.hikari.pool.HikariPool        : ConnDb-sucursal-9 - After cleanup  stats (total=1, active=0, idle=1, waiting=0)
2026-08-05 17:41:13.263 DEBUG 548 --- [l-9 housekeeper] com.zaxxer.hikari.pool.HikariPool        : ConnDb-sucursal-9 - Fill pool skipped, pool is at sufficient level.
2026-08-05 17:41:15.435 DEBUG 548 --- [nio-9060-exec-9] o.s.web.servlet.DispatcherServlet        : GET "/auth/sucursales", parameters={}
2026-08-05 17:41:15.438 DEBUG 548 --- [nio-9060-exec-9] s.w.s.m.m.a.RequestMappingHandlerMapping : Mapped to com.example.TigoStarSystem.auth.controller.AuthController#listarSucursales()
2026-08-05 17:41:15.439  INFO 548 --- [nio-9060-exec-9] c.e.T.auth.controller.AuthController     : Request GET /auth/sucursales
2026-08-05 17:41:15.440 DEBUG 548 --- [nio-9060-exec-9] o.s.jdbc.core.JdbcTemplate               : Executing SQL query [EXEC dbo.spx_ObtenerSucursalesConexionWeb]
2026-08-05 17:41:15.441 DEBUG 548 --- [nio-9060-exec-9] o.s.jdbc.datasource.DataSourceUtils      : Fetching JDBC Connection from DataSource
2026-08-05 17:41:15.444 DEBUG 548 --- [nio-9060-exec-8] o.s.web.servlet.DispatcherServlet        : POST "/auth/login", parameters={}
2026-08-05 17:41:15.445 DEBUG 548 --- [nio-9060-exec-8] s.w.s.m.m.a.RequestMappingHandlerMapping : Mapped to com.example.TigoStarSystem.auth.controller.AuthController#login(AuthLoginRequest)
2026-08-05 17:41:15.446 DEBUG 548 --- [nio-9060-exec-8] m.m.a.RequestResponseBodyMethodProcessor : Read "application/json;charset=UTF-8" to [com.example.TigoStarSystem.auth.dto.AuthLoginRequest@8d48ef9]
2026-08-05 17:41:15.448  INFO 548 --- [nio-9060-exec-8] c.e.T.auth.service.AuthService           : Login attempt usuario=lvargas, idSucursal=9, validarSucursal=false
2026-08-05 17:41:15.448 DEBUG 548 --- [nio-9060-exec-8] o.s.jdbc.core.JdbcTemplate               : Executing SQL query [EXEC dbo.spx_ObtenerSucursalesConexionWeb]
2026-08-05 17:41:15.449 DEBUG 548 --- [nio-9060-exec-8] o.s.jdbc.datasource.DataSourceUtils      : Fetching JDBC Connection from DataSource
2026-08-05 17:41:15.449 DEBUG 548 --- [nio-9060-exec-9] o.s.w.s.m.m.a.HttpEntityMethodProcessor  : Using 'application/json', given [application/json, text/plain, */*] and supported [application/json, application/*+json, application/json, application/*+json]
2026-08-05 17:41:15.450 DEBUG 548 --- [nio-9060-exec-9] o.s.w.s.m.m.a.HttpEntityMethodProcessor  : Writing [com.example.TigoStarSystem.common.ApiResponse@781222bb]
2026-08-05 17:41:15.451 DEBUG 548 --- [nio-9060-exec-9] o.s.web.servlet.DispatcherServlet        : Completed 200 OK
2026-08-05 17:41:15.453 DEBUG 548 --- [nio-9060-exec-8] c.e.T.auth.service.AuthService           : Sucursal resolved idSucursal=9, host=tigo.makiro.com.bo, baseDeDatos=BDSistemaAntenaPM
2026-08-05 17:41:15.453 DEBUG 548 --- [nio-9060-exec-8] c.e.T.auth.service.AuthService           : Login target attempt=1 idSucursal=9, sucursal=SantaCruz, host=tigo.makiro.com.bo, baseDeDatos=BDSistemaAntenaPM
2026-08-05 17:41:15.454 DEBUG 548 --- [nio-9060-exec-8] c.e.T.auth.service.AuthService           : Creating JDBC connection for sucursal host=tigo.makiro.com.bo baseDeDatos=BDSistemaAntenaPM
2026-08-05 17:41:15.455 DEBUG 548 --- [nio-9060-exec-8] c.e.T.auth.service.AuthService           : Calling SP dbo.spx_ValidarUsuario
2026-08-05 17:41:15.455 DEBUG 548 --- [nio-9060-exec-8] o.s.jdbc.core.JdbcTemplate               : Executing prepared SQL query
2026-08-05 17:41:15.456 DEBUG 548 --- [nio-9060-exec-8] o.s.jdbc.core.JdbcTemplate               : Executing prepared SQL statement [EXEC dbo.spx_ValidarUsuario ?, ?]
2026-08-05 17:41:15.456 DEBUG 548 --- [nio-9060-exec-8] o.s.jdbc.datasource.DataSourceUtils      : Fetching JDBC Connection from DataSource
2026-08-05 17:41:15.461 DEBUG 548 --- [nio-9060-exec-8] c.e.T.auth.service.AuthService           : Login SP returned 1 rows
2026-08-05 17:41:15.463  INFO 548 --- [nio-9060-exec-8] c.e.T.auth.controller.AuthController     : User {} logged in successfully.
2026-08-05 17:41:15.464 DEBUG 548 --- [nio-9060-exec-8] o.s.w.s.m.m.a.HttpEntityMethodProcessor  : Using 'application/json', given [application/json, text/plain, */*] and supported [application/json, application/*+json, application/json, application/*+json]
2026-08-05 17:41:15.465 DEBUG 548 --- [nio-9060-exec-8] o.s.w.s.m.m.a.HttpEntityMethodProcessor  : Writing [com.example.TigoStarSystem.common.ApiResponse@3b54f214]
2026-08-05 17:41:15.466 DEBUG 548 --- [nio-9060-exec-8] o.s.web.servlet.DispatcherServlet        : Completed 200 OK
2026-08-05 17:41:15.476 DEBUG 548 --- [io-9060-exec-10] o.s.web.servlet.DispatcherServlet        : GET "/auth/me", parameters={}
2026-08-05 17:41:15.477 DEBUG 548 --- [io-9060-exec-10] s.w.s.m.m.a.RequestMappingHandlerMapping : Mapped to com.example.TigoStarSystem.auth.controller.AuthController#me(String)
2026-08-05 17:41:15.481 DEBUG 548 --- [io-9060-exec-10] o.s.w.s.m.m.a.HttpEntityMethodProcessor  : Using 'application/json', given [application/json, text/plain, */*] and supported [application/json, application/*+json, application/json, application/*+json]
2026-08-05 17:41:15.482 DEBUG 548 --- [io-9060-exec-10] o.s.w.s.m.m.a.HttpEntityMethodProcessor  : Writing [com.example.TigoStarSystem.common.ApiResponse@27dee61e]
2026-08-05 17:41:15.485 DEBUG 548 --- [io-9060-exec-10] o.s.web.servlet.DispatcherServlet        : Completed 200 OK
2026-08-05 17:41:15.493 DEBUG 548 --- [nio-9060-exec-1] o.s.web.servlet.DispatcherServlet        : GET "/auth/permisos", parameters={}
2026-08-05 17:41:15.494 DEBUG 548 --- [nio-9060-exec-1] s.w.s.m.m.a.RequestMappingHandlerMapping : Mapped to com.example.TigoStarSystem.auth.controller.AuthPermisosController#permisos(String)
2026-08-05 17:41:15.497 DEBUG 548 --- [nio-9060-exec-1] o.s.jdbc.core.JdbcTemplate               : Executing prepared SQL query
2026-08-05 17:41:15.498 DEBUG 548 --- [nio-9060-exec-1] o.s.jdbc.core.JdbcTemplate               : Executing prepared SQL statement [SELECT TOP 1 CAST(ut.id AS INT) AS id_usuario_tecnico FROM dbo.tbl_UsuarioTecnico ut WHERE (ut.id_usuario = ? OR ut.idusuario = ? OR ut.id_tecnico = ? OR ut.idtecnico = ?)   AND ISNULL(ut.e_eliminado, 0) = 0]
2026-08-05 17:41:15.498 DEBUG 548 --- [nio-9060-exec-1] o.s.jdbc.datasource.DataSourceUtils      : Fetching JDBC Connection from DataSource
2026-08-05 17:41:15.646 DEBUG 548 --- [nio-9060-exec-1] o.s.jdbc.datasource.DataSourceUtils      : Fetching JDBC Connection from DataSource
2026-08-05 17:41:15.653 DEBUG 548 --- [nio-9060-exec-1] o.s.jdbc.core.JdbcTemplate               : Executing prepared SQL query
2026-08-05 17:41:15.653 DEBUG 548 --- [nio-9060-exec-1] o.s.jdbc.core.JdbcTemplate               : Executing prepared SQL statement [SELECT TOP 1 CAST(ut.Id AS INT) AS id_usuario_tecnico FROM dbo.tbl_UsuarioTecnico ut WHERE (ut.Id_Usuario = ? OR ut.IdUsuario = ? OR ut.Id_Tecnico = ? OR ut.IdTecnico = ?)   AND ISNULL(ut.E_Eliminado, 0) = 0]
2026-08-05 17:41:15.653 DEBUG 548 --- [nio-9060-exec-1] o.s.jdbc.datasource.DataSourceUtils      : Fetching JDBC Connection from DataSource
2026-08-05 17:41:15.659 DEBUG 548 --- [nio-9060-exec-1] o.s.jdbc.core.JdbcTemplate               : Executing prepared SQL query
2026-08-05 17:41:15.660 DEBUG 548 --- [nio-9060-exec-1] o.s.jdbc.core.JdbcTemplate               : Executing prepared SQL statement [SELECT TOP 1 CAST(ut.id AS INT) AS id_usuario_tecnico FROM dbo.tbl_usuariotecnico ut WHERE (ut.id_usuario = ? OR ut.idusuario = ? OR ut.id_tecnico = ? OR ut.idtecnico = ?)   AND ISNULL(ut.e_eliminado, 0) = 0]
2026-08-05 17:41:15.660 DEBUG 548 --- [nio-9060-exec-1] o.s.jdbc.datasource.DataSourceUtils      : Fetching JDBC Connection from DataSource
2026-08-05 17:41:15.671 DEBUG 548 --- [nio-9060-exec-1] o.s.jdbc.core.JdbcTemplate               : Executing prepared SQL query
2026-08-05 17:41:15.672 DEBUG 548 --- [nio-9060-exec-1] o.s.jdbc.core.JdbcTemplate               : Executing prepared SQL statement [SELECT TOP 1 CAST(ut.id AS INT) AS id_usuario_tecnico FROM dbo.tbl_usuaritecnico ut WHERE (ut.id_usuario = ? OR ut.idusuario = ? OR ut.id_tecnico = ? OR ut.idtecnico = ?)   AND ISNULL(ut.e_eliminado, 0) = 0]
2026-08-05 17:41:15.672 DEBUG 548 --- [nio-9060-exec-1] o.s.jdbc.datasource.DataSourceUtils      : Fetching JDBC Connection from DataSource
2026-08-05 17:41:15.690 DEBUG 548 --- [nio-9060-exec-1] o.s.jdbc.core.JdbcTemplate               : Executing prepared SQL query
2026-08-05 17:41:15.691 DEBUG 548 --- [nio-9060-exec-1] o.s.jdbc.core.JdbcTemplate               : Executing prepared SQL statement [SELECT TOP 1 CAST(ut.id_vendedor AS INT) AS id_vendedor FROM dbo.tbl_UsuarioTecnico ut WHERE (ut.id_usuario = ? OR ut.idusuario = ? OR ut.id = ? OR ut.id_tecnico = ? OR ut.idtecnico = ?)   AND ISNULL(ut.e_eliminado, 0) = 0 AND ut.id_vendedor IS NOT NULL]
2026-08-05 17:41:15.691 DEBUG 548 --- [nio-9060-exec-1] o.s.jdbc.datasource.DataSourceUtils      : Fetching JDBC Connection from DataSource
2026-08-05 17:41:15.701 DEBUG 548 --- [nio-9060-exec-1] o.s.jdbc.core.JdbcTemplate               : Executing prepared SQL query
2026-08-05 17:41:15.702 DEBUG 548 --- [nio-9060-exec-1] o.s.jdbc.core.JdbcTemplate               : Executing prepared SQL statement [SELECT TOP 1 CAST(ut.Id_Vendedor AS INT) AS id_vendedor FROM dbo.tbl_UsuarioTecnico ut WHERE (ut.Id_Usuario = ? OR ut.IdUsuario = ? OR ut.Id = ? OR ut.Id_Tecnico = ? OR ut.IdTecnico = ?)   AND ISNULL(ut.E_Eliminado, 0) = 0 AND ut.Id_Vendedor IS NOT NULL]
2026-08-05 17:41:15.702 DEBUG 548 --- [nio-9060-exec-1] o.s.jdbc.datasource.DataSourceUtils      : Fetching JDBC Connection from DataSource
2026-08-05 17:41:15.709 DEBUG 548 --- [nio-9060-exec-1] o.s.jdbc.core.JdbcTemplate               : Executing prepared SQL query
2026-08-05 17:41:15.710 DEBUG 548 --- [nio-9060-exec-1] o.s.jdbc.core.JdbcTemplate               : Executing prepared SQL statement [SELECT TOP 1 CAST(ut.idvendedor AS INT) AS id_vendedor FROM dbo.tbl_usuariotecnico ut WHERE (ut.id_usuario = ? OR ut.idusuario = ? OR ut.id = ? OR ut.id_tecnico = ? OR ut.idtecnico = ?)   AND ISNULL(ut.e_eliminado, 0) = 0 AND ut.idvendedor IS NOT NULL]
2026-08-05 17:41:15.710 DEBUG 548 --- [nio-9060-exec-1] o.s.jdbc.datasource.DataSourceUtils      : Fetching JDBC Connection from DataSource
2026-08-05 17:41:15.720 DEBUG 548 --- [nio-9060-exec-1] o.s.jdbc.core.JdbcTemplate               : Executing prepared SQL query
2026-08-05 17:41:15.721 DEBUG 548 --- [nio-9060-exec-1] o.s.jdbc.core.JdbcTemplate               : Executing prepared SQL statement [SELECT TOP 1 g.id_grupo, ISNULL(g.supervisor_ausente, 0) AS supervisor_ausente, gb.id_grupo_backup, gb.id_usuario_tecnico_temporal, ISNULL(gb.e_activo, 0) AS backup_activo, gb.fecha_inicio, gs.id_usuario AS id_usuario_supervisor FROM dbo.tbl_Grupo g LEFT JOIN dbo.tbl_GrupoSup gs ON gs.id_grupo = g.id_grupo LEFT JOIN dbo.tbl_GrupoBackup gb        ON gb.id_grupo = g.id_grupo       AND ISNULL(gb.e_activo, 0) = 1 WHERE ISNULL(g.e_eliminado, 0) = 0   AND (gs.id_usuario = ? OR gb.id_usuario_tecnico_temporal = ? OR gb.id_usuario_tecnico_temporal = ? OR gb.id_usuario_tecnico_temporal = ?) ORDER BY CASE WHEN gb.id_usuario_tecnico_temporal = ? THEN 0               WHEN gb.id_usuario_tecnico_temporal = ? THEN 1               WHEN gb.id_usuario_tecnico_temporal = ? THEN 2 ELSE 3 END,          gb.id_grupo_backup DESC, g.id_grupo DESC]
2026-08-05 17:41:15.721 DEBUG 548 --- [nio-9060-exec-1] o.s.jdbc.datasource.DataSourceUtils      : Fetching JDBC Connection from DataSource
2026-08-05 17:41:15.732 DEBUG 548 --- [nio-9060-exec-1] o.s.jdbc.core.JdbcTemplate               : Executing prepared SQL query
2026-08-05 17:41:15.732 DEBUG 548 --- [nio-9060-exec-1] o.s.jdbc.core.JdbcTemplate               : Executing prepared SQL statement [SELECT TOP 1 CAST(ut.id AS INT) AS id_usuario_tecnico FROM dbo.tbl_UsuarioTecnico ut WHERE (ut.id_usuario = ? OR ut.idusuario = ? OR ut.id_tecnico = ? OR ut.idtecnico = ?)   AND ISNULL(ut.e_eliminado, 0) = 0]
2026-08-05 17:41:15.732 DEBUG 548 --- [nio-9060-exec-1] o.s.jdbc.datasource.DataSourceUtils      : Fetching JDBC Connection from DataSource
2026-08-05 17:41:15.742 DEBUG 548 --- [nio-9060-exec-1] o.s.jdbc.datasource.DataSourceUtils      : Fetching JDBC Connection from DataSource
2026-08-05 17:41:15.742 DEBUG 548 --- [nio-9060-exec-1] o.s.jdbc.core.JdbcTemplate               : Executing prepared SQL query
2026-08-05 17:41:15.742 DEBUG 548 --- [nio-9060-exec-1] o.s.jdbc.core.JdbcTemplate               : Executing prepared SQL statement [SELECT TOP 1 CAST(ut.Id AS INT) AS id_usuario_tecnico FROM dbo.tbl_UsuarioTecnico ut WHERE (ut.Id_Usuario = ? OR ut.IdUsuario = ? OR ut.Id_Tecnico = ? OR ut.IdTecnico = ?)   AND ISNULL(ut.E_Eliminado, 0) = 0]
2026-08-05 17:41:15.743 DEBUG 548 --- [nio-9060-exec-1] o.s.jdbc.datasource.DataSourceUtils      : Fetching JDBC Connection from DataSource
2026-08-05 17:41:15.750 DEBUG 548 --- [nio-9060-exec-1] o.s.jdbc.core.JdbcTemplate               : Executing prepared SQL query
2026-08-05 17:41:15.750 DEBUG 548 --- [nio-9060-exec-1] o.s.jdbc.core.JdbcTemplate               : Executing prepared SQL statement [SELECT TOP 1 CAST(ut.id AS INT) AS id_usuario_tecnico FROM dbo.tbl_usuariotecnico ut WHERE (ut.id_usuario = ? OR ut.idusuario = ? OR ut.id_tecnico = ? OR ut.idtecnico = ?)   AND ISNULL(ut.e_eliminado, 0) = 0]
2026-08-05 17:41:15.751 DEBUG 548 --- [nio-9060-exec-1] o.s.jdbc.datasource.DataSourceUtils      : Fetching JDBC Connection from DataSource
2026-08-05 17:41:15.759 DEBUG 548 --- [nio-9060-exec-1] o.s.jdbc.core.JdbcTemplate               : Executing prepared SQL query
2026-08-05 17:41:15.760 DEBUG 548 --- [nio-9060-exec-1] o.s.jdbc.core.JdbcTemplate               : Executing prepared SQL statement [SELECT TOP 1 CAST(ut.id AS INT) AS id_usuario_tecnico FROM dbo.tbl_usuaritecnico ut WHERE (ut.id_usuario = ? OR ut.idusuario = ? OR ut.id_tecnico = ? OR ut.idtecnico = ?)   AND ISNULL(ut.e_eliminado, 0) = 0]
2026-08-05 17:41:15.760 DEBUG 548 --- [nio-9060-exec-1] o.s.jdbc.datasource.DataSourceUtils      : Fetching JDBC Connection from DataSource
2026-08-05 17:41:15.768 DEBUG 548 --- [nio-9060-exec-1] o.s.jdbc.core.JdbcTemplate               : Executing prepared SQL query
2026-08-05 17:41:15.769 DEBUG 548 --- [nio-9060-exec-1] o.s.jdbc.core.JdbcTemplate               : Executing prepared SQL statement [SELECT TOP 1 CAST(ut.id_vendedor AS INT) AS id_vendedor FROM dbo.tbl_UsuarioTecnico ut WHERE (ut.id_usuario = ? OR ut.idusuario = ? OR ut.id = ? OR ut.id_tecnico = ? OR ut.idtecnico = ?)   AND ISNULL(ut.e_eliminado, 0) = 0 AND ut.id_vendedor IS NOT NULL]
2026-08-05 17:41:15.769 DEBUG 548 --- [nio-9060-exec-1] o.s.jdbc.datasource.DataSourceUtils      : Fetching JDBC Connection from DataSource
2026-08-05 17:41:15.779 DEBUG 548 --- [nio-9060-exec-1] o.s.jdbc.core.JdbcTemplate               : Executing prepared SQL query
2026-08-05 17:41:15.780 DEBUG 548 --- [nio-9060-exec-1] o.s.jdbc.core.JdbcTemplate               : Executing prepared SQL statement [SELECT TOP 1 CAST(ut.Id_Vendedor AS INT) AS id_vendedor FROM dbo.tbl_UsuarioTecnico ut WHERE (ut.Id_Usuario = ? OR ut.IdUsuario = ? OR ut.Id = ? OR ut.Id_Tecnico = ? OR ut.IdTecnico = ?)   AND ISNULL(ut.E_Eliminado, 0) = 0 AND ut.Id_Vendedor IS NOT NULL]
2026-08-05 17:41:15.781 DEBUG 548 --- [nio-9060-exec-1] o.s.jdbc.datasource.DataSourceUtils      : Fetching JDBC Connection from DataSource
2026-08-05 17:41:15.790 DEBUG 548 --- [nio-9060-exec-1] o.s.jdbc.core.JdbcTemplate               : Executing prepared SQL query
2026-08-05 17:41:15.791 DEBUG 548 --- [nio-9060-exec-1] o.s.jdbc.core.JdbcTemplate               : Executing prepared SQL statement [SELECT TOP 1 CAST(ut.idvendedor AS INT) AS id_vendedor FROM dbo.tbl_usuariotecnico ut WHERE (ut.id_usuario = ? OR ut.idusuario = ? OR ut.id = ? OR ut.id_tecnico = ? OR ut.idtecnico = ?)   AND ISNULL(ut.e_eliminado, 0) = 0 AND ut.idvendedor IS NOT NULL]
2026-08-05 17:41:15.791 DEBUG 548 --- [nio-9060-exec-1] o.s.jdbc.datasource.DataSourceUtils      : Fetching JDBC Connection from DataSource
2026-08-05 17:41:15.800 DEBUG 548 --- [nio-9060-exec-1] o.s.jdbc.core.JdbcTemplate               : Executing prepared SQL query
2026-08-05 17:41:15.801 DEBUG 548 --- [nio-9060-exec-1] o.s.jdbc.core.JdbcTemplate               : Executing prepared SQL statement [SELECT TOP 1 g.id_grupo, ISNULL(g.supervisor_ausente, 0) AS supervisor_ausente, gb.id_grupo_backup, gb.id_usuario_tecnico_temporal, ISNULL(gb.e_activo, 0) AS backup_activo, gb.fecha_inicio, gs.id_usuario AS id_usuario_supervisor FROM dbo.tbl_Grupo g LEFT JOIN dbo.tbl_GrupoSup gs ON gs.id_grupo = g.id_grupo LEFT JOIN dbo.tbl_GrupoBackup gb        ON gb.id_grupo = g.id_grupo       AND ISNULL(gb.e_activo, 0) = 1 WHERE ISNULL(g.e_eliminado, 0) = 0   AND (gs.id_usuario = ? OR gb.id_usuario_tecnico_temporal = ? OR gb.id_usuario_tecnico_temporal = ? OR gb.id_usuario_tecnico_temporal = ?) ORDER BY CASE WHEN gb.id_usuario_tecnico_temporal = ? THEN 0               WHEN gb.id_usuario_tecnico_temporal = ? THEN 1               WHEN gb.id_usuario_tecnico_temporal = ? THEN 2 ELSE 3 END,          gb.id_grupo_backup DESC, g.id_grupo DESC]
2026-08-05 17:41:15.801 DEBUG 548 --- [nio-9060-exec-1] o.s.jdbc.datasource.DataSourceUtils      : Fetching JDBC Connection from DataSource
2026-08-05 17:41:15.813 DEBUG 548 --- [nio-9060-exec-1] o.s.jdbc.core.JdbcTemplate               : Executing SQL update [IF OBJECT_ID('dbo.backup_temporal', 'U') IS NULL BEGIN CREATE TABLE dbo.backup_temporal (id_backup_temporal INT IDENTITY(1,1) NOT NULL PRIMARY KEY, id_usuario INT NOT NULL, id_grupo INT NULL, id_rol_temporal INT NOT NULL, e_activo BIT NOT NULL CONSTRAINT DF_backup_temporal_e_activo DEFAULT(1), fecha_inicio DATETIME NOT NULL CONSTRAINT DF_backup_temporal_fecha_inicio DEFAULT(GETDATE()), fecha_fin DATETIME NULL, fecha_registro DATETIME NOT NULL CONSTRAINT DF_backup_temporal_fecha_registro DEFAULT(GETDATE()), fecha_actualizacion DATETIME NULL); END]
2026-08-05 17:41:15.814 DEBUG 548 --- [nio-9060-exec-1] o.s.jdbc.datasource.DataSourceUtils      : Fetching JDBC Connection from DataSource
2026-08-05 17:41:15.819 DEBUG 548 --- [nio-9060-exec-1] o.s.jdbc.core.JdbcTemplate               : Executing SQL update [IF COL_LENGTH('dbo.backup_temporal', 'id_grupo') IS NULL BEGIN ALTER TABLE dbo.backup_temporal ADD id_grupo INT NULL; END]
2026-08-05 17:41:15.819 DEBUG 548 --- [nio-9060-exec-1] o.s.jdbc.datasource.DataSourceUtils      : Fetching JDBC Connection from DataSource
2026-08-05 17:41:15.822 DEBUG 548 --- [nio-9060-exec-1] o.s.jdbc.core.JdbcTemplate               : Executing SQL update [IF NOT EXISTS (SELECT 1 FROM sys.indexes WHERE object_id = OBJECT_ID('dbo.backup_temporal')   AND name = 'IX_backup_temporal_usuario_activo') BEGIN CREATE INDEX IX_backup_temporal_usuario_activo ON dbo.backup_temporal(id_usuario, e_activo, fecha_fin); END]
2026-08-05 17:41:15.823 DEBUG 548 --- [nio-9060-exec-1] o.s.jdbc.datasource.DataSourceUtils      : Fetching JDBC Connection from DataSource
2026-08-05 17:41:15.826 DEBUG 548 --- [nio-9060-exec-1] o.s.jdbc.core.JdbcTemplate               : Executing prepared SQL query
2026-08-05 17:41:15.826 DEBUG 548 --- [nio-9060-exec-1] o.s.jdbc.core.JdbcTemplate               : Executing prepared SQL statement [SELECT TOP 1 CAST(ut.id AS INT) AS alt_id FROM dbo.tbl_UsuarioTecnico ut WHERE (ut.id_usuario = ? OR ut.idusuario = ? OR ut.id_tecnico = ? OR ut.idtecnico = ?)   AND ISNULL(ut.e_eliminado, 0) = 0]
2026-08-05 17:41:15.826 DEBUG 548 --- [nio-9060-exec-1] o.s.jdbc.datasource.DataSourceUtils      : Fetching JDBC Connection from DataSource
2026-08-05 17:41:15.838 DEBUG 548 --- [nio-9060-exec-1] o.s.jdbc.core.JdbcTemplate               : Executing prepared SQL query
2026-08-05 17:41:15.838 DEBUG 548 --- [nio-9060-exec-1] o.s.jdbc.core.JdbcTemplate               : Executing prepared SQL statement [SELECT TOP 1 CAST(ut.id_vendedor AS INT) AS alt_id FROM dbo.tbl_UsuarioTecnico ut WHERE (ut.id_usuario = ? OR ut.idusuario = ? OR ut.id_tecnico = ? OR ut.idtecnico = ?)   AND ISNULL(ut.e_eliminado, 0) = 0   AND ut.id_vendedor IS NOT NULL]
2026-08-05 17:41:15.839 DEBUG 548 --- [nio-9060-exec-1] o.s.jdbc.datasource.DataSourceUtils      : Fetching JDBC Connection from DataSource
2026-08-05 17:41:15.848 DEBUG 548 --- [nio-9060-exec-1] o.s.jdbc.core.JdbcTemplate               : Executing prepared SQL query
2026-08-05 17:41:15.849 DEBUG 548 --- [nio-9060-exec-1] o.s.jdbc.core.JdbcTemplate               : Executing prepared SQL statement [SELECT TOP 1 CAST(ut.Id AS INT) AS alt_id FROM dbo.tbl_UsuarioTecnico ut WHERE (ut.Id_Usuario = ? OR ut.IdUsuario = ? OR ut.Id_Tecnico = ? OR ut.IdTecnico = ?)   AND ISNULL(ut.E_Eliminado, 0) = 0]
2026-08-05 17:41:15.849 DEBUG 548 --- [nio-9060-exec-1] o.s.jdbc.datasource.DataSourceUtils      : Fetching JDBC Connection from DataSource
2026-08-05 17:41:15.871 DEBUG 548 --- [nio-9060-exec-1] o.s.jdbc.core.JdbcTemplate               : Executing prepared SQL query
2026-08-05 17:41:15.872 DEBUG 548 --- [nio-9060-exec-1] o.s.jdbc.core.JdbcTemplate               : Executing prepared SQL statement [SELECT TOP 1 CAST(ut.Id_Vendedor AS INT) AS alt_id FROM dbo.tbl_UsuarioTecnico ut WHERE (ut.Id_Usuario = ? OR ut.IdUsuario = ? OR ut.Id_Tecnico = ? OR ut.IdTecnico = ?)   AND ISNULL(ut.E_Eliminado, 0) = 0   AND ut.Id_Vendedor IS NOT NULL]
2026-08-05 17:41:15.873 DEBUG 548 --- [nio-9060-exec-1] o.s.jdbc.datasource.DataSourceUtils      : Fetching JDBC Connection from DataSource
2026-08-05 17:41:15.880 DEBUG 548 --- [nio-9060-exec-1] o.s.jdbc.core.JdbcTemplate               : Executing prepared SQL query
2026-08-05 17:41:15.881 DEBUG 548 --- [nio-9060-exec-1] o.s.jdbc.core.JdbcTemplate               : Executing prepared SQL statement [SELECT TOP 1 CAST(ut.id AS INT) AS alt_id FROM dbo.tbl_usuariotecnico ut WHERE (ut.id_usuario = ? OR ut.idusuario = ? OR ut.id_tecnico = ? OR ut.idtecnico = ?)   AND ISNULL(ut.e_eliminado, 0) = 0]
2026-08-05 17:41:15.882 DEBUG 548 --- [nio-9060-exec-1] o.s.jdbc.datasource.DataSourceUtils      : Fetching JDBC Connection from DataSource
2026-08-05 17:41:15.954 DEBUG 548 --- [nio-9060-exec-1] o.s.jdbc.core.JdbcTemplate               : Executing prepared SQL query
2026-08-05 17:41:15.955 DEBUG 548 --- [nio-9060-exec-1] o.s.jdbc.core.JdbcTemplate               : Executing prepared SQL statement [SELECT TOP 1 CAST(ut.id_vendedor AS INT) AS alt_id FROM dbo.tbl_usuariotecnico ut WHERE (ut.id_usuario = ? OR ut.idusuario = ? OR ut.id_tecnico = ? OR ut.idtecnico = ?)   AND ISNULL(ut.e_eliminado, 0) = 0   AND ut.id_vendedor IS NOT NULL]
2026-08-05 17:41:15.956 DEBUG 548 --- [nio-9060-exec-1] o.s.jdbc.datasource.DataSourceUtils      : Fetching JDBC Connection from DataSource
2026-08-05 17:41:15.962 DEBUG 548 --- [nio-9060-exec-1] o.s.jdbc.core.JdbcTemplate               : Executing prepared SQL query
2026-08-05 17:41:15.962 DEBUG 548 --- [nio-9060-exec-1] o.s.jdbc.core.JdbcTemplate               : Executing prepared SQL statement [SELECT TOP 1 CAST(ut.id AS INT) AS alt_id FROM dbo.tbl_UsuarioTecnico ut WHERE (ut.id_usuario = ? OR ut.idusuario = ? OR ut.id_tecnico = ? OR ut.idtecnico = ?)   AND ISNULL(ut.e_eliminado, 0) = 0]
2026-08-05 17:41:15.962 DEBUG 548 --- [nio-9060-exec-1] o.s.jdbc.datasource.DataSourceUtils      : Fetching JDBC Connection from DataSource
2026-08-05 17:41:15.966 DEBUG 548 --- [nio-9060-exec-1] o.s.jdbc.core.JdbcTemplate               : Executing prepared SQL query
2026-08-05 17:41:15.966 DEBUG 548 --- [nio-9060-exec-1] o.s.jdbc.core.JdbcTemplate               : Executing prepared SQL statement [SELECT TOP 1 CAST(ut.id_vendedor AS INT) AS alt_id FROM dbo.tbl_UsuarioTecnico ut WHERE (ut.id_usuario = ? OR ut.idusuario = ? OR ut.id_tecnico = ? OR ut.idtecnico = ?)   AND ISNULL(ut.e_eliminado, 0) = 0   AND ut.id_vendedor IS NOT NULL]
2026-08-05 17:41:15.967 DEBUG 548 --- [nio-9060-exec-1] o.s.jdbc.datasource.DataSourceUtils      : Fetching JDBC Connection from DataSource
2026-08-05 17:41:15.970 DEBUG 548 --- [nio-9060-exec-1] o.s.jdbc.core.JdbcTemplate               : Executing prepared SQL query
2026-08-05 17:41:15.970 DEBUG 548 --- [nio-9060-exec-1] o.s.jdbc.core.JdbcTemplate               : Executing prepared SQL statement [SELECT TOP 1 CAST(ut.Id AS INT) AS alt_id FROM dbo.tbl_UsuarioTecnico ut WHERE (ut.Id_Usuario = ? OR ut.IdUsuario = ? OR ut.Id_Tecnico = ? OR ut.IdTecnico = ?)   AND ISNULL(ut.E_Eliminado, 0) = 0]
2026-08-05 17:41:15.971 DEBUG 548 --- [nio-9060-exec-1] o.s.jdbc.datasource.DataSourceUtils      : Fetching JDBC Connection from DataSource
2026-08-05 17:41:15.974 DEBUG 548 --- [nio-9060-exec-1] o.s.jdbc.core.JdbcTemplate               : Executing prepared SQL query
2026-08-05 17:41:15.975 DEBUG 548 --- [nio-9060-exec-1] o.s.jdbc.core.JdbcTemplate               : Executing prepared SQL statement [SELECT TOP 1 CAST(ut.Id_Vendedor AS INT) AS alt_id FROM dbo.tbl_UsuarioTecnico ut WHERE (ut.Id_Usuario = ? OR ut.IdUsuario = ? OR ut.Id_Tecnico = ? OR ut.IdTecnico = ?)   AND ISNULL(ut.E_Eliminado, 0) = 0   AND ut.Id_Vendedor IS NOT NULL]
2026-08-05 17:41:15.975 DEBUG 548 --- [nio-9060-exec-1] o.s.jdbc.datasource.DataSourceUtils      : Fetching JDBC Connection from DataSource
2026-08-05 17:41:15.979 DEBUG 548 --- [nio-9060-exec-1] o.s.jdbc.core.JdbcTemplate               : Executing prepared SQL query
2026-08-05 17:41:15.980 DEBUG 548 --- [nio-9060-exec-1] o.s.jdbc.core.JdbcTemplate               : Executing prepared SQL statement [SELECT TOP 1 CAST(ut.id AS INT) AS alt_id FROM dbo.tbl_usuariotecnico ut WHERE (ut.id_usuario = ? OR ut.idusuario = ? OR ut.id_tecnico = ? OR ut.idtecnico = ?)   AND ISNULL(ut.e_eliminado, 0) = 0]
2026-08-05 17:41:15.980 DEBUG 548 --- [nio-9060-exec-1] o.s.jdbc.datasource.DataSourceUtils      : Fetching JDBC Connection from DataSource
2026-08-05 17:41:15.983 DEBUG 548 --- [nio-9060-exec-1] o.s.jdbc.core.JdbcTemplate               : Executing prepared SQL query
2026-08-05 17:41:15.984 DEBUG 548 --- [nio-9060-exec-1] o.s.jdbc.core.JdbcTemplate               : Executing prepared SQL statement [SELECT TOP 1 CAST(ut.id_vendedor AS INT) AS alt_id FROM dbo.tbl_usuariotecnico ut WHERE (ut.id_usuario = ? OR ut.idusuario = ? OR ut.id_tecnico = ? OR ut.idtecnico = ?)   AND ISNULL(ut.e_eliminado, 0) = 0   AND ut.id_vendedor IS NOT NULL]
2026-08-05 17:41:15.984 DEBUG 548 --- [nio-9060-exec-1] o.s.jdbc.datasource.DataSourceUtils      : Fetching JDBC Connection from DataSource
2026-08-05 17:41:15.988 DEBUG 548 --- [nio-9060-exec-1] o.s.jdbc.core.JdbcTemplate               : Executing prepared SQL query
2026-08-05 17:41:15.988 DEBUG 548 --- [nio-9060-exec-1] o.s.jdbc.core.JdbcTemplate               : Executing prepared SQL statement [SELECT TOP 1 CAST(ut.id AS INT) AS alt_id FROM dbo.tbl_UsuarioTecnico ut WHERE (ut.id_usuario = ? OR ut.idusuario = ? OR ut.id_tecnico = ? OR ut.idtecnico = ?)   AND ISNULL(ut.e_eliminado, 0) = 0]
2026-08-05 17:41:15.988 DEBUG 548 --- [nio-9060-exec-1] o.s.jdbc.datasource.DataSourceUtils      : Fetching JDBC Connection from DataSource
2026-08-05 17:41:15.995 DEBUG 548 --- [nio-9060-exec-1] o.s.jdbc.core.JdbcTemplate               : Executing prepared SQL query
2026-08-05 17:41:15.996 DEBUG 548 --- [nio-9060-exec-1] o.s.jdbc.core.JdbcTemplate               : Executing prepared SQL statement [SELECT TOP 1 CAST(ut.id_vendedor AS INT) AS alt_id FROM dbo.tbl_UsuarioTecnico ut WHERE (ut.id_usuario = ? OR ut.idusuario = ? OR ut.id_tecnico = ? OR ut.idtecnico = ?)   AND ISNULL(ut.e_eliminado, 0) = 0   AND ut.id_vendedor IS NOT NULL]
2026-08-05 17:41:15.996 DEBUG 548 --- [nio-9060-exec-1] o.s.jdbc.datasource.DataSourceUtils      : Fetching JDBC Connection from DataSource
2026-08-05 17:41:16.003 DEBUG 548 --- [nio-9060-exec-1] o.s.jdbc.core.JdbcTemplate               : Executing prepared SQL query
2026-08-05 17:41:16.003 DEBUG 548 --- [nio-9060-exec-1] o.s.jdbc.core.JdbcTemplate               : Executing prepared SQL statement [SELECT TOP 1 CAST(ut.Id AS INT) AS alt_id FROM dbo.tbl_UsuarioTecnico ut WHERE (ut.Id_Usuario = ? OR ut.IdUsuario = ? OR ut.Id_Tecnico = ? OR ut.IdTecnico = ?)   AND ISNULL(ut.E_Eliminado, 0) = 0]
2026-08-05 17:41:16.003 DEBUG 548 --- [nio-9060-exec-1] o.s.jdbc.datasource.DataSourceUtils      : Fetching JDBC Connection from DataSource
2026-08-05 17:41:16.008 DEBUG 548 --- [nio-9060-exec-1] o.s.jdbc.core.JdbcTemplate               : Executing prepared SQL query
2026-08-05 17:41:16.009 DEBUG 548 --- [nio-9060-exec-1] o.s.jdbc.core.JdbcTemplate               : Executing prepared SQL statement [SELECT TOP 1 CAST(ut.Id_Vendedor AS INT) AS alt_id FROM dbo.tbl_UsuarioTecnico ut WHERE (ut.Id_Usuario = ? OR ut.IdUsuario = ? OR ut.Id_Tecnico = ? OR ut.IdTecnico = ?)   AND ISNULL(ut.E_Eliminado, 0) = 0   AND ut.Id_Vendedor IS NOT NULL]
2026-08-05 17:41:16.009 DEBUG 548 --- [nio-9060-exec-1] o.s.jdbc.datasource.DataSourceUtils      : Fetching JDBC Connection from DataSource
2026-08-05 17:41:16.015 DEBUG 548 --- [nio-9060-exec-1] o.s.jdbc.core.JdbcTemplate               : Executing prepared SQL query
2026-08-05 17:41:16.015 DEBUG 548 --- [nio-9060-exec-1] o.s.jdbc.core.JdbcTemplate               : Executing prepared SQL statement [SELECT TOP 1 CAST(ut.id AS INT) AS alt_id FROM dbo.tbl_usuariotecnico ut WHERE (ut.id_usuario = ? OR ut.idusuario = ? OR ut.id_tecnico = ? OR ut.idtecnico = ?)   AND ISNULL(ut.e_eliminado, 0) = 0]
2026-08-05 17:41:16.015 DEBUG 548 --- [nio-9060-exec-1] o.s.jdbc.datasource.DataSourceUtils      : Fetching JDBC Connection from DataSource
2026-08-05 17:41:16.021 DEBUG 548 --- [nio-9060-exec-1] o.s.jdbc.core.JdbcTemplate               : Executing prepared SQL query
2026-08-05 17:41:16.021 DEBUG 548 --- [nio-9060-exec-1] o.s.jdbc.core.JdbcTemplate               : Executing prepared SQL statement [SELECT TOP 1 CAST(ut.id_vendedor AS INT) AS alt_id FROM dbo.tbl_usuariotecnico ut WHERE (ut.id_usuario = ? OR ut.idusuario = ? OR ut.id_tecnico = ? OR ut.idtecnico = ?)   AND ISNULL(ut.e_eliminado, 0) = 0   AND ut.id_vendedor IS NOT NULL]
2026-08-05 17:41:16.021 DEBUG 548 --- [nio-9060-exec-1] o.s.jdbc.datasource.DataSourceUtils      : Fetching JDBC Connection from DataSource
2026-08-05 17:41:16.027 DEBUG 548 --- [nio-9060-exec-1] o.s.jdbc.core.JdbcTemplate               : Executing prepared SQL query
2026-08-05 17:41:16.027 DEBUG 548 --- [nio-9060-exec-1] o.s.jdbc.core.JdbcTemplate               : Executing prepared SQL statement [SELECT TOP 1 1 AS ok FROM dbo.backup_temporal bt WHERE bt.id_usuario = ?   AND ISNULL(bt.e_activo, 1) = 1   AND (bt.fecha_fin IS NULL OR bt.fecha_fin > GETDATE()) ORDER BY bt.id_backup_temporal DESC]
2026-08-05 17:41:16.027 DEBUG 548 --- [nio-9060-exec-1] o.s.jdbc.datasource.DataSourceUtils      : Fetching JDBC Connection from DataSource
2026-08-05 17:41:16.039  INFO 548 --- [nio-9060-exec-1] c.e.T.p.service.PrivilegioService        : [PERMISOS] idUsuarioSesion=51, rolSesion=Supervisor, backupContexto=false, backupTemporal=false, idGrupo=null, idSupervisorContexto=null, idRolPermisos=9, idUsuarioPermisos=51
2026-08-05 17:41:16.039 DEBUG 548 --- [nio-9060-exec-1] o.s.jdbc.core.JdbcTemplate               : Executing SQL query [EXEC dbo.spx_ObtenerPrivilegiosRoles]
2026-08-05 17:41:16.039 DEBUG 548 --- [nio-9060-exec-1] o.s.jdbc.datasource.DataSourceUtils      : Fetching JDBC Connection from DataSource
2026-08-05 17:41:16.057  INFO 548 --- [onnection adder] com.zaxxer.hikari.pool.PoolBase          : CentralHikariPool - Driver does not support get/set network timeout for connections. (null)
2026-08-05 17:41:16.060 DEBUG 548 --- [onnection adder] com.zaxxer.hikari.pool.HikariPool        : CentralHikariPool - Added connection net.sourceforge.jtds.jdbc.JtdsConnection@1a4fb661
2026-08-05 17:41:16.064 DEBUG 548 --- [nio-9060-exec-1] o.s.jdbc.core.JdbcTemplate               : Executing prepared SQL query
2026-08-05 17:41:16.065 DEBUG 548 --- [nio-9060-exec-1] o.s.jdbc.core.JdbcTemplate               : Executing prepared SQL statement [EXEC dbo.spx_ObtenerPrivilegiosRolDetalle ?]
2026-08-05 17:41:16.065 DEBUG 548 --- [nio-9060-exec-1] o.s.jdbc.datasource.DataSourceUtils      : Fetching JDBC Connection from DataSource
2026-08-05 17:41:16.083 DEBUG 548 --- [nio-9060-exec-1] o.s.w.s.m.m.a.HttpEntityMethodProcessor  : Using 'application/json', given [application/json, text/plain, */*] and supported [application/json, application/*+json, application/json, application/*+json]
2026-08-05 17:41:16.084 DEBUG 548 --- [nio-9060-exec-1] o.s.w.s.m.m.a.HttpEntityMethodProcessor  : Writing [com.example.TigoStarSystem.common.ApiResponse@63cfc0b9]
2026-08-05 17:41:16.091 DEBUG 548 --- [nio-9060-exec-1] o.s.web.servlet.DispatcherServlet        : Completed 200 OK
2026-08-05 17:41:16.170 DEBUG 548 --- [nio-9060-exec-2] o.s.web.servlet.DispatcherServlet        : GET "/auth/sucursales", parameters={}
2026-08-05 17:41:16.171 DEBUG 548 --- [nio-9060-exec-2] s.w.s.m.m.a.RequestMappingHandlerMapping : Mapped to com.example.TigoStarSystem.auth.controller.AuthController#listarSucursales()
2026-08-05 17:41:16.172  INFO 548 --- [nio-9060-exec-2] c.e.T.auth.controller.AuthController     : Request GET /auth/sucursales
2026-08-05 17:41:16.173 DEBUG 548 --- [nio-9060-exec-2] o.s.jdbc.core.JdbcTemplate               : Executing SQL query [EXEC dbo.spx_ObtenerSucursalesConexionWeb]
2026-08-05 17:41:16.174 DEBUG 548 --- [nio-9060-exec-2] o.s.jdbc.datasource.DataSourceUtils      : Fetching JDBC Connection from DataSource
2026-08-05 17:41:16.174 DEBUG 548 --- [nio-9060-exec-3] o.s.web.servlet.DispatcherServlet        : GET "/supervisor/cruce-ordenes-agenda-makiro?fecha=2026-08-05", parameters={masked}
2026-08-05 17:41:16.175 DEBUG 548 --- [nio-9060-exec-3] s.w.s.m.m.a.RequestMappingHandlerMapping : Mapped to com.example.TigoStarSystem.supervisor.controller.EstadoDiaBoCitaController#obtenerCruceOrdenesAgendaMakiro(String, LocalDate)
2026-08-05 17:41:16.181 DEBUG 548 --- [nio-9060-exec-2] o.s.w.s.m.m.a.HttpEntityMethodProcessor  : Using 'application/json', given [application/json, text/plain, */*] and supported [application/json, application/*+json, application/json, application/*+json]
2026-08-05 17:41:16.182 DEBUG 548 --- [nio-9060-exec-2] o.s.w.s.m.m.a.HttpEntityMethodProcessor  : Writing [com.example.TigoStarSystem.common.ApiResponse@c038f4f]
2026-08-05 17:41:16.185 DEBUG 548 --- [nio-9060-exec-2] o.s.web.servlet.DispatcherServlet        : Completed 200 OK
2026-08-05 17:41:16.195 DEBUG 548 --- [nio-9060-exec-3] o.s.jdbc.core.JdbcTemplate               : Executing prepared SQL query
2026-08-05 17:41:16.196 DEBUG 548 --- [nio-9060-exec-3] o.s.jdbc.core.JdbcTemplate               : Executing prepared SQL statement
2026-08-05 17:41:16.197 DEBUG 548 --- [nio-9060-exec-3] o.s.jdbc.datasource.DataSourceUtils      : Fetching JDBC Connection from DataSource
2026-08-05 17:41:18.255 DEBUG 548 --- [nio-9060-exec-3] o.s.w.s.m.m.a.HttpEntityMethodProcessor  : Using 'application/json', given [application/json, text/plain, */*] and supported [application/json, application/*+json, application/json, application/*+json]
2026-08-05 17:41:18.256 DEBUG 548 --- [nio-9060-exec-3] o.s.w.s.m.m.a.HttpEntityMethodProcessor  : Writing [com.example.TigoStarSystem.common.ApiResponse@81b009b]
2026-08-05 17:41:18.288 DEBUG 548 --- [nio-9060-exec-3] o.s.web.servlet.DispatcherServlet        : Completed 200 OK
2026-08-05 17:41:19.028 DEBUG 548 --- [nio-9060-exec-4] o.s.web.servlet.DispatcherServlet        : GET "/supervisor/supervision/catalogos/tecnicos?limit=2000", parameters={masked}
2026-08-05 17:41:19.029 DEBUG 548 --- [nio-9060-exec-4] s.w.s.m.m.a.RequestMappingHandlerMapping : Mapped to com.example.TigoStarSystem.supervision.controller.SupervisionController#listarTecnicosSupervisor(String)
2026-08-05 17:41:19.029 DEBUG 548 --- [nio-9060-exec-6] o.s.web.servlet.DispatcherServlet        : GET "/supervisor/supervision/catalogos/tipos-supervision", parameters={}
2026-08-05 17:41:19.030 DEBUG 548 --- [nio-9060-exec-6] s.w.s.m.m.a.RequestMappingHandlerMapping : Mapped to com.example.TigoStarSystem.supervision.controller.SupervisionController#listarTiposSupervision(String)
2026-08-05 17:41:19.034 DEBUG 548 --- [nio-9060-exec-4] o.s.jdbc.core.JdbcTemplate               : Executing SQL query [EXEC dbo.spx_ObtenerSucursalesConexionWeb]
2026-08-05 17:41:19.035 DEBUG 548 --- [nio-9060-exec-4] o.s.jdbc.datasource.DataSourceUtils      : Fetching JDBC Connection from DataSource
2026-08-05 17:41:19.037 DEBUG 548 --- [nio-9060-exec-6] o.s.jdbc.core.JdbcTemplate               : Executing SQL query [EXEC dbo.SP_Supervision_ListarTiposSupervision]
2026-08-05 17:41:19.038 DEBUG 548 --- [nio-9060-exec-6] o.s.jdbc.datasource.DataSourceUtils      : Fetching JDBC Connection from DataSource
2026-08-05 17:41:19.040 DEBUG 548 --- [nio-9060-exec-5] o.s.web.servlet.DispatcherServlet        : GET "/supervisor/supervision/catalogos/tipos-trabajo", parameters={}
2026-08-05 17:41:19.041 DEBUG 548 --- [nio-9060-exec-5] s.w.s.m.m.a.RequestMappingHandlerMapping : Mapped to com.example.TigoStarSystem.supervision.controller.SupervisionController#listarTiposTrabajo(String)
2026-08-05 17:41:19.046 DEBUG 548 --- [nio-9060-exec-9] o.s.web.servlet.DispatcherServlet        : GET "/auth/sucursales", parameters={}
2026-08-05 17:41:19.046 DEBUG 548 --- [nio-9060-exec-5] o.s.jdbc.core.JdbcTemplate               : Executing SQL query [EXEC dbo.SP_Supervision_ListarTiposTrabajo]
2026-08-05 17:41:19.046 DEBUG 548 --- [nio-9060-exec-7] o.s.web.servlet.DispatcherServlet        : GET "/supervisor/supervision/catalogos/tipos-penalizacion", parameters={}
2026-08-05 17:41:19.047 DEBUG 548 --- [nio-9060-exec-8] o.s.web.servlet.DispatcherServlet        : GET "/backoffice/supervision/supervisores", parameters={}
2026-08-05 17:41:19.048 DEBUG 548 --- [nio-9060-exec-9] s.w.s.m.m.a.RequestMappingHandlerMapping : Mapped to com.example.TigoStarSystem.auth.controller.AuthController#listarSucursales()
2026-08-05 17:41:19.048 DEBUG 548 --- [nio-9060-exec-5] o.s.jdbc.datasource.DataSourceUtils      : Fetching JDBC Connection from DataSource
2026-08-05 17:41:19.050 DEBUG 548 --- [nio-9060-exec-7] s.w.s.m.m.a.RequestMappingHandlerMapping : Mapped to com.example.TigoStarSystem.supervision.controller.SupervisionController#listarTiposPenalizacion(String)
2026-08-05 17:41:19.050 DEBUG 548 --- [nio-9060-exec-8] s.w.s.m.m.a.RequestMappingHandlerMapping : Mapped to com.example.TigoStarSystem.supervision.controller.BackOfficeSupervisionController#listarSupervisores(String, String)
2026-08-05 17:41:19.051  INFO 548 --- [nio-9060-exec-9] c.e.T.auth.controller.AuthController     : Request GET /auth/sucursales
2026-08-05 17:41:19.053 DEBUG 548 --- [nio-9060-exec-9] o.s.jdbc.core.JdbcTemplate               : Executing SQL query [EXEC dbo.spx_ObtenerSucursalesConexionWeb]
2026-08-05 17:41:19.054 DEBUG 548 --- [nio-9060-exec-9] o.s.jdbc.datasource.DataSourceUtils      : Fetching JDBC Connection from DataSource
2026-08-05 17:41:19.056 DEBUG 548 --- [nio-9060-exec-7] o.s.jdbc.core.JdbcTemplate               : Executing SQL query [EXEC dbo.SP_Supervision_ListarTiposPenalizacion]
2026-08-05 17:41:19.056 DEBUG 548 --- [nio-9060-exec-7] o.s.jdbc.datasource.DataSourceUtils      : Fetching JDBC Connection from DataSource
2026-08-05 17:41:19.074 DEBUG 548 --- [nio-9060-exec-8] o.s.jdbc.core.JdbcTemplate               : Executing SQL query [EXEC dbo.spx_ObtenerSucursalesConexionWeb]
2026-08-05 17:41:19.075 DEBUG 548 --- [nio-9060-exec-8] o.s.jdbc.datasource.DataSourceUtils      : Fetching JDBC Connection from DataSource
2026-08-05 17:41:19.119 DEBUG 548 --- [nio-9060-exec-4] o.s.jdbc.core.JdbcTemplate               : Executing SQL query [EXEC dbo.spx_ObtenerSucursalesConexion]
2026-08-05 17:41:19.120 DEBUG 548 --- [nio-9060-exec-4] o.s.jdbc.datasource.DataSourceUtils      : Fetching JDBC Connection from DataSource
2026-08-05 17:41:19.123 DEBUG 548 --- [nio-9060-exec-9] o.s.w.s.m.m.a.HttpEntityMethodProcessor  : Using 'application/json', given [application/json, text/plain, */*] and supported [application/json, application/*+json, application/json, application/*+json]
2026-08-05 17:41:19.124 DEBUG 548 --- [nio-9060-exec-9] o.s.w.s.m.m.a.HttpEntityMethodProcessor  : Writing [com.example.TigoStarSystem.common.ApiResponse@658995a5]
2026-08-05 17:41:19.125 DEBUG 548 --- [nio-9060-exec-9] o.s.web.servlet.DispatcherServlet        : Completed 200 OK
2026-08-05 17:41:19.126 DEBUG 548 --- [onnection adder] com.zaxxer.hikari.pool.HikariPool        : HikariPool-1 - Added connection net.sourceforge.jtds.jdbc.JtdsConnection@122cb71
2026-08-05 17:41:19.127 DEBUG 548 --- [nio-9060-exec-8] o.s.jdbc.core.JdbcTemplate               : Executing SQL query [EXEC dbo.spx_ObtenerSucursalesConexion]
2026-08-05 17:41:19.127 DEBUG 548 --- [nio-9060-exec-6] o.s.w.s.m.m.a.HttpEntityMethodProcessor  : Using 'application/json', given [application/json, text/plain, */*] and supported [application/json, application/*+json, application/json, application/*+json]
2026-08-05 17:41:19.128 DEBUG 548 --- [nio-9060-exec-8] o.s.jdbc.datasource.DataSourceUtils      : Fetching JDBC Connection from DataSource
2026-08-05 17:41:19.129 DEBUG 548 --- [nio-9060-exec-6] o.s.w.s.m.m.a.HttpEntityMethodProcessor  : Writing [com.example.TigoStarSystem.common.ApiResponse@730eedc9]
2026-08-05 17:41:19.130 DEBUG 548 --- [nio-9060-exec-4] o.s.jdbc.core.JdbcTemplate               : Executing SQL query [SELECT DISTINCT   g.id_grupo,   g.nombre AS grupo,   dg.id_usuario_tecnico AS idUsuarioTecnico,   COALESCE(CAST(v.Id_Vendedor AS INT), CAST(ut.id_Vendedor AS INT), CAST(dg.id_usuario_tecnico AS INT)) AS idTecnico,   COALESCE(NULLIF(LTRIM(RTRIM(v.Nombre)), ''), 'Tecnico ' + CONVERT(NVARCHAR(20), COALESCE(v.Id_Vendedor, ut.id_Vendedor, dg.id_usuario_tecnico))) AS tecnico,   CAST(v.CodEmpleado AS NVARCHAR(100)) AS codigo,   CAST(v.CodEmpleado AS NVARCHAR(100)) AS codEmpleado FROM dbo.tbl_Grupo g INNER JOIN dbo.tbl_DetalleGrupo dg ON dg.id_grupo = g.id_grupo LEFT JOIN dbo.tbl_UsuarioTecnico ut ON ut.id = dg.id_usuario_tecnico AND ISNULL(ut.e_eliminado, 0) = 0 LEFT JOIN dbo.tbl_Vendedor v ON v.Id_Vendedor = ut.id_Vendedor AND ISNULL(v.E_Eliminado, 0) = 0 WHERE ISNULL(g.e_eliminado, 0) = 0   AND COALESCE(CAST(v.Id_Vendedor AS INT), CAST(ut.id_Vendedor AS INT), CAST(dg.id_usuario_tecnico AS INT)) > 0 ORDER BY tecnico, idTecnico]
2026-08-05 17:41:19.131 DEBUG 548 --- [nio-9060-exec-4] o.s.jdbc.datasource.DataSourceUtils      : Fetching JDBC Connection from DataSource
2026-08-05 17:41:19.132 DEBUG 548 --- [nio-9060-exec-6] o.s.web.servlet.DispatcherServlet        : Completed 200 OK
2026-08-05 17:41:19.135 DEBUG 548 --- [io-9060-exec-10] o.s.web.servlet.DispatcherServlet        : GET "/supervisor/supervision/agenda?limite=300", parameters={masked}
2026-08-05 17:41:19.136 DEBUG 548 --- [io-9060-exec-10] s.w.s.m.m.a.RequestMappingHandlerMapping : Mapped to com.example.TigoStarSystem.supervision.controller.SupervisionController#listarAgenda(String, LocalDate, LocalDate, Integer)
2026-08-05 17:41:19.139 DEBUG 548 --- [nio-9060-exec-1] o.s.web.servlet.DispatcherServlet        : GET "/supervisor/supervision?limite=300", parameters={masked}
2026-08-05 17:41:19.141 DEBUG 548 --- [nio-9060-exec-1] s.w.s.m.m.a.RequestMappingHandlerMapping : Mapped to com.example.TigoStarSystem.supervision.controller.SupervisionController#listar(String, LocalDate, LocalDate, Integer)
2026-08-05 17:41:19.145 DEBUG 548 --- [io-9060-exec-10] o.s.jdbc.core.JdbcTemplate               : Executing SQL query [EXEC dbo.spx_ObtenerSucursalesConexionWeb]
2026-08-05 17:41:19.146 DEBUG 548 --- [io-9060-exec-10] o.s.jdbc.datasource.DataSourceUtils      : Fetching JDBC Connection from DataSource
2026-08-05 17:41:19.147 DEBUG 548 --- [nio-9060-exec-1] o.s.jdbc.core.JdbcTemplate               : Executing SQL query [EXEC dbo.spx_ObtenerSucursalesConexionWeb]
2026-08-05 17:41:19.147 DEBUG 548 --- [nio-9060-exec-1] o.s.jdbc.datasource.DataSourceUtils      : Fetching JDBC Connection from DataSource
2026-08-05 17:41:19.185 DEBUG 548 --- [onnection adder] com.zaxxer.hikari.pool.HikariPool        : TigoHogarHikariPool - Added connection net.sourceforge.jtds.jdbc.JtdsConnection@6419533
2026-08-05 17:41:19.186 DEBUG 548 --- [nio-9060-exec-5] o.s.w.s.m.m.a.HttpEntityMethodProcessor  : Using 'application/json', given [application/json, text/plain, */*] and supported [application/json, application/*+json, application/json, application/*+json]
2026-08-05 17:41:19.187 DEBUG 548 --- [io-9060-exec-10] o.s.jdbc.core.JdbcTemplate               : Executing prepared SQL query
2026-08-05 17:41:19.187 DEBUG 548 --- [nio-9060-exec-5] o.s.w.s.m.m.a.HttpEntityMethodProcessor  : Writing [com.example.TigoStarSystem.common.ApiResponse@5617d267]
2026-08-05 17:41:19.187 DEBUG 548 --- [nio-9060-exec-8] o.s.jdbc.core.JdbcTemplate               : Executing SQL query [EXEC dbo.spx_ObtenerSupervisoresConformacionCuadrillaWeb]
2026-08-05 17:41:19.188 DEBUG 548 --- [io-9060-exec-10] o.s.jdbc.core.JdbcTemplate               : Executing prepared SQL statement [EXEC dbo.spx_ListarSupervisionPendiente ?, ?, ?, ?]
2026-08-05 17:41:19.190 DEBUG 548 --- [nio-9060-exec-8] o.s.jdbc.datasource.DataSourceUtils      : Fetching JDBC Connection from DataSource
2026-08-05 17:41:19.190 DEBUG 548 --- [nio-9060-exec-1] o.s.jdbc.core.JdbcTemplate               : Executing prepared SQL query
2026-08-05 17:41:19.190 DEBUG 548 --- [nio-9060-exec-7] o.s.w.s.m.m.a.HttpEntityMethodProcessor  : Using 'application/json', given [application/json, text/plain, */*] and supported [application/json, application/*+json, application/json, application/*+json]
2026-08-05 17:41:19.190 DEBUG 548 --- [io-9060-exec-10] o.s.jdbc.datasource.DataSourceUtils      : Fetching JDBC Connection from DataSource
2026-08-05 17:41:19.190 DEBUG 548 --- [nio-9060-exec-5] o.s.web.servlet.DispatcherServlet        : Completed 200 OK
2026-08-05 17:41:19.192 DEBUG 548 --- [nio-9060-exec-1] o.s.jdbc.core.JdbcTemplate               : Executing prepared SQL statement [EXEC dbo.spx_ListarSupervisionManual ?, ?, ?, ?]
2026-08-05 17:41:19.192 DEBUG 548 --- [nio-9060-exec-4] o.s.jdbc.datasource.DataSourceUtils      : Fetching JDBC Connection from DataSource
2026-08-05 17:41:19.193 DEBUG 548 --- [nio-9060-exec-7] o.s.w.s.m.m.a.HttpEntityMethodProcessor  : Writing [com.example.TigoStarSystem.common.ApiResponse@22fbe11d]
2026-08-05 17:41:19.194 DEBUG 548 --- [nio-9060-exec-1] o.s.jdbc.datasource.DataSourceUtils      : Fetching JDBC Connection from DataSource
2026-08-05 17:41:19.195 DEBUG 548 --- [onnection adder] com.zaxxer.hikari.pool.HikariPool        : HikariPool-1 - Added connection net.sourceforge.jtds.jdbc.JtdsConnection@fe52525
2026-08-05 17:41:19.196 DEBUG 548 --- [nio-9060-exec-4] o.s.jdbc.core.JdbcTemplate               : Executing SQL query [SELECT   CAST(v.Id_Vendedor AS INT) AS idTecnico,   CAST(v.Id_Vendedor AS INT) AS id_tecnico,   CAST(v.Nombre AS NVARCHAR(200)) AS tecnico,   CAST(v.CodEmpleado AS NVARCHAR(100)) AS codigo,   CAST(v.CodEmpleado AS NVARCHAR(100)) AS codEmpleado FROM dbo.tbl_Vendedor v WHERE ISNULL(v.E_Eliminado, 0) = 0   AND v.Id_Vendedor IS NOT NULL ORDER BY v.Nombre, v.Id_Vendedor]
2026-08-05 17:41:19.197 DEBUG 548 --- [nio-9060-exec-7] o.s.web.servlet.DispatcherServlet        : Completed 200 OK
2026-08-05 17:41:19.198 DEBUG 548 --- [nio-9060-exec-8] o.s.w.s.m.m.a.HttpEntityMethodProcessor  : Using 'application/json', given [application/json, text/plain, */*] and supported [application/json, application/*+json, application/json, application/*+json]
2026-08-05 17:41:19.198 DEBUG 548 --- [nio-9060-exec-4] o.s.jdbc.datasource.DataSourceUtils      : Fetching JDBC Connection from DataSource
2026-08-05 17:41:19.200 DEBUG 548 --- [nio-9060-exec-8] o.s.w.s.m.m.a.HttpEntityMethodProcessor  : Writing [com.example.TigoStarSystem.common.ApiResponse@7a617bea]
2026-08-05 17:41:19.205 DEBUG 548 --- [nio-9060-exec-8] o.s.web.servlet.DispatcherServlet        : Completed 200 OK
2026-08-05 17:41:19.205 DEBUG 548 --- [nio-9060-exec-2] o.s.web.servlet.DispatcherServlet        : GET "/supervisor/supervision/jornadas/pendientes", parameters={}
2026-08-05 17:41:19.207 DEBUG 548 --- [nio-9060-exec-2] s.w.s.m.m.a.RequestMappingHandlerMapping : Mapped to com.example.TigoStarSystem.supervision.controller.SupervisionController#listarJornadasPendientes(String)
2026-08-05 17:41:19.209 DEBUG 548 --- [nio-9060-exec-3] o.s.web.servlet.DispatcherServlet        : GET "/supervisor/supervision/jornadas/confirmadas-hoy", parameters={}
2026-08-05 17:41:19.211 DEBUG 548 --- [nio-9060-exec-3] s.w.s.m.m.a.RequestMappingHandlerMapping : Mapped to com.example.TigoStarSystem.supervision.controller.SupervisionController#listarJornadasConfirmadasHoy(String)
2026-08-05 17:41:19.214 DEBUG 548 --- [nio-9060-exec-2] o.s.jdbc.core.JdbcTemplate               : Executing SQL query [EXEC dbo.spx_ObtenerSucursalesConexionWeb]
2026-08-05 17:41:19.214 DEBUG 548 --- [nio-9060-exec-2] o.s.jdbc.datasource.DataSourceUtils      : Fetching JDBC Connection from DataSource
2026-08-05 17:41:19.218 DEBUG 548 --- [nio-9060-exec-3] o.s.jdbc.core.JdbcTemplate               : Executing SQL query [EXEC dbo.spx_ObtenerSucursalesConexionWeb]
2026-08-05 17:41:19.218 DEBUG 548 --- [nio-9060-exec-3] o.s.jdbc.datasource.DataSourceUtils      : Fetching JDBC Connection from DataSource
2026-08-05 17:41:19.260 DEBUG 548 --- [nio-9060-exec-2] o.s.jdbc.core.JdbcTemplate               : Executing prepared SQL query
2026-08-05 17:41:19.261 DEBUG 548 --- [nio-9060-exec-2] o.s.jdbc.core.JdbcTemplate               : Executing prepared SQL statement [EXEC dbo.SP_Inicio_ListarPendientesSupervisorHoy ?]
2026-08-05 17:41:19.261 DEBUG 548 --- [nio-9060-exec-2] o.s.jdbc.datasource.DataSourceUtils      : Fetching JDBC Connection from DataSource
2026-08-05 17:41:19.262 DEBUG 548 --- [nio-9060-exec-3] o.s.jdbc.core.JdbcTemplate               : Executing SQL query [EXEC dbo.SP_Inicio_ListarConfirmadosHoyTodos]
2026-08-05 17:41:19.263 DEBUG 548 --- [nio-9060-exec-4] o.s.jdbc.core.JdbcTemplate               : Executing prepared SQL query
2026-08-05 17:41:19.263 DEBUG 548 --- [nio-9060-exec-3] o.s.jdbc.datasource.DataSourceUtils      : Fetching JDBC Connection from DataSource
2026-08-05 17:41:19.264 DEBUG 548 --- [nio-9060-exec-4] o.s.jdbc.core.JdbcTemplate               : Executing prepared SQL statement [SELECT TOP 1 Id_Vendedor, Nombre, CodEmpleado FROM dbo.tbl_Vendedor WHERE Id_Vendedor = ? AND ISNULL(E_Eliminado,0)=0]
2026-08-05 17:41:19.264 DEBUG 548 --- [nio-9060-exec-4] o.s.jdbc.datasource.DataSourceUtils      : Fetching JDBC Connection from DataSource
2026-08-05 17:41:19.264 DEBUG 548 --- [onnection adder] com.zaxxer.hikari.pool.HikariPool        : ConnDb-sucursal-9 - Added connection net.sourceforge.jtds.jdbc.JtdsConnection@18d8a95a
2026-08-05 17:41:19.323 DEBUG 548 --- [io-9060-exec-10] o.s.jdbc.core.JdbcTemplate               : Executing SQL query [EXEC dbo.spx_ObtenerSucursalesConexion]
2026-08-05 17:41:19.324 DEBUG 548 --- [io-9060-exec-10] o.s.jdbc.datasource.DataSourceUtils      : Fetching JDBC Connection from DataSource
2026-08-05 17:41:19.324 DEBUG 548 --- [nio-9060-exec-4] o.s.jdbc.core.JdbcTemplate               : Executing prepared SQL query
2026-08-05 17:41:19.325 DEBUG 548 --- [nio-9060-exec-4] o.s.jdbc.core.JdbcTemplate               : Executing prepared SQL statement [SELECT TOP 1 Id_Vendedor, Nombre, CodEmpleado FROM dbo.tbl_Vendedor WHERE Id_Vendedor = ? AND ISNULL(E_Eliminado,0)=0]
2026-08-05 17:41:19.325 DEBUG 548 --- [nio-9060-exec-4] o.s.jdbc.datasource.DataSourceUtils      : Fetching JDBC Connection from DataSource
2026-08-05 17:41:19.329 DEBUG 548 --- [io-9060-exec-10] o.s.jdbc.core.JdbcTemplate               : Executing SQL query [EXEC dbo.spx_ObtenerSupervisoresConformacionCuadrillaWeb]
2026-08-05 17:41:19.329 DEBUG 548 --- [io-9060-exec-10] o.s.jdbc.datasource.DataSourceUtils      : Fetching JDBC Connection from DataSource
2026-08-05 17:41:19.333 DEBUG 548 --- [onnection adder] com.zaxxer.hikari.pool.HikariPool        : TigoHogarHikariPool - Added connection net.sourceforge.jtds.jdbc.JtdsConnection@8866b8b
2026-08-05 17:41:19.333 DEBUG 548 --- [nio-9060-exec-4] o.s.jdbc.core.JdbcTemplate               : Executing prepared SQL query
2026-08-05 17:41:19.334 DEBUG 548 --- [nio-9060-exec-2] o.s.jdbc.core.JdbcTemplate               : Executing SQL query [EXEC dbo.spx_ObtenerSucursalesConexion]
2026-08-05 17:41:19.334 DEBUG 548 --- [nio-9060-exec-4] o.s.jdbc.core.JdbcTemplate               : Executing prepared SQL statement [SELECT TOP 1 Id_Vendedor, Nombre, CodEmpleado FROM dbo.tbl_Vendedor WHERE Id_Vendedor = ? AND ISNULL(E_Eliminado,0)=0]
2026-08-05 17:41:19.335 DEBUG 548 --- [nio-9060-exec-2] o.s.jdbc.datasource.DataSourceUtils      : Fetching JDBC Connection from DataSource
2026-08-05 17:41:19.335 DEBUG 548 --- [io-9060-exec-10] o.s.jdbc.core.JdbcTemplate               : Executing prepared SQL query
2026-08-05 17:41:19.336 DEBUG 548 --- [nio-9060-exec-4] o.s.jdbc.datasource.DataSourceUtils      : Fetching JDBC Connection from DataSource
2026-08-05 17:41:19.336 DEBUG 548 --- [io-9060-exec-10] o.s.jdbc.core.JdbcTemplate               : Executing prepared SQL statement [EXEC dbo.spy_REV_PENALIZADA ?]
2026-08-05 17:41:19.337 DEBUG 548 --- [io-9060-exec-10] o.s.jdbc.datasource.DataSourceUtils      : Fetching JDBC Connection from DataSource
2026-08-05 17:41:19.395 DEBUG 548 --- [nio-9060-exec-4] o.s.jdbc.core.JdbcTemplate               : Executing prepared SQL query
2026-08-05 17:41:19.395 DEBUG 548 --- [nio-9060-exec-2] o.s.jdbc.core.JdbcTemplate               : Executing SQL query [EXEC dbo.spx_ObtenerSucursalesConexion]
2026-08-05 17:41:19.395 DEBUG 548 --- [nio-9060-exec-4] o.s.jdbc.core.JdbcTemplate               : Executing prepared SQL statement [SELECT TOP 1 Id_Vendedor, Nombre, CodEmpleado FROM dbo.tbl_Vendedor WHERE Id_Vendedor = ? AND ISNULL(E_Eliminado,0)=0]
2026-08-05 17:41:19.396 DEBUG 548 --- [nio-9060-exec-2] o.s.jdbc.datasource.DataSourceUtils      : Fetching JDBC Connection from DataSource
2026-08-05 17:41:19.396 DEBUG 548 --- [nio-9060-exec-4] o.s.jdbc.datasource.DataSourceUtils      : Fetching JDBC Connection from DataSource
2026-08-05 17:41:19.402 DEBUG 548 --- [nio-9060-exec-2] o.s.jdbc.core.JdbcTemplate               : Executing SQL query [EXEC dbo.SP_Usuario_ListarActivosBasico]
2026-08-05 17:41:19.402 DEBUG 548 --- [nio-9060-exec-2] o.s.jdbc.datasource.DataSourceUtils      : Fetching JDBC Connection from DataSource
2026-08-05 17:41:19.404 DEBUG 548 --- [nio-9060-exec-4] o.s.jdbc.core.JdbcTemplate               : Executing prepared SQL query
2026-08-05 17:41:19.405 DEBUG 548 --- [nio-9060-exec-4] o.s.jdbc.core.JdbcTemplate               : Executing prepared SQL statement [SELECT TOP 1 Id_Vendedor, Nombre, CodEmpleado FROM dbo.tbl_Vendedor WHERE Id_Vendedor = ? AND ISNULL(E_Eliminado,0)=0]
2026-08-05 17:41:19.405 DEBUG 548 --- [nio-9060-exec-4] o.s.jdbc.datasource.DataSourceUtils      : Fetching JDBC Connection from DataSource
2026-08-05 17:41:19.410 DEBUG 548 --- [nio-9060-exec-1] o.s.w.s.m.m.a.HttpEntityMethodProcessor  : Using 'application/json', given [application/json, text/plain, */*] and supported [application/json, application/*+json, application/json, application/*+json]
2026-08-05 17:41:19.411 DEBUG 548 --- [nio-9060-exec-1] o.s.w.s.m.m.a.HttpEntityMethodProcessor  : Writing [com.example.TigoStarSystem.common.ApiResponse@4b54a307]
2026-08-05 17:41:19.412 DEBUG 548 --- [nio-9060-exec-1] o.s.web.servlet.DispatcherServlet        : Completed 200 OK
2026-08-05 17:41:19.461 DEBUG 548 --- [nio-9060-exec-2] o.s.jdbc.core.JdbcTemplate               : Executing prepared SQL query
2026-08-05 17:41:19.462 DEBUG 548 --- [nio-9060-exec-2] o.s.jdbc.core.JdbcTemplate               : Executing prepared SQL statement [SELECT id_inicio, id_tecnico, id_auxiliar, id_encargado, fecha_registro, fecha_cierre, pendiente, capacitado, charla, botiquin, extintor, fecha_vencimiento, equipo_epp, estado_epp, apr, escalera, anclaje, e_eliminado, codigo_cliente, dano_material, observacion_material, dano_persona, observacion_persona, novedades_trabajo, observacion_novedades, ubicacion_georef, no_marco_cierre, id_usuario_supervisor_grupo, id_sucursal, sucursal, nombre_tecnico, tecnico_nombre, EstoyTrabajandoSolo AS estoy_trabajando_solo, firma_inicio, firma_cierre FROM dbo.tbl_InicioJornadaAlturas WHERE id_inicio IN (?,?,?,?,?,?,?,?,?,?,?,?,?,?,?,?,?,?,?,?,?,?,?,?,?,?,?,?,?,?,?,?,?,?,?,?,?,?,?,?,?,?,?,?,?,?,?,?,?,?,?,?,?,?,?,?,?,?,?,?,?,?,?,?,?,?,?)]
2026-08-05 17:41:19.462 DEBUG 548 --- [nio-9060-exec-2] o.s.jdbc.datasource.DataSourceUtils      : Fetching JDBC Connection from DataSource
2026-08-05 17:41:19.463 DEBUG 548 --- [nio-9060-exec-4] o.s.jdbc.core.JdbcTemplate               : Executing prepared SQL query
2026-08-05 17:41:19.464 DEBUG 548 --- [nio-9060-exec-4] o.s.jdbc.core.JdbcTemplate               : Executing prepared SQL statement [SELECT TOP 1 Id_Vendedor, Nombre, CodEmpleado FROM dbo.tbl_Vendedor WHERE Id_Vendedor = ? AND ISNULL(E_Eliminado,0)=0]
2026-08-05 17:41:19.465 DEBUG 548 --- [nio-9060-exec-4] o.s.jdbc.datasource.DataSourceUtils      : Fetching JDBC Connection from DataSource
2026-08-05 17:41:19.470 DEBUG 548 --- [nio-9060-exec-4] o.s.jdbc.core.JdbcTemplate               : Executing prepared SQL query
2026-08-05 17:41:19.470 DEBUG 548 --- [nio-9060-exec-4] o.s.jdbc.core.JdbcTemplate               : Executing prepared SQL statement [SELECT TOP 1 Id_Vendedor, Nombre, CodEmpleado FROM dbo.tbl_Vendedor WHERE Id_Vendedor = ? AND ISNULL(E_Eliminado,0)=0]
2026-08-05 17:41:19.471 DEBUG 548 --- [nio-9060-exec-4] o.s.jdbc.datasource.DataSourceUtils      : Fetching JDBC Connection from DataSource
2026-08-05 17:41:19.531 DEBUG 548 --- [nio-9060-exec-4] o.s.jdbc.core.JdbcTemplate               : Executing prepared SQL query
2026-08-05 17:41:19.531 DEBUG 548 --- [nio-9060-exec-4] o.s.jdbc.core.JdbcTemplate               : Executing prepared SQL statement [SELECT TOP 1 Id_Vendedor, Nombre, CodEmpleado FROM dbo.tbl_Vendedor WHERE Id_Vendedor = ? AND ISNULL(E_Eliminado,0)=0]
2026-08-05 17:41:19.532 DEBUG 548 --- [nio-9060-exec-4] o.s.jdbc.datasource.DataSourceUtils      : Fetching JDBC Connection from DataSource
2026-08-05 17:41:19.543 DEBUG 548 --- [nio-9060-exec-4] o.s.jdbc.core.JdbcTemplate               : Executing prepared SQL query
2026-08-05 17:41:19.544 DEBUG 548 --- [nio-9060-exec-4] o.s.jdbc.core.JdbcTemplate               : Executing prepared SQL statement [SELECT TOP 1 Id_Vendedor, Nombre, CodEmpleado FROM dbo.tbl_Vendedor WHERE Id_Vendedor = ? AND ISNULL(E_Eliminado,0)=0]
2026-08-05 17:41:19.544 DEBUG 548 --- [nio-9060-exec-4] o.s.jdbc.datasource.DataSourceUtils      : Fetching JDBC Connection from DataSource
2026-08-05 17:41:20.188 DEBUG 548 --- [nio-9060-exec-4] o.s.jdbc.core.JdbcTemplate               : Executing prepared SQL query
2026-08-05 17:41:20.189 DEBUG 548 --- [nio-9060-exec-4] o.s.jdbc.core.JdbcTemplate               : Executing prepared SQL statement [SELECT TOP 1 Id_Vendedor, Nombre, CodEmpleado FROM dbo.tbl_Vendedor WHERE Id_Vendedor = ? AND ISNULL(E_Eliminado,0)=0]
2026-08-05 17:41:20.189 DEBUG 548 --- [l-1 housekeeper] com.zaxxer.hikari.pool.HikariPool        : HikariPool-1 - keepalive: connection net.sourceforge.jtds.jdbc.JtdsConnection@72d87c19 is alive
2026-08-05 17:41:20.190 DEBUG 548 --- [nio-9060-exec-4] o.s.jdbc.datasource.DataSourceUtils      : Fetching JDBC Connection from DataSource
2026-08-05 17:41:20.190 DEBUG 548 --- [nio-9060-exec-2] o.s.jdbc.core.JdbcTemplate               : Executing SQL query [EXEC dbo.spx_ObtenerSucursalesConexion]
2026-08-05 17:41:20.191 DEBUG 548 --- [nio-9060-exec-2] o.s.jdbc.datasource.DataSourceUtils      : Fetching JDBC Connection from DataSource
2026-08-05 17:41:20.212 DEBUG 548 --- [io-9060-exec-10] o.s.jdbc.core.JdbcTemplate               : Executing SQL query [EXEC dbo.spx_ObtenerSucursalesConexion]
2026-08-05 17:41:20.213 DEBUG 548 --- [io-9060-exec-10] o.s.jdbc.datasource.DataSourceUtils      : Fetching JDBC Connection from DataSource
2026-08-05 17:41:20.225 DEBUG 548 --- [nio-9060-exec-4] o.s.jdbc.core.JdbcTemplate               : Executing prepared SQL query
2026-08-05 17:41:20.226 DEBUG 548 --- [nio-9060-exec-4] o.s.jdbc.core.JdbcTemplate               : Executing prepared SQL statement [SELECT TOP 1 Id_Vendedor, Nombre, CodEmpleado FROM dbo.tbl_Vendedor WHERE Id_Vendedor = ? AND ISNULL(E_Eliminado,0)=0]
2026-08-05 17:41:20.226 DEBUG 548 --- [nio-9060-exec-4] o.s.jdbc.datasource.DataSourceUtils      : Fetching JDBC Connection from DataSource
2026-08-05 17:41:20.241 DEBUG 548 --- [nio-9060-exec-4] o.s.jdbc.core.JdbcTemplate               : Executing prepared SQL query
2026-08-05 17:41:20.241 DEBUG 548 --- [nio-9060-exec-4] o.s.jdbc.core.JdbcTemplate               : Executing prepared SQL statement [SELECT TOP 1 Id_Vendedor, Nombre, CodEmpleado FROM dbo.tbl_Vendedor WHERE Id_Vendedor = ? AND ISNULL(E_Eliminado,0)=0]
2026-08-05 17:41:20.241 DEBUG 548 --- [io-9060-exec-10] o.s.jdbc.core.JdbcTemplate               : Executing SQL query [SELECT DISTINCT   g.id_grupo,   g.nombre AS grupo,   dg.id_usuario_tecnico AS idUsuarioTecnico,   COALESCE(CAST(v.Id_Vendedor AS INT), CAST(ut.id_Vendedor AS INT), CAST(dg.id_usuario_tecnico AS INT)) AS idTecnico,   COALESCE(NULLIF(LTRIM(RTRIM(v.Nombre)), ''), 'Tecnico ' + CONVERT(NVARCHAR(20), COALESCE(v.Id_Vendedor, ut.id_Vendedor, dg.id_usuario_tecnico))) AS tecnico,   CAST(v.CodEmpleado AS NVARCHAR(100)) AS codigo,   CAST(v.CodEmpleado AS NVARCHAR(100)) AS codEmpleado FROM dbo.tbl_Grupo g INNER JOIN dbo.tbl_DetalleGrupo dg ON dg.id_grupo = g.id_grupo LEFT JOIN dbo.tbl_UsuarioTecnico ut ON ut.id = dg.id_usuario_tecnico AND ISNULL(ut.e_eliminado, 0) = 0 LEFT JOIN dbo.tbl_Vendedor v ON v.Id_Vendedor = ut.id_Vendedor AND ISNULL(v.E_Eliminado, 0) = 0 WHERE ISNULL(g.e_eliminado, 0) = 0   AND COALESCE(CAST(v.Id_Vendedor AS INT), CAST(ut.id_Vendedor AS INT), CAST(dg.id_usuario_tecnico AS INT)) > 0 ORDER BY tecnico, idTecnico]
2026-08-05 17:41:20.242 DEBUG 548 --- [nio-9060-exec-4] o.s.jdbc.datasource.DataSourceUtils      : Fetching JDBC Connection from DataSource
2026-08-05 17:41:20.242 DEBUG 548 --- [io-9060-exec-10] o.s.jdbc.datasource.DataSourceUtils      : Fetching JDBC Connection from DataSource
2026-08-05 17:41:20.354 DEBUG 548 --- [nio-9060-exec-4] o.s.jdbc.core.JdbcTemplate               : Executing prepared SQL query
2026-08-05 17:41:20.355 DEBUG 548 --- [nio-9060-exec-4] o.s.jdbc.core.JdbcTemplate               : Executing prepared SQL statement [SELECT TOP 1 Id_Vendedor, Nombre, CodEmpleado FROM dbo.tbl_Vendedor WHERE Id_Vendedor = ? AND ISNULL(E_Eliminado,0)=0]
2026-08-05 17:41:20.356 DEBUG 548 --- [nio-9060-exec-4] o.s.jdbc.datasource.DataSourceUtils      : Fetching JDBC Connection from DataSource
2026-08-05 17:41:20.377 DEBUG 548 --- [nio-9060-exec-2] o.s.jdbc.core.JdbcTemplate               : Executing SQL query [EXEC dbo.SP_Usuario_ListarActivosBasico]
2026-08-05 17:41:20.378 DEBUG 548 --- [nio-9060-exec-2] o.s.jdbc.datasource.DataSourceUtils      : Fetching JDBC Connection from DataSource
2026-08-05 17:41:20.378 DEBUG 548 --- [nio-9060-exec-4] o.s.jdbc.core.JdbcTemplate               : Executing prepared SQL query
2026-08-05 17:41:20.379 DEBUG 548 --- [nio-9060-exec-4] o.s.jdbc.core.JdbcTemplate               : Executing prepared SQL statement [SELECT TOP 1 Id_Vendedor, Nombre, CodEmpleado FROM dbo.tbl_Vendedor WHERE Id_Vendedor = ? AND ISNULL(E_Eliminado,0)=0]
2026-08-05 17:41:20.378 DEBUG 548 --- [io-9060-exec-10] o.s.jdbc.core.JdbcTemplate               : Executing SQL query [SELECT   CAST(v.Id_Vendedor AS INT) AS idTecnico,   CAST(v.Id_Vendedor AS INT) AS id_tecnico,   CAST(v.Nombre AS NVARCHAR(200)) AS tecnico,   CAST(v.CodEmpleado AS NVARCHAR(100)) AS codigo,   CAST(v.CodEmpleado AS NVARCHAR(100)) AS codEmpleado FROM dbo.tbl_Vendedor v WHERE ISNULL(v.E_Eliminado, 0) = 0   AND v.Id_Vendedor IS NOT NULL ORDER BY v.Nombre, v.Id_Vendedor]
2026-08-05 17:41:20.379 DEBUG 548 --- [nio-9060-exec-4] o.s.jdbc.datasource.DataSourceUtils      : Fetching JDBC Connection from DataSource
2026-08-05 17:41:20.379 DEBUG 548 --- [io-9060-exec-10] o.s.jdbc.datasource.DataSourceUtils      : Fetching JDBC Connection from DataSource
2026-08-05 17:41:20.443 DEBUG 548 --- [nio-9060-exec-2] o.s.w.s.m.m.a.HttpEntityMethodProcessor  : Using 'application/json', given [application/json, text/plain, */*] and supported [application/json, application/*+json, application/json, application/*+json]
2026-08-05 17:41:20.444 DEBUG 548 --- [nio-9060-exec-2] o.s.w.s.m.m.a.HttpEntityMethodProcessor  : Writing [com.example.TigoStarSystem.common.ApiResponse@70d122d9]
2026-08-05 17:41:20.447 DEBUG 548 --- [nio-9060-exec-2] o.s.web.servlet.DispatcherServlet        : Completed 200 OK
2026-08-05 17:41:20.557 DEBUG 548 --- [nio-9060-exec-4] o.s.jdbc.core.JdbcTemplate               : Executing prepared SQL query
2026-08-05 17:41:20.557 DEBUG 548 --- [io-9060-exec-10] o.s.jdbc.core.JdbcTemplate               : Executing prepared SQL query
2026-08-05 17:41:20.559 DEBUG 548 --- [nio-9060-exec-4] o.s.jdbc.core.JdbcTemplate               : Executing prepared SQL statement [SELECT TOP 1 Id_Vendedor, Nombre, CodEmpleado FROM dbo.tbl_Vendedor WHERE Id_Vendedor = ? AND ISNULL(E_Eliminado,0)=0]
2026-08-05 17:41:20.559 DEBUG 548 --- [io-9060-exec-10] o.s.jdbc.core.JdbcTemplate               : Executing prepared SQL statement [SELECT TOP 1 Id_Vendedor, Nombre, CodEmpleado FROM dbo.tbl_Vendedor WHERE Id_Vendedor = ? AND ISNULL(E_Eliminado,0)=0]
2026-08-05 17:41:20.559 DEBUG 548 --- [nio-9060-exec-4] o.s.jdbc.datasource.DataSourceUtils      : Fetching JDBC Connection from DataSource
2026-08-05 17:41:20.560 DEBUG 548 --- [io-9060-exec-10] o.s.jdbc.datasource.DataSourceUtils      : Fetching JDBC Connection from DataSource
2026-08-05 17:41:20.620 DEBUG 548 --- [onnection adder] com.zaxxer.hikari.pool.HikariPool        : ConnDb-sucursal-9 - Added connection net.sourceforge.jtds.jdbc.JtdsConnection@161f4431
2026-08-05 17:41:20.643 DEBUG 548 --- [nio-9060-exec-4] o.s.jdbc.core.JdbcTemplate               : Executing prepared SQL query
2026-08-05 17:41:20.644 DEBUG 548 --- [nio-9060-exec-4] o.s.jdbc.core.JdbcTemplate               : Executing prepared SQL statement [SELECT TOP 1 Id_Vendedor, Nombre, CodEmpleado FROM dbo.tbl_Vendedor WHERE Id_Vendedor = ? AND ISNULL(E_Eliminado,0)=0]
2026-08-05 17:41:20.645 DEBUG 548 --- [nio-9060-exec-4] o.s.jdbc.datasource.DataSourceUtils      : Fetching JDBC Connection from DataSource
2026-08-05 17:41:20.645 DEBUG 548 --- [io-9060-exec-10] o.s.jdbc.core.JdbcTemplate               : Executing prepared SQL query
2026-08-05 17:41:20.646 DEBUG 548 --- [io-9060-exec-10] o.s.jdbc.core.JdbcTemplate               : Executing prepared SQL statement [SELECT TOP 1 Id_Vendedor, Nombre, CodEmpleado FROM dbo.tbl_Vendedor WHERE Id_Vendedor = ? AND ISNULL(E_Eliminado,0)=0]
2026-08-05 17:41:20.646 DEBUG 548 --- [io-9060-exec-10] o.s.jdbc.datasource.DataSourceUtils      : Fetching JDBC Connection from DataSource
2026-08-05 17:41:20.760 DEBUG 548 --- [nio-9060-exec-4] o.s.jdbc.core.JdbcTemplate               : Executing prepared SQL query
2026-08-05 17:41:20.760 DEBUG 548 --- [io-9060-exec-10] o.s.jdbc.core.JdbcTemplate               : Executing prepared SQL query
2026-08-05 17:41:20.761 DEBUG 548 --- [nio-9060-exec-4] o.s.jdbc.core.JdbcTemplate               : Executing prepared SQL statement [SELECT TOP 1 Id_Vendedor, Nombre, CodEmpleado FROM dbo.tbl_Vendedor WHERE Id_Vendedor = ? AND ISNULL(E_Eliminado,0)=0]
2026-08-05 17:41:20.762 DEBUG 548 --- [io-9060-exec-10] o.s.jdbc.core.JdbcTemplate               : Executing prepared SQL statement [SELECT TOP 1 Id_Vendedor, Nombre, CodEmpleado FROM dbo.tbl_Vendedor WHERE Id_Vendedor = ? AND ISNULL(E_Eliminado,0)=0]
2026-08-05 17:41:20.762 DEBUG 548 --- [nio-9060-exec-4] o.s.jdbc.datasource.DataSourceUtils      : Fetching JDBC Connection from DataSource
2026-08-05 17:41:20.762 DEBUG 548 --- [io-9060-exec-10] o.s.jdbc.datasource.DataSourceUtils      : Fetching JDBC Connection from DataSource
2026-08-05 17:41:20.812 DEBUG 548 --- [nio-9060-exec-4] o.s.jdbc.core.JdbcTemplate               : Executing prepared SQL query
2026-08-05 17:41:20.812 DEBUG 548 --- [io-9060-exec-10] o.s.jdbc.core.JdbcTemplate               : Executing prepared SQL query
2026-08-05 17:41:20.813 DEBUG 548 --- [nio-9060-exec-4] o.s.jdbc.core.JdbcTemplate               : Executing prepared SQL statement [SELECT TOP 1 Id_Vendedor, Nombre, CodEmpleado FROM dbo.tbl_Vendedor WHERE Id_Vendedor = ? AND ISNULL(E_Eliminado,0)=0]
2026-08-05 17:41:20.813 DEBUG 548 --- [io-9060-exec-10] o.s.jdbc.core.JdbcTemplate               : Executing prepared SQL statement [SELECT TOP 1 Id_Vendedor, Nombre, CodEmpleado FROM dbo.tbl_Vendedor WHERE Id_Vendedor = ? AND ISNULL(E_Eliminado,0)=0]
2026-08-05 17:41:20.814 DEBUG 548 --- [nio-9060-exec-4] o.s.jdbc.datasource.DataSourceUtils      : Fetching JDBC Connection from DataSource
2026-08-05 17:41:20.814 DEBUG 548 --- [io-9060-exec-10] o.s.jdbc.datasource.DataSourceUtils      : Fetching JDBC Connection from DataSource
2026-08-05 17:41:20.837 DEBUG 548 --- [nio-9060-exec-4] o.s.jdbc.core.JdbcTemplate               : Executing prepared SQL query
2026-08-05 17:41:20.837 DEBUG 548 --- [nio-9060-exec-4] o.s.jdbc.core.JdbcTemplate               : Executing prepared SQL statement [SELECT TOP 1 Id_Vendedor, Nombre, CodEmpleado FROM dbo.tbl_Vendedor WHERE Id_Vendedor = ? AND ISNULL(E_Eliminado,0)=0]
2026-08-05 17:41:20.837 DEBUG 548 --- [nio-9060-exec-4] o.s.jdbc.datasource.DataSourceUtils      : Fetching JDBC Connection from DataSource
2026-08-05 17:41:20.849 DEBUG 548 --- [io-9060-exec-10] o.s.jdbc.core.JdbcTemplate               : Executing prepared SQL query
2026-08-05 17:41:20.850 DEBUG 548 --- [io-9060-exec-10] o.s.jdbc.core.JdbcTemplate               : Executing prepared SQL statement [SELECT TOP 1 Id_Vendedor, Nombre, CodEmpleado FROM dbo.tbl_Vendedor WHERE Id_Vendedor = ? AND ISNULL(E_Eliminado,0)=0]
2026-08-05 17:41:20.850 DEBUG 548 --- [nio-9060-exec-4] o.s.jdbc.core.JdbcTemplate               : Executing prepared SQL query
2026-08-05 17:41:20.851 DEBUG 548 --- [io-9060-exec-10] o.s.jdbc.datasource.DataSourceUtils      : Fetching JDBC Connection from DataSource
2026-08-05 17:41:20.851 DEBUG 548 --- [nio-9060-exec-4] o.s.jdbc.core.JdbcTemplate               : Executing prepared SQL statement [SELECT TOP 1 Id_Vendedor, Nombre, CodEmpleado FROM dbo.tbl_Vendedor WHERE Id_Vendedor = ? AND ISNULL(E_Eliminado,0)=0]
2026-08-05 17:41:20.852 DEBUG 548 --- [nio-9060-exec-4] o.s.jdbc.datasource.DataSourceUtils      : Fetching JDBC Connection from DataSource
2026-08-05 17:41:20.868 DEBUG 548 --- [nio-9060-exec-4] o.s.jdbc.core.JdbcTemplate               : Executing prepared SQL query
2026-08-05 17:41:20.868 DEBUG 548 --- [io-9060-exec-10] o.s.jdbc.core.JdbcTemplate               : Executing prepared SQL query
2026-08-05 17:41:20.868 DEBUG 548 --- [nio-9060-exec-4] o.s.jdbc.core.JdbcTemplate               : Executing prepared SQL statement [SELECT TOP 1 Id_Vendedor, Nombre, CodEmpleado FROM dbo.tbl_Vendedor WHERE Id_Vendedor = ? AND ISNULL(E_Eliminado,0)=0]
2026-08-05 17:41:20.869 DEBUG 548 --- [io-9060-exec-10] o.s.jdbc.core.JdbcTemplate               : Executing prepared SQL statement [SELECT TOP 1 Id_Vendedor, Nombre, CodEmpleado FROM dbo.tbl_Vendedor WHERE Id_Vendedor = ? AND ISNULL(E_Eliminado,0)=0]
2026-08-05 17:41:20.869 DEBUG 548 --- [nio-9060-exec-4] o.s.jdbc.datasource.DataSourceUtils      : Fetching JDBC Connection from DataSource
2026-08-05 17:41:20.870 DEBUG 548 --- [io-9060-exec-10] o.s.jdbc.datasource.DataSourceUtils      : Fetching JDBC Connection from DataSource
2026-08-05 17:41:20.896 DEBUG 548 --- [nio-9060-exec-4] o.s.jdbc.core.JdbcTemplate               : Executing prepared SQL query
2026-08-05 17:41:20.896 DEBUG 548 --- [io-9060-exec-10] o.s.jdbc.core.JdbcTemplate               : Executing prepared SQL query
2026-08-05 17:41:20.897 DEBUG 548 --- [nio-9060-exec-4] o.s.jdbc.core.JdbcTemplate               : Executing prepared SQL statement [SELECT TOP 1 Id_Vendedor, Nombre, CodEmpleado FROM dbo.tbl_Vendedor WHERE Id_Vendedor = ? AND ISNULL(E_Eliminado,0)=0]
2026-08-05 17:41:20.897 DEBUG 548 --- [io-9060-exec-10] o.s.jdbc.core.JdbcTemplate               : Executing prepared SQL statement [SELECT TOP 1 Id_Vendedor, Nombre, CodEmpleado FROM dbo.tbl_Vendedor WHERE Id_Vendedor = ? AND ISNULL(E_Eliminado,0)=0]
2026-08-05 17:41:20.898 DEBUG 548 --- [nio-9060-exec-4] o.s.jdbc.datasource.DataSourceUtils      : Fetching JDBC Connection from DataSource
2026-08-05 17:41:20.898 DEBUG 548 --- [io-9060-exec-10] o.s.jdbc.datasource.DataSourceUtils      : Fetching JDBC Connection from DataSource
2026-08-05 17:41:20.916 DEBUG 548 --- [io-9060-exec-10] o.s.jdbc.core.JdbcTemplate               : Executing prepared SQL query
2026-08-05 17:41:20.916 DEBUG 548 --- [nio-9060-exec-4] o.s.jdbc.core.JdbcTemplate               : Executing prepared SQL query
2026-08-05 17:41:20.916 DEBUG 548 --- [io-9060-exec-10] o.s.jdbc.core.JdbcTemplate               : Executing prepared SQL statement [SELECT TOP 1 Id_Vendedor, Nombre, CodEmpleado FROM dbo.tbl_Vendedor WHERE Id_Vendedor = ? AND ISNULL(E_Eliminado,0)=0]
2026-08-05 17:41:20.916 DEBUG 548 --- [nio-9060-exec-4] o.s.jdbc.core.JdbcTemplate               : Executing prepared SQL statement [SELECT TOP 1 Id_Vendedor, Nombre, CodEmpleado FROM dbo.tbl_Vendedor WHERE Id_Vendedor = ? AND ISNULL(E_Eliminado,0)=0]
2026-08-05 17:41:20.917 DEBUG 548 --- [io-9060-exec-10] o.s.jdbc.datasource.DataSourceUtils      : Fetching JDBC Connection from DataSource
2026-08-05 17:41:20.917 DEBUG 548 --- [nio-9060-exec-4] o.s.jdbc.datasource.DataSourceUtils      : Fetching JDBC Connection from DataSource
2026-08-05 17:41:20.958 DEBUG 548 --- [io-9060-exec-10] o.s.jdbc.core.JdbcTemplate               : Executing prepared SQL query
2026-08-05 17:41:20.958 DEBUG 548 --- [nio-9060-exec-4] o.s.jdbc.core.JdbcTemplate               : Executing prepared SQL query
2026-08-05 17:41:20.959 DEBUG 548 --- [io-9060-exec-10] o.s.jdbc.core.JdbcTemplate               : Executing prepared SQL statement [SELECT TOP 1 Id_Vendedor, Nombre, CodEmpleado FROM dbo.tbl_Vendedor WHERE Id_Vendedor = ? AND ISNULL(E_Eliminado,0)=0]
2026-08-05 17:41:20.959 DEBUG 548 --- [nio-9060-exec-4] o.s.jdbc.core.JdbcTemplate               : Executing prepared SQL statement [SELECT TOP 1 Id_Vendedor, Nombre, CodEmpleado FROM dbo.tbl_Vendedor WHERE Id_Vendedor = ? AND ISNULL(E_Eliminado,0)=0]
2026-08-05 17:41:20.960 DEBUG 548 --- [io-9060-exec-10] o.s.jdbc.datasource.DataSourceUtils      : Fetching JDBC Connection from DataSource
2026-08-05 17:41:20.960 DEBUG 548 --- [nio-9060-exec-4] o.s.jdbc.datasource.DataSourceUtils      : Fetching JDBC Connection from DataSource
2026-08-05 17:41:20.969 DEBUG 548 --- [nio-9060-exec-4] o.s.jdbc.core.JdbcTemplate               : Executing prepared SQL query
2026-08-05 17:41:20.969 DEBUG 548 --- [io-9060-exec-10] o.s.jdbc.core.JdbcTemplate               : Executing prepared SQL query
2026-08-05 17:41:20.969 DEBUG 548 --- [nio-9060-exec-4] o.s.jdbc.core.JdbcTemplate               : Executing prepared SQL statement [SELECT TOP 1 Id_Vendedor, Nombre, CodEmpleado FROM dbo.tbl_Vendedor WHERE Id_Vendedor = ? AND ISNULL(E_Eliminado,0)=0]
2026-08-05 17:41:20.969 DEBUG 548 --- [io-9060-exec-10] o.s.jdbc.core.JdbcTemplate               : Executing prepared SQL statement [SELECT TOP 1 Id_Vendedor, Nombre, CodEmpleado FROM dbo.tbl_Vendedor WHERE Id_Vendedor = ? AND ISNULL(E_Eliminado,0)=0]
2026-08-05 17:41:20.970 DEBUG 548 --- [nio-9060-exec-4] o.s.jdbc.datasource.DataSourceUtils      : Fetching JDBC Connection from DataSource
2026-08-05 17:41:20.970 DEBUG 548 --- [io-9060-exec-10] o.s.jdbc.datasource.DataSourceUtils      : Fetching JDBC Connection from DataSource
2026-08-05 17:41:20.976 DEBUG 548 --- [nio-9060-exec-4] o.s.jdbc.core.JdbcTemplate               : Executing prepared SQL query
2026-08-05 17:41:20.976 DEBUG 548 --- [io-9060-exec-10] o.s.jdbc.core.JdbcTemplate               : Executing prepared SQL query
2026-08-05 17:41:20.977 DEBUG 548 --- [nio-9060-exec-4] o.s.jdbc.core.JdbcTemplate               : Executing prepared SQL statement [SELECT TOP 1 Id_Vendedor, Nombre, CodEmpleado FROM dbo.tbl_Vendedor WHERE Id_Vendedor = ? AND ISNULL(E_Eliminado,0)=0]
2026-08-05 17:41:20.977 DEBUG 548 --- [nio-9060-exec-4] o.s.jdbc.datasource.DataSourceUtils      : Fetching JDBC Connection from DataSource
2026-08-05 17:41:20.977 DEBUG 548 --- [io-9060-exec-10] o.s.jdbc.core.JdbcTemplate               : Executing prepared SQL statement [SELECT TOP 1 Id_Vendedor, Nombre, CodEmpleado FROM dbo.tbl_Vendedor WHERE Id_Vendedor = ? AND ISNULL(E_Eliminado,0)=0]
2026-08-05 17:41:20.978 DEBUG 548 --- [io-9060-exec-10] o.s.jdbc.datasource.DataSourceUtils      : Fetching JDBC Connection from DataSource
2026-08-05 17:41:20.983 DEBUG 548 --- [nio-9060-exec-4] o.s.jdbc.core.JdbcTemplate               : Executing prepared SQL query
2026-08-05 17:41:20.984 DEBUG 548 --- [nio-9060-exec-4] o.s.jdbc.core.JdbcTemplate               : Executing prepared SQL statement [SELECT TOP 1 Id_Vendedor, Nombre, CodEmpleado FROM dbo.tbl_Vendedor WHERE Id_Vendedor = ? AND ISNULL(E_Eliminado,0)=0]
2026-08-05 17:41:20.984 DEBUG 548 --- [nio-9060-exec-4] o.s.jdbc.datasource.DataSourceUtils      : Fetching JDBC Connection from DataSource
2026-08-05 17:41:20.987 DEBUG 548 --- [io-9060-exec-10] o.s.jdbc.core.JdbcTemplate               : Executing prepared SQL query
2026-08-05 17:41:20.988 DEBUG 548 --- [io-9060-exec-10] o.s.jdbc.core.JdbcTemplate               : Executing prepared SQL statement [SELECT TOP 1 Id_Vendedor, Nombre, CodEmpleado FROM dbo.tbl_Vendedor WHERE Id_Vendedor = ? AND ISNULL(E_Eliminado,0)=0]
2026-08-05 17:41:20.988 DEBUG 548 --- [io-9060-exec-10] o.s.jdbc.datasource.DataSourceUtils      : Fetching JDBC Connection from DataSource
2026-08-05 17:41:20.992 DEBUG 548 --- [io-9060-exec-10] o.s.jdbc.core.JdbcTemplate               : Executing prepared SQL query
2026-08-05 17:41:20.993 DEBUG 548 --- [io-9060-exec-10] o.s.jdbc.core.JdbcTemplate               : Executing prepared SQL statement [SELECT TOP 1 Id_Vendedor, Nombre, CodEmpleado FROM dbo.tbl_Vendedor WHERE Id_Vendedor = ? AND ISNULL(E_Eliminado,0)=0]
2026-08-05 17:41:20.993 DEBUG 548 --- [io-9060-exec-10] o.s.jdbc.datasource.DataSourceUtils      : Fetching JDBC Connection from DataSource
2026-08-05 17:41:20.994 DEBUG 548 --- [nio-9060-exec-4] o.s.jdbc.core.JdbcTemplate               : Executing prepared SQL query
2026-08-05 17:41:20.995 DEBUG 548 --- [nio-9060-exec-4] o.s.jdbc.core.JdbcTemplate               : Executing prepared SQL statement [SELECT TOP 1 Id_Vendedor, Nombre, CodEmpleado FROM dbo.tbl_Vendedor WHERE Id_Vendedor = ? AND ISNULL(E_Eliminado,0)=0]
2026-08-05 17:41:20.995 DEBUG 548 --- [nio-9060-exec-4] o.s.jdbc.datasource.DataSourceUtils      : Fetching JDBC Connection from DataSource
2026-08-05 17:41:21.001 DEBUG 548 --- [io-9060-exec-10] o.s.jdbc.core.JdbcTemplate               : Executing prepared SQL query
2026-08-05 17:41:21.002 DEBUG 548 --- [io-9060-exec-10] o.s.jdbc.core.JdbcTemplate               : Executing prepared SQL statement [SELECT TOP 1 Id_Vendedor, Nombre, CodEmpleado FROM dbo.tbl_Vendedor WHERE Id_Vendedor = ? AND ISNULL(E_Eliminado,0)=0]
2026-08-05 17:41:21.002 DEBUG 548 --- [nio-9060-exec-4] o.s.jdbc.core.JdbcTemplate               : Executing prepared SQL query
2026-08-05 17:41:21.002 DEBUG 548 --- [io-9060-exec-10] o.s.jdbc.datasource.DataSourceUtils      : Fetching JDBC Connection from DataSource
2026-08-05 17:41:21.002 DEBUG 548 --- [nio-9060-exec-4] o.s.jdbc.core.JdbcTemplate               : Executing prepared SQL statement [SELECT TOP 1 Id_Vendedor, Nombre, CodEmpleado FROM dbo.tbl_Vendedor WHERE Id_Vendedor = ? AND ISNULL(E_Eliminado,0)=0]
2026-08-05 17:41:21.003 DEBUG 548 --- [nio-9060-exec-4] o.s.jdbc.datasource.DataSourceUtils      : Fetching JDBC Connection from DataSource
2026-08-05 17:41:21.009 DEBUG 548 --- [io-9060-exec-10] o.s.jdbc.core.JdbcTemplate               : Executing prepared SQL query
2026-08-05 17:41:21.009 DEBUG 548 --- [nio-9060-exec-4] o.s.jdbc.core.JdbcTemplate               : Executing prepared SQL query
2026-08-05 17:41:21.009 DEBUG 548 --- [io-9060-exec-10] o.s.jdbc.core.JdbcTemplate               : Executing prepared SQL statement [SELECT TOP 1 Id_Vendedor, Nombre, CodEmpleado FROM dbo.tbl_Vendedor WHERE Id_Vendedor = ? AND ISNULL(E_Eliminado,0)=0]
2026-08-05 17:41:21.010 DEBUG 548 --- [nio-9060-exec-4] o.s.jdbc.core.JdbcTemplate               : Executing prepared SQL statement [SELECT TOP 1 Id_Vendedor, Nombre, CodEmpleado FROM dbo.tbl_Vendedor WHERE Id_Vendedor = ? AND ISNULL(E_Eliminado,0)=0]
2026-08-05 17:41:21.010 DEBUG 548 --- [io-9060-exec-10] o.s.jdbc.datasource.DataSourceUtils      : Fetching JDBC Connection from DataSource
2026-08-05 17:41:21.010 DEBUG 548 --- [nio-9060-exec-4] o.s.jdbc.datasource.DataSourceUtils      : Fetching JDBC Connection from DataSource
2026-08-05 17:41:21.018 DEBUG 548 --- [io-9060-exec-10] o.s.jdbc.core.JdbcTemplate               : Executing prepared SQL query
2026-08-05 17:41:21.019 DEBUG 548 --- [nio-9060-exec-4] o.s.jdbc.core.JdbcTemplate               : Executing prepared SQL query
2026-08-05 17:41:21.019 DEBUG 548 --- [nio-9060-exec-4] o.s.jdbc.core.JdbcTemplate               : Executing prepared SQL statement [SELECT TOP 1 Id_Vendedor, Nombre, CodEmpleado FROM dbo.tbl_Vendedor WHERE Id_Vendedor = ? AND ISNULL(E_Eliminado,0)=0]
2026-08-05 17:41:21.019 DEBUG 548 --- [nio-9060-exec-4] o.s.jdbc.datasource.DataSourceUtils      : Fetching JDBC Connection from DataSource
2026-08-05 17:41:21.019 DEBUG 548 --- [io-9060-exec-10] o.s.jdbc.core.JdbcTemplate               : Executing prepared SQL statement [SELECT TOP 1 Id_Vendedor, Nombre, CodEmpleado FROM dbo.tbl_Vendedor WHERE Id_Vendedor = ? AND ISNULL(E_Eliminado,0)=0]
2026-08-05 17:41:21.020 DEBUG 548 --- [io-9060-exec-10] o.s.jdbc.datasource.DataSourceUtils      : Fetching JDBC Connection from DataSource
2026-08-05 17:41:21.026 DEBUG 548 --- [nio-9060-exec-4] o.s.jdbc.core.JdbcTemplate               : Executing prepared SQL query
2026-08-05 17:41:21.026 DEBUG 548 --- [nio-9060-exec-4] o.s.jdbc.core.JdbcTemplate               : Executing prepared SQL statement [SELECT TOP 1 Id_Vendedor, Nombre, CodEmpleado FROM dbo.tbl_Vendedor WHERE Id_Vendedor = ? AND ISNULL(E_Eliminado,0)=0]
2026-08-05 17:41:21.026 DEBUG 548 --- [nio-9060-exec-4] o.s.jdbc.datasource.DataSourceUtils      : Fetching JDBC Connection from DataSource
2026-08-05 17:41:21.026 DEBUG 548 --- [io-9060-exec-10] o.s.jdbc.core.JdbcTemplate               : Executing prepared SQL query
2026-08-05 17:41:21.027 DEBUG 548 --- [io-9060-exec-10] o.s.jdbc.core.JdbcTemplate               : Executing prepared SQL statement [SELECT TOP 1 Id_Vendedor, Nombre, CodEmpleado FROM dbo.tbl_Vendedor WHERE Id_Vendedor = ? AND ISNULL(E_Eliminado,0)=0]
2026-08-05 17:41:21.028 DEBUG 548 --- [io-9060-exec-10] o.s.jdbc.datasource.DataSourceUtils      : Fetching JDBC Connection from DataSource
2026-08-05 17:41:21.030 DEBUG 548 --- [nio-9060-exec-4] o.s.jdbc.core.JdbcTemplate               : Executing prepared SQL query
2026-08-05 17:41:21.031 DEBUG 548 --- [nio-9060-exec-4] o.s.jdbc.core.JdbcTemplate               : Executing prepared SQL statement [SELECT TOP 1 Id_Vendedor, Nombre, CodEmpleado FROM dbo.tbl_Vendedor WHERE Id_Vendedor = ? AND ISNULL(E_Eliminado,0)=0]
2026-08-05 17:41:21.031 DEBUG 548 --- [nio-9060-exec-4] o.s.jdbc.datasource.DataSourceUtils      : Fetching JDBC Connection from DataSource
2026-08-05 17:41:21.032 DEBUG 548 --- [io-9060-exec-10] o.s.jdbc.core.JdbcTemplate               : Executing prepared SQL query
2026-08-05 17:41:21.032 DEBUG 548 --- [io-9060-exec-10] o.s.jdbc.core.JdbcTemplate               : Executing prepared SQL statement [SELECT TOP 1 Id_Vendedor, Nombre, CodEmpleado FROM dbo.tbl_Vendedor WHERE Id_Vendedor = ? AND ISNULL(E_Eliminado,0)=0]
2026-08-05 17:41:21.032 DEBUG 548 --- [io-9060-exec-10] o.s.jdbc.datasource.DataSourceUtils      : Fetching JDBC Connection from DataSource
2026-08-05 17:41:21.039 DEBUG 548 --- [io-9060-exec-10] o.s.jdbc.core.JdbcTemplate               : Executing prepared SQL query
2026-08-05 17:41:21.039 DEBUG 548 --- [io-9060-exec-10] o.s.jdbc.core.JdbcTemplate               : Executing prepared SQL statement [SELECT TOP 1 Id_Vendedor, Nombre, CodEmpleado FROM dbo.tbl_Vendedor WHERE Id_Vendedor = ? AND ISNULL(E_Eliminado,0)=0]
2026-08-05 17:41:21.039 DEBUG 548 --- [io-9060-exec-10] o.s.jdbc.datasource.DataSourceUtils      : Fetching JDBC Connection from DataSource
2026-08-05 17:41:21.039 DEBUG 548 --- [nio-9060-exec-4] o.s.jdbc.core.JdbcTemplate               : Executing prepared SQL query
2026-08-05 17:41:21.040 DEBUG 548 --- [nio-9060-exec-4] o.s.jdbc.core.JdbcTemplate               : Executing prepared SQL statement [SELECT TOP 1 Id_Vendedor, Nombre, CodEmpleado FROM dbo.tbl_Vendedor WHERE Id_Vendedor = ? AND ISNULL(E_Eliminado,0)=0]
2026-08-05 17:41:21.040 DEBUG 548 --- [nio-9060-exec-4] o.s.jdbc.datasource.DataSourceUtils      : Fetching JDBC Connection from DataSource
2026-08-05 17:41:21.044 DEBUG 548 --- [io-9060-exec-10] o.s.jdbc.core.JdbcTemplate               : Executing prepared SQL query
2026-08-05 17:41:21.045 DEBUG 548 --- [io-9060-exec-10] o.s.jdbc.core.JdbcTemplate               : Executing prepared SQL statement [SELECT TOP 1 Id_Vendedor, Nombre, CodEmpleado FROM dbo.tbl_Vendedor WHERE Id_Vendedor = ? AND ISNULL(E_Eliminado,0)=0]
2026-08-05 17:41:21.045 DEBUG 548 --- [io-9060-exec-10] o.s.jdbc.datasource.DataSourceUtils      : Fetching JDBC Connection from DataSource
2026-08-05 17:41:21.094 DEBUG 548 --- [io-9060-exec-10] o.s.jdbc.core.JdbcTemplate               : Executing prepared SQL query
2026-08-05 17:41:21.094 DEBUG 548 --- [nio-9060-exec-4] o.s.jdbc.core.JdbcTemplate               : Executing prepared SQL query
2026-08-05 17:41:21.094 DEBUG 548 --- [io-9060-exec-10] o.s.jdbc.core.JdbcTemplate               : Executing prepared SQL statement [SELECT TOP 1 Id_Vendedor, Nombre, CodEmpleado FROM dbo.tbl_Vendedor WHERE Id_Vendedor = ? AND ISNULL(E_Eliminado,0)=0]
2026-08-05 17:41:21.095 DEBUG 548 --- [io-9060-exec-10] o.s.jdbc.datasource.DataSourceUtils      : Fetching JDBC Connection from DataSource
2026-08-05 17:41:21.095 DEBUG 548 --- [nio-9060-exec-4] o.s.jdbc.core.JdbcTemplate               : Executing prepared SQL statement [SELECT TOP 1 Id_Vendedor, Nombre, CodEmpleado FROM dbo.tbl_Vendedor WHERE Id_Vendedor = ? AND ISNULL(E_Eliminado,0)=0]
2026-08-05 17:41:21.096 DEBUG 548 --- [nio-9060-exec-4] o.s.jdbc.datasource.DataSourceUtils      : Fetching JDBC Connection from DataSource
2026-08-05 17:41:21.102 DEBUG 548 --- [io-9060-exec-10] o.s.jdbc.core.JdbcTemplate               : Executing prepared SQL query
2026-08-05 17:41:21.102 DEBUG 548 --- [nio-9060-exec-4] o.s.jdbc.core.JdbcTemplate               : Executing prepared SQL query
2026-08-05 17:41:21.103 DEBUG 548 --- [io-9060-exec-10] o.s.jdbc.core.JdbcTemplate               : Executing prepared SQL statement [SELECT TOP 1 Id_Vendedor, Nombre, CodEmpleado FROM dbo.tbl_Vendedor WHERE Id_Vendedor = ? AND ISNULL(E_Eliminado,0)=0]
2026-08-05 17:41:21.103 DEBUG 548 --- [nio-9060-exec-4] o.s.jdbc.core.JdbcTemplate               : Executing prepared SQL statement [SELECT TOP 1 Id_Vendedor, Nombre, CodEmpleado FROM dbo.tbl_Vendedor WHERE Id_Vendedor = ? AND ISNULL(E_Eliminado,0)=0]
2026-08-05 17:41:21.103 DEBUG 548 --- [io-9060-exec-10] o.s.jdbc.datasource.DataSourceUtils      : Fetching JDBC Connection from DataSource
2026-08-05 17:41:21.103 DEBUG 548 --- [nio-9060-exec-4] o.s.jdbc.datasource.DataSourceUtils      : Fetching JDBC Connection from DataSource
2026-08-05 17:41:21.108 DEBUG 548 --- [io-9060-exec-10] o.s.jdbc.core.JdbcTemplate               : Executing prepared SQL query
2026-08-05 17:41:21.108 DEBUG 548 --- [io-9060-exec-10] o.s.jdbc.core.JdbcTemplate               : Executing prepared SQL statement [SELECT TOP 1 Id_Vendedor, Nombre, CodEmpleado FROM dbo.tbl_Vendedor WHERE Id_Vendedor = ? AND ISNULL(E_Eliminado,0)=0]
2026-08-05 17:41:21.108 DEBUG 548 --- [nio-9060-exec-4] o.s.jdbc.core.JdbcTemplate               : Executing prepared SQL query
2026-08-05 17:41:21.109 DEBUG 548 --- [io-9060-exec-10] o.s.jdbc.datasource.DataSourceUtils      : Fetching JDBC Connection from DataSource
2026-08-05 17:41:21.109 DEBUG 548 --- [nio-9060-exec-4] o.s.jdbc.core.JdbcTemplate               : Executing prepared SQL statement [SELECT TOP 1 Id_Vendedor, Nombre, CodEmpleado FROM dbo.tbl_Vendedor WHERE Id_Vendedor = ? AND ISNULL(E_Eliminado,0)=0]
2026-08-05 17:41:21.109 DEBUG 548 --- [nio-9060-exec-4] o.s.jdbc.datasource.DataSourceUtils      : Fetching JDBC Connection from DataSource
2026-08-05 17:41:21.118 DEBUG 548 --- [io-9060-exec-10] o.s.jdbc.core.JdbcTemplate               : Executing prepared SQL query
2026-08-05 17:41:21.118 DEBUG 548 --- [io-9060-exec-10] o.s.jdbc.core.JdbcTemplate               : Executing prepared SQL statement [SELECT TOP 1 Id_Vendedor, Nombre, CodEmpleado FROM dbo.tbl_Vendedor WHERE Id_Vendedor = ? AND ISNULL(E_Eliminado,0)=0]
2026-08-05 17:41:21.118 DEBUG 548 --- [nio-9060-exec-4] o.s.jdbc.core.JdbcTemplate               : Executing prepared SQL query
2026-08-05 17:41:21.119 DEBUG 548 --- [io-9060-exec-10] o.s.jdbc.datasource.DataSourceUtils      : Fetching JDBC Connection from DataSource
2026-08-05 17:41:21.119 DEBUG 548 --- [nio-9060-exec-4] o.s.jdbc.core.JdbcTemplate               : Executing prepared SQL statement [SELECT TOP 1 Id_Vendedor, Nombre, CodEmpleado FROM dbo.tbl_Vendedor WHERE Id_Vendedor = ? AND ISNULL(E_Eliminado,0)=0]
2026-08-05 17:41:21.120 DEBUG 548 --- [nio-9060-exec-4] o.s.jdbc.datasource.DataSourceUtils      : Fetching JDBC Connection from DataSource
2026-08-05 17:41:21.130 DEBUG 548 --- [nio-9060-exec-4] o.s.jdbc.core.JdbcTemplate               : Executing prepared SQL query
2026-08-05 17:41:21.131 DEBUG 548 --- [nio-9060-exec-4] o.s.jdbc.core.JdbcTemplate               : Executing prepared SQL statement [SELECT TOP 1 Id_Vendedor, Nombre, CodEmpleado FROM dbo.tbl_Vendedor WHERE Id_Vendedor = ? AND ISNULL(E_Eliminado,0)=0]
2026-08-05 17:41:21.131 DEBUG 548 --- [nio-9060-exec-4] o.s.jdbc.datasource.DataSourceUtils      : Fetching JDBC Connection from DataSource
2026-08-05 17:41:21.131 DEBUG 548 --- [io-9060-exec-10] o.s.jdbc.core.JdbcTemplate               : Executing prepared SQL query
2026-08-05 17:41:21.131 DEBUG 548 --- [io-9060-exec-10] o.s.jdbc.core.JdbcTemplate               : Executing prepared SQL statement [SELECT TOP 1 Id_Vendedor, Nombre, CodEmpleado FROM dbo.tbl_Vendedor WHERE Id_Vendedor = ? AND ISNULL(E_Eliminado,0)=0]
2026-08-05 17:41:21.132 DEBUG 548 --- [io-9060-exec-10] o.s.jdbc.datasource.DataSourceUtils      : Fetching JDBC Connection from DataSource
2026-08-05 17:41:21.136 DEBUG 548 --- [nio-9060-exec-4] o.s.jdbc.core.JdbcTemplate               : Executing prepared SQL query
2026-08-05 17:41:21.136 DEBUG 548 --- [io-9060-exec-10] o.s.jdbc.core.JdbcTemplate               : Executing prepared SQL query
2026-08-05 17:41:21.137 DEBUG 548 --- [nio-9060-exec-4] o.s.jdbc.core.JdbcTemplate               : Executing prepared SQL statement [SELECT TOP 1 Id_Vendedor, Nombre, CodEmpleado FROM dbo.tbl_Vendedor WHERE Id_Vendedor = ? AND ISNULL(E_Eliminado,0)=0]
2026-08-05 17:41:21.137 DEBUG 548 --- [io-9060-exec-10] o.s.jdbc.core.JdbcTemplate               : Executing prepared SQL statement [SELECT TOP 1 Id_Vendedor, Nombre, CodEmpleado FROM dbo.tbl_Vendedor WHERE Id_Vendedor = ? AND ISNULL(E_Eliminado,0)=0]
2026-08-05 17:41:21.137 DEBUG 548 --- [nio-9060-exec-4] o.s.jdbc.datasource.DataSourceUtils      : Fetching JDBC Connection from DataSource
2026-08-05 17:41:21.138 DEBUG 548 --- [io-9060-exec-10] o.s.jdbc.datasource.DataSourceUtils      : Fetching JDBC Connection from DataSource
2026-08-05 17:41:21.145 DEBUG 548 --- [nio-9060-exec-4] o.s.jdbc.core.JdbcTemplate               : Executing prepared SQL query
2026-08-05 17:41:21.145 DEBUG 548 --- [io-9060-exec-10] o.s.jdbc.core.JdbcTemplate               : Executing prepared SQL query
2026-08-05 17:41:21.145 DEBUG 548 --- [nio-9060-exec-4] o.s.jdbc.core.JdbcTemplate               : Executing prepared SQL statement [SELECT TOP 1 Id_Vendedor, Nombre, CodEmpleado FROM dbo.tbl_Vendedor WHERE Id_Vendedor = ? AND ISNULL(E_Eliminado,0)=0]
2026-08-05 17:41:21.146 DEBUG 548 --- [io-9060-exec-10] o.s.jdbc.core.JdbcTemplate               : Executing prepared SQL statement [SELECT TOP 1 Id_Vendedor, Nombre, CodEmpleado FROM dbo.tbl_Vendedor WHERE Id_Vendedor = ? AND ISNULL(E_Eliminado,0)=0]
2026-08-05 17:41:21.146 DEBUG 548 --- [io-9060-exec-10] o.s.jdbc.datasource.DataSourceUtils      : Fetching JDBC Connection from DataSource
2026-08-05 17:41:21.146 DEBUG 548 --- [nio-9060-exec-4] o.s.jdbc.datasource.DataSourceUtils      : Fetching JDBC Connection from DataSource
2026-08-05 17:41:21.157 DEBUG 548 --- [io-9060-exec-10] o.s.jdbc.core.JdbcTemplate               : Executing prepared SQL query
2026-08-05 17:41:21.157 DEBUG 548 --- [nio-9060-exec-4] o.s.jdbc.core.JdbcTemplate               : Executing prepared SQL query
2026-08-05 17:41:21.157 DEBUG 548 --- [io-9060-exec-10] o.s.jdbc.core.JdbcTemplate               : Executing prepared SQL statement [SELECT TOP 1 Id_Vendedor, Nombre, CodEmpleado FROM dbo.tbl_Vendedor WHERE Id_Vendedor = ? AND ISNULL(E_Eliminado,0)=0]
2026-08-05 17:41:21.157 DEBUG 548 --- [nio-9060-exec-4] o.s.jdbc.core.JdbcTemplate               : Executing prepared SQL statement [SELECT TOP 1 Id_Vendedor, Nombre, CodEmpleado FROM dbo.tbl_Vendedor WHERE Id_Vendedor = ? AND ISNULL(E_Eliminado,0)=0]
2026-08-05 17:41:21.158 DEBUG 548 --- [io-9060-exec-10] o.s.jdbc.datasource.DataSourceUtils      : Fetching JDBC Connection from DataSource
2026-08-05 17:41:21.158 DEBUG 548 --- [nio-9060-exec-4] o.s.jdbc.datasource.DataSourceUtils      : Fetching JDBC Connection from DataSource
2026-08-05 17:41:21.163 DEBUG 548 --- [nio-9060-exec-4] o.s.jdbc.core.JdbcTemplate               : Executing prepared SQL query
2026-08-05 17:41:21.163 DEBUG 548 --- [io-9060-exec-10] o.s.jdbc.core.JdbcTemplate               : Executing prepared SQL query
2026-08-05 17:41:21.164 DEBUG 548 --- [nio-9060-exec-4] o.s.jdbc.core.JdbcTemplate               : Executing prepared SQL statement [SELECT TOP 1 Id_Vendedor, Nombre, CodEmpleado FROM dbo.tbl_Vendedor WHERE Id_Vendedor = ? AND ISNULL(E_Eliminado,0)=0]
2026-08-05 17:41:21.164 DEBUG 548 --- [io-9060-exec-10] o.s.jdbc.core.JdbcTemplate               : Executing prepared SQL statement [SELECT TOP 1 Id_Vendedor, Nombre, CodEmpleado FROM dbo.tbl_Vendedor WHERE Id_Vendedor = ? AND ISNULL(E_Eliminado,0)=0]
2026-08-05 17:41:21.164 DEBUG 548 --- [nio-9060-exec-4] o.s.jdbc.datasource.DataSourceUtils      : Fetching JDBC Connection from DataSource
2026-08-05 17:41:21.165 DEBUG 548 --- [io-9060-exec-10] o.s.jdbc.datasource.DataSourceUtils      : Fetching JDBC Connection from DataSource
2026-08-05 17:41:21.169 DEBUG 548 --- [nio-9060-exec-4] o.s.jdbc.core.JdbcTemplate               : Executing prepared SQL query
2026-08-05 17:41:21.169 DEBUG 548 --- [io-9060-exec-10] o.s.jdbc.core.JdbcTemplate               : Executing prepared SQL query
2026-08-05 17:41:21.170 DEBUG 548 --- [nio-9060-exec-4] o.s.jdbc.core.JdbcTemplate               : Executing prepared SQL statement [SELECT TOP 1 Id_Vendedor, Nombre, CodEmpleado FROM dbo.tbl_Vendedor WHERE Id_Vendedor = ? AND ISNULL(E_Eliminado,0)=0]
2026-08-05 17:41:21.170 DEBUG 548 --- [io-9060-exec-10] o.s.jdbc.core.JdbcTemplate               : Executing prepared SQL statement [SELECT TOP 1 Id_Vendedor, Nombre, CodEmpleado FROM dbo.tbl_Vendedor WHERE Id_Vendedor = ? AND ISNULL(E_Eliminado,0)=0]
2026-08-05 17:41:21.170 DEBUG 548 --- [nio-9060-exec-4] o.s.jdbc.datasource.DataSourceUtils      : Fetching JDBC Connection from DataSource
2026-08-05 17:41:21.171 DEBUG 548 --- [io-9060-exec-10] o.s.jdbc.datasource.DataSourceUtils      : Fetching JDBC Connection from DataSource
2026-08-05 17:41:21.175 DEBUG 548 --- [io-9060-exec-10] o.s.jdbc.core.JdbcTemplate               : Executing prepared SQL query
2026-08-05 17:41:21.175 DEBUG 548 --- [nio-9060-exec-4] o.s.jdbc.core.JdbcTemplate               : Executing prepared SQL query
2026-08-05 17:41:21.176 DEBUG 548 --- [io-9060-exec-10] o.s.jdbc.core.JdbcTemplate               : Executing prepared SQL statement [SELECT TOP 1 Id_Vendedor, Nombre, CodEmpleado FROM dbo.tbl_Vendedor WHERE Id_Vendedor = ? AND ISNULL(E_Eliminado,0)=0]
2026-08-05 17:41:21.176 DEBUG 548 --- [nio-9060-exec-4] o.s.jdbc.core.JdbcTemplate               : Executing prepared SQL statement [SELECT TOP 1 Id_Vendedor, Nombre, CodEmpleado FROM dbo.tbl_Vendedor WHERE Id_Vendedor = ? AND ISNULL(E_Eliminado,0)=0]
2026-08-05 17:41:21.177 DEBUG 548 --- [io-9060-exec-10] o.s.jdbc.datasource.DataSourceUtils      : Fetching JDBC Connection from DataSource
2026-08-05 17:41:21.177 DEBUG 548 --- [nio-9060-exec-4] o.s.jdbc.datasource.DataSourceUtils      : Fetching JDBC Connection from DataSource
2026-08-05 17:41:21.182 DEBUG 548 --- [nio-9060-exec-4] o.s.jdbc.core.JdbcTemplate               : Executing prepared SQL query
2026-08-05 17:41:21.182 DEBUG 548 --- [io-9060-exec-10] o.s.jdbc.core.JdbcTemplate               : Executing prepared SQL query
2026-08-05 17:41:21.183 DEBUG 548 --- [nio-9060-exec-4] o.s.jdbc.core.JdbcTemplate               : Executing prepared SQL statement [SELECT TOP 1 Id_Vendedor, Nombre, CodEmpleado FROM dbo.tbl_Vendedor WHERE Id_Vendedor = ? AND ISNULL(E_Eliminado,0)=0]
2026-08-05 17:41:21.183 DEBUG 548 --- [io-9060-exec-10] o.s.jdbc.core.JdbcTemplate               : Executing prepared SQL statement [SELECT TOP 1 Id_Vendedor, Nombre, CodEmpleado FROM dbo.tbl_Vendedor WHERE Id_Vendedor = ? AND ISNULL(E_Eliminado,0)=0]
2026-08-05 17:41:21.184 DEBUG 548 --- [nio-9060-exec-4] o.s.jdbc.datasource.DataSourceUtils      : Fetching JDBC Connection from DataSource
2026-08-05 17:41:21.185 DEBUG 548 --- [io-9060-exec-10] o.s.jdbc.datasource.DataSourceUtils      : Fetching JDBC Connection from DataSource
2026-08-05 17:41:21.190 DEBUG 548 --- [nio-9060-exec-4] o.s.jdbc.core.JdbcTemplate               : Executing prepared SQL query
2026-08-05 17:41:21.190 DEBUG 548 --- [io-9060-exec-10] o.s.jdbc.core.JdbcTemplate               : Executing prepared SQL query
2026-08-05 17:41:21.191 DEBUG 548 --- [nio-9060-exec-4] o.s.jdbc.core.JdbcTemplate               : Executing prepared SQL statement [SELECT TOP 1 Id_Vendedor, Nombre, CodEmpleado FROM dbo.tbl_Vendedor WHERE Id_Vendedor = ? AND ISNULL(E_Eliminado,0)=0]
2026-08-05 17:41:21.191 DEBUG 548 --- [io-9060-exec-10] o.s.jdbc.core.JdbcTemplate               : Executing prepared SQL statement [SELECT TOP 1 Id_Vendedor, Nombre, CodEmpleado FROM dbo.tbl_Vendedor WHERE Id_Vendedor = ? AND ISNULL(E_Eliminado,0)=0]
2026-08-05 17:41:21.192 DEBUG 548 --- [nio-9060-exec-4] o.s.jdbc.datasource.DataSourceUtils      : Fetching JDBC Connection from DataSource
2026-08-05 17:41:21.192 DEBUG 548 --- [io-9060-exec-10] o.s.jdbc.datasource.DataSourceUtils      : Fetching JDBC Connection from DataSource
2026-08-05 17:41:21.197 DEBUG 548 --- [nio-9060-exec-4] o.s.jdbc.core.JdbcTemplate               : Executing prepared SQL query
2026-08-05 17:41:21.198 DEBUG 548 --- [nio-9060-exec-4] o.s.jdbc.core.JdbcTemplate               : Executing prepared SQL statement [SELECT TOP 1 Id_Vendedor, Nombre, CodEmpleado FROM dbo.tbl_Vendedor WHERE Id_Vendedor = ? AND ISNULL(E_Eliminado,0)=0]
2026-08-05 17:41:21.198 DEBUG 548 --- [io-9060-exec-10] o.s.jdbc.core.JdbcTemplate               : Executing prepared SQL query
2026-08-05 17:41:21.199 DEBUG 548 --- [nio-9060-exec-4] o.s.jdbc.datasource.DataSourceUtils      : Fetching JDBC Connection from DataSource
2026-08-05 17:41:21.199 DEBUG 548 --- [io-9060-exec-10] o.s.jdbc.core.JdbcTemplate               : Executing prepared SQL statement [SELECT TOP 1 Id_Vendedor, Nombre, CodEmpleado FROM dbo.tbl_Vendedor WHERE Id_Vendedor = ? AND ISNULL(E_Eliminado,0)=0]
2026-08-05 17:41:21.200 DEBUG 548 --- [io-9060-exec-10] o.s.jdbc.datasource.DataSourceUtils      : Fetching JDBC Connection from DataSource
2026-08-05 17:41:21.207 DEBUG 548 --- [nio-9060-exec-4] o.s.jdbc.core.JdbcTemplate               : Executing prepared SQL query
2026-08-05 17:41:21.207 DEBUG 548 --- [io-9060-exec-10] o.s.jdbc.core.JdbcTemplate               : Executing prepared SQL query
2026-08-05 17:41:21.207 DEBUG 548 --- [nio-9060-exec-4] o.s.jdbc.core.JdbcTemplate               : Executing prepared SQL statement [SELECT TOP 1 Id_Vendedor, Nombre, CodEmpleado FROM dbo.tbl_Vendedor WHERE Id_Vendedor = ? AND ISNULL(E_Eliminado,0)=0]
2026-08-05 17:41:21.207 DEBUG 548 --- [io-9060-exec-10] o.s.jdbc.core.JdbcTemplate               : Executing prepared SQL statement [SELECT TOP 1 Id_Vendedor, Nombre, CodEmpleado FROM dbo.tbl_Vendedor WHERE Id_Vendedor = ? AND ISNULL(E_Eliminado,0)=0]
2026-08-05 17:41:21.208 DEBUG 548 --- [nio-9060-exec-4] o.s.jdbc.datasource.DataSourceUtils      : Fetching JDBC Connection from DataSource
2026-08-05 17:41:21.208 DEBUG 548 --- [io-9060-exec-10] o.s.jdbc.datasource.DataSourceUtils      : Fetching JDBC Connection from DataSource
2026-08-05 17:41:21.215 DEBUG 548 --- [nio-9060-exec-4] o.s.jdbc.core.JdbcTemplate               : Executing prepared SQL query
2026-08-05 17:41:21.216 DEBUG 548 --- [nio-9060-exec-4] o.s.jdbc.core.JdbcTemplate               : Executing prepared SQL statement [SELECT TOP 1 Id_Vendedor, Nombre, CodEmpleado FROM dbo.tbl_Vendedor WHERE Id_Vendedor = ? AND ISNULL(E_Eliminado,0)=0]
2026-08-05 17:41:21.216 DEBUG 548 --- [io-9060-exec-10] o.s.jdbc.core.JdbcTemplate               : Executing prepared SQL query
2026-08-05 17:41:21.216 DEBUG 548 --- [nio-9060-exec-4] o.s.jdbc.datasource.DataSourceUtils      : Fetching JDBC Connection from DataSource
2026-08-05 17:41:21.217 DEBUG 548 --- [io-9060-exec-10] o.s.jdbc.core.JdbcTemplate               : Executing prepared SQL statement [SELECT TOP 1 Id_Vendedor, Nombre, CodEmpleado FROM dbo.tbl_Vendedor WHERE Id_Vendedor = ? AND ISNULL(E_Eliminado,0)=0]
2026-08-05 17:41:21.217 DEBUG 548 --- [io-9060-exec-10] o.s.jdbc.datasource.DataSourceUtils      : Fetching JDBC Connection from DataSource
2026-08-05 17:41:21.222 DEBUG 548 --- [nio-9060-exec-4] o.s.jdbc.core.JdbcTemplate               : Executing prepared SQL query
2026-08-05 17:41:21.222 DEBUG 548 --- [nio-9060-exec-4] o.s.jdbc.core.JdbcTemplate               : Executing prepared SQL statement [SELECT TOP 1 Id_Vendedor, Nombre, CodEmpleado FROM dbo.tbl_Vendedor WHERE Id_Vendedor = ? AND ISNULL(E_Eliminado,0)=0]
2026-08-05 17:41:21.223 DEBUG 548 --- [nio-9060-exec-4] o.s.jdbc.datasource.DataSourceUtils      : Fetching JDBC Connection from DataSource
2026-08-05 17:41:21.223 DEBUG 548 --- [io-9060-exec-10] o.s.jdbc.core.JdbcTemplate               : Executing prepared SQL query
2026-08-05 17:41:21.223 DEBUG 548 --- [io-9060-exec-10] o.s.jdbc.core.JdbcTemplate               : Executing prepared SQL statement [SELECT TOP 1 Id_Vendedor, Nombre, CodEmpleado FROM dbo.tbl_Vendedor WHERE Id_Vendedor = ? AND ISNULL(E_Eliminado,0)=0]
2026-08-05 17:41:21.224 DEBUG 548 --- [io-9060-exec-10] o.s.jdbc.datasource.DataSourceUtils      : Fetching JDBC Connection from DataSource
2026-08-05 17:41:21.227 DEBUG 548 --- [nio-9060-exec-4] o.s.jdbc.core.JdbcTemplate               : Executing prepared SQL query
2026-08-05 17:41:21.227 DEBUG 548 --- [nio-9060-exec-4] o.s.jdbc.core.JdbcTemplate               : Executing prepared SQL statement [SELECT TOP 1 Id_Vendedor, Nombre, CodEmpleado FROM dbo.tbl_Vendedor WHERE Id_Vendedor = ? AND ISNULL(E_Eliminado,0)=0]
2026-08-05 17:41:21.228 DEBUG 548 --- [nio-9060-exec-4] o.s.jdbc.datasource.DataSourceUtils      : Fetching JDBC Connection from DataSource
2026-08-05 17:41:21.228 DEBUG 548 --- [io-9060-exec-10] o.s.jdbc.core.JdbcTemplate               : Executing prepared SQL query
2026-08-05 17:41:21.229 DEBUG 548 --- [io-9060-exec-10] o.s.jdbc.core.JdbcTemplate               : Executing prepared SQL statement [SELECT TOP 1 Id_Vendedor, Nombre, CodEmpleado FROM dbo.tbl_Vendedor WHERE Id_Vendedor = ? AND ISNULL(E_Eliminado,0)=0]
2026-08-05 17:41:21.229 DEBUG 548 --- [io-9060-exec-10] o.s.jdbc.datasource.DataSourceUtils      : Fetching JDBC Connection from DataSource
2026-08-05 17:41:21.233 DEBUG 548 --- [nio-9060-exec-4] o.s.jdbc.core.JdbcTemplate               : Executing prepared SQL query
2026-08-05 17:41:21.233 DEBUG 548 --- [nio-9060-exec-4] o.s.jdbc.core.JdbcTemplate               : Executing prepared SQL statement [SELECT TOP 1 Id_Vendedor, Nombre, CodEmpleado FROM dbo.tbl_Vendedor WHERE Id_Vendedor = ? AND ISNULL(E_Eliminado,0)=0]
2026-08-05 17:41:21.234 DEBUG 548 --- [nio-9060-exec-4] o.s.jdbc.datasource.DataSourceUtils      : Fetching JDBC Connection from DataSource
2026-08-05 17:41:21.235 DEBUG 548 --- [io-9060-exec-10] o.s.jdbc.core.JdbcTemplate               : Executing prepared SQL query
2026-08-05 17:41:21.235 DEBUG 548 --- [io-9060-exec-10] o.s.jdbc.core.JdbcTemplate               : Executing prepared SQL statement [SELECT TOP 1 Id_Vendedor, Nombre, CodEmpleado FROM dbo.tbl_Vendedor WHERE Id_Vendedor = ? AND ISNULL(E_Eliminado,0)=0]
2026-08-05 17:41:21.236 DEBUG 548 --- [io-9060-exec-10] o.s.jdbc.datasource.DataSourceUtils      : Fetching JDBC Connection from DataSource
2026-08-05 17:41:21.240 DEBUG 548 --- [nio-9060-exec-4] o.s.jdbc.core.JdbcTemplate               : Executing prepared SQL query
2026-08-05 17:41:21.241 DEBUG 548 --- [io-9060-exec-10] o.s.jdbc.core.JdbcTemplate               : Executing prepared SQL query
2026-08-05 17:41:21.241 DEBUG 548 --- [nio-9060-exec-4] o.s.jdbc.core.JdbcTemplate               : Executing prepared SQL statement [SELECT TOP 1 Id_Vendedor, Nombre, CodEmpleado FROM dbo.tbl_Vendedor WHERE Id_Vendedor = ? AND ISNULL(E_Eliminado,0)=0]
2026-08-05 17:41:21.241 DEBUG 548 --- [io-9060-exec-10] o.s.jdbc.core.JdbcTemplate               : Executing prepared SQL statement [SELECT TOP 1 Id_Vendedor, Nombre, CodEmpleado FROM dbo.tbl_Vendedor WHERE Id_Vendedor = ? AND ISNULL(E_Eliminado,0)=0]
2026-08-05 17:41:21.242 DEBUG 548 --- [nio-9060-exec-4] o.s.jdbc.datasource.DataSourceUtils      : Fetching JDBC Connection from DataSource
2026-08-05 17:41:21.242 DEBUG 548 --- [io-9060-exec-10] o.s.jdbc.datasource.DataSourceUtils      : Fetching JDBC Connection from DataSource
2026-08-05 17:41:21.247 DEBUG 548 --- [nio-9060-exec-4] o.s.jdbc.core.JdbcTemplate               : Executing prepared SQL query
2026-08-05 17:41:21.247 DEBUG 548 --- [nio-9060-exec-4] o.s.jdbc.core.JdbcTemplate               : Executing prepared SQL statement [SELECT TOP 1 Id_Vendedor, Nombre, CodEmpleado FROM dbo.tbl_Vendedor WHERE Id_Vendedor = ? AND ISNULL(E_Eliminado,0)=0]
2026-08-05 17:41:21.247 DEBUG 548 --- [nio-9060-exec-4] o.s.jdbc.datasource.DataSourceUtils      : Fetching JDBC Connection from DataSource
2026-08-05 17:41:21.247 DEBUG 548 --- [io-9060-exec-10] o.s.jdbc.core.JdbcTemplate               : Executing prepared SQL query
2026-08-05 17:41:21.248 DEBUG 548 --- [io-9060-exec-10] o.s.jdbc.core.JdbcTemplate               : Executing prepared SQL statement [SELECT TOP 1 Id_Vendedor, Nombre, CodEmpleado FROM dbo.tbl_Vendedor WHERE Id_Vendedor = ? AND ISNULL(E_Eliminado,0)=0]
2026-08-05 17:41:21.248 DEBUG 548 --- [io-9060-exec-10] o.s.jdbc.datasource.DataSourceUtils      : Fetching JDBC Connection from DataSource
2026-08-05 17:41:21.253 DEBUG 548 --- [io-9060-exec-10] o.s.jdbc.core.JdbcTemplate               : Executing prepared SQL query
2026-08-05 17:41:21.253 DEBUG 548 --- [io-9060-exec-10] o.s.jdbc.core.JdbcTemplate               : Executing prepared SQL statement [SELECT TOP 1 Id_Vendedor, Nombre, CodEmpleado FROM dbo.tbl_Vendedor WHERE Id_Vendedor = ? AND ISNULL(E_Eliminado,0)=0]
2026-08-05 17:41:21.253 DEBUG 548 --- [io-9060-exec-10] o.s.jdbc.datasource.DataSourceUtils      : Fetching JDBC Connection from DataSource
2026-08-05 17:41:21.253 DEBUG 548 --- [nio-9060-exec-4] o.s.jdbc.core.JdbcTemplate               : Executing prepared SQL query
2026-08-05 17:41:21.254 DEBUG 548 --- [nio-9060-exec-4] o.s.jdbc.core.JdbcTemplate               : Executing prepared SQL statement [SELECT TOP 1 Id_Vendedor, Nombre, CodEmpleado FROM dbo.tbl_Vendedor WHERE Id_Vendedor = ? AND ISNULL(E_Eliminado,0)=0]
2026-08-05 17:41:21.254 DEBUG 548 --- [nio-9060-exec-4] o.s.jdbc.datasource.DataSourceUtils      : Fetching JDBC Connection from DataSource
2026-08-05 17:41:21.272 DEBUG 548 --- [io-9060-exec-10] o.s.jdbc.core.JdbcTemplate               : Executing prepared SQL query
2026-08-05 17:41:21.272 DEBUG 548 --- [nio-9060-exec-4] o.s.jdbc.core.JdbcTemplate               : Executing prepared SQL query
2026-08-05 17:41:21.272 DEBUG 548 --- [io-9060-exec-10] o.s.jdbc.core.JdbcTemplate               : Executing prepared SQL statement [SELECT TOP 1 Id_Vendedor, Nombre, CodEmpleado FROM dbo.tbl_Vendedor WHERE Id_Vendedor = ? AND ISNULL(E_Eliminado,0)=0]
2026-08-05 17:41:21.273 DEBUG 548 --- [nio-9060-exec-4] o.s.jdbc.core.JdbcTemplate               : Executing prepared SQL statement [SELECT TOP 1 Id_Vendedor, Nombre, CodEmpleado FROM dbo.tbl_Vendedor WHERE Id_Vendedor = ? AND ISNULL(E_Eliminado,0)=0]
2026-08-05 17:41:21.274 DEBUG 548 --- [io-9060-exec-10] o.s.jdbc.datasource.DataSourceUtils      : Fetching JDBC Connection from DataSource
2026-08-05 17:41:21.274 DEBUG 548 --- [nio-9060-exec-4] o.s.jdbc.datasource.DataSourceUtils      : Fetching JDBC Connection from DataSource
2026-08-05 17:41:21.279 DEBUG 548 --- [io-9060-exec-10] o.s.jdbc.core.JdbcTemplate               : Executing prepared SQL query
2026-08-05 17:41:21.279 DEBUG 548 --- [nio-9060-exec-4] o.s.jdbc.core.JdbcTemplate               : Executing prepared SQL query
2026-08-05 17:41:21.280 DEBUG 548 --- [nio-9060-exec-4] o.s.jdbc.core.JdbcTemplate               : Executing prepared SQL statement [SELECT TOP 1 Id_Vendedor, Nombre, CodEmpleado FROM dbo.tbl_Vendedor WHERE Id_Vendedor = ? AND ISNULL(E_Eliminado,0)=0]
2026-08-05 17:41:21.280 DEBUG 548 --- [io-9060-exec-10] o.s.jdbc.core.JdbcTemplate               : Executing prepared SQL statement [SELECT TOP 1 Id_Vendedor, Nombre, CodEmpleado FROM dbo.tbl_Vendedor WHERE Id_Vendedor = ? AND ISNULL(E_Eliminado,0)=0]
2026-08-05 17:41:21.280 DEBUG 548 --- [nio-9060-exec-4] o.s.jdbc.datasource.DataSourceUtils      : Fetching JDBC Connection from DataSource
2026-08-05 17:41:21.280 DEBUG 548 --- [io-9060-exec-10] o.s.jdbc.datasource.DataSourceUtils      : Fetching JDBC Connection from DataSource
2026-08-05 17:41:21.286 DEBUG 548 --- [nio-9060-exec-4] o.s.jdbc.core.JdbcTemplate               : Executing prepared SQL query
2026-08-05 17:41:21.286 DEBUG 548 --- [io-9060-exec-10] o.s.jdbc.core.JdbcTemplate               : Executing prepared SQL query
2026-08-05 17:41:21.287 DEBUG 548 --- [nio-9060-exec-4] o.s.jdbc.core.JdbcTemplate               : Executing prepared SQL statement [SELECT TOP 1 Id_Vendedor, Nombre, CodEmpleado FROM dbo.tbl_Vendedor WHERE Id_Vendedor = ? AND ISNULL(E_Eliminado,0)=0]
2026-08-05 17:41:21.287 DEBUG 548 --- [io-9060-exec-10] o.s.jdbc.core.JdbcTemplate               : Executing prepared SQL statement [SELECT TOP 1 Id_Vendedor, Nombre, CodEmpleado FROM dbo.tbl_Vendedor WHERE Id_Vendedor = ? AND ISNULL(E_Eliminado,0)=0]
2026-08-05 17:41:21.288 DEBUG 548 --- [nio-9060-exec-4] o.s.jdbc.datasource.DataSourceUtils      : Fetching JDBC Connection from DataSource
2026-08-05 17:41:21.288 DEBUG 548 --- [io-9060-exec-10] o.s.jdbc.datasource.DataSourceUtils      : Fetching JDBC Connection from DataSource
2026-08-05 17:41:21.309 DEBUG 548 --- [nio-9060-exec-4] o.s.jdbc.core.JdbcTemplate               : Executing prepared SQL query
2026-08-05 17:41:21.310 DEBUG 548 --- [io-9060-exec-10] o.s.jdbc.core.JdbcTemplate               : Executing prepared SQL query
2026-08-05 17:41:21.310 DEBUG 548 --- [nio-9060-exec-4] o.s.jdbc.core.JdbcTemplate               : Executing prepared SQL statement [SELECT TOP 1 Id_Vendedor, Nombre, CodEmpleado FROM dbo.tbl_Vendedor WHERE Id_Vendedor = ? AND ISNULL(E_Eliminado,0)=0]
2026-08-05 17:41:21.310 DEBUG 548 --- [io-9060-exec-10] o.s.jdbc.core.JdbcTemplate               : Executing prepared SQL statement [SELECT TOP 1 Id_Vendedor, Nombre, CodEmpleado FROM dbo.tbl_Vendedor WHERE Id_Vendedor = ? AND ISNULL(E_Eliminado,0)=0]
2026-08-05 17:41:21.310 DEBUG 548 --- [nio-9060-exec-4] o.s.jdbc.datasource.DataSourceUtils      : Fetching JDBC Connection from DataSource
2026-08-05 17:41:21.311 DEBUG 548 --- [io-9060-exec-10] o.s.jdbc.datasource.DataSourceUtils      : Fetching JDBC Connection from DataSource
2026-08-05 17:41:21.318 DEBUG 548 --- [nio-9060-exec-4] o.s.jdbc.core.JdbcTemplate               : Executing prepared SQL query
2026-08-05 17:41:21.319 DEBUG 548 --- [nio-9060-exec-4] o.s.jdbc.core.JdbcTemplate               : Executing prepared SQL statement [SELECT TOP 1 Id_Vendedor, Nombre, CodEmpleado FROM dbo.tbl_Vendedor WHERE Id_Vendedor = ? AND ISNULL(E_Eliminado,0)=0]
2026-08-05 17:41:21.319 DEBUG 548 --- [nio-9060-exec-4] o.s.jdbc.datasource.DataSourceUtils      : Fetching JDBC Connection from DataSource
2026-08-05 17:41:21.320 DEBUG 548 --- [io-9060-exec-10] o.s.jdbc.core.JdbcTemplate               : Executing prepared SQL query
2026-08-05 17:41:21.321 DEBUG 548 --- [io-9060-exec-10] o.s.jdbc.core.JdbcTemplate               : Executing prepared SQL statement [SELECT TOP 1 Id_Vendedor, Nombre, CodEmpleado FROM dbo.tbl_Vendedor WHERE Id_Vendedor = ? AND ISNULL(E_Eliminado,0)=0]
2026-08-05 17:41:21.321 DEBUG 548 --- [io-9060-exec-10] o.s.jdbc.datasource.DataSourceUtils      : Fetching JDBC Connection from DataSource
2026-08-05 17:41:21.331 DEBUG 548 --- [nio-9060-exec-4] o.s.jdbc.core.JdbcTemplate               : Executing prepared SQL query
2026-08-05 17:41:21.332 DEBUG 548 --- [nio-9060-exec-4] o.s.jdbc.core.JdbcTemplate               : Executing prepared SQL statement [SELECT TOP 1 Id_Vendedor, Nombre, CodEmpleado FROM dbo.tbl_Vendedor WHERE Id_Vendedor = ? AND ISNULL(E_Eliminado,0)=0]
2026-08-05 17:41:21.332 DEBUG 548 --- [nio-9060-exec-4] o.s.jdbc.datasource.DataSourceUtils      : Fetching JDBC Connection from DataSource
2026-08-05 17:41:21.332 DEBUG 548 --- [io-9060-exec-10] o.s.jdbc.core.JdbcTemplate               : Executing prepared SQL query
2026-08-05 17:41:21.333 DEBUG 548 --- [io-9060-exec-10] o.s.jdbc.core.JdbcTemplate               : Executing prepared SQL statement [SELECT TOP 1 Id_Vendedor, Nombre, CodEmpleado FROM dbo.tbl_Vendedor WHERE Id_Vendedor = ? AND ISNULL(E_Eliminado,0)=0]
2026-08-05 17:41:21.333 DEBUG 548 --- [io-9060-exec-10] o.s.jdbc.datasource.DataSourceUtils      : Fetching JDBC Connection from DataSource
2026-08-05 17:41:21.336 DEBUG 548 --- [nio-9060-exec-4] o.s.jdbc.core.JdbcTemplate               : Executing prepared SQL query
2026-08-05 17:41:21.337 DEBUG 548 --- [nio-9060-exec-4] o.s.jdbc.core.JdbcTemplate               : Executing prepared SQL statement [SELECT TOP 1 Id_Vendedor, Nombre, CodEmpleado FROM dbo.tbl_Vendedor WHERE Id_Vendedor = ? AND ISNULL(E_Eliminado,0)=0]
2026-08-05 17:41:21.337 DEBUG 548 --- [io-9060-exec-10] o.s.jdbc.core.JdbcTemplate               : Executing prepared SQL query
2026-08-05 17:41:21.337 DEBUG 548 --- [nio-9060-exec-4] o.s.jdbc.datasource.DataSourceUtils      : Fetching JDBC Connection from DataSource
2026-08-05 17:41:21.337 DEBUG 548 --- [io-9060-exec-10] o.s.jdbc.core.JdbcTemplate               : Executing prepared SQL statement [SELECT TOP 1 Id_Vendedor, Nombre, CodEmpleado FROM dbo.tbl_Vendedor WHERE Id_Vendedor = ? AND ISNULL(E_Eliminado,0)=0]
2026-08-05 17:41:21.338 DEBUG 548 --- [io-9060-exec-10] o.s.jdbc.datasource.DataSourceUtils      : Fetching JDBC Connection from DataSource
2026-08-05 17:41:21.342 DEBUG 548 --- [nio-9060-exec-4] o.s.jdbc.core.JdbcTemplate               : Executing prepared SQL query
2026-08-05 17:41:21.342 DEBUG 548 --- [nio-9060-exec-4] o.s.jdbc.core.JdbcTemplate               : Executing prepared SQL statement [SELECT TOP 1 Id_Vendedor, Nombre, CodEmpleado FROM dbo.tbl_Vendedor WHERE Id_Vendedor = ? AND ISNULL(E_Eliminado,0)=0]
2026-08-05 17:41:21.342 DEBUG 548 --- [nio-9060-exec-4] o.s.jdbc.datasource.DataSourceUtils      : Fetching JDBC Connection from DataSource
2026-08-05 17:41:21.344 DEBUG 548 --- [io-9060-exec-10] o.s.jdbc.core.JdbcTemplate               : Executing prepared SQL query
2026-08-05 17:41:21.345 DEBUG 548 --- [io-9060-exec-10] o.s.jdbc.core.JdbcTemplate               : Executing prepared SQL statement [SELECT TOP 1 Id_Vendedor, Nombre, CodEmpleado FROM dbo.tbl_Vendedor WHERE Id_Vendedor = ? AND ISNULL(E_Eliminado,0)=0]
2026-08-05 17:41:21.345 DEBUG 548 --- [io-9060-exec-10] o.s.jdbc.datasource.DataSourceUtils      : Fetching JDBC Connection from DataSource
2026-08-05 17:41:21.347 DEBUG 548 --- [nio-9060-exec-4] o.s.jdbc.core.JdbcTemplate               : Executing prepared SQL query
2026-08-05 17:41:21.348 DEBUG 548 --- [nio-9060-exec-4] o.s.jdbc.core.JdbcTemplate               : Executing prepared SQL statement [SELECT TOP 1 Id_Vendedor, Nombre, CodEmpleado FROM dbo.tbl_Vendedor WHERE Id_Vendedor = ? AND ISNULL(E_Eliminado,0)=0]
2026-08-05 17:41:21.348 DEBUG 548 --- [nio-9060-exec-4] o.s.jdbc.datasource.DataSourceUtils      : Fetching JDBC Connection from DataSource
2026-08-05 17:41:21.349 DEBUG 548 --- [io-9060-exec-10] o.s.jdbc.core.JdbcTemplate               : Executing prepared SQL query
2026-08-05 17:41:21.349 DEBUG 548 --- [io-9060-exec-10] o.s.jdbc.core.JdbcTemplate               : Executing prepared SQL statement [SELECT TOP 1 Id_Vendedor, Nombre, CodEmpleado FROM dbo.tbl_Vendedor WHERE Id_Vendedor = ? AND ISNULL(E_Eliminado,0)=0]
2026-08-05 17:41:21.350 DEBUG 548 --- [io-9060-exec-10] o.s.jdbc.datasource.DataSourceUtils      : Fetching JDBC Connection from DataSource
2026-08-05 17:41:21.354 DEBUG 548 --- [nio-9060-exec-4] o.s.jdbc.core.JdbcTemplate               : Executing prepared SQL query
2026-08-05 17:41:21.354 DEBUG 548 --- [nio-9060-exec-4] o.s.jdbc.core.JdbcTemplate               : Executing prepared SQL statement [SELECT TOP 1 Id_Vendedor, Nombre, CodEmpleado FROM dbo.tbl_Vendedor WHERE Id_Vendedor = ? AND ISNULL(E_Eliminado,0)=0]
2026-08-05 17:41:21.355 DEBUG 548 --- [nio-9060-exec-4] o.s.jdbc.datasource.DataSourceUtils      : Fetching JDBC Connection from DataSource
2026-08-05 17:41:21.355 DEBUG 548 --- [io-9060-exec-10] o.s.jdbc.core.JdbcTemplate               : Executing prepared SQL query
2026-08-05 17:41:21.356 DEBUG 548 --- [io-9060-exec-10] o.s.jdbc.core.JdbcTemplate               : Executing prepared SQL statement [SELECT TOP 1 Id_Vendedor, Nombre, CodEmpleado FROM dbo.tbl_Vendedor WHERE Id_Vendedor = ? AND ISNULL(E_Eliminado,0)=0]
2026-08-05 17:41:21.356 DEBUG 548 --- [io-9060-exec-10] o.s.jdbc.datasource.DataSourceUtils      : Fetching JDBC Connection from DataSource
2026-08-05 17:41:21.363 DEBUG 548 --- [nio-9060-exec-4] o.s.jdbc.core.JdbcTemplate               : Executing prepared SQL query
2026-08-05 17:41:21.364 DEBUG 548 --- [nio-9060-exec-4] o.s.jdbc.core.JdbcTemplate               : Executing prepared SQL statement [SELECT TOP 1 Id_Vendedor, Nombre, CodEmpleado FROM dbo.tbl_Vendedor WHERE Id_Vendedor = ? AND ISNULL(E_Eliminado,0)=0]
2026-08-05 17:41:21.364 DEBUG 548 --- [nio-9060-exec-4] o.s.jdbc.datasource.DataSourceUtils      : Fetching JDBC Connection from DataSource
2026-08-05 17:41:21.364 DEBUG 548 --- [io-9060-exec-10] o.s.jdbc.core.JdbcTemplate               : Executing prepared SQL query
2026-08-05 17:41:21.365 DEBUG 548 --- [io-9060-exec-10] o.s.jdbc.core.JdbcTemplate               : Executing prepared SQL statement [SELECT TOP 1 Id_Vendedor, Nombre, CodEmpleado FROM dbo.tbl_Vendedor WHERE Id_Vendedor = ? AND ISNULL(E_Eliminado,0)=0]
2026-08-05 17:41:21.365 DEBUG 548 --- [io-9060-exec-10] o.s.jdbc.datasource.DataSourceUtils      : Fetching JDBC Connection from DataSource
2026-08-05 17:41:21.369 DEBUG 548 --- [io-9060-exec-10] o.s.jdbc.core.JdbcTemplate               : Executing prepared SQL query
2026-08-05 17:41:21.369 DEBUG 548 --- [nio-9060-exec-4] o.s.jdbc.core.JdbcTemplate               : Executing prepared SQL query
2026-08-05 17:41:21.370 DEBUG 548 --- [io-9060-exec-10] o.s.jdbc.core.JdbcTemplate               : Executing prepared SQL statement [SELECT TOP 1 Id_Vendedor, Nombre, CodEmpleado FROM dbo.tbl_Vendedor WHERE Id_Vendedor = ? AND ISNULL(E_Eliminado,0)=0]
2026-08-05 17:41:21.370 DEBUG 548 --- [nio-9060-exec-4] o.s.jdbc.core.JdbcTemplate               : Executing prepared SQL statement [SELECT TOP 1 Id_Vendedor, Nombre, CodEmpleado FROM dbo.tbl_Vendedor WHERE Id_Vendedor = ? AND ISNULL(E_Eliminado,0)=0]
2026-08-05 17:41:21.371 DEBUG 548 --- [io-9060-exec-10] o.s.jdbc.datasource.DataSourceUtils      : Fetching JDBC Connection from DataSource
2026-08-05 17:41:21.371 DEBUG 548 --- [nio-9060-exec-4] o.s.jdbc.datasource.DataSourceUtils      : Fetching JDBC Connection from DataSource
2026-08-05 17:41:21.375 DEBUG 548 --- [io-9060-exec-10] o.s.jdbc.core.JdbcTemplate               : Executing prepared SQL query
2026-08-05 17:41:21.375 DEBUG 548 --- [nio-9060-exec-4] o.s.jdbc.core.JdbcTemplate               : Executing prepared SQL query
2026-08-05 17:41:21.376 DEBUG 548 --- [io-9060-exec-10] o.s.jdbc.core.JdbcTemplate               : Executing prepared SQL statement [SELECT TOP 1 Id_Vendedor, Nombre, CodEmpleado FROM dbo.tbl_Vendedor WHERE Id_Vendedor = ? AND ISNULL(E_Eliminado,0)=0]
2026-08-05 17:41:21.376 DEBUG 548 --- [nio-9060-exec-4] o.s.jdbc.core.JdbcTemplate               : Executing prepared SQL statement [SELECT TOP 1 Id_Vendedor, Nombre, CodEmpleado FROM dbo.tbl_Vendedor WHERE Id_Vendedor = ? AND ISNULL(E_Eliminado,0)=0]
2026-08-05 17:41:21.376 DEBUG 548 --- [io-9060-exec-10] o.s.jdbc.datasource.DataSourceUtils      : Fetching JDBC Connection from DataSource
2026-08-05 17:41:21.377 DEBUG 548 --- [nio-9060-exec-4] o.s.jdbc.datasource.DataSourceUtils      : Fetching JDBC Connection from DataSource
2026-08-05 17:41:21.380 DEBUG 548 --- [io-9060-exec-10] o.s.jdbc.core.JdbcTemplate               : Executing prepared SQL query
2026-08-05 17:41:21.380 DEBUG 548 --- [nio-9060-exec-4] o.s.jdbc.core.JdbcTemplate               : Executing prepared SQL query
2026-08-05 17:41:21.381 DEBUG 548 --- [io-9060-exec-10] o.s.jdbc.core.JdbcTemplate               : Executing prepared SQL statement [SELECT TOP 1 Id_Vendedor, Nombre, CodEmpleado FROM dbo.tbl_Vendedor WHERE Id_Vendedor = ? AND ISNULL(E_Eliminado,0)=0]
2026-08-05 17:41:21.381 DEBUG 548 --- [nio-9060-exec-4] o.s.jdbc.core.JdbcTemplate               : Executing prepared SQL statement [SELECT TOP 1 Id_Vendedor, Nombre, CodEmpleado FROM dbo.tbl_Vendedor WHERE Id_Vendedor = ? AND ISNULL(E_Eliminado,0)=0]
2026-08-05 17:41:21.381 DEBUG 548 --- [io-9060-exec-10] o.s.jdbc.datasource.DataSourceUtils      : Fetching JDBC Connection from DataSource
2026-08-05 17:41:21.382 DEBUG 548 --- [nio-9060-exec-4] o.s.jdbc.datasource.DataSourceUtils      : Fetching JDBC Connection from DataSource
2026-08-05 17:41:21.386 DEBUG 548 --- [io-9060-exec-10] o.s.jdbc.core.JdbcTemplate               : Executing prepared SQL query
2026-08-05 17:41:21.386 DEBUG 548 --- [io-9060-exec-10] o.s.jdbc.core.JdbcTemplate               : Executing prepared SQL statement [SELECT TOP 1 Id_Vendedor, Nombre, CodEmpleado FROM dbo.tbl_Vendedor WHERE Id_Vendedor = ? AND ISNULL(E_Eliminado,0)=0]
2026-08-05 17:41:21.386 DEBUG 548 --- [io-9060-exec-10] o.s.jdbc.datasource.DataSourceUtils      : Fetching JDBC Connection from DataSource
2026-08-05 17:41:21.387 DEBUG 548 --- [nio-9060-exec-4] o.s.jdbc.core.JdbcTemplate               : Executing prepared SQL query
2026-08-05 17:41:21.387 DEBUG 548 --- [nio-9060-exec-4] o.s.jdbc.core.JdbcTemplate               : Executing prepared SQL statement [SELECT TOP 1 Id_Vendedor, Nombre, CodEmpleado FROM dbo.tbl_Vendedor WHERE Id_Vendedor = ? AND ISNULL(E_Eliminado,0)=0]
2026-08-05 17:41:21.387 DEBUG 548 --- [nio-9060-exec-4] o.s.jdbc.datasource.DataSourceUtils      : Fetching JDBC Connection from DataSource
2026-08-05 17:41:21.390 DEBUG 548 --- [nio-9060-exec-4] o.s.jdbc.core.JdbcTemplate               : Executing prepared SQL query
2026-08-05 17:41:21.390 DEBUG 548 --- [io-9060-exec-10] o.s.jdbc.core.JdbcTemplate               : Executing prepared SQL query
2026-08-05 17:41:21.391 DEBUG 548 --- [nio-9060-exec-4] o.s.jdbc.core.JdbcTemplate               : Executing prepared SQL statement [SELECT TOP 1 Id_Vendedor, Nombre, CodEmpleado FROM dbo.tbl_Vendedor WHERE Id_Vendedor = ? AND ISNULL(E_Eliminado,0)=0]
2026-08-05 17:41:21.392 DEBUG 548 --- [nio-9060-exec-4] o.s.jdbc.datasource.DataSourceUtils      : Fetching JDBC Connection from DataSource
2026-08-05 17:41:21.391 DEBUG 548 --- [io-9060-exec-10] o.s.jdbc.core.JdbcTemplate               : Executing prepared SQL statement [SELECT TOP 1 Id_Vendedor, Nombre, CodEmpleado FROM dbo.tbl_Vendedor WHERE Id_Vendedor = ? AND ISNULL(E_Eliminado,0)=0]
2026-08-05 17:41:21.392 DEBUG 548 --- [io-9060-exec-10] o.s.jdbc.datasource.DataSourceUtils      : Fetching JDBC Connection from DataSource
2026-08-05 17:41:21.395 DEBUG 548 --- [nio-9060-exec-4] o.s.jdbc.core.JdbcTemplate               : Executing prepared SQL query
2026-08-05 17:41:21.395 DEBUG 548 --- [nio-9060-exec-4] o.s.jdbc.core.JdbcTemplate               : Executing prepared SQL statement [SELECT TOP 1 Id_Vendedor, Nombre, CodEmpleado FROM dbo.tbl_Vendedor WHERE Id_Vendedor = ? AND ISNULL(E_Eliminado,0)=0]
2026-08-05 17:41:21.396 DEBUG 548 --- [nio-9060-exec-4] o.s.jdbc.datasource.DataSourceUtils      : Fetching JDBC Connection from DataSource
2026-08-05 17:41:21.397 DEBUG 548 --- [io-9060-exec-10] o.s.jdbc.core.JdbcTemplate               : Executing prepared SQL query
2026-08-05 17:41:21.397 DEBUG 548 --- [io-9060-exec-10] o.s.jdbc.core.JdbcTemplate               : Executing prepared SQL statement [SELECT TOP 1 Id_Vendedor, Nombre, CodEmpleado FROM dbo.tbl_Vendedor WHERE Id_Vendedor = ? AND ISNULL(E_Eliminado,0)=0]
2026-08-05 17:41:21.398 DEBUG 548 --- [io-9060-exec-10] o.s.jdbc.datasource.DataSourceUtils      : Fetching JDBC Connection from DataSource
2026-08-05 17:41:21.400 DEBUG 548 --- [nio-9060-exec-4] o.s.jdbc.core.JdbcTemplate               : Executing prepared SQL query
2026-08-05 17:41:21.400 DEBUG 548 --- [nio-9060-exec-4] o.s.jdbc.core.JdbcTemplate               : Executing prepared SQL statement [SELECT TOP 1 Id_Vendedor, Nombre, CodEmpleado FROM dbo.tbl_Vendedor WHERE Id_Vendedor = ? AND ISNULL(E_Eliminado,0)=0]
2026-08-05 17:41:21.401 DEBUG 548 --- [nio-9060-exec-4] o.s.jdbc.datasource.DataSourceUtils      : Fetching JDBC Connection from DataSource
2026-08-05 17:41:21.403 DEBUG 548 --- [io-9060-exec-10] o.s.jdbc.core.JdbcTemplate               : Executing prepared SQL query
2026-08-05 17:41:21.403 DEBUG 548 --- [io-9060-exec-10] o.s.jdbc.core.JdbcTemplate               : Executing prepared SQL statement [SELECT TOP 1 Id_Vendedor, Nombre, CodEmpleado FROM dbo.tbl_Vendedor WHERE Id_Vendedor = ? AND ISNULL(E_Eliminado,0)=0]
2026-08-05 17:41:21.404 DEBUG 548 --- [io-9060-exec-10] o.s.jdbc.datasource.DataSourceUtils      : Fetching JDBC Connection from DataSource
2026-08-05 17:41:21.409 DEBUG 548 --- [nio-9060-exec-4] o.s.jdbc.core.JdbcTemplate               : Executing prepared SQL query
2026-08-05 17:41:21.409 DEBUG 548 --- [io-9060-exec-10] o.s.jdbc.core.JdbcTemplate               : Executing prepared SQL query
2026-08-05 17:41:21.410 DEBUG 548 --- [nio-9060-exec-4] o.s.jdbc.core.JdbcTemplate               : Executing prepared SQL statement [SELECT TOP 1 Id_Vendedor, Nombre, CodEmpleado FROM dbo.tbl_Vendedor WHERE Id_Vendedor = ? AND ISNULL(E_Eliminado,0)=0]
2026-08-05 17:41:21.410 DEBUG 548 --- [io-9060-exec-10] o.s.jdbc.core.JdbcTemplate               : Executing prepared SQL statement [SELECT TOP 1 Id_Vendedor, Nombre, CodEmpleado FROM dbo.tbl_Vendedor WHERE Id_Vendedor = ? AND ISNULL(E_Eliminado,0)=0]
2026-08-05 17:41:21.410 DEBUG 548 --- [nio-9060-exec-4] o.s.jdbc.datasource.DataSourceUtils      : Fetching JDBC Connection from DataSource
2026-08-05 17:41:21.411 DEBUG 548 --- [io-9060-exec-10] o.s.jdbc.datasource.DataSourceUtils      : Fetching JDBC Connection from DataSource
2026-08-05 17:41:21.462 DEBUG 548 --- [nio-9060-exec-4] o.s.jdbc.core.JdbcTemplate               : Executing prepared SQL query
2026-08-05 17:41:21.462 DEBUG 548 --- [io-9060-exec-10] o.s.jdbc.core.JdbcTemplate               : Executing prepared SQL query
2026-08-05 17:41:21.463 DEBUG 548 --- [nio-9060-exec-4] o.s.jdbc.core.JdbcTemplate               : Executing prepared SQL statement [SELECT TOP 1 Id_Vendedor, Nombre, CodEmpleado FROM dbo.tbl_Vendedor WHERE Id_Vendedor = ? AND ISNULL(E_Eliminado,0)=0]
2026-08-05 17:41:21.463 DEBUG 548 --- [io-9060-exec-10] o.s.jdbc.core.JdbcTemplate               : Executing prepared SQL statement [SELECT TOP 1 Id_Vendedor, Nombre, CodEmpleado FROM dbo.tbl_Vendedor WHERE Id_Vendedor = ? AND ISNULL(E_Eliminado,0)=0]
2026-08-05 17:41:21.463 DEBUG 548 --- [nio-9060-exec-4] o.s.jdbc.datasource.DataSourceUtils      : Fetching JDBC Connection from DataSource
2026-08-05 17:41:21.464 DEBUG 548 --- [io-9060-exec-10] o.s.jdbc.datasource.DataSourceUtils      : Fetching JDBC Connection from DataSource
2026-08-05 17:41:21.473 DEBUG 548 --- [io-9060-exec-10] o.s.jdbc.core.JdbcTemplate               : Executing prepared SQL query
2026-08-05 17:41:21.473 DEBUG 548 --- [nio-9060-exec-4] o.s.jdbc.core.JdbcTemplate               : Executing prepared SQL query
2026-08-05 17:41:21.474 DEBUG 548 --- [io-9060-exec-10] o.s.jdbc.core.JdbcTemplate               : Executing prepared SQL statement [SELECT TOP 1 Id_Vendedor, Nombre, CodEmpleado FROM dbo.tbl_Vendedor WHERE Id_Vendedor = ? AND ISNULL(E_Eliminado,0)=0]
2026-08-05 17:41:21.474 DEBUG 548 --- [nio-9060-exec-4] o.s.jdbc.core.JdbcTemplate               : Executing prepared SQL statement [SELECT TOP 1 Id_Vendedor, Nombre, CodEmpleado FROM dbo.tbl_Vendedor WHERE Id_Vendedor = ? AND ISNULL(E_Eliminado,0)=0]
2026-08-05 17:41:21.474 DEBUG 548 --- [io-9060-exec-10] o.s.jdbc.datasource.DataSourceUtils      : Fetching JDBC Connection from DataSource
2026-08-05 17:41:21.475 DEBUG 548 --- [nio-9060-exec-4] o.s.jdbc.datasource.DataSourceUtils      : Fetching JDBC Connection from DataSource
2026-08-05 17:41:21.480 DEBUG 548 --- [io-9060-exec-10] o.s.jdbc.core.JdbcTemplate               : Executing prepared SQL query
2026-08-05 17:41:21.480 DEBUG 548 --- [io-9060-exec-10] o.s.jdbc.core.JdbcTemplate               : Executing prepared SQL statement [SELECT TOP 1 Id_Vendedor, Nombre, CodEmpleado FROM dbo.tbl_Vendedor WHERE Id_Vendedor = ? AND ISNULL(E_Eliminado,0)=0]
2026-08-05 17:41:21.480 DEBUG 548 --- [nio-9060-exec-4] o.s.jdbc.core.JdbcTemplate               : Executing prepared SQL query
2026-08-05 17:41:21.480 DEBUG 548 --- [io-9060-exec-10] o.s.jdbc.datasource.DataSourceUtils      : Fetching JDBC Connection from DataSource
2026-08-05 17:41:21.481 DEBUG 548 --- [nio-9060-exec-4] o.s.jdbc.core.JdbcTemplate               : Executing prepared SQL statement [SELECT TOP 1 Id_Vendedor, Nombre, CodEmpleado FROM dbo.tbl_Vendedor WHERE Id_Vendedor = ? AND ISNULL(E_Eliminado,0)=0]
2026-08-05 17:41:21.481 DEBUG 548 --- [nio-9060-exec-4] o.s.jdbc.datasource.DataSourceUtils      : Fetching JDBC Connection from DataSource
2026-08-05 17:41:21.485 DEBUG 548 --- [io-9060-exec-10] o.s.jdbc.core.JdbcTemplate               : Executing prepared SQL query
2026-08-05 17:41:21.486 DEBUG 548 --- [io-9060-exec-10] o.s.jdbc.core.JdbcTemplate               : Executing prepared SQL statement [SELECT TOP 1 Id_Vendedor, Nombre, CodEmpleado FROM dbo.tbl_Vendedor WHERE Id_Vendedor = ? AND ISNULL(E_Eliminado,0)=0]
2026-08-05 17:41:21.486 DEBUG 548 --- [nio-9060-exec-4] o.s.jdbc.core.JdbcTemplate               : Executing prepared SQL query
2026-08-05 17:41:21.486 DEBUG 548 --- [io-9060-exec-10] o.s.jdbc.datasource.DataSourceUtils      : Fetching JDBC Connection from DataSource
2026-08-05 17:41:21.486 DEBUG 548 --- [nio-9060-exec-4] o.s.jdbc.core.JdbcTemplate               : Executing prepared SQL statement [SELECT TOP 1 Id_Vendedor, Nombre, CodEmpleado FROM dbo.tbl_Vendedor WHERE Id_Vendedor = ? AND ISNULL(E_Eliminado,0)=0]
2026-08-05 17:41:21.487 DEBUG 548 --- [nio-9060-exec-4] o.s.jdbc.datasource.DataSourceUtils      : Fetching JDBC Connection from DataSource
2026-08-05 17:41:21.491 DEBUG 548 --- [io-9060-exec-10] o.s.jdbc.core.JdbcTemplate               : Executing prepared SQL query
2026-08-05 17:41:21.492 DEBUG 548 --- [io-9060-exec-10] o.s.jdbc.core.JdbcTemplate               : Executing prepared SQL statement [SELECT TOP 1 Id_Vendedor, Nombre, CodEmpleado FROM dbo.tbl_Vendedor WHERE Id_Vendedor = ? AND ISNULL(E_Eliminado,0)=0]
2026-08-05 17:41:21.492 DEBUG 548 --- [io-9060-exec-10] o.s.jdbc.datasource.DataSourceUtils      : Fetching JDBC Connection from DataSource
2026-08-05 17:41:21.494 DEBUG 548 --- [nio-9060-exec-4] o.s.jdbc.core.JdbcTemplate               : Executing prepared SQL query
2026-08-05 17:41:21.494 DEBUG 548 --- [nio-9060-exec-4] o.s.jdbc.core.JdbcTemplate               : Executing prepared SQL statement [SELECT TOP 1 Id_Vendedor, Nombre, CodEmpleado FROM dbo.tbl_Vendedor WHERE Id_Vendedor = ? AND ISNULL(E_Eliminado,0)=0]
2026-08-05 17:41:21.494 DEBUG 548 --- [nio-9060-exec-4] o.s.jdbc.datasource.DataSourceUtils      : Fetching JDBC Connection from DataSource
2026-08-05 17:41:21.499 DEBUG 548 --- [io-9060-exec-10] o.s.jdbc.core.JdbcTemplate               : Executing prepared SQL query
2026-08-05 17:41:21.499 DEBUG 548 --- [nio-9060-exec-4] o.s.jdbc.core.JdbcTemplate               : Executing prepared SQL query
2026-08-05 17:41:21.500 DEBUG 548 --- [io-9060-exec-10] o.s.jdbc.core.JdbcTemplate               : Executing prepared SQL statement [SELECT TOP 1 Id_Vendedor, Nombre, CodEmpleado FROM dbo.tbl_Vendedor WHERE Id_Vendedor = ? AND ISNULL(E_Eliminado,0)=0]
2026-08-05 17:41:21.500 DEBUG 548 --- [nio-9060-exec-4] o.s.jdbc.core.JdbcTemplate               : Executing prepared SQL statement [SELECT TOP 1 Id_Vendedor, Nombre, CodEmpleado FROM dbo.tbl_Vendedor WHERE Id_Vendedor = ? AND ISNULL(E_Eliminado,0)=0]
2026-08-05 17:41:21.500 DEBUG 548 --- [io-9060-exec-10] o.s.jdbc.datasource.DataSourceUtils      : Fetching JDBC Connection from DataSource
2026-08-05 17:41:21.501 DEBUG 548 --- [nio-9060-exec-4] o.s.jdbc.datasource.DataSourceUtils      : Fetching JDBC Connection from DataSource
2026-08-05 17:41:21.506 DEBUG 548 --- [io-9060-exec-10] o.s.jdbc.core.JdbcTemplate               : Executing prepared SQL query
2026-08-05 17:41:21.506 DEBUG 548 --- [nio-9060-exec-4] o.s.jdbc.core.JdbcTemplate               : Executing prepared SQL query
2026-08-05 17:41:21.506 DEBUG 548 --- [io-9060-exec-10] o.s.jdbc.core.JdbcTemplate               : Executing prepared SQL statement [SELECT TOP 1 Id_Vendedor, Nombre, CodEmpleado FROM dbo.tbl_Vendedor WHERE Id_Vendedor = ? AND ISNULL(E_Eliminado,0)=0]
2026-08-05 17:41:21.507 DEBUG 548 --- [nio-9060-exec-4] o.s.jdbc.core.JdbcTemplate               : Executing prepared SQL statement [SELECT TOP 1 Id_Vendedor, Nombre, CodEmpleado FROM dbo.tbl_Vendedor WHERE Id_Vendedor = ? AND ISNULL(E_Eliminado,0)=0]
2026-08-05 17:41:21.507 DEBUG 548 --- [io-9060-exec-10] o.s.jdbc.datasource.DataSourceUtils      : Fetching JDBC Connection from DataSource
2026-08-05 17:41:21.507 DEBUG 548 --- [nio-9060-exec-4] o.s.jdbc.datasource.DataSourceUtils      : Fetching JDBC Connection from DataSource
2026-08-05 17:41:21.514 DEBUG 548 --- [io-9060-exec-10] o.s.jdbc.core.JdbcTemplate               : Executing prepared SQL query
2026-08-05 17:41:21.514 DEBUG 548 --- [nio-9060-exec-4] o.s.jdbc.core.JdbcTemplate               : Executing prepared SQL query
2026-08-05 17:41:21.514 DEBUG 548 --- [io-9060-exec-10] o.s.jdbc.core.JdbcTemplate               : Executing prepared SQL statement [SELECT TOP 1 Id_Vendedor, Nombre, CodEmpleado FROM dbo.tbl_Vendedor WHERE Id_Vendedor = ? AND ISNULL(E_Eliminado,0)=0]
2026-08-05 17:41:21.515 DEBUG 548 --- [nio-9060-exec-4] o.s.jdbc.core.JdbcTemplate               : Executing prepared SQL statement [SELECT TOP 1 Id_Vendedor, Nombre, CodEmpleado FROM dbo.tbl_Vendedor WHERE Id_Vendedor = ? AND ISNULL(E_Eliminado,0)=0]
2026-08-05 17:41:21.515 DEBUG 548 --- [io-9060-exec-10] o.s.jdbc.datasource.DataSourceUtils      : Fetching JDBC Connection from DataSource
2026-08-05 17:41:21.515 DEBUG 548 --- [nio-9060-exec-4] o.s.jdbc.datasource.DataSourceUtils      : Fetching JDBC Connection from DataSource
2026-08-05 17:41:21.524 DEBUG 548 --- [io-9060-exec-10] o.s.jdbc.core.JdbcTemplate               : Executing prepared SQL query
2026-08-05 17:41:21.525 DEBUG 548 --- [io-9060-exec-10] o.s.jdbc.core.JdbcTemplate               : Executing prepared SQL statement [SELECT TOP 1 Id_Vendedor, Nombre, CodEmpleado FROM dbo.tbl_Vendedor WHERE Id_Vendedor = ? AND ISNULL(E_Eliminado,0)=0]
2026-08-05 17:41:21.525 DEBUG 548 --- [io-9060-exec-10] o.s.jdbc.datasource.DataSourceUtils      : Fetching JDBC Connection from DataSource
2026-08-05 17:41:21.526 DEBUG 548 --- [nio-9060-exec-4] o.s.jdbc.core.JdbcTemplate               : Executing prepared SQL query
2026-08-05 17:41:21.526 DEBUG 548 --- [nio-9060-exec-4] o.s.jdbc.core.JdbcTemplate               : Executing prepared SQL statement [SELECT TOP 1 Id_Vendedor, Nombre, CodEmpleado FROM dbo.tbl_Vendedor WHERE Id_Vendedor = ? AND ISNULL(E_Eliminado,0)=0]
2026-08-05 17:41:21.526 DEBUG 548 --- [nio-9060-exec-4] o.s.jdbc.datasource.DataSourceUtils      : Fetching JDBC Connection from DataSource
2026-08-05 17:41:21.530 DEBUG 548 --- [io-9060-exec-10] o.s.jdbc.core.JdbcTemplate               : Executing prepared SQL query
2026-08-05 17:41:21.531 DEBUG 548 --- [io-9060-exec-10] o.s.jdbc.core.JdbcTemplate               : Executing prepared SQL statement [SELECT TOP 1 Id_Vendedor, Nombre, CodEmpleado FROM dbo.tbl_Vendedor WHERE Id_Vendedor = ? AND ISNULL(E_Eliminado,0)=0]
2026-08-05 17:41:21.531 DEBUG 548 --- [nio-9060-exec-4] o.s.jdbc.core.JdbcTemplate               : Executing prepared SQL query
2026-08-05 17:41:21.531 DEBUG 548 --- [io-9060-exec-10] o.s.jdbc.datasource.DataSourceUtils      : Fetching JDBC Connection from DataSource
2026-08-05 17:41:21.531 DEBUG 548 --- [nio-9060-exec-4] o.s.jdbc.core.JdbcTemplate               : Executing prepared SQL statement [SELECT TOP 1 Id_Vendedor, Nombre, CodEmpleado FROM dbo.tbl_Vendedor WHERE Id_Vendedor = ? AND ISNULL(E_Eliminado,0)=0]
2026-08-05 17:41:21.532 DEBUG 548 --- [nio-9060-exec-4] o.s.jdbc.datasource.DataSourceUtils      : Fetching JDBC Connection from DataSource
2026-08-05 17:41:21.535 DEBUG 548 --- [io-9060-exec-10] o.s.jdbc.core.JdbcTemplate               : Executing prepared SQL query
2026-08-05 17:41:21.535 DEBUG 548 --- [nio-9060-exec-4] o.s.jdbc.core.JdbcTemplate               : Executing prepared SQL query
2026-08-05 17:41:21.535 DEBUG 548 --- [io-9060-exec-10] o.s.jdbc.core.JdbcTemplate               : Executing prepared SQL statement [SELECT TOP 1 Id_Vendedor, Nombre, CodEmpleado FROM dbo.tbl_Vendedor WHERE Id_Vendedor = ? AND ISNULL(E_Eliminado,0)=0]
2026-08-05 17:41:21.536 DEBUG 548 --- [nio-9060-exec-4] o.s.jdbc.core.JdbcTemplate               : Executing prepared SQL statement [SELECT TOP 1 Id_Vendedor, Nombre, CodEmpleado FROM dbo.tbl_Vendedor WHERE Id_Vendedor = ? AND ISNULL(E_Eliminado,0)=0]
2026-08-05 17:41:21.536 DEBUG 548 --- [io-9060-exec-10] o.s.jdbc.datasource.DataSourceUtils      : Fetching JDBC Connection from DataSource
2026-08-05 17:41:21.536 DEBUG 548 --- [nio-9060-exec-4] o.s.jdbc.datasource.DataSourceUtils      : Fetching JDBC Connection from DataSource
2026-08-05 17:41:21.540 DEBUG 548 --- [nio-9060-exec-4] o.s.jdbc.core.JdbcTemplate               : Executing prepared SQL query
2026-08-05 17:41:21.540 DEBUG 548 --- [io-9060-exec-10] o.s.jdbc.core.JdbcTemplate               : Executing prepared SQL query
2026-08-05 17:41:21.541 DEBUG 548 --- [nio-9060-exec-4] o.s.jdbc.core.JdbcTemplate               : Executing prepared SQL statement [SELECT TOP 1 Id_Vendedor, Nombre, CodEmpleado FROM dbo.tbl_Vendedor WHERE Id_Vendedor = ? AND ISNULL(E_Eliminado,0)=0]
2026-08-05 17:41:21.541 DEBUG 548 --- [io-9060-exec-10] o.s.jdbc.core.JdbcTemplate               : Executing prepared SQL statement [SELECT TOP 1 Id_Vendedor, Nombre, CodEmpleado FROM dbo.tbl_Vendedor WHERE Id_Vendedor = ? AND ISNULL(E_Eliminado,0)=0]
2026-08-05 17:41:21.541 DEBUG 548 --- [nio-9060-exec-4] o.s.jdbc.datasource.DataSourceUtils      : Fetching JDBC Connection from DataSource
2026-08-05 17:41:21.542 DEBUG 548 --- [io-9060-exec-10] o.s.jdbc.datasource.DataSourceUtils      : Fetching JDBC Connection from DataSource
2026-08-05 17:41:21.546 DEBUG 548 --- [nio-9060-exec-4] o.s.jdbc.core.JdbcTemplate               : Executing prepared SQL query
2026-08-05 17:41:21.546 DEBUG 548 --- [io-9060-exec-10] o.s.jdbc.core.JdbcTemplate               : Executing prepared SQL query
2026-08-05 17:41:21.546 DEBUG 548 --- [nio-9060-exec-4] o.s.jdbc.core.JdbcTemplate               : Executing prepared SQL statement [SELECT TOP 1 Id_Vendedor, Nombre, CodEmpleado FROM dbo.tbl_Vendedor WHERE Id_Vendedor = ? AND ISNULL(E_Eliminado,0)=0]
2026-08-05 17:41:21.547 DEBUG 548 --- [io-9060-exec-10] o.s.jdbc.core.JdbcTemplate               : Executing prepared SQL statement [SELECT TOP 1 Id_Vendedor, Nombre, CodEmpleado FROM dbo.tbl_Vendedor WHERE Id_Vendedor = ? AND ISNULL(E_Eliminado,0)=0]
2026-08-05 17:41:21.547 DEBUG 548 --- [nio-9060-exec-4] o.s.jdbc.datasource.DataSourceUtils      : Fetching JDBC Connection from DataSource
2026-08-05 17:41:21.547 DEBUG 548 --- [io-9060-exec-10] o.s.jdbc.datasource.DataSourceUtils      : Fetching JDBC Connection from DataSource
2026-08-05 17:41:21.556 DEBUG 548 --- [nio-9060-exec-4] o.s.jdbc.core.JdbcTemplate               : Executing prepared SQL query
2026-08-05 17:41:21.556 DEBUG 548 --- [io-9060-exec-10] o.s.jdbc.core.JdbcTemplate               : Executing prepared SQL query
2026-08-05 17:41:21.556 DEBUG 548 --- [nio-9060-exec-4] o.s.jdbc.core.JdbcTemplate               : Executing prepared SQL statement [SELECT TOP 1 Id_Vendedor, Nombre, CodEmpleado FROM dbo.tbl_Vendedor WHERE Id_Vendedor = ? AND ISNULL(E_Eliminado,0)=0]
2026-08-05 17:41:21.556 DEBUG 548 --- [io-9060-exec-10] o.s.jdbc.core.JdbcTemplate               : Executing prepared SQL statement [SELECT TOP 1 Id_Vendedor, Nombre, CodEmpleado FROM dbo.tbl_Vendedor WHERE Id_Vendedor = ? AND ISNULL(E_Eliminado,0)=0]
2026-08-05 17:41:21.557 DEBUG 548 --- [nio-9060-exec-4] o.s.jdbc.datasource.DataSourceUtils      : Fetching JDBC Connection from DataSource
2026-08-05 17:41:21.557 DEBUG 548 --- [io-9060-exec-10] o.s.jdbc.datasource.DataSourceUtils      : Fetching JDBC Connection from DataSource
2026-08-05 17:41:21.561 DEBUG 548 --- [nio-9060-exec-4] o.s.jdbc.core.JdbcTemplate               : Executing prepared SQL query
2026-08-05 17:41:21.561 DEBUG 548 --- [nio-9060-exec-4] o.s.jdbc.core.JdbcTemplate               : Executing prepared SQL statement [SELECT TOP 1 Id_Vendedor, Nombre, CodEmpleado FROM dbo.tbl_Vendedor WHERE Id_Vendedor = ? AND ISNULL(E_Eliminado,0)=0]
2026-08-05 17:41:21.561 DEBUG 548 --- [nio-9060-exec-4] o.s.jdbc.datasource.DataSourceUtils      : Fetching JDBC Connection from DataSource
2026-08-05 17:41:21.565 DEBUG 548 --- [io-9060-exec-10] o.s.jdbc.core.JdbcTemplate               : Executing prepared SQL query
2026-08-05 17:41:21.566 DEBUG 548 --- [io-9060-exec-10] o.s.jdbc.core.JdbcTemplate               : Executing prepared SQL statement [SELECT TOP 1 Id_Vendedor, Nombre, CodEmpleado FROM dbo.tbl_Vendedor WHERE Id_Vendedor = ? AND ISNULL(E_Eliminado,0)=0]
2026-08-05 17:41:21.566 DEBUG 548 --- [io-9060-exec-10] o.s.jdbc.datasource.DataSourceUtils      : Fetching JDBC Connection from DataSource
2026-08-05 17:41:21.573 DEBUG 548 --- [nio-9060-exec-4] o.s.jdbc.core.JdbcTemplate               : Executing prepared SQL query
2026-08-05 17:41:21.574 DEBUG 548 --- [nio-9060-exec-4] o.s.jdbc.core.JdbcTemplate               : Executing prepared SQL statement [SELECT TOP 1 Id_Vendedor, Nombre, CodEmpleado FROM dbo.tbl_Vendedor WHERE Id_Vendedor = ? AND ISNULL(E_Eliminado,0)=0]
2026-08-05 17:41:21.574 DEBUG 548 --- [nio-9060-exec-4] o.s.jdbc.datasource.DataSourceUtils      : Fetching JDBC Connection from DataSource
2026-08-05 17:41:21.575 DEBUG 548 --- [io-9060-exec-10] o.s.jdbc.core.JdbcTemplate               : Executing prepared SQL query
2026-08-05 17:41:21.575 DEBUG 548 --- [io-9060-exec-10] o.s.jdbc.core.JdbcTemplate               : Executing prepared SQL statement [SELECT TOP 1 Id_Vendedor, Nombre, CodEmpleado FROM dbo.tbl_Vendedor WHERE Id_Vendedor = ? AND ISNULL(E_Eliminado,0)=0]
2026-08-05 17:41:21.575 DEBUG 548 --- [io-9060-exec-10] o.s.jdbc.datasource.DataSourceUtils      : Fetching JDBC Connection from DataSource
2026-08-05 17:41:21.580 DEBUG 548 --- [io-9060-exec-10] o.s.jdbc.core.JdbcTemplate               : Executing prepared SQL query
2026-08-05 17:41:21.580 DEBUG 548 --- [nio-9060-exec-4] o.s.jdbc.core.JdbcTemplate               : Executing prepared SQL query
2026-08-05 17:41:21.580 DEBUG 548 --- [io-9060-exec-10] o.s.jdbc.core.JdbcTemplate               : Executing prepared SQL statement [SELECT TOP 1 Id_Vendedor, Nombre, CodEmpleado FROM dbo.tbl_Vendedor WHERE Id_Vendedor = ? AND ISNULL(E_Eliminado,0)=0]
2026-08-05 17:41:21.581 DEBUG 548 --- [nio-9060-exec-4] o.s.jdbc.core.JdbcTemplate               : Executing prepared SQL statement [SELECT TOP 1 Id_Vendedor, Nombre, CodEmpleado FROM dbo.tbl_Vendedor WHERE Id_Vendedor = ? AND ISNULL(E_Eliminado,0)=0]
2026-08-05 17:41:21.581 DEBUG 548 --- [io-9060-exec-10] o.s.jdbc.datasource.DataSourceUtils      : Fetching JDBC Connection from DataSource
2026-08-05 17:41:21.581 DEBUG 548 --- [nio-9060-exec-4] o.s.jdbc.datasource.DataSourceUtils      : Fetching JDBC Connection from DataSource
2026-08-05 17:41:21.587 DEBUG 548 --- [io-9060-exec-10] o.s.jdbc.core.JdbcTemplate               : Executing prepared SQL query
2026-08-05 17:41:21.588 DEBUG 548 --- [io-9060-exec-10] o.s.jdbc.core.JdbcTemplate               : Executing prepared SQL statement [SELECT TOP 1 Id_Vendedor, Nombre, CodEmpleado FROM dbo.tbl_Vendedor WHERE Id_Vendedor = ? AND ISNULL(E_Eliminado,0)=0]
2026-08-05 17:41:21.588 DEBUG 548 --- [io-9060-exec-10] o.s.jdbc.datasource.DataSourceUtils      : Fetching JDBC Connection from DataSource
2026-08-05 17:41:21.591 DEBUG 548 --- [nio-9060-exec-4] o.s.jdbc.core.JdbcTemplate               : Executing prepared SQL query
2026-08-05 17:41:21.592 DEBUG 548 --- [nio-9060-exec-4] o.s.jdbc.core.JdbcTemplate               : Executing prepared SQL statement [SELECT TOP 1 Id_Vendedor, Nombre, CodEmpleado FROM dbo.tbl_Vendedor WHERE Id_Vendedor = ? AND ISNULL(E_Eliminado,0)=0]
2026-08-05 17:41:21.592 DEBUG 548 --- [nio-9060-exec-4] o.s.jdbc.datasource.DataSourceUtils      : Fetching JDBC Connection from DataSource
2026-08-05 17:41:21.595 DEBUG 548 --- [io-9060-exec-10] o.s.jdbc.core.JdbcTemplate               : Executing prepared SQL query
2026-08-05 17:41:21.595 DEBUG 548 --- [io-9060-exec-10] o.s.jdbc.core.JdbcTemplate               : Executing prepared SQL statement [SELECT TOP 1 Id_Vendedor, Nombre, CodEmpleado FROM dbo.tbl_Vendedor WHERE Id_Vendedor = ? AND ISNULL(E_Eliminado,0)=0]
2026-08-05 17:41:21.596 DEBUG 548 --- [io-9060-exec-10] o.s.jdbc.datasource.DataSourceUtils      : Fetching JDBC Connection from DataSource
2026-08-05 17:41:21.602 DEBUG 548 --- [nio-9060-exec-4] o.s.jdbc.core.JdbcTemplate               : Executing prepared SQL query
2026-08-05 17:41:21.602 DEBUG 548 --- [io-9060-exec-10] o.s.jdbc.core.JdbcTemplate               : Executing prepared SQL query
2026-08-05 17:41:21.603 DEBUG 548 --- [nio-9060-exec-4] o.s.jdbc.core.JdbcTemplate               : Executing prepared SQL statement [SELECT TOP 1 Id_Vendedor, Nombre, CodEmpleado FROM dbo.tbl_Vendedor WHERE Id_Vendedor = ? AND ISNULL(E_Eliminado,0)=0]
2026-08-05 17:41:21.603 DEBUG 548 --- [io-9060-exec-10] o.s.jdbc.core.JdbcTemplate               : Executing prepared SQL statement [SELECT TOP 1 Id_Vendedor, Nombre, CodEmpleado FROM dbo.tbl_Vendedor WHERE Id_Vendedor = ? AND ISNULL(E_Eliminado,0)=0]
2026-08-05 17:41:21.603 DEBUG 548 --- [nio-9060-exec-4] o.s.jdbc.datasource.DataSourceUtils      : Fetching JDBC Connection from DataSource
2026-08-05 17:41:21.604 DEBUG 548 --- [io-9060-exec-10] o.s.jdbc.datasource.DataSourceUtils      : Fetching JDBC Connection from DataSource
2026-08-05 17:41:21.607 DEBUG 548 --- [io-9060-exec-10] o.s.jdbc.core.JdbcTemplate               : Executing prepared SQL query
2026-08-05 17:41:21.607 DEBUG 548 --- [nio-9060-exec-4] o.s.jdbc.core.JdbcTemplate               : Executing prepared SQL query
2026-08-05 17:41:21.608 DEBUG 548 --- [io-9060-exec-10] o.s.jdbc.core.JdbcTemplate               : Executing prepared SQL statement [SELECT TOP 1 Id_Vendedor, Nombre, CodEmpleado FROM dbo.tbl_Vendedor WHERE Id_Vendedor = ? AND ISNULL(E_Eliminado,0)=0]
2026-08-05 17:41:21.608 DEBUG 548 --- [nio-9060-exec-4] o.s.jdbc.core.JdbcTemplate               : Executing prepared SQL statement [SELECT TOP 1 Id_Vendedor, Nombre, CodEmpleado FROM dbo.tbl_Vendedor WHERE Id_Vendedor = ? AND ISNULL(E_Eliminado,0)=0]
2026-08-05 17:41:21.608 DEBUG 548 --- [io-9060-exec-10] o.s.jdbc.datasource.DataSourceUtils      : Fetching JDBC Connection from DataSource
2026-08-05 17:41:21.609 DEBUG 548 --- [nio-9060-exec-4] o.s.jdbc.datasource.DataSourceUtils      : Fetching JDBC Connection from DataSource
2026-08-05 17:41:21.613 DEBUG 548 --- [io-9060-exec-10] o.s.jdbc.core.JdbcTemplate               : Executing prepared SQL query
2026-08-05 17:41:21.613 DEBUG 548 --- [nio-9060-exec-4] o.s.jdbc.core.JdbcTemplate               : Executing prepared SQL query
2026-08-05 17:41:21.614 DEBUG 548 --- [io-9060-exec-10] o.s.jdbc.core.JdbcTemplate               : Executing prepared SQL statement [SELECT TOP 1 Id_Vendedor, Nombre, CodEmpleado FROM dbo.tbl_Vendedor WHERE Id_Vendedor = ? AND ISNULL(E_Eliminado,0)=0]
2026-08-05 17:41:21.614 DEBUG 548 --- [nio-9060-exec-4] o.s.jdbc.core.JdbcTemplate               : Executing prepared SQL statement [SELECT TOP 1 Id_Vendedor, Nombre, CodEmpleado FROM dbo.tbl_Vendedor WHERE Id_Vendedor = ? AND ISNULL(E_Eliminado,0)=0]
2026-08-05 17:41:21.614 DEBUG 548 --- [io-9060-exec-10] o.s.jdbc.datasource.DataSourceUtils      : Fetching JDBC Connection from DataSource
2026-08-05 17:41:21.615 DEBUG 548 --- [nio-9060-exec-4] o.s.jdbc.datasource.DataSourceUtils      : Fetching JDBC Connection from DataSource
2026-08-05 17:41:21.620 DEBUG 548 --- [nio-9060-exec-4] o.s.jdbc.core.JdbcTemplate               : Executing prepared SQL query
2026-08-05 17:41:21.620 DEBUG 548 --- [io-9060-exec-10] o.s.jdbc.core.JdbcTemplate               : Executing prepared SQL query
2026-08-05 17:41:21.621 DEBUG 548 --- [nio-9060-exec-4] o.s.jdbc.core.JdbcTemplate               : Executing prepared SQL statement [SELECT TOP 1 Id_Vendedor, Nombre, CodEmpleado FROM dbo.tbl_Vendedor WHERE Id_Vendedor = ? AND ISNULL(E_Eliminado,0)=0]
2026-08-05 17:41:21.621 DEBUG 548 --- [io-9060-exec-10] o.s.jdbc.core.JdbcTemplate               : Executing prepared SQL statement [SELECT TOP 1 Id_Vendedor, Nombre, CodEmpleado FROM dbo.tbl_Vendedor WHERE Id_Vendedor = ? AND ISNULL(E_Eliminado,0)=0]
2026-08-05 17:41:21.621 DEBUG 548 --- [nio-9060-exec-4] o.s.jdbc.datasource.DataSourceUtils      : Fetching JDBC Connection from DataSource
2026-08-05 17:41:21.622 DEBUG 548 --- [io-9060-exec-10] o.s.jdbc.datasource.DataSourceUtils      : Fetching JDBC Connection from DataSource
2026-08-05 17:41:21.625 DEBUG 548 --- [nio-9060-exec-4] o.s.jdbc.core.JdbcTemplate               : Executing prepared SQL query
2026-08-05 17:41:21.626 DEBUG 548 --- [nio-9060-exec-4] o.s.jdbc.core.JdbcTemplate               : Executing prepared SQL statement [SELECT TOP 1 Id_Vendedor, Nombre, CodEmpleado FROM dbo.tbl_Vendedor WHERE Id_Vendedor = ? AND ISNULL(E_Eliminado,0)=0]
2026-08-05 17:41:21.626 DEBUG 548 --- [io-9060-exec-10] o.s.jdbc.core.JdbcTemplate               : Executing prepared SQL query
2026-08-05 17:41:21.626 DEBUG 548 --- [nio-9060-exec-4] o.s.jdbc.datasource.DataSourceUtils      : Fetching JDBC Connection from DataSource
2026-08-05 17:41:21.626 DEBUG 548 --- [io-9060-exec-10] o.s.jdbc.core.JdbcTemplate               : Executing prepared SQL statement [SELECT TOP 1 Id_Vendedor, Nombre, CodEmpleado FROM dbo.tbl_Vendedor WHERE Id_Vendedor = ? AND ISNULL(E_Eliminado,0)=0]
2026-08-05 17:41:21.627 DEBUG 548 --- [io-9060-exec-10] o.s.jdbc.datasource.DataSourceUtils      : Fetching JDBC Connection from DataSource
2026-08-05 17:41:21.633 DEBUG 548 --- [nio-9060-exec-4] o.s.jdbc.core.JdbcTemplate               : Executing prepared SQL query
2026-08-05 17:41:21.633 DEBUG 548 --- [io-9060-exec-10] o.s.jdbc.core.JdbcTemplate               : Executing prepared SQL query
2026-08-05 17:41:21.634 DEBUG 548 --- [nio-9060-exec-4] o.s.jdbc.core.JdbcTemplate               : Executing prepared SQL statement [SELECT TOP 1 Id_Vendedor, Nombre, CodEmpleado FROM dbo.tbl_Vendedor WHERE Id_Vendedor = ? AND ISNULL(E_Eliminado,0)=0]
2026-08-05 17:41:21.634 DEBUG 548 --- [io-9060-exec-10] o.s.jdbc.core.JdbcTemplate               : Executing prepared SQL statement [SELECT TOP 1 Id_Vendedor, Nombre, CodEmpleado FROM dbo.tbl_Vendedor WHERE Id_Vendedor = ? AND ISNULL(E_Eliminado,0)=0]
2026-08-05 17:41:21.634 DEBUG 548 --- [nio-9060-exec-4] o.s.jdbc.datasource.DataSourceUtils      : Fetching JDBC Connection from DataSource
2026-08-05 17:41:21.635 DEBUG 548 --- [io-9060-exec-10] o.s.jdbc.datasource.DataSourceUtils      : Fetching JDBC Connection from DataSource
2026-08-05 17:41:21.641 DEBUG 548 --- [nio-9060-exec-4] o.s.jdbc.core.JdbcTemplate               : Executing prepared SQL query
2026-08-05 17:41:21.641 DEBUG 548 --- [io-9060-exec-10] o.s.jdbc.core.JdbcTemplate               : Executing prepared SQL query
2026-08-05 17:41:21.641 DEBUG 548 --- [nio-9060-exec-4] o.s.jdbc.core.JdbcTemplate               : Executing prepared SQL statement [SELECT TOP 1 Id_Vendedor, Nombre, CodEmpleado FROM dbo.tbl_Vendedor WHERE Id_Vendedor = ? AND ISNULL(E_Eliminado,0)=0]
2026-08-05 17:41:21.642 DEBUG 548 --- [io-9060-exec-10] o.s.jdbc.core.JdbcTemplate               : Executing prepared SQL statement [SELECT TOP 1 Id_Vendedor, Nombre, CodEmpleado FROM dbo.tbl_Vendedor WHERE Id_Vendedor = ? AND ISNULL(E_Eliminado,0)=0]
2026-08-05 17:41:21.642 DEBUG 548 --- [nio-9060-exec-4] o.s.jdbc.datasource.DataSourceUtils      : Fetching JDBC Connection from DataSource
2026-08-05 17:41:21.642 DEBUG 548 --- [io-9060-exec-10] o.s.jdbc.datasource.DataSourceUtils      : Fetching JDBC Connection from DataSource
2026-08-05 17:41:21.647 DEBUG 548 --- [nio-9060-exec-4] o.s.jdbc.core.JdbcTemplate               : Executing prepared SQL query
2026-08-05 17:41:21.648 DEBUG 548 --- [io-9060-exec-10] o.s.jdbc.core.JdbcTemplate               : Executing prepared SQL query
2026-08-05 17:41:21.648 DEBUG 548 --- [nio-9060-exec-4] o.s.jdbc.core.JdbcTemplate               : Executing prepared SQL statement [SELECT TOP 1 Id_Vendedor, Nombre, CodEmpleado FROM dbo.tbl_Vendedor WHERE Id_Vendedor = ? AND ISNULL(E_Eliminado,0)=0]
2026-08-05 17:41:21.648 DEBUG 548 --- [io-9060-exec-10] o.s.jdbc.core.JdbcTemplate               : Executing prepared SQL statement [SELECT TOP 1 Id_Vendedor, Nombre, CodEmpleado FROM dbo.tbl_Vendedor WHERE Id_Vendedor = ? AND ISNULL(E_Eliminado,0)=0]
2026-08-05 17:41:21.649 DEBUG 548 --- [nio-9060-exec-4] o.s.jdbc.datasource.DataSourceUtils      : Fetching JDBC Connection from DataSource
2026-08-05 17:41:21.649 DEBUG 548 --- [io-9060-exec-10] o.s.jdbc.datasource.DataSourceUtils      : Fetching JDBC Connection from DataSource
2026-08-05 17:41:21.716 DEBUG 548 --- [nio-9060-exec-4] o.s.jdbc.core.JdbcTemplate               : Executing prepared SQL query
2026-08-05 17:41:21.716 DEBUG 548 --- [io-9060-exec-10] o.s.jdbc.core.JdbcTemplate               : Executing prepared SQL query
2026-08-05 17:41:21.716 DEBUG 548 --- [nio-9060-exec-4] o.s.jdbc.core.JdbcTemplate               : Executing prepared SQL statement [SELECT TOP 1 Id_Vendedor, Nombre, CodEmpleado FROM dbo.tbl_Vendedor WHERE Id_Vendedor = ? AND ISNULL(E_Eliminado,0)=0]
2026-08-05 17:41:21.716 DEBUG 548 --- [io-9060-exec-10] o.s.jdbc.core.JdbcTemplate               : Executing prepared SQL statement [SELECT TOP 1 Id_Vendedor, Nombre, CodEmpleado FROM dbo.tbl_Vendedor WHERE Id_Vendedor = ? AND ISNULL(E_Eliminado,0)=0]
2026-08-05 17:41:21.717 DEBUG 548 --- [nio-9060-exec-4] o.s.jdbc.datasource.DataSourceUtils      : Fetching JDBC Connection from DataSource
2026-08-05 17:41:21.717 DEBUG 548 --- [io-9060-exec-10] o.s.jdbc.datasource.DataSourceUtils      : Fetching JDBC Connection from DataSource
2026-08-05 17:41:21.734 DEBUG 548 --- [nio-9060-exec-4] o.s.jdbc.core.JdbcTemplate               : Executing prepared SQL query
2026-08-05 17:41:21.734 DEBUG 548 --- [io-9060-exec-10] o.s.jdbc.core.JdbcTemplate               : Executing prepared SQL query
2026-08-05 17:41:21.734 DEBUG 548 --- [nio-9060-exec-4] o.s.jdbc.core.JdbcTemplate               : Executing prepared SQL statement [SELECT TOP 1 Id_Vendedor, Nombre, CodEmpleado FROM dbo.tbl_Vendedor WHERE Id_Vendedor = ? AND ISNULL(E_Eliminado,0)=0]
2026-08-05 17:41:21.734 DEBUG 548 --- [io-9060-exec-10] o.s.jdbc.core.JdbcTemplate               : Executing prepared SQL statement [SELECT TOP 1 Id_Vendedor, Nombre, CodEmpleado FROM dbo.tbl_Vendedor WHERE Id_Vendedor = ? AND ISNULL(E_Eliminado,0)=0]
2026-08-05 17:41:21.735 DEBUG 548 --- [nio-9060-exec-4] o.s.jdbc.datasource.DataSourceUtils      : Fetching JDBC Connection from DataSource
2026-08-05 17:41:21.735 DEBUG 548 --- [io-9060-exec-10] o.s.jdbc.datasource.DataSourceUtils      : Fetching JDBC Connection from DataSource
2026-08-05 17:41:21.742 DEBUG 548 --- [nio-9060-exec-4] o.s.jdbc.core.JdbcTemplate               : Executing prepared SQL query
2026-08-05 17:41:21.742 DEBUG 548 --- [io-9060-exec-10] o.s.jdbc.core.JdbcTemplate               : Executing prepared SQL query
2026-08-05 17:41:21.742 DEBUG 548 --- [nio-9060-exec-4] o.s.jdbc.core.JdbcTemplate               : Executing prepared SQL statement [SELECT TOP 1 Id_Vendedor, Nombre, CodEmpleado FROM dbo.tbl_Vendedor WHERE Id_Vendedor = ? AND ISNULL(E_Eliminado,0)=0]
2026-08-05 17:41:21.742 DEBUG 548 --- [io-9060-exec-10] o.s.jdbc.core.JdbcTemplate               : Executing prepared SQL statement [SELECT TOP 1 Id_Vendedor, Nombre, CodEmpleado FROM dbo.tbl_Vendedor WHERE Id_Vendedor = ? AND ISNULL(E_Eliminado,0)=0]
2026-08-05 17:41:21.743 DEBUG 548 --- [nio-9060-exec-4] o.s.jdbc.datasource.DataSourceUtils      : Fetching JDBC Connection from DataSource
2026-08-05 17:41:21.743 DEBUG 548 --- [io-9060-exec-10] o.s.jdbc.datasource.DataSourceUtils      : Fetching JDBC Connection from DataSource
2026-08-05 17:41:21.751 DEBUG 548 --- [nio-9060-exec-4] o.s.jdbc.core.JdbcTemplate               : Executing prepared SQL query
2026-08-05 17:41:21.752 DEBUG 548 --- [nio-9060-exec-4] o.s.jdbc.core.JdbcTemplate               : Executing prepared SQL statement [SELECT TOP 1 Id_Vendedor, Nombre, CodEmpleado FROM dbo.tbl_Vendedor WHERE Id_Vendedor = ? AND ISNULL(E_Eliminado,0)=0]
2026-08-05 17:41:21.752 DEBUG 548 --- [io-9060-exec-10] o.s.jdbc.core.JdbcTemplate               : Executing prepared SQL query
2026-08-05 17:41:21.752 DEBUG 548 --- [nio-9060-exec-4] o.s.jdbc.datasource.DataSourceUtils      : Fetching JDBC Connection from DataSource
2026-08-05 17:41:21.752 DEBUG 548 --- [io-9060-exec-10] o.s.jdbc.core.JdbcTemplate               : Executing prepared SQL statement [SELECT TOP 1 Id_Vendedor, Nombre, CodEmpleado FROM dbo.tbl_Vendedor WHERE Id_Vendedor = ? AND ISNULL(E_Eliminado,0)=0]
2026-08-05 17:41:21.753 DEBUG 548 --- [io-9060-exec-10] o.s.jdbc.datasource.DataSourceUtils      : Fetching JDBC Connection from DataSource
2026-08-05 17:41:21.757 DEBUG 548 --- [nio-9060-exec-4] o.s.jdbc.core.JdbcTemplate               : Executing prepared SQL query
2026-08-05 17:41:21.757 DEBUG 548 --- [nio-9060-exec-4] o.s.jdbc.core.JdbcTemplate               : Executing prepared SQL statement [SELECT TOP 1 Id_Vendedor, Nombre, CodEmpleado FROM dbo.tbl_Vendedor WHERE Id_Vendedor = ? AND ISNULL(E_Eliminado,0)=0]
2026-08-05 17:41:21.758 DEBUG 548 --- [io-9060-exec-10] o.s.jdbc.core.JdbcTemplate               : Executing prepared SQL query
2026-08-05 17:41:21.758 DEBUG 548 --- [nio-9060-exec-4] o.s.jdbc.datasource.DataSourceUtils      : Fetching JDBC Connection from DataSource
2026-08-05 17:41:21.758 DEBUG 548 --- [io-9060-exec-10] o.s.jdbc.core.JdbcTemplate               : Executing prepared SQL statement [SELECT TOP 1 Id_Vendedor, Nombre, CodEmpleado FROM dbo.tbl_Vendedor WHERE Id_Vendedor = ? AND ISNULL(E_Eliminado,0)=0]
2026-08-05 17:41:21.758 DEBUG 548 --- [io-9060-exec-10] o.s.jdbc.datasource.DataSourceUtils      : Fetching JDBC Connection from DataSource
2026-08-05 17:41:21.762 DEBUG 548 --- [nio-9060-exec-4] o.s.jdbc.core.JdbcTemplate               : Executing prepared SQL query
2026-08-05 17:41:21.762 DEBUG 548 --- [nio-9060-exec-4] o.s.jdbc.core.JdbcTemplate               : Executing prepared SQL statement [SELECT TOP 1 Id_Vendedor, Nombre, CodEmpleado FROM dbo.tbl_Vendedor WHERE Id_Vendedor = ? AND ISNULL(E_Eliminado,0)=0]
2026-08-05 17:41:21.762 DEBUG 548 --- [nio-9060-exec-4] o.s.jdbc.datasource.DataSourceUtils      : Fetching JDBC Connection from DataSource
2026-08-05 17:41:21.763 DEBUG 548 --- [io-9060-exec-10] o.s.jdbc.core.JdbcTemplate               : Executing prepared SQL query
2026-08-05 17:41:21.764 DEBUG 548 --- [io-9060-exec-10] o.s.jdbc.core.JdbcTemplate               : Executing prepared SQL statement [SELECT TOP 1 Id_Vendedor, Nombre, CodEmpleado FROM dbo.tbl_Vendedor WHERE Id_Vendedor = ? AND ISNULL(E_Eliminado,0)=0]
2026-08-05 17:41:21.764 DEBUG 548 --- [io-9060-exec-10] o.s.jdbc.datasource.DataSourceUtils      : Fetching JDBC Connection from DataSource
2026-08-05 17:41:21.772 DEBUG 548 --- [nio-9060-exec-4] o.s.jdbc.core.JdbcTemplate               : Executing prepared SQL query
2026-08-05 17:41:21.772 DEBUG 548 --- [nio-9060-exec-4] o.s.jdbc.core.JdbcTemplate               : Executing prepared SQL statement [SELECT TOP 1 Id_Vendedor, Nombre, CodEmpleado FROM dbo.tbl_Vendedor WHERE Id_Vendedor = ? AND ISNULL(E_Eliminado,0)=0]
2026-08-05 17:41:21.772 DEBUG 548 --- [io-9060-exec-10] o.s.jdbc.core.JdbcTemplate               : Executing prepared SQL query
2026-08-05 17:41:21.773 DEBUG 548 --- [nio-9060-exec-4] o.s.jdbc.datasource.DataSourceUtils      : Fetching JDBC Connection from DataSource
2026-08-05 17:41:21.773 DEBUG 548 --- [io-9060-exec-10] o.s.jdbc.core.JdbcTemplate               : Executing prepared SQL statement [SELECT TOP 1 Id_Vendedor, Nombre, CodEmpleado FROM dbo.tbl_Vendedor WHERE Id_Vendedor = ? AND ISNULL(E_Eliminado,0)=0]
2026-08-05 17:41:21.773 DEBUG 548 --- [io-9060-exec-10] o.s.jdbc.datasource.DataSourceUtils      : Fetching JDBC Connection from DataSource
2026-08-05 17:41:21.783 DEBUG 548 --- [io-9060-exec-10] o.s.jdbc.core.JdbcTemplate               : Executing prepared SQL query
2026-08-05 17:41:21.783 DEBUG 548 --- [nio-9060-exec-4] o.s.w.s.m.m.a.HttpEntityMethodProcessor  : Using 'application/json', given [application/json, text/plain, */*] and supported [application/json, application/*+json, application/json, application/*+json]
2026-08-05 17:41:21.783 DEBUG 548 --- [io-9060-exec-10] o.s.jdbc.core.JdbcTemplate               : Executing prepared SQL statement [SELECT TOP 1 Id_Vendedor, Nombre, CodEmpleado FROM dbo.tbl_Vendedor WHERE Id_Vendedor = ? AND ISNULL(E_Eliminado,0)=0]
2026-08-05 17:41:21.783 DEBUG 548 --- [nio-9060-exec-4] o.s.w.s.m.m.a.HttpEntityMethodProcessor  : Writing [com.example.TigoStarSystem.common.ApiResponse@4bc1cce6]
2026-08-05 17:41:21.784 DEBUG 548 --- [io-9060-exec-10] o.s.jdbc.datasource.DataSourceUtils      : Fetching JDBC Connection from DataSource
2026-08-05 17:41:21.785 DEBUG 548 --- [nio-9060-exec-4] o.s.web.servlet.DispatcherServlet        : Completed 200 OK
2026-08-05 17:41:21.837 DEBUG 548 --- [io-9060-exec-10] o.s.jdbc.core.JdbcTemplate               : Executing prepared SQL query
2026-08-05 17:41:21.837 DEBUG 548 --- [io-9060-exec-10] o.s.jdbc.core.JdbcTemplate               : Executing prepared SQL statement [SELECT TOP 1 Id_Vendedor, Nombre, CodEmpleado FROM dbo.tbl_Vendedor WHERE Id_Vendedor = ? AND ISNULL(E_Eliminado,0)=0]
2026-08-05 17:41:21.838 DEBUG 548 --- [io-9060-exec-10] o.s.jdbc.datasource.DataSourceUtils      : Fetching JDBC Connection from DataSource
2026-08-05 17:41:21.844 DEBUG 548 --- [io-9060-exec-10] o.s.jdbc.core.JdbcTemplate               : Executing prepared SQL query
2026-08-05 17:41:21.844 DEBUG 548 --- [io-9060-exec-10] o.s.jdbc.core.JdbcTemplate               : Executing prepared SQL statement [SELECT TOP 1 Id_Vendedor, Nombre, CodEmpleado FROM dbo.tbl_Vendedor WHERE Id_Vendedor = ? AND ISNULL(E_Eliminado,0)=0]
2026-08-05 17:41:21.845 DEBUG 548 --- [io-9060-exec-10] o.s.jdbc.datasource.DataSourceUtils      : Fetching JDBC Connection from DataSource
2026-08-05 17:41:21.849 DEBUG 548 --- [io-9060-exec-10] o.s.jdbc.core.JdbcTemplate               : Executing prepared SQL query
2026-08-05 17:41:21.849 DEBUG 548 --- [io-9060-exec-10] o.s.jdbc.core.JdbcTemplate               : Executing prepared SQL statement [SELECT TOP 1 Id_Vendedor, Nombre, CodEmpleado FROM dbo.tbl_Vendedor WHERE Id_Vendedor = ? AND ISNULL(E_Eliminado,0)=0]
2026-08-05 17:41:21.849 DEBUG 548 --- [io-9060-exec-10] o.s.jdbc.datasource.DataSourceUtils      : Fetching JDBC Connection from DataSource
2026-08-05 17:41:21.854 DEBUG 548 --- [io-9060-exec-10] o.s.jdbc.core.JdbcTemplate               : Executing prepared SQL query
2026-08-05 17:41:21.854 DEBUG 548 --- [io-9060-exec-10] o.s.jdbc.core.JdbcTemplate               : Executing prepared SQL statement [SELECT TOP 1 Id_Vendedor, Nombre, CodEmpleado FROM dbo.tbl_Vendedor WHERE Id_Vendedor = ? AND ISNULL(E_Eliminado,0)=0]
2026-08-05 17:41:21.854 DEBUG 548 --- [io-9060-exec-10] o.s.jdbc.datasource.DataSourceUtils      : Fetching JDBC Connection from DataSource
2026-08-05 17:41:21.859 DEBUG 548 --- [io-9060-exec-10] o.s.jdbc.core.JdbcTemplate               : Executing prepared SQL query
2026-08-05 17:41:21.859 DEBUG 548 --- [io-9060-exec-10] o.s.jdbc.core.JdbcTemplate               : Executing prepared SQL statement [SELECT TOP 1 Id_Vendedor, Nombre, CodEmpleado FROM dbo.tbl_Vendedor WHERE Id_Vendedor = ? AND ISNULL(E_Eliminado,0)=0]
2026-08-05 17:41:21.860 DEBUG 548 --- [io-9060-exec-10] o.s.jdbc.datasource.DataSourceUtils      : Fetching JDBC Connection from DataSource
2026-08-05 17:41:21.866 DEBUG 548 --- [io-9060-exec-10] o.s.jdbc.core.JdbcTemplate               : Executing prepared SQL query
2026-08-05 17:41:21.867 DEBUG 548 --- [io-9060-exec-10] o.s.jdbc.core.JdbcTemplate               : Executing prepared SQL statement [SELECT TOP 1 Id_Vendedor, Nombre, CodEmpleado FROM dbo.tbl_Vendedor WHERE Id_Vendedor = ? AND ISNULL(E_Eliminado,0)=0]
2026-08-05 17:41:21.867 DEBUG 548 --- [io-9060-exec-10] o.s.jdbc.datasource.DataSourceUtils      : Fetching JDBC Connection from DataSource
2026-08-05 17:41:21.880 DEBUG 548 --- [io-9060-exec-10] o.s.jdbc.core.JdbcTemplate               : Executing prepared SQL query
2026-08-05 17:41:21.880 DEBUG 548 --- [io-9060-exec-10] o.s.jdbc.core.JdbcTemplate               : Executing prepared SQL statement [SELECT TOP 1 Id_Vendedor, Nombre, CodEmpleado FROM dbo.tbl_Vendedor WHERE Id_Vendedor = ? AND ISNULL(E_Eliminado,0)=0]
2026-08-05 17:41:21.881 DEBUG 548 --- [io-9060-exec-10] o.s.jdbc.datasource.DataSourceUtils      : Fetching JDBC Connection from DataSource
2026-08-05 17:41:21.892 DEBUG 548 --- [io-9060-exec-10] o.s.jdbc.core.JdbcTemplate               : Executing prepared SQL query
2026-08-05 17:41:21.893 DEBUG 548 --- [io-9060-exec-10] o.s.jdbc.core.JdbcTemplate               : Executing prepared SQL statement [SELECT TOP 1 Id_Vendedor, Nombre, CodEmpleado FROM dbo.tbl_Vendedor WHERE Id_Vendedor = ? AND ISNULL(E_Eliminado,0)=0]
2026-08-05 17:41:21.893 DEBUG 548 --- [io-9060-exec-10] o.s.jdbc.datasource.DataSourceUtils      : Fetching JDBC Connection from DataSource
2026-08-05 17:41:21.914 DEBUG 548 --- [io-9060-exec-10] o.s.jdbc.core.JdbcTemplate               : Executing prepared SQL query
2026-08-05 17:41:21.915 DEBUG 548 --- [io-9060-exec-10] o.s.jdbc.core.JdbcTemplate               : Executing prepared SQL statement [SELECT TOP 1 Id_Vendedor, Nombre, CodEmpleado FROM dbo.tbl_Vendedor WHERE Id_Vendedor = ? AND ISNULL(E_Eliminado,0)=0]
2026-08-05 17:41:21.915 DEBUG 548 --- [io-9060-exec-10] o.s.jdbc.datasource.DataSourceUtils      : Fetching JDBC Connection from DataSource
2026-08-05 17:41:21.921 DEBUG 548 --- [io-9060-exec-10] o.s.jdbc.core.JdbcTemplate               : Executing prepared SQL query
2026-08-05 17:41:21.922 DEBUG 548 --- [io-9060-exec-10] o.s.jdbc.core.JdbcTemplate               : Executing prepared SQL statement [SELECT TOP 1 Id_Vendedor, Nombre, CodEmpleado FROM dbo.tbl_Vendedor WHERE Id_Vendedor = ? AND ISNULL(E_Eliminado,0)=0]
2026-08-05 17:41:21.922 DEBUG 548 --- [io-9060-exec-10] o.s.jdbc.datasource.DataSourceUtils      : Fetching JDBC Connection from DataSource
2026-08-05 17:41:21.937 DEBUG 548 --- [io-9060-exec-10] o.s.jdbc.core.JdbcTemplate               : Executing prepared SQL query
2026-08-05 17:41:21.938 DEBUG 548 --- [io-9060-exec-10] o.s.jdbc.core.JdbcTemplate               : Executing prepared SQL statement [SELECT TOP 1 Id_Vendedor, Nombre, CodEmpleado FROM dbo.tbl_Vendedor WHERE Id_Vendedor = ? AND ISNULL(E_Eliminado,0)=0]
2026-08-05 17:41:21.938 DEBUG 548 --- [io-9060-exec-10] o.s.jdbc.datasource.DataSourceUtils      : Fetching JDBC Connection from DataSource
2026-08-05 17:41:21.942 DEBUG 548 --- [io-9060-exec-10] o.s.jdbc.core.JdbcTemplate               : Executing prepared SQL query
2026-08-05 17:41:21.942 DEBUG 548 --- [io-9060-exec-10] o.s.jdbc.core.JdbcTemplate               : Executing prepared SQL statement [SELECT TOP 1 Id_Vendedor, Nombre, CodEmpleado FROM dbo.tbl_Vendedor WHERE Id_Vendedor = ? AND ISNULL(E_Eliminado,0)=0]
2026-08-05 17:41:21.943 DEBUG 548 --- [io-9060-exec-10] o.s.jdbc.datasource.DataSourceUtils      : Fetching JDBC Connection from DataSource
2026-08-05 17:41:21.951 DEBUG 548 --- [io-9060-exec-10] o.s.jdbc.core.JdbcTemplate               : Executing prepared SQL query
2026-08-05 17:41:21.951 DEBUG 548 --- [io-9060-exec-10] o.s.jdbc.core.JdbcTemplate               : Executing prepared SQL statement [EXEC dbo.spy_REV_PENALIZADA ?]
2026-08-05 17:41:21.952 DEBUG 548 --- [io-9060-exec-10] o.s.jdbc.datasource.DataSourceUtils      : Fetching JDBC Connection from DataSource
2026-08-05 17:41:23.304 DEBUG 548 --- [nio-9060-exec-9] o.s.web.servlet.DispatcherServlet        : GET "/supervisor/supervision/jornadas/431/imagen?miniatura=true", parameters={masked}
2026-08-05 17:41:23.306 DEBUG 548 --- [nio-9060-exec-9] s.w.s.m.m.a.RequestMappingHandlerMapping : Mapped to com.example.TigoStarSystem.supervision.controller.SupervisionController#obtenerImagenJornada(String, Integer, boolean)
2026-08-05 17:41:23.307 DEBUG 548 --- [nio-9060-exec-6] o.s.web.servlet.DispatcherServlet        : GET "/supervisor/supervision/jornadas/424/imagen?miniatura=true", parameters={masked}
2026-08-05 17:41:23.309 DEBUG 548 --- [nio-9060-exec-6] s.w.s.m.m.a.RequestMappingHandlerMapping : Mapped to com.example.TigoStarSystem.supervision.controller.SupervisionController#obtenerImagenJornada(String, Integer, boolean)
2026-08-05 17:41:23.320 DEBUG 548 --- [nio-9060-exec-7] o.s.web.servlet.DispatcherServlet        : GET "/supervisor/supervision/jornadas/419/imagen?miniatura=true", parameters={masked}
2026-08-05 17:41:23.320 DEBUG 548 --- [nio-9060-exec-5] o.s.web.servlet.DispatcherServlet        : GET "/supervisor/supervision/jornadas/420/imagen?miniatura=true", parameters={masked}
2026-08-05 17:41:23.322 DEBUG 548 --- [nio-9060-exec-9] o.s.jdbc.core.JdbcTemplate               : Executing prepared SQL query
2026-08-05 17:41:23.322 DEBUG 548 --- [nio-9060-exec-6] o.s.jdbc.core.JdbcTemplate               : Executing prepared SQL query
2026-08-05 17:41:23.323 DEBUG 548 --- [nio-9060-exec-7] s.w.s.m.m.a.RequestMappingHandlerMapping : Mapped to com.example.TigoStarSystem.supervision.controller.SupervisionController#obtenerImagenJornada(String, Integer, boolean)
2026-08-05 17:41:23.323 DEBUG 548 --- [nio-9060-exec-5] s.w.s.m.m.a.RequestMappingHandlerMapping : Mapped to com.example.TigoStarSystem.supervision.controller.SupervisionController#obtenerImagenJornada(String, Integer, boolean)
2026-08-05 17:41:23.323 DEBUG 548 --- [nio-9060-exec-9] o.s.jdbc.core.JdbcTemplate               : Executing prepared SQL statement [SELECT imagen FROM dbo.tbl_InicioJornadaAlturas WHERE id_inicio = ? AND ISNULL(e_eliminado, 0) = 0]
2026-08-05 17:41:23.324 DEBUG 548 --- [nio-9060-exec-6] o.s.jdbc.core.JdbcTemplate               : Executing prepared SQL statement [SELECT imagen FROM dbo.tbl_InicioJornadaAlturas WHERE id_inicio = ? AND ISNULL(e_eliminado, 0) = 0]
2026-08-05 17:41:23.325 DEBUG 548 --- [nio-9060-exec-9] o.s.jdbc.datasource.DataSourceUtils      : Fetching JDBC Connection from DataSource
2026-08-05 17:41:23.325 DEBUG 548 --- [nio-9060-exec-6] o.s.jdbc.datasource.DataSourceUtils      : Fetching JDBC Connection from DataSource
2026-08-05 17:41:23.328 DEBUG 548 --- [nio-9060-exec-7] o.s.jdbc.core.JdbcTemplate               : Executing prepared SQL query
2026-08-05 17:41:23.328 DEBUG 548 --- [nio-9060-exec-5] o.s.jdbc.core.JdbcTemplate               : Executing prepared SQL query
2026-08-05 17:41:23.329 DEBUG 548 --- [nio-9060-exec-7] o.s.jdbc.core.JdbcTemplate               : Executing prepared SQL statement [SELECT imagen FROM dbo.tbl_InicioJornadaAlturas WHERE id_inicio = ? AND ISNULL(e_eliminado, 0) = 0]
2026-08-05 17:41:23.329 DEBUG 548 --- [nio-9060-exec-5] o.s.jdbc.core.JdbcTemplate               : Executing prepared SQL statement [SELECT imagen FROM dbo.tbl_InicioJornadaAlturas WHERE id_inicio = ? AND ISNULL(e_eliminado, 0) = 0]
2026-08-05 17:41:23.330 DEBUG 548 --- [nio-9060-exec-7] o.s.jdbc.datasource.DataSourceUtils      : Fetching JDBC Connection from DataSource
2026-08-05 17:41:23.330 DEBUG 548 --- [nio-9060-exec-5] o.s.jdbc.datasource.DataSourceUtils      : Fetching JDBC Connection from DataSource
2026-08-05 17:41:23.372 DEBUG 548 --- [onnection adder] com.zaxxer.hikari.pool.HikariPool        : TigoHogarHikariPool - Added connection net.sourceforge.jtds.jdbc.JtdsConnection@cb9fe43
2026-08-05 17:41:23.388 DEBUG 548 --- [ool housekeeper] com.zaxxer.hikari.pool.HikariPool        : CentralHikariPool - Before cleanup stats (total=1, active=1, idle=0, waiting=0)
2026-08-05 17:41:23.389 DEBUG 548 --- [ool housekeeper] com.zaxxer.hikari.pool.HikariPool        : CentralHikariPool - After cleanup  stats (total=1, active=1, idle=0, waiting=0)
2026-08-05 17:41:23.389 DEBUG 548 --- [ool housekeeper] com.zaxxer.hikari.pool.HikariPool        : CentralHikariPool - Fill pool skipped, pool is at sufficient level.
2026-08-05 17:41:23.482 DEBUG 548 --- [l-1 housekeeper] com.zaxxer.hikari.pool.HikariPool        : HikariPool-1 - Before cleanup stats (total=3, active=0, idle=3, waiting=0)
2026-08-05 17:41:23.482 DEBUG 548 --- [onnection adder] com.zaxxer.hikari.pool.HikariPool        : TigoHogarHikariPool - Added connection net.sourceforge.jtds.jdbc.JtdsConnection@49bb61b0
2026-08-05 17:41:23.483 DEBUG 548 --- [l-1 housekeeper] com.zaxxer.hikari.pool.HikariPool        : HikariPool-1 - After cleanup  stats (total=3, active=0, idle=3, waiting=0)
2026-08-05 17:41:23.483 DEBUG 548 --- [l-1 housekeeper] com.zaxxer.hikari.pool.HikariPool        : HikariPool-1 - Fill pool skipped, pool is at sufficient level.
2026-08-05 17:41:23.762 DEBUG 548 --- [ool housekeeper] com.zaxxer.hikari.pool.HikariPool        : TigoHogarHikariPool - Before cleanup stats (total=5, active=5, idle=0, waiting=0)
2026-08-05 17:41:23.762 DEBUG 548 --- [ool housekeeper] com.zaxxer.hikari.pool.HikariPool        : TigoHogarHikariPool - After cleanup  stats (total=5, active=5, idle=0, waiting=0)
2026-08-05 17:41:23.762 DEBUG 548 --- [ool housekeeper] com.zaxxer.hikari.pool.HikariPool        : TigoHogarHikariPool - Fill pool skipped, pool is at sufficient level.
2026-08-05 17:41:24.682 DEBUG 548 --- [nio-9060-exec-6] o.s.w.s.m.m.a.HttpEntityMethodProcessor  : Found 'Content-Type:image/jpeg' in response
2026-08-05 17:41:24.685 DEBUG 548 --- [nio-9060-exec-6] o.s.w.s.m.m.a.HttpEntityMethodProcessor  : Writing [{-1, -40, -1, -32, 0, 16, 74, 70, 73, 70, 0, 1, 2, 0, 0, 1, 0, 1, 0, 0, -1, -37, 0, 67, 0, 8, 6, 6,  (truncated)...]
2026-08-05 17:41:24.686 DEBUG 548 --- [nio-9060-exec-6] o.s.web.servlet.DispatcherServlet        : Completed 200 OK
2026-08-05 17:41:24.694 DEBUG 548 --- [nio-9060-exec-8] o.s.web.servlet.DispatcherServlet        : GET "/supervisor/supervision/jornadas/414/imagen?miniatura=true", parameters={masked}
2026-08-05 17:41:24.696 DEBUG 548 --- [nio-9060-exec-8] s.w.s.m.m.a.RequestMappingHandlerMapping : Mapped to com.example.TigoStarSystem.supervision.controller.SupervisionController#obtenerImagenJornada(String, Integer, boolean)
2026-08-05 17:41:24.700 DEBUG 548 --- [nio-9060-exec-8] o.s.jdbc.core.JdbcTemplate               : Executing prepared SQL query
2026-08-05 17:41:24.700 DEBUG 548 --- [nio-9060-exec-8] o.s.jdbc.core.JdbcTemplate               : Executing prepared SQL statement [SELECT imagen FROM dbo.tbl_InicioJornadaAlturas WHERE id_inicio = ? AND ISNULL(e_eliminado, 0) = 0]
2026-08-05 17:41:24.701 DEBUG 548 --- [nio-9060-exec-8] o.s.jdbc.datasource.DataSourceUtils      : Fetching JDBC Connection from DataSource
2026-08-05 17:41:26.288 DEBUG 548 --- [nio-9060-exec-9] o.s.w.s.m.m.a.HttpEntityMethodProcessor  : Found 'Content-Type:image/jpeg' in response
2026-08-05 17:41:26.291 DEBUG 548 --- [nio-9060-exec-9] o.s.w.s.m.m.a.HttpEntityMethodProcessor  : Writing [{-1, -40, -1, -32, 0, 16, 74, 70, 73, 70, 0, 1, 2, 0, 0, 1, 0, 1, 0, 0, -1, -37, 0, 67, 0, 8, 6, 6,  (truncated)...]
2026-08-05 17:41:26.291 DEBUG 548 --- [nio-9060-exec-9] o.s.web.servlet.DispatcherServlet        : Completed 200 OK
2026-08-05 17:41:26.298 DEBUG 548 --- [nio-9060-exec-1] o.s.web.servlet.DispatcherServlet        : GET "/supervisor/supervision/jornadas/413/imagen?miniatura=true", parameters={masked}
2026-08-05 17:41:26.299 DEBUG 548 --- [nio-9060-exec-1] s.w.s.m.m.a.RequestMappingHandlerMapping : Mapped to com.example.TigoStarSystem.supervision.controller.SupervisionController#obtenerImagenJornada(String, Integer, boolean)
2026-08-05 17:41:26.303 DEBUG 548 --- [nio-9060-exec-1] o.s.jdbc.core.JdbcTemplate               : Executing prepared SQL query
2026-08-05 17:41:26.303 DEBUG 548 --- [nio-9060-exec-1] o.s.jdbc.core.JdbcTemplate               : Executing prepared SQL statement [SELECT imagen FROM dbo.tbl_InicioJornadaAlturas WHERE id_inicio = ? AND ISNULL(e_eliminado, 0) = 0]
2026-08-05 17:41:26.304 DEBUG 548 --- [nio-9060-exec-1] o.s.jdbc.datasource.DataSourceUtils      : Fetching JDBC Connection from DataSource
2026-08-05 17:41:26.759 DEBUG 548 --- [nio-9060-exec-5] o.s.w.s.m.m.a.HttpEntityMethodProcessor  : Found 'Content-Type:image/jpeg' in response
2026-08-05 17:41:26.760 DEBUG 548 --- [nio-9060-exec-5] o.s.w.s.m.m.a.HttpEntityMethodProcessor  : Writing [{-1, -40, -1, -32, 0, 16, 74, 70, 73, 70, 0, 1, 2, 0, 0, 1, 0, 1, 0, 0, -1, -37, 0, 67, 0, 8, 6, 6,  (truncated)...]
2026-08-05 17:41:26.761 DEBUG 548 --- [nio-9060-exec-5] o.s.web.servlet.DispatcherServlet        : Completed 200 OK
2026-08-05 17:41:26.767 DEBUG 548 --- [nio-9060-exec-2] o.s.web.servlet.DispatcherServlet        : GET "/supervisor/supervision/jornadas/408/imagen?miniatura=true", parameters={masked}
2026-08-05 17:41:26.768 DEBUG 548 --- [nio-9060-exec-2] s.w.s.m.m.a.RequestMappingHandlerMapping : Mapped to com.example.TigoStarSystem.supervision.controller.SupervisionController#obtenerImagenJornada(String, Integer, boolean)
2026-08-05 17:41:26.772 DEBUG 548 --- [nio-9060-exec-2] o.s.jdbc.core.JdbcTemplate               : Executing prepared SQL query
2026-08-05 17:41:26.772 DEBUG 548 --- [nio-9060-exec-2] o.s.jdbc.core.JdbcTemplate               : Executing prepared SQL statement [SELECT imagen FROM dbo.tbl_InicioJornadaAlturas WHERE id_inicio = ? AND ISNULL(e_eliminado, 0) = 0]
2026-08-05 17:41:26.773 DEBUG 548 --- [nio-9060-exec-2] o.s.jdbc.datasource.DataSourceUtils      : Fetching JDBC Connection from DataSource
2026-08-05 17:41:27.163 DEBUG 548 --- [nio-9060-exec-8] o.s.w.s.m.m.a.HttpEntityMethodProcessor  : Found 'Content-Type:image/jpeg' in response
2026-08-05 17:41:27.165 DEBUG 548 --- [nio-9060-exec-8] o.s.w.s.m.m.a.HttpEntityMethodProcessor  : Writing [{-1, -40, -1, -32, 0, 16, 74, 70, 73, 70, 0, 1, 2, 0, 0, 1, 0, 1, 0, 0, -1, -37, 0, 67, 0, 8, 6, 6,  (truncated)...]
2026-08-05 17:41:27.166 DEBUG 548 --- [nio-9060-exec-8] o.s.web.servlet.DispatcherServlet        : Completed 200 OK
2026-08-05 17:41:27.172 DEBUG 548 --- [nio-9060-exec-4] o.s.web.servlet.DispatcherServlet        : GET "/supervisor/supervision/jornadas/401/imagen?miniatura=true", parameters={masked}
2026-08-05 17:41:27.174 DEBUG 548 --- [nio-9060-exec-4] s.w.s.m.m.a.RequestMappingHandlerMapping : Mapped to com.example.TigoStarSystem.supervision.controller.SupervisionController#obtenerImagenJornada(String, Integer, boolean)
2026-08-05 17:41:27.178 DEBUG 548 --- [nio-9060-exec-4] o.s.jdbc.core.JdbcTemplate               : Executing prepared SQL query
2026-08-05 17:41:27.178 DEBUG 548 --- [nio-9060-exec-4] o.s.jdbc.core.JdbcTemplate               : Executing prepared SQL statement [SELECT imagen FROM dbo.tbl_InicioJornadaAlturas WHERE id_inicio = ? AND ISNULL(e_eliminado, 0) = 0]
2026-08-05 17:41:27.179 DEBUG 548 --- [nio-9060-exec-4] o.s.jdbc.datasource.DataSourceUtils      : Fetching JDBC Connection from DataSource
2026-08-05 17:41:27.395 DEBUG 548 --- [io-9060-exec-10] o.s.jdbc.core.JdbcTemplate               : Executing SQL query [EXEC dbo.spx_ObtenerSucursalesConexion]
2026-08-05 17:41:27.395 DEBUG 548 --- [io-9060-exec-10] o.s.jdbc.datasource.DataSourceUtils      : Fetching JDBC Connection from DataSource
2026-08-05 17:41:27.464 DEBUG 548 --- [io-9060-exec-10] o.s.jdbc.core.JdbcTemplate               : Executing SQL query [SELECT DISTINCT   g.id_grupo,   g.nombre AS grupo,   dg.id_usuario_tecnico AS idUsuarioTecnico,   COALESCE(CAST(v.Id_Vendedor AS INT), CAST(ut.id_Vendedor AS INT), CAST(dg.id_usuario_tecnico AS INT)) AS idTecnico,   COALESCE(NULLIF(LTRIM(RTRIM(v.Nombre)), ''), 'Tecnico ' + CONVERT(NVARCHAR(20), COALESCE(v.Id_Vendedor, ut.id_Vendedor, dg.id_usuario_tecnico))) AS tecnico,   CAST(v.CodEmpleado AS NVARCHAR(100)) AS codigo,   CAST(v.CodEmpleado AS NVARCHAR(100)) AS codEmpleado FROM dbo.tbl_Grupo g INNER JOIN dbo.tbl_DetalleGrupo dg ON dg.id_grupo = g.id_grupo LEFT JOIN dbo.tbl_UsuarioTecnico ut ON ut.id = dg.id_usuario_tecnico AND ISNULL(ut.e_eliminado, 0) = 0 LEFT JOIN dbo.tbl_Vendedor v ON v.Id_Vendedor = ut.id_Vendedor AND ISNULL(v.E_Eliminado, 0) = 0 WHERE ISNULL(g.e_eliminado, 0) = 0   AND COALESCE(CAST(v.Id_Vendedor AS INT), CAST(ut.id_Vendedor AS INT), CAST(dg.id_usuario_tecnico AS INT)) > 0 ORDER BY tecnico, idTecnico]
2026-08-05 17:41:27.465 DEBUG 548 --- [io-9060-exec-10] o.s.jdbc.datasource.DataSourceUtils      : Fetching JDBC Connection from DataSource
2026-08-05 17:41:27.523 DEBUG 548 --- [io-9060-exec-10] o.s.jdbc.core.JdbcTemplate               : Executing SQL query [SELECT   CAST(v.Id_Vendedor AS INT) AS idTecnico,   CAST(v.Id_Vendedor AS INT) AS id_tecnico,   CAST(v.Nombre AS NVARCHAR(200)) AS tecnico,   CAST(v.CodEmpleado AS NVARCHAR(100)) AS codigo,   CAST(v.CodEmpleado AS NVARCHAR(100)) AS codEmpleado FROM dbo.tbl_Vendedor v WHERE ISNULL(v.E_Eliminado, 0) = 0   AND v.Id_Vendedor IS NOT NULL ORDER BY v.Nombre, v.Id_Vendedor]
2026-08-05 17:41:27.524 DEBUG 548 --- [io-9060-exec-10] o.s.jdbc.datasource.DataSourceUtils      : Fetching JDBC Connection from DataSource
2026-08-05 17:41:27.555 DEBUG 548 --- [io-9060-exec-10] o.s.jdbc.core.JdbcTemplate               : Executing prepared SQL query
2026-08-05 17:41:27.555 DEBUG 548 --- [io-9060-exec-10] o.s.jdbc.core.JdbcTemplate               : Executing prepared SQL statement [SELECT TOP 1 Id_Vendedor, Nombre, CodEmpleado FROM dbo.tbl_Vendedor WHERE Id_Vendedor = ? AND ISNULL(E_Eliminado,0)=0]
2026-08-05 17:41:27.556 DEBUG 548 --- [io-9060-exec-10] o.s.jdbc.datasource.DataSourceUtils      : Fetching JDBC Connection from DataSource
2026-08-05 17:41:27.589 DEBUG 548 --- [io-9060-exec-10] o.s.jdbc.core.JdbcTemplate               : Executing prepared SQL query
2026-08-05 17:41:27.590 DEBUG 548 --- [io-9060-exec-10] o.s.jdbc.core.JdbcTemplate               : Executing prepared SQL statement [SELECT TOP 1 Id_Vendedor, Nombre, CodEmpleado FROM dbo.tbl_Vendedor WHERE Id_Vendedor = ? AND ISNULL(E_Eliminado,0)=0]
2026-08-05 17:41:27.590 DEBUG 548 --- [io-9060-exec-10] o.s.jdbc.datasource.DataSourceUtils      : Fetching JDBC Connection from DataSource
2026-08-05 17:41:27.623 DEBUG 548 --- [io-9060-exec-10] o.s.jdbc.core.JdbcTemplate               : Executing prepared SQL query
2026-08-05 17:41:27.624 DEBUG 548 --- [io-9060-exec-10] o.s.jdbc.core.JdbcTemplate               : Executing prepared SQL statement [SELECT TOP 1 Id_Vendedor, Nombre, CodEmpleado FROM dbo.tbl_Vendedor WHERE Id_Vendedor = ? AND ISNULL(E_Eliminado,0)=0]
2026-08-05 17:41:27.624 DEBUG 548 --- [io-9060-exec-10] o.s.jdbc.datasource.DataSourceUtils      : Fetching JDBC Connection from DataSource
2026-08-05 17:41:27.655 DEBUG 548 --- [io-9060-exec-10] o.s.jdbc.core.JdbcTemplate               : Executing prepared SQL query
2026-08-05 17:41:27.656 DEBUG 548 --- [io-9060-exec-10] o.s.jdbc.core.JdbcTemplate               : Executing prepared SQL statement [SELECT TOP 1 Id_Vendedor, Nombre, CodEmpleado FROM dbo.tbl_Vendedor WHERE Id_Vendedor = ? AND ISNULL(E_Eliminado,0)=0]
2026-08-05 17:41:27.656 DEBUG 548 --- [io-9060-exec-10] o.s.jdbc.datasource.DataSourceUtils      : Fetching JDBC Connection from DataSource
2026-08-05 17:41:27.688 DEBUG 548 --- [io-9060-exec-10] o.s.jdbc.core.JdbcTemplate               : Executing prepared SQL query
2026-08-05 17:41:27.689 DEBUG 548 --- [io-9060-exec-10] o.s.jdbc.core.JdbcTemplate               : Executing prepared SQL statement [SELECT TOP 1 Id_Vendedor, Nombre, CodEmpleado FROM dbo.tbl_Vendedor WHERE Id_Vendedor = ? AND ISNULL(E_Eliminado,0)=0]
2026-08-05 17:41:27.689 DEBUG 548 --- [io-9060-exec-10] o.s.jdbc.datasource.DataSourceUtils      : Fetching JDBC Connection from DataSource
2026-08-05 17:41:27.723 DEBUG 548 --- [io-9060-exec-10] o.s.jdbc.core.JdbcTemplate               : Executing prepared SQL query
2026-08-05 17:41:27.724 DEBUG 548 --- [io-9060-exec-10] o.s.jdbc.core.JdbcTemplate               : Executing prepared SQL statement [SELECT TOP 1 Id_Vendedor, Nombre, CodEmpleado FROM dbo.tbl_Vendedor WHERE Id_Vendedor = ? AND ISNULL(E_Eliminado,0)=0]
2026-08-05 17:41:27.724 DEBUG 548 --- [io-9060-exec-10] o.s.jdbc.datasource.DataSourceUtils      : Fetching JDBC Connection from DataSource
2026-08-05 17:41:27.756 DEBUG 548 --- [io-9060-exec-10] o.s.jdbc.core.JdbcTemplate               : Executing prepared SQL query
2026-08-05 17:41:27.757 DEBUG 548 --- [io-9060-exec-10] o.s.jdbc.core.JdbcTemplate               : Executing prepared SQL statement [SELECT TOP 1 Id_Vendedor, Nombre, CodEmpleado FROM dbo.tbl_Vendedor WHERE Id_Vendedor = ? AND ISNULL(E_Eliminado,0)=0]
2026-08-05 17:41:27.757 DEBUG 548 --- [io-9060-exec-10] o.s.jdbc.datasource.DataSourceUtils      : Fetching JDBC Connection from DataSource
2026-08-05 17:41:27.795 DEBUG 548 --- [io-9060-exec-10] o.s.jdbc.core.JdbcTemplate               : Executing prepared SQL query
2026-08-05 17:41:27.795 DEBUG 548 --- [io-9060-exec-10] o.s.jdbc.core.JdbcTemplate               : Executing prepared SQL statement [SELECT TOP 1 Id_Vendedor, Nombre, CodEmpleado FROM dbo.tbl_Vendedor WHERE Id_Vendedor = ? AND ISNULL(E_Eliminado,0)=0]
2026-08-05 17:41:27.795 DEBUG 548 --- [io-9060-exec-10] o.s.jdbc.datasource.DataSourceUtils      : Fetching JDBC Connection from DataSource
2026-08-05 17:41:27.833 DEBUG 548 --- [io-9060-exec-10] o.s.jdbc.core.JdbcTemplate               : Executing prepared SQL query
2026-08-05 17:41:27.834 DEBUG 548 --- [io-9060-exec-10] o.s.jdbc.core.JdbcTemplate               : Executing prepared SQL statement [SELECT TOP 1 Id_Vendedor, Nombre, CodEmpleado FROM dbo.tbl_Vendedor WHERE Id_Vendedor = ? AND ISNULL(E_Eliminado,0)=0]
2026-08-05 17:41:27.835 DEBUG 548 --- [io-9060-exec-10] o.s.jdbc.datasource.DataSourceUtils      : Fetching JDBC Connection from DataSource
2026-08-05 17:41:27.869 DEBUG 548 --- [io-9060-exec-10] o.s.jdbc.core.JdbcTemplate               : Executing prepared SQL query
2026-08-05 17:41:27.870 DEBUG 548 --- [io-9060-exec-10] o.s.jdbc.core.JdbcTemplate               : Executing prepared SQL statement [SELECT TOP 1 Id_Vendedor, Nombre, CodEmpleado FROM dbo.tbl_Vendedor WHERE Id_Vendedor = ? AND ISNULL(E_Eliminado,0)=0]
2026-08-05 17:41:27.870 DEBUG 548 --- [io-9060-exec-10] o.s.jdbc.datasource.DataSourceUtils      : Fetching JDBC Connection from DataSource
2026-08-05 17:41:27.906 DEBUG 548 --- [io-9060-exec-10] o.s.jdbc.core.JdbcTemplate               : Executing prepared SQL query
2026-08-05 17:41:27.906 DEBUG 548 --- [io-9060-exec-10] o.s.jdbc.core.JdbcTemplate               : Executing prepared SQL statement [SELECT TOP 1 Id_Vendedor, Nombre, CodEmpleado FROM dbo.tbl_Vendedor WHERE Id_Vendedor = ? AND ISNULL(E_Eliminado,0)=0]
2026-08-05 17:41:27.906 DEBUG 548 --- [io-9060-exec-10] o.s.jdbc.datasource.DataSourceUtils      : Fetching JDBC Connection from DataSource
2026-08-05 17:41:27.940 DEBUG 548 --- [io-9060-exec-10] o.s.jdbc.core.JdbcTemplate               : Executing prepared SQL query
2026-08-05 17:41:27.941 DEBUG 548 --- [io-9060-exec-10] o.s.jdbc.core.JdbcTemplate               : Executing prepared SQL statement [SELECT TOP 1 Id_Vendedor, Nombre, CodEmpleado FROM dbo.tbl_Vendedor WHERE Id_Vendedor = ? AND ISNULL(E_Eliminado,0)=0]
2026-08-05 17:41:27.941 DEBUG 548 --- [io-9060-exec-10] o.s.jdbc.datasource.DataSourceUtils      : Fetching JDBC Connection from DataSource
2026-08-05 17:41:27.972 DEBUG 548 --- [io-9060-exec-10] o.s.jdbc.core.JdbcTemplate               : Executing prepared SQL query
2026-08-05 17:41:27.973 DEBUG 548 --- [io-9060-exec-10] o.s.jdbc.core.JdbcTemplate               : Executing prepared SQL statement [SELECT TOP 1 Id_Vendedor, Nombre, CodEmpleado FROM dbo.tbl_Vendedor WHERE Id_Vendedor = ? AND ISNULL(E_Eliminado,0)=0]
2026-08-05 17:41:27.973 DEBUG 548 --- [io-9060-exec-10] o.s.jdbc.datasource.DataSourceUtils      : Fetching JDBC Connection from DataSource
2026-08-05 17:41:28.010 DEBUG 548 --- [io-9060-exec-10] o.s.jdbc.core.JdbcTemplate               : Executing prepared SQL query
2026-08-05 17:41:28.010 DEBUG 548 --- [io-9060-exec-10] o.s.jdbc.core.JdbcTemplate               : Executing prepared SQL statement [SELECT TOP 1 Id_Vendedor, Nombre, CodEmpleado FROM dbo.tbl_Vendedor WHERE Id_Vendedor = ? AND ISNULL(E_Eliminado,0)=0]
2026-08-05 17:41:28.010 DEBUG 548 --- [io-9060-exec-10] o.s.jdbc.datasource.DataSourceUtils      : Fetching JDBC Connection from DataSource
2026-08-05 17:41:28.048 DEBUG 548 --- [io-9060-exec-10] o.s.jdbc.core.JdbcTemplate               : Executing prepared SQL query
2026-08-05 17:41:28.048 DEBUG 548 --- [io-9060-exec-10] o.s.jdbc.core.JdbcTemplate               : Executing prepared SQL statement [SELECT TOP 1 Id_Vendedor, Nombre, CodEmpleado FROM dbo.tbl_Vendedor WHERE Id_Vendedor = ? AND ISNULL(E_Eliminado,0)=0]
2026-08-05 17:41:28.048 DEBUG 548 --- [io-9060-exec-10] o.s.jdbc.datasource.DataSourceUtils      : Fetching JDBC Connection from DataSource
2026-08-05 17:41:28.083 DEBUG 548 --- [io-9060-exec-10] o.s.jdbc.core.JdbcTemplate               : Executing prepared SQL query
2026-08-05 17:41:28.084 DEBUG 548 --- [io-9060-exec-10] o.s.jdbc.core.JdbcTemplate               : Executing prepared SQL statement [SELECT TOP 1 Id_Vendedor, Nombre, CodEmpleado FROM dbo.tbl_Vendedor WHERE Id_Vendedor = ? AND ISNULL(E_Eliminado,0)=0]
2026-08-05 17:41:28.084 DEBUG 548 --- [io-9060-exec-10] o.s.jdbc.datasource.DataSourceUtils      : Fetching JDBC Connection from DataSource
2026-08-05 17:41:28.119 DEBUG 548 --- [io-9060-exec-10] o.s.jdbc.core.JdbcTemplate               : Executing prepared SQL query
2026-08-05 17:41:28.119 DEBUG 548 --- [io-9060-exec-10] o.s.jdbc.core.JdbcTemplate               : Executing prepared SQL statement [SELECT TOP 1 Id_Vendedor, Nombre, CodEmpleado FROM dbo.tbl_Vendedor WHERE Id_Vendedor = ? AND ISNULL(E_Eliminado,0)=0]
2026-08-05 17:41:28.120 DEBUG 548 --- [io-9060-exec-10] o.s.jdbc.datasource.DataSourceUtils      : Fetching JDBC Connection from DataSource
2026-08-05 17:41:28.156 DEBUG 548 --- [io-9060-exec-10] o.s.jdbc.core.JdbcTemplate               : Executing prepared SQL query
2026-08-05 17:41:28.157 DEBUG 548 --- [io-9060-exec-10] o.s.jdbc.core.JdbcTemplate               : Executing prepared SQL statement [SELECT TOP 1 Id_Vendedor, Nombre, CodEmpleado FROM dbo.tbl_Vendedor WHERE Id_Vendedor = ? AND ISNULL(E_Eliminado,0)=0]
2026-08-05 17:41:28.157 DEBUG 548 --- [io-9060-exec-10] o.s.jdbc.datasource.DataSourceUtils      : Fetching JDBC Connection from DataSource
2026-08-05 17:41:28.190 DEBUG 548 --- [io-9060-exec-10] o.s.jdbc.core.JdbcTemplate               : Executing prepared SQL query
2026-08-05 17:41:28.190 DEBUG 548 --- [io-9060-exec-10] o.s.jdbc.core.JdbcTemplate               : Executing prepared SQL statement [SELECT TOP 1 Id_Vendedor, Nombre, CodEmpleado FROM dbo.tbl_Vendedor WHERE Id_Vendedor = ? AND ISNULL(E_Eliminado,0)=0]
2026-08-05 17:41:28.191 DEBUG 548 --- [io-9060-exec-10] o.s.jdbc.datasource.DataSourceUtils      : Fetching JDBC Connection from DataSource
2026-08-05 17:41:28.225 DEBUG 548 --- [io-9060-exec-10] o.s.jdbc.core.JdbcTemplate               : Executing prepared SQL query
2026-08-05 17:41:28.225 DEBUG 548 --- [io-9060-exec-10] o.s.jdbc.core.JdbcTemplate               : Executing prepared SQL statement [SELECT TOP 1 Id_Vendedor, Nombre, CodEmpleado FROM dbo.tbl_Vendedor WHERE Id_Vendedor = ? AND ISNULL(E_Eliminado,0)=0]
2026-08-05 17:41:28.225 DEBUG 548 --- [io-9060-exec-10] o.s.jdbc.datasource.DataSourceUtils      : Fetching JDBC Connection from DataSource
2026-08-05 17:41:28.262 DEBUG 548 --- [io-9060-exec-10] o.s.jdbc.core.JdbcTemplate               : Executing prepared SQL query
2026-08-05 17:41:28.263 DEBUG 548 --- [io-9060-exec-10] o.s.jdbc.core.JdbcTemplate               : Executing prepared SQL statement [SELECT TOP 1 Id_Vendedor, Nombre, CodEmpleado FROM dbo.tbl_Vendedor WHERE Id_Vendedor = ? AND ISNULL(E_Eliminado,0)=0]
2026-08-05 17:41:28.263 DEBUG 548 --- [io-9060-exec-10] o.s.jdbc.datasource.DataSourceUtils      : Fetching JDBC Connection from DataSource
2026-08-05 17:41:28.295 DEBUG 548 --- [io-9060-exec-10] o.s.jdbc.core.JdbcTemplate               : Executing prepared SQL query
2026-08-05 17:41:28.296 DEBUG 548 --- [io-9060-exec-10] o.s.jdbc.core.JdbcTemplate               : Executing prepared SQL statement [SELECT TOP 1 Id_Vendedor, Nombre, CodEmpleado FROM dbo.tbl_Vendedor WHERE Id_Vendedor = ? AND ISNULL(E_Eliminado,0)=0]
2026-08-05 17:41:28.297 DEBUG 548 --- [io-9060-exec-10] o.s.jdbc.datasource.DataSourceUtils      : Fetching JDBC Connection from DataSource
2026-08-05 17:41:28.334 DEBUG 548 --- [io-9060-exec-10] o.s.jdbc.core.JdbcTemplate               : Executing prepared SQL query
2026-08-05 17:41:28.335 DEBUG 548 --- [io-9060-exec-10] o.s.jdbc.core.JdbcTemplate               : Executing prepared SQL statement [SELECT TOP 1 Id_Vendedor, Nombre, CodEmpleado FROM dbo.tbl_Vendedor WHERE Id_Vendedor = ? AND ISNULL(E_Eliminado,0)=0]
2026-08-05 17:41:28.335 DEBUG 548 --- [io-9060-exec-10] o.s.jdbc.datasource.DataSourceUtils      : Fetching JDBC Connection from DataSource
2026-08-05 17:41:28.370 DEBUG 548 --- [io-9060-exec-10] o.s.jdbc.core.JdbcTemplate               : Executing prepared SQL query
2026-08-05 17:41:28.371 DEBUG 548 --- [io-9060-exec-10] o.s.jdbc.core.JdbcTemplate               : Executing prepared SQL statement [SELECT TOP 1 Id_Vendedor, Nombre, CodEmpleado FROM dbo.tbl_Vendedor WHERE Id_Vendedor = ? AND ISNULL(E_Eliminado,0)=0]
2026-08-05 17:41:28.371 DEBUG 548 --- [io-9060-exec-10] o.s.jdbc.datasource.DataSourceUtils      : Fetching JDBC Connection from DataSource
2026-08-05 17:41:28.407 DEBUG 548 --- [io-9060-exec-10] o.s.jdbc.core.JdbcTemplate               : Executing prepared SQL query
2026-08-05 17:41:28.408 DEBUG 548 --- [io-9060-exec-10] o.s.jdbc.core.JdbcTemplate               : Executing prepared SQL statement [SELECT TOP 1 Id_Vendedor, Nombre, CodEmpleado FROM dbo.tbl_Vendedor WHERE Id_Vendedor = ? AND ISNULL(E_Eliminado,0)=0]
2026-08-05 17:41:28.408 DEBUG 548 --- [io-9060-exec-10] o.s.jdbc.datasource.DataSourceUtils      : Fetching JDBC Connection from DataSource
2026-08-05 17:41:28.444 DEBUG 548 --- [io-9060-exec-10] o.s.jdbc.core.JdbcTemplate               : Executing prepared SQL query
2026-08-05 17:41:28.444 DEBUG 548 --- [io-9060-exec-10] o.s.jdbc.core.JdbcTemplate               : Executing prepared SQL statement [SELECT TOP 1 Id_Vendedor, Nombre, CodEmpleado FROM dbo.tbl_Vendedor WHERE Id_Vendedor = ? AND ISNULL(E_Eliminado,0)=0]
2026-08-05 17:41:28.445 DEBUG 548 --- [io-9060-exec-10] o.s.jdbc.datasource.DataSourceUtils      : Fetching JDBC Connection from DataSource
2026-08-05 17:41:28.481 DEBUG 548 --- [io-9060-exec-10] o.s.jdbc.core.JdbcTemplate               : Executing prepared SQL query
2026-08-05 17:41:28.482 DEBUG 548 --- [io-9060-exec-10] o.s.jdbc.core.JdbcTemplate               : Executing prepared SQL statement [SELECT TOP 1 Id_Vendedor, Nombre, CodEmpleado FROM dbo.tbl_Vendedor WHERE Id_Vendedor = ? AND ISNULL(E_Eliminado,0)=0]
2026-08-05 17:41:28.482 DEBUG 548 --- [io-9060-exec-10] o.s.jdbc.datasource.DataSourceUtils      : Fetching JDBC Connection from DataSource
2026-08-05 17:41:28.515 DEBUG 548 --- [io-9060-exec-10] o.s.jdbc.core.JdbcTemplate               : Executing prepared SQL query
2026-08-05 17:41:28.516 DEBUG 548 --- [io-9060-exec-10] o.s.jdbc.core.JdbcTemplate               : Executing prepared SQL statement [SELECT TOP 1 Id_Vendedor, Nombre, CodEmpleado FROM dbo.tbl_Vendedor WHERE Id_Vendedor = ? AND ISNULL(E_Eliminado,0)=0]
2026-08-05 17:41:28.517 DEBUG 548 --- [io-9060-exec-10] o.s.jdbc.datasource.DataSourceUtils      : Fetching JDBC Connection from DataSource
2026-08-05 17:41:28.550 DEBUG 548 --- [io-9060-exec-10] o.s.jdbc.core.JdbcTemplate               : Executing prepared SQL query
2026-08-05 17:41:28.551 DEBUG 548 --- [io-9060-exec-10] o.s.jdbc.core.JdbcTemplate               : Executing prepared SQL statement [SELECT TOP 1 Id_Vendedor, Nombre, CodEmpleado FROM dbo.tbl_Vendedor WHERE Id_Vendedor = ? AND ISNULL(E_Eliminado,0)=0]
2026-08-05 17:41:28.551 DEBUG 548 --- [io-9060-exec-10] o.s.jdbc.datasource.DataSourceUtils      : Fetching JDBC Connection from DataSource
2026-08-05 17:41:28.585 DEBUG 548 --- [io-9060-exec-10] o.s.jdbc.core.JdbcTemplate               : Executing prepared SQL query
2026-08-05 17:41:28.585 DEBUG 548 --- [io-9060-exec-10] o.s.jdbc.core.JdbcTemplate               : Executing prepared SQL statement [SELECT TOP 1 Id_Vendedor, Nombre, CodEmpleado FROM dbo.tbl_Vendedor WHERE Id_Vendedor = ? AND ISNULL(E_Eliminado,0)=0]
2026-08-05 17:41:28.586 DEBUG 548 --- [io-9060-exec-10] o.s.jdbc.datasource.DataSourceUtils      : Fetching JDBC Connection from DataSource
2026-08-05 17:41:28.619 DEBUG 548 --- [io-9060-exec-10] o.s.jdbc.core.JdbcTemplate               : Executing prepared SQL query
2026-08-05 17:41:28.620 DEBUG 548 --- [io-9060-exec-10] o.s.jdbc.core.JdbcTemplate               : Executing prepared SQL statement [SELECT TOP 1 Id_Vendedor, Nombre, CodEmpleado FROM dbo.tbl_Vendedor WHERE Id_Vendedor = ? AND ISNULL(E_Eliminado,0)=0]
2026-08-05 17:41:28.620 DEBUG 548 --- [io-9060-exec-10] o.s.jdbc.datasource.DataSourceUtils      : Fetching JDBC Connection from DataSource
2026-08-05 17:41:28.655 DEBUG 548 --- [io-9060-exec-10] o.s.jdbc.core.JdbcTemplate               : Executing prepared SQL query
2026-08-05 17:41:28.656 DEBUG 548 --- [io-9060-exec-10] o.s.jdbc.core.JdbcTemplate               : Executing prepared SQL statement [SELECT TOP 1 Id_Vendedor, Nombre, CodEmpleado FROM dbo.tbl_Vendedor WHERE Id_Vendedor = ? AND ISNULL(E_Eliminado,0)=0]
2026-08-05 17:41:28.656 DEBUG 548 --- [io-9060-exec-10] o.s.jdbc.datasource.DataSourceUtils      : Fetching JDBC Connection from DataSource
2026-08-05 17:41:28.694 DEBUG 548 --- [io-9060-exec-10] o.s.jdbc.core.JdbcTemplate               : Executing prepared SQL query
2026-08-05 17:41:28.695 DEBUG 548 --- [io-9060-exec-10] o.s.jdbc.core.JdbcTemplate               : Executing prepared SQL statement [SELECT TOP 1 Id_Vendedor, Nombre, CodEmpleado FROM dbo.tbl_Vendedor WHERE Id_Vendedor = ? AND ISNULL(E_Eliminado,0)=0]
2026-08-05 17:41:28.695 DEBUG 548 --- [io-9060-exec-10] o.s.jdbc.datasource.DataSourceUtils      : Fetching JDBC Connection from DataSource
2026-08-05 17:41:28.728 DEBUG 548 --- [io-9060-exec-10] o.s.jdbc.core.JdbcTemplate               : Executing prepared SQL query
2026-08-05 17:41:28.729 DEBUG 548 --- [io-9060-exec-10] o.s.jdbc.core.JdbcTemplate               : Executing prepared SQL statement [SELECT TOP 1 Id_Vendedor, Nombre, CodEmpleado FROM dbo.tbl_Vendedor WHERE Id_Vendedor = ? AND ISNULL(E_Eliminado,0)=0]
2026-08-05 17:41:28.729 DEBUG 548 --- [io-9060-exec-10] o.s.jdbc.datasource.DataSourceUtils      : Fetching JDBC Connection from DataSource
2026-08-05 17:41:28.763 DEBUG 548 --- [io-9060-exec-10] o.s.jdbc.core.JdbcTemplate               : Executing prepared SQL query
2026-08-05 17:41:28.763 DEBUG 548 --- [io-9060-exec-10] o.s.jdbc.core.JdbcTemplate               : Executing prepared SQL statement [SELECT TOP 1 Id_Vendedor, Nombre, CodEmpleado FROM dbo.tbl_Vendedor WHERE Id_Vendedor = ? AND ISNULL(E_Eliminado,0)=0]
2026-08-05 17:41:28.764 DEBUG 548 --- [io-9060-exec-10] o.s.jdbc.datasource.DataSourceUtils      : Fetching JDBC Connection from DataSource
2026-08-05 17:41:28.796 DEBUG 548 --- [io-9060-exec-10] o.s.jdbc.core.JdbcTemplate               : Executing prepared SQL query
2026-08-05 17:41:28.797 DEBUG 548 --- [io-9060-exec-10] o.s.jdbc.core.JdbcTemplate               : Executing prepared SQL statement [SELECT TOP 1 Id_Vendedor, Nombre, CodEmpleado FROM dbo.tbl_Vendedor WHERE Id_Vendedor = ? AND ISNULL(E_Eliminado,0)=0]
2026-08-05 17:41:28.797 DEBUG 548 --- [io-9060-exec-10] o.s.jdbc.datasource.DataSourceUtils      : Fetching JDBC Connection from DataSource
2026-08-05 17:41:28.835 DEBUG 548 --- [io-9060-exec-10] o.s.jdbc.core.JdbcTemplate               : Executing prepared SQL query
2026-08-05 17:41:28.836 DEBUG 548 --- [io-9060-exec-10] o.s.jdbc.core.JdbcTemplate               : Executing prepared SQL statement [SELECT TOP 1 Id_Vendedor, Nombre, CodEmpleado FROM dbo.tbl_Vendedor WHERE Id_Vendedor = ? AND ISNULL(E_Eliminado,0)=0]
2026-08-05 17:41:28.836 DEBUG 548 --- [io-9060-exec-10] o.s.jdbc.datasource.DataSourceUtils      : Fetching JDBC Connection from DataSource
2026-08-05 17:41:28.869 DEBUG 548 --- [io-9060-exec-10] o.s.jdbc.core.JdbcTemplate               : Executing prepared SQL query
2026-08-05 17:41:28.870 DEBUG 548 --- [io-9060-exec-10] o.s.jdbc.core.JdbcTemplate               : Executing prepared SQL statement [SELECT TOP 1 Id_Vendedor, Nombre, CodEmpleado FROM dbo.tbl_Vendedor WHERE Id_Vendedor = ? AND ISNULL(E_Eliminado,0)=0]
2026-08-05 17:41:28.870 DEBUG 548 --- [io-9060-exec-10] o.s.jdbc.datasource.DataSourceUtils      : Fetching JDBC Connection from DataSource
2026-08-05 17:41:28.903 DEBUG 548 --- [io-9060-exec-10] o.s.jdbc.core.JdbcTemplate               : Executing prepared SQL query
2026-08-05 17:41:28.903 DEBUG 548 --- [io-9060-exec-10] o.s.jdbc.core.JdbcTemplate               : Executing prepared SQL statement [SELECT TOP 1 Id_Vendedor, Nombre, CodEmpleado FROM dbo.tbl_Vendedor WHERE Id_Vendedor = ? AND ISNULL(E_Eliminado,0)=0]
2026-08-05 17:41:28.904 DEBUG 548 --- [io-9060-exec-10] o.s.jdbc.datasource.DataSourceUtils      : Fetching JDBC Connection from DataSource
2026-08-05 17:41:28.940 DEBUG 548 --- [io-9060-exec-10] o.s.jdbc.core.JdbcTemplate               : Executing prepared SQL query
2026-08-05 17:41:28.941 DEBUG 548 --- [io-9060-exec-10] o.s.jdbc.core.JdbcTemplate               : Executing prepared SQL statement [SELECT TOP 1 Id_Vendedor, Nombre, CodEmpleado FROM dbo.tbl_Vendedor WHERE Id_Vendedor = ? AND ISNULL(E_Eliminado,0)=0]
2026-08-05 17:41:28.941 DEBUG 548 --- [io-9060-exec-10] o.s.jdbc.datasource.DataSourceUtils      : Fetching JDBC Connection from DataSource
2026-08-05 17:41:28.975 DEBUG 548 --- [io-9060-exec-10] o.s.jdbc.core.JdbcTemplate               : Executing prepared SQL query
2026-08-05 17:41:28.976 DEBUG 548 --- [io-9060-exec-10] o.s.jdbc.core.JdbcTemplate               : Executing prepared SQL statement [SELECT TOP 1 Id_Vendedor, Nombre, CodEmpleado FROM dbo.tbl_Vendedor WHERE Id_Vendedor = ? AND ISNULL(E_Eliminado,0)=0]
2026-08-05 17:41:28.977 DEBUG 548 --- [io-9060-exec-10] o.s.jdbc.datasource.DataSourceUtils      : Fetching JDBC Connection from DataSource
2026-08-05 17:41:29.009 DEBUG 548 --- [io-9060-exec-10] o.s.jdbc.core.JdbcTemplate               : Executing prepared SQL query
2026-08-05 17:41:29.009 DEBUG 548 --- [io-9060-exec-10] o.s.jdbc.core.JdbcTemplate               : Executing prepared SQL statement [SELECT TOP 1 Id_Vendedor, Nombre, CodEmpleado FROM dbo.tbl_Vendedor WHERE Id_Vendedor = ? AND ISNULL(E_Eliminado,0)=0]
2026-08-05 17:41:29.010 DEBUG 548 --- [io-9060-exec-10] o.s.jdbc.datasource.DataSourceUtils      : Fetching JDBC Connection from DataSource
2026-08-05 17:41:29.049 DEBUG 548 --- [io-9060-exec-10] o.s.jdbc.core.JdbcTemplate               : Executing prepared SQL query
2026-08-05 17:41:29.050 DEBUG 548 --- [io-9060-exec-10] o.s.jdbc.core.JdbcTemplate               : Executing prepared SQL statement [SELECT TOP 1 Id_Vendedor, Nombre, CodEmpleado FROM dbo.tbl_Vendedor WHERE Id_Vendedor = ? AND ISNULL(E_Eliminado,0)=0]
2026-08-05 17:41:29.050 DEBUG 548 --- [io-9060-exec-10] o.s.jdbc.datasource.DataSourceUtils      : Fetching JDBC Connection from DataSource
2026-08-05 17:41:29.093 DEBUG 548 --- [io-9060-exec-10] o.s.jdbc.core.JdbcTemplate               : Executing prepared SQL query
2026-08-05 17:41:29.093 DEBUG 548 --- [io-9060-exec-10] o.s.jdbc.core.JdbcTemplate               : Executing prepared SQL statement [SELECT TOP 1 Id_Vendedor, Nombre, CodEmpleado FROM dbo.tbl_Vendedor WHERE Id_Vendedor = ? AND ISNULL(E_Eliminado,0)=0]
2026-08-05 17:41:29.093 DEBUG 548 --- [io-9060-exec-10] o.s.jdbc.datasource.DataSourceUtils      : Fetching JDBC Connection from DataSource
2026-08-05 17:41:29.127 DEBUG 548 --- [io-9060-exec-10] o.s.jdbc.core.JdbcTemplate               : Executing prepared SQL query
2026-08-05 17:41:29.127 DEBUG 548 --- [io-9060-exec-10] o.s.jdbc.core.JdbcTemplate               : Executing prepared SQL statement [SELECT TOP 1 Id_Vendedor, Nombre, CodEmpleado FROM dbo.tbl_Vendedor WHERE Id_Vendedor = ? AND ISNULL(E_Eliminado,0)=0]
2026-08-05 17:41:29.127 DEBUG 548 --- [io-9060-exec-10] o.s.jdbc.datasource.DataSourceUtils      : Fetching JDBC Connection from DataSource
2026-08-05 17:41:29.169 DEBUG 548 --- [io-9060-exec-10] o.s.jdbc.core.JdbcTemplate               : Executing prepared SQL query
2026-08-05 17:41:29.169 DEBUG 548 --- [io-9060-exec-10] o.s.jdbc.core.JdbcTemplate               : Executing prepared SQL statement [SELECT TOP 1 Id_Vendedor, Nombre, CodEmpleado FROM dbo.tbl_Vendedor WHERE Id_Vendedor = ? AND ISNULL(E_Eliminado,0)=0]
2026-08-05 17:41:29.170 DEBUG 548 --- [io-9060-exec-10] o.s.jdbc.datasource.DataSourceUtils      : Fetching JDBC Connection from DataSource
2026-08-05 17:41:29.211 DEBUG 548 --- [io-9060-exec-10] o.s.jdbc.core.JdbcTemplate               : Executing prepared SQL query
2026-08-05 17:41:29.212 DEBUG 548 --- [io-9060-exec-10] o.s.jdbc.core.JdbcTemplate               : Executing prepared SQL statement [SELECT TOP 1 Id_Vendedor, Nombre, CodEmpleado FROM dbo.tbl_Vendedor WHERE Id_Vendedor = ? AND ISNULL(E_Eliminado,0)=0]
2026-08-05 17:41:29.212 DEBUG 548 --- [io-9060-exec-10] o.s.jdbc.datasource.DataSourceUtils      : Fetching JDBC Connection from DataSource
2026-08-05 17:41:29.256 DEBUG 548 --- [io-9060-exec-10] o.s.jdbc.core.JdbcTemplate               : Executing prepared SQL query
2026-08-05 17:41:29.257 DEBUG 548 --- [io-9060-exec-10] o.s.jdbc.core.JdbcTemplate               : Executing prepared SQL statement [SELECT TOP 1 Id_Vendedor, Nombre, CodEmpleado FROM dbo.tbl_Vendedor WHERE Id_Vendedor = ? AND ISNULL(E_Eliminado,0)=0]
2026-08-05 17:41:29.258 DEBUG 548 --- [io-9060-exec-10] o.s.jdbc.datasource.DataSourceUtils      : Fetching JDBC Connection from DataSource
2026-08-05 17:41:29.302 DEBUG 548 --- [io-9060-exec-10] o.s.jdbc.core.JdbcTemplate               : Executing prepared SQL query
2026-08-05 17:41:29.302 DEBUG 548 --- [io-9060-exec-10] o.s.jdbc.core.JdbcTemplate               : Executing prepared SQL statement [SELECT TOP 1 Id_Vendedor, Nombre, CodEmpleado FROM dbo.tbl_Vendedor WHERE Id_Vendedor = ? AND ISNULL(E_Eliminado,0)=0]
2026-08-05 17:41:29.303 DEBUG 548 --- [io-9060-exec-10] o.s.jdbc.datasource.DataSourceUtils      : Fetching JDBC Connection from DataSource
2026-08-05 17:41:29.342 DEBUG 548 --- [io-9060-exec-10] o.s.jdbc.core.JdbcTemplate               : Executing prepared SQL query
2026-08-05 17:41:29.342 DEBUG 548 --- [io-9060-exec-10] o.s.jdbc.core.JdbcTemplate               : Executing prepared SQL statement [SELECT TOP 1 Id_Vendedor, Nombre, CodEmpleado FROM dbo.tbl_Vendedor WHERE Id_Vendedor = ? AND ISNULL(E_Eliminado,0)=0]
2026-08-05 17:41:29.343 DEBUG 548 --- [io-9060-exec-10] o.s.jdbc.datasource.DataSourceUtils      : Fetching JDBC Connection from DataSource
2026-08-05 17:41:29.387 DEBUG 548 --- [io-9060-exec-10] o.s.jdbc.core.JdbcTemplate               : Executing prepared SQL query
2026-08-05 17:41:29.388 DEBUG 548 --- [io-9060-exec-10] o.s.jdbc.core.JdbcTemplate               : Executing prepared SQL statement [SELECT TOP 1 Id_Vendedor, Nombre, CodEmpleado FROM dbo.tbl_Vendedor WHERE Id_Vendedor = ? AND ISNULL(E_Eliminado,0)=0]
2026-08-05 17:41:29.388 DEBUG 548 --- [io-9060-exec-10] o.s.jdbc.datasource.DataSourceUtils      : Fetching JDBC Connection from DataSource
2026-08-05 17:41:29.427 DEBUG 548 --- [io-9060-exec-10] o.s.jdbc.core.JdbcTemplate               : Executing prepared SQL query
2026-08-05 17:41:29.428 DEBUG 548 --- [io-9060-exec-10] o.s.jdbc.core.JdbcTemplate               : Executing prepared SQL statement [SELECT TOP 1 Id_Vendedor, Nombre, CodEmpleado FROM dbo.tbl_Vendedor WHERE Id_Vendedor = ? AND ISNULL(E_Eliminado,0)=0]
2026-08-05 17:41:29.428 DEBUG 548 --- [io-9060-exec-10] o.s.jdbc.datasource.DataSourceUtils      : Fetching JDBC Connection from DataSource
2026-08-05 17:41:29.469 DEBUG 548 --- [io-9060-exec-10] o.s.jdbc.core.JdbcTemplate               : Executing prepared SQL query
2026-08-05 17:41:29.470 DEBUG 548 --- [io-9060-exec-10] o.s.jdbc.core.JdbcTemplate               : Executing prepared SQL statement [SELECT TOP 1 Id_Vendedor, Nombre, CodEmpleado FROM dbo.tbl_Vendedor WHERE Id_Vendedor = ? AND ISNULL(E_Eliminado,0)=0]
2026-08-05 17:41:29.470 DEBUG 548 --- [io-9060-exec-10] o.s.jdbc.datasource.DataSourceUtils      : Fetching JDBC Connection from DataSource
2026-08-05 17:41:29.513 DEBUG 548 --- [io-9060-exec-10] o.s.jdbc.core.JdbcTemplate               : Executing prepared SQL query
2026-08-05 17:41:29.513 DEBUG 548 --- [io-9060-exec-10] o.s.jdbc.core.JdbcTemplate               : Executing prepared SQL statement [SELECT TOP 1 Id_Vendedor, Nombre, CodEmpleado FROM dbo.tbl_Vendedor WHERE Id_Vendedor = ? AND ISNULL(E_Eliminado,0)=0]
2026-08-05 17:41:29.513 DEBUG 548 --- [io-9060-exec-10] o.s.jdbc.datasource.DataSourceUtils      : Fetching JDBC Connection from DataSource
2026-08-05 17:41:29.554 DEBUG 548 --- [io-9060-exec-10] o.s.jdbc.core.JdbcTemplate               : Executing prepared SQL query
2026-08-05 17:41:29.555 DEBUG 548 --- [io-9060-exec-10] o.s.jdbc.core.JdbcTemplate               : Executing prepared SQL statement [SELECT TOP 1 Id_Vendedor, Nombre, CodEmpleado FROM dbo.tbl_Vendedor WHERE Id_Vendedor = ? AND ISNULL(E_Eliminado,0)=0]
2026-08-05 17:41:29.555 DEBUG 548 --- [io-9060-exec-10] o.s.jdbc.datasource.DataSourceUtils      : Fetching JDBC Connection from DataSource
2026-08-05 17:41:29.595 DEBUG 548 --- [io-9060-exec-10] o.s.jdbc.core.JdbcTemplate               : Executing prepared SQL query
2026-08-05 17:41:29.596 DEBUG 548 --- [io-9060-exec-10] o.s.jdbc.core.JdbcTemplate               : Executing prepared SQL statement [SELECT TOP 1 Id_Vendedor, Nombre, CodEmpleado FROM dbo.tbl_Vendedor WHERE Id_Vendedor = ? AND ISNULL(E_Eliminado,0)=0]
2026-08-05 17:41:29.596 DEBUG 548 --- [io-9060-exec-10] o.s.jdbc.datasource.DataSourceUtils      : Fetching JDBC Connection from DataSource
2026-08-05 17:41:29.635 DEBUG 548 --- [io-9060-exec-10] o.s.jdbc.core.JdbcTemplate               : Executing prepared SQL query
2026-08-05 17:41:29.636 DEBUG 548 --- [io-9060-exec-10] o.s.jdbc.core.JdbcTemplate               : Executing prepared SQL statement [SELECT TOP 1 Id_Vendedor, Nombre, CodEmpleado FROM dbo.tbl_Vendedor WHERE Id_Vendedor = ? AND ISNULL(E_Eliminado,0)=0]
2026-08-05 17:41:29.636 DEBUG 548 --- [io-9060-exec-10] o.s.jdbc.datasource.DataSourceUtils      : Fetching JDBC Connection from DataSource
2026-08-05 17:41:29.645 DEBUG 548 --- [nio-9060-exec-4] o.s.w.s.m.m.a.HttpEntityMethodProcessor  : Found 'Content-Type:image/jpeg' in response
2026-08-05 17:41:29.646 DEBUG 548 --- [nio-9060-exec-4] o.s.w.s.m.m.a.HttpEntityMethodProcessor  : Writing [{-1, -40, -1, -32, 0, 16, 74, 70, 73, 70, 0, 1, 2, 0, 0, 1, 0, 1, 0, 0, -1, -37, 0, 67, 0, 8, 6, 6,  (truncated)...]
2026-08-05 17:41:29.647 DEBUG 548 --- [nio-9060-exec-4] o.s.web.servlet.DispatcherServlet        : Completed 200 OK
2026-08-05 17:41:29.653 DEBUG 548 --- [nio-9060-exec-6] o.s.web.servlet.DispatcherServlet        : GET "/supervisor/supervision/jornadas/398/imagen?miniatura=true", parameters={masked}
2026-08-05 17:41:29.654 DEBUG 548 --- [nio-9060-exec-6] s.w.s.m.m.a.RequestMappingHandlerMapping : Mapped to com.example.TigoStarSystem.supervision.controller.SupervisionController#obtenerImagenJornada(String, Integer, boolean)
2026-08-05 17:41:29.659 DEBUG 548 --- [nio-9060-exec-6] o.s.jdbc.core.JdbcTemplate               : Executing prepared SQL query
2026-08-05 17:41:29.659 DEBUG 548 --- [nio-9060-exec-6] o.s.jdbc.core.JdbcTemplate               : Executing prepared SQL statement [SELECT imagen FROM dbo.tbl_InicioJornadaAlturas WHERE id_inicio = ? AND ISNULL(e_eliminado, 0) = 0]
2026-08-05 17:41:29.660 DEBUG 548 --- [nio-9060-exec-6] o.s.jdbc.datasource.DataSourceUtils      : Fetching JDBC Connection from DataSource
2026-08-05 17:41:29.674 DEBUG 548 --- [io-9060-exec-10] o.s.jdbc.core.JdbcTemplate               : Executing prepared SQL query
2026-08-05 17:41:29.675 DEBUG 548 --- [io-9060-exec-10] o.s.jdbc.core.JdbcTemplate               : Executing prepared SQL statement [SELECT TOP 1 Id_Vendedor, Nombre, CodEmpleado FROM dbo.tbl_Vendedor WHERE Id_Vendedor = ? AND ISNULL(E_Eliminado,0)=0]
2026-08-05 17:41:29.675 DEBUG 548 --- [io-9060-exec-10] o.s.jdbc.datasource.DataSourceUtils      : Fetching JDBC Connection from DataSource
2026-08-05 17:41:29.714 DEBUG 548 --- [io-9060-exec-10] o.s.jdbc.core.JdbcTemplate               : Executing prepared SQL query
2026-08-05 17:41:29.714 DEBUG 548 --- [io-9060-exec-10] o.s.jdbc.core.JdbcTemplate               : Executing prepared SQL statement [SELECT TOP 1 Id_Vendedor, Nombre, CodEmpleado FROM dbo.tbl_Vendedor WHERE Id_Vendedor = ? AND ISNULL(E_Eliminado,0)=0]
2026-08-05 17:41:29.714 DEBUG 548 --- [io-9060-exec-10] o.s.jdbc.datasource.DataSourceUtils      : Fetching JDBC Connection from DataSource
2026-08-05 17:41:29.752 DEBUG 548 --- [io-9060-exec-10] o.s.jdbc.core.JdbcTemplate               : Executing prepared SQL query
2026-08-05 17:41:29.753 DEBUG 548 --- [io-9060-exec-10] o.s.jdbc.core.JdbcTemplate               : Executing prepared SQL statement [SELECT TOP 1 Id_Vendedor, Nombre, CodEmpleado FROM dbo.tbl_Vendedor WHERE Id_Vendedor = ? AND ISNULL(E_Eliminado,0)=0]
2026-08-05 17:41:29.754 DEBUG 548 --- [io-9060-exec-10] o.s.jdbc.datasource.DataSourceUtils      : Fetching JDBC Connection from DataSource
2026-08-05 17:41:29.792 DEBUG 548 --- [io-9060-exec-10] o.s.jdbc.core.JdbcTemplate               : Executing prepared SQL query
2026-08-05 17:41:29.793 DEBUG 548 --- [io-9060-exec-10] o.s.jdbc.core.JdbcTemplate               : Executing prepared SQL statement [SELECT TOP 1 Id_Vendedor, Nombre, CodEmpleado FROM dbo.tbl_Vendedor WHERE Id_Vendedor = ? AND ISNULL(E_Eliminado,0)=0]
2026-08-05 17:41:29.793 DEBUG 548 --- [io-9060-exec-10] o.s.jdbc.datasource.DataSourceUtils      : Fetching JDBC Connection from DataSource
2026-08-05 17:41:29.822 DEBUG 548 --- [nio-9060-exec-1] o.s.w.s.m.m.a.HttpEntityMethodProcessor  : Found 'Content-Type:image/jpeg' in response
2026-08-05 17:41:29.823 DEBUG 548 --- [nio-9060-exec-1] o.s.w.s.m.m.a.HttpEntityMethodProcessor  : Writing [{-1, -40, -1, -32, 0, 16, 74, 70, 73, 70, 0, 1, 2, 0, 0, 1, 0, 1, 0, 0, -1, -37, 0, 67, 0, 8, 6, 6,  (truncated)...]
2026-08-05 17:41:29.824 DEBUG 548 --- [nio-9060-exec-1] o.s.web.servlet.DispatcherServlet        : Completed 200 OK
2026-08-05 17:41:29.829 DEBUG 548 --- [nio-9060-exec-9] o.s.web.servlet.DispatcherServlet        : GET "/supervisor/supervision/jornadas/392/imagen?miniatura=true", parameters={masked}
2026-08-05 17:41:29.831 DEBUG 548 --- [nio-9060-exec-9] s.w.s.m.m.a.RequestMappingHandlerMapping : Mapped to com.example.TigoStarSystem.supervision.controller.SupervisionController#obtenerImagenJornada(String, Integer, boolean)
2026-08-05 17:41:29.833 DEBUG 548 --- [nio-9060-exec-9] o.s.jdbc.core.JdbcTemplate               : Executing prepared SQL query
2026-08-05 17:41:29.833 DEBUG 548 --- [nio-9060-exec-9] o.s.jdbc.core.JdbcTemplate               : Executing prepared SQL statement [SELECT imagen FROM dbo.tbl_InicioJornadaAlturas WHERE id_inicio = ? AND ISNULL(e_eliminado, 0) = 0]
2026-08-05 17:41:29.833 DEBUG 548 --- [nio-9060-exec-9] o.s.jdbc.datasource.DataSourceUtils      : Fetching JDBC Connection from DataSource
2026-08-05 17:41:29.835 DEBUG 548 --- [io-9060-exec-10] o.s.jdbc.core.JdbcTemplate               : Executing prepared SQL query
2026-08-05 17:41:29.836 DEBUG 548 --- [io-9060-exec-10] o.s.jdbc.core.JdbcTemplate               : Executing prepared SQL statement [SELECT TOP 1 Id_Vendedor, Nombre, CodEmpleado FROM dbo.tbl_Vendedor WHERE Id_Vendedor = ? AND ISNULL(E_Eliminado,0)=0]
2026-08-05 17:41:29.836 DEBUG 548 --- [io-9060-exec-10] o.s.jdbc.datasource.DataSourceUtils      : Fetching JDBC Connection from DataSource
2026-08-05 17:41:29.880 DEBUG 548 --- [io-9060-exec-10] o.s.jdbc.core.JdbcTemplate               : Executing prepared SQL query
2026-08-05 17:41:29.881 DEBUG 548 --- [io-9060-exec-10] o.s.jdbc.core.JdbcTemplate               : Executing prepared SQL statement [SELECT TOP 1 Id_Vendedor, Nombre, CodEmpleado FROM dbo.tbl_Vendedor WHERE Id_Vendedor = ? AND ISNULL(E_Eliminado,0)=0]
2026-08-05 17:41:29.881 DEBUG 548 --- [io-9060-exec-10] o.s.jdbc.datasource.DataSourceUtils      : Fetching JDBC Connection from DataSource
2026-08-05 17:41:29.919 DEBUG 548 --- [io-9060-exec-10] o.s.jdbc.core.JdbcTemplate               : Executing prepared SQL query
2026-08-05 17:41:29.920 DEBUG 548 --- [io-9060-exec-10] o.s.jdbc.core.JdbcTemplate               : Executing prepared SQL statement [SELECT TOP 1 Id_Vendedor, Nombre, CodEmpleado FROM dbo.tbl_Vendedor WHERE Id_Vendedor = ? AND ISNULL(E_Eliminado,0)=0]
2026-08-05 17:41:29.920 DEBUG 548 --- [io-9060-exec-10] o.s.jdbc.datasource.DataSourceUtils      : Fetching JDBC Connection from DataSource
2026-08-05 17:41:29.957 DEBUG 548 --- [io-9060-exec-10] o.s.jdbc.core.JdbcTemplate               : Executing prepared SQL query
2026-08-05 17:41:29.957 DEBUG 548 --- [io-9060-exec-10] o.s.jdbc.core.JdbcTemplate               : Executing prepared SQL statement [SELECT TOP 1 Id_Vendedor, Nombre, CodEmpleado FROM dbo.tbl_Vendedor WHERE Id_Vendedor = ? AND ISNULL(E_Eliminado,0)=0]
2026-08-05 17:41:29.958 DEBUG 548 --- [io-9060-exec-10] o.s.jdbc.datasource.DataSourceUtils      : Fetching JDBC Connection from DataSource
2026-08-05 17:41:30.003 DEBUG 548 --- [io-9060-exec-10] o.s.jdbc.core.JdbcTemplate               : Executing prepared SQL query
2026-08-05 17:41:30.004 DEBUG 548 --- [io-9060-exec-10] o.s.jdbc.core.JdbcTemplate               : Executing prepared SQL statement [SELECT TOP 1 Id_Vendedor, Nombre, CodEmpleado FROM dbo.tbl_Vendedor WHERE Id_Vendedor = ? AND ISNULL(E_Eliminado,0)=0]
2026-08-05 17:41:30.004 DEBUG 548 --- [io-9060-exec-10] o.s.jdbc.datasource.DataSourceUtils      : Fetching JDBC Connection from DataSource
2026-08-05 17:41:30.023 DEBUG 548 --- [nio-9060-exec-2] o.s.w.s.m.m.a.HttpEntityMethodProcessor  : Found 'Content-Type:image/jpeg' in response
2026-08-05 17:41:30.024 DEBUG 548 --- [nio-9060-exec-2] o.s.w.s.m.m.a.HttpEntityMethodProcessor  : Writing [{-1, -40, -1, -32, 0, 16, 74, 70, 73, 70, 0, 1, 2, 0, 0, 1, 0, 1, 0, 0, -1, -37, 0, 67, 0, 8, 6, 6,  (truncated)...]
2026-08-05 17:41:30.025 DEBUG 548 --- [nio-9060-exec-2] o.s.web.servlet.DispatcherServlet        : Completed 200 OK
2026-08-05 17:41:30.043 DEBUG 548 --- [io-9060-exec-10] o.s.jdbc.core.JdbcTemplate               : Executing prepared SQL query
2026-08-05 17:41:30.044 DEBUG 548 --- [io-9060-exec-10] o.s.jdbc.core.JdbcTemplate               : Executing prepared SQL statement [SELECT TOP 1 Id_Vendedor, Nombre, CodEmpleado FROM dbo.tbl_Vendedor WHERE Id_Vendedor = ? AND ISNULL(E_Eliminado,0)=0]
2026-08-05 17:41:30.044 DEBUG 548 --- [io-9060-exec-10] o.s.jdbc.datasource.DataSourceUtils      : Fetching JDBC Connection from DataSource
2026-08-05 17:41:30.082 DEBUG 548 --- [io-9060-exec-10] o.s.jdbc.core.JdbcTemplate               : Executing prepared SQL query
2026-08-05 17:41:30.082 DEBUG 548 --- [io-9060-exec-10] o.s.jdbc.core.JdbcTemplate               : Executing prepared SQL statement [SELECT TOP 1 Id_Vendedor, Nombre, CodEmpleado FROM dbo.tbl_Vendedor WHERE Id_Vendedor = ? AND ISNULL(E_Eliminado,0)=0]
2026-08-05 17:41:30.083 DEBUG 548 --- [io-9060-exec-10] o.s.jdbc.datasource.DataSourceUtils      : Fetching JDBC Connection from DataSource
2026-08-05 17:41:30.119 DEBUG 548 --- [io-9060-exec-10] o.s.jdbc.core.JdbcTemplate               : Executing prepared SQL query
2026-08-05 17:41:30.119 DEBUG 548 --- [io-9060-exec-10] o.s.jdbc.core.JdbcTemplate               : Executing prepared SQL statement [SELECT TOP 1 Id_Vendedor, Nombre, CodEmpleado FROM dbo.tbl_Vendedor WHERE Id_Vendedor = ? AND ISNULL(E_Eliminado,0)=0]
2026-08-05 17:41:30.119 DEBUG 548 --- [io-9060-exec-10] o.s.jdbc.datasource.DataSourceUtils      : Fetching JDBC Connection from DataSource
2026-08-05 17:41:30.155 DEBUG 548 --- [io-9060-exec-10] o.s.jdbc.core.JdbcTemplate               : Executing prepared SQL query
2026-08-05 17:41:30.155 DEBUG 548 --- [io-9060-exec-10] o.s.jdbc.core.JdbcTemplate               : Executing prepared SQL statement [SELECT TOP 1 Id_Vendedor, Nombre, CodEmpleado FROM dbo.tbl_Vendedor WHERE Id_Vendedor = ? AND ISNULL(E_Eliminado,0)=0]
2026-08-05 17:41:30.156 DEBUG 548 --- [io-9060-exec-10] o.s.jdbc.datasource.DataSourceUtils      : Fetching JDBC Connection from DataSource
2026-08-05 17:41:30.192 DEBUG 548 --- [io-9060-exec-10] o.s.jdbc.core.JdbcTemplate               : Executing prepared SQL query
2026-08-05 17:41:30.192 DEBUG 548 --- [io-9060-exec-10] o.s.jdbc.core.JdbcTemplate               : Executing prepared SQL statement [SELECT TOP 1 Id_Vendedor, Nombre, CodEmpleado FROM dbo.tbl_Vendedor WHERE Id_Vendedor = ? AND ISNULL(E_Eliminado,0)=0]
2026-08-05 17:41:30.192 DEBUG 548 --- [io-9060-exec-10] o.s.jdbc.datasource.DataSourceUtils      : Fetching JDBC Connection from DataSource
2026-08-05 17:41:30.231 DEBUG 548 --- [io-9060-exec-10] o.s.jdbc.core.JdbcTemplate               : Executing prepared SQL query
2026-08-05 17:41:30.232 DEBUG 548 --- [io-9060-exec-10] o.s.jdbc.core.JdbcTemplate               : Executing prepared SQL statement [SELECT TOP 1 Id_Vendedor, Nombre, CodEmpleado FROM dbo.tbl_Vendedor WHERE Id_Vendedor = ? AND ISNULL(E_Eliminado,0)=0]
2026-08-05 17:41:30.232 DEBUG 548 --- [io-9060-exec-10] o.s.jdbc.datasource.DataSourceUtils      : Fetching JDBC Connection from DataSource
2026-08-05 17:41:30.284 DEBUG 548 --- [io-9060-exec-10] o.s.jdbc.core.JdbcTemplate               : Executing prepared SQL query
2026-08-05 17:41:30.284 DEBUG 548 --- [io-9060-exec-10] o.s.jdbc.core.JdbcTemplate               : Executing prepared SQL statement [SELECT TOP 1 Id_Vendedor, Nombre, CodEmpleado FROM dbo.tbl_Vendedor WHERE Id_Vendedor = ? AND ISNULL(E_Eliminado,0)=0]
2026-08-05 17:41:30.284 DEBUG 548 --- [io-9060-exec-10] o.s.jdbc.datasource.DataSourceUtils      : Fetching JDBC Connection from DataSource
2026-08-05 17:41:30.322 DEBUG 548 --- [io-9060-exec-10] o.s.jdbc.core.JdbcTemplate               : Executing prepared SQL query
2026-08-05 17:41:30.323 DEBUG 548 --- [io-9060-exec-10] o.s.jdbc.core.JdbcTemplate               : Executing prepared SQL statement [SELECT TOP 1 Id_Vendedor, Nombre, CodEmpleado FROM dbo.tbl_Vendedor WHERE Id_Vendedor = ? AND ISNULL(E_Eliminado,0)=0]
2026-08-05 17:41:30.323 DEBUG 548 --- [io-9060-exec-10] o.s.jdbc.datasource.DataSourceUtils      : Fetching JDBC Connection from DataSource
2026-08-05 17:41:30.386 DEBUG 548 --- [io-9060-exec-10] o.s.jdbc.core.JdbcTemplate               : Executing prepared SQL query
2026-08-05 17:41:30.387 DEBUG 548 --- [io-9060-exec-10] o.s.jdbc.core.JdbcTemplate               : Executing prepared SQL statement [SELECT TOP 1 Id_Vendedor, Nombre, CodEmpleado FROM dbo.tbl_Vendedor WHERE Id_Vendedor = ? AND ISNULL(E_Eliminado,0)=0]
2026-08-05 17:41:30.388 DEBUG 548 --- [io-9060-exec-10] o.s.jdbc.datasource.DataSourceUtils      : Fetching JDBC Connection from DataSource
2026-08-05 17:41:30.512 DEBUG 548 --- [io-9060-exec-10] o.s.jdbc.core.JdbcTemplate               : Executing prepared SQL query
2026-08-05 17:41:30.512 DEBUG 548 --- [io-9060-exec-10] o.s.jdbc.core.JdbcTemplate               : Executing prepared SQL statement [SELECT TOP 1 Id_Vendedor, Nombre, CodEmpleado FROM dbo.tbl_Vendedor WHERE Id_Vendedor = ? AND ISNULL(E_Eliminado,0)=0]
2026-08-05 17:41:30.513 DEBUG 548 --- [io-9060-exec-10] o.s.jdbc.datasource.DataSourceUtils      : Fetching JDBC Connection from DataSource
2026-08-05 17:41:30.624 DEBUG 548 --- [io-9060-exec-10] o.s.jdbc.core.JdbcTemplate               : Executing prepared SQL query
2026-08-05 17:41:30.625 DEBUG 548 --- [io-9060-exec-10] o.s.jdbc.core.JdbcTemplate               : Executing prepared SQL statement [SELECT TOP 1 Id_Vendedor, Nombre, CodEmpleado FROM dbo.tbl_Vendedor WHERE Id_Vendedor = ? AND ISNULL(E_Eliminado,0)=0]
2026-08-05 17:41:30.625 DEBUG 548 --- [io-9060-exec-10] o.s.jdbc.datasource.DataSourceUtils      : Fetching JDBC Connection from DataSource
2026-08-05 17:41:30.681 DEBUG 548 --- [io-9060-exec-10] o.s.jdbc.core.JdbcTemplate               : Executing prepared SQL query
2026-08-05 17:41:30.682 DEBUG 548 --- [io-9060-exec-10] o.s.jdbc.core.JdbcTemplate               : Executing prepared SQL statement [SELECT TOP 1 Id_Vendedor, Nombre, CodEmpleado FROM dbo.tbl_Vendedor WHERE Id_Vendedor = ? AND ISNULL(E_Eliminado,0)=0]
2026-08-05 17:41:30.683 DEBUG 548 --- [io-9060-exec-10] o.s.jdbc.datasource.DataSourceUtils      : Fetching JDBC Connection from DataSource
2026-08-05 17:41:30.726 DEBUG 548 --- [io-9060-exec-10] o.s.jdbc.core.JdbcTemplate               : Executing prepared SQL query
2026-08-05 17:41:30.727 DEBUG 548 --- [io-9060-exec-10] o.s.jdbc.core.JdbcTemplate               : Executing prepared SQL statement [SELECT TOP 1 Id_Vendedor, Nombre, CodEmpleado FROM dbo.tbl_Vendedor WHERE Id_Vendedor = ? AND ISNULL(E_Eliminado,0)=0]
2026-08-05 17:41:30.728 DEBUG 548 --- [io-9060-exec-10] o.s.jdbc.datasource.DataSourceUtils      : Fetching JDBC Connection from DataSource
2026-08-05 17:41:30.762 DEBUG 548 --- [io-9060-exec-10] o.s.jdbc.core.JdbcTemplate               : Executing prepared SQL query
2026-08-05 17:41:30.764 DEBUG 548 --- [io-9060-exec-10] o.s.jdbc.core.JdbcTemplate               : Executing prepared SQL statement [SELECT TOP 1 Id_Vendedor, Nombre, CodEmpleado FROM dbo.tbl_Vendedor WHERE Id_Vendedor = ? AND ISNULL(E_Eliminado,0)=0]
2026-08-05 17:41:30.764 DEBUG 548 --- [io-9060-exec-10] o.s.jdbc.datasource.DataSourceUtils      : Fetching JDBC Connection from DataSource
2026-08-05 17:41:30.797 DEBUG 548 --- [io-9060-exec-10] o.s.jdbc.core.JdbcTemplate               : Executing prepared SQL query
2026-08-05 17:41:30.799 DEBUG 548 --- [io-9060-exec-10] o.s.jdbc.core.JdbcTemplate               : Executing prepared SQL statement [SELECT TOP 1 Id_Vendedor, Nombre, CodEmpleado FROM dbo.tbl_Vendedor WHERE Id_Vendedor = ? AND ISNULL(E_Eliminado,0)=0]
2026-08-05 17:41:30.800 DEBUG 548 --- [io-9060-exec-10] o.s.jdbc.datasource.DataSourceUtils      : Fetching JDBC Connection from DataSource
2026-08-05 17:41:30.824 DEBUG 548 --- [io-9060-exec-10] o.s.jdbc.core.JdbcTemplate               : Executing prepared SQL query
2026-08-05 17:41:30.825 DEBUG 548 --- [io-9060-exec-10] o.s.jdbc.core.JdbcTemplate               : Executing prepared SQL statement [SELECT TOP 1 Id_Vendedor, Nombre, CodEmpleado FROM dbo.tbl_Vendedor WHERE Id_Vendedor = ? AND ISNULL(E_Eliminado,0)=0]
2026-08-05 17:41:30.825 DEBUG 548 --- [io-9060-exec-10] o.s.jdbc.datasource.DataSourceUtils      : Fetching JDBC Connection from DataSource
2026-08-05 17:41:30.848 DEBUG 548 --- [io-9060-exec-10] o.s.jdbc.core.JdbcTemplate               : Executing prepared SQL query
2026-08-05 17:41:30.849 DEBUG 548 --- [io-9060-exec-10] o.s.jdbc.core.JdbcTemplate               : Executing prepared SQL statement [SELECT TOP 1 Id_Vendedor, Nombre, CodEmpleado FROM dbo.tbl_Vendedor WHERE Id_Vendedor = ? AND ISNULL(E_Eliminado,0)=0]
2026-08-05 17:41:30.849 DEBUG 548 --- [io-9060-exec-10] o.s.jdbc.datasource.DataSourceUtils      : Fetching JDBC Connection from DataSource
2026-08-05 17:41:30.867 DEBUG 548 --- [io-9060-exec-10] o.s.jdbc.core.JdbcTemplate               : Executing prepared SQL query
2026-08-05 17:41:30.868 DEBUG 548 --- [io-9060-exec-10] o.s.jdbc.core.JdbcTemplate               : Executing prepared SQL statement [SELECT TOP 1 Id_Vendedor, Nombre, CodEmpleado FROM dbo.tbl_Vendedor WHERE Id_Vendedor = ? AND ISNULL(E_Eliminado,0)=0]
2026-08-05 17:41:30.869 DEBUG 548 --- [io-9060-exec-10] o.s.jdbc.datasource.DataSourceUtils      : Fetching JDBC Connection from DataSource
2026-08-05 17:41:30.878 DEBUG 548 --- [io-9060-exec-10] o.s.jdbc.core.JdbcTemplate               : Executing prepared SQL query
2026-08-05 17:41:30.879 DEBUG 548 --- [io-9060-exec-10] o.s.jdbc.core.JdbcTemplate               : Executing prepared SQL statement [SELECT TOP 1 Id_Vendedor, Nombre, CodEmpleado FROM dbo.tbl_Vendedor WHERE Id_Vendedor = ? AND ISNULL(E_Eliminado,0)=0]
2026-08-05 17:41:30.879 DEBUG 548 --- [io-9060-exec-10] o.s.jdbc.datasource.DataSourceUtils      : Fetching JDBC Connection from DataSource
2026-08-05 17:41:30.906 DEBUG 548 --- [io-9060-exec-10] o.s.jdbc.core.JdbcTemplate               : Executing prepared SQL query
2026-08-05 17:41:30.907 DEBUG 548 --- [io-9060-exec-10] o.s.jdbc.core.JdbcTemplate               : Executing prepared SQL statement [SELECT TOP 1 Id_Vendedor, Nombre, CodEmpleado FROM dbo.tbl_Vendedor WHERE Id_Vendedor = ? AND ISNULL(E_Eliminado,0)=0]
2026-08-05 17:41:30.908 DEBUG 548 --- [io-9060-exec-10] o.s.jdbc.datasource.DataSourceUtils      : Fetching JDBC Connection from DataSource
2026-08-05 17:41:30.915 DEBUG 548 --- [io-9060-exec-10] o.s.jdbc.core.JdbcTemplate               : Executing prepared SQL query
2026-08-05 17:41:30.915 DEBUG 548 --- [io-9060-exec-10] o.s.jdbc.core.JdbcTemplate               : Executing prepared SQL statement [SELECT TOP 1 Id_Vendedor, Nombre, CodEmpleado FROM dbo.tbl_Vendedor WHERE Id_Vendedor = ? AND ISNULL(E_Eliminado,0)=0]
2026-08-05 17:41:30.916 DEBUG 548 --- [io-9060-exec-10] o.s.jdbc.datasource.DataSourceUtils      : Fetching JDBC Connection from DataSource
2026-08-05 17:41:30.923 DEBUG 548 --- [io-9060-exec-10] o.s.jdbc.core.JdbcTemplate               : Executing prepared SQL query
2026-08-05 17:41:30.923 DEBUG 548 --- [io-9060-exec-10] o.s.jdbc.core.JdbcTemplate               : Executing prepared SQL statement [SELECT TOP 1 Id_Vendedor, Nombre, CodEmpleado FROM dbo.tbl_Vendedor WHERE Id_Vendedor = ? AND ISNULL(E_Eliminado,0)=0]
2026-08-05 17:41:30.924 DEBUG 548 --- [io-9060-exec-10] o.s.jdbc.datasource.DataSourceUtils      : Fetching JDBC Connection from DataSource
2026-08-05 17:41:30.930 DEBUG 548 --- [io-9060-exec-10] o.s.jdbc.core.JdbcTemplate               : Executing prepared SQL query
2026-08-05 17:41:30.931 DEBUG 548 --- [io-9060-exec-10] o.s.jdbc.core.JdbcTemplate               : Executing prepared SQL statement [SELECT TOP 1 Id_Vendedor, Nombre, CodEmpleado FROM dbo.tbl_Vendedor WHERE Id_Vendedor = ? AND ISNULL(E_Eliminado,0)=0]
2026-08-05 17:41:30.931 DEBUG 548 --- [io-9060-exec-10] o.s.jdbc.datasource.DataSourceUtils      : Fetching JDBC Connection from DataSource
2026-08-05 17:41:30.938 DEBUG 548 --- [io-9060-exec-10] o.s.jdbc.core.JdbcTemplate               : Executing prepared SQL query
2026-08-05 17:41:30.939 DEBUG 548 --- [io-9060-exec-10] o.s.jdbc.core.JdbcTemplate               : Executing prepared SQL statement [SELECT TOP 1 Id_Vendedor, Nombre, CodEmpleado FROM dbo.tbl_Vendedor WHERE Id_Vendedor = ? AND ISNULL(E_Eliminado,0)=0]
2026-08-05 17:41:30.940 DEBUG 548 --- [io-9060-exec-10] o.s.jdbc.datasource.DataSourceUtils      : Fetching JDBC Connection from DataSource
2026-08-05 17:41:30.955 DEBUG 548 --- [io-9060-exec-10] o.s.jdbc.core.JdbcTemplate               : Executing prepared SQL query
2026-08-05 17:41:30.955 DEBUG 548 --- [io-9060-exec-10] o.s.jdbc.core.JdbcTemplate               : Executing prepared SQL statement [SELECT TOP 1 Id_Vendedor, Nombre, CodEmpleado FROM dbo.tbl_Vendedor WHERE Id_Vendedor = ? AND ISNULL(E_Eliminado,0)=0]
2026-08-05 17:41:30.956 DEBUG 548 --- [io-9060-exec-10] o.s.jdbc.datasource.DataSourceUtils      : Fetching JDBC Connection from DataSource
2026-08-05 17:41:30.963 DEBUG 548 --- [io-9060-exec-10] o.s.jdbc.core.JdbcTemplate               : Executing prepared SQL query
2026-08-05 17:41:30.963 DEBUG 548 --- [io-9060-exec-10] o.s.jdbc.core.JdbcTemplate               : Executing prepared SQL statement [SELECT TOP 1 Id_Vendedor, Nombre, CodEmpleado FROM dbo.tbl_Vendedor WHERE Id_Vendedor = ? AND ISNULL(E_Eliminado,0)=0]
2026-08-05 17:41:30.964 DEBUG 548 --- [io-9060-exec-10] o.s.jdbc.datasource.DataSourceUtils      : Fetching JDBC Connection from DataSource
2026-08-05 17:41:30.972 DEBUG 548 --- [io-9060-exec-10] o.s.jdbc.core.JdbcTemplate               : Executing prepared SQL query
2026-08-05 17:41:30.973 DEBUG 548 --- [io-9060-exec-10] o.s.jdbc.core.JdbcTemplate               : Executing prepared SQL statement [SELECT TOP 1 Id_Vendedor, Nombre, CodEmpleado FROM dbo.tbl_Vendedor WHERE Id_Vendedor = ? AND ISNULL(E_Eliminado,0)=0]
2026-08-05 17:41:30.974 DEBUG 548 --- [io-9060-exec-10] o.s.jdbc.datasource.DataSourceUtils      : Fetching JDBC Connection from DataSource
2026-08-05 17:41:30.996 DEBUG 548 --- [io-9060-exec-10] o.s.jdbc.core.JdbcTemplate               : Executing prepared SQL query
2026-08-05 17:41:30.997 DEBUG 548 --- [io-9060-exec-10] o.s.jdbc.core.JdbcTemplate               : Executing prepared SQL statement [SELECT TOP 1 Id_Vendedor, Nombre, CodEmpleado FROM dbo.tbl_Vendedor WHERE Id_Vendedor = ? AND ISNULL(E_Eliminado,0)=0]
2026-08-05 17:41:30.997 DEBUG 548 --- [io-9060-exec-10] o.s.jdbc.datasource.DataSourceUtils      : Fetching JDBC Connection from DataSource
2026-08-05 17:41:31.027 DEBUG 548 --- [io-9060-exec-10] o.s.jdbc.core.JdbcTemplate               : Executing prepared SQL query
2026-08-05 17:41:31.028 DEBUG 548 --- [io-9060-exec-10] o.s.jdbc.core.JdbcTemplate               : Executing prepared SQL statement [SELECT TOP 1 Id_Vendedor, Nombre, CodEmpleado FROM dbo.tbl_Vendedor WHERE Id_Vendedor = ? AND ISNULL(E_Eliminado,0)=0]
2026-08-05 17:41:31.028 DEBUG 548 --- [io-9060-exec-10] o.s.jdbc.datasource.DataSourceUtils      : Fetching JDBC Connection from DataSource
2026-08-05 17:41:31.049 DEBUG 548 --- [io-9060-exec-10] o.s.jdbc.core.JdbcTemplate               : Executing prepared SQL query
2026-08-05 17:41:31.049 DEBUG 548 --- [io-9060-exec-10] o.s.jdbc.core.JdbcTemplate               : Executing prepared SQL statement [SELECT TOP 1 Id_Vendedor, Nombre, CodEmpleado FROM dbo.tbl_Vendedor WHERE Id_Vendedor = ? AND ISNULL(E_Eliminado,0)=0]
2026-08-05 17:41:31.051 DEBUG 548 --- [io-9060-exec-10] o.s.jdbc.datasource.DataSourceUtils      : Fetching JDBC Connection from DataSource
2026-08-05 17:41:31.068 DEBUG 548 --- [io-9060-exec-10] o.s.jdbc.core.JdbcTemplate               : Executing prepared SQL query
2026-08-05 17:41:31.068 DEBUG 548 --- [io-9060-exec-10] o.s.jdbc.core.JdbcTemplate               : Executing prepared SQL statement [SELECT TOP 1 Id_Vendedor, Nombre, CodEmpleado FROM dbo.tbl_Vendedor WHERE Id_Vendedor = ? AND ISNULL(E_Eliminado,0)=0]
2026-08-05 17:41:31.069 DEBUG 548 --- [io-9060-exec-10] o.s.jdbc.datasource.DataSourceUtils      : Fetching JDBC Connection from DataSource
2026-08-05 17:41:31.082 DEBUG 548 --- [io-9060-exec-10] o.s.jdbc.core.JdbcTemplate               : Executing prepared SQL query
2026-08-05 17:41:31.083 DEBUG 548 --- [io-9060-exec-10] o.s.jdbc.core.JdbcTemplate               : Executing prepared SQL statement [SELECT TOP 1 Id_Vendedor, Nombre, CodEmpleado FROM dbo.tbl_Vendedor WHERE Id_Vendedor = ? AND ISNULL(E_Eliminado,0)=0]
2026-08-05 17:41:31.084 DEBUG 548 --- [io-9060-exec-10] o.s.jdbc.datasource.DataSourceUtils      : Fetching JDBC Connection from DataSource
2026-08-05 17:41:31.101 DEBUG 548 --- [io-9060-exec-10] o.s.jdbc.core.JdbcTemplate               : Executing prepared SQL query
2026-08-05 17:41:31.101 DEBUG 548 --- [io-9060-exec-10] o.s.jdbc.core.JdbcTemplate               : Executing prepared SQL statement [SELECT TOP 1 Id_Vendedor, Nombre, CodEmpleado FROM dbo.tbl_Vendedor WHERE Id_Vendedor = ? AND ISNULL(E_Eliminado,0)=0]
2026-08-05 17:41:31.102 DEBUG 548 --- [io-9060-exec-10] o.s.jdbc.datasource.DataSourceUtils      : Fetching JDBC Connection from DataSource
2026-08-05 17:41:31.113 DEBUG 548 --- [io-9060-exec-10] o.s.jdbc.core.JdbcTemplate               : Executing prepared SQL query
2026-08-05 17:41:31.113 DEBUG 548 --- [io-9060-exec-10] o.s.jdbc.core.JdbcTemplate               : Executing prepared SQL statement [SELECT TOP 1 Id_Vendedor, Nombre, CodEmpleado FROM dbo.tbl_Vendedor WHERE Id_Vendedor = ? AND ISNULL(E_Eliminado,0)=0]
2026-08-05 17:41:31.114 DEBUG 548 --- [io-9060-exec-10] o.s.jdbc.datasource.DataSourceUtils      : Fetching JDBC Connection from DataSource
2026-08-05 17:41:31.122 DEBUG 548 --- [io-9060-exec-10] o.s.jdbc.core.JdbcTemplate               : Executing prepared SQL query
2026-08-05 17:41:31.123 DEBUG 548 --- [io-9060-exec-10] o.s.jdbc.core.JdbcTemplate               : Executing prepared SQL statement [SELECT TOP 1 Id_Vendedor, Nombre, CodEmpleado FROM dbo.tbl_Vendedor WHERE Id_Vendedor = ? AND ISNULL(E_Eliminado,0)=0]
2026-08-05 17:41:31.123 DEBUG 548 --- [io-9060-exec-10] o.s.jdbc.datasource.DataSourceUtils      : Fetching JDBC Connection from DataSource
2026-08-05 17:41:31.132 DEBUG 548 --- [io-9060-exec-10] o.s.jdbc.core.JdbcTemplate               : Executing prepared SQL query
2026-08-05 17:41:31.133 DEBUG 548 --- [io-9060-exec-10] o.s.jdbc.core.JdbcTemplate               : Executing prepared SQL statement [SELECT TOP 1 Id_Vendedor, Nombre, CodEmpleado FROM dbo.tbl_Vendedor WHERE Id_Vendedor = ? AND ISNULL(E_Eliminado,0)=0]
2026-08-05 17:41:31.133 DEBUG 548 --- [io-9060-exec-10] o.s.jdbc.datasource.DataSourceUtils      : Fetching JDBC Connection from DataSource
2026-08-05 17:41:31.142 DEBUG 548 --- [io-9060-exec-10] o.s.jdbc.core.JdbcTemplate               : Executing prepared SQL query
2026-08-05 17:41:31.142 DEBUG 548 --- [io-9060-exec-10] o.s.jdbc.core.JdbcTemplate               : Executing prepared SQL statement [SELECT TOP 1 Id_Vendedor, Nombre, CodEmpleado FROM dbo.tbl_Vendedor WHERE Id_Vendedor = ? AND ISNULL(E_Eliminado,0)=0]
2026-08-05 17:41:31.143 DEBUG 548 --- [io-9060-exec-10] o.s.jdbc.datasource.DataSourceUtils      : Fetching JDBC Connection from DataSource
2026-08-05 17:41:31.152 DEBUG 548 --- [io-9060-exec-10] o.s.jdbc.core.JdbcTemplate               : Executing prepared SQL query
2026-08-05 17:41:31.153 DEBUG 548 --- [io-9060-exec-10] o.s.jdbc.core.JdbcTemplate               : Executing prepared SQL statement [SELECT TOP 1 Id_Vendedor, Nombre, CodEmpleado FROM dbo.tbl_Vendedor WHERE Id_Vendedor = ? AND ISNULL(E_Eliminado,0)=0]
2026-08-05 17:41:31.154 DEBUG 548 --- [io-9060-exec-10] o.s.jdbc.datasource.DataSourceUtils      : Fetching JDBC Connection from DataSource
2026-08-05 17:41:31.167 DEBUG 548 --- [io-9060-exec-10] o.s.jdbc.core.JdbcTemplate               : Executing prepared SQL query
2026-08-05 17:41:31.168 DEBUG 548 --- [io-9060-exec-10] o.s.jdbc.core.JdbcTemplate               : Executing prepared SQL statement [SELECT TOP 1 Id_Vendedor, Nombre, CodEmpleado FROM dbo.tbl_Vendedor WHERE Id_Vendedor = ? AND ISNULL(E_Eliminado,0)=0]
2026-08-05 17:41:31.168 DEBUG 548 --- [io-9060-exec-10] o.s.jdbc.datasource.DataSourceUtils      : Fetching JDBC Connection from DataSource
2026-08-05 17:41:31.178 DEBUG 548 --- [io-9060-exec-10] o.s.jdbc.core.JdbcTemplate               : Executing prepared SQL query
2026-08-05 17:41:31.178 DEBUG 548 --- [io-9060-exec-10] o.s.jdbc.core.JdbcTemplate               : Executing prepared SQL statement [SELECT TOP 1 Id_Vendedor, Nombre, CodEmpleado FROM dbo.tbl_Vendedor WHERE Id_Vendedor = ? AND ISNULL(E_Eliminado,0)=0]
2026-08-05 17:41:31.179 DEBUG 548 --- [io-9060-exec-10] o.s.jdbc.datasource.DataSourceUtils      : Fetching JDBC Connection from DataSource
2026-08-05 17:41:31.193 DEBUG 548 --- [io-9060-exec-10] o.s.jdbc.core.JdbcTemplate               : Executing prepared SQL query
2026-08-05 17:41:31.193 DEBUG 548 --- [io-9060-exec-10] o.s.jdbc.core.JdbcTemplate               : Executing prepared SQL statement [SELECT TOP 1 Id_Vendedor, Nombre, CodEmpleado FROM dbo.tbl_Vendedor WHERE Id_Vendedor = ? AND ISNULL(E_Eliminado,0)=0]
2026-08-05 17:41:31.194 DEBUG 548 --- [io-9060-exec-10] o.s.jdbc.datasource.DataSourceUtils      : Fetching JDBC Connection from DataSource
2026-08-05 17:41:31.210 DEBUG 548 --- [io-9060-exec-10] o.s.jdbc.core.JdbcTemplate               : Executing prepared SQL query
2026-08-05 17:41:31.211 DEBUG 548 --- [io-9060-exec-10] o.s.jdbc.core.JdbcTemplate               : Executing prepared SQL statement [SELECT TOP 1 Id_Vendedor, Nombre, CodEmpleado FROM dbo.tbl_Vendedor WHERE Id_Vendedor = ? AND ISNULL(E_Eliminado,0)=0]
2026-08-05 17:41:31.211 DEBUG 548 --- [io-9060-exec-10] o.s.jdbc.datasource.DataSourceUtils      : Fetching JDBC Connection from DataSource
2026-08-05 17:41:31.224 DEBUG 548 --- [io-9060-exec-10] o.s.jdbc.core.JdbcTemplate               : Executing prepared SQL query
2026-08-05 17:41:31.225 DEBUG 548 --- [io-9060-exec-10] o.s.jdbc.core.JdbcTemplate               : Executing prepared SQL statement [EXEC dbo.spy_REV_PENALIZADA ?]
2026-08-05 17:41:31.225 DEBUG 548 --- [io-9060-exec-10] o.s.jdbc.datasource.DataSourceUtils      : Fetching JDBC Connection from DataSource
2026-08-05 17:41:31.526 DEBUG 548 --- [nio-9060-exec-7] o.s.w.s.m.m.a.HttpEntityMethodProcessor  : Found 'Content-Type:image/jpeg' in response
2026-08-05 17:41:31.527 DEBUG 548 --- [nio-9060-exec-7] o.s.w.s.m.m.a.HttpEntityMethodProcessor  : Writing [{-1, -40, -1, -32, 0, 16, 74, 70, 73, 70, 0, 1, 2, 0, 0, 1, 0, 1, 0, 0, -1, -37, 0, 67, 0, 8, 6, 6,  (truncated)...]
2026-08-05 17:41:31.529 DEBUG 548 --- [nio-9060-exec-7] o.s.web.servlet.DispatcherServlet        : Completed 200 OK
2026-08-05 17:41:31.560 DEBUG 548 --- [nio-9060-exec-6] o.s.w.s.m.m.a.HttpEntityMethodProcessor  : Found 'Content-Type:image/jpeg' in response
2026-08-05 17:41:31.561 DEBUG 548 --- [nio-9060-exec-6] o.s.w.s.m.m.a.HttpEntityMethodProcessor  : Writing [{-1, -40, -1, -32, 0, 16, 74, 70, 73, 70, 0, 1, 2, 0, 0, 1, 0, 1, 0, 0, -1, -37, 0, 67, 0, 8, 6, 6,  (truncated)...]
2026-08-05 17:41:31.562 DEBUG 548 --- [nio-9060-exec-6] o.s.web.servlet.DispatcherServlet        : Completed 200 OK
2026-08-05 17:41:32.138 DEBUG 548 --- [nio-9060-exec-9] o.s.w.s.m.m.a.HttpEntityMethodProcessor  : Found 'Content-Type:image/jpeg' in response
2026-08-05 17:41:32.139 DEBUG 548 --- [nio-9060-exec-9] o.s.w.s.m.m.a.HttpEntityMethodProcessor  : Writing [{-1, -40, -1, -32, 0, 16, 74, 70, 73, 70, 0, 1, 2, 0, 0, 1, 0, 1, 0, 0, -1, -37, 0, 67, 0, 8, 6, 6,  (truncated)...]
2026-08-05 17:41:32.140 DEBUG 548 --- [nio-9060-exec-9] o.s.web.servlet.DispatcherServlet        : Completed 200 OK
2026-08-05 17:41:40.446 DEBUG 548 --- [ool housekeeper] com.zaxxer.hikari.pool.HikariPool        : TigoHogarHikariPool - keepalive: connection net.sourceforge.jtds.jdbc.JtdsConnection@418e3b6b is alive
2026-08-05 17:41:42.706 DEBUG 548 --- [ruz housekeeper] com.zaxxer.hikari.pool.HikariPool        : ConnDb-SantaCruz - Before cleanup stats (total=1, active=0, idle=1, waiting=0)
2026-08-05 17:41:42.707 DEBUG 548 --- [ruz housekeeper] com.zaxxer.hikari.pool.HikariPool        : ConnDb-SantaCruz - After cleanup  stats (total=1, active=0, idle=1, waiting=0)
2026-08-05 17:41:42.707 DEBUG 548 --- [ruz housekeeper] com.zaxxer.hikari.pool.HikariPool        : ConnDb-SantaCruz - Fill pool skipped, pool is at sufficient level.
2026-08-05 17:41:43.264 DEBUG 548 --- [l-9 housekeeper] com.zaxxer.hikari.pool.HikariPool        : ConnDb-sucursal-9 - Before cleanup stats (total=3, active=0, idle=3, waiting=0)
2026-08-05 17:41:43.265 DEBUG 548 --- [l-9 housekeeper] com.zaxxer.hikari.pool.HikariPool        : ConnDb-sucursal-9 - After cleanup  stats (total=3, active=0, idle=3, waiting=0)
2026-08-05 17:41:43.265 DEBUG 548 --- [l-9 housekeeper] com.zaxxer.hikari.pool.HikariPool        : ConnDb-sucursal-9 - Fill pool skipped, pool is at sufficient level.
2026-08-05 17:41:44.740 DEBUG 548 --- [nio-9060-exec-3] o.s.jdbc.core.JdbcTemplate               : Executing SQL query [EXEC dbo.spx_ObtenerSucursalesConexion]
2026-08-05 17:41:44.741 DEBUG 548 --- [nio-9060-exec-3] o.s.jdbc.datasource.DataSourceUtils      : Fetching JDBC Connection from DataSource
2026-08-05 17:41:44.752 DEBUG 548 --- [nio-9060-exec-3] o.s.jdbc.core.JdbcTemplate               : Executing SQL query [EXEC dbo.spx_ObtenerSucursalesConexion]
2026-08-05 17:41:44.752 DEBUG 548 --- [nio-9060-exec-3] o.s.jdbc.datasource.DataSourceUtils      : Fetching JDBC Connection from DataSource
2026-08-05 17:41:44.758 DEBUG 548 --- [nio-9060-exec-3] o.s.jdbc.core.JdbcTemplate               : Executing SQL query [EXEC dbo.SP_Usuario_ListarActivosBasico]
2026-08-05 17:41:44.758 DEBUG 548 --- [nio-9060-exec-3] o.s.jdbc.datasource.DataSourceUtils      : Fetching JDBC Connection from DataSource
2026-08-05 17:41:44.766 DEBUG 548 --- [nio-9060-exec-3] o.s.jdbc.core.JdbcTemplate               : Executing prepared SQL query
2026-08-05 17:41:44.767 DEBUG 548 --- [nio-9060-exec-3] o.s.jdbc.core.JdbcTemplate               : Executing prepared SQL statement [SELECT id_inicio, id_tecnico, id_auxiliar, id_encargado, fecha_registro, fecha_cierre, pendiente, capacitado, charla, botiquin, extintor, fecha_vencimiento, equipo_epp, estado_epp, apr, escalera, anclaje, e_eliminado, codigo_cliente, dano_material, observacion_material, dano_persona, observacion_persona, novedades_trabajo, observacion_novedades, ubicacion_georef, no_marco_cierre, id_usuario_supervisor_grupo, id_sucursal, sucursal, nombre_tecnico, tecnico_nombre, EstoyTrabajandoSolo AS estoy_trabajando_solo, firma_inicio, firma_cierre FROM dbo.tbl_InicioJornadaAlturas WHERE id_inicio IN (?,?,?,?,?,?,?,?,?,?,?,?,?,?,?,?,?,?,?,?,?,?,?,?,?,?,?,?)]
2026-08-05 17:41:44.767 DEBUG 548 --- [nio-9060-exec-3] o.s.jdbc.datasource.DataSourceUtils      : Fetching JDBC Connection from DataSource
2026-08-05 17:41:44.982 DEBUG 548 --- [nio-9060-exec-3] o.s.jdbc.core.JdbcTemplate               : Executing SQL query [EXEC dbo.spx_ObtenerSucursalesConexion]
2026-08-05 17:41:44.983 DEBUG 548 --- [nio-9060-exec-3] o.s.jdbc.datasource.DataSourceUtils      : Fetching JDBC Connection from DataSource
2026-08-05 17:41:44.990 DEBUG 548 --- [nio-9060-exec-3] o.s.jdbc.core.JdbcTemplate               : Executing SQL query [EXEC dbo.SP_Usuario_ListarActivosBasico]
2026-08-05 17:41:44.991 DEBUG 548 --- [nio-9060-exec-3] o.s.jdbc.datasource.DataSourceUtils      : Fetching JDBC Connection from DataSource
2026-08-05 17:41:44.995 DEBUG 548 --- [nio-9060-exec-3] o.s.jdbc.core.JdbcTemplate               : Executing prepared SQL query
2026-08-05 17:41:44.996 DEBUG 548 --- [nio-9060-exec-3] o.s.jdbc.core.JdbcTemplate               : Executing prepared SQL statement [SELECT TOP 1 Nombre FROM dbo.tbl_Usuario WHERE Id_Usuario = ? AND ISNULL(E_Eliminado,0)=0]
2026-08-05 17:41:44.996 DEBUG 548 --- [nio-9060-exec-3] o.s.jdbc.datasource.DataSourceUtils      : Fetching JDBC Connection from DataSource
2026-08-05 17:41:44.999 DEBUG 548 --- [nio-9060-exec-3] o.s.jdbc.core.JdbcTemplate               : Executing prepared SQL query
2026-08-05 17:41:45.000 DEBUG 548 --- [nio-9060-exec-3] o.s.jdbc.core.JdbcTemplate               : Executing prepared SQL statement [SELECT TOP 1 u.Nombre AS Nombre FROM dbo.tbl_UsuarioTecnico ut LEFT JOIN dbo.tbl_Usuario u ON u.Id_Usuario = ut.id_Usuario WHERE ut.id_Usuario = ? AND ISNULL(ut.e_eliminado,0)=0]
2026-08-05 17:41:45.000 DEBUG 548 --- [nio-9060-exec-3] o.s.jdbc.datasource.DataSourceUtils      : Fetching JDBC Connection from DataSource
2026-08-05 17:41:45.003 DEBUG 548 --- [nio-9060-exec-3] o.s.jdbc.core.JdbcTemplate               : Executing prepared SQL query
2026-08-05 17:41:45.003 DEBUG 548 --- [nio-9060-exec-3] o.s.jdbc.core.JdbcTemplate               : Executing prepared SQL statement [SELECT TOP 1 Nombre FROM dbo.tbl_Vendedor WHERE Id_Vendedor = ? AND ISNULL(E_Eliminado,0)=0]
2026-08-05 17:41:45.004 DEBUG 548 --- [nio-9060-exec-3] o.s.jdbc.datasource.DataSourceUtils      : Fetching JDBC Connection from DataSource
2026-08-05 17:41:45.008 DEBUG 548 --- [nio-9060-exec-3] o.s.jdbc.core.JdbcTemplate               : Executing prepared SQL query
2026-08-05 17:41:45.009 DEBUG 548 --- [nio-9060-exec-3] o.s.jdbc.core.JdbcTemplate               : Executing prepared SQL statement [SELECT TOP 1 Nombre FROM dbo.tbl_Usuario WHERE Id_Usuario = ? AND ISNULL(E_Eliminado,0)=0]
2026-08-05 17:41:45.009 DEBUG 548 --- [nio-9060-exec-3] o.s.jdbc.datasource.DataSourceUtils      : Fetching JDBC Connection from DataSource
2026-08-05 17:41:45.016 DEBUG 548 --- [nio-9060-exec-3] o.s.jdbc.core.JdbcTemplate               : Executing prepared SQL query
2026-08-05 17:41:45.016 DEBUG 548 --- [nio-9060-exec-3] o.s.jdbc.core.JdbcTemplate               : Executing prepared SQL statement [SELECT TOP 1 u.Nombre AS Nombre FROM dbo.tbl_UsuarioTecnico ut LEFT JOIN dbo.tbl_Usuario u ON u.Id_Usuario = ut.id_Usuario WHERE ut.id_Usuario = ? AND ISNULL(ut.e_eliminado,0)=0]
2026-08-05 17:41:45.016 DEBUG 548 --- [nio-9060-exec-3] o.s.jdbc.datasource.DataSourceUtils      : Fetching JDBC Connection from DataSource
2026-08-05 17:41:45.023 DEBUG 548 --- [nio-9060-exec-3] o.s.jdbc.core.JdbcTemplate               : Executing prepared SQL query
2026-08-05 17:41:45.023 DEBUG 548 --- [nio-9060-exec-3] o.s.jdbc.core.JdbcTemplate               : Executing prepared SQL statement [SELECT TOP 1 Nombre FROM dbo.tbl_Vendedor WHERE Id_Vendedor = ? AND ISNULL(E_Eliminado,0)=0]
2026-08-05 17:41:45.023 DEBUG 548 --- [nio-9060-exec-3] o.s.jdbc.datasource.DataSourceUtils      : Fetching JDBC Connection from DataSource
2026-08-05 17:41:45.027 DEBUG 548 --- [nio-9060-exec-3] o.s.jdbc.core.JdbcTemplate               : Executing prepared SQL query
2026-08-05 17:41:45.027 DEBUG 548 --- [nio-9060-exec-3] o.s.jdbc.core.JdbcTemplate               : Executing prepared SQL statement [SELECT TOP 1 Nombre FROM dbo.tbl_Usuario WHERE Id_Usuario = ? AND ISNULL(E_Eliminado,0)=0]
2026-08-05 17:41:45.028 DEBUG 548 --- [nio-9060-exec-3] o.s.jdbc.datasource.DataSourceUtils      : Fetching JDBC Connection from DataSource
2026-08-05 17:41:45.032 DEBUG 548 --- [nio-9060-exec-3] o.s.jdbc.core.JdbcTemplate               : Executing prepared SQL query
2026-08-05 17:41:45.032 DEBUG 548 --- [nio-9060-exec-3] o.s.jdbc.core.JdbcTemplate               : Executing prepared SQL statement [SELECT TOP 1 u.Nombre AS Nombre FROM dbo.tbl_UsuarioTecnico ut LEFT JOIN dbo.tbl_Usuario u ON u.Id_Usuario = ut.id_Usuario WHERE ut.id_Usuario = ? AND ISNULL(ut.e_eliminado,0)=0]
2026-08-05 17:41:45.032 DEBUG 548 --- [nio-9060-exec-3] o.s.jdbc.datasource.DataSourceUtils      : Fetching JDBC Connection from DataSource
2026-08-05 17:41:45.035 DEBUG 548 --- [nio-9060-exec-3] o.s.jdbc.core.JdbcTemplate               : Executing prepared SQL query
2026-08-05 17:41:45.036 DEBUG 548 --- [nio-9060-exec-3] o.s.jdbc.core.JdbcTemplate               : Executing prepared SQL statement [SELECT TOP 1 Nombre FROM dbo.tbl_Vendedor WHERE Id_Vendedor = ? AND ISNULL(E_Eliminado,0)=0]
2026-08-05 17:41:45.036 DEBUG 548 --- [nio-9060-exec-3] o.s.jdbc.datasource.DataSourceUtils      : Fetching JDBC Connection from DataSource
2026-08-05 17:41:45.040 DEBUG 548 --- [nio-9060-exec-3] o.s.jdbc.core.JdbcTemplate               : Executing prepared SQL query
2026-08-05 17:41:45.041 DEBUG 548 --- [nio-9060-exec-3] o.s.jdbc.core.JdbcTemplate               : Executing prepared SQL statement [SELECT TOP 1 Nombre FROM dbo.tbl_Usuario WHERE Id_Usuario = ? AND ISNULL(E_Eliminado,0)=0]
2026-08-05 17:41:45.041 DEBUG 548 --- [nio-9060-exec-3] o.s.jdbc.datasource.DataSourceUtils      : Fetching JDBC Connection from DataSource
2026-08-05 17:41:45.048 DEBUG 548 --- [nio-9060-exec-3] o.s.jdbc.core.JdbcTemplate               : Executing prepared SQL query
2026-08-05 17:41:45.049 DEBUG 548 --- [nio-9060-exec-3] o.s.jdbc.core.JdbcTemplate               : Executing prepared SQL statement [SELECT TOP 1 u.Nombre AS Nombre FROM dbo.tbl_UsuarioTecnico ut LEFT JOIN dbo.tbl_Usuario u ON u.Id_Usuario = ut.id_Usuario WHERE ut.id_Usuario = ? AND ISNULL(ut.e_eliminado,0)=0]
2026-08-05 17:41:45.049 DEBUG 548 --- [nio-9060-exec-3] o.s.jdbc.datasource.DataSourceUtils      : Fetching JDBC Connection from DataSource
2026-08-05 17:41:45.053 DEBUG 548 --- [nio-9060-exec-3] o.s.jdbc.core.JdbcTemplate               : Executing prepared SQL query
2026-08-05 17:41:45.054 DEBUG 548 --- [nio-9060-exec-3] o.s.jdbc.core.JdbcTemplate               : Executing prepared SQL statement [SELECT TOP 1 Nombre FROM dbo.tbl_Vendedor WHERE Id_Vendedor = ? AND ISNULL(E_Eliminado,0)=0]
2026-08-05 17:41:45.054 DEBUG 548 --- [nio-9060-exec-3] o.s.jdbc.datasource.DataSourceUtils      : Fetching JDBC Connection from DataSource
2026-08-05 17:41:45.060 DEBUG 548 --- [nio-9060-exec-3] o.s.jdbc.core.JdbcTemplate               : Executing prepared SQL query
2026-08-05 17:41:45.060 DEBUG 548 --- [nio-9060-exec-3] o.s.jdbc.core.JdbcTemplate               : Executing prepared SQL statement [SELECT TOP 1 Nombre FROM dbo.tbl_Usuario WHERE Id_Usuario = ? AND ISNULL(E_Eliminado,0)=0]
2026-08-05 17:41:45.061 DEBUG 548 --- [nio-9060-exec-3] o.s.jdbc.datasource.DataSourceUtils      : Fetching JDBC Connection from DataSource
2026-08-05 17:41:45.064 DEBUG 548 --- [nio-9060-exec-3] o.s.jdbc.core.JdbcTemplate               : Executing prepared SQL query
2026-08-05 17:41:45.064 DEBUG 548 --- [nio-9060-exec-3] o.s.jdbc.core.JdbcTemplate               : Executing prepared SQL statement [SELECT TOP 1 u.Nombre AS Nombre FROM dbo.tbl_UsuarioTecnico ut LEFT JOIN dbo.tbl_Usuario u ON u.Id_Usuario = ut.id_Usuario WHERE ut.id_Usuario = ? AND ISNULL(ut.e_eliminado,0)=0]
2026-08-05 17:41:45.065 DEBUG 548 --- [nio-9060-exec-3] o.s.jdbc.datasource.DataSourceUtils      : Fetching JDBC Connection from DataSource
2026-08-05 17:41:45.068 DEBUG 548 --- [nio-9060-exec-3] o.s.jdbc.core.JdbcTemplate               : Executing prepared SQL query
2026-08-05 17:41:45.069 DEBUG 548 --- [nio-9060-exec-3] o.s.jdbc.core.JdbcTemplate               : Executing prepared SQL statement [SELECT TOP 1 Nombre FROM dbo.tbl_Vendedor WHERE Id_Vendedor = ? AND ISNULL(E_Eliminado,0)=0]
2026-08-05 17:41:45.069 DEBUG 548 --- [nio-9060-exec-3] o.s.jdbc.datasource.DataSourceUtils      : Fetching JDBC Connection from DataSource
2026-08-05 17:41:45.073 DEBUG 548 --- [nio-9060-exec-3] o.s.jdbc.core.JdbcTemplate               : Executing prepared SQL query
2026-08-05 17:41:45.073 DEBUG 548 --- [nio-9060-exec-3] o.s.jdbc.core.JdbcTemplate               : Executing prepared SQL statement [SELECT TOP 1 Nombre FROM dbo.tbl_Usuario WHERE Id_Usuario = ? AND ISNULL(E_Eliminado,0)=0]
2026-08-05 17:41:45.073 DEBUG 548 --- [nio-9060-exec-3] o.s.jdbc.datasource.DataSourceUtils      : Fetching JDBC Connection from DataSource
2026-08-05 17:41:45.077 DEBUG 548 --- [nio-9060-exec-3] o.s.jdbc.core.JdbcTemplate               : Executing prepared SQL query
2026-08-05 17:41:45.077 DEBUG 548 --- [nio-9060-exec-3] o.s.jdbc.core.JdbcTemplate               : Executing prepared SQL statement [SELECT TOP 1 u.Nombre AS Nombre FROM dbo.tbl_UsuarioTecnico ut LEFT JOIN dbo.tbl_Usuario u ON u.Id_Usuario = ut.id_Usuario WHERE ut.id_Usuario = ? AND ISNULL(ut.e_eliminado,0)=0]
2026-08-05 17:41:45.078 DEBUG 548 --- [nio-9060-exec-3] o.s.jdbc.datasource.DataSourceUtils      : Fetching JDBC Connection from DataSource
2026-08-05 17:41:45.081 DEBUG 548 --- [nio-9060-exec-3] o.s.jdbc.core.JdbcTemplate               : Executing prepared SQL query
2026-08-05 17:41:45.081 DEBUG 548 --- [nio-9060-exec-3] o.s.jdbc.core.JdbcTemplate               : Executing prepared SQL statement [SELECT TOP 1 Nombre FROM dbo.tbl_Vendedor WHERE Id_Vendedor = ? AND ISNULL(E_Eliminado,0)=0]
2026-08-05 17:41:45.082 DEBUG 548 --- [nio-9060-exec-3] o.s.jdbc.datasource.DataSourceUtils      : Fetching JDBC Connection from DataSource
2026-08-05 17:41:45.085 DEBUG 548 --- [nio-9060-exec-3] o.s.jdbc.core.JdbcTemplate               : Executing prepared SQL query
2026-08-05 17:41:45.086 DEBUG 548 --- [nio-9060-exec-3] o.s.jdbc.core.JdbcTemplate               : Executing prepared SQL statement [SELECT TOP 1 Nombre FROM dbo.tbl_Usuario WHERE Id_Usuario = ? AND ISNULL(E_Eliminado,0)=0]
2026-08-05 17:41:45.086 DEBUG 548 --- [nio-9060-exec-3] o.s.jdbc.datasource.DataSourceUtils      : Fetching JDBC Connection from DataSource
2026-08-05 17:41:45.089 DEBUG 548 --- [nio-9060-exec-3] o.s.jdbc.core.JdbcTemplate               : Executing prepared SQL query
2026-08-05 17:41:45.090 DEBUG 548 --- [nio-9060-exec-3] o.s.jdbc.core.JdbcTemplate               : Executing prepared SQL statement [SELECT TOP 1 u.Nombre AS Nombre FROM dbo.tbl_UsuarioTecnico ut LEFT JOIN dbo.tbl_Usuario u ON u.Id_Usuario = ut.id_Usuario WHERE ut.id_Usuario = ? AND ISNULL(ut.e_eliminado,0)=0]
2026-08-05 17:41:45.090 DEBUG 548 --- [nio-9060-exec-3] o.s.jdbc.datasource.DataSourceUtils      : Fetching JDBC Connection from DataSource
2026-08-05 17:41:45.094 DEBUG 548 --- [nio-9060-exec-3] o.s.jdbc.core.JdbcTemplate               : Executing prepared SQL query
2026-08-05 17:41:45.094 DEBUG 548 --- [nio-9060-exec-3] o.s.jdbc.core.JdbcTemplate               : Executing prepared SQL statement [SELECT TOP 1 Nombre FROM dbo.tbl_Vendedor WHERE Id_Vendedor = ? AND ISNULL(E_Eliminado,0)=0]
2026-08-05 17:41:45.094 DEBUG 548 --- [nio-9060-exec-3] o.s.jdbc.datasource.DataSourceUtils      : Fetching JDBC Connection from DataSource
2026-08-05 17:41:45.098 DEBUG 548 --- [nio-9060-exec-3] o.s.jdbc.core.JdbcTemplate               : Executing SQL query [EXEC dbo.spx_ObtenerSucursalesConexion]
2026-08-05 17:41:45.099 DEBUG 548 --- [nio-9060-exec-3] o.s.jdbc.datasource.DataSourceUtils      : Fetching JDBC Connection from DataSource
2026-08-05 17:41:45.104 DEBUG 548 --- [nio-9060-exec-3] com.zaxxer.hikari.HikariConfig           : Driver class net.sourceforge.jtds.jdbc.Driver found in Thread context class loader TomcatEmbeddedWebappClassLoader
  context: ROOT
  delegate: true
----------> Parent Classloader:
org.springframework.boot.loader.LaunchedURLClassLoader@5e8c92f4

2026-08-05 17:41:45.105 DEBUG 548 --- [nio-9060-exec-3] com.zaxxer.hikari.HikariConfig           : ConnDb-sucursal-19 - configuration:
2026-08-05 17:41:45.106 DEBUG 548 --- [nio-9060-exec-3] com.zaxxer.hikari.HikariConfig           : allowPoolSuspension................................false
2026-08-05 17:41:45.107 DEBUG 548 --- [nio-9060-exec-3] com.zaxxer.hikari.HikariConfig           : autoCommit................................true
2026-08-05 17:41:45.107 DEBUG 548 --- [nio-9060-exec-3] com.zaxxer.hikari.HikariConfig           : catalog................................none
2026-08-05 17:41:45.108 DEBUG 548 --- [nio-9060-exec-3] com.zaxxer.hikari.HikariConfig           : connectionInitSql................................none
2026-08-05 17:41:45.108 DEBUG 548 --- [nio-9060-exec-3] com.zaxxer.hikari.HikariConfig           : connectionTestQuery................................"SELECT 1"
2026-08-05 17:41:45.108 DEBUG 548 --- [nio-9060-exec-3] com.zaxxer.hikari.HikariConfig           : connectionTimeout................................30000
2026-08-05 17:41:45.109 DEBUG 548 --- [nio-9060-exec-3] com.zaxxer.hikari.HikariConfig           : dataSource................................none
2026-08-05 17:41:45.109 DEBUG 548 --- [nio-9060-exec-3] com.zaxxer.hikari.HikariConfig           : dataSourceClassName................................none
2026-08-05 17:41:45.109 DEBUG 548 --- [nio-9060-exec-3] com.zaxxer.hikari.HikariConfig           : dataSourceJNDI................................none
2026-08-05 17:41:45.109 DEBUG 548 --- [nio-9060-exec-3] com.zaxxer.hikari.HikariConfig           : dataSourceProperties................................{password=<masked>}
2026-08-05 17:41:45.110 DEBUG 548 --- [nio-9060-exec-3] com.zaxxer.hikari.HikariConfig           : driverClassName................................"net.sourceforge.jtds.jdbc.Driver"
2026-08-05 17:41:45.110 DEBUG 548 --- [nio-9060-exec-3] com.zaxxer.hikari.HikariConfig           : exceptionOverrideClassName................................none
2026-08-05 17:41:45.110 DEBUG 548 --- [nio-9060-exec-3] com.zaxxer.hikari.HikariConfig           : healthCheckProperties................................{}
2026-08-05 17:41:45.110 DEBUG 548 --- [nio-9060-exec-3] com.zaxxer.hikari.HikariConfig           : healthCheckRegistry................................none
2026-08-05 17:41:45.111 DEBUG 548 --- [nio-9060-exec-3] com.zaxxer.hikari.HikariConfig           : idleTimeout................................600000
2026-08-05 17:41:45.111 DEBUG 548 --- [nio-9060-exec-3] com.zaxxer.hikari.HikariConfig           : initializationFailTimeout................................-1
2026-08-05 17:41:45.111 DEBUG 548 --- [nio-9060-exec-3] com.zaxxer.hikari.HikariConfig           : isolateInternalQueries................................false
2026-08-05 17:41:45.112 DEBUG 548 --- [nio-9060-exec-3] com.zaxxer.hikari.HikariConfig           : jdbcUrl................................jdbc:jtds:sqlserver://sucursal1.makiro.com.bo/BDSistemaAntenaPMMontero;socketTimeout=0;loginTimeout=60
2026-08-05 17:41:45.112 DEBUG 548 --- [nio-9060-exec-3] com.zaxxer.hikari.HikariConfig           : keepaliveTime................................0
2026-08-05 17:41:45.112 DEBUG 548 --- [nio-9060-exec-3] com.zaxxer.hikari.HikariConfig           : leakDetectionThreshold................................0
2026-08-05 17:41:45.113 DEBUG 548 --- [nio-9060-exec-3] com.zaxxer.hikari.HikariConfig           : maxLifetime................................1800000
2026-08-05 17:41:45.113 DEBUG 548 --- [nio-9060-exec-3] com.zaxxer.hikari.HikariConfig           : maximumPoolSize................................5
2026-08-05 17:41:45.113 DEBUG 548 --- [nio-9060-exec-3] com.zaxxer.hikari.HikariConfig           : metricRegistry................................none
2026-08-05 17:41:45.113 DEBUG 548 --- [nio-9060-exec-3] com.zaxxer.hikari.HikariConfig           : metricsTrackerFactory................................none
2026-08-05 17:41:45.114 DEBUG 548 --- [nio-9060-exec-3] com.zaxxer.hikari.HikariConfig           : minimumIdle................................0
2026-08-05 17:41:45.114 DEBUG 548 --- [nio-9060-exec-3] com.zaxxer.hikari.HikariConfig           : password................................<masked>
2026-08-05 17:41:45.114 DEBUG 548 --- [nio-9060-exec-3] com.zaxxer.hikari.HikariConfig           : poolName................................"ConnDb-sucursal-19"
2026-08-05 17:41:45.115 DEBUG 548 --- [nio-9060-exec-3] com.zaxxer.hikari.HikariConfig           : readOnly................................false
2026-08-05 17:41:45.115 DEBUG 548 --- [nio-9060-exec-3] com.zaxxer.hikari.HikariConfig           : registerMbeans................................false
2026-08-05 17:41:45.115 DEBUG 548 --- [nio-9060-exec-3] com.zaxxer.hikari.HikariConfig           : scheduledExecutor................................none
2026-08-05 17:41:45.115 DEBUG 548 --- [nio-9060-exec-3] com.zaxxer.hikari.HikariConfig           : schema................................none
2026-08-05 17:41:45.116 DEBUG 548 --- [nio-9060-exec-3] com.zaxxer.hikari.HikariConfig           : threadFactory................................internal
2026-08-05 17:41:45.116 DEBUG 548 --- [nio-9060-exec-3] com.zaxxer.hikari.HikariConfig           : transactionIsolation................................default
2026-08-05 17:41:45.116 DEBUG 548 --- [nio-9060-exec-3] com.zaxxer.hikari.HikariConfig           : username................................"sistemas"
2026-08-05 17:41:45.117 DEBUG 548 --- [nio-9060-exec-3] com.zaxxer.hikari.HikariConfig           : validationTimeout................................5000
2026-08-05 17:41:45.117  INFO 548 --- [nio-9060-exec-3] com.zaxxer.hikari.HikariDataSource       : ConnDb-sucursal-19 - Starting...
2026-08-05 17:41:45.118  INFO 548 --- [nio-9060-exec-3] com.zaxxer.hikari.HikariDataSource       : ConnDb-sucursal-19 - Start completed.
2026-08-05 17:41:45.119 DEBUG 548 --- [nio-9060-exec-3] o.s.jdbc.core.JdbcTemplate               : Executing SQL query [EXEC dbo.SP_Usuario_ListarActivosBasico]
2026-08-05 17:41:45.119 DEBUG 548 --- [nio-9060-exec-3] o.s.jdbc.datasource.DataSourceUtils      : Fetching JDBC Connection from DataSource
2026-08-05 17:41:45.139  INFO 548 --- [onnection adder] com.zaxxer.hikari.pool.PoolBase          : ConnDb-sucursal-19 - Driver does not support get/set network timeout for connections. (null)
2026-08-05 17:41:45.143 DEBUG 548 --- [onnection adder] com.zaxxer.hikari.pool.HikariPool        : ConnDb-sucursal-19 - Added connection net.sourceforge.jtds.jdbc.JtdsConnection@e94f308
2026-08-05 17:41:45.148 DEBUG 548 --- [nio-9060-exec-3] o.s.jdbc.core.JdbcTemplate               : Executing prepared SQL query
2026-08-05 17:41:45.149 DEBUG 548 --- [nio-9060-exec-3] o.s.jdbc.core.JdbcTemplate               : Executing prepared SQL statement [SELECT TOP 1 Nombre FROM dbo.tbl_Usuario WHERE Id_Usuario = ? AND ISNULL(E_Eliminado,0)=0]
2026-08-05 17:41:45.149 DEBUG 548 --- [nio-9060-exec-3] o.s.jdbc.datasource.DataSourceUtils      : Fetching JDBC Connection from DataSource
2026-08-05 17:41:45.153 DEBUG 548 --- [nio-9060-exec-3] o.s.jdbc.core.JdbcTemplate               : Executing prepared SQL query
2026-08-05 17:41:45.153 DEBUG 548 --- [nio-9060-exec-3] o.s.jdbc.core.JdbcTemplate               : Executing prepared SQL statement [SELECT TOP 1 u.Nombre AS Nombre FROM dbo.tbl_UsuarioTecnico ut LEFT JOIN dbo.tbl_Usuario u ON u.Id_Usuario = ut.id_Usuario WHERE ut.id_Usuario = ? AND ISNULL(ut.e_eliminado,0)=0]
2026-08-05 17:41:45.154 DEBUG 548 --- [nio-9060-exec-3] o.s.jdbc.datasource.DataSourceUtils      : Fetching JDBC Connection from DataSource
2026-08-05 17:41:45.160 DEBUG 548 --- [nio-9060-exec-3] o.s.jdbc.core.JdbcTemplate               : Executing prepared SQL query
2026-08-05 17:41:45.161 DEBUG 548 --- [nio-9060-exec-3] o.s.jdbc.core.JdbcTemplate               : Executing prepared SQL statement [SELECT TOP 1 Nombre FROM dbo.tbl_Vendedor WHERE Id_Vendedor = ? AND ISNULL(E_Eliminado,0)=0]
2026-08-05 17:41:45.161 DEBUG 548 --- [nio-9060-exec-3] o.s.jdbc.datasource.DataSourceUtils      : Fetching JDBC Connection from DataSource
2026-08-05 17:41:45.166 DEBUG 548 --- [nio-9060-exec-3] o.s.jdbc.core.JdbcTemplate               : Executing prepared SQL query
2026-08-05 17:41:45.167 DEBUG 548 --- [nio-9060-exec-3] o.s.jdbc.core.JdbcTemplate               : Executing prepared SQL statement [SELECT TOP 1 Nombre FROM dbo.tbl_Usuario WHERE Id_Usuario = ? AND ISNULL(E_Eliminado,0)=0]
2026-08-05 17:41:45.167 DEBUG 548 --- [nio-9060-exec-3] o.s.jdbc.datasource.DataSourceUtils      : Fetching JDBC Connection from DataSource
2026-08-05 17:41:45.171 DEBUG 548 --- [nio-9060-exec-3] o.s.jdbc.core.JdbcTemplate               : Executing prepared SQL query
2026-08-05 17:41:45.171 DEBUG 548 --- [nio-9060-exec-3] o.s.jdbc.core.JdbcTemplate               : Executing prepared SQL statement [SELECT TOP 1 u.Nombre AS Nombre FROM dbo.tbl_UsuarioTecnico ut LEFT JOIN dbo.tbl_Usuario u ON u.Id_Usuario = ut.id_Usuario WHERE ut.id_Usuario = ? AND ISNULL(ut.e_eliminado,0)=0]
2026-08-05 17:41:45.172 DEBUG 548 --- [nio-9060-exec-3] o.s.jdbc.datasource.DataSourceUtils      : Fetching JDBC Connection from DataSource
2026-08-05 17:41:45.175 DEBUG 548 --- [nio-9060-exec-3] o.s.jdbc.core.JdbcTemplate               : Executing prepared SQL query
2026-08-05 17:41:45.176 DEBUG 548 --- [nio-9060-exec-3] o.s.jdbc.core.JdbcTemplate               : Executing prepared SQL statement [SELECT TOP 1 Nombre FROM dbo.tbl_Vendedor WHERE Id_Vendedor = ? AND ISNULL(E_Eliminado,0)=0]
2026-08-05 17:41:45.176 DEBUG 548 --- [nio-9060-exec-3] o.s.jdbc.datasource.DataSourceUtils      : Fetching JDBC Connection from DataSource
2026-08-05 17:41:45.180 DEBUG 548 --- [nio-9060-exec-3] o.s.jdbc.core.JdbcTemplate               : Executing SQL query [EXEC dbo.spx_ObtenerSucursalesConexion]
2026-08-05 17:41:45.181 DEBUG 548 --- [nio-9060-exec-3] o.s.jdbc.datasource.DataSourceUtils      : Fetching JDBC Connection from DataSource
2026-08-05 17:41:45.188 DEBUG 548 --- [nio-9060-exec-3] com.zaxxer.hikari.HikariConfig           : Driver class net.sourceforge.jtds.jdbc.Driver found in Thread context class loader TomcatEmbeddedWebappClassLoader
  context: ROOT
  delegate: true
----------> Parent Classloader:
org.springframework.boot.loader.LaunchedURLClassLoader@5e8c92f4

2026-08-05 17:41:45.189 DEBUG 548 --- [nio-9060-exec-3] com.zaxxer.hikari.HikariConfig           : ConnDb-sucursal-7 - configuration:
2026-08-05 17:41:45.191 DEBUG 548 --- [nio-9060-exec-3] com.zaxxer.hikari.HikariConfig           : allowPoolSuspension................................false
2026-08-05 17:41:45.192 DEBUG 548 --- [nio-9060-exec-3] com.zaxxer.hikari.HikariConfig           : autoCommit................................true
2026-08-05 17:41:45.192 DEBUG 548 --- [nio-9060-exec-3] com.zaxxer.hikari.HikariConfig           : catalog................................none
2026-08-05 17:41:45.193 DEBUG 548 --- [nio-9060-exec-3] com.zaxxer.hikari.HikariConfig           : connectionInitSql................................none
2026-08-05 17:41:45.194 DEBUG 548 --- [nio-9060-exec-3] com.zaxxer.hikari.HikariConfig           : connectionTestQuery................................"SELECT 1"
2026-08-05 17:41:45.194 DEBUG 548 --- [nio-9060-exec-3] com.zaxxer.hikari.HikariConfig           : connectionTimeout................................30000
2026-08-05 17:41:45.195 DEBUG 548 --- [nio-9060-exec-3] com.zaxxer.hikari.HikariConfig           : dataSource................................none
2026-08-05 17:41:45.196 DEBUG 548 --- [nio-9060-exec-3] com.zaxxer.hikari.HikariConfig           : dataSourceClassName................................none
2026-08-05 17:41:45.196 DEBUG 548 --- [nio-9060-exec-3] com.zaxxer.hikari.HikariConfig           : dataSourceJNDI................................none
2026-08-05 17:41:45.197 DEBUG 548 --- [nio-9060-exec-3] com.zaxxer.hikari.HikariConfig           : dataSourceProperties................................{password=<masked>}
2026-08-05 17:41:45.197 DEBUG 548 --- [nio-9060-exec-3] com.zaxxer.hikari.HikariConfig           : driverClassName................................"net.sourceforge.jtds.jdbc.Driver"
2026-08-05 17:41:45.198 DEBUG 548 --- [nio-9060-exec-3] com.zaxxer.hikari.HikariConfig           : exceptionOverrideClassName................................none
2026-08-05 17:41:45.198 DEBUG 548 --- [nio-9060-exec-3] com.zaxxer.hikari.HikariConfig           : healthCheckProperties................................{}
2026-08-05 17:41:45.199 DEBUG 548 --- [nio-9060-exec-3] com.zaxxer.hikari.HikariConfig           : healthCheckRegistry................................none
2026-08-05 17:41:45.200 DEBUG 548 --- [nio-9060-exec-3] com.zaxxer.hikari.HikariConfig           : idleTimeout................................600000
2026-08-05 17:41:45.201 DEBUG 548 --- [nio-9060-exec-3] com.zaxxer.hikari.HikariConfig           : initializationFailTimeout................................-1
2026-08-05 17:41:45.201 DEBUG 548 --- [nio-9060-exec-3] com.zaxxer.hikari.HikariConfig           : isolateInternalQueries................................false
2026-08-05 17:41:45.202 DEBUG 548 --- [nio-9060-exec-3] com.zaxxer.hikari.HikariConfig           : jdbcUrl................................jdbc:jtds:sqlserver://172.16.0.13/BDSistemaAntenaPMTarija;socketTimeout=0;loginTimeout=60
2026-08-05 17:41:45.203 DEBUG 548 --- [nio-9060-exec-3] com.zaxxer.hikari.HikariConfig           : keepaliveTime................................0
2026-08-05 17:41:45.203 DEBUG 548 --- [nio-9060-exec-3] com.zaxxer.hikari.HikariConfig           : leakDetectionThreshold................................0
2026-08-05 17:41:45.204 DEBUG 548 --- [nio-9060-exec-3] com.zaxxer.hikari.HikariConfig           : maxLifetime................................1800000
2026-08-05 17:41:45.204 DEBUG 548 --- [nio-9060-exec-3] com.zaxxer.hikari.HikariConfig           : maximumPoolSize................................5
2026-08-05 17:41:45.205 DEBUG 548 --- [nio-9060-exec-3] com.zaxxer.hikari.HikariConfig           : metricRegistry................................none
2026-08-05 17:41:45.206 DEBUG 548 --- [nio-9060-exec-3] com.zaxxer.hikari.HikariConfig           : metricsTrackerFactory................................none
2026-08-05 17:41:45.206 DEBUG 548 --- [nio-9060-exec-3] com.zaxxer.hikari.HikariConfig           : minimumIdle................................0
2026-08-05 17:41:45.207 DEBUG 548 --- [nio-9060-exec-3] com.zaxxer.hikari.HikariConfig           : password................................<masked>
2026-08-05 17:41:45.207 DEBUG 548 --- [nio-9060-exec-3] com.zaxxer.hikari.HikariConfig           : poolName................................"ConnDb-sucursal-7"
2026-08-05 17:41:45.208 DEBUG 548 --- [nio-9060-exec-3] com.zaxxer.hikari.HikariConfig           : readOnly................................false
2026-08-05 17:41:45.208 DEBUG 548 --- [nio-9060-exec-3] com.zaxxer.hikari.HikariConfig           : registerMbeans................................false
2026-08-05 17:41:45.209 DEBUG 548 --- [nio-9060-exec-3] com.zaxxer.hikari.HikariConfig           : scheduledExecutor................................none
2026-08-05 17:41:45.209 DEBUG 548 --- [nio-9060-exec-3] com.zaxxer.hikari.HikariConfig           : schema................................none
2026-08-05 17:41:45.210 DEBUG 548 --- [nio-9060-exec-3] com.zaxxer.hikari.HikariConfig           : threadFactory................................internal
2026-08-05 17:41:45.210 DEBUG 548 --- [nio-9060-exec-3] com.zaxxer.hikari.HikariConfig           : transactionIsolation................................default
2026-08-05 17:41:45.210 DEBUG 548 --- [nio-9060-exec-3] com.zaxxer.hikari.HikariConfig           : username................................"sistemas"
2026-08-05 17:41:45.211 DEBUG 548 --- [nio-9060-exec-3] com.zaxxer.hikari.HikariConfig           : validationTimeout................................5000
2026-08-05 17:41:45.212  INFO 548 --- [nio-9060-exec-3] com.zaxxer.hikari.HikariDataSource       : ConnDb-sucursal-7 - Starting...
2026-08-05 17:41:45.213  INFO 548 --- [nio-9060-exec-3] com.zaxxer.hikari.HikariDataSource       : ConnDb-sucursal-7 - Start completed.
2026-08-05 17:41:45.214 DEBUG 548 --- [nio-9060-exec-3] o.s.jdbc.core.JdbcTemplate               : Executing SQL query [EXEC dbo.SP_Usuario_ListarActivosBasico]
2026-08-05 17:41:45.214 DEBUG 548 --- [nio-9060-exec-3] o.s.jdbc.datasource.DataSourceUtils      : Fetching JDBC Connection from DataSource
2026-08-05 17:41:45.227 DEBUG 548 --- [-19 housekeeper] com.zaxxer.hikari.pool.HikariPool        : ConnDb-sucursal-19 - Before cleanup stats (total=1, active=0, idle=1, waiting=0)
2026-08-05 17:41:45.227 DEBUG 548 --- [-19 housekeeper] com.zaxxer.hikari.pool.HikariPool        : ConnDb-sucursal-19 - After cleanup  stats (total=1, active=0, idle=1, waiting=0)
2026-08-05 17:41:45.228 DEBUG 548 --- [-19 housekeeper] com.zaxxer.hikari.pool.HikariPool        : ConnDb-sucursal-19 - Fill pool skipped, pool is at sufficient level.
2026-08-05 17:41:45.253  INFO 548 --- [onnection adder] com.zaxxer.hikari.pool.PoolBase          : ConnDb-sucursal-7 - Driver does not support get/set network timeout for connections. (null)
2026-08-05 17:41:45.274 DEBUG 548 --- [onnection adder] com.zaxxer.hikari.pool.HikariPool        : ConnDb-sucursal-7 - Added connection net.sourceforge.jtds.jdbc.JtdsConnection@1a31f3b1
2026-08-05 17:41:45.287 DEBUG 548 --- [nio-9060-exec-3] o.s.jdbc.core.JdbcTemplate               : Executing prepared SQL query
2026-08-05 17:41:45.288 DEBUG 548 --- [nio-9060-exec-3] o.s.jdbc.core.JdbcTemplate               : Executing prepared SQL statement [SELECT TOP 1 Nombre FROM dbo.tbl_Usuario WHERE Id_Usuario = ? AND ISNULL(E_Eliminado,0)=0]
2026-08-05 17:41:45.289 DEBUG 548 --- [nio-9060-exec-3] o.s.jdbc.datasource.DataSourceUtils      : Fetching JDBC Connection from DataSource
2026-08-05 17:41:45.301 DEBUG 548 --- [nio-9060-exec-3] o.s.jdbc.core.JdbcTemplate               : Executing prepared SQL query
2026-08-05 17:41:45.302 DEBUG 548 --- [nio-9060-exec-3] o.s.jdbc.core.JdbcTemplate               : Executing prepared SQL statement [SELECT TOP 1 u.Nombre AS Nombre FROM dbo.tbl_UsuarioTecnico ut LEFT JOIN dbo.tbl_Usuario u ON u.Id_Usuario = ut.id_Usuario WHERE ut.id_Usuario = ? AND ISNULL(ut.e_eliminado,0)=0]
2026-08-05 17:41:45.302 DEBUG 548 --- [nio-9060-exec-3] o.s.jdbc.datasource.DataSourceUtils      : Fetching JDBC Connection from DataSource
2026-08-05 17:41:45.311 DEBUG 548 --- [nio-9060-exec-3] o.s.jdbc.core.JdbcTemplate               : Executing prepared SQL query
2026-08-05 17:41:45.311 DEBUG 548 --- [nio-9060-exec-3] o.s.jdbc.core.JdbcTemplate               : Executing prepared SQL statement [SELECT TOP 1 Nombre FROM dbo.tbl_Vendedor WHERE Id_Vendedor = ? AND ISNULL(E_Eliminado,0)=0]
2026-08-05 17:41:45.311 DEBUG 548 --- [nio-9060-exec-3] o.s.jdbc.datasource.DataSourceUtils      : Fetching JDBC Connection from DataSource
2026-08-05 17:41:45.315 DEBUG 548 --- [nio-9060-exec-3] o.s.jdbc.core.JdbcTemplate               : Executing prepared SQL query
2026-08-05 17:41:45.316 DEBUG 548 --- [nio-9060-exec-3] o.s.jdbc.core.JdbcTemplate               : Executing prepared SQL statement [SELECT TOP 1 Nombre FROM dbo.tbl_Usuario WHERE Id_Usuario = ? AND ISNULL(E_Eliminado,0)=0]
2026-08-05 17:41:45.316 DEBUG 548 --- [nio-9060-exec-3] o.s.jdbc.datasource.DataSourceUtils      : Fetching JDBC Connection from DataSource
2026-08-05 17:41:45.319 DEBUG 548 --- [l-7 housekeeper] com.zaxxer.hikari.pool.HikariPool        : ConnDb-sucursal-7 - Before cleanup stats (total=1, active=0, idle=1, waiting=0)
2026-08-05 17:41:45.319 DEBUG 548 --- [l-7 housekeeper] com.zaxxer.hikari.pool.HikariPool        : ConnDb-sucursal-7 - After cleanup  stats (total=1, active=0, idle=1, waiting=0)
2026-08-05 17:41:45.320 DEBUG 548 --- [l-7 housekeeper] com.zaxxer.hikari.pool.HikariPool        : ConnDb-sucursal-7 - Fill pool skipped, pool is at sufficient level.
2026-08-05 17:41:45.322 DEBUG 548 --- [nio-9060-exec-3] o.s.jdbc.core.JdbcTemplate               : Executing prepared SQL query
2026-08-05 17:41:45.323 DEBUG 548 --- [nio-9060-exec-3] o.s.jdbc.core.JdbcTemplate               : Executing prepared SQL statement [SELECT TOP 1 u.Nombre AS Nombre FROM dbo.tbl_UsuarioTecnico ut LEFT JOIN dbo.tbl_Usuario u ON u.Id_Usuario = ut.id_Usuario WHERE ut.id_Usuario = ? AND ISNULL(ut.e_eliminado,0)=0]
2026-08-05 17:41:45.323 DEBUG 548 --- [nio-9060-exec-3] o.s.jdbc.datasource.DataSourceUtils      : Fetching JDBC Connection from DataSource
2026-08-05 17:41:45.329 DEBUG 548 --- [nio-9060-exec-3] o.s.jdbc.core.JdbcTemplate               : Executing prepared SQL query
2026-08-05 17:41:45.329 DEBUG 548 --- [nio-9060-exec-3] o.s.jdbc.core.JdbcTemplate               : Executing prepared SQL statement [SELECT TOP 1 Nombre FROM dbo.tbl_Vendedor WHERE Id_Vendedor = ? AND ISNULL(E_Eliminado,0)=0]
2026-08-05 17:41:45.330 DEBUG 548 --- [nio-9060-exec-3] o.s.jdbc.datasource.DataSourceUtils      : Fetching JDBC Connection from DataSource
2026-08-05 17:41:45.336 DEBUG 548 --- [nio-9060-exec-3] o.s.w.s.m.m.a.HttpEntityMethodProcessor  : Using 'application/json', given [application/json, text/plain, */*] and supported [application/json, application/*+json, application/json, application/*+json]
2026-08-05 17:41:45.336 DEBUG 548 --- [nio-9060-exec-3] o.s.w.s.m.m.a.HttpEntityMethodProcessor  : Writing [com.example.TigoStarSystem.common.ApiResponse@21d424ca]
2026-08-05 17:41:46.606 DEBUG 548 --- [nio-9060-exec-3] o.s.web.servlet.DispatcherServlet        : Completed 200 OK
2026-08-05 17:41:46.836 DEBUG 548 --- [nio-9060-exec-5] o.s.web.servlet.DispatcherServlet        : GET "/supervisor/supervision/jornadas/2524/imagen?miniatura=true", parameters={masked}
2026-08-05 17:41:46.838 DEBUG 548 --- [nio-9060-exec-5] s.w.s.m.m.a.RequestMappingHandlerMapping : Mapped to com.example.TigoStarSystem.supervision.controller.SupervisionController#obtenerImagenJornada(String, Integer, boolean)
2026-08-05 17:41:46.840 DEBUG 548 --- [nio-9060-exec-8] o.s.web.servlet.DispatcherServlet        : GET "/supervisor/supervision/jornadas/2523/imagen?miniatura=true", parameters={masked}
2026-08-05 17:41:46.841 DEBUG 548 --- [nio-9060-exec-8] s.w.s.m.m.a.RequestMappingHandlerMapping : Mapped to com.example.TigoStarSystem.supervision.controller.SupervisionController#obtenerImagenJornada(String, Integer, boolean)
2026-08-05 17:41:46.846 DEBUG 548 --- [nio-9060-exec-5] o.s.jdbc.core.JdbcTemplate               : Executing prepared SQL query
2026-08-05 17:41:46.846 DEBUG 548 --- [nio-9060-exec-8] o.s.jdbc.core.JdbcTemplate               : Executing prepared SQL query
2026-08-05 17:41:46.846 DEBUG 548 --- [nio-9060-exec-5] o.s.jdbc.core.JdbcTemplate               : Executing prepared SQL statement [SELECT imagen FROM dbo.tbl_InicioJornadaAlturas WHERE id_inicio = ? AND ISNULL(e_eliminado, 0) = 0]
2026-08-05 17:41:46.847 DEBUG 548 --- [nio-9060-exec-8] o.s.jdbc.core.JdbcTemplate               : Executing prepared SQL statement [SELECT imagen FROM dbo.tbl_InicioJornadaAlturas WHERE id_inicio = ? AND ISNULL(e_eliminado, 0) = 0]
2026-08-05 17:41:46.847 DEBUG 548 --- [nio-9060-exec-5] o.s.jdbc.datasource.DataSourceUtils      : Fetching JDBC Connection from DataSource
2026-08-05 17:41:46.848 DEBUG 548 --- [nio-9060-exec-8] o.s.jdbc.datasource.DataSourceUtils      : Fetching JDBC Connection from DataSource
2026-08-05 17:41:46.854 DEBUG 548 --- [nio-9060-exec-4] o.s.web.servlet.DispatcherServlet        : GET "/supervisor/supervision/jornadas/2522/imagen?miniatura=true", parameters={masked}
2026-08-05 17:41:46.854 DEBUG 548 --- [nio-9060-exec-1] o.s.web.servlet.DispatcherServlet        : GET "/supervisor/supervision/jornadas/2521/imagen?miniatura=true", parameters={masked}
2026-08-05 17:41:46.854 DEBUG 548 --- [nio-9060-exec-2] o.s.web.servlet.DispatcherServlet        : GET "/supervisor/supervision/jornadas/2520/imagen?miniatura=true", parameters={masked}
2026-08-05 17:41:46.856 DEBUG 548 --- [nio-9060-exec-4] s.w.s.m.m.a.RequestMappingHandlerMapping : Mapped to com.example.TigoStarSystem.supervision.controller.SupervisionController#obtenerImagenJornada(String, Integer, boolean)
2026-08-05 17:41:46.856 DEBUG 548 --- [nio-9060-exec-1] s.w.s.m.m.a.RequestMappingHandlerMapping : Mapped to com.example.TigoStarSystem.supervision.controller.SupervisionController#obtenerImagenJornada(String, Integer, boolean)
2026-08-05 17:41:46.857 DEBUG 548 --- [nio-9060-exec-2] s.w.s.m.m.a.RequestMappingHandlerMapping : Mapped to com.example.TigoStarSystem.supervision.controller.SupervisionController#obtenerImagenJornada(String, Integer, boolean)
2026-08-05 17:41:46.859 DEBUG 548 --- [nio-9060-exec-4] o.s.jdbc.core.JdbcTemplate               : Executing prepared SQL query
2026-08-05 17:41:46.860 DEBUG 548 --- [nio-9060-exec-1] o.s.jdbc.core.JdbcTemplate               : Executing prepared SQL query
2026-08-05 17:41:46.860 DEBUG 548 --- [nio-9060-exec-4] o.s.jdbc.core.JdbcTemplate               : Executing prepared SQL statement [SELECT imagen FROM dbo.tbl_InicioJornadaAlturas WHERE id_inicio = ? AND ISNULL(e_eliminado, 0) = 0]
2026-08-05 17:41:46.861 DEBUG 548 --- [nio-9060-exec-2] o.s.jdbc.core.JdbcTemplate               : Executing prepared SQL query
2026-08-05 17:41:46.861 DEBUG 548 --- [nio-9060-exec-1] o.s.jdbc.core.JdbcTemplate               : Executing prepared SQL statement [SELECT imagen FROM dbo.tbl_InicioJornadaAlturas WHERE id_inicio = ? AND ISNULL(e_eliminado, 0) = 0]
2026-08-05 17:41:46.862 DEBUG 548 --- [nio-9060-exec-4] o.s.jdbc.datasource.DataSourceUtils      : Fetching JDBC Connection from DataSource
2026-08-05 17:41:46.862 DEBUG 548 --- [nio-9060-exec-2] o.s.jdbc.core.JdbcTemplate               : Executing prepared SQL statement [SELECT imagen FROM dbo.tbl_InicioJornadaAlturas WHERE id_inicio = ? AND ISNULL(e_eliminado, 0) = 0]
2026-08-05 17:41:46.863 DEBUG 548 --- [nio-9060-exec-1] o.s.jdbc.datasource.DataSourceUtils      : Fetching JDBC Connection from DataSource
2026-08-05 17:41:46.864 DEBUG 548 --- [nio-9060-exec-2] o.s.jdbc.datasource.DataSourceUtils      : Fetching JDBC Connection from DataSource
2026-08-05 17:41:47.702 DEBUG 548 --- [nio-9060-exec-4] o.s.w.s.m.m.a.HttpEntityMethodProcessor  : Found 'Content-Type:image/jpeg' in response
2026-08-05 17:41:47.703 DEBUG 548 --- [nio-9060-exec-4] o.s.w.s.m.m.a.HttpEntityMethodProcessor  : Writing [{-1, -40, -1, -32, 0, 16, 74, 70, 73, 70, 0, 1, 2, 0, 0, 1, 0, 1, 0, 0, -1, -37, 0, 67, 0, 8, 6, 6,  (truncated)...]
2026-08-05 17:41:47.704 DEBUG 548 --- [nio-9060-exec-4] o.s.web.servlet.DispatcherServlet        : Completed 200 OK
2026-08-05 17:41:47.713 DEBUG 548 --- [nio-9060-exec-7] o.s.web.servlet.DispatcherServlet        : GET "/supervisor/supervision/jornadas/2519/imagen?miniatura=true", parameters={masked}
2026-08-05 17:41:47.713 DEBUG 548 --- [nio-9060-exec-7] s.w.s.m.m.a.RequestMappingHandlerMapping : Mapped to com.example.TigoStarSystem.supervision.controller.SupervisionController#obtenerImagenJornada(String, Integer, boolean)
2026-08-05 17:41:47.719 DEBUG 548 --- [nio-9060-exec-7] o.s.jdbc.core.JdbcTemplate               : Executing prepared SQL query
2026-08-05 17:41:47.719 DEBUG 548 --- [nio-9060-exec-7] o.s.jdbc.core.JdbcTemplate               : Executing prepared SQL statement [SELECT imagen FROM dbo.tbl_InicioJornadaAlturas WHERE id_inicio = ? AND ISNULL(e_eliminado, 0) = 0]
2026-08-05 17:41:47.720 DEBUG 548 --- [nio-9060-exec-7] o.s.jdbc.datasource.DataSourceUtils      : Fetching JDBC Connection from DataSource
2026-08-05 17:41:48.614 DEBUG 548 --- [nio-9060-exec-2] o.s.w.s.m.m.a.HttpEntityMethodProcessor  : Found 'Content-Type:image/jpeg' in response
2026-08-05 17:41:48.615 DEBUG 548 --- [nio-9060-exec-2] o.s.w.s.m.m.a.HttpEntityMethodProcessor  : Writing [{-1, -40, -1, -32, 0, 16, 74, 70, 73, 70, 0, 1, 2, 0, 0, 1, 0, 1, 0, 0, -1, -37, 0, 67, 0, 8, 6, 6,  (truncated)...]
2026-08-05 17:41:48.616 DEBUG 548 --- [nio-9060-exec-2] o.s.web.servlet.DispatcherServlet        : Completed 200 OK
2026-08-05 17:41:48.621 DEBUG 548 --- [nio-9060-exec-6] o.s.web.servlet.DispatcherServlet        : GET "/supervisor/supervision/jornadas/2518/imagen?miniatura=true", parameters={masked}
2026-08-05 17:41:48.622 DEBUG 548 --- [nio-9060-exec-6] s.w.s.m.m.a.RequestMappingHandlerMapping : Mapped to com.example.TigoStarSystem.supervision.controller.SupervisionController#obtenerImagenJornada(String, Integer, boolean)
2026-08-05 17:41:48.624 DEBUG 548 --- [nio-9060-exec-6] o.s.jdbc.core.JdbcTemplate               : Executing prepared SQL query
2026-08-05 17:41:48.624 DEBUG 548 --- [nio-9060-exec-6] o.s.jdbc.core.JdbcTemplate               : Executing prepared SQL statement [SELECT imagen FROM dbo.tbl_InicioJornadaAlturas WHERE id_inicio = ? AND ISNULL(e_eliminado, 0) = 0]
2026-08-05 17:41:48.624 DEBUG 548 --- [nio-9060-exec-6] o.s.jdbc.datasource.DataSourceUtils      : Fetching JDBC Connection from DataSource
2026-08-05 17:41:49.111 DEBUG 548 --- [nio-9060-exec-1] o.s.w.s.m.m.a.HttpEntityMethodProcessor  : Found 'Content-Type:image/jpeg' in response
2026-08-05 17:41:49.112 DEBUG 548 --- [nio-9060-exec-1] o.s.w.s.m.m.a.HttpEntityMethodProcessor  : Writing [{-1, -40, -1, -32, 0, 16, 74, 70, 73, 70, 0, 1, 2, 0, 0, 1, 0, 1, 0, 0, -1, -37, 0, 67, 0, 8, 6, 6,  (truncated)...]
2026-08-05 17:41:49.112 DEBUG 548 --- [nio-9060-exec-7] o.s.w.s.m.m.a.HttpEntityMethodProcessor  : Found 'Content-Type:image/jpeg' in response
2026-08-05 17:41:49.113 DEBUG 548 --- [nio-9060-exec-1] o.s.web.servlet.DispatcherServlet        : Completed 200 OK
2026-08-05 17:41:49.113 DEBUG 548 --- [nio-9060-exec-7] o.s.w.s.m.m.a.HttpEntityMethodProcessor  : Writing [{-1, -40, -1, -32, 0, 16, 74, 70, 73, 70, 0, 1, 2, 0, 0, 1, 0, 1, 0, 0, -1, -37, 0, 67, 0, 8, 6, 6,  (truncated)...]
2026-08-05 17:41:49.114 DEBUG 548 --- [nio-9060-exec-7] o.s.web.servlet.DispatcherServlet        : Completed 200 OK
2026-08-05 17:41:49.119 DEBUG 548 --- [nio-9060-exec-9] o.s.web.servlet.DispatcherServlet        : GET "/supervisor/supervision/jornadas/2514/imagen?miniatura=true", parameters={masked}
2026-08-05 17:41:49.120 DEBUG 548 --- [nio-9060-exec-9] s.w.s.m.m.a.RequestMappingHandlerMapping : Mapped to com.example.TigoStarSystem.supervision.controller.SupervisionController#obtenerImagenJornada(String, Integer, boolean)
2026-08-05 17:41:49.120 DEBUG 548 --- [nio-9060-exec-3] o.s.web.servlet.DispatcherServlet        : GET "/supervisor/supervision/jornadas/2512/imagen?miniatura=true", parameters={masked}
2026-08-05 17:41:49.121 DEBUG 548 --- [nio-9060-exec-3] s.w.s.m.m.a.RequestMappingHandlerMapping : Mapped to com.example.TigoStarSystem.supervision.controller.SupervisionController#obtenerImagenJornada(String, Integer, boolean)
2026-08-05 17:41:49.122 DEBUG 548 --- [nio-9060-exec-9] o.s.jdbc.core.JdbcTemplate               : Executing prepared SQL query
2026-08-05 17:41:49.123 DEBUG 548 --- [nio-9060-exec-9] o.s.jdbc.core.JdbcTemplate               : Executing prepared SQL statement [SELECT imagen FROM dbo.tbl_InicioJornadaAlturas WHERE id_inicio = ? AND ISNULL(e_eliminado, 0) = 0]
2026-08-05 17:41:49.123 DEBUG 548 --- [nio-9060-exec-9] o.s.jdbc.datasource.DataSourceUtils      : Fetching JDBC Connection from DataSource
2026-08-05 17:41:49.124 DEBUG 548 --- [nio-9060-exec-3] o.s.jdbc.core.JdbcTemplate               : Executing prepared SQL query
2026-08-05 17:41:49.124 DEBUG 548 --- [nio-9060-exec-3] o.s.jdbc.core.JdbcTemplate               : Executing prepared SQL statement [SELECT imagen FROM dbo.tbl_InicioJornadaAlturas WHERE id_inicio = ? AND ISNULL(e_eliminado, 0) = 0]
2026-08-05 17:41:49.124 DEBUG 548 --- [nio-9060-exec-3] o.s.jdbc.datasource.DataSourceUtils      : Fetching JDBC Connection from DataSource
2026-08-05 17:41:49.630 DEBUG 548 --- [nio-9060-exec-3] o.s.w.s.m.m.a.HttpEntityMethodProcessor  : Found 'Content-Type:image/jpeg' in response
2026-08-05 17:41:49.631 DEBUG 548 --- [nio-9060-exec-3] o.s.w.s.m.m.a.HttpEntityMethodProcessor  : Writing [{-1, -40, -1, -32, 0, 16, 74, 70, 73, 70, 0, 1, 2, 0, 0, 1, 0, 1, 0, 0, -1, -37, 0, 67, 0, 8, 6, 6,  (truncated)...]
2026-08-05 17:41:49.632 DEBUG 548 --- [nio-9060-exec-3] o.s.web.servlet.DispatcherServlet        : Completed 200 OK
2026-08-05 17:41:49.640 DEBUG 548 --- [nio-9060-exec-4] o.s.web.servlet.DispatcherServlet        : GET "/supervisor/supervision/jornadas/2510/imagen?miniatura=true", parameters={masked}
2026-08-05 17:41:49.641 DEBUG 548 --- [nio-9060-exec-4] s.w.s.m.m.a.RequestMappingHandlerMapping : Mapped to com.example.TigoStarSystem.supervision.controller.SupervisionController#obtenerImagenJornada(String, Integer, boolean)
2026-08-05 17:41:49.643 DEBUG 548 --- [nio-9060-exec-4] o.s.jdbc.core.JdbcTemplate               : Executing prepared SQL query
2026-08-05 17:41:49.644 DEBUG 548 --- [nio-9060-exec-4] o.s.jdbc.core.JdbcTemplate               : Executing prepared SQL statement [SELECT imagen FROM dbo.tbl_InicioJornadaAlturas WHERE id_inicio = ? AND ISNULL(e_eliminado, 0) = 0]
2026-08-05 17:41:49.644 DEBUG 548 --- [nio-9060-exec-4] o.s.jdbc.datasource.DataSourceUtils      : Fetching JDBC Connection from DataSource
2026-08-05 17:41:50.408 DEBUG 548 --- [nio-9060-exec-8] o.s.w.s.m.m.a.HttpEntityMethodProcessor  : Found 'Content-Type:image/jpeg' in response
2026-08-05 17:41:50.410 DEBUG 548 --- [nio-9060-exec-8] o.s.w.s.m.m.a.HttpEntityMethodProcessor  : Writing [{-1, -40, -1, -32, 0, 16, 74, 70, 73, 70, 0, 1, 2, 0, 0, 1, 0, 1, 0, 0, -1, -37, 0, 67, 0, 8, 6, 6,  (truncated)...]
2026-08-05 17:41:50.411 DEBUG 548 --- [nio-9060-exec-8] o.s.web.servlet.DispatcherServlet        : Completed 200 OK
2026-08-05 17:41:50.420 DEBUG 548 --- [nio-9060-exec-2] o.s.web.servlet.DispatcherServlet        : GET "/supervisor/supervision/jornadas/2506/imagen?miniatura=true", parameters={masked}
2026-08-05 17:41:50.422 DEBUG 548 --- [nio-9060-exec-2] s.w.s.m.m.a.RequestMappingHandlerMapping : Mapped to com.example.TigoStarSystem.supervision.controller.SupervisionController#obtenerImagenJornada(String, Integer, boolean)
2026-08-05 17:41:50.425 DEBUG 548 --- [nio-9060-exec-2] o.s.jdbc.core.JdbcTemplate               : Executing prepared SQL query
2026-08-05 17:41:50.426 DEBUG 548 --- [nio-9060-exec-2] o.s.jdbc.core.JdbcTemplate               : Executing prepared SQL statement [SELECT imagen FROM dbo.tbl_InicioJornadaAlturas WHERE id_inicio = ? AND ISNULL(e_eliminado, 0) = 0]
2026-08-05 17:41:50.427 DEBUG 548 --- [nio-9060-exec-2] o.s.jdbc.datasource.DataSourceUtils      : Fetching JDBC Connection from DataSource
2026-08-05 17:41:51.117 DEBUG 548 --- [nio-9060-exec-9] o.s.w.s.m.m.a.HttpEntityMethodProcessor  : Found 'Content-Type:image/jpeg' in response
2026-08-05 17:41:51.119 DEBUG 548 --- [nio-9060-exec-9] o.s.w.s.m.m.a.HttpEntityMethodProcessor  : Writing [{-1, -40, -1, -32, 0, 16, 74, 70, 73, 70, 0, 1, 2, 0, 0, 1, 0, 1, 0, 0, -1, -37, 0, 67, 0, 8, 6, 6,  (truncated)...]
2026-08-05 17:41:51.120 DEBUG 548 --- [nio-9060-exec-9] o.s.web.servlet.DispatcherServlet        : Completed 200 OK
2026-08-05 17:41:51.128 DEBUG 548 --- [nio-9060-exec-1] o.s.web.servlet.DispatcherServlet        : GET "/supervisor/supervision/jornadas/2490/imagen?miniatura=true", parameters={masked}
2026-08-05 17:41:51.130 DEBUG 548 --- [nio-9060-exec-1] s.w.s.m.m.a.RequestMappingHandlerMapping : Mapped to com.example.TigoStarSystem.supervision.controller.SupervisionController#obtenerImagenJornada(String, Integer, boolean)
2026-08-05 17:41:51.133 DEBUG 548 --- [nio-9060-exec-1] o.s.jdbc.core.JdbcTemplate               : Executing prepared SQL query
2026-08-05 17:41:51.133 DEBUG 548 --- [nio-9060-exec-1] o.s.jdbc.core.JdbcTemplate               : Executing prepared SQL statement [SELECT imagen FROM dbo.tbl_InicioJornadaAlturas WHERE id_inicio = ? AND ISNULL(e_eliminado, 0) = 0]
2026-08-05 17:41:51.134 DEBUG 548 --- [nio-9060-exec-1] o.s.jdbc.datasource.DataSourceUtils      : Fetching JDBC Connection from DataSource
2026-08-05 17:41:51.793 DEBUG 548 --- [nio-9060-exec-6] o.s.w.s.m.m.a.HttpEntityMethodProcessor  : Found 'Content-Type:image/jpeg' in response
2026-08-05 17:41:51.796 DEBUG 548 --- [nio-9060-exec-6] o.s.w.s.m.m.a.HttpEntityMethodProcessor  : Writing [{-1, -40, -1, -32, 0, 16, 74, 70, 73, 70, 0, 1, 2, 0, 0, 1, 0, 1, 0, 0, -1, -37, 0, 67, 0, 8, 6, 6,  (truncated)...]
2026-08-05 17:41:51.801 DEBUG 548 --- [nio-9060-exec-6] o.s.web.servlet.DispatcherServlet        : Completed 200 OK
2026-08-05 17:41:51.807 DEBUG 548 --- [nio-9060-exec-7] o.s.web.servlet.DispatcherServlet        : GET "/supervisor/supervision/jornadas/2489/imagen?miniatura=true", parameters={masked}
2026-08-05 17:41:51.811 DEBUG 548 --- [nio-9060-exec-7] s.w.s.m.m.a.RequestMappingHandlerMapping : Mapped to com.example.TigoStarSystem.supervision.controller.SupervisionController#obtenerImagenJornada(String, Integer, boolean)
2026-08-05 17:41:51.817 DEBUG 548 --- [nio-9060-exec-7] o.s.jdbc.core.JdbcTemplate               : Executing prepared SQL query
2026-08-05 17:41:51.820 DEBUG 548 --- [nio-9060-exec-7] o.s.jdbc.core.JdbcTemplate               : Executing prepared SQL statement [SELECT imagen FROM dbo.tbl_InicioJornadaAlturas WHERE id_inicio = ? AND ISNULL(e_eliminado, 0) = 0]
2026-08-05 17:41:51.822 DEBUG 548 --- [nio-9060-exec-7] o.s.jdbc.datasource.DataSourceUtils      : Fetching JDBC Connection from DataSource
2026-08-05 17:41:52.281 DEBUG 548 --- [nio-9060-exec-4] o.s.w.s.m.m.a.HttpEntityMethodProcessor  : Found 'Content-Type:image/jpeg' in response
2026-08-05 17:41:52.283 DEBUG 548 --- [nio-9060-exec-4] o.s.w.s.m.m.a.HttpEntityMethodProcessor  : Writing [{-1, -40, -1, -32, 0, 16, 74, 70, 73, 70, 0, 1, 2, 0, 0, 1, 0, 1, 0, 0, -1, -37, 0, 67, 0, 8, 6, 6,  (truncated)...]
2026-08-05 17:41:52.284 DEBUG 548 --- [nio-9060-exec-4] o.s.web.servlet.DispatcherServlet        : Completed 200 OK
2026-08-05 17:41:53.218 DEBUG 548 --- [nio-9060-exec-1] o.s.w.s.m.m.a.HttpEntityMethodProcessor  : Found 'Content-Type:image/jpeg' in response
2026-08-05 17:41:53.220 DEBUG 548 --- [nio-9060-exec-1] o.s.w.s.m.m.a.HttpEntityMethodProcessor  : Writing [{-1, -40, -1, -32, 0, 16, 74, 70, 73, 70, 0, 1, 2, 0, 0, 1, 0, 1, 0, 0, -1, -37, 0, 67, 0, 8, 6, 6,  (truncated)...]
2026-08-05 17:41:53.223 DEBUG 548 --- [nio-9060-exec-1] o.s.web.servlet.DispatcherServlet        : Completed 200 OK
2026-08-05 17:41:53.236 DEBUG 548 --- [nio-9060-exec-5] o.s.w.s.m.m.a.HttpEntityMethodProcessor  : Found 'Content-Type:image/jpeg' in response
2026-08-05 17:41:53.238 DEBUG 548 --- [nio-9060-exec-5] o.s.w.s.m.m.a.HttpEntityMethodProcessor  : Writing [{-1, -40, -1, -32, 0, 16, 74, 70, 73, 70, 0, 1, 2, 0, 0, 1, 0, 1, 0, 0, -1, -37, 0, 67, 0, 8, 6, 6,  (truncated)...]
2026-08-05 17:41:53.239 DEBUG 548 --- [nio-9060-exec-5] o.s.web.servlet.DispatcherServlet        : Completed 200 OK
2026-08-05 17:41:53.388 DEBUG 548 --- [nio-9060-exec-7] o.s.w.s.m.m.a.HttpEntityMethodProcessor  : Found 'Content-Type:image/jpeg' in response
2026-08-05 17:41:53.389 DEBUG 548 --- [nio-9060-exec-7] o.s.w.s.m.m.a.HttpEntityMethodProcessor  : Writing [{-1, -40, -1, -32, 0, 16, 74, 70, 73, 70, 0, 1, 2, 0, 0, 1, 0, 1, 0, 0, -1, -37, 0, 67, 0, 8, 6, 6,  (truncated)...]
2026-08-05 17:41:53.391 DEBUG 548 --- [nio-9060-exec-7] o.s.web.servlet.DispatcherServlet        : Completed 200 OK
2026-08-05 17:41:53.400 DEBUG 548 --- [ool housekeeper] com.zaxxer.hikari.pool.HikariPool        : CentralHikariPool - Before cleanup stats (total=1, active=1, idle=0, waiting=0)
2026-08-05 17:41:53.401 DEBUG 548 --- [ool housekeeper] com.zaxxer.hikari.pool.HikariPool        : CentralHikariPool - After cleanup  stats (total=1, active=1, idle=0, waiting=0)
2026-08-05 17:41:53.401 DEBUG 548 --- [ool housekeeper] com.zaxxer.hikari.pool.HikariPool        : CentralHikariPool - Fill pool skipped, pool is at sufficient level.
2026-08-05 17:41:53.492 DEBUG 548 --- [l-1 housekeeper] com.zaxxer.hikari.pool.HikariPool        : HikariPool-1 - Before cleanup stats (total=3, active=0, idle=3, waiting=0)
2026-08-05 17:41:53.493 DEBUG 548 --- [l-1 housekeeper] com.zaxxer.hikari.pool.HikariPool        : HikariPool-1 - After cleanup  stats (total=3, active=0, idle=3, waiting=0)
2026-08-05 17:41:53.493 DEBUG 548 --- [l-1 housekeeper] com.zaxxer.hikari.pool.HikariPool        : HikariPool-1 - Fill pool skipped, pool is at sufficient level.
2026-08-05 17:41:53.766 DEBUG 548 --- [ool housekeeper] com.zaxxer.hikari.pool.HikariPool        : TigoHogarHikariPool - Before cleanup stats (total=5, active=1, idle=4, waiting=0)
2026-08-05 17:41:53.768 DEBUG 548 --- [ool housekeeper] com.zaxxer.hikari.pool.HikariPool        : TigoHogarHikariPool - After cleanup  stats (total=5, active=1, idle=4, waiting=0)
2026-08-05 17:41:53.769 DEBUG 548 --- [ool housekeeper] com.zaxxer.hikari.pool.HikariPool        : TigoHogarHikariPool - Fill pool skipped, pool is at sufficient level.
2026-08-05 17:41:54.879 DEBUG 548 --- [io-9060-exec-10] o.s.jdbc.core.JdbcTemplate               : Executing SQL query [EXEC dbo.spx_ObtenerSucursalesConexion]
2026-08-05 17:41:54.881 DEBUG 548 --- [io-9060-exec-10] o.s.jdbc.datasource.DataSourceUtils      : Fetching JDBC Connection from DataSource
2026-08-05 17:41:54.894 DEBUG 548 --- [io-9060-exec-10] o.s.jdbc.core.JdbcTemplate               : Executing SQL query [SELECT DISTINCT   g.id_grupo,   g.nombre AS grupo,   dg.id_usuario_tecnico AS idUsuarioTecnico,   COALESCE(CAST(v.Id_Vendedor AS INT), CAST(ut.id_Vendedor AS INT), CAST(dg.id_usuario_tecnico AS INT)) AS idTecnico,   COALESCE(NULLIF(LTRIM(RTRIM(v.Nombre)), ''), 'Tecnico ' + CONVERT(NVARCHAR(20), COALESCE(v.Id_Vendedor, ut.id_Vendedor, dg.id_usuario_tecnico))) AS tecnico,   CAST(v.CodEmpleado AS NVARCHAR(100)) AS codigo,   CAST(v.CodEmpleado AS NVARCHAR(100)) AS codEmpleado FROM dbo.tbl_Grupo g INNER JOIN dbo.tbl_DetalleGrupo dg ON dg.id_grupo = g.id_grupo LEFT JOIN dbo.tbl_UsuarioTecnico ut ON ut.id = dg.id_usuario_tecnico AND ISNULL(ut.e_eliminado, 0) = 0 LEFT JOIN dbo.tbl_Vendedor v ON v.Id_Vendedor = ut.id_Vendedor AND ISNULL(v.E_Eliminado, 0) = 0 WHERE ISNULL(g.e_eliminado, 0) = 0   AND COALESCE(CAST(v.Id_Vendedor AS INT), CAST(ut.id_Vendedor AS INT), CAST(dg.id_usuario_tecnico AS INT)) > 0 ORDER BY tecnico, idTecnico]
2026-08-05 17:41:54.894 DEBUG 548 --- [io-9060-exec-10] o.s.jdbc.datasource.DataSourceUtils      : Fetching JDBC Connection from DataSource
2026-08-05 17:41:54.903 DEBUG 548 --- [io-9060-exec-10] o.s.jdbc.core.JdbcTemplate               : Executing SQL query [SELECT   CAST(v.Id_Vendedor AS INT) AS idTecnico,   CAST(v.Id_Vendedor AS INT) AS id_tecnico,   CAST(v.Nombre AS NVARCHAR(200)) AS tecnico,   CAST(v.CodEmpleado AS NVARCHAR(100)) AS codigo,   CAST(v.CodEmpleado AS NVARCHAR(100)) AS codEmpleado FROM dbo.tbl_Vendedor v WHERE ISNULL(v.E_Eliminado, 0) = 0   AND v.Id_Vendedor IS NOT NULL ORDER BY v.Nombre, v.Id_Vendedor]
2026-08-05 17:41:54.904 DEBUG 548 --- [io-9060-exec-10] o.s.jdbc.datasource.DataSourceUtils      : Fetching JDBC Connection from DataSource
2026-08-05 17:41:54.910 DEBUG 548 --- [io-9060-exec-10] o.s.jdbc.core.JdbcTemplate               : Executing prepared SQL query
2026-08-05 17:41:54.910 DEBUG 548 --- [io-9060-exec-10] o.s.jdbc.core.JdbcTemplate               : Executing prepared SQL statement [SELECT TOP 1 Id_Vendedor, Nombre, CodEmpleado FROM dbo.tbl_Vendedor WHERE Id_Vendedor = ? AND ISNULL(E_Eliminado,0)=0]
2026-08-05 17:41:54.911 DEBUG 548 --- [io-9060-exec-10] o.s.jdbc.datasource.DataSourceUtils      : Fetching JDBC Connection from DataSource
2026-08-05 17:41:54.917 DEBUG 548 --- [io-9060-exec-10] o.s.jdbc.core.JdbcTemplate               : Executing prepared SQL query
2026-08-05 17:41:54.917 DEBUG 548 --- [io-9060-exec-10] o.s.jdbc.core.JdbcTemplate               : Executing prepared SQL statement [SELECT TOP 1 Id_Vendedor, Nombre, CodEmpleado FROM dbo.tbl_Vendedor WHERE Id_Vendedor = ? AND ISNULL(E_Eliminado,0)=0]
2026-08-05 17:41:54.918 DEBUG 548 --- [io-9060-exec-10] o.s.jdbc.datasource.DataSourceUtils      : Fetching JDBC Connection from DataSource
2026-08-05 17:41:54.926 DEBUG 548 --- [io-9060-exec-10] o.s.jdbc.core.JdbcTemplate               : Executing prepared SQL query
2026-08-05 17:41:54.926 DEBUG 548 --- [io-9060-exec-10] o.s.jdbc.core.JdbcTemplate               : Executing prepared SQL statement [SELECT TOP 1 Id_Vendedor, Nombre, CodEmpleado FROM dbo.tbl_Vendedor WHERE Id_Vendedor = ? AND ISNULL(E_Eliminado,0)=0]
2026-08-05 17:41:54.927 DEBUG 548 --- [io-9060-exec-10] o.s.jdbc.datasource.DataSourceUtils      : Fetching JDBC Connection from DataSource
2026-08-05 17:41:54.932 DEBUG 548 --- [io-9060-exec-10] o.s.jdbc.core.JdbcTemplate               : Executing prepared SQL query
2026-08-05 17:41:54.933 DEBUG 548 --- [io-9060-exec-10] o.s.jdbc.core.JdbcTemplate               : Executing prepared SQL statement [SELECT TOP 1 Id_Vendedor, Nombre, CodEmpleado FROM dbo.tbl_Vendedor WHERE Id_Vendedor = ? AND ISNULL(E_Eliminado,0)=0]
2026-08-05 17:41:54.933 DEBUG 548 --- [io-9060-exec-10] o.s.jdbc.datasource.DataSourceUtils      : Fetching JDBC Connection from DataSource
2026-08-05 17:41:54.937 DEBUG 548 --- [io-9060-exec-10] o.s.jdbc.core.JdbcTemplate               : Executing prepared SQL query
2026-08-05 17:41:54.937 DEBUG 548 --- [io-9060-exec-10] o.s.jdbc.core.JdbcTemplate               : Executing prepared SQL statement [SELECT TOP 1 Id_Vendedor, Nombre, CodEmpleado FROM dbo.tbl_Vendedor WHERE Id_Vendedor = ? AND ISNULL(E_Eliminado,0)=0]
2026-08-05 17:41:54.938 DEBUG 548 --- [io-9060-exec-10] o.s.jdbc.datasource.DataSourceUtils      : Fetching JDBC Connection from DataSource
2026-08-05 17:41:54.949 DEBUG 548 --- [io-9060-exec-10] o.s.jdbc.core.JdbcTemplate               : Executing prepared SQL query
2026-08-05 17:41:54.949 DEBUG 548 --- [io-9060-exec-10] o.s.jdbc.core.JdbcTemplate               : Executing prepared SQL statement [SELECT TOP 1 Id_Vendedor, Nombre, CodEmpleado FROM dbo.tbl_Vendedor WHERE Id_Vendedor = ? AND ISNULL(E_Eliminado,0)=0]
2026-08-05 17:41:54.949 DEBUG 548 --- [io-9060-exec-10] o.s.jdbc.datasource.DataSourceUtils      : Fetching JDBC Connection from DataSource
2026-08-05 17:41:54.957 DEBUG 548 --- [io-9060-exec-10] o.s.jdbc.core.JdbcTemplate               : Executing prepared SQL query
2026-08-05 17:41:54.957 DEBUG 548 --- [io-9060-exec-10] o.s.jdbc.core.JdbcTemplate               : Executing prepared SQL statement [SELECT TOP 1 Id_Vendedor, Nombre, CodEmpleado FROM dbo.tbl_Vendedor WHERE Id_Vendedor = ? AND ISNULL(E_Eliminado,0)=0]
2026-08-05 17:41:54.957 DEBUG 548 --- [io-9060-exec-10] o.s.jdbc.datasource.DataSourceUtils      : Fetching JDBC Connection from DataSource
2026-08-05 17:41:54.962 DEBUG 548 --- [io-9060-exec-10] o.s.jdbc.core.JdbcTemplate               : Executing prepared SQL query
2026-08-05 17:41:54.962 DEBUG 548 --- [io-9060-exec-10] o.s.jdbc.core.JdbcTemplate               : Executing prepared SQL statement [SELECT TOP 1 Id_Vendedor, Nombre, CodEmpleado FROM dbo.tbl_Vendedor WHERE Id_Vendedor = ? AND ISNULL(E_Eliminado,0)=0]
2026-08-05 17:41:54.962 DEBUG 548 --- [io-9060-exec-10] o.s.jdbc.datasource.DataSourceUtils      : Fetching JDBC Connection from DataSource
2026-08-05 17:41:54.966 DEBUG 548 --- [io-9060-exec-10] o.s.jdbc.core.JdbcTemplate               : Executing prepared SQL query
2026-08-05 17:41:54.967 DEBUG 548 --- [io-9060-exec-10] o.s.jdbc.core.JdbcTemplate               : Executing prepared SQL statement [SELECT TOP 1 Id_Vendedor, Nombre, CodEmpleado FROM dbo.tbl_Vendedor WHERE Id_Vendedor = ? AND ISNULL(E_Eliminado,0)=0]
2026-08-05 17:41:54.967 DEBUG 548 --- [io-9060-exec-10] o.s.jdbc.datasource.DataSourceUtils      : Fetching JDBC Connection from DataSource
2026-08-05 17:41:54.971 DEBUG 548 --- [io-9060-exec-10] o.s.jdbc.core.JdbcTemplate               : Executing prepared SQL query
2026-08-05 17:41:54.971 DEBUG 548 --- [io-9060-exec-10] o.s.jdbc.core.JdbcTemplate               : Executing prepared SQL statement [SELECT TOP 1 Id_Vendedor, Nombre, CodEmpleado FROM dbo.tbl_Vendedor WHERE Id_Vendedor = ? AND ISNULL(E_Eliminado,0)=0]
2026-08-05 17:41:54.971 DEBUG 548 --- [io-9060-exec-10] o.s.jdbc.datasource.DataSourceUtils      : Fetching JDBC Connection from DataSource
2026-08-05 17:41:54.976 DEBUG 548 --- [io-9060-exec-10] o.s.jdbc.core.JdbcTemplate               : Executing prepared SQL query
2026-08-05 17:41:54.976 DEBUG 548 --- [io-9060-exec-10] o.s.jdbc.core.JdbcTemplate               : Executing prepared SQL statement [SELECT TOP 1 Id_Vendedor, Nombre, CodEmpleado FROM dbo.tbl_Vendedor WHERE Id_Vendedor = ? AND ISNULL(E_Eliminado,0)=0]
2026-08-05 17:41:54.977 DEBUG 548 --- [io-9060-exec-10] o.s.jdbc.datasource.DataSourceUtils      : Fetching JDBC Connection from DataSource
2026-08-05 17:41:54.984 DEBUG 548 --- [io-9060-exec-10] o.s.jdbc.core.JdbcTemplate               : Executing prepared SQL query
2026-08-05 17:41:54.985 DEBUG 548 --- [io-9060-exec-10] o.s.jdbc.core.JdbcTemplate               : Executing prepared SQL statement [SELECT TOP 1 Id_Vendedor, Nombre, CodEmpleado FROM dbo.tbl_Vendedor WHERE Id_Vendedor = ? AND ISNULL(E_Eliminado,0)=0]
2026-08-05 17:41:54.985 DEBUG 548 --- [io-9060-exec-10] o.s.jdbc.datasource.DataSourceUtils      : Fetching JDBC Connection from DataSource
2026-08-05 17:41:54.990 DEBUG 548 --- [io-9060-exec-10] o.s.jdbc.core.JdbcTemplate               : Executing prepared SQL query
2026-08-05 17:41:54.990 DEBUG 548 --- [io-9060-exec-10] o.s.jdbc.core.JdbcTemplate               : Executing prepared SQL statement [SELECT TOP 1 Id_Vendedor, Nombre, CodEmpleado FROM dbo.tbl_Vendedor WHERE Id_Vendedor = ? AND ISNULL(E_Eliminado,0)=0]
2026-08-05 17:41:54.991 DEBUG 548 --- [io-9060-exec-10] o.s.jdbc.datasource.DataSourceUtils      : Fetching JDBC Connection from DataSource
2026-08-05 17:41:54.996 DEBUG 548 --- [io-9060-exec-10] o.s.jdbc.core.JdbcTemplate               : Executing prepared SQL query
2026-08-05 17:41:54.996 DEBUG 548 --- [io-9060-exec-10] o.s.jdbc.core.JdbcTemplate               : Executing prepared SQL statement [SELECT TOP 1 Id_Vendedor, Nombre, CodEmpleado FROM dbo.tbl_Vendedor WHERE Id_Vendedor = ? AND ISNULL(E_Eliminado,0)=0]
2026-08-05 17:41:54.997 DEBUG 548 --- [io-9060-exec-10] o.s.jdbc.datasource.DataSourceUtils      : Fetching JDBC Connection from DataSource
2026-08-05 17:41:55.001 DEBUG 548 --- [io-9060-exec-10] o.s.jdbc.core.JdbcTemplate               : Executing prepared SQL query
2026-08-05 17:41:55.001 DEBUG 548 --- [io-9060-exec-10] o.s.jdbc.core.JdbcTemplate               : Executing prepared SQL statement [SELECT TOP 1 Id_Vendedor, Nombre, CodEmpleado FROM dbo.tbl_Vendedor WHERE Id_Vendedor = ? AND ISNULL(E_Eliminado,0)=0]
2026-08-05 17:41:55.001 DEBUG 548 --- [io-9060-exec-10] o.s.jdbc.datasource.DataSourceUtils      : Fetching JDBC Connection from DataSource
2026-08-05 17:41:55.007 DEBUG 548 --- [io-9060-exec-10] o.s.jdbc.core.JdbcTemplate               : Executing prepared SQL query
2026-08-05 17:41:55.007 DEBUG 548 --- [io-9060-exec-10] o.s.jdbc.core.JdbcTemplate               : Executing prepared SQL statement [SELECT TOP 1 Id_Vendedor, Nombre, CodEmpleado FROM dbo.tbl_Vendedor WHERE Id_Vendedor = ? AND ISNULL(E_Eliminado,0)=0]
2026-08-05 17:41:55.007 DEBUG 548 --- [io-9060-exec-10] o.s.jdbc.datasource.DataSourceUtils      : Fetching JDBC Connection from DataSource
2026-08-05 17:41:55.012 DEBUG 548 --- [io-9060-exec-10] o.s.jdbc.core.JdbcTemplate               : Executing prepared SQL query
2026-08-05 17:41:55.013 DEBUG 548 --- [io-9060-exec-10] o.s.jdbc.core.JdbcTemplate               : Executing prepared SQL statement [SELECT TOP 1 Id_Vendedor, Nombre, CodEmpleado FROM dbo.tbl_Vendedor WHERE Id_Vendedor = ? AND ISNULL(E_Eliminado,0)=0]
2026-08-05 17:41:55.013 DEBUG 548 --- [io-9060-exec-10] o.s.jdbc.datasource.DataSourceUtils      : Fetching JDBC Connection from DataSource
2026-08-05 17:41:55.019 DEBUG 548 --- [io-9060-exec-10] o.s.jdbc.core.JdbcTemplate               : Executing prepared SQL query
2026-08-05 17:41:55.019 DEBUG 548 --- [io-9060-exec-10] o.s.jdbc.core.JdbcTemplate               : Executing prepared SQL statement [SELECT TOP 1 Id_Vendedor, Nombre, CodEmpleado FROM dbo.tbl_Vendedor WHERE Id_Vendedor = ? AND ISNULL(E_Eliminado,0)=0]
2026-08-05 17:41:55.019 DEBUG 548 --- [io-9060-exec-10] o.s.jdbc.datasource.DataSourceUtils      : Fetching JDBC Connection from DataSource
2026-08-05 17:41:55.024 DEBUG 548 --- [io-9060-exec-10] o.s.jdbc.core.JdbcTemplate               : Executing prepared SQL query
2026-08-05 17:41:55.024 DEBUG 548 --- [io-9060-exec-10] o.s.jdbc.core.JdbcTemplate               : Executing prepared SQL statement [SELECT TOP 1 Id_Vendedor, Nombre, CodEmpleado FROM dbo.tbl_Vendedor WHERE Id_Vendedor = ? AND ISNULL(E_Eliminado,0)=0]
2026-08-05 17:41:55.025 DEBUG 548 --- [io-9060-exec-10] o.s.jdbc.datasource.DataSourceUtils      : Fetching JDBC Connection from DataSource
2026-08-05 17:41:55.032 DEBUG 548 --- [io-9060-exec-10] o.s.jdbc.core.JdbcTemplate               : Executing prepared SQL query
2026-08-05 17:41:55.032 DEBUG 548 --- [io-9060-exec-10] o.s.jdbc.core.JdbcTemplate               : Executing prepared SQL statement [SELECT TOP 1 Id_Vendedor, Nombre, CodEmpleado FROM dbo.tbl_Vendedor WHERE Id_Vendedor = ? AND ISNULL(E_Eliminado,0)=0]
2026-08-05 17:41:55.032 DEBUG 548 --- [io-9060-exec-10] o.s.jdbc.datasource.DataSourceUtils      : Fetching JDBC Connection from DataSource
2026-08-05 17:41:55.038 DEBUG 548 --- [io-9060-exec-10] o.s.jdbc.core.JdbcTemplate               : Executing prepared SQL query
2026-08-05 17:41:55.039 DEBUG 548 --- [io-9060-exec-10] o.s.jdbc.core.JdbcTemplate               : Executing prepared SQL statement [SELECT TOP 1 Id_Vendedor, Nombre, CodEmpleado FROM dbo.tbl_Vendedor WHERE Id_Vendedor = ? AND ISNULL(E_Eliminado,0)=0]
2026-08-05 17:41:55.039 DEBUG 548 --- [io-9060-exec-10] o.s.jdbc.datasource.DataSourceUtils      : Fetching JDBC Connection from DataSource
2026-08-05 17:41:55.043 DEBUG 548 --- [io-9060-exec-10] o.s.jdbc.core.JdbcTemplate               : Executing prepared SQL query
2026-08-05 17:41:55.044 DEBUG 548 --- [io-9060-exec-10] o.s.jdbc.core.JdbcTemplate               : Executing prepared SQL statement [SELECT TOP 1 Id_Vendedor, Nombre, CodEmpleado FROM dbo.tbl_Vendedor WHERE Id_Vendedor = ? AND ISNULL(E_Eliminado,0)=0]
2026-08-05 17:41:55.044 DEBUG 548 --- [io-9060-exec-10] o.s.jdbc.datasource.DataSourceUtils      : Fetching JDBC Connection from DataSource
2026-08-05 17:41:55.052 DEBUG 548 --- [io-9060-exec-10] o.s.jdbc.core.JdbcTemplate               : Executing prepared SQL query
2026-08-05 17:41:55.052 DEBUG 548 --- [io-9060-exec-10] o.s.jdbc.core.JdbcTemplate               : Executing prepared SQL statement [SELECT TOP 1 Id_Vendedor, Nombre, CodEmpleado FROM dbo.tbl_Vendedor WHERE Id_Vendedor = ? AND ISNULL(E_Eliminado,0)=0]
2026-08-05 17:41:55.053 DEBUG 548 --- [io-9060-exec-10] o.s.jdbc.datasource.DataSourceUtils      : Fetching JDBC Connection from DataSource
2026-08-05 17:41:55.058 DEBUG 548 --- [io-9060-exec-10] o.s.jdbc.core.JdbcTemplate               : Executing prepared SQL query
2026-08-05 17:41:55.058 DEBUG 548 --- [io-9060-exec-10] o.s.jdbc.core.JdbcTemplate               : Executing prepared SQL statement [SELECT TOP 1 Id_Vendedor, Nombre, CodEmpleado FROM dbo.tbl_Vendedor WHERE Id_Vendedor = ? AND ISNULL(E_Eliminado,0)=0]
2026-08-05 17:41:55.059 DEBUG 548 --- [io-9060-exec-10] o.s.jdbc.datasource.DataSourceUtils      : Fetching JDBC Connection from DataSource
2026-08-05 17:41:55.064 DEBUG 548 --- [io-9060-exec-10] o.s.jdbc.core.JdbcTemplate               : Executing prepared SQL query
2026-08-05 17:41:55.064 DEBUG 548 --- [io-9060-exec-10] o.s.jdbc.core.JdbcTemplate               : Executing prepared SQL statement [SELECT TOP 1 Id_Vendedor, Nombre, CodEmpleado FROM dbo.tbl_Vendedor WHERE Id_Vendedor = ? AND ISNULL(E_Eliminado,0)=0]
2026-08-05 17:41:55.065 DEBUG 548 --- [io-9060-exec-10] o.s.jdbc.datasource.DataSourceUtils      : Fetching JDBC Connection from DataSource
2026-08-05 17:41:55.069 DEBUG 548 --- [io-9060-exec-10] o.s.jdbc.core.JdbcTemplate               : Executing prepared SQL query
2026-08-05 17:41:55.070 DEBUG 548 --- [io-9060-exec-10] o.s.jdbc.core.JdbcTemplate               : Executing prepared SQL statement [SELECT TOP 1 Id_Vendedor, Nombre, CodEmpleado FROM dbo.tbl_Vendedor WHERE Id_Vendedor = ? AND ISNULL(E_Eliminado,0)=0]
2026-08-05 17:41:55.071 DEBUG 548 --- [io-9060-exec-10] o.s.jdbc.datasource.DataSourceUtils      : Fetching JDBC Connection from DataSource
2026-08-05 17:41:55.077 DEBUG 548 --- [io-9060-exec-10] o.s.jdbc.core.JdbcTemplate               : Executing prepared SQL query
2026-08-05 17:41:55.078 DEBUG 548 --- [io-9060-exec-10] o.s.jdbc.core.JdbcTemplate               : Executing prepared SQL statement [SELECT TOP 1 Id_Vendedor, Nombre, CodEmpleado FROM dbo.tbl_Vendedor WHERE Id_Vendedor = ? AND ISNULL(E_Eliminado,0)=0]
2026-08-05 17:41:55.078 DEBUG 548 --- [io-9060-exec-10] o.s.jdbc.datasource.DataSourceUtils      : Fetching JDBC Connection from DataSource
2026-08-05 17:41:55.086 DEBUG 548 --- [io-9060-exec-10] o.s.jdbc.core.JdbcTemplate               : Executing prepared SQL query
2026-08-05 17:41:55.086 DEBUG 548 --- [io-9060-exec-10] o.s.jdbc.core.JdbcTemplate               : Executing prepared SQL statement [SELECT TOP 1 Id_Vendedor, Nombre, CodEmpleado FROM dbo.tbl_Vendedor WHERE Id_Vendedor = ? AND ISNULL(E_Eliminado,0)=0]
2026-08-05 17:41:55.087 DEBUG 548 --- [io-9060-exec-10] o.s.jdbc.datasource.DataSourceUtils      : Fetching JDBC Connection from DataSource
2026-08-05 17:41:55.091 DEBUG 548 --- [io-9060-exec-10] o.s.jdbc.core.JdbcTemplate               : Executing prepared SQL query
2026-08-05 17:41:55.092 DEBUG 548 --- [io-9060-exec-10] o.s.jdbc.core.JdbcTemplate               : Executing prepared SQL statement [SELECT TOP 1 Id_Vendedor, Nombre, CodEmpleado FROM dbo.tbl_Vendedor WHERE Id_Vendedor = ? AND ISNULL(E_Eliminado,0)=0]
2026-08-05 17:41:55.092 DEBUG 548 --- [io-9060-exec-10] o.s.jdbc.datasource.DataSourceUtils      : Fetching JDBC Connection from DataSource
2026-08-05 17:41:55.099 DEBUG 548 --- [io-9060-exec-10] o.s.jdbc.core.JdbcTemplate               : Executing prepared SQL query
2026-08-05 17:41:55.100 DEBUG 548 --- [io-9060-exec-10] o.s.jdbc.core.JdbcTemplate               : Executing prepared SQL statement [SELECT TOP 1 Id_Vendedor, Nombre, CodEmpleado FROM dbo.tbl_Vendedor WHERE Id_Vendedor = ? AND ISNULL(E_Eliminado,0)=0]
2026-08-05 17:41:55.100 DEBUG 548 --- [io-9060-exec-10] o.s.jdbc.datasource.DataSourceUtils      : Fetching JDBC Connection from DataSource
2026-08-05 17:41:55.106 DEBUG 548 --- [io-9060-exec-10] o.s.jdbc.core.JdbcTemplate               : Executing prepared SQL query
2026-08-05 17:41:55.106 DEBUG 548 --- [io-9060-exec-10] o.s.jdbc.core.JdbcTemplate               : Executing prepared SQL statement [SELECT TOP 1 Id_Vendedor, Nombre, CodEmpleado FROM dbo.tbl_Vendedor WHERE Id_Vendedor = ? AND ISNULL(E_Eliminado,0)=0]
2026-08-05 17:41:55.106 DEBUG 548 --- [io-9060-exec-10] o.s.jdbc.datasource.DataSourceUtils      : Fetching JDBC Connection from DataSource
2026-08-05 17:41:55.115 DEBUG 548 --- [io-9060-exec-10] o.s.jdbc.core.JdbcTemplate               : Executing prepared SQL query
2026-08-05 17:41:55.115 DEBUG 548 --- [io-9060-exec-10] o.s.jdbc.core.JdbcTemplate               : Executing prepared SQL statement [SELECT TOP 1 Id_Vendedor, Nombre, CodEmpleado FROM dbo.tbl_Vendedor WHERE Id_Vendedor = ? AND ISNULL(E_Eliminado,0)=0]
2026-08-05 17:41:55.115 DEBUG 548 --- [io-9060-exec-10] o.s.jdbc.datasource.DataSourceUtils      : Fetching JDBC Connection from DataSource
2026-08-05 17:41:55.119 DEBUG 548 --- [io-9060-exec-10] o.s.jdbc.core.JdbcTemplate               : Executing prepared SQL query
2026-08-05 17:41:55.120 DEBUG 548 --- [io-9060-exec-10] o.s.jdbc.core.JdbcTemplate               : Executing prepared SQL statement [SELECT TOP 1 Id_Vendedor, Nombre, CodEmpleado FROM dbo.tbl_Vendedor WHERE Id_Vendedor = ? AND ISNULL(E_Eliminado,0)=0]
2026-08-05 17:41:55.120 DEBUG 548 --- [io-9060-exec-10] o.s.jdbc.datasource.DataSourceUtils      : Fetching JDBC Connection from DataSource
2026-08-05 17:41:55.137 DEBUG 548 --- [io-9060-exec-10] o.s.jdbc.core.JdbcTemplate               : Executing prepared SQL query
2026-08-05 17:41:55.137 DEBUG 548 --- [io-9060-exec-10] o.s.jdbc.core.JdbcTemplate               : Executing prepared SQL statement [SELECT TOP 1 Id_Vendedor, Nombre, CodEmpleado FROM dbo.tbl_Vendedor WHERE Id_Vendedor = ? AND ISNULL(E_Eliminado,0)=0]
2026-08-05 17:41:55.138 DEBUG 548 --- [io-9060-exec-10] o.s.jdbc.datasource.DataSourceUtils      : Fetching JDBC Connection from DataSource
2026-08-05 17:41:55.144 DEBUG 548 --- [io-9060-exec-10] o.s.jdbc.core.JdbcTemplate               : Executing prepared SQL query
2026-08-05 17:41:55.145 DEBUG 548 --- [io-9060-exec-10] o.s.jdbc.core.JdbcTemplate               : Executing prepared SQL statement [SELECT TOP 1 Id_Vendedor, Nombre, CodEmpleado FROM dbo.tbl_Vendedor WHERE Id_Vendedor = ? AND ISNULL(E_Eliminado,0)=0]
2026-08-05 17:41:55.145 DEBUG 548 --- [io-9060-exec-10] o.s.jdbc.datasource.DataSourceUtils      : Fetching JDBC Connection from DataSource
2026-08-05 17:41:55.153 DEBUG 548 --- [io-9060-exec-10] o.s.jdbc.core.JdbcTemplate               : Executing prepared SQL query
2026-08-05 17:41:55.154 DEBUG 548 --- [io-9060-exec-10] o.s.jdbc.core.JdbcTemplate               : Executing prepared SQL statement [SELECT TOP 1 Id_Vendedor, Nombre, CodEmpleado FROM dbo.tbl_Vendedor WHERE Id_Vendedor = ? AND ISNULL(E_Eliminado,0)=0]
2026-08-05 17:41:55.154 DEBUG 548 --- [io-9060-exec-10] o.s.jdbc.datasource.DataSourceUtils      : Fetching JDBC Connection from DataSource
2026-08-05 17:41:55.162 DEBUG 548 --- [io-9060-exec-10] o.s.jdbc.core.JdbcTemplate               : Executing prepared SQL query
2026-08-05 17:41:55.163 DEBUG 548 --- [io-9060-exec-10] o.s.jdbc.core.JdbcTemplate               : Executing prepared SQL statement [SELECT TOP 1 Id_Vendedor, Nombre, CodEmpleado FROM dbo.tbl_Vendedor WHERE Id_Vendedor = ? AND ISNULL(E_Eliminado,0)=0]
2026-08-05 17:41:55.163 DEBUG 548 --- [io-9060-exec-10] o.s.jdbc.datasource.DataSourceUtils      : Fetching JDBC Connection from DataSource
2026-08-05 17:41:55.169 DEBUG 548 --- [io-9060-exec-10] o.s.jdbc.core.JdbcTemplate               : Executing prepared SQL query
2026-08-05 17:41:55.169 DEBUG 548 --- [io-9060-exec-10] o.s.jdbc.core.JdbcTemplate               : Executing prepared SQL statement [SELECT TOP 1 Id_Vendedor, Nombre, CodEmpleado FROM dbo.tbl_Vendedor WHERE Id_Vendedor = ? AND ISNULL(E_Eliminado,0)=0]
2026-08-05 17:41:55.169 DEBUG 548 --- [io-9060-exec-10] o.s.jdbc.datasource.DataSourceUtils      : Fetching JDBC Connection from DataSource
2026-08-05 17:41:55.174 DEBUG 548 --- [io-9060-exec-10] o.s.jdbc.core.JdbcTemplate               : Executing prepared SQL query
2026-08-05 17:41:55.175 DEBUG 548 --- [io-9060-exec-10] o.s.jdbc.core.JdbcTemplate               : Executing prepared SQL statement [SELECT TOP 1 Id_Vendedor, Nombre, CodEmpleado FROM dbo.tbl_Vendedor WHERE Id_Vendedor = ? AND ISNULL(E_Eliminado,0)=0]
2026-08-05 17:41:55.175 DEBUG 548 --- [io-9060-exec-10] o.s.jdbc.datasource.DataSourceUtils      : Fetching JDBC Connection from DataSource
2026-08-05 17:41:55.179 DEBUG 548 --- [io-9060-exec-10] o.s.jdbc.core.JdbcTemplate               : Executing prepared SQL query
2026-08-05 17:41:55.179 DEBUG 548 --- [io-9060-exec-10] o.s.jdbc.core.JdbcTemplate               : Executing prepared SQL statement [SELECT TOP 1 Id_Vendedor, Nombre, CodEmpleado FROM dbo.tbl_Vendedor WHERE Id_Vendedor = ? AND ISNULL(E_Eliminado,0)=0]
2026-08-05 17:41:55.180 DEBUG 548 --- [io-9060-exec-10] o.s.jdbc.datasource.DataSourceUtils      : Fetching JDBC Connection from DataSource
2026-08-05 17:41:55.183 DEBUG 548 --- [io-9060-exec-10] o.s.jdbc.core.JdbcTemplate               : Executing prepared SQL query
2026-08-05 17:41:55.184 DEBUG 548 --- [io-9060-exec-10] o.s.jdbc.core.JdbcTemplate               : Executing prepared SQL statement [SELECT TOP 1 Id_Vendedor, Nombre, CodEmpleado FROM dbo.tbl_Vendedor WHERE Id_Vendedor = ? AND ISNULL(E_Eliminado,0)=0]
2026-08-05 17:41:55.185 DEBUG 548 --- [io-9060-exec-10] o.s.jdbc.datasource.DataSourceUtils      : Fetching JDBC Connection from DataSource
2026-08-05 17:41:55.190 DEBUG 548 --- [io-9060-exec-10] o.s.jdbc.core.JdbcTemplate               : Executing prepared SQL query
2026-08-05 17:41:55.190 DEBUG 548 --- [io-9060-exec-10] o.s.jdbc.core.JdbcTemplate               : Executing prepared SQL statement [SELECT TOP 1 Id_Vendedor, Nombre, CodEmpleado FROM dbo.tbl_Vendedor WHERE Id_Vendedor = ? AND ISNULL(E_Eliminado,0)=0]
2026-08-05 17:41:55.191 DEBUG 548 --- [io-9060-exec-10] o.s.jdbc.datasource.DataSourceUtils      : Fetching JDBC Connection from DataSource
2026-08-05 17:41:55.195 DEBUG 548 --- [io-9060-exec-10] o.s.jdbc.core.JdbcTemplate               : Executing prepared SQL query
2026-08-05 17:41:55.196 DEBUG 548 --- [io-9060-exec-10] o.s.jdbc.core.JdbcTemplate               : Executing prepared SQL statement [SELECT TOP 1 Id_Vendedor, Nombre, CodEmpleado FROM dbo.tbl_Vendedor WHERE Id_Vendedor = ? AND ISNULL(E_Eliminado,0)=0]
2026-08-05 17:41:55.196 DEBUG 548 --- [io-9060-exec-10] o.s.jdbc.datasource.DataSourceUtils      : Fetching JDBC Connection from DataSource
2026-08-05 17:41:55.201 DEBUG 548 --- [io-9060-exec-10] o.s.jdbc.core.JdbcTemplate               : Executing prepared SQL query
2026-08-05 17:41:55.201 DEBUG 548 --- [io-9060-exec-10] o.s.jdbc.core.JdbcTemplate               : Executing prepared SQL statement [SELECT TOP 1 Id_Vendedor, Nombre, CodEmpleado FROM dbo.tbl_Vendedor WHERE Id_Vendedor = ? AND ISNULL(E_Eliminado,0)=0]
2026-08-05 17:41:55.202 DEBUG 548 --- [io-9060-exec-10] o.s.jdbc.datasource.DataSourceUtils      : Fetching JDBC Connection from DataSource
2026-08-05 17:41:55.208 DEBUG 548 --- [io-9060-exec-10] o.s.jdbc.core.JdbcTemplate               : Executing prepared SQL query
2026-08-05 17:41:55.208 DEBUG 548 --- [io-9060-exec-10] o.s.jdbc.core.JdbcTemplate               : Executing prepared SQL statement [SELECT TOP 1 Id_Vendedor, Nombre, CodEmpleado FROM dbo.tbl_Vendedor WHERE Id_Vendedor = ? AND ISNULL(E_Eliminado,0)=0]
2026-08-05 17:41:55.209 DEBUG 548 --- [io-9060-exec-10] o.s.jdbc.datasource.DataSourceUtils      : Fetching JDBC Connection from DataSource
2026-08-05 17:41:55.216 DEBUG 548 --- [io-9060-exec-10] o.s.jdbc.core.JdbcTemplate               : Executing prepared SQL query
2026-08-05 17:41:55.217 DEBUG 548 --- [io-9060-exec-10] o.s.jdbc.core.JdbcTemplate               : Executing prepared SQL statement [SELECT TOP 1 Id_Vendedor, Nombre, CodEmpleado FROM dbo.tbl_Vendedor WHERE Id_Vendedor = ? AND ISNULL(E_Eliminado,0)=0]
2026-08-05 17:41:55.218 DEBUG 548 --- [io-9060-exec-10] o.s.jdbc.datasource.DataSourceUtils      : Fetching JDBC Connection from DataSource
2026-08-05 17:41:55.223 DEBUG 548 --- [io-9060-exec-10] o.s.jdbc.core.JdbcTemplate               : Executing prepared SQL query
2026-08-05 17:41:55.224 DEBUG 548 --- [io-9060-exec-10] o.s.jdbc.core.JdbcTemplate               : Executing prepared SQL statement [SELECT TOP 1 Id_Vendedor, Nombre, CodEmpleado FROM dbo.tbl_Vendedor WHERE Id_Vendedor = ? AND ISNULL(E_Eliminado,0)=0]
2026-08-05 17:41:55.224 DEBUG 548 --- [io-9060-exec-10] o.s.jdbc.datasource.DataSourceUtils      : Fetching JDBC Connection from DataSource
2026-08-05 17:41:55.233 DEBUG 548 --- [io-9060-exec-10] o.s.jdbc.core.JdbcTemplate               : Executing prepared SQL query
2026-08-05 17:41:55.234 DEBUG 548 --- [io-9060-exec-10] o.s.jdbc.core.JdbcTemplate               : Executing prepared SQL statement [SELECT TOP 1 Id_Vendedor, Nombre, CodEmpleado FROM dbo.tbl_Vendedor WHERE Id_Vendedor = ? AND ISNULL(E_Eliminado,0)=0]
2026-08-05 17:41:55.234 DEBUG 548 --- [io-9060-exec-10] o.s.jdbc.datasource.DataSourceUtils      : Fetching JDBC Connection from DataSource
2026-08-05 17:41:55.238 DEBUG 548 --- [io-9060-exec-10] o.s.jdbc.core.JdbcTemplate               : Executing prepared SQL query
2026-08-05 17:41:55.239 DEBUG 548 --- [io-9060-exec-10] o.s.jdbc.core.JdbcTemplate               : Executing prepared SQL statement [SELECT TOP 1 Id_Vendedor, Nombre, CodEmpleado FROM dbo.tbl_Vendedor WHERE Id_Vendedor = ? AND ISNULL(E_Eliminado,0)=0]
2026-08-05 17:41:55.239 DEBUG 548 --- [io-9060-exec-10] o.s.jdbc.datasource.DataSourceUtils      : Fetching JDBC Connection from DataSource
2026-08-05 17:41:55.245 DEBUG 548 --- [io-9060-exec-10] o.s.jdbc.core.JdbcTemplate               : Executing prepared SQL query
2026-08-05 17:41:55.246 DEBUG 548 --- [io-9060-exec-10] o.s.jdbc.core.JdbcTemplate               : Executing prepared SQL statement [SELECT TOP 1 Id_Vendedor, Nombre, CodEmpleado FROM dbo.tbl_Vendedor WHERE Id_Vendedor = ? AND ISNULL(E_Eliminado,0)=0]
2026-08-05 17:41:55.247 DEBUG 548 --- [io-9060-exec-10] o.s.jdbc.datasource.DataSourceUtils      : Fetching JDBC Connection from DataSource
2026-08-05 17:41:55.251 DEBUG 548 --- [io-9060-exec-10] o.s.jdbc.core.JdbcTemplate               : Executing prepared SQL query
2026-08-05 17:41:55.253 DEBUG 548 --- [io-9060-exec-10] o.s.jdbc.core.JdbcTemplate               : Executing prepared SQL statement [SELECT TOP 1 Id_Vendedor, Nombre, CodEmpleado FROM dbo.tbl_Vendedor WHERE Id_Vendedor = ? AND ISNULL(E_Eliminado,0)=0]
2026-08-05 17:41:55.253 DEBUG 548 --- [io-9060-exec-10] o.s.jdbc.datasource.DataSourceUtils      : Fetching JDBC Connection from DataSource
2026-08-05 17:41:55.265 DEBUG 548 --- [io-9060-exec-10] o.s.jdbc.core.JdbcTemplate               : Executing prepared SQL query
2026-08-05 17:41:55.266 DEBUG 548 --- [io-9060-exec-10] o.s.jdbc.core.JdbcTemplate               : Executing prepared SQL statement [SELECT TOP 1 Id_Vendedor, Nombre, CodEmpleado FROM dbo.tbl_Vendedor WHERE Id_Vendedor = ? AND ISNULL(E_Eliminado,0)=0]
2026-08-05 17:41:55.266 DEBUG 548 --- [io-9060-exec-10] o.s.jdbc.datasource.DataSourceUtils      : Fetching JDBC Connection from DataSource
2026-08-05 17:41:55.271 DEBUG 548 --- [io-9060-exec-10] o.s.jdbc.core.JdbcTemplate               : Executing prepared SQL query
2026-08-05 17:41:55.272 DEBUG 548 --- [io-9060-exec-10] o.s.jdbc.core.JdbcTemplate               : Executing prepared SQL statement [SELECT TOP 1 Id_Vendedor, Nombre, CodEmpleado FROM dbo.tbl_Vendedor WHERE Id_Vendedor = ? AND ISNULL(E_Eliminado,0)=0]
2026-08-05 17:41:55.272 DEBUG 548 --- [io-9060-exec-10] o.s.jdbc.datasource.DataSourceUtils      : Fetching JDBC Connection from DataSource
2026-08-05 17:41:55.278 DEBUG 548 --- [io-9060-exec-10] o.s.jdbc.core.JdbcTemplate               : Executing prepared SQL query
2026-08-05 17:41:55.278 DEBUG 548 --- [io-9060-exec-10] o.s.jdbc.core.JdbcTemplate               : Executing prepared SQL statement [SELECT TOP 1 Id_Vendedor, Nombre, CodEmpleado FROM dbo.tbl_Vendedor WHERE Id_Vendedor = ? AND ISNULL(E_Eliminado,0)=0]
2026-08-05 17:41:55.279 DEBUG 548 --- [io-9060-exec-10] o.s.jdbc.datasource.DataSourceUtils      : Fetching JDBC Connection from DataSource
2026-08-05 17:41:55.283 DEBUG 548 --- [io-9060-exec-10] o.s.jdbc.core.JdbcTemplate               : Executing prepared SQL query
2026-08-05 17:41:55.283 DEBUG 548 --- [io-9060-exec-10] o.s.jdbc.core.JdbcTemplate               : Executing prepared SQL statement [SELECT TOP 1 Id_Vendedor, Nombre, CodEmpleado FROM dbo.tbl_Vendedor WHERE Id_Vendedor = ? AND ISNULL(E_Eliminado,0)=0]
2026-08-05 17:41:55.284 DEBUG 548 --- [io-9060-exec-10] o.s.jdbc.datasource.DataSourceUtils      : Fetching JDBC Connection from DataSource
2026-08-05 17:41:55.288 DEBUG 548 --- [io-9060-exec-10] o.s.jdbc.core.JdbcTemplate               : Executing prepared SQL query
2026-08-05 17:41:55.288 DEBUG 548 --- [io-9060-exec-10] o.s.jdbc.core.JdbcTemplate               : Executing prepared SQL statement [SELECT TOP 1 Id_Vendedor, Nombre, CodEmpleado FROM dbo.tbl_Vendedor WHERE Id_Vendedor = ? AND ISNULL(E_Eliminado,0)=0]
2026-08-05 17:41:55.289 DEBUG 548 --- [io-9060-exec-10] o.s.jdbc.datasource.DataSourceUtils      : Fetching JDBC Connection from DataSource
2026-08-05 17:41:55.294 DEBUG 548 --- [io-9060-exec-10] o.s.jdbc.core.JdbcTemplate               : Executing prepared SQL query
2026-08-05 17:41:55.295 DEBUG 548 --- [io-9060-exec-10] o.s.jdbc.core.JdbcTemplate               : Executing prepared SQL statement [SELECT TOP 1 Id_Vendedor, Nombre, CodEmpleado FROM dbo.tbl_Vendedor WHERE Id_Vendedor = ? AND ISNULL(E_Eliminado,0)=0]
2026-08-05 17:41:55.295 DEBUG 548 --- [io-9060-exec-10] o.s.jdbc.datasource.DataSourceUtils      : Fetching JDBC Connection from DataSource
2026-08-05 17:41:55.300 DEBUG 548 --- [io-9060-exec-10] o.s.jdbc.core.JdbcTemplate               : Executing prepared SQL query
2026-08-05 17:41:55.301 DEBUG 548 --- [io-9060-exec-10] o.s.jdbc.core.JdbcTemplate               : Executing prepared SQL statement [SELECT TOP 1 Id_Vendedor, Nombre, CodEmpleado FROM dbo.tbl_Vendedor WHERE Id_Vendedor = ? AND ISNULL(E_Eliminado,0)=0]
2026-08-05 17:41:55.302 DEBUG 548 --- [io-9060-exec-10] o.s.jdbc.datasource.DataSourceUtils      : Fetching JDBC Connection from DataSource
2026-08-05 17:41:55.310 DEBUG 548 --- [io-9060-exec-10] o.s.jdbc.core.JdbcTemplate               : Executing prepared SQL query
2026-08-05 17:41:55.310 DEBUG 548 --- [io-9060-exec-10] o.s.jdbc.core.JdbcTemplate               : Executing prepared SQL statement [SELECT TOP 1 Id_Vendedor, Nombre, CodEmpleado FROM dbo.tbl_Vendedor WHERE Id_Vendedor = ? AND ISNULL(E_Eliminado,0)=0]
2026-08-05 17:41:55.311 DEBUG 548 --- [io-9060-exec-10] o.s.jdbc.datasource.DataSourceUtils      : Fetching JDBC Connection from DataSource
2026-08-05 17:41:55.321 DEBUG 548 --- [io-9060-exec-10] o.s.jdbc.core.JdbcTemplate               : Executing prepared SQL query
2026-08-05 17:41:55.322 DEBUG 548 --- [io-9060-exec-10] o.s.jdbc.core.JdbcTemplate               : Executing prepared SQL statement [SELECT TOP 1 Id_Vendedor, Nombre, CodEmpleado FROM dbo.tbl_Vendedor WHERE Id_Vendedor = ? AND ISNULL(E_Eliminado,0)=0]
2026-08-05 17:41:55.322 DEBUG 548 --- [io-9060-exec-10] o.s.jdbc.datasource.DataSourceUtils      : Fetching JDBC Connection from DataSource
2026-08-05 17:41:55.344 DEBUG 548 --- [io-9060-exec-10] o.s.jdbc.core.JdbcTemplate               : Executing prepared SQL query
2026-08-05 17:41:55.345 DEBUG 548 --- [io-9060-exec-10] o.s.jdbc.core.JdbcTemplate               : Executing prepared SQL statement [SELECT TOP 1 Id_Vendedor, Nombre, CodEmpleado FROM dbo.tbl_Vendedor WHERE Id_Vendedor = ? AND ISNULL(E_Eliminado,0)=0]
2026-08-05 17:41:55.345 DEBUG 548 --- [io-9060-exec-10] o.s.jdbc.datasource.DataSourceUtils      : Fetching JDBC Connection from DataSource
2026-08-05 17:41:55.361 DEBUG 548 --- [io-9060-exec-10] o.s.jdbc.core.JdbcTemplate               : Executing prepared SQL query
2026-08-05 17:41:55.361 DEBUG 548 --- [io-9060-exec-10] o.s.jdbc.core.JdbcTemplate               : Executing prepared SQL statement [SELECT TOP 1 Id_Vendedor, Nombre, CodEmpleado FROM dbo.tbl_Vendedor WHERE Id_Vendedor = ? AND ISNULL(E_Eliminado,0)=0]
2026-08-05 17:41:55.362 DEBUG 548 --- [io-9060-exec-10] o.s.jdbc.datasource.DataSourceUtils      : Fetching JDBC Connection from DataSource
2026-08-05 17:41:55.377 DEBUG 548 --- [io-9060-exec-10] o.s.jdbc.core.JdbcTemplate               : Executing prepared SQL query
2026-08-05 17:41:55.377 DEBUG 548 --- [io-9060-exec-10] o.s.jdbc.core.JdbcTemplate               : Executing prepared SQL statement [SELECT TOP 1 Id_Vendedor, Nombre, CodEmpleado FROM dbo.tbl_Vendedor WHERE Id_Vendedor = ? AND ISNULL(E_Eliminado,0)=0]
2026-08-05 17:41:55.378 DEBUG 548 --- [io-9060-exec-10] o.s.jdbc.datasource.DataSourceUtils      : Fetching JDBC Connection from DataSource
2026-08-05 17:41:55.389 DEBUG 548 --- [io-9060-exec-10] o.s.jdbc.core.JdbcTemplate               : Executing prepared SQL query
2026-08-05 17:41:55.389 DEBUG 548 --- [io-9060-exec-10] o.s.jdbc.core.JdbcTemplate               : Executing prepared SQL statement [SELECT TOP 1 Id_Vendedor, Nombre, CodEmpleado FROM dbo.tbl_Vendedor WHERE Id_Vendedor = ? AND ISNULL(E_Eliminado,0)=0]
2026-08-05 17:41:55.390 DEBUG 548 --- [io-9060-exec-10] o.s.jdbc.datasource.DataSourceUtils      : Fetching JDBC Connection from DataSource
2026-08-05 17:41:55.403 DEBUG 548 --- [io-9060-exec-10] o.s.jdbc.core.JdbcTemplate               : Executing prepared SQL query
2026-08-05 17:41:55.404 DEBUG 548 --- [io-9060-exec-10] o.s.jdbc.core.JdbcTemplate               : Executing prepared SQL statement [SELECT TOP 1 Id_Vendedor, Nombre, CodEmpleado FROM dbo.tbl_Vendedor WHERE Id_Vendedor = ? AND ISNULL(E_Eliminado,0)=0]
2026-08-05 17:41:55.405 DEBUG 548 --- [io-9060-exec-10] o.s.jdbc.datasource.DataSourceUtils      : Fetching JDBC Connection from DataSource
2026-08-05 17:41:55.416 DEBUG 548 --- [io-9060-exec-10] o.s.jdbc.core.JdbcTemplate               : Executing prepared SQL query
2026-08-05 17:41:55.417 DEBUG 548 --- [io-9060-exec-10] o.s.jdbc.core.JdbcTemplate               : Executing prepared SQL statement [SELECT TOP 1 Id_Vendedor, Nombre, CodEmpleado FROM dbo.tbl_Vendedor WHERE Id_Vendedor = ? AND ISNULL(E_Eliminado,0)=0]
2026-08-05 17:41:55.417 DEBUG 548 --- [io-9060-exec-10] o.s.jdbc.datasource.DataSourceUtils      : Fetching JDBC Connection from DataSource
2026-08-05 17:41:55.436 DEBUG 548 --- [io-9060-exec-10] o.s.jdbc.core.JdbcTemplate               : Executing prepared SQL query
2026-08-05 17:41:55.436 DEBUG 548 --- [io-9060-exec-10] o.s.jdbc.core.JdbcTemplate               : Executing prepared SQL statement [SELECT TOP 1 Id_Vendedor, Nombre, CodEmpleado FROM dbo.tbl_Vendedor WHERE Id_Vendedor = ? AND ISNULL(E_Eliminado,0)=0]
2026-08-05 17:41:55.437 DEBUG 548 --- [io-9060-exec-10] o.s.jdbc.datasource.DataSourceUtils      : Fetching JDBC Connection from DataSource
2026-08-05 17:41:55.451 DEBUG 548 --- [io-9060-exec-10] o.s.jdbc.core.JdbcTemplate               : Executing prepared SQL query
2026-08-05 17:41:55.452 DEBUG 548 --- [io-9060-exec-10] o.s.jdbc.core.JdbcTemplate               : Executing prepared SQL statement [SELECT TOP 1 Id_Vendedor, Nombre, CodEmpleado FROM dbo.tbl_Vendedor WHERE Id_Vendedor = ? AND ISNULL(E_Eliminado,0)=0]
2026-08-05 17:41:55.452 DEBUG 548 --- [io-9060-exec-10] o.s.jdbc.datasource.DataSourceUtils      : Fetching JDBC Connection from DataSource
2026-08-05 17:41:55.467 DEBUG 548 --- [io-9060-exec-10] o.s.jdbc.core.JdbcTemplate               : Executing prepared SQL query
2026-08-05 17:41:55.468 DEBUG 548 --- [io-9060-exec-10] o.s.jdbc.core.JdbcTemplate               : Executing prepared SQL statement [SELECT TOP 1 Id_Vendedor, Nombre, CodEmpleado FROM dbo.tbl_Vendedor WHERE Id_Vendedor = ? AND ISNULL(E_Eliminado,0)=0]
2026-08-05 17:41:55.468 DEBUG 548 --- [io-9060-exec-10] o.s.jdbc.datasource.DataSourceUtils      : Fetching JDBC Connection from DataSource
2026-08-05 17:41:55.479 DEBUG 548 --- [io-9060-exec-10] o.s.jdbc.core.JdbcTemplate               : Executing prepared SQL query
2026-08-05 17:41:55.479 DEBUG 548 --- [io-9060-exec-10] o.s.jdbc.core.JdbcTemplate               : Executing prepared SQL statement [SELECT TOP 1 Id_Vendedor, Nombre, CodEmpleado FROM dbo.tbl_Vendedor WHERE Id_Vendedor = ? AND ISNULL(E_Eliminado,0)=0]
2026-08-05 17:41:55.480 DEBUG 548 --- [io-9060-exec-10] o.s.jdbc.datasource.DataSourceUtils      : Fetching JDBC Connection from DataSource
2026-08-05 17:41:55.492 DEBUG 548 --- [io-9060-exec-10] o.s.jdbc.core.JdbcTemplate               : Executing prepared SQL query
2026-08-05 17:41:55.493 DEBUG 548 --- [io-9060-exec-10] o.s.jdbc.core.JdbcTemplate               : Executing prepared SQL statement [SELECT TOP 1 Id_Vendedor, Nombre, CodEmpleado FROM dbo.tbl_Vendedor WHERE Id_Vendedor = ? AND ISNULL(E_Eliminado,0)=0]
2026-08-05 17:41:55.494 DEBUG 548 --- [io-9060-exec-10] o.s.jdbc.datasource.DataSourceUtils      : Fetching JDBC Connection from DataSource
2026-08-05 17:41:55.517 DEBUG 548 --- [io-9060-exec-10] o.s.jdbc.core.JdbcTemplate               : Executing prepared SQL query
2026-08-05 17:41:55.519 DEBUG 548 --- [io-9060-exec-10] o.s.jdbc.core.JdbcTemplate               : Executing prepared SQL statement [SELECT TOP 1 Id_Vendedor, Nombre, CodEmpleado FROM dbo.tbl_Vendedor WHERE Id_Vendedor = ? AND ISNULL(E_Eliminado,0)=0]
2026-08-05 17:41:55.519 DEBUG 548 --- [io-9060-exec-10] o.s.jdbc.datasource.DataSourceUtils      : Fetching JDBC Connection from DataSource
2026-08-05 17:41:55.531 DEBUG 548 --- [io-9060-exec-10] o.s.jdbc.core.JdbcTemplate               : Executing prepared SQL query
2026-08-05 17:41:55.533 DEBUG 548 --- [io-9060-exec-10] o.s.jdbc.core.JdbcTemplate               : Executing prepared SQL statement [SELECT TOP 1 Id_Vendedor, Nombre, CodEmpleado FROM dbo.tbl_Vendedor WHERE Id_Vendedor = ? AND ISNULL(E_Eliminado,0)=0]
2026-08-05 17:41:55.533 DEBUG 548 --- [io-9060-exec-10] o.s.jdbc.datasource.DataSourceUtils      : Fetching JDBC Connection from DataSource
2026-08-05 17:41:55.538 DEBUG 548 --- [io-9060-exec-10] o.s.jdbc.core.JdbcTemplate               : Executing prepared SQL query
2026-08-05 17:41:55.538 DEBUG 548 --- [io-9060-exec-10] o.s.jdbc.core.JdbcTemplate               : Executing prepared SQL statement [SELECT TOP 1 Id_Vendedor, Nombre, CodEmpleado FROM dbo.tbl_Vendedor WHERE Id_Vendedor = ? AND ISNULL(E_Eliminado,0)=0]
2026-08-05 17:41:55.539 DEBUG 548 --- [io-9060-exec-10] o.s.jdbc.datasource.DataSourceUtils      : Fetching JDBC Connection from DataSource
2026-08-05 17:41:55.542 DEBUG 548 --- [io-9060-exec-10] o.s.jdbc.core.JdbcTemplate               : Executing prepared SQL query
2026-08-05 17:41:55.543 DEBUG 548 --- [io-9060-exec-10] o.s.jdbc.core.JdbcTemplate               : Executing prepared SQL statement [SELECT TOP 1 Id_Vendedor, Nombre, CodEmpleado FROM dbo.tbl_Vendedor WHERE Id_Vendedor = ? AND ISNULL(E_Eliminado,0)=0]
2026-08-05 17:41:55.543 DEBUG 548 --- [io-9060-exec-10] o.s.jdbc.datasource.DataSourceUtils      : Fetching JDBC Connection from DataSource
2026-08-05 17:41:55.547 DEBUG 548 --- [io-9060-exec-10] o.s.jdbc.core.JdbcTemplate               : Executing prepared SQL query
2026-08-05 17:41:55.548 DEBUG 548 --- [io-9060-exec-10] o.s.jdbc.core.JdbcTemplate               : Executing prepared SQL statement [SELECT TOP 1 Id_Vendedor, Nombre, CodEmpleado FROM dbo.tbl_Vendedor WHERE Id_Vendedor = ? AND ISNULL(E_Eliminado,0)=0]
2026-08-05 17:41:55.549 DEBUG 548 --- [io-9060-exec-10] o.s.jdbc.datasource.DataSourceUtils      : Fetching JDBC Connection from DataSource
2026-08-05 17:41:55.552 DEBUG 548 --- [io-9060-exec-10] o.s.jdbc.core.JdbcTemplate               : Executing prepared SQL query
2026-08-05 17:41:55.553 DEBUG 548 --- [io-9060-exec-10] o.s.jdbc.core.JdbcTemplate               : Executing prepared SQL statement [SELECT TOP 1 Id_Vendedor, Nombre, CodEmpleado FROM dbo.tbl_Vendedor WHERE Id_Vendedor = ? AND ISNULL(E_Eliminado,0)=0]
2026-08-05 17:41:55.554 DEBUG 548 --- [io-9060-exec-10] o.s.jdbc.datasource.DataSourceUtils      : Fetching JDBC Connection from DataSource
2026-08-05 17:41:55.559 DEBUG 548 --- [io-9060-exec-10] o.s.jdbc.core.JdbcTemplate               : Executing prepared SQL query
2026-08-05 17:41:55.560 DEBUG 548 --- [io-9060-exec-10] o.s.jdbc.core.JdbcTemplate               : Executing prepared SQL statement [SELECT TOP 1 Id_Vendedor, Nombre, CodEmpleado FROM dbo.tbl_Vendedor WHERE Id_Vendedor = ? AND ISNULL(E_Eliminado,0)=0]
2026-08-05 17:41:55.561 DEBUG 548 --- [io-9060-exec-10] o.s.jdbc.datasource.DataSourceUtils      : Fetching JDBC Connection from DataSource
2026-08-05 17:41:55.564 DEBUG 548 --- [io-9060-exec-10] o.s.jdbc.core.JdbcTemplate               : Executing prepared SQL query
2026-08-05 17:41:55.565 DEBUG 548 --- [io-9060-exec-10] o.s.jdbc.core.JdbcTemplate               : Executing prepared SQL statement [SELECT TOP 1 Id_Vendedor, Nombre, CodEmpleado FROM dbo.tbl_Vendedor WHERE Id_Vendedor = ? AND ISNULL(E_Eliminado,0)=0]
2026-08-05 17:41:55.566 DEBUG 548 --- [io-9060-exec-10] o.s.jdbc.datasource.DataSourceUtils      : Fetching JDBC Connection from DataSource
2026-08-05 17:41:55.572 DEBUG 548 --- [io-9060-exec-10] o.s.jdbc.core.JdbcTemplate               : Executing prepared SQL query
2026-08-05 17:41:55.573 DEBUG 548 --- [io-9060-exec-10] o.s.jdbc.core.JdbcTemplate               : Executing prepared SQL statement [SELECT TOP 1 Id_Vendedor, Nombre, CodEmpleado FROM dbo.tbl_Vendedor WHERE Id_Vendedor = ? AND ISNULL(E_Eliminado,0)=0]
2026-08-05 17:41:55.573 DEBUG 548 --- [io-9060-exec-10] o.s.jdbc.datasource.DataSourceUtils      : Fetching JDBC Connection from DataSource
2026-08-05 17:41:55.578 DEBUG 548 --- [io-9060-exec-10] o.s.jdbc.core.JdbcTemplate               : Executing prepared SQL query
2026-08-05 17:41:55.579 DEBUG 548 --- [io-9060-exec-10] o.s.jdbc.core.JdbcTemplate               : Executing prepared SQL statement [SELECT TOP 1 Id_Vendedor, Nombre, CodEmpleado FROM dbo.tbl_Vendedor WHERE Id_Vendedor = ? AND ISNULL(E_Eliminado,0)=0]
2026-08-05 17:41:55.580 DEBUG 548 --- [io-9060-exec-10] o.s.jdbc.datasource.DataSourceUtils      : Fetching JDBC Connection from DataSource
2026-08-05 17:41:55.584 DEBUG 548 --- [io-9060-exec-10] o.s.jdbc.core.JdbcTemplate               : Executing prepared SQL query
2026-08-05 17:41:55.585 DEBUG 548 --- [io-9060-exec-10] o.s.jdbc.core.JdbcTemplate               : Executing prepared SQL statement [SELECT TOP 1 Id_Vendedor, Nombre, CodEmpleado FROM dbo.tbl_Vendedor WHERE Id_Vendedor = ? AND ISNULL(E_Eliminado,0)=0]
2026-08-05 17:41:55.586 DEBUG 548 --- [io-9060-exec-10] o.s.jdbc.datasource.DataSourceUtils      : Fetching JDBC Connection from DataSource
2026-08-05 17:41:55.591 DEBUG 548 --- [io-9060-exec-10] o.s.jdbc.core.JdbcTemplate               : Executing prepared SQL query
2026-08-05 17:41:55.591 DEBUG 548 --- [io-9060-exec-10] o.s.jdbc.core.JdbcTemplate               : Executing prepared SQL statement [SELECT TOP 1 Id_Vendedor, Nombre, CodEmpleado FROM dbo.tbl_Vendedor WHERE Id_Vendedor = ? AND ISNULL(E_Eliminado,0)=0]
2026-08-05 17:41:55.592 DEBUG 548 --- [io-9060-exec-10] o.s.jdbc.datasource.DataSourceUtils      : Fetching JDBC Connection from DataSource
2026-08-05 17:41:55.600 DEBUG 548 --- [io-9060-exec-10] o.s.jdbc.core.JdbcTemplate               : Executing prepared SQL query
2026-08-05 17:41:55.600 DEBUG 548 --- [io-9060-exec-10] o.s.jdbc.core.JdbcTemplate               : Executing prepared SQL statement [SELECT TOP 1 Id_Vendedor, Nombre, CodEmpleado FROM dbo.tbl_Vendedor WHERE Id_Vendedor = ? AND ISNULL(E_Eliminado,0)=0]
2026-08-05 17:41:55.600 DEBUG 548 --- [io-9060-exec-10] o.s.jdbc.datasource.DataSourceUtils      : Fetching JDBC Connection from DataSource
2026-08-05 17:41:55.604 DEBUG 548 --- [io-9060-exec-10] o.s.jdbc.core.JdbcTemplate               : Executing prepared SQL query
2026-08-05 17:41:55.605 DEBUG 548 --- [io-9060-exec-10] o.s.jdbc.core.JdbcTemplate               : Executing prepared SQL statement [SELECT TOP 1 Id_Vendedor, Nombre, CodEmpleado FROM dbo.tbl_Vendedor WHERE Id_Vendedor = ? AND ISNULL(E_Eliminado,0)=0]
2026-08-05 17:41:55.605 DEBUG 548 --- [io-9060-exec-10] o.s.jdbc.datasource.DataSourceUtils      : Fetching JDBC Connection from DataSource
2026-08-05 17:41:55.609 DEBUG 548 --- [io-9060-exec-10] o.s.jdbc.core.JdbcTemplate               : Executing prepared SQL query
2026-08-05 17:41:55.609 DEBUG 548 --- [io-9060-exec-10] o.s.jdbc.core.JdbcTemplate               : Executing prepared SQL statement [SELECT TOP 1 Id_Vendedor, Nombre, CodEmpleado FROM dbo.tbl_Vendedor WHERE Id_Vendedor = ? AND ISNULL(E_Eliminado,0)=0]
2026-08-05 17:41:55.609 DEBUG 548 --- [io-9060-exec-10] o.s.jdbc.datasource.DataSourceUtils      : Fetching JDBC Connection from DataSource
2026-08-05 17:41:55.613 DEBUG 548 --- [io-9060-exec-10] o.s.jdbc.core.JdbcTemplate               : Executing prepared SQL query
2026-08-05 17:41:55.613 DEBUG 548 --- [io-9060-exec-10] o.s.jdbc.core.JdbcTemplate               : Executing prepared SQL statement [SELECT TOP 1 Id_Vendedor, Nombre, CodEmpleado FROM dbo.tbl_Vendedor WHERE Id_Vendedor = ? AND ISNULL(E_Eliminado,0)=0]
2026-08-05 17:41:55.614 DEBUG 548 --- [io-9060-exec-10] o.s.jdbc.datasource.DataSourceUtils      : Fetching JDBC Connection from DataSource
2026-08-05 17:41:55.618 DEBUG 548 --- [io-9060-exec-10] o.s.jdbc.core.JdbcTemplate               : Executing prepared SQL query
2026-08-05 17:41:55.619 DEBUG 548 --- [io-9060-exec-10] o.s.jdbc.core.JdbcTemplate               : Executing prepared SQL statement [SELECT TOP 1 Id_Vendedor, Nombre, CodEmpleado FROM dbo.tbl_Vendedor WHERE Id_Vendedor = ? AND ISNULL(E_Eliminado,0)=0]
2026-08-05 17:41:55.619 DEBUG 548 --- [io-9060-exec-10] o.s.jdbc.datasource.DataSourceUtils      : Fetching JDBC Connection from DataSource
2026-08-05 17:41:55.622 DEBUG 548 --- [io-9060-exec-10] o.s.jdbc.core.JdbcTemplate               : Executing prepared SQL query
2026-08-05 17:41:55.623 DEBUG 548 --- [io-9060-exec-10] o.s.jdbc.core.JdbcTemplate               : Executing prepared SQL statement [SELECT TOP 1 Id_Vendedor, Nombre, CodEmpleado FROM dbo.tbl_Vendedor WHERE Id_Vendedor = ? AND ISNULL(E_Eliminado,0)=0]
2026-08-05 17:41:55.623 DEBUG 548 --- [io-9060-exec-10] o.s.jdbc.datasource.DataSourceUtils      : Fetching JDBC Connection from DataSource
2026-08-05 17:41:55.626 DEBUG 548 --- [io-9060-exec-10] o.s.jdbc.core.JdbcTemplate               : Executing prepared SQL query
2026-08-05 17:41:55.627 DEBUG 548 --- [io-9060-exec-10] o.s.jdbc.core.JdbcTemplate               : Executing prepared SQL statement [SELECT TOP 1 Id_Vendedor, Nombre, CodEmpleado FROM dbo.tbl_Vendedor WHERE Id_Vendedor = ? AND ISNULL(E_Eliminado,0)=0]
2026-08-05 17:41:55.628 DEBUG 548 --- [io-9060-exec-10] o.s.jdbc.datasource.DataSourceUtils      : Fetching JDBC Connection from DataSource
2026-08-05 17:41:55.631 DEBUG 548 --- [io-9060-exec-10] o.s.jdbc.core.JdbcTemplate               : Executing prepared SQL query
2026-08-05 17:41:55.631 DEBUG 548 --- [io-9060-exec-10] o.s.jdbc.core.JdbcTemplate               : Executing prepared SQL statement [SELECT TOP 1 Id_Vendedor, Nombre, CodEmpleado FROM dbo.tbl_Vendedor WHERE Id_Vendedor = ? AND ISNULL(E_Eliminado,0)=0]
2026-08-05 17:41:55.632 DEBUG 548 --- [io-9060-exec-10] o.s.jdbc.datasource.DataSourceUtils      : Fetching JDBC Connection from DataSource
2026-08-05 17:41:55.635 DEBUG 548 --- [io-9060-exec-10] o.s.jdbc.core.JdbcTemplate               : Executing prepared SQL query
2026-08-05 17:41:55.636 DEBUG 548 --- [io-9060-exec-10] o.s.jdbc.core.JdbcTemplate               : Executing prepared SQL statement [SELECT TOP 1 Id_Vendedor, Nombre, CodEmpleado FROM dbo.tbl_Vendedor WHERE Id_Vendedor = ? AND ISNULL(E_Eliminado,0)=0]
2026-08-05 17:41:55.636 DEBUG 548 --- [nio-9060-exec-2] o.s.w.s.m.m.a.HttpEntityMethodProcessor  : Found 'Content-Type:image/jpeg' in response
2026-08-05 17:41:55.636 DEBUG 548 --- [io-9060-exec-10] o.s.jdbc.datasource.DataSourceUtils      : Fetching JDBC Connection from DataSource
2026-08-05 17:41:55.637 DEBUG 548 --- [nio-9060-exec-2] o.s.w.s.m.m.a.HttpEntityMethodProcessor  : Writing [{-1, -40, -1, -32, 0, 16, 74, 70, 73, 70, 0, 1, 2, 0, 0, 1, 0, 1, 0, 0, -1, -37, 0, 67, 0, 8, 6, 6,  (truncated)...]
2026-08-05 17:41:55.638 DEBUG 548 --- [nio-9060-exec-2] o.s.web.servlet.DispatcherServlet        : Completed 200 OK
2026-08-05 17:41:55.642 DEBUG 548 --- [io-9060-exec-10] o.s.jdbc.core.JdbcTemplate               : Executing prepared SQL query
2026-08-05 17:41:55.642 DEBUG 548 --- [io-9060-exec-10] o.s.jdbc.core.JdbcTemplate               : Executing prepared SQL statement [SELECT TOP 1 Id_Vendedor, Nombre, CodEmpleado FROM dbo.tbl_Vendedor WHERE Id_Vendedor = ? AND ISNULL(E_Eliminado,0)=0]
2026-08-05 17:41:55.643 DEBUG 548 --- [io-9060-exec-10] o.s.jdbc.datasource.DataSourceUtils      : Fetching JDBC Connection from DataSource
2026-08-05 17:41:55.646 DEBUG 548 --- [io-9060-exec-10] o.s.jdbc.core.JdbcTemplate               : Executing prepared SQL query
2026-08-05 17:41:55.647 DEBUG 548 --- [io-9060-exec-10] o.s.jdbc.core.JdbcTemplate               : Executing prepared SQL statement [SELECT TOP 1 Id_Vendedor, Nombre, CodEmpleado FROM dbo.tbl_Vendedor WHERE Id_Vendedor = ? AND ISNULL(E_Eliminado,0)=0]
2026-08-05 17:41:55.647 DEBUG 548 --- [io-9060-exec-10] o.s.jdbc.datasource.DataSourceUtils      : Fetching JDBC Connection from DataSource
2026-08-05 17:41:55.651 DEBUG 548 --- [io-9060-exec-10] o.s.jdbc.core.JdbcTemplate               : Executing prepared SQL query
2026-08-05 17:41:55.652 DEBUG 548 --- [io-9060-exec-10] o.s.jdbc.core.JdbcTemplate               : Executing prepared SQL statement [SELECT TOP 1 Id_Vendedor, Nombre, CodEmpleado FROM dbo.tbl_Vendedor WHERE Id_Vendedor = ? AND ISNULL(E_Eliminado,0)=0]
2026-08-05 17:41:55.652 DEBUG 548 --- [io-9060-exec-10] o.s.jdbc.datasource.DataSourceUtils      : Fetching JDBC Connection from DataSource
2026-08-05 17:41:55.656 DEBUG 548 --- [io-9060-exec-10] o.s.jdbc.core.JdbcTemplate               : Executing prepared SQL query
2026-08-05 17:41:55.657 DEBUG 548 --- [io-9060-exec-10] o.s.jdbc.core.JdbcTemplate               : Executing prepared SQL statement [SELECT TOP 1 Id_Vendedor, Nombre, CodEmpleado FROM dbo.tbl_Vendedor WHERE Id_Vendedor = ? AND ISNULL(E_Eliminado,0)=0]
2026-08-05 17:41:55.657 DEBUG 548 --- [io-9060-exec-10] o.s.jdbc.datasource.DataSourceUtils      : Fetching JDBC Connection from DataSource
2026-08-05 17:41:55.660 DEBUG 548 --- [io-9060-exec-10] o.s.jdbc.core.JdbcTemplate               : Executing prepared SQL query
2026-08-05 17:41:55.661 DEBUG 548 --- [io-9060-exec-10] o.s.jdbc.core.JdbcTemplate               : Executing prepared SQL statement [SELECT TOP 1 Id_Vendedor, Nombre, CodEmpleado FROM dbo.tbl_Vendedor WHERE Id_Vendedor = ? AND ISNULL(E_Eliminado,0)=0]
2026-08-05 17:41:55.661 DEBUG 548 --- [io-9060-exec-10] o.s.jdbc.datasource.DataSourceUtils      : Fetching JDBC Connection from DataSource
2026-08-05 17:41:55.665 DEBUG 548 --- [io-9060-exec-10] o.s.jdbc.core.JdbcTemplate               : Executing prepared SQL query
2026-08-05 17:41:55.665 DEBUG 548 --- [io-9060-exec-10] o.s.jdbc.core.JdbcTemplate               : Executing prepared SQL statement [SELECT TOP 1 Id_Vendedor, Nombre, CodEmpleado FROM dbo.tbl_Vendedor WHERE Id_Vendedor = ? AND ISNULL(E_Eliminado,0)=0]
2026-08-05 17:41:55.666 DEBUG 548 --- [io-9060-exec-10] o.s.jdbc.datasource.DataSourceUtils      : Fetching JDBC Connection from DataSource
2026-08-05 17:41:55.672 DEBUG 548 --- [io-9060-exec-10] o.s.jdbc.core.JdbcTemplate               : Executing prepared SQL query
2026-08-05 17:41:55.672 DEBUG 548 --- [io-9060-exec-10] o.s.jdbc.core.JdbcTemplate               : Executing prepared SQL statement [SELECT TOP 1 Id_Vendedor, Nombre, CodEmpleado FROM dbo.tbl_Vendedor WHERE Id_Vendedor = ? AND ISNULL(E_Eliminado,0)=0]
2026-08-05 17:41:55.672 DEBUG 548 --- [io-9060-exec-10] o.s.jdbc.datasource.DataSourceUtils      : Fetching JDBC Connection from DataSource
2026-08-05 17:41:55.675 DEBUG 548 --- [io-9060-exec-10] o.s.jdbc.core.JdbcTemplate               : Executing prepared SQL query
2026-08-05 17:41:55.676 DEBUG 548 --- [io-9060-exec-10] o.s.jdbc.core.JdbcTemplate               : Executing prepared SQL statement [SELECT TOP 1 Id_Vendedor, Nombre, CodEmpleado FROM dbo.tbl_Vendedor WHERE Id_Vendedor = ? AND ISNULL(E_Eliminado,0)=0]
2026-08-05 17:41:55.676 DEBUG 548 --- [io-9060-exec-10] o.s.jdbc.datasource.DataSourceUtils      : Fetching JDBC Connection from DataSource
2026-08-05 17:41:55.680 DEBUG 548 --- [io-9060-exec-10] o.s.jdbc.core.JdbcTemplate               : Executing prepared SQL query
2026-08-05 17:41:55.680 DEBUG 548 --- [io-9060-exec-10] o.s.jdbc.core.JdbcTemplate               : Executing prepared SQL statement [SELECT TOP 1 Id_Vendedor, Nombre, CodEmpleado FROM dbo.tbl_Vendedor WHERE Id_Vendedor = ? AND ISNULL(E_Eliminado,0)=0]
2026-08-05 17:41:55.681 DEBUG 548 --- [io-9060-exec-10] o.s.jdbc.datasource.DataSourceUtils      : Fetching JDBC Connection from DataSource
2026-08-05 17:41:55.686 DEBUG 548 --- [io-9060-exec-10] o.s.jdbc.core.JdbcTemplate               : Executing prepared SQL query
2026-08-05 17:41:55.687 DEBUG 548 --- [io-9060-exec-10] o.s.jdbc.core.JdbcTemplate               : Executing prepared SQL statement [SELECT TOP 1 Id_Vendedor, Nombre, CodEmpleado FROM dbo.tbl_Vendedor WHERE Id_Vendedor = ? AND ISNULL(E_Eliminado,0)=0]
2026-08-05 17:41:55.687 DEBUG 548 --- [io-9060-exec-10] o.s.jdbc.datasource.DataSourceUtils      : Fetching JDBC Connection from DataSource
2026-08-05 17:41:55.691 DEBUG 548 --- [io-9060-exec-10] o.s.jdbc.core.JdbcTemplate               : Executing prepared SQL query
2026-08-05 17:41:55.692 DEBUG 548 --- [io-9060-exec-10] o.s.jdbc.core.JdbcTemplate               : Executing prepared SQL statement [SELECT TOP 1 Id_Vendedor, Nombre, CodEmpleado FROM dbo.tbl_Vendedor WHERE Id_Vendedor = ? AND ISNULL(E_Eliminado,0)=0]
2026-08-05 17:41:55.692 DEBUG 548 --- [io-9060-exec-10] o.s.jdbc.datasource.DataSourceUtils      : Fetching JDBC Connection from DataSource
2026-08-05 17:41:55.697 DEBUG 548 --- [io-9060-exec-10] o.s.jdbc.core.JdbcTemplate               : Executing prepared SQL query
2026-08-05 17:41:55.698 DEBUG 548 --- [io-9060-exec-10] o.s.jdbc.core.JdbcTemplate               : Executing prepared SQL statement [SELECT TOP 1 Id_Vendedor, Nombre, CodEmpleado FROM dbo.tbl_Vendedor WHERE Id_Vendedor = ? AND ISNULL(E_Eliminado,0)=0]
2026-08-05 17:41:55.698 DEBUG 548 --- [io-9060-exec-10] o.s.jdbc.datasource.DataSourceUtils      : Fetching JDBC Connection from DataSource
2026-08-05 17:41:55.704 DEBUG 548 --- [io-9060-exec-10] o.s.jdbc.core.JdbcTemplate               : Executing prepared SQL query
2026-08-05 17:41:55.705 DEBUG 548 --- [io-9060-exec-10] o.s.jdbc.core.JdbcTemplate               : Executing prepared SQL statement [SELECT TOP 1 Id_Vendedor, Nombre, CodEmpleado FROM dbo.tbl_Vendedor WHERE Id_Vendedor = ? AND ISNULL(E_Eliminado,0)=0]
2026-08-05 17:41:55.705 DEBUG 548 --- [io-9060-exec-10] o.s.jdbc.datasource.DataSourceUtils      : Fetching JDBC Connection from DataSource
2026-08-05 17:41:55.710 DEBUG 548 --- [io-9060-exec-10] o.s.jdbc.core.JdbcTemplate               : Executing prepared SQL query
2026-08-05 17:41:55.711 DEBUG 548 --- [io-9060-exec-10] o.s.jdbc.core.JdbcTemplate               : Executing prepared SQL statement [SELECT TOP 1 Id_Vendedor, Nombre, CodEmpleado FROM dbo.tbl_Vendedor WHERE Id_Vendedor = ? AND ISNULL(E_Eliminado,0)=0]
2026-08-05 17:41:55.711 DEBUG 548 --- [io-9060-exec-10] o.s.jdbc.datasource.DataSourceUtils      : Fetching JDBC Connection from DataSource
2026-08-05 17:41:55.713 DEBUG 548 --- [io-9060-exec-10] o.s.jdbc.core.JdbcTemplate               : Executing prepared SQL query
2026-08-05 17:41:55.714 DEBUG 548 --- [io-9060-exec-10] o.s.jdbc.core.JdbcTemplate               : Executing prepared SQL statement [SELECT TOP 1 Id_Vendedor, Nombre, CodEmpleado FROM dbo.tbl_Vendedor WHERE Id_Vendedor = ? AND ISNULL(E_Eliminado,0)=0]
2026-08-05 17:41:55.714 DEBUG 548 --- [io-9060-exec-10] o.s.jdbc.datasource.DataSourceUtils      : Fetching JDBC Connection from DataSource
2026-08-05 17:41:55.716 DEBUG 548 --- [io-9060-exec-10] o.s.jdbc.core.JdbcTemplate               : Executing prepared SQL query
2026-08-05 17:41:55.717 DEBUG 548 --- [io-9060-exec-10] o.s.jdbc.core.JdbcTemplate               : Executing prepared SQL statement [SELECT TOP 1 Id_Vendedor, Nombre, CodEmpleado FROM dbo.tbl_Vendedor WHERE Id_Vendedor = ? AND ISNULL(E_Eliminado,0)=0]
2026-08-05 17:41:55.717 DEBUG 548 --- [io-9060-exec-10] o.s.jdbc.datasource.DataSourceUtils      : Fetching JDBC Connection from DataSource
2026-08-05 17:41:55.721 DEBUG 548 --- [io-9060-exec-10] o.s.jdbc.core.JdbcTemplate               : Executing prepared SQL query
2026-08-05 17:41:55.722 DEBUG 548 --- [io-9060-exec-10] o.s.jdbc.core.JdbcTemplate               : Executing prepared SQL statement [EXEC dbo.spy_REV_PENALIZADA ?]
2026-08-05 17:41:55.723 DEBUG 548 --- [io-9060-exec-10] o.s.jdbc.datasource.DataSourceUtils      : Fetching JDBC Connection from DataSource
2026-08-05 17:41:55.736 DEBUG 548 --- [io-9060-exec-10] o.s.jdbc.core.JdbcTemplate               : Executing prepared SQL query
2026-08-05 17:41:55.737 DEBUG 548 --- [io-9060-exec-10] o.s.jdbc.core.JdbcTemplate               : Executing prepared SQL statement [EXEC dbo.spy_REV_PENALIZADA ?]
2026-08-05 17:41:55.737 DEBUG 548 --- [io-9060-exec-10] o.s.jdbc.datasource.DataSourceUtils      : Fetching JDBC Connection from DataSource
2026-08-05 17:41:55.746 DEBUG 548 --- [io-9060-exec-10] o.s.jdbc.core.JdbcTemplate               : Executing prepared SQL query
2026-08-05 17:41:55.747 DEBUG 548 --- [io-9060-exec-10] o.s.jdbc.core.JdbcTemplate               : Executing prepared SQL statement [EXEC dbo.spy_REV_PENALIZADA ?]
2026-08-05 17:41:55.748 DEBUG 548 --- [io-9060-exec-10] o.s.jdbc.datasource.DataSourceUtils      : Fetching JDBC Connection from DataSource
2026-08-05 17:41:55.754 DEBUG 548 --- [io-9060-exec-10] o.s.w.s.m.m.a.HttpEntityMethodProcessor  : Using 'application/json', given [application/json, text/plain, */*] and supported [application/json, application/*+json, application/json, application/*+json]
2026-08-05 17:41:55.755 DEBUG 548 --- [io-9060-exec-10] o.s.w.s.m.m.a.HttpEntityMethodProcessor  : Writing [com.example.TigoStarSystem.common.ApiResponse@67464abc]
2026-08-05 17:41:55.757 DEBUG 548 --- [io-9060-exec-10] o.s.web.servlet.DispatcherServlet        : Completed 200 OK
2026-08-05 17:41:58.451 DEBUG 548 --- [nio-9060-exec-3] o.s.web.servlet.DispatcherServlet        : GET "/supervisor/supervision/jornadas/2524/detalle", parameters={}
2026-08-05 17:41:58.475 DEBUG 548 --- [nio-9060-exec-3] s.w.s.m.m.a.RequestMappingHandlerMapping : Mapped to com.example.TigoStarSystem.supervision.controller.SupervisionController#obtenerDetalleJornada(String, Integer)
2026-08-05 17:41:58.487 DEBUG 548 --- [nio-9060-exec-3] o.s.jdbc.core.JdbcTemplate               : Executing SQL query [EXEC dbo.spx_ObtenerSucursalesConexionWeb]
2026-08-05 17:41:58.488 DEBUG 548 --- [nio-9060-exec-3] o.s.jdbc.datasource.DataSourceUtils      : Fetching JDBC Connection from DataSource
2026-08-05 17:41:58.513 DEBUG 548 --- [nio-9060-exec-3] o.s.jdbc.core.JdbcTemplate               : Executing prepared SQL query
2026-08-05 17:41:58.514 DEBUG 548 --- [nio-9060-exec-3] o.s.jdbc.core.JdbcTemplate               : Executing prepared SQL statement [SELECT id_inicio, id_tecnico, id_auxiliar, id_encargado, fecha_registro, fecha_cierre, pendiente, capacitado, charla, botiquin, extintor, fecha_vencimiento, equipo_epp, estado_epp, apr, escalera, anclaje, e_eliminado, codigo_cliente, dano_material, observacion_material, dano_persona, observacion_persona, novedades_trabajo, observacion_novedades, ubicacion_georef, no_marco_cierre, id_usuario_supervisor_grupo, id_sucursal, sucursal, nombre_tecnico, tecnico_nombre, EstoyTrabajandoSolo AS estoy_trabajando_solo, firma_inicio, firma_cierre FROM dbo.tbl_InicioJornadaAlturas WHERE id_inicio = ?]
2026-08-05 17:41:58.514 DEBUG 548 --- [nio-9060-exec-3] o.s.jdbc.datasource.DataSourceUtils      : Fetching JDBC Connection from DataSource
2026-08-05 17:41:58.560 DEBUG 548 --- [nio-9060-exec-3] o.s.jdbc.core.JdbcTemplate               : Executing SQL query [EXEC dbo.spx_ObtenerSucursalesConexion]
2026-08-05 17:41:58.561 DEBUG 548 --- [nio-9060-exec-3] o.s.jdbc.datasource.DataSourceUtils      : Fetching JDBC Connection from DataSource
2026-08-05 17:41:58.574 DEBUG 548 --- [nio-9060-exec-3] o.s.jdbc.core.JdbcTemplate               : Executing SQL query [EXEC dbo.spx_ObtenerSucursalesConexion]
2026-08-05 17:41:58.575 DEBUG 548 --- [nio-9060-exec-3] o.s.jdbc.datasource.DataSourceUtils      : Fetching JDBC Connection from DataSource
2026-08-05 17:41:58.589 DEBUG 548 --- [nio-9060-exec-3] o.s.jdbc.core.JdbcTemplate               : Executing SQL query [EXEC dbo.SP_Usuario_ListarActivosBasico]
2026-08-05 17:41:58.592 DEBUG 548 --- [nio-9060-exec-3] o.s.jdbc.datasource.DataSourceUtils      : Fetching JDBC Connection from DataSource
2026-08-05 17:41:58.622 DEBUG 548 --- [nio-9060-exec-3] o.s.jdbc.core.JdbcTemplate               : Executing prepared SQL query
2026-08-05 17:41:58.622 DEBUG 548 --- [nio-9060-exec-3] o.s.jdbc.core.JdbcTemplate               : Executing prepared SQL statement [SELECT id_inicio, id_tecnico, id_auxiliar, id_encargado, fecha_registro, fecha_cierre, pendiente, capacitado, charla, botiquin, extintor, fecha_vencimiento, equipo_epp, estado_epp, apr, escalera, anclaje, e_eliminado, codigo_cliente, dano_material, observacion_material, dano_persona, observacion_persona, novedades_trabajo, observacion_novedades, ubicacion_georef, no_marco_cierre, id_usuario_supervisor_grupo, id_sucursal, sucursal, nombre_tecnico, tecnico_nombre, EstoyTrabajandoSolo AS estoy_trabajando_solo, firma_inicio, firma_cierre FROM dbo.tbl_InicioJornadaAlturas WHERE id_inicio IN (?)]
2026-08-05 17:41:58.622 DEBUG 548 --- [nio-9060-exec-3] o.s.jdbc.datasource.DataSourceUtils      : Fetching JDBC Connection from DataSource
2026-08-05 17:41:58.656 DEBUG 548 --- [nio-9060-exec-3] o.s.jdbc.core.JdbcTemplate               : Executing SQL query [EXEC dbo.spx_ObtenerSucursalesConexion]
2026-08-05 17:41:58.657 DEBUG 548 --- [nio-9060-exec-3] o.s.jdbc.datasource.DataSourceUtils      : Fetching JDBC Connection from DataSource
2026-08-05 17:41:58.667 DEBUG 548 --- [nio-9060-exec-3] o.s.jdbc.core.JdbcTemplate               : Executing SQL query [EXEC dbo.SP_Usuario_ListarActivosBasico]
2026-08-05 17:41:58.667 DEBUG 548 --- [nio-9060-exec-3] o.s.jdbc.datasource.DataSourceUtils      : Fetching JDBC Connection from DataSource
2026-08-05 17:41:58.683 DEBUG 548 --- [nio-9060-exec-3] o.s.jdbc.core.JdbcTemplate               : Executing prepared SQL query
2026-08-05 17:41:58.683 DEBUG 548 --- [nio-9060-exec-3] o.s.jdbc.core.JdbcTemplate               : Executing prepared SQL statement [SELECT TOP 1 Nombre FROM dbo.tbl_Usuario WHERE Id_Usuario = ? AND ISNULL(E_Eliminado,0)=0]
2026-08-05 17:41:58.683 DEBUG 548 --- [nio-9060-exec-3] o.s.jdbc.datasource.DataSourceUtils      : Fetching JDBC Connection from DataSource
2026-08-05 17:41:58.697 DEBUG 548 --- [nio-9060-exec-3] o.s.jdbc.core.JdbcTemplate               : Executing prepared SQL query
2026-08-05 17:41:58.701 DEBUG 548 --- [nio-9060-exec-3] o.s.jdbc.core.JdbcTemplate               : Executing prepared SQL statement [SELECT TOP 1 u.Nombre AS Nombre FROM dbo.tbl_UsuarioTecnico ut LEFT JOIN dbo.tbl_Usuario u ON u.Id_Usuario = ut.id_Usuario WHERE ut.id_Usuario = ? AND ISNULL(ut.e_eliminado,0)=0]
2026-08-05 17:41:58.701 DEBUG 548 --- [nio-9060-exec-3] o.s.jdbc.datasource.DataSourceUtils      : Fetching JDBC Connection from DataSource
2026-08-05 17:41:58.714 DEBUG 548 --- [nio-9060-exec-3] o.s.jdbc.core.JdbcTemplate               : Executing prepared SQL query
2026-08-05 17:41:58.715 DEBUG 548 --- [nio-9060-exec-3] o.s.jdbc.core.JdbcTemplate               : Executing prepared SQL statement [SELECT TOP 1 Nombre FROM dbo.tbl_Vendedor WHERE Id_Vendedor = ? AND ISNULL(E_Eliminado,0)=0]
2026-08-05 17:41:58.715 DEBUG 548 --- [nio-9060-exec-3] o.s.jdbc.datasource.DataSourceUtils      : Fetching JDBC Connection from DataSource
2026-08-05 17:41:58.731 DEBUG 548 --- [nio-9060-exec-3] o.s.w.s.m.m.a.HttpEntityMethodProcessor  : Using 'application/json', given [application/json, text/plain, */*] and supported [application/json, application/*+json, application/json, application/*+json]
2026-08-05 17:41:58.731 DEBUG 548 --- [nio-9060-exec-3] o.s.w.s.m.m.a.HttpEntityMethodProcessor  : Writing [com.example.TigoStarSystem.common.ApiResponse@517d52d8]
2026-08-05 17:41:58.733 DEBUG 548 --- [nio-9060-exec-3] o.s.web.servlet.DispatcherServlet        : Completed 200 OK
2026-08-05 17:41:58.762 DEBUG 548 --- [nio-9060-exec-8] o.s.web.servlet.DispatcherServlet        : GET "/supervisor/supervision/jornadas/2524/firma-inicio", parameters={}
2026-08-05 17:41:58.763 DEBUG 548 --- [nio-9060-exec-9] o.s.web.servlet.DispatcherServlet        : GET "/supervisor/supervision/jornadas/2524/imagen-auxiliar?miniatura=true", parameters={masked}
2026-08-05 17:41:58.763 DEBUG 548 --- [nio-9060-exec-8] s.w.s.m.m.a.RequestMappingHandlerMapping : Mapped to com.example.TigoStarSystem.supervision.controller.SupervisionController#obtenerFirmaInicioJornada(String, Integer)
2026-08-05 17:41:58.764 DEBUG 548 --- [nio-9060-exec-9] s.w.s.m.m.a.RequestMappingHandlerMapping : Mapped to com.example.TigoStarSystem.supervision.controller.SupervisionController#obtenerImagenAuxiliarJornada(String, Integer, boolean)
2026-08-05 17:41:58.768 DEBUG 548 --- [nio-9060-exec-9] o.s.jdbc.core.JdbcTemplate               : Executing prepared SQL query
2026-08-05 17:41:58.768 DEBUG 548 --- [nio-9060-exec-8] o.s.jdbc.core.JdbcTemplate               : Executing prepared SQL query
2026-08-05 17:41:58.768 DEBUG 548 --- [nio-9060-exec-9] o.s.jdbc.core.JdbcTemplate               : Executing prepared SQL statement [SELECT imagen_auxiliar FROM dbo.tbl_InicioJornadaAlturas WHERE id_inicio = ? AND ISNULL(e_eliminado, 0) = 0]
2026-08-05 17:41:58.769 DEBUG 548 --- [nio-9060-exec-8] o.s.jdbc.core.JdbcTemplate               : Executing prepared SQL statement [SELECT firma_inicio FROM dbo.tbl_InicioJornadaAlturas WHERE id_inicio = ? AND ISNULL(e_eliminado, 0) = 0]
2026-08-05 17:41:58.769 DEBUG 548 --- [nio-9060-exec-9] o.s.jdbc.datasource.DataSourceUtils      : Fetching JDBC Connection from DataSource
2026-08-05 17:41:58.776 DEBUG 548 --- [nio-9060-exec-8] o.s.jdbc.datasource.DataSourceUtils      : Fetching JDBC Connection from DataSource
2026-08-05 17:41:58.804 DEBUG 548 --- [nio-9060-exec-8] o.s.w.s.m.m.a.HttpEntityMethodProcessor  : Found 'Content-Type:image/png' in response
2026-08-05 17:41:58.806 DEBUG 548 --- [nio-9060-exec-8] o.s.w.s.m.m.a.HttpEntityMethodProcessor  : Writing [{-119, 80, 78, 71, 13, 10, 26, 10, 0, 0, 0, 13, 73, 72, 68, 82, 0, 0, 3, 100, 0, 0, 2, 48, 8, 6, 0,  (truncated)...]
2026-08-05 17:41:58.807 DEBUG 548 --- [nio-9060-exec-8] o.s.web.servlet.DispatcherServlet        : Completed 200 OK
2026-08-05 17:42:00.074 DEBUG 548 --- [nio-9060-exec-9] o.s.w.s.m.m.a.HttpEntityMethodProcessor  : Found 'Content-Type:image/jpeg' in response
2026-08-05 17:42:00.096 DEBUG 548 --- [nio-9060-exec-9] o.s.w.s.m.m.a.HttpEntityMethodProcessor  : Writing [{-1, -40, -1, -32, 0, 16, 74, 70, 73, 70, 0, 1, 2, 0, 0, 1, 0, 1, 0, 0, -1, -37, 0, 67, 0, 8, 6, 6,  (truncated)...]
2026-08-05 17:42:00.097 DEBUG 548 --- [nio-9060-exec-9] o.s.web.servlet.DispatcherServlet        : Completed 200 OK
2026-08-05 17:42:00.466 DEBUG 548 --- [nio-9060-exec-6] o.s.web.servlet.DispatcherServlet        : GET "/supervisor/supervision/jornadas/pendientes", parameters={}
2026-08-05 17:42:00.473 DEBUG 548 --- [nio-9060-exec-6] s.w.s.m.m.a.RequestMappingHandlerMapping : Mapped to com.example.TigoStarSystem.supervision.controller.SupervisionController#listarJornadasPendientes(String)
2026-08-05 17:42:00.476 DEBUG 548 --- [nio-9060-exec-6] o.s.jdbc.core.JdbcTemplate               : Executing SQL query [EXEC dbo.spx_ObtenerSucursalesConexionWeb]
2026-08-05 17:42:00.477 DEBUG 548 --- [nio-9060-exec-6] o.s.jdbc.datasource.DataSourceUtils      : Fetching JDBC Connection from DataSource
2026-08-05 17:42:00.489 DEBUG 548 --- [nio-9060-exec-6] o.s.jdbc.core.JdbcTemplate               : Executing prepared SQL query
2026-08-05 17:42:00.494 DEBUG 548 --- [nio-9060-exec-6] o.s.jdbc.core.JdbcTemplate               : Executing prepared SQL statement [EXEC dbo.SP_Inicio_ListarPendientesSupervisorHoy ?]
2026-08-05 17:42:00.495 DEBUG 548 --- [nio-9060-exec-6] o.s.jdbc.datasource.DataSourceUtils      : Fetching JDBC Connection from DataSource
2026-08-05 17:42:00.506 DEBUG 548 --- [nio-9060-exec-6] o.s.jdbc.core.JdbcTemplate               : Executing SQL query [EXEC dbo.spx_ObtenerSucursalesConexion]
2026-08-05 17:42:00.507 DEBUG 548 --- [nio-9060-exec-6] o.s.jdbc.datasource.DataSourceUtils      : Fetching JDBC Connection from DataSource
2026-08-05 17:42:00.512 DEBUG 548 --- [nio-9060-exec-6] o.s.jdbc.core.JdbcTemplate               : Executing SQL query [EXEC dbo.spx_ObtenerSucursalesConexion]
2026-08-05 17:42:00.513 DEBUG 548 --- [nio-9060-exec-6] o.s.jdbc.datasource.DataSourceUtils      : Fetching JDBC Connection from DataSource
2026-08-05 17:42:00.518 DEBUG 548 --- [nio-9060-exec-6] o.s.jdbc.core.JdbcTemplate               : Executing SQL query [EXEC dbo.SP_Usuario_ListarActivosBasico]
2026-08-05 17:42:00.518 DEBUG 548 --- [nio-9060-exec-6] o.s.jdbc.datasource.DataSourceUtils      : Fetching JDBC Connection from DataSource
2026-08-05 17:42:00.526 DEBUG 548 --- [nio-9060-exec-6] o.s.jdbc.core.JdbcTemplate               : Executing prepared SQL query
2026-08-05 17:42:00.526 DEBUG 548 --- [nio-9060-exec-6] o.s.jdbc.core.JdbcTemplate               : Executing prepared SQL statement [SELECT id_inicio, id_tecnico, id_auxiliar, id_encargado, fecha_registro, fecha_cierre, pendiente, capacitado, charla, botiquin, extintor, fecha_vencimiento, equipo_epp, estado_epp, apr, escalera, anclaje, e_eliminado, codigo_cliente, dano_material, observacion_material, dano_persona, observacion_persona, novedades_trabajo, observacion_novedades, ubicacion_georef, no_marco_cierre, id_usuario_supervisor_grupo, id_sucursal, sucursal, nombre_tecnico, tecnico_nombre, EstoyTrabajandoSolo AS estoy_trabajando_solo, firma_inicio, firma_cierre FROM dbo.tbl_InicioJornadaAlturas WHERE id_inicio IN (?,?,?,?,?,?,?,?,?,?,?,?,?,?,?,?,?,?,?,?,?,?,?,?,?,?,?,?,?,?,?,?,?,?,?,?,?,?,?,?,?,?,?,?,?,?,?,?,?,?,?,?,?,?,?,?,?,?,?,?,?,?,?,?,?,?,?)]
2026-08-05 17:42:00.527 DEBUG 548 --- [nio-9060-exec-6] o.s.jdbc.datasource.DataSourceUtils      : Fetching JDBC Connection from DataSource
2026-08-05 17:42:00.540 DEBUG 548 --- [nio-9060-exec-6] o.s.jdbc.core.JdbcTemplate               : Executing SQL query [EXEC dbo.spx_ObtenerSucursalesConexion]
2026-08-05 17:42:00.540 DEBUG 548 --- [nio-9060-exec-6] o.s.jdbc.datasource.DataSourceUtils      : Fetching JDBC Connection from DataSource
2026-08-05 17:42:00.546 DEBUG 548 --- [nio-9060-exec-6] o.s.jdbc.core.JdbcTemplate               : Executing SQL query [EXEC dbo.SP_Usuario_ListarActivosBasico]
2026-08-05 17:42:00.546 DEBUG 548 --- [nio-9060-exec-6] o.s.jdbc.datasource.DataSourceUtils      : Fetching JDBC Connection from DataSource
2026-08-05 17:42:00.562 DEBUG 548 --- [nio-9060-exec-6] o.s.w.s.m.m.a.HttpEntityMethodProcessor  : Using 'application/json', given [application/json, text/plain, */*] and supported [application/json, application/*+json, application/json, application/*+json]
2026-08-05 17:42:00.563 DEBUG 548 --- [nio-9060-exec-6] o.s.w.s.m.m.a.HttpEntityMethodProcessor  : Writing [com.example.TigoStarSystem.common.ApiResponse@5634dff]
2026-08-05 17:42:00.567 DEBUG 548 --- [nio-9060-exec-6] o.s.web.servlet.DispatcherServlet        : Completed 200 OK
2026-08-05 17:42:06.770 DEBUG 548 --- [nio-9060-exec-4] o.s.web.servlet.DispatcherServlet        : GET "/supervisor/supervision/jornadas/confirmadas-hoy", parameters={}
2026-08-05 17:42:06.845 DEBUG 548 --- [nio-9060-exec-4] s.w.s.m.m.a.RequestMappingHandlerMapping : Mapped to com.example.TigoStarSystem.supervision.controller.SupervisionController#listarJornadasConfirmadasHoy(String)
2026-08-05 17:42:06.856 DEBUG 548 --- [nio-9060-exec-4] o.s.jdbc.core.JdbcTemplate               : Executing SQL query [EXEC dbo.spx_ObtenerSucursalesConexionWeb]
2026-08-05 17:42:06.857 DEBUG 548 --- [nio-9060-exec-4] o.s.jdbc.datasource.DataSourceUtils      : Fetching JDBC Connection from DataSource
2026-08-05 17:42:06.866 DEBUG 548 --- [nio-9060-exec-4] o.s.jdbc.core.JdbcTemplate               : Executing SQL query [EXEC dbo.SP_Inicio_ListarConfirmadosHoyTodos]
2026-08-05 17:42:06.866 DEBUG 548 --- [nio-9060-exec-4] o.s.jdbc.datasource.DataSourceUtils      : Fetching JDBC Connection from DataSource
2026-08-05 17:42:12.717 DEBUG 548 --- [ruz housekeeper] com.zaxxer.hikari.pool.HikariPool        : ConnDb-SantaCruz - Before cleanup stats (total=1, active=0, idle=1, waiting=0)
2026-08-05 17:42:13.274 DEBUG 548 --- [l-9 housekeeper] com.zaxxer.hikari.pool.HikariPool        : ConnDb-sucursal-9 - Before cleanup stats (total=3, active=0, idle=3, waiting=0)
2026-08-05 17:42:14.939 DEBUG 548 --- [ruz housekeeper] com.zaxxer.hikari.pool.HikariPool        : ConnDb-SantaCruz - After cleanup  stats (total=1, active=0, idle=1, waiting=0)
2026-08-05 17:42:14.941 DEBUG 548 --- [l-9 housekeeper] com.zaxxer.hikari.pool.HikariPool        : ConnDb-sucursal-9 - After cleanup  stats (total=3, active=0, idle=3, waiting=0)
2026-08-05 17:42:14.941 DEBUG 548 --- [ruz housekeeper] com.zaxxer.hikari.pool.HikariPool        : ConnDb-SantaCruz - Fill pool skipped, pool is at sufficient level.
2026-08-05 17:42:14.941 DEBUG 548 --- [l-9 housekeeper] com.zaxxer.hikari.pool.HikariPool        : ConnDb-sucursal-9 - Fill pool skipped, pool is at sufficient level.
2026-08-05 17:42:15.241 DEBUG 548 --- [-19 housekeeper] com.zaxxer.hikari.pool.HikariPool        : ConnDb-sucursal-19 - Before cleanup stats (total=1, active=0, idle=1, waiting=0)
2026-08-05 17:42:15.258 DEBUG 548 --- [-19 housekeeper] com.zaxxer.hikari.pool.HikariPool        : ConnDb-sucursal-19 - After cleanup  stats (total=1, active=0, idle=1, waiting=0)
2026-08-05 17:42:15.297 DEBUG 548 --- [-19 housekeeper] com.zaxxer.hikari.pool.HikariPool        : ConnDb-sucursal-19 - Fill pool skipped, pool is at sufficient level.
2026-08-05 17:42:15.333 DEBUG 548 --- [l-7 housekeeper] com.zaxxer.hikari.pool.HikariPool        : ConnDb-sucursal-7 - Before cleanup stats (total=1, active=0, idle=1, waiting=0)
2026-08-05 17:42:15.361 DEBUG 548 --- [l-7 housekeeper] com.zaxxer.hikari.pool.HikariPool        : ConnDb-sucursal-7 - After cleanup  stats (total=1, active=0, idle=1, waiting=0)
2026-08-05 17:42:15.378 DEBUG 548 --- [l-7 housekeeper] com.zaxxer.hikari.pool.HikariPool        : ConnDb-sucursal-7 - Fill pool skipped, pool is at sufficient level.
2026-08-05 17:42:23.417 DEBUG 548 --- [ool housekeeper] com.zaxxer.hikari.pool.HikariPool        : CentralHikariPool - Before cleanup stats (total=1, active=0, idle=1, waiting=0)
2026-08-05 17:42:23.474 DEBUG 548 --- [ool housekeeper] com.zaxxer.hikari.pool.HikariPool        : CentralHikariPool - After cleanup  stats (total=1, active=0, idle=1, waiting=0)
2026-08-05 17:42:23.507 DEBUG 548 --- [ool housekeeper] com.zaxxer.hikari.pool.HikariPool        : CentralHikariPool - Fill pool skipped, pool is at sufficient level.
2026-08-05 17:42:23.509 DEBUG 548 --- [l-1 housekeeper] com.zaxxer.hikari.pool.HikariPool        : HikariPool-1 - Before cleanup stats (total=3, active=0, idle=3, waiting=0)
2026-08-05 17:42:23.579 DEBUG 548 --- [l-1 housekeeper] com.zaxxer.hikari.pool.HikariPool        : HikariPool-1 - After cleanup  stats (total=3, active=0, idle=3, waiting=0)
2026-08-05 17:42:23.644 DEBUG 548 --- [l-1 housekeeper] com.zaxxer.hikari.pool.HikariPool        : HikariPool-1 - Fill pool skipped, pool is at sufficient level.
2026-08-05 17:42:23.774 DEBUG 548 --- [ool housekeeper] com.zaxxer.hikari.pool.HikariPool        : TigoHogarHikariPool - Before cleanup stats (total=5, active=1, idle=4, waiting=0)
2026-08-05 17:42:23.782 DEBUG 548 --- [ool housekeeper] com.zaxxer.hikari.pool.HikariPool        : TigoHogarHikariPool - After cleanup  stats (total=5, active=1, idle=4, waiting=0)
2026-08-05 17:42:23.823 DEBUG 548 --- [ool housekeeper] com.zaxxer.hikari.pool.HikariPool        : TigoHogarHikariPool - Fill pool skipped, pool is at sufficient level.
2026-08-05 17:42:28.729 DEBUG 548 --- [nio-9060-exec-4] o.s.jdbc.core.JdbcTemplate               : Executing SQL query [EXEC dbo.spx_ObtenerSucursalesConexion]
2026-08-05 17:42:28.737 DEBUG 548 --- [nio-9060-exec-4] o.s.jdbc.datasource.DataSourceUtils      : Fetching JDBC Connection from DataSource
2026-08-05 17:42:28.748 DEBUG 548 --- [nio-9060-exec-4] o.s.jdbc.core.JdbcTemplate               : Executing SQL query [EXEC dbo.spx_ObtenerSucursalesConexion]
2026-08-05 17:42:28.760 DEBUG 548 --- [nio-9060-exec-4] o.s.jdbc.datasource.DataSourceUtils      : Fetching JDBC Connection from DataSource
2026-08-05 17:42:28.767 DEBUG 548 --- [nio-9060-exec-4] o.s.jdbc.core.JdbcTemplate               : Executing SQL query [EXEC dbo.SP_Usuario_ListarActivosBasico]
2026-08-05 17:42:28.785 DEBUG 548 --- [nio-9060-exec-4] o.s.jdbc.datasource.DataSourceUtils      : Fetching JDBC Connection from DataSource
2026-08-05 17:42:28.962 DEBUG 548 --- [nio-9060-exec-4] o.s.jdbc.core.JdbcTemplate               : Executing prepared SQL query
2026-08-05 17:42:29.237 DEBUG 548 --- [nio-9060-exec-4] o.s.jdbc.core.JdbcTemplate               : Executing prepared SQL statement [SELECT id_inicio, id_tecnico, id_auxiliar, id_encargado, fecha_registro, fecha_cierre, pendiente, capacitado, charla, botiquin, extintor, fecha_vencimiento, equipo_epp, estado_epp, apr, escalera, anclaje, e_eliminado, codigo_cliente, dano_material, observacion_material, dano_persona, observacion_persona, novedades_trabajo, observacion_novedades, ubicacion_georef, no_marco_cierre, id_usuario_supervisor_grupo, id_sucursal, sucursal, nombre_tecnico, tecnico_nombre, EstoyTrabajandoSolo AS estoy_trabajando_solo, firma_inicio, firma_cierre FROM dbo.tbl_InicioJornadaAlturas WHERE id_inicio IN (?,?,?,?,?,?,?,?,?,?,?,?,?,?,?,?,?,?,?,?,?,?,?,?,?,?,?,?)]
2026-08-05 17:42:29.414 DEBUG 548 --- [nio-9060-exec-4] o.s.jdbc.datasource.DataSourceUtils      : Fetching JDBC Connection from DataSource
2026-08-05 17:42:29.864 DEBUG 548 --- [nio-9060-exec-4] o.s.jdbc.core.JdbcTemplate               : Executing SQL query [EXEC dbo.spx_ObtenerSucursalesConexion]
2026-08-05 17:42:29.883 DEBUG 548 --- [nio-9060-exec-4] o.s.jdbc.datasource.DataSourceUtils      : Fetching JDBC Connection from DataSource
2026-08-05 17:42:29.891 DEBUG 548 --- [nio-9060-exec-4] o.s.jdbc.core.JdbcTemplate               : Executing SQL query [EXEC dbo.SP_Usuario_ListarActivosBasico]
2026-08-05 17:42:29.907 DEBUG 548 --- [nio-9060-exec-4] o.s.jdbc.datasource.DataSourceUtils      : Fetching JDBC Connection from DataSource
2026-08-05 17:42:29.922 DEBUG 548 --- [nio-9060-exec-4] o.s.jdbc.core.JdbcTemplate               : Executing prepared SQL query
2026-08-05 17:42:29.935 DEBUG 548 --- [nio-9060-exec-4] o.s.jdbc.core.JdbcTemplate               : Executing prepared SQL statement [SELECT TOP 1 Nombre FROM dbo.tbl_Usuario WHERE Id_Usuario = ? AND ISNULL(E_Eliminado,0)=0]
2026-08-05 17:42:29.936 DEBUG 548 --- [nio-9060-exec-4] o.s.jdbc.datasource.DataSourceUtils      : Fetching JDBC Connection from DataSource
2026-08-05 17:42:29.971 DEBUG 548 --- [nio-9060-exec-4] o.s.jdbc.core.JdbcTemplate               : Executing prepared SQL query
2026-08-05 17:42:29.988 DEBUG 548 --- [nio-9060-exec-4] o.s.jdbc.core.JdbcTemplate               : Executing prepared SQL statement [SELECT TOP 1 u.Nombre AS Nombre FROM dbo.tbl_UsuarioTecnico ut LEFT JOIN dbo.tbl_Usuario u ON u.Id_Usuario = ut.id_Usuario WHERE ut.id_Usuario = ? AND ISNULL(ut.e_eliminado,0)=0]
2026-08-05 17:42:29.989 DEBUG 548 --- [nio-9060-exec-4] o.s.jdbc.datasource.DataSourceUtils      : Fetching JDBC Connection from DataSource
2026-08-05 17:42:29.997 DEBUG 548 --- [nio-9060-exec-4] o.s.jdbc.core.JdbcTemplate               : Executing prepared SQL query
2026-08-05 17:42:30.017 DEBUG 548 --- [nio-9060-exec-4] o.s.jdbc.core.JdbcTemplate               : Executing prepared SQL statement [SELECT TOP 1 Nombre FROM dbo.tbl_Vendedor WHERE Id_Vendedor = ? AND ISNULL(E_Eliminado,0)=0]
2026-08-05 17:42:30.017 DEBUG 548 --- [nio-9060-exec-4] o.s.jdbc.datasource.DataSourceUtils      : Fetching JDBC Connection from DataSource
2026-08-05 17:42:30.026 DEBUG 548 --- [nio-9060-exec-4] o.s.jdbc.core.JdbcTemplate               : Executing prepared SQL query
2026-08-05 17:42:30.044 DEBUG 548 --- [nio-9060-exec-4] o.s.jdbc.core.JdbcTemplate               : Executing prepared SQL statement [SELECT TOP 1 Nombre FROM dbo.tbl_Usuario WHERE Id_Usuario = ? AND ISNULL(E_Eliminado,0)=0]
2026-08-05 17:42:30.045 DEBUG 548 --- [nio-9060-exec-4] o.s.jdbc.datasource.DataSourceUtils      : Fetching JDBC Connection from DataSource
2026-08-05 17:42:30.058 DEBUG 548 --- [nio-9060-exec-4] o.s.jdbc.core.JdbcTemplate               : Executing prepared SQL query
2026-08-05 17:42:30.073 DEBUG 548 --- [nio-9060-exec-4] o.s.jdbc.core.JdbcTemplate               : Executing prepared SQL statement [SELECT TOP 1 u.Nombre AS Nombre FROM dbo.tbl_UsuarioTecnico ut LEFT JOIN dbo.tbl_Usuario u ON u.Id_Usuario = ut.id_Usuario WHERE ut.id_Usuario = ? AND ISNULL(ut.e_eliminado,0)=0]
2026-08-05 17:42:30.074 DEBUG 548 --- [nio-9060-exec-4] o.s.jdbc.datasource.DataSourceUtils      : Fetching JDBC Connection from DataSource
2026-08-05 17:42:30.080 DEBUG 548 --- [nio-9060-exec-4] o.s.jdbc.core.JdbcTemplate               : Executing prepared SQL query
2026-08-05 17:42:30.080 DEBUG 548 --- [nio-9060-exec-4] o.s.jdbc.core.JdbcTemplate               : Executing prepared SQL statement [SELECT TOP 1 Nombre FROM dbo.tbl_Vendedor WHERE Id_Vendedor = ? AND ISNULL(E_Eliminado,0)=0]
2026-08-05 17:42:30.080 DEBUG 548 --- [nio-9060-exec-4] o.s.jdbc.datasource.DataSourceUtils      : Fetching JDBC Connection from DataSource
2026-08-05 17:42:30.085 DEBUG 548 --- [nio-9060-exec-4] o.s.jdbc.core.JdbcTemplate               : Executing prepared SQL query
2026-08-05 17:42:30.104 DEBUG 548 --- [nio-9060-exec-4] o.s.jdbc.core.JdbcTemplate               : Executing prepared SQL statement [SELECT TOP 1 Nombre FROM dbo.tbl_Usuario WHERE Id_Usuario = ? AND ISNULL(E_Eliminado,0)=0]
2026-08-05 17:42:30.105 DEBUG 548 --- [nio-9060-exec-4] o.s.jdbc.datasource.DataSourceUtils      : Fetching JDBC Connection from DataSource
2026-08-05 17:42:30.111 DEBUG 548 --- [nio-9060-exec-4] o.s.jdbc.core.JdbcTemplate               : Executing prepared SQL query
2026-08-05 17:42:30.132 DEBUG 548 --- [nio-9060-exec-4] o.s.jdbc.core.JdbcTemplate               : Executing prepared SQL statement [SELECT TOP 1 u.Nombre AS Nombre FROM dbo.tbl_UsuarioTecnico ut LEFT JOIN dbo.tbl_Usuario u ON u.Id_Usuario = ut.id_Usuario WHERE ut.id_Usuario = ? AND ISNULL(ut.e_eliminado,0)=0]
2026-08-05 17:42:30.133 DEBUG 548 --- [nio-9060-exec-4] o.s.jdbc.datasource.DataSourceUtils      : Fetching JDBC Connection from DataSource
2026-08-05 17:42:30.137 DEBUG 548 --- [nio-9060-exec-4] o.s.jdbc.core.JdbcTemplate               : Executing prepared SQL query
2026-08-05 17:42:30.138 DEBUG 548 --- [nio-9060-exec-4] o.s.jdbc.core.JdbcTemplate               : Executing prepared SQL statement [SELECT TOP 1 Nombre FROM dbo.tbl_Vendedor WHERE Id_Vendedor = ? AND ISNULL(E_Eliminado,0)=0]
2026-08-05 17:42:30.162 DEBUG 548 --- [nio-9060-exec-4] o.s.jdbc.datasource.DataSourceUtils      : Fetching JDBC Connection from DataSource
2026-08-05 17:42:30.192 DEBUG 548 --- [nio-9060-exec-4] o.s.jdbc.core.JdbcTemplate               : Executing prepared SQL query
2026-08-05 17:42:30.282 DEBUG 548 --- [nio-9060-exec-4] o.s.jdbc.core.JdbcTemplate               : Executing prepared SQL statement [SELECT TOP 1 Nombre FROM dbo.tbl_Usuario WHERE Id_Usuario = ? AND ISNULL(E_Eliminado,0)=0]
2026-08-05 17:42:30.306 DEBUG 548 --- [nio-9060-exec-4] o.s.jdbc.datasource.DataSourceUtils      : Fetching JDBC Connection from DataSource
2026-08-05 17:42:30.365 DEBUG 548 --- [nio-9060-exec-4] o.s.jdbc.core.JdbcTemplate               : Executing prepared SQL query
2026-08-05 17:42:30.378 DEBUG 548 --- [nio-9060-exec-4] o.s.jdbc.core.JdbcTemplate               : Executing prepared SQL statement [SELECT TOP 1 u.Nombre AS Nombre FROM dbo.tbl_UsuarioTecnico ut LEFT JOIN dbo.tbl_Usuario u ON u.Id_Usuario = ut.id_Usuario WHERE ut.id_Usuario = ? AND ISNULL(ut.e_eliminado,0)=0]
2026-08-05 17:42:30.424 DEBUG 548 --- [nio-9060-exec-4] o.s.jdbc.datasource.DataSourceUtils      : Fetching JDBC Connection from DataSource
2026-08-05 17:42:30.455 DEBUG 548 --- [nio-9060-exec-4] o.s.jdbc.core.JdbcTemplate               : Executing prepared SQL query
2026-08-05 17:42:30.494 DEBUG 548 --- [nio-9060-exec-4] o.s.jdbc.core.JdbcTemplate               : Executing prepared SQL statement [SELECT TOP 1 Nombre FROM dbo.tbl_Vendedor WHERE Id_Vendedor = ? AND ISNULL(E_Eliminado,0)=0]
2026-08-05 17:42:30.495 DEBUG 548 --- [nio-9060-exec-4] o.s.jdbc.datasource.DataSourceUtils      : Fetching JDBC Connection from DataSource
2026-08-05 17:42:30.500 DEBUG 548 --- [nio-9060-exec-4] o.s.jdbc.core.JdbcTemplate               : Executing prepared SQL query
2026-08-05 17:42:30.518 DEBUG 548 --- [nio-9060-exec-4] o.s.jdbc.core.JdbcTemplate               : Executing prepared SQL statement [SELECT TOP 1 Nombre FROM dbo.tbl_Usuario WHERE Id_Usuario = ? AND ISNULL(E_Eliminado,0)=0]
2026-08-05 17:42:30.519 DEBUG 548 --- [nio-9060-exec-4] o.s.jdbc.datasource.DataSourceUtils      : Fetching JDBC Connection from DataSource
2026-08-05 17:42:30.524 DEBUG 548 --- [nio-9060-exec-4] o.s.jdbc.core.JdbcTemplate               : Executing prepared SQL query
2026-08-05 17:42:30.541 DEBUG 548 --- [nio-9060-exec-4] o.s.jdbc.core.JdbcTemplate               : Executing prepared SQL statement [SELECT TOP 1 u.Nombre AS Nombre FROM dbo.tbl_UsuarioTecnico ut LEFT JOIN dbo.tbl_Usuario u ON u.Id_Usuario = ut.id_Usuario WHERE ut.id_Usuario = ? AND ISNULL(ut.e_eliminado,0)=0]
2026-08-05 17:42:30.542 DEBUG 548 --- [nio-9060-exec-4] o.s.jdbc.datasource.DataSourceUtils      : Fetching JDBC Connection from DataSource
2026-08-05 17:42:30.546 DEBUG 548 --- [nio-9060-exec-4] o.s.jdbc.core.JdbcTemplate               : Executing prepared SQL query
2026-08-05 17:42:30.565 DEBUG 548 --- [nio-9060-exec-4] o.s.jdbc.core.JdbcTemplate               : Executing prepared SQL statement [SELECT TOP 1 Nombre FROM dbo.tbl_Vendedor WHERE Id_Vendedor = ? AND ISNULL(E_Eliminado,0)=0]
2026-08-05 17:42:30.566 DEBUG 548 --- [nio-9060-exec-4] o.s.jdbc.datasource.DataSourceUtils      : Fetching JDBC Connection from DataSource
2026-08-05 17:42:30.574 DEBUG 548 --- [nio-9060-exec-4] o.s.jdbc.core.JdbcTemplate               : Executing prepared SQL query
2026-08-05 17:42:30.593 DEBUG 548 --- [nio-9060-exec-4] o.s.jdbc.core.JdbcTemplate               : Executing prepared SQL statement [SELECT TOP 1 Nombre FROM dbo.tbl_Usuario WHERE Id_Usuario = ? AND ISNULL(E_Eliminado,0)=0]
2026-08-05 17:42:30.594 DEBUG 548 --- [nio-9060-exec-4] o.s.jdbc.datasource.DataSourceUtils      : Fetching JDBC Connection from DataSource
2026-08-05 17:42:30.600 DEBUG 548 --- [nio-9060-exec-4] o.s.jdbc.core.JdbcTemplate               : Executing prepared SQL query
2026-08-05 17:42:30.618 DEBUG 548 --- [nio-9060-exec-4] o.s.jdbc.core.JdbcTemplate               : Executing prepared SQL statement [SELECT TOP 1 u.Nombre AS Nombre FROM dbo.tbl_UsuarioTecnico ut LEFT JOIN dbo.tbl_Usuario u ON u.Id_Usuario = ut.id_Usuario WHERE ut.id_Usuario = ? AND ISNULL(ut.e_eliminado,0)=0]
2026-08-05 17:42:30.619 DEBUG 548 --- [nio-9060-exec-4] o.s.jdbc.datasource.DataSourceUtils      : Fetching JDBC Connection from DataSource
2026-08-05 17:42:30.630 DEBUG 548 --- [nio-9060-exec-4] o.s.jdbc.core.JdbcTemplate               : Executing prepared SQL query
2026-08-05 17:42:30.649 DEBUG 548 --- [nio-9060-exec-4] o.s.jdbc.core.JdbcTemplate               : Executing prepared SQL statement [SELECT TOP 1 Nombre FROM dbo.tbl_Vendedor WHERE Id_Vendedor = ? AND ISNULL(E_Eliminado,0)=0]
2026-08-05 17:42:30.650 DEBUG 548 --- [nio-9060-exec-4] o.s.jdbc.datasource.DataSourceUtils      : Fetching JDBC Connection from DataSource
2026-08-05 17:42:30.662 DEBUG 548 --- [nio-9060-exec-4] o.s.jdbc.core.JdbcTemplate               : Executing prepared SQL query
2026-08-05 17:42:30.681 DEBUG 548 --- [nio-9060-exec-4] o.s.jdbc.core.JdbcTemplate               : Executing prepared SQL statement [SELECT TOP 1 Nombre FROM dbo.tbl_Usuario WHERE Id_Usuario = ? AND ISNULL(E_Eliminado,0)=0]
2026-08-05 17:42:30.682 DEBUG 548 --- [nio-9060-exec-4] o.s.jdbc.datasource.DataSourceUtils      : Fetching JDBC Connection from DataSource
2026-08-05 17:42:30.692 DEBUG 548 --- [nio-9060-exec-4] o.s.jdbc.core.JdbcTemplate               : Executing prepared SQL query
2026-08-05 17:42:30.785 DEBUG 548 --- [nio-9060-exec-4] o.s.jdbc.core.JdbcTemplate               : Executing prepared SQL statement [SELECT TOP 1 u.Nombre AS Nombre FROM dbo.tbl_UsuarioTecnico ut LEFT JOIN dbo.tbl_Usuario u ON u.Id_Usuario = ut.id_Usuario WHERE ut.id_Usuario = ? AND ISNULL(ut.e_eliminado,0)=0]
2026-08-05 17:42:30.785 DEBUG 548 --- [nio-9060-exec-4] o.s.jdbc.datasource.DataSourceUtils      : Fetching JDBC Connection from DataSource
2026-08-05 17:42:30.824 DEBUG 548 --- [nio-9060-exec-4] o.s.jdbc.core.JdbcTemplate               : Executing prepared SQL query
2026-08-05 17:42:30.836 DEBUG 548 --- [nio-9060-exec-4] o.s.jdbc.core.JdbcTemplate               : Executing prepared SQL statement [SELECT TOP 1 Nombre FROM dbo.tbl_Vendedor WHERE Id_Vendedor = ? AND ISNULL(E_Eliminado,0)=0]
2026-08-05 17:42:30.837 DEBUG 548 --- [nio-9060-exec-4] o.s.jdbc.datasource.DataSourceUtils      : Fetching JDBC Connection from DataSource
2026-08-05 17:42:30.847 DEBUG 548 --- [nio-9060-exec-4] o.s.jdbc.core.JdbcTemplate               : Executing SQL query [EXEC dbo.spx_ObtenerSucursalesConexion]
2026-08-05 17:42:30.866 DEBUG 548 --- [nio-9060-exec-4] o.s.jdbc.datasource.DataSourceUtils      : Fetching JDBC Connection from DataSource
2026-08-05 17:42:30.886 DEBUG 548 --- [nio-9060-exec-4] o.s.jdbc.core.JdbcTemplate               : Executing SQL query [EXEC dbo.SP_Usuario_ListarActivosBasico]
2026-08-05 17:42:30.896 DEBUG 548 --- [nio-9060-exec-4] o.s.jdbc.datasource.DataSourceUtils      : Fetching JDBC Connection from DataSource
2026-08-05 17:42:30.961 DEBUG 548 --- [nio-9060-exec-4] o.s.jdbc.core.JdbcTemplate               : Executing prepared SQL query
2026-08-05 17:42:31.006 DEBUG 548 --- [nio-9060-exec-4] o.s.jdbc.core.JdbcTemplate               : Executing prepared SQL statement [SELECT TOP 1 Nombre FROM dbo.tbl_Usuario WHERE Id_Usuario = ? AND ISNULL(E_Eliminado,0)=0]
2026-08-05 17:42:31.054 DEBUG 548 --- [nio-9060-exec-4] o.s.jdbc.datasource.DataSourceUtils      : Fetching JDBC Connection from DataSource
2026-08-05 17:42:31.061 DEBUG 548 --- [nio-9060-exec-4] o.s.jdbc.core.JdbcTemplate               : Executing prepared SQL query
2026-08-05 17:42:31.152 DEBUG 548 --- [nio-9060-exec-4] o.s.jdbc.core.JdbcTemplate               : Executing prepared SQL statement [SELECT TOP 1 u.Nombre AS Nombre FROM dbo.tbl_UsuarioTecnico ut LEFT JOIN dbo.tbl_Usuario u ON u.Id_Usuario = ut.id_Usuario WHERE ut.id_Usuario = ? AND ISNULL(ut.e_eliminado,0)=0]
2026-08-05 17:42:31.152 DEBUG 548 --- [nio-9060-exec-4] o.s.jdbc.datasource.DataSourceUtils      : Fetching JDBC Connection from DataSource
2026-08-05 17:42:31.158 DEBUG 548 --- [nio-9060-exec-4] o.s.jdbc.core.JdbcTemplate               : Executing prepared SQL query
2026-08-05 17:42:31.178 DEBUG 548 --- [nio-9060-exec-4] o.s.jdbc.core.JdbcTemplate               : Executing prepared SQL statement [SELECT TOP 1 Nombre FROM dbo.tbl_Vendedor WHERE Id_Vendedor = ? AND ISNULL(E_Eliminado,0)=0]
2026-08-05 17:42:31.179 DEBUG 548 --- [nio-9060-exec-4] o.s.jdbc.datasource.DataSourceUtils      : Fetching JDBC Connection from DataSource
2026-08-05 17:42:31.186 DEBUG 548 --- [nio-9060-exec-4] o.s.jdbc.core.JdbcTemplate               : Executing prepared SQL query
2026-08-05 17:42:31.187 DEBUG 548 --- [nio-9060-exec-4] o.s.jdbc.core.JdbcTemplate               : Executing prepared SQL statement [SELECT TOP 1 Nombre FROM dbo.tbl_Usuario WHERE Id_Usuario = ? AND ISNULL(E_Eliminado,0)=0]
2026-08-05 17:42:31.187 DEBUG 548 --- [nio-9060-exec-4] o.s.jdbc.datasource.DataSourceUtils      : Fetching JDBC Connection from DataSource
2026-08-05 17:42:31.191 DEBUG 548 --- [nio-9060-exec-4] o.s.jdbc.core.JdbcTemplate               : Executing prepared SQL query
2026-08-05 17:42:31.191 DEBUG 548 --- [nio-9060-exec-4] o.s.jdbc.core.JdbcTemplate               : Executing prepared SQL statement [SELECT TOP 1 u.Nombre AS Nombre FROM dbo.tbl_UsuarioTecnico ut LEFT JOIN dbo.tbl_Usuario u ON u.Id_Usuario = ut.id_Usuario WHERE ut.id_Usuario = ? AND ISNULL(ut.e_eliminado,0)=0]
2026-08-05 17:42:31.192 DEBUG 548 --- [nio-9060-exec-4] o.s.jdbc.datasource.DataSourceUtils      : Fetching JDBC Connection from DataSource
2026-08-05 17:42:31.198 DEBUG 548 --- [nio-9060-exec-4] o.s.jdbc.core.JdbcTemplate               : Executing prepared SQL query
2026-08-05 17:42:31.199 DEBUG 548 --- [nio-9060-exec-4] o.s.jdbc.core.JdbcTemplate               : Executing prepared SQL statement [SELECT TOP 1 Nombre FROM dbo.tbl_Vendedor WHERE Id_Vendedor = ? AND ISNULL(E_Eliminado,0)=0]
2026-08-05 17:42:31.200 DEBUG 548 --- [nio-9060-exec-4] o.s.jdbc.datasource.DataSourceUtils      : Fetching JDBC Connection from DataSource
2026-08-05 17:42:31.206 DEBUG 548 --- [nio-9060-exec-4] o.s.jdbc.core.JdbcTemplate               : Executing SQL query [EXEC dbo.spx_ObtenerSucursalesConexion]
2026-08-05 17:42:31.207 DEBUG 548 --- [nio-9060-exec-4] o.s.jdbc.datasource.DataSourceUtils      : Fetching JDBC Connection from DataSource
2026-08-05 17:42:31.212 DEBUG 548 --- [nio-9060-exec-4] o.s.jdbc.core.JdbcTemplate               : Executing SQL query [EXEC dbo.SP_Usuario_ListarActivosBasico]
2026-08-05 17:42:31.213 DEBUG 548 --- [nio-9060-exec-4] o.s.jdbc.datasource.DataSourceUtils      : Fetching JDBC Connection from DataSource
2026-08-05 17:42:31.223 DEBUG 548 --- [nio-9060-exec-4] o.s.jdbc.core.JdbcTemplate               : Executing prepared SQL query
2026-08-05 17:42:31.291 DEBUG 548 --- [nio-9060-exec-4] o.s.jdbc.core.JdbcTemplate               : Executing prepared SQL statement [SELECT TOP 1 Nombre FROM dbo.tbl_Usuario WHERE Id_Usuario = ? AND ISNULL(E_Eliminado,0)=0]
2026-08-05 17:42:31.292 DEBUG 548 --- [nio-9060-exec-4] o.s.jdbc.datasource.DataSourceUtils      : Fetching JDBC Connection from DataSource
2026-08-05 17:42:31.298 DEBUG 548 --- [nio-9060-exec-4] o.s.jdbc.core.JdbcTemplate               : Executing prepared SQL query
2026-08-05 17:42:31.316 DEBUG 548 --- [nio-9060-exec-4] o.s.jdbc.core.JdbcTemplate               : Executing prepared SQL statement [SELECT TOP 1 u.Nombre AS Nombre FROM dbo.tbl_UsuarioTecnico ut LEFT JOIN dbo.tbl_Usuario u ON u.Id_Usuario = ut.id_Usuario WHERE ut.id_Usuario = ? AND ISNULL(ut.e_eliminado,0)=0]
2026-08-05 17:42:31.316 DEBUG 548 --- [nio-9060-exec-4] o.s.jdbc.datasource.DataSourceUtils      : Fetching JDBC Connection from DataSource
2026-08-05 17:42:31.319 DEBUG 548 --- [nio-9060-exec-4] o.s.jdbc.core.JdbcTemplate               : Executing prepared SQL query
2026-08-05 17:42:31.340 DEBUG 548 --- [nio-9060-exec-4] o.s.jdbc.core.JdbcTemplate               : Executing prepared SQL statement [SELECT TOP 1 Nombre FROM dbo.tbl_Vendedor WHERE Id_Vendedor = ? AND ISNULL(E_Eliminado,0)=0]
2026-08-05 17:42:31.341 DEBUG 548 --- [nio-9060-exec-4] o.s.jdbc.datasource.DataSourceUtils      : Fetching JDBC Connection from DataSource
2026-08-05 17:42:31.363 DEBUG 548 --- [nio-9060-exec-4] o.s.jdbc.core.JdbcTemplate               : Executing prepared SQL query
2026-08-05 17:42:31.364 DEBUG 548 --- [nio-9060-exec-4] o.s.jdbc.core.JdbcTemplate               : Executing prepared SQL statement [SELECT TOP 1 Nombre FROM dbo.tbl_Usuario WHERE Id_Usuario = ? AND ISNULL(E_Eliminado,0)=0]
2026-08-05 17:42:31.365 DEBUG 548 --- [nio-9060-exec-4] o.s.jdbc.datasource.DataSourceUtils      : Fetching JDBC Connection from DataSource
2026-08-05 17:42:31.372 DEBUG 548 --- [nio-9060-exec-4] o.s.jdbc.core.JdbcTemplate               : Executing prepared SQL query
2026-08-05 17:42:31.420 DEBUG 548 --- [nio-9060-exec-4] o.s.jdbc.core.JdbcTemplate               : Executing prepared SQL statement [SELECT TOP 1 u.Nombre AS Nombre FROM dbo.tbl_UsuarioTecnico ut LEFT JOIN dbo.tbl_Usuario u ON u.Id_Usuario = ut.id_Usuario WHERE ut.id_Usuario = ? AND ISNULL(ut.e_eliminado,0)=0]
2026-08-05 17:42:31.443 DEBUG 548 --- [nio-9060-exec-4] o.s.jdbc.datasource.DataSourceUtils      : Fetching JDBC Connection from DataSource
2026-08-05 17:42:31.472 DEBUG 548 --- [nio-9060-exec-4] o.s.jdbc.core.JdbcTemplate               : Executing prepared SQL query
2026-08-05 17:42:31.473 DEBUG 548 --- [nio-9060-exec-4] o.s.jdbc.core.JdbcTemplate               : Executing prepared SQL statement [SELECT TOP 1 Nombre FROM dbo.tbl_Vendedor WHERE Id_Vendedor = ? AND ISNULL(E_Eliminado,0)=0]
2026-08-05 17:42:31.473 DEBUG 548 --- [nio-9060-exec-4] o.s.jdbc.datasource.DataSourceUtils      : Fetching JDBC Connection from DataSource
2026-08-05 17:42:31.486 DEBUG 548 --- [nio-9060-exec-4] o.s.w.s.m.m.a.HttpEntityMethodProcessor  : Using 'application/json', given [application/json, text/plain, */*] and supported [application/json, application/*+json, application/json, application/*+json]
2026-08-05 17:42:31.487 DEBUG 548 --- [nio-9060-exec-4] o.s.w.s.m.m.a.HttpEntityMethodProcessor  : Writing [com.example.TigoStarSystem.common.ApiResponse@240eaa90]
2026-08-05 17:42:32.546 DEBUG 548 --- [nio-9060-exec-4] o.s.web.servlet.DispatcherServlet        : Completed 200 OK
2026-08-05 17:42:44.947 DEBUG 548 --- [ruz housekeeper] com.zaxxer.hikari.pool.HikariPool        : ConnDb-SantaCruz - Before cleanup stats (total=1, active=0, idle=1, waiting=0)
2026-08-05 17:42:44.947 DEBUG 548 --- [l-9 housekeeper] com.zaxxer.hikari.pool.HikariPool        : ConnDb-sucursal-9 - Before cleanup stats (total=3, active=0, idle=3, waiting=0)
2026-08-05 17:42:44.960 DEBUG 548 --- [ruz housekeeper] com.zaxxer.hikari.pool.HikariPool        : ConnDb-SantaCruz - After cleanup  stats (total=1, active=0, idle=1, waiting=0)
2026-08-05 17:42:44.961 DEBUG 548 --- [l-9 housekeeper] com.zaxxer.hikari.pool.HikariPool        : ConnDb-sucursal-9 - After cleanup  stats (total=3, active=0, idle=3, waiting=0)
2026-08-05 17:42:44.961 DEBUG 548 --- [ruz housekeeper] com.zaxxer.hikari.pool.HikariPool        : ConnDb-SantaCruz - Fill pool skipped, pool is at sufficient level.
2026-08-05 17:42:44.985 DEBUG 548 --- [l-9 housekeeper] com.zaxxer.hikari.pool.HikariPool        : ConnDb-sucursal-9 - Fill pool skipped, pool is at sufficient level.
2026-08-05 17:42:45.340 DEBUG 548 --- [-19 housekeeper] com.zaxxer.hikari.pool.HikariPool        : ConnDb-sucursal-19 - Before cleanup stats (total=1, active=0, idle=1, waiting=0)
2026-08-05 17:42:45.344 DEBUG 548 --- [-19 housekeeper] com.zaxxer.hikari.pool.HikariPool        : ConnDb-sucursal-19 - After cleanup  stats (total=1, active=0, idle=1, waiting=0)
2026-08-05 17:42:45.344 DEBUG 548 --- [-19 housekeeper] com.zaxxer.hikari.pool.HikariPool        : ConnDb-sucursal-19 - Fill pool skipped, pool is at sufficient level.
2026-08-05 17:42:45.386 DEBUG 548 --- [l-7 housekeeper] com.zaxxer.hikari.pool.HikariPool        : ConnDb-sucursal-7 - Before cleanup stats (total=1, active=0, idle=1, waiting=0)
2026-08-05 17:42:45.394 DEBUG 548 --- [l-7 housekeeper] com.zaxxer.hikari.pool.HikariPool        : ConnDb-sucursal-7 - After cleanup  stats (total=1, active=0, idle=1, waiting=0)
2026-08-05 17:42:45.395 DEBUG 548 --- [l-7 housekeeper] com.zaxxer.hikari.pool.HikariPool        : ConnDb-sucursal-7 - Fill pool skipped, pool is at sufficient level.
2026-08-05 17:42:53.553 DEBUG 548 --- [ool housekeeper] com.zaxxer.hikari.pool.HikariPool        : CentralHikariPool - Before cleanup stats (total=1, active=0, idle=1, waiting=0)
2026-08-05 17:42:53.553 DEBUG 548 --- [ool housekeeper] com.zaxxer.hikari.pool.HikariPool        : CentralHikariPool - After cleanup  stats (total=1, active=0, idle=1, waiting=0)
2026-08-05 17:42:53.554 DEBUG 548 --- [ool housekeeper] com.zaxxer.hikari.pool.HikariPool        : CentralHikariPool - Fill pool skipped, pool is at sufficient level.
2026-08-05 17:42:53.645 DEBUG 548 --- [l-1 housekeeper] com.zaxxer.hikari.pool.HikariPool        : HikariPool-1 - Before cleanup stats (total=3, active=0, idle=3, waiting=0)
2026-08-05 17:42:53.645 DEBUG 548 --- [l-1 housekeeper] com.zaxxer.hikari.pool.HikariPool        : HikariPool-1 - After cleanup  stats (total=3, active=0, idle=3, waiting=0)
2026-08-05 17:42:53.646 DEBUG 548 --- [l-1 housekeeper] com.zaxxer.hikari.pool.HikariPool        : HikariPool-1 - Fill pool skipped, pool is at sufficient level.
2026-08-05 17:42:53.863 DEBUG 548 --- [ool housekeeper] com.zaxxer.hikari.pool.HikariPool        : TigoHogarHikariPool - Before cleanup stats (total=5, active=0, idle=5, waiting=0)
2026-08-05 17:42:53.863 DEBUG 548 --- [ool housekeeper] com.zaxxer.hikari.pool.HikariPool        : TigoHogarHikariPool - After cleanup  stats (total=5, active=0, idle=5, waiting=0)
2026-08-05 17:42:53.864 DEBUG 548 --- [ool housekeeper] com.zaxxer.hikari.pool.HikariPool        : TigoHogarHikariPool - Fill pool skipped, pool is at sufficient level.
2026-08-05 17:43:05.101 DEBUG 548 --- [ool housekeeper] com.zaxxer.hikari.pool.HikariPool        : CentralHikariPool - keepalive: connection net.sourceforge.jtds.jdbc.JtdsConnection@1a4fb661 is alive
2026-08-05 17:43:08.933 DEBUG 548 --- [l-1 housekeeper] com.zaxxer.hikari.pool.HikariPool        : HikariPool-1 - keepalive: connection net.sourceforge.jtds.jdbc.JtdsConnection@fe52525 is alive
2026-08-05 17:43:12.367 DEBUG 548 --- [ool housekeeper] com.zaxxer.hikari.pool.HikariPool        : TigoHogarHikariPool - keepalive: connection net.sourceforge.jtds.jdbc.JtdsConnection@cb9fe43 is alive
2026-08-05 17:43:12.606 DEBUG 548 --- [ool housekeeper] com.zaxxer.hikari.pool.HikariPool        : TigoHogarHikariPool - keepalive: connection net.sourceforge.jtds.jdbc.JtdsConnection@8866b8b is alive
2026-08-05 17:43:14.172 DEBUG 548 --- [ool housekeeper] com.zaxxer.hikari.pool.HikariPool        : TigoHogarHikariPool - keepalive: connection net.sourceforge.jtds.jdbc.JtdsConnection@6419533 is alive
2026-08-05 17:43:15.000 DEBUG 548 --- [ruz housekeeper] com.zaxxer.hikari.pool.HikariPool        : ConnDb-SantaCruz - Before cleanup stats (total=1, active=0, idle=1, waiting=0)
2026-08-05 17:43:15.000 DEBUG 548 --- [l-9 housekeeper] com.zaxxer.hikari.pool.HikariPool        : ConnDb-sucursal-9 - Before cleanup stats (total=3, active=0, idle=3, waiting=0)
2026-08-05 17:43:15.001 DEBUG 548 --- [ruz housekeeper] com.zaxxer.hikari.pool.HikariPool        : ConnDb-SantaCruz - After cleanup  stats (total=1, active=0, idle=1, waiting=0)
2026-08-05 17:43:15.011 DEBUG 548 --- [l-9 housekeeper] com.zaxxer.hikari.pool.HikariPool        : ConnDb-sucursal-9 - After cleanup  stats (total=3, active=0, idle=3, waiting=0)
2026-08-05 17:43:15.011 DEBUG 548 --- [ruz housekeeper] com.zaxxer.hikari.pool.HikariPool        : ConnDb-SantaCruz - Fill pool skipped, pool is at sufficient level.
2026-08-05 17:43:15.012 DEBUG 548 --- [l-9 housekeeper] com.zaxxer.hikari.pool.HikariPool        : ConnDb-sucursal-9 - Fill pool skipped, pool is at sufficient level.
2026-08-05 17:43:15.356 DEBUG 548 --- [-19 housekeeper] com.zaxxer.hikari.pool.HikariPool        : ConnDb-sucursal-19 - Before cleanup stats (total=1, active=0, idle=1, waiting=0)
2026-08-05 17:43:15.402 DEBUG 548 --- [l-7 housekeeper] com.zaxxer.hikari.pool.HikariPool        : ConnDb-sucursal-7 - Before cleanup stats (total=1, active=0, idle=1, waiting=0)
2026-08-05 17:43:15.428 DEBUG 548 --- [-19 housekeeper] com.zaxxer.hikari.pool.HikariPool        : ConnDb-sucursal-19 - After cleanup  stats (total=1, active=0, idle=1, waiting=0)
2026-08-05 17:43:15.429 DEBUG 548 --- [l-7 housekeeper] com.zaxxer.hikari.pool.HikariPool        : ConnDb-sucursal-7 - After cleanup  stats (total=1, active=0, idle=1, waiting=0)
2026-08-05 17:43:15.429 DEBUG 548 --- [-19 housekeeper] com.zaxxer.hikari.pool.HikariPool        : ConnDb-sucursal-19 - Fill pool skipped, pool is at sufficient level.
2026-08-05 17:43:15.430 DEBUG 548 --- [l-7 housekeeper] com.zaxxer.hikari.pool.HikariPool        : ConnDb-sucursal-7 - Fill pool skipped, pool is at sufficient level.
2026-08-05 17:43:15.933 DEBUG 548 --- [ool housekeeper] com.zaxxer.hikari.pool.HikariPool        : TigoHogarHikariPool - keepalive: connection net.sourceforge.jtds.jdbc.JtdsConnection@49bb61b0 is alive
2026-08-05 17:43:16.547 DEBUG 548 --- [l-1 housekeeper] com.zaxxer.hikari.pool.HikariPool        : HikariPool-1 - keepalive: connection net.sourceforge.jtds.jdbc.JtdsConnection@72d87c19 is alive
2026-08-05 17:43:17.892 DEBUG 548 --- [l-1 housekeeper] com.zaxxer.hikari.pool.HikariPool        : HikariPool-1 - keepalive: connection net.sourceforge.jtds.jdbc.JtdsConnection@122cb71 is alive
2026-08-05 17:43:23.569 DEBUG 548 --- [ool housekeeper] com.zaxxer.hikari.pool.HikariPool        : CentralHikariPool - Before cleanup stats (total=1, active=0, idle=1, waiting=0)
2026-08-05 17:43:23.570 DEBUG 548 --- [ool housekeeper] com.zaxxer.hikari.pool.HikariPool        : CentralHikariPool - After cleanup  stats (total=1, active=0, idle=1, waiting=0)
2026-08-05 17:43:23.570 DEBUG 548 --- [ool housekeeper] com.zaxxer.hikari.pool.HikariPool        : CentralHikariPool - Fill pool skipped, pool is at sufficient level.
2026-08-05 17:43:23.662 DEBUG 548 --- [l-1 housekeeper] com.zaxxer.hikari.pool.HikariPool        : HikariPool-1 - Before cleanup stats (total=3, active=0, idle=3, waiting=0)
2026-08-05 17:43:23.662 DEBUG 548 --- [l-1 housekeeper] com.zaxxer.hikari.pool.HikariPool        : HikariPool-1 - After cleanup  stats (total=3, active=0, idle=3, waiting=0)
2026-08-05 17:43:23.663 DEBUG 548 --- [l-1 housekeeper] com.zaxxer.hikari.pool.HikariPool        : HikariPool-1 - Fill pool skipped, pool is at sufficient level.
2026-08-05 17:43:23.879 DEBUG 548 --- [ool housekeeper] com.zaxxer.hikari.pool.HikariPool        : TigoHogarHikariPool - Before cleanup stats (total=5, active=0, idle=5, waiting=0)
2026-08-05 17:43:23.880 DEBUG 548 --- [ool housekeeper] com.zaxxer.hikari.pool.HikariPool        : TigoHogarHikariPool - After cleanup  stats (total=5, active=0, idle=5, waiting=0)
2026-08-05 17:43:23.880 DEBUG 548 --- [ool housekeeper] com.zaxxer.hikari.pool.HikariPool        : TigoHogarHikariPool - Fill pool skipped, pool is at sufficient level.
2026-08-05 17:43:24.264 DEBUG 548 --- [nio-9060-exec-1] o.s.web.servlet.DispatcherServlet        : POST "/auth/login", parameters={}
2026-08-05 17:43:24.264 DEBUG 548 --- [nio-9060-exec-1] s.w.s.m.m.a.RequestMappingHandlerMapping : Mapped to com.example.TigoStarSystem.auth.controller.AuthController#login(AuthLoginRequest)
2026-08-05 17:43:24.265 DEBUG 548 --- [nio-9060-exec-1] m.m.a.RequestResponseBodyMethodProcessor : Read "application/json;charset=UTF-8" to [com.example.TigoStarSystem.auth.dto.AuthLoginRequest@4645032]
2026-08-05 17:43:24.266  INFO 548 --- [nio-9060-exec-1] c.e.T.auth.service.AuthService           : Login attempt usuario=lvargas, idSucursal=9, validarSucursal=false
2026-08-05 17:43:24.267 DEBUG 548 --- [nio-9060-exec-1] o.s.jdbc.core.JdbcTemplate               : Executing SQL query [EXEC dbo.spx_ObtenerSucursalesConexionWeb]
2026-08-05 17:43:24.267 DEBUG 548 --- [nio-9060-exec-1] o.s.jdbc.datasource.DataSourceUtils      : Fetching JDBC Connection from DataSource
2026-08-05 17:43:24.293 DEBUG 548 --- [nio-9060-exec-1] c.e.T.auth.service.AuthService           : Sucursal resolved idSucursal=9, host=tigo.makiro.com.bo, baseDeDatos=BDSistemaAntenaPM
2026-08-05 17:43:24.294 DEBUG 548 --- [nio-9060-exec-1] c.e.T.auth.service.AuthService           : Login target attempt=1 idSucursal=9, sucursal=SantaCruz, host=tigo.makiro.com.bo, baseDeDatos=BDSistemaAntenaPM
2026-08-05 17:43:24.294 DEBUG 548 --- [nio-9060-exec-1] c.e.T.auth.service.AuthService           : Creating JDBC connection for sucursal host=tigo.makiro.com.bo baseDeDatos=BDSistemaAntenaPM
2026-08-05 17:43:24.295 DEBUG 548 --- [nio-9060-exec-1] c.e.T.auth.service.AuthService           : Calling SP dbo.spx_ValidarUsuario
2026-08-05 17:43:24.295 DEBUG 548 --- [nio-9060-exec-1] o.s.jdbc.core.JdbcTemplate               : Executing prepared SQL query
2026-08-05 17:43:24.295 DEBUG 548 --- [nio-9060-exec-1] o.s.jdbc.core.JdbcTemplate               : Executing prepared SQL statement [EXEC dbo.spx_ValidarUsuario ?, ?]
2026-08-05 17:43:24.296 DEBUG 548 --- [nio-9060-exec-1] o.s.jdbc.datasource.DataSourceUtils      : Fetching JDBC Connection from DataSource
2026-08-05 17:43:24.306 DEBUG 548 --- [nio-9060-exec-1] c.e.T.auth.service.AuthService           : Login SP returned 1 rows
2026-08-05 17:43:24.308  INFO 548 --- [nio-9060-exec-1] c.e.T.auth.controller.AuthController     : User {} logged in successfully.
2026-08-05 17:43:24.308 DEBUG 548 --- [nio-9060-exec-1] o.s.w.s.m.m.a.HttpEntityMethodProcessor  : Using 'application/json', given [*/*] and supported [application/json, application/*+json, application/json, application/*+json]
2026-08-05 17:43:24.309 DEBUG 548 --- [nio-9060-exec-1] o.s.w.s.m.m.a.HttpEntityMethodProcessor  : Writing [com.example.TigoStarSystem.common.ApiResponse@783ca6be]
2026-08-05 17:43:24.310 DEBUG 548 --- [nio-9060-exec-1] o.s.web.servlet.DispatcherServlet        : Completed 200 OK
2026-08-05 17:43:24.323 DEBUG 548 --- [nio-9060-exec-5] o.s.web.servlet.DispatcherServlet        : GET "/supervisor/supervision/jornadas/pendientes", parameters={}
2026-08-05 17:43:24.323 DEBUG 548 --- [nio-9060-exec-5] s.w.s.m.m.a.RequestMappingHandlerMapping : Mapped to com.example.TigoStarSystem.supervision.controller.SupervisionController#listarJornadasPendientes(String)
2026-08-05 17:43:24.326 DEBUG 548 --- [nio-9060-exec-5] o.s.jdbc.core.JdbcTemplate               : Executing SQL query [EXEC dbo.spx_ObtenerSucursalesConexionWeb]
2026-08-05 17:43:24.326 DEBUG 548 --- [nio-9060-exec-5] o.s.jdbc.datasource.DataSourceUtils      : Fetching JDBC Connection from DataSource
2026-08-05 17:43:24.331 DEBUG 548 --- [nio-9060-exec-5] o.s.jdbc.core.JdbcTemplate               : Executing prepared SQL query
2026-08-05 17:43:24.332 DEBUG 548 --- [nio-9060-exec-5] o.s.jdbc.core.JdbcTemplate               : Executing prepared SQL statement [EXEC dbo.SP_Inicio_ListarPendientesSupervisorHoy ?]
2026-08-05 17:43:24.332 DEBUG 548 --- [nio-9060-exec-5] o.s.jdbc.datasource.DataSourceUtils      : Fetching JDBC Connection from DataSource
2026-08-05 17:43:24.348 DEBUG 548 --- [nio-9060-exec-5] o.s.w.s.m.m.a.HttpEntityMethodProcessor  : Using 'application/json', given [*/*] and supported [application/json, application/*+json, application/json, application/*+json]
2026-08-05 17:43:24.349 DEBUG 548 --- [nio-9060-exec-5] o.s.w.s.m.m.a.HttpEntityMethodProcessor  : Writing [com.example.TigoStarSystem.common.ApiResponse@25e79053]
2026-08-05 17:43:24.349 DEBUG 548 --- [nio-9060-exec-5] o.s.web.servlet.DispatcherServlet        : Completed 200 OK
