[INFO] Scanning for projects...
[INFO] 
[INFO] ---------------------< com.example:TigoStarSystem >---------------------
[INFO] Building TigoStarSystem 0.0.1-SNAPSHOT
[INFO]   from pom.xml
[INFO] --------------------------------[ jar ]---------------------------------
[INFO] 
[INFO] >>> spring-boot:2.7.18:run (default-cli) > test-compile @ TigoStarSystem >>>
[INFO] 
[INFO] --- resources:3.2.0:resources (default-resources) @ TigoStarSystem ---
[INFO] Using 'UTF-8' encoding to copy filtered resources.
[INFO] Using 'UTF-8' encoding to copy filtered properties files.
[INFO] Copying 2 resources
[INFO] Copying 0 resource
[INFO] 
[INFO] --- compiler:3.10.1:compile (default-compile) @ TigoStarSystem ---
[INFO] Nothing to compile - all classes are up to date
[INFO] 
[INFO] --- resources:3.2.0:testResources (default-testResources) @ TigoStarSystem ---
[INFO] Using 'UTF-8' encoding to copy filtered resources.
[INFO] Using 'UTF-8' encoding to copy filtered properties files.
[INFO] skip non existing resourceDirectory C:\Users\JOSUE CABRERA\Downloads\backot-back01062026\src\test\resources
[INFO] 
[INFO] --- compiler:3.10.1:testCompile (default-testCompile) @ TigoStarSystem ---
[INFO] Nothing to compile - all classes are up to date
[INFO] 
[INFO] <<< spring-boot:2.7.18:run (default-cli) < test-compile @ TigoStarSystem <<<
[INFO] 
[INFO] 
[INFO] --- spring-boot:2.7.18:run (default-cli) @ TigoStarSystem ---
[INFO] Attaching agents: []

  .   ____          _            __ _ _
 /\\ / ___'_ __ _ _(_)_ __  __ _ \ \ \ \
( ( )\___ | '_ | '_| | '_ \/ _` | \ \ \ \
 \\/  ___)| |_)| | | | | || (_| |  ) ) ) )
  '  |____| .__|_| |_|_| |_\__, | / / / /
 =========|_|==============|___/=/_/_/_/
 :: Spring Boot ::               (v2.7.18)

2026-07-31 16:38:40.352  INFO 21088 --- [           main] c.e.T.TigoStarSystemApplication          : Starting TigoStarSystemApplication using Java 21.0.8 on JOSUEUPB with PID 21088 (C:\Users\JOSUE CABRERA\Downloads\backot-back01062026\target\classes started by JOSUE CABRERA in C:\Users\JOSUE CABRERA\Downloads\backot-back01062026)
2026-07-31 16:38:40.354 DEBUG 21088 --- [           main] c.e.T.TigoStarSystemApplication          : Running with Spring Boot v2.7.18, Spring v5.3.31
2026-07-31 16:38:40.355  INFO 21088 --- [           main] c.e.T.TigoStarSystemApplication          : No active profile set, falling back to 1 default profile: "default"
2026-07-31 16:38:40.356 DEBUG 21088 --- [           main] o.s.boot.SpringApplication               : Loading source class com.example.TigoStarSystem.TigoStarSystemApplication
2026-07-31 16:38:40.412 DEBUG 21088 --- [           main] ConfigServletWebServerApplicationContext : Refreshing org.springframework.boot.web.servlet.context.AnnotationConfigServletWebServerApplicationContext@3e0e1046
2026-07-31 16:38:42.523 DEBUG 21088 --- [           main] .s.b.w.e.t.TomcatServletWebServerFactory : Code archive: C:\Users\JOSUE CABRERA\.m2\repository\org\springframework\boot\spring-boot\2.7.18\spring-boot-2.7.18.jar
2026-07-31 16:38:42.524 DEBUG 21088 --- [           main] .s.b.w.e.t.TomcatServletWebServerFactory : Code archive: C:\Users\JOSUE CABRERA\.m2\repository\org\springframework\boot\spring-boot\2.7.18\spring-boot-2.7.18.jar
2026-07-31 16:38:42.524 DEBUG 21088 --- [           main] .s.b.w.e.t.TomcatServletWebServerFactory : None of the document roots [src/main/webapp, public, static] point to a directory and will be ignored.
2026-07-31 16:38:42.551  INFO 21088 --- [           main] o.s.b.w.embedded.tomcat.TomcatWebServer  : Tomcat initialized with port(s): 9060 (http)
2026-07-31 16:38:42.562  INFO 21088 --- [           main] o.apache.catalina.core.StandardService   : Starting service [Tomcat]
2026-07-31 16:38:42.562  INFO 21088 --- [           main] org.apache.catalina.core.StandardEngine  : Starting Servlet engine: [Apache Tomcat/9.0.83]
2026-07-31 16:38:42.733  INFO 21088 --- [           main] o.a.c.c.C.[Tomcat].[localhost].[/]       : Initializing Spring embedded WebApplicationContext
2026-07-31 16:38:42.734 DEBUG 21088 --- [           main] w.s.c.ServletWebServerApplicationContext : Published root WebApplicationContext as ServletContext attribute with name [org.springframework.web.context.WebApplicationContext.ROOT]
2026-07-31 16:38:42.734  INFO 21088 --- [           main] w.s.c.ServletWebServerApplicationContext : Root WebApplicationContext: initialization completed in 2322 ms
2026-07-31 16:38:42.804 DEBUG 21088 --- [           main] o.s.b.w.s.ServletContextInitializerBeans : Mapping filters: filterRegistrationBean urls=[/*] order=-2147483648, characterEncodingFilter urls=[/*] order=-2147483648, formContentFilter urls=[/*] order=-9900, requestContextFilter urls=[/*] order=-105
2026-07-31 16:38:42.805 DEBUG 21088 --- [           main] o.s.b.w.s.ServletContextInitializerBeans : Mapping servlets: dispatcherServlet urls=[/]
2026-07-31 16:38:42.831 DEBUG 21088 --- [           main] o.s.b.w.s.f.OrderedRequestContextFilter  : Filter 'requestContextFilter' configured for use
2026-07-31 16:38:42.831 DEBUG 21088 --- [           main] o.springframework.web.filter.CorsFilter  : Filter 'corsFilter' configured for use
2026-07-31 16:38:42.831 DEBUG 21088 --- [           main] s.b.w.s.f.OrderedCharacterEncodingFilter : Filter 'characterEncodingFilter' configured for use
2026-07-31 16:38:42.832 DEBUG 21088 --- [           main] o.s.b.w.s.f.OrderedFormContentFilter     : Filter 'formContentFilter' configured for use
2026-07-31 16:38:42.874 DEBUG 21088 --- [           main] com.zaxxer.hikari.HikariConfig           : Driver class net.sourceforge.jtds.jdbc.Driver found in Thread context class loader jdk.internal.loader.ClassLoaders$AppClassLoader@70dea4e
2026-07-31 16:38:42.948 DEBUG 21088 --- [           main] com.zaxxer.hikari.HikariConfig           : Driver class net.sourceforge.jtds.jdbc.Driver found in Thread context class loader jdk.internal.loader.ClassLoaders$AppClassLoader@70dea4e
2026-07-31 16:38:42.949 DEBUG 21088 --- [           main] com.zaxxer.hikari.HikariConfig           : CentralHikariPool - configuration:
2026-07-31 16:38:42.951 DEBUG 21088 --- [           main] com.zaxxer.hikari.HikariConfig           : allowPoolSuspension................................false
2026-07-31 16:38:42.952 DEBUG 21088 --- [           main] com.zaxxer.hikari.HikariConfig           : autoCommit................................true
2026-07-31 16:38:42.952 DEBUG 21088 --- [           main] com.zaxxer.hikari.HikariConfig           : catalog................................none
2026-07-31 16:38:42.952 DEBUG 21088 --- [           main] com.zaxxer.hikari.HikariConfig           : connectionInitSql................................none
2026-07-31 16:38:42.952 DEBUG 21088 --- [           main] com.zaxxer.hikari.HikariConfig           : connectionTestQuery................................"SELECT 1"
2026-07-31 16:38:42.953 DEBUG 21088 --- [           main] com.zaxxer.hikari.HikariConfig           : connectionTimeout................................60000
2026-07-31 16:38:42.953 DEBUG 21088 --- [           main] com.zaxxer.hikari.HikariConfig           : dataSource................................none
2026-07-31 16:38:42.953 DEBUG 21088 --- [           main] com.zaxxer.hikari.HikariConfig           : dataSourceClassName................................none
2026-07-31 16:38:42.953 DEBUG 21088 --- [           main] com.zaxxer.hikari.HikariConfig           : dataSourceJNDI................................none
2026-07-31 16:38:42.954 DEBUG 21088 --- [           main] com.zaxxer.hikari.HikariConfig           : dataSourceProperties................................{password=<masked>}
2026-07-31 16:38:42.954 DEBUG 21088 --- [           main] com.zaxxer.hikari.HikariConfig           : driverClassName................................"net.sourceforge.jtds.jdbc.Driver"
2026-07-31 16:38:42.954 DEBUG 21088 --- [           main] com.zaxxer.hikari.HikariConfig           : exceptionOverrideClassName................................none
2026-07-31 16:38:42.954 DEBUG 21088 --- [           main] com.zaxxer.hikari.HikariConfig           : healthCheckProperties................................{}
2026-07-31 16:38:42.954 DEBUG 21088 --- [           main] com.zaxxer.hikari.HikariConfig           : healthCheckRegistry................................none
2026-07-31 16:38:42.954 DEBUG 21088 --- [           main] com.zaxxer.hikari.HikariConfig           : idleTimeout................................300000
2026-07-31 16:38:42.955 DEBUG 21088 --- [           main] com.zaxxer.hikari.HikariConfig           : initializationFailTimeout................................-1
2026-07-31 16:38:42.955 DEBUG 21088 --- [           main] com.zaxxer.hikari.HikariConfig           : isolateInternalQueries................................false
2026-07-31 16:38:42.955 DEBUG 21088 --- [           main] com.zaxxer.hikari.HikariConfig           : jdbcUrl................................jdbc:jtds:sqlserver://172.16.0.13/BDControlOrdenes
2026-07-31 16:38:42.955 DEBUG 21088 --- [           main] com.zaxxer.hikari.HikariConfig           : keepaliveTime................................120000
2026-07-31 16:38:42.955 DEBUG 21088 --- [           main] com.zaxxer.hikari.HikariConfig           : leakDetectionThreshold................................0
2026-07-31 16:38:42.955 DEBUG 21088 --- [           main] com.zaxxer.hikari.HikariConfig           : maxLifetime................................900000
2026-07-31 16:38:42.956 DEBUG 21088 --- [           main] com.zaxxer.hikari.HikariConfig           : maximumPoolSize................................80
2026-07-31 16:38:42.956 DEBUG 21088 --- [           main] com.zaxxer.hikari.HikariConfig           : metricRegistry................................none
2026-07-31 16:38:42.956 DEBUG 21088 --- [           main] com.zaxxer.hikari.HikariConfig           : metricsTrackerFactory................................none
2026-07-31 16:38:42.956 DEBUG 21088 --- [           main] com.zaxxer.hikari.HikariConfig           : minimumIdle................................0
2026-07-31 16:38:42.956 DEBUG 21088 --- [           main] com.zaxxer.hikari.HikariConfig           : password................................<masked>
2026-07-31 16:38:42.956 DEBUG 21088 --- [           main] com.zaxxer.hikari.HikariConfig           : poolName................................"CentralHikariPool"
2026-07-31 16:38:42.956 DEBUG 21088 --- [           main] com.zaxxer.hikari.HikariConfig           : readOnly................................false
2026-07-31 16:38:42.956 DEBUG 21088 --- [           main] com.zaxxer.hikari.HikariConfig           : registerMbeans................................false
2026-07-31 16:38:42.956 DEBUG 21088 --- [           main] com.zaxxer.hikari.HikariConfig           : scheduledExecutor................................none
2026-07-31 16:38:42.956 DEBUG 21088 --- [           main] com.zaxxer.hikari.HikariConfig           : schema................................none
2026-07-31 16:38:42.957 DEBUG 21088 --- [           main] com.zaxxer.hikari.HikariConfig           : threadFactory................................internal
2026-07-31 16:38:42.957 DEBUG 21088 --- [           main] com.zaxxer.hikari.HikariConfig           : transactionIsolation................................default
2026-07-31 16:38:42.957 DEBUG 21088 --- [           main] com.zaxxer.hikari.HikariConfig           : username................................"sistemas"
2026-07-31 16:38:42.957 DEBUG 21088 --- [           main] com.zaxxer.hikari.HikariConfig           : validationTimeout................................5000
2026-07-31 16:38:42.961  INFO 21088 --- [           main] com.zaxxer.hikari.HikariDataSource       : CentralHikariPool - Starting...
2026-07-31 16:38:43.045  INFO 21088 --- [           main] com.zaxxer.hikari.HikariDataSource       : CentralHikariPool - Start completed.
2026-07-31 16:38:43.090 DEBUG 21088 --- [           main] com.zaxxer.hikari.HikariConfig           : Driver class net.sourceforge.jtds.jdbc.Driver found in Thread context class loader jdk.internal.loader.ClassLoaders$AppClassLoader@70dea4e
2026-07-31 16:38:43.090 DEBUG 21088 --- [           main] com.zaxxer.hikari.HikariConfig           : TigoHogarHikariPool - configuration:
2026-07-31 16:38:43.091 DEBUG 21088 --- [           main] com.zaxxer.hikari.HikariConfig           : allowPoolSuspension................................false
2026-07-31 16:38:43.091 DEBUG 21088 --- [           main] com.zaxxer.hikari.HikariConfig           : autoCommit................................true
2026-07-31 16:38:43.091 DEBUG 21088 --- [           main] com.zaxxer.hikari.HikariConfig           : catalog................................none
2026-07-31 16:38:43.091 DEBUG 21088 --- [           main] com.zaxxer.hikari.HikariConfig           : connectionInitSql................................none
2026-07-31 16:38:43.091 DEBUG 21088 --- [           main] com.zaxxer.hikari.HikariConfig           : connectionTestQuery................................"SELECT 1"
2026-07-31 16:38:43.092 DEBUG 21088 --- [           main] com.zaxxer.hikari.HikariConfig           : connectionTimeout................................60000
2026-07-31 16:38:43.092 DEBUG 21088 --- [           main] com.zaxxer.hikari.HikariConfig           : dataSource................................none
2026-07-31 16:38:43.092 DEBUG 21088 --- [           main] com.zaxxer.hikari.HikariConfig           : dataSourceClassName................................none
2026-07-31 16:38:43.092 DEBUG 21088 --- [           main] com.zaxxer.hikari.HikariConfig           : dataSourceJNDI................................none
2026-07-31 16:38:43.092 DEBUG 21088 --- [           main] com.zaxxer.hikari.HikariConfig           : dataSourceProperties................................{password=<masked>}
2026-07-31 16:38:43.092 DEBUG 21088 --- [           main] com.zaxxer.hikari.HikariConfig           : driverClassName................................"net.sourceforge.jtds.jdbc.Driver"
2026-07-31 16:38:43.092 DEBUG 21088 --- [           main] com.zaxxer.hikari.HikariConfig           : exceptionOverrideClassName................................none
2026-07-31 16:38:43.092 DEBUG 21088 --- [           main] com.zaxxer.hikari.HikariConfig           : healthCheckProperties................................{}
2026-07-31 16:38:43.092 DEBUG 21088 --- [           main] com.zaxxer.hikari.HikariConfig           : healthCheckRegistry................................none
2026-07-31 16:38:43.092 DEBUG 21088 --- [           main] com.zaxxer.hikari.HikariConfig           : idleTimeout................................300000
2026-07-31 16:38:43.092 DEBUG 21088 --- [           main] com.zaxxer.hikari.HikariConfig           : initializationFailTimeout................................-1
2026-07-31 16:38:43.092 DEBUG 21088 --- [           main] com.zaxxer.hikari.HikariConfig           : isolateInternalQueries................................false
2026-07-31 16:38:43.092 DEBUG 21088 --- [           main] com.zaxxer.hikari.HikariConfig           : jdbcUrl................................jdbc:jtds:sqlserver://181.188.148.59/BD_TigoHogar
2026-07-31 16:38:43.092 DEBUG 21088 --- [           main] com.zaxxer.hikari.HikariConfig           : keepaliveTime................................120000
2026-07-31 16:38:43.092 DEBUG 21088 --- [           main] com.zaxxer.hikari.HikariConfig           : leakDetectionThreshold................................0
2026-07-31 16:38:43.093 DEBUG 21088 --- [           main] com.zaxxer.hikari.HikariConfig           : maxLifetime................................900000
2026-07-31 16:38:43.093 DEBUG 21088 --- [           main] com.zaxxer.hikari.HikariConfig           : maximumPoolSize................................10
2026-07-31 16:38:43.093 DEBUG 21088 --- [           main] com.zaxxer.hikari.HikariConfig           : metricRegistry................................none
2026-07-31 16:38:43.093 DEBUG 21088 --- [           main] com.zaxxer.hikari.HikariConfig           : metricsTrackerFactory................................none
2026-07-31 16:38:43.093 DEBUG 21088 --- [           main] com.zaxxer.hikari.HikariConfig           : minimumIdle................................0
2026-07-31 16:38:43.093 DEBUG 21088 --- [           main] com.zaxxer.hikari.HikariConfig           : password................................<masked>
2026-07-31 16:38:43.093 DEBUG 21088 --- [           main] com.zaxxer.hikari.HikariConfig           : poolName................................"TigoHogarHikariPool"
2026-07-31 16:38:43.093 DEBUG 21088 --- [           main] com.zaxxer.hikari.HikariConfig           : readOnly................................false
2026-07-31 16:38:43.093 DEBUG 21088 --- [           main] com.zaxxer.hikari.HikariConfig           : registerMbeans................................false
2026-07-31 16:38:43.093 DEBUG 21088 --- [           main] com.zaxxer.hikari.HikariConfig           : scheduledExecutor................................none
2026-07-31 16:38:43.093 DEBUG 21088 --- [           main] com.zaxxer.hikari.HikariConfig           : schema................................none
2026-07-31 16:38:43.093 DEBUG 21088 --- [           main] com.zaxxer.hikari.HikariConfig           : threadFactory................................internal
2026-07-31 16:38:43.093 DEBUG 21088 --- [           main] com.zaxxer.hikari.HikariConfig           : transactionIsolation................................default
2026-07-31 16:38:43.093 DEBUG 21088 --- [           main] com.zaxxer.hikari.HikariConfig           : username................................"sistemas"
2026-07-31 16:38:43.093 DEBUG 21088 --- [           main] com.zaxxer.hikari.HikariConfig           : validationTimeout................................5000
2026-07-31 16:38:43.094  INFO 21088 --- [           main] com.zaxxer.hikari.HikariDataSource       : TigoHogarHikariPool - Starting...
2026-07-31 16:38:43.094  INFO 21088 --- [           main] com.zaxxer.hikari.HikariDataSource       : TigoHogarHikariPool - Start completed.
2026-07-31 16:38:43.147 DEBUG 21088 --- [ool housekeeper] com.zaxxer.hikari.pool.HikariPool        : CentralHikariPool - Before cleanup stats (total=0, active=0, idle=0, waiting=0)
2026-07-31 16:38:43.147 DEBUG 21088 --- [ool housekeeper] com.zaxxer.hikari.pool.HikariPool        : CentralHikariPool - After cleanup  stats (total=0, active=0, idle=0, waiting=0)
2026-07-31 16:38:43.148 DEBUG 21088 --- [ool housekeeper] com.zaxxer.hikari.pool.HikariPool        : CentralHikariPool - Fill pool skipped, pool is at sufficient level.
2026-07-31 16:38:43.209 DEBUG 21088 --- [ool housekeeper] com.zaxxer.hikari.pool.HikariPool        : TigoHogarHikariPool - Before cleanup stats (total=0, active=0, idle=0, waiting=0)
2026-07-31 16:38:43.209 DEBUG 21088 --- [ool housekeeper] com.zaxxer.hikari.pool.HikariPool        : TigoHogarHikariPool - After cleanup  stats (total=0, active=0, idle=0, waiting=0)
2026-07-31 16:38:43.209 DEBUG 21088 --- [ool housekeeper] com.zaxxer.hikari.pool.HikariPool        : TigoHogarHikariPool - Fill pool skipped, pool is at sufficient level.
2026-07-31 16:38:43.599 DEBUG 21088 --- [           main] o.s.b.a.AutoConfigurationPackages        : @EnableAutoConfiguration was declared on a class in the package 'com.example.TigoStarSystem'. Automatic @Repository and @Entity scanning is enabled.
2026-07-31 16:38:43.661 DEBUG 21088 --- [           main] s.w.s.m.m.a.RequestMappingHandlerAdapter : ControllerAdvice beans: 0 @ModelAttribute, 0 @InitBinder, 1 RequestBodyAdvice, 1 ResponseBodyAdvice
2026-07-31 16:38:43.759 DEBUG 21088 --- [           main] s.w.s.m.m.a.RequestMappingHandlerMapping : 203 mappings in 'requestMappingHandlerMapping'
2026-07-31 16:38:43.776 DEBUG 21088 --- [           main] o.s.w.s.handler.SimpleUrlHandlerMapping  : Patterns [/webjars/**, /**, /swagger-ui*/*swagger-initializer.js, /swagger-ui*/**] in 'resourceHandlerMapping'
2026-07-31 16:38:43.783 DEBUG 21088 --- [           main] .m.m.a.ExceptionHandlerExceptionResolver : ControllerAdvice beans: 2 @ExceptionHandler, 1 ResponseBodyAdvice
2026-07-31 16:38:43.917  INFO 21088 --- [           main] o.s.b.w.embedded.tomcat.TomcatWebServer  : Tomcat started on port(s): 9060 (http) with context path ''
2026-07-31 16:38:43.929 DEBUG 21088 --- [           main] ConditionEvaluationReportLoggingListener : 


============================
CONDITIONS EVALUATION REPORT
============================


Positive matches:
-----------------

   AopAutoConfiguration matched:
      - @ConditionalOnProperty (spring.aop.auto=true) matched (OnPropertyCondition)

   AopAutoConfiguration.ClassProxyingConfiguration matched:
      - @ConditionalOnMissingClass did not find unwanted class 'org.aspectj.weaver.Advice' (OnClassCondition)
      - @ConditionalOnProperty (spring.aop.proxy-target-class=true) matched (OnPropertyCondition)

   ApplicationAvailabilityAutoConfiguration#applicationAvailability matched:
      - @ConditionalOnMissingBean (types: org.springframework.boot.availability.ApplicationAvailability; SearchStrategy: all) did not find any beans (OnBeanCondition)

   DataSourceAutoConfiguration matched:
      - @ConditionalOnClass found required classes 'javax.sql.DataSource', 'org.springframework.jdbc.datasource.embedded.EmbeddedDatabaseType' (OnClassCondition)
      - @ConditionalOnMissingBean (types: io.r2dbc.spi.ConnectionFactory; SearchStrategy: all) did not find any beans (OnBeanCondition)

   DataSourceAutoConfiguration.PooledDataSourceConfiguration matched:
      - AnyNestedCondition 1 matched 1 did not; NestedCondition on DataSourceAutoConfiguration.PooledDataSourceCondition.PooledDataSourceAvailable PooledDataSource found supported DataSource; NestedCondition on DataSourceAutoConfiguration.PooledDataSourceCondition.ExplicitType @ConditionalOnProperty (spring.datasource.type) did not find property 'type' (DataSourceAutoConfiguration.PooledDataSourceCondition)
      - @ConditionalOnMissingBean (types: javax.sql.DataSource,javax.sql.XADataSource; SearchStrategy: all) did not find any beans (OnBeanCondition)

   DataSourceConfiguration.Hikari matched:
      - @ConditionalOnClass found required class 'com.zaxxer.hikari.HikariDataSource' (OnClassCondition)
      - @ConditionalOnProperty (spring.datasource.type=com.zaxxer.hikari.HikariDataSource) matched (OnPropertyCondition)
      - @ConditionalOnMissingBean (types: javax.sql.DataSource; SearchStrategy: all) did not find any beans (OnBeanCondition)

   DataSourceInitializationConfiguration matched:
      - @ConditionalOnClass found required class 'org.springframework.jdbc.datasource.init.DatabasePopulator' (OnClassCondition)
      - @ConditionalOnSingleCandidate (types: javax.sql.DataSource; SearchStrategy: all) found a single bean 'dataSource'; @ConditionalOnMissingBean (types: org.springframework.boot.autoconfigure.sql.init.SqlDataSourceScriptDatabaseInitializer,org.springframework.boot.autoconfigure.sql.init.SqlR2dbcScriptDatabaseInitializer; SearchStrategy: all) did not find any beans (OnBeanCondition)

   DataSourceJmxConfiguration matched:
      - @ConditionalOnProperty (spring.jmx.enabled=true) matched (OnPropertyCondition)

   DataSourceJmxConfiguration.Hikari matched:
      - @ConditionalOnClass found required class 'com.zaxxer.hikari.HikariDataSource' (OnClassCondition)
      - @ConditionalOnSingleCandidate (types: javax.sql.DataSource; SearchStrategy: all) found a single bean 'dataSource' (OnBeanCondition)

   DataSourcePoolMetadataProvidersConfiguration.HikariPoolDataSourceMetadataProviderConfiguration matched:
      - @ConditionalOnClass found required class 'com.zaxxer.hikari.HikariDataSource' (OnClassCondition)

   DataSourceTransactionManagerAutoConfiguration matched:
      - @ConditionalOnClass found required classes 'org.springframework.jdbc.core.JdbcTemplate', 'org.springframework.transaction.TransactionManager' (OnClassCondition)

   DataSourceTransactionManagerAutoConfiguration.JdbcTransactionManagerConfiguration matched:
      - @ConditionalOnSingleCandidate (types: javax.sql.DataSource; SearchStrategy: all) found a single bean 'dataSource' (OnBeanCondition)

   DataSourceTransactionManagerAutoConfiguration.JdbcTransactionManagerConfiguration#transactionManager matched:
      - @ConditionalOnMissingBean (types: org.springframework.transaction.TransactionManager; SearchStrategy: all) did not find any beans (OnBeanCondition)

   DispatcherServletAutoConfiguration matched:
      - @ConditionalOnClass found required class 'org.springframework.web.servlet.DispatcherServlet' (OnClassCondition)
      - found 'session' scope (OnWebApplicationCondition)

   DispatcherServletAutoConfiguration.DispatcherServletConfiguration matched:
      - @ConditionalOnClass found required class 'javax.servlet.ServletRegistration' (OnClassCondition)
      - Default DispatcherServlet did not find dispatcher servlet beans (DispatcherServletAutoConfiguration.DefaultDispatcherServletCondition)

   DispatcherServletAutoConfiguration.DispatcherServletRegistrationConfiguration matched:
      - @ConditionalOnClass found required class 'javax.servlet.ServletRegistration' (OnClassCondition)
      - DispatcherServlet Registration did not find servlet registration bean (DispatcherServletAutoConfiguration.DispatcherServletRegistrationCondition)

   DispatcherServletAutoConfiguration.DispatcherServletRegistrationConfiguration#dispatcherServletRegistration matched:
      - @ConditionalOnBean (names: dispatcherServlet types: org.springframework.web.servlet.DispatcherServlet; SearchStrategy: all) found bean 'dispatcherServlet' (OnBeanCondition)

   EmbeddedWebServerFactoryCustomizerAutoConfiguration matched:
      - @ConditionalOnWebApplication (required) found 'session' scope (OnWebApplicationCondition)
      - @ConditionalOnWarDeployment the application is not deployed as a WAR file. (OnWarDeploymentCondition)

   EmbeddedWebServerFactoryCustomizerAutoConfiguration.TomcatWebServerFactoryCustomizerConfiguration matched:
      - @ConditionalOnClass found required classes 'org.apache.catalina.startup.Tomcat', 'org.apache.coyote.UpgradeProtocol' (OnClassCondition)

   ErrorMvcAutoConfiguration matched:
      - @ConditionalOnClass found required classes 'javax.servlet.Servlet', 'org.springframework.web.servlet.DispatcherServlet' (OnClassCondition)
      - found 'session' scope (OnWebApplicationCondition)

   ErrorMvcAutoConfiguration#basicErrorController matched:
      - @ConditionalOnMissingBean (types: org.springframework.boot.web.servlet.error.ErrorController; SearchStrategy: current) did not find any beans (OnBeanCondition)

   ErrorMvcAutoConfiguration#errorAttributes matched:
      - @ConditionalOnMissingBean (types: org.springframework.boot.web.servlet.error.ErrorAttributes; SearchStrategy: current) did not find any beans (OnBeanCondition)

   ErrorMvcAutoConfiguration.DefaultErrorViewResolverConfiguration#conventionErrorViewResolver matched:
      - @ConditionalOnBean (types: org.springframework.web.servlet.DispatcherServlet; SearchStrategy: all) found bean 'dispatcherServlet'; @ConditionalOnMissingBean (types: org.springframework.boot.autoconfigure.web.servlet.error.ErrorViewResolver; SearchStrategy: all) did not find any beans (OnBeanCondition)

   ErrorMvcAutoConfiguration.WhitelabelErrorViewConfiguration matched:
      - @ConditionalOnProperty (server.error.whitelabel.enabled) matched (OnPropertyCondition)
      - ErrorTemplate Missing did not find error template view (ErrorMvcAutoConfiguration.ErrorTemplateMissingCondition)

   ErrorMvcAutoConfiguration.WhitelabelErrorViewConfiguration#beanNameViewResolver matched:
      - @ConditionalOnMissingBean (types: org.springframework.web.servlet.view.BeanNameViewResolver; SearchStrategy: all) did not find any beans (OnBeanCondition)

   ErrorMvcAutoConfiguration.WhitelabelErrorViewConfiguration#defaultErrorView matched:
      - @ConditionalOnMissingBean (names: error; SearchStrategy: all) did not find any beans (OnBeanCondition)

   GenericCacheConfiguration matched:
      - Cache org.springframework.boot.autoconfigure.cache.GenericCacheConfiguration automatic cache type (CacheCondition)

   HttpEncodingAutoConfiguration matched:
      - @ConditionalOnClass found required class 'org.springframework.web.filter.CharacterEncodingFilter' (OnClassCondition)
      - found 'session' scope (OnWebApplicationCondition)
      - @ConditionalOnProperty (server.servlet.encoding.enabled) matched (OnPropertyCondition)

   HttpEncodingAutoConfiguration#characterEncodingFilter matched:
      - @ConditionalOnMissingBean (types: org.springframework.web.filter.CharacterEncodingFilter; SearchStrategy: all) did not find any beans (OnBeanCondition)

   HttpMessageConvertersAutoConfiguration matched:
      - @ConditionalOnClass found required class 'org.springframework.http.converter.HttpMessageConverter' (OnClassCondition)
      - NoneNestedConditions 0 matched 1 did not; NestedCondition on HttpMessageConvertersAutoConfiguration.NotReactiveWebApplicationCondition.ReactiveWebApplication did not find reactive web application classes (HttpMessageConvertersAutoConfiguration.NotReactiveWebApplicationCondition)

   HttpMessageConvertersAutoConfiguration#messageConverters matched:
      - @ConditionalOnMissingBean (types: org.springframework.boot.autoconfigure.http.HttpMessageConverters; SearchStrategy: all) did not find any beans (OnBeanCondition)

   HttpMessageConvertersAutoConfiguration.StringHttpMessageConverterConfiguration matched:
      - @ConditionalOnClass found required class 'org.springframework.http.converter.StringHttpMessageConverter' (OnClassCondition)

   HttpMessageConvertersAutoConfiguration.StringHttpMessageConverterConfiguration#stringHttpMessageConverter matched:
      - @ConditionalOnMissingBean (types: org.springframework.http.converter.StringHttpMessageConverter; SearchStrategy: all) did not find any beans (OnBeanCondition)

   JacksonAutoConfiguration matched:
      - @ConditionalOnClass found required class 'com.fasterxml.jackson.databind.ObjectMapper' (OnClassCondition)

   JacksonAutoConfiguration.Jackson2ObjectMapperBuilderCustomizerConfiguration matched:
      - @ConditionalOnClass found required class 'org.springframework.http.converter.json.Jackson2ObjectMapperBuilder' (OnClassCondition)

   JacksonAutoConfiguration.JacksonObjectMapperBuilderConfiguration matched:
      - @ConditionalOnClass found required class 'org.springframework.http.converter.json.Jackson2ObjectMapperBuilder' (OnClassCondition)

   JacksonAutoConfiguration.JacksonObjectMapperBuilderConfiguration#jacksonObjectMapperBuilder matched:
      - @ConditionalOnMissingBean (types: org.springframework.http.converter.json.Jackson2ObjectMapperBuilder; SearchStrategy: all) did not find any beans (OnBeanCondition)

   JacksonAutoConfiguration.JacksonObjectMapperConfiguration matched:
      - @ConditionalOnClass found required class 'org.springframework.http.converter.json.Jackson2ObjectMapperBuilder' (OnClassCondition)

   JacksonAutoConfiguration.JacksonObjectMapperConfiguration#jacksonObjectMapper matched:
      - @ConditionalOnMissingBean (types: com.fasterxml.jackson.databind.ObjectMapper; SearchStrategy: all) did not find any beans (OnBeanCondition)

   JacksonAutoConfiguration.ParameterNamesModuleConfiguration matched:
      - @ConditionalOnClass found required class 'com.fasterxml.jackson.module.paramnames.ParameterNamesModule' (OnClassCondition)

   JacksonAutoConfiguration.ParameterNamesModuleConfiguration#parameterNamesModule matched:
      - @ConditionalOnMissingBean (types: com.fasterxml.jackson.module.paramnames.ParameterNamesModule; SearchStrategy: all) did not find any beans (OnBeanCondition)

   JacksonHttpMessageConvertersConfiguration.MappingJackson2HttpMessageConverterConfiguration matched:
      - @ConditionalOnClass found required class 'com.fasterxml.jackson.databind.ObjectMapper' (OnClassCondition)
      - @ConditionalOnProperty (spring.mvc.converters.preferred-json-mapper=jackson) matched (OnPropertyCondition)
      - @ConditionalOnBean (types: com.fasterxml.jackson.databind.ObjectMapper; SearchStrategy: all) found bean 'jacksonObjectMapper' (OnBeanCondition)

   JacksonHttpMessageConvertersConfiguration.MappingJackson2HttpMessageConverterConfiguration#mappingJackson2HttpMessageConverter matched:
      - @ConditionalOnMissingBean (types: org.springframework.http.converter.json.MappingJackson2HttpMessageConverter ignored: org.springframework.hateoas.server.mvc.TypeConstrainedMappingJackson2HttpMessageConverter,org.springframework.data.rest.webmvc.alps.AlpsJsonHttpMessageConverter; SearchStrategy: all) did not find any beans (OnBeanCondition)

   JdbcTemplateAutoConfiguration matched:
      - @ConditionalOnClass found required classes 'javax.sql.DataSource', 'org.springframework.jdbc.core.JdbcTemplate' (OnClassCondition)
      - @ConditionalOnSingleCandidate (types: javax.sql.DataSource; SearchStrategy: all) found a single bean 'dataSource' (OnBeanCondition)

   LifecycleAutoConfiguration#defaultLifecycleProcessor matched:
      - @ConditionalOnMissingBean (names: lifecycleProcessor; SearchStrategy: current) did not find any beans (OnBeanCondition)

   MailSenderAutoConfiguration matched:
      - @ConditionalOnClass found required classes 'javax.mail.internet.MimeMessage', 'javax.activation.MimeType', 'org.springframework.mail.MailSender' (OnClassCondition)
      - AnyNestedCondition 1 matched 1 did not; NestedCondition on MailSenderAutoConfiguration.MailSenderCondition.JndiNameProperty @ConditionalOnProperty (spring.mail.jndi-name) did not find property 'jndi-name'; NestedCondition on MailSenderAutoConfiguration.MailSenderCondition.HostProperty @ConditionalOnProperty (spring.mail.host) matched (MailSenderAutoConfiguration.MailSenderCondition)
      - @ConditionalOnMissingBean (types: org.springframework.mail.MailSender; SearchStrategy: all) did not find any beans (OnBeanCondition)

   MailSenderPropertiesConfiguration matched:
      - @ConditionalOnProperty (spring.mail.host) matched (OnPropertyCondition)

   MailSenderPropertiesConfiguration#mailSender matched:
      - @ConditionalOnMissingBean (types: org.springframework.mail.javamail.JavaMailSender; SearchStrategy: all) did not find any beans (OnBeanCondition)

   MultipartAutoConfiguration matched:
      - @ConditionalOnClass found required classes 'javax.servlet.Servlet', 'org.springframework.web.multipart.support.StandardServletMultipartResolver', 'javax.servlet.MultipartConfigElement' (OnClassCondition)
      - found 'session' scope (OnWebApplicationCondition)
      - @ConditionalOnProperty (spring.servlet.multipart.enabled) matched (OnPropertyCondition)

   MultipartAutoConfiguration#multipartConfigElement matched:
      - @ConditionalOnMissingBean (types: javax.servlet.MultipartConfigElement,org.springframework.web.multipart.commons.CommonsMultipartResolver; SearchStrategy: all) did not find any beans (OnBeanCondition)

   MultipartAutoConfiguration#multipartResolver matched:
      - @ConditionalOnMissingBean (types: org.springframework.web.multipart.MultipartResolver; SearchStrategy: all) did not find any beans (OnBeanCondition)

   NamedParameterJdbcTemplateConfiguration matched:
      - @ConditionalOnSingleCandidate (types: org.springframework.jdbc.core.JdbcTemplate; SearchStrategy: all) found a single primary bean 'jdbcTemplate' from beans 'jdbcTemplate', 'tigohogarJdbcTemplate', 'centralJdbcTemplate'; @ConditionalOnMissingBean (types: org.springframework.jdbc.core.namedparam.NamedParameterJdbcOperations; SearchStrategy: all) did not find any beans (OnBeanCondition)

   NoOpCacheConfiguration matched:
      - Cache org.springframework.boot.autoconfigure.cache.NoOpCacheConfiguration automatic cache type (CacheCondition)

   PersistenceExceptionTranslationAutoConfiguration matched:
      - @ConditionalOnClass found required class 'org.springframework.dao.annotation.PersistenceExceptionTranslationPostProcessor' (OnClassCondition)

   PersistenceExceptionTranslationAutoConfiguration#persistenceExceptionTranslationPostProcessor matched:
      - @ConditionalOnProperty (spring.dao.exceptiontranslation.enabled) matched (OnPropertyCondition)
      - @ConditionalOnMissingBean (types: org.springframework.dao.annotation.PersistenceExceptionTranslationPostProcessor; SearchStrategy: all) did not find any beans (OnBeanCondition)

   PropertyPlaceholderAutoConfiguration#propertySourcesPlaceholderConfigurer matched:
      - @ConditionalOnMissingBean (types: org.springframework.context.support.PropertySourcesPlaceholderConfigurer; SearchStrategy: current) did not find any beans (OnBeanCondition)

   RestTemplateAutoConfiguration matched:
      - @ConditionalOnClass found required class 'org.springframework.web.client.RestTemplate' (OnClassCondition)
      - NoneNestedConditions 0 matched 1 did not; NestedCondition on RestTemplateAutoConfiguration.NotReactiveWebApplicationCondition.ReactiveWebApplication did not find reactive web application classes (RestTemplateAutoConfiguration.NotReactiveWebApplicationCondition)

   RestTemplateAutoConfiguration#restTemplateBuilder matched:
      - @ConditionalOnMissingBean (types: org.springframework.boot.web.client.RestTemplateBuilder; SearchStrategy: all) did not find any beans (OnBeanCondition)

   RestTemplateAutoConfiguration#restTemplateBuilderConfigurer matched:
      - @ConditionalOnMissingBean (types: org.springframework.boot.autoconfigure.web.client.RestTemplateBuilderConfigurer; SearchStrategy: all) did not find any beans (OnBeanCondition)

   ServletWebServerFactoryAutoConfiguration matched:
      - @ConditionalOnClass found required class 'javax.servlet.ServletRequest' (OnClassCondition)
      - found 'session' scope (OnWebApplicationCondition)

   ServletWebServerFactoryAutoConfiguration#tomcatServletWebServerFactoryCustomizer matched:
      - @ConditionalOnClass found required class 'org.apache.catalina.startup.Tomcat' (OnClassCondition)

   ServletWebServerFactoryConfiguration.EmbeddedTomcat matched:
      - @ConditionalOnClass found required classes 'javax.servlet.Servlet', 'org.apache.catalina.startup.Tomcat', 'org.apache.coyote.UpgradeProtocol' (OnClassCondition)
      - @ConditionalOnMissingBean (types: org.springframework.boot.web.servlet.server.ServletWebServerFactory; SearchStrategy: current) did not find any beans (OnBeanCondition)

   SimpleCacheConfiguration matched:
      - Cache org.springframework.boot.autoconfigure.cache.SimpleCacheConfiguration automatic cache type (CacheCondition)

   SpringDocConfigProperties matched:
      - @ConditionalOnProperty (springdoc.api-docs.enabled) matched (OnPropertyCondition)

   SpringDocConfiguration matched:
      - @ConditionalOnWebApplication (required) found 'session' scope (OnWebApplicationCondition)
      - @ConditionalOnProperty (springdoc.api-docs.enabled) matched (OnPropertyCondition)

   SpringDocConfiguration#fileSupportConverter matched:
      - @ConditionalOnMissingBean (types: org.springdoc.core.converters.FileSupportConverter; SearchStrategy: all) did not find any beans (OnBeanCondition)

   SpringDocConfiguration#openAPIBuilder matched:
      - @ConditionalOnMissingBean (types: org.springdoc.core.OpenAPIService; SearchStrategy: all) did not find any beans (OnBeanCondition)

   SpringDocConfiguration#operationBuilder matched:
      - @ConditionalOnMissingBean (types: org.springdoc.core.OperationService; SearchStrategy: all) did not find any beans (OnBeanCondition)

   SpringDocConfiguration#parameterBuilder matched:
      - @ConditionalOnMissingBean (types: org.springdoc.core.GenericParameterService; SearchStrategy: all) did not find any beans (OnBeanCondition)

   SpringDocConfiguration#polymorphicModelConverter matched:
      - @ConditionalOnProperty (springdoc.model-converters.polymorphic-converter.enabled) matched (OnPropertyCondition)
      - @ConditionalOnMissingBean (types: org.springdoc.core.converters.PolymorphicModelConverter; SearchStrategy: all) did not find any beans (OnBeanCondition)

   SpringDocConfiguration#requestBodyBuilder matched:
      - @ConditionalOnMissingBean (types: org.springdoc.core.RequestBodyService; SearchStrategy: all) did not find any beans (OnBeanCondition)

   SpringDocConfiguration#responseSupportConverter matched:
      - @ConditionalOnMissingBean (types: org.springdoc.core.converters.ResponseSupportConverter; SearchStrategy: all) did not find any beans (OnBeanCondition)

   SpringDocConfiguration#schemaPropertyDeprecatingConverter matched:
      - @ConditionalOnProperty (springdoc.model-converters.deprecating-converter.enabled) matched (OnPropertyCondition)
      - @ConditionalOnMissingBean (types: org.springdoc.core.converters.SchemaPropertyDeprecatingConverter; SearchStrategy: all) did not find any beans (OnBeanCondition)

   SpringDocConfiguration#securityParser matched:
      - @ConditionalOnMissingBean (types: org.springdoc.core.SecurityService; SearchStrategy: all) did not find any beans (OnBeanCondition)

   SpringDocConfiguration#springDocCustomizers matched:
      - @ConditionalOnMissingBean (types: org.springdoc.core.customizers.SpringDocCustomizers; SearchStrategy: all) did not find any beans (OnBeanCondition)

   SpringDocConfiguration#springDocObjectMapperProvider matched:
      - @ConditionalOnMissingBean (types: org.springdoc.core.providers.ObjectMapperProvider; SearchStrategy: all) did not find any beans (OnBeanCondition)

   SpringDocConfiguration#springDocProviders matched:
      - @ConditionalOnMissingBean (types: org.springdoc.core.SpringDocProviders; SearchStrategy: all) did not find any beans (OnBeanCondition)

   SpringDocConfiguration.SpringDocSpringDataWebPropertiesProvider matched:
      - @ConditionalOnClass found required class 'org.springframework.boot.autoconfigure.data.web.SpringDataWebProperties' (OnClassCondition)

   SpringDocConfiguration.SpringDocSpringDataWebPropertiesProvider#springDataWebPropertiesProvider matched:
      - @ConditionalOnMissingBean (types: org.springdoc.core.providers.SpringDataWebPropertiesProvider; SearchStrategy: all) did not find any beans (OnBeanCondition)

   SpringDocConfiguration.WebConversionServiceConfiguration matched:
      - @ConditionalOnClass found required class 'org.springframework.boot.autoconfigure.web.format.WebConversionService' (OnClassCondition)

   SpringDocUIConfiguration matched:
      - @ConditionalOnWebApplication (required) found 'session' scope (OnWebApplicationCondition)
      - @ConditionalOnExpression (#{${springdoc.api-docs.enabled:true}}) resulted in true (OnExpressionCondition)
      - @ConditionalOnBean (types: org.springdoc.core.SpringDocConfiguration; SearchStrategy: all) found bean 'org.springdoc.core.SpringDocConfiguration' (OnBeanCondition)

   SpringDocWebMvcConfiguration matched:
      - found 'session' scope (OnWebApplicationCondition)
      - @ConditionalOnProperty (springdoc.api-docs.enabled) matched (OnPropertyCondition)
      - @ConditionalOnBean (types: org.springdoc.core.SpringDocConfiguration; SearchStrategy: all) found bean 'org.springdoc.core.SpringDocConfiguration' (OnBeanCondition)

   SpringDocWebMvcConfiguration#openApiResource matched:
      - @ConditionalOnProperty (springdoc.use-management-port=false) matched (OnPropertyCondition)
      - @ConditionalOnMissingBean (types: org.springdoc.webmvc.api.OpenApiWebMvcResource; SearchStrategy: all) did not find any beans (OnBeanCondition)

   SpringDocWebMvcConfiguration#requestBuilder matched:
      - @ConditionalOnMissingBean (types: org.springdoc.webmvc.core.RequestService; SearchStrategy: all) did not find any beans (OnBeanCondition)

   SpringDocWebMvcConfiguration#responseBuilder matched:
      - @ConditionalOnMissingBean (types: org.springdoc.core.GenericResponseService; SearchStrategy: all) did not find any beans (OnBeanCondition)

   SpringDocWebMvcConfiguration#springWebProvider matched:
      - @ConditionalOnMissingBean (types: org.springdoc.core.providers.SpringWebProvider; SearchStrategy: all) did not find any beans (OnBeanCondition)

   SpringDocWebMvcConfiguration.SpringDocWebMvcRouterConfiguration matched:
      - @ConditionalOnClass found required class 'org.springframework.web.servlet.function.RouterFunction' (OnClassCondition)

   SpringDocWebMvcConfiguration.SpringDocWebMvcRouterConfiguration#routerFunctionProvider matched:
      - @ConditionalOnMissingBean (types: org.springdoc.webmvc.core.RouterFunctionWebMvcProvider; SearchStrategy: all) did not find any beans (OnBeanCondition)

   SqlInitializationAutoConfiguration matched:
      - @ConditionalOnProperty (spring.sql.init.enabled) matched (OnPropertyCondition)
      - NoneNestedConditions 0 matched 1 did not; NestedCondition on SqlInitializationAutoConfiguration.SqlInitializationModeCondition.ModeIsNever @ConditionalOnProperty (spring.sql.init.mode=never) did not find property 'mode' (SqlInitializationAutoConfiguration.SqlInitializationModeCondition)

   SwaggerConfig matched:
      - found 'session' scope (OnWebApplicationCondition)
      - @ConditionalOnProperty (springdoc.swagger-ui.enabled) matched (OnPropertyCondition)
      - @ConditionalOnBean (types: org.springdoc.core.SpringDocConfiguration; SearchStrategy: all) found bean 'org.springdoc.core.SpringDocConfiguration' (OnBeanCondition)

   SwaggerConfig#indexPageTransformer matched:
      - @ConditionalOnMissingBean (types: org.springdoc.webmvc.ui.SwaggerIndexTransformer; SearchStrategy: all) did not find any beans (OnBeanCondition)

   SwaggerConfig#swaggerConfigResource matched:
      - @ConditionalOnProperty (springdoc.use-management-port=false) matched (OnPropertyCondition)
      - @ConditionalOnMissingBean (types: org.springdoc.webmvc.ui.SwaggerConfigResource; SearchStrategy: all) did not find any beans (OnBeanCondition)

   SwaggerConfig#swaggerResourceResolver matched:
      - @ConditionalOnMissingBean (types: org.springdoc.webmvc.ui.SwaggerResourceResolver; SearchStrategy: all) did not find any beans (OnBeanCondition)

   SwaggerConfig#swaggerWebMvcConfigurer matched:
      - @ConditionalOnMissingBean (types: org.springdoc.webmvc.ui.SwaggerWebMvcConfigurer; SearchStrategy: all) did not find any beans (OnBeanCondition)

   SwaggerConfig#swaggerWelcome matched:
      - @ConditionalOnProperty (springdoc.use-management-port=false) matched (OnPropertyCondition)
      - @ConditionalOnMissingBean (types: org.springdoc.webmvc.ui.SwaggerWelcomeWebMvc; SearchStrategy: all) did not find any beans (OnBeanCondition)

   SwaggerUiConfigParameters matched:
      - @ConditionalOnProperty (springdoc.swagger-ui.enabled) matched (OnPropertyCondition)
      - @ConditionalOnBean (types: org.springdoc.core.SpringDocConfiguration; SearchStrategy: all) found bean 'org.springdoc.core.SpringDocConfiguration' (OnBeanCondition)

   SwaggerUiConfigProperties matched:
      - @ConditionalOnProperty (springdoc.swagger-ui.enabled) matched (OnPropertyCondition)
      - @ConditionalOnBean (types: org.springdoc.core.SpringDocConfiguration; SearchStrategy: all) found bean 'org.springdoc.core.SpringDocConfiguration' (OnBeanCondition)

   SwaggerUiOAuthProperties matched:
      - @ConditionalOnProperty (springdoc.swagger-ui.enabled) matched (OnPropertyCondition)
      - @ConditionalOnBean (types: org.springdoc.core.SpringDocConfiguration; SearchStrategy: all) found bean 'org.springdoc.core.SpringDocConfiguration' (OnBeanCondition)

   TaskExecutionAutoConfiguration matched:
      - @ConditionalOnClass found required class 'org.springframework.scheduling.concurrent.ThreadPoolTaskExecutor' (OnClassCondition)

   TaskExecutionAutoConfiguration#applicationTaskExecutor matched:
      - @ConditionalOnMissingBean (types: java.util.concurrent.Executor; SearchStrategy: all) did not find any beans (OnBeanCondition)

   TaskExecutionAutoConfiguration#taskExecutorBuilder matched:
      - @ConditionalOnMissingBean (types: org.springframework.boot.task.TaskExecutorBuilder; SearchStrategy: all) did not find any beans (OnBeanCondition)

   TaskSchedulingAutoConfiguration matched:
      - @ConditionalOnClass found required class 'org.springframework.scheduling.concurrent.ThreadPoolTaskScheduler' (OnClassCondition)

   TaskSchedulingAutoConfiguration#taskSchedulerBuilder matched:
      - @ConditionalOnMissingBean (types: org.springframework.boot.task.TaskSchedulerBuilder; SearchStrategy: all) did not find any beans (OnBeanCondition)

   TransactionAutoConfiguration matched:
      - @ConditionalOnClass found required class 'org.springframework.transaction.PlatformTransactionManager' (OnClassCondition)

   TransactionAutoConfiguration#platformTransactionManagerCustomizers matched:
      - @ConditionalOnMissingBean (types: org.springframework.boot.autoconfigure.transaction.TransactionManagerCustomizers; SearchStrategy: all) did not find any beans (OnBeanCondition)

   TransactionAutoConfiguration.EnableTransactionManagementConfiguration matched:
      - @ConditionalOnBean (types: org.springframework.transaction.TransactionManager; SearchStrategy: all) found bean 'transactionManager'; @ConditionalOnMissingBean (types: org.springframework.transaction.annotation.AbstractTransactionManagementConfiguration; SearchStrategy: all) did not find any beans (OnBeanCondition)

   TransactionAutoConfiguration.EnableTransactionManagementConfiguration.CglibAutoProxyConfiguration matched:
      - @ConditionalOnProperty (spring.aop.proxy-target-class=true) matched (OnPropertyCondition)

   TransactionAutoConfiguration.TransactionTemplateConfiguration matched:
      - @ConditionalOnSingleCandidate (types: org.springframework.transaction.PlatformTransactionManager; SearchStrategy: all) found a single bean 'transactionManager' (OnBeanCondition)

   TransactionAutoConfiguration.TransactionTemplateConfiguration#transactionTemplate matched:
      - @ConditionalOnMissingBean (types: org.springframework.transaction.support.TransactionOperations; SearchStrategy: all) did not find any beans (OnBeanCondition)

   ValidationAutoConfiguration matched:
      - @ConditionalOnClass found required class 'javax.validation.executable.ExecutableValidator' (OnClassCondition)
      - @ConditionalOnResource found location classpath:META-INF/services/javax.validation.spi.ValidationProvider (OnResourceCondition)

   ValidationAutoConfiguration#defaultValidator matched:
      - @ConditionalOnMissingBean (types: javax.validation.Validator; SearchStrategy: all) did not find any beans (OnBeanCondition)

   ValidationAutoConfiguration#methodValidationPostProcessor matched:
      - @ConditionalOnMissingBean (types: org.springframework.validation.beanvalidation.MethodValidationPostProcessor; SearchStrategy: current) did not find any beans (OnBeanCondition)

   WebMvcAutoConfiguration matched:
      - @ConditionalOnClass found required classes 'javax.servlet.Servlet', 'org.springframework.web.servlet.DispatcherServlet', 'org.springframework.web.servlet.config.annotation.WebMvcConfigurer' (OnClassCondition)
      - found 'session' scope (OnWebApplicationCondition)
      - @ConditionalOnMissingBean (types: org.springframework.web.servlet.config.annotation.WebMvcConfigurationSupport; SearchStrategy: all) did not find any beans (OnBeanCondition)

   WebMvcAutoConfiguration#formContentFilter matched:
      - @ConditionalOnProperty (spring.mvc.formcontent.filter.enabled) matched (OnPropertyCondition)
      - @ConditionalOnMissingBean (types: org.springframework.web.filter.FormContentFilter; SearchStrategy: all) did not find any beans (OnBeanCondition)

   WebMvcAutoConfiguration.EnableWebMvcConfiguration#flashMapManager matched:
      - @ConditionalOnMissingBean (names: flashMapManager; SearchStrategy: all) did not find any beans (OnBeanCondition)

   WebMvcAutoConfiguration.EnableWebMvcConfiguration#localeResolver matched:
      - @ConditionalOnMissingBean (names: localeResolver; SearchStrategy: all) did not find any beans (OnBeanCondition)

   WebMvcAutoConfiguration.EnableWebMvcConfiguration#themeResolver matched:
      - @ConditionalOnMissingBean (names: themeResolver; SearchStrategy: all) did not find any beans (OnBeanCondition)

   WebMvcAutoConfiguration.WebMvcAutoConfigurationAdapter#defaultViewResolver matched:
      - @ConditionalOnMissingBean (types: org.springframework.web.servlet.view.InternalResourceViewResolver; SearchStrategy: all) did not find any beans (OnBeanCondition)

   WebMvcAutoConfiguration.WebMvcAutoConfigurationAdapter#requestContextFilter matched:
      - @ConditionalOnMissingBean (types: org.springframework.web.context.request.RequestContextListener,org.springframework.web.filter.RequestContextFilter; SearchStrategy: all) did not find any beans (OnBeanCondition)

   WebMvcAutoConfiguration.WebMvcAutoConfigurationAdapter#viewResolver matched:
      - @ConditionalOnBean (types: org.springframework.web.servlet.ViewResolver; SearchStrategy: all) found beans 'defaultViewResolver', 'beanNameViewResolver', 'mvcViewResolver'; @ConditionalOnMissingBean (names: viewResolver types: org.springframework.web.servlet.view.ContentNegotiatingViewResolver; SearchStrategy: all) did not find any beans (OnBeanCondition)

   WebSocketServletAutoConfiguration matched:
      - @ConditionalOnClass found required classes 'javax.servlet.Servlet', 'javax.websocket.server.ServerContainer' (OnClassCondition)
      - found 'session' scope (OnWebApplicationCondition)

   WebSocketServletAutoConfiguration.TomcatWebSocketConfiguration matched:
      - @ConditionalOnClass found required classes 'org.apache.catalina.startup.Tomcat', 'org.apache.tomcat.websocket.server.WsSci' (OnClassCondition)

   WebSocketServletAutoConfiguration.TomcatWebSocketConfiguration#websocketServletWebServerCustomizer matched:
      - @ConditionalOnMissingBean (names: websocketServletWebServerCustomizer; SearchStrategy: all) did not find any beans (OnBeanCondition)


Negative matches:
-----------------

   ActiveMQAutoConfiguration:
      Did not match:
         - @ConditionalOnClass did not find required class 'javax.jms.ConnectionFactory' (OnClassCondition)

   AopAutoConfiguration.AspectJAutoProxyingConfiguration:
      Did not match:
         - @ConditionalOnClass did not find required class 'org.aspectj.weaver.Advice' (OnClassCondition)

   ArtemisAutoConfiguration:
      Did not match:
         - @ConditionalOnClass did not find required class 'javax.jms.ConnectionFactory' (OnClassCondition)

   BatchAutoConfiguration:
      Did not match:
         - @ConditionalOnClass did not find required class 'org.springframework.batch.core.launch.JobLauncher' (OnClassCondition)

   Cache2kCacheConfiguration:
      Did not match:
         - @ConditionalOnClass did not find required class 'org.cache2k.Cache2kBuilder' (OnClassCondition)

   CacheAutoConfiguration:
      Did not match:
         - @ConditionalOnBean (types: org.springframework.cache.interceptor.CacheAspectSupport; SearchStrategy: all) did not find any beans of type org.springframework.cache.interceptor.CacheAspectSupport (OnBeanCondition)
      Matched:
         - @ConditionalOnClass found required class 'org.springframework.cache.CacheManager' (OnClassCondition)

   CacheAutoConfiguration.CacheManagerEntityManagerFactoryDependsOnPostProcessor:
      Did not match:
         - @ConditionalOnClass did not find required class 'org.springframework.orm.jpa.LocalContainerEntityManagerFactoryBean' (OnClassCondition)
         - Ancestor org.springframework.boot.autoconfigure.cache.CacheAutoConfiguration did not match (ConditionEvaluationReport.AncestorsMatchedCondition)

   CaffeineCacheConfiguration:
      Did not match:
         - @ConditionalOnClass did not find required class 'com.github.benmanes.caffeine.cache.Caffeine' (OnClassCondition)

   CassandraAutoConfiguration:
      Did not match:
         - @ConditionalOnClass did not find required class 'com.datastax.oss.driver.api.core.CqlSession' (OnClassCondition)

   CassandraDataAutoConfiguration:
      Did not match:
         - @ConditionalOnClass did not find required class 'com.datastax.oss.driver.api.core.CqlSession' (OnClassCondition)

   CassandraReactiveDataAutoConfiguration:
      Did not match:
         - @ConditionalOnClass did not find required class 'com.datastax.oss.driver.api.core.CqlSession' (OnClassCondition)

   CassandraReactiveRepositoriesAutoConfiguration:
      Did not match:
         - @ConditionalOnClass did not find required class 'org.springframework.data.cassandra.ReactiveSession' (OnClassCondition)

   CassandraRepositoriesAutoConfiguration:
      Did not match:
         - @ConditionalOnClass did not find required class 'com.datastax.oss.driver.api.core.CqlSession' (OnClassCondition)

   ClientHttpConnectorAutoConfiguration:
      Did not match:
         - @ConditionalOnClass did not find required class 'org.springframework.web.reactive.function.client.WebClient' (OnClassCondition)

   CodecsAutoConfiguration:
      Did not match:
         - @ConditionalOnClass did not find required class 'org.springframework.web.reactive.function.client.WebClient' (OnClassCondition)

   CouchbaseAutoConfiguration:
      Did not match:
         - @ConditionalOnClass did not find required class 'com.couchbase.client.java.Cluster' (OnClassCondition)

   CouchbaseCacheConfiguration:
      Did not match:
         - @ConditionalOnClass did not find required class 'com.couchbase.client.java.Cluster' (OnClassCondition)

   CouchbaseDataAutoConfiguration:
      Did not match:
         - @ConditionalOnClass did not find required class 'com.couchbase.client.java.Bucket' (OnClassCondition)

   CouchbaseReactiveDataAutoConfiguration:
      Did not match:
         - @ConditionalOnClass did not find required class 'com.couchbase.client.java.Cluster' (OnClassCondition)

   CouchbaseReactiveRepositoriesAutoConfiguration:
      Did not match:
         - @ConditionalOnClass did not find required class 'com.couchbase.client.java.Cluster' (OnClassCondition)

   CouchbaseRepositoriesAutoConfiguration:
      Did not match:
         - @ConditionalOnClass did not find required class 'com.couchbase.client.java.Bucket' (OnClassCondition)

   DataSourceAutoConfiguration.EmbeddedDatabaseConfiguration:
      Did not match:
         - EmbeddedDataSource spring.datasource.url is set (DataSourceAutoConfiguration.EmbeddedDatabaseCondition)

   DataSourceConfiguration.Dbcp2:
      Did not match:
         - @ConditionalOnClass did not find required class 'org.apache.commons.dbcp2.BasicDataSource' (OnClassCondition)

   DataSourceConfiguration.Generic:
      Did not match:
         - @ConditionalOnProperty (spring.datasource.type) did not find property 'spring.datasource.type' (OnPropertyCondition)

   DataSourceConfiguration.OracleUcp:
      Did not match:
         - @ConditionalOnClass did not find required classes 'oracle.ucp.jdbc.PoolDataSourceImpl', 'oracle.jdbc.OracleConnection' (OnClassCondition)

   DataSourceConfiguration.Tomcat:
      Did not match:
         - @ConditionalOnClass did not find required class 'org.apache.tomcat.jdbc.pool.DataSource' (OnClassCondition)

   DataSourceJmxConfiguration.TomcatDataSourceJmxConfiguration:
      Did not match:
         - @ConditionalOnClass did not find required class 'org.apache.tomcat.jdbc.pool.DataSourceProxy' (OnClassCondition)

   DataSourcePoolMetadataProvidersConfiguration.CommonsDbcp2PoolDataSourceMetadataProviderConfiguration:
      Did not match:
         - @ConditionalOnClass did not find required class 'org.apache.commons.dbcp2.BasicDataSource' (OnClassCondition)

   DataSourcePoolMetadataProvidersConfiguration.OracleUcpPoolDataSourceMetadataProviderConfiguration:
      Did not match:
         - @ConditionalOnClass did not find required classes 'oracle.ucp.jdbc.PoolDataSource', 'oracle.jdbc.OracleConnection' (OnClassCondition)

   DataSourcePoolMetadataProvidersConfiguration.TomcatDataSourcePoolMetadataProviderConfiguration:
      Did not match:
         - @ConditionalOnClass did not find required class 'org.apache.tomcat.jdbc.pool.DataSource' (OnClassCondition)

   DispatcherServletAutoConfiguration.DispatcherServletConfiguration#multipartResolver:
      Did not match:
         - @ConditionalOnBean (types: org.springframework.web.multipart.MultipartResolver; SearchStrategy: all) did not find any beans of type org.springframework.web.multipart.MultipartResolver (OnBeanCondition)

   EhCacheCacheConfiguration:
      Did not match:
         - @ConditionalOnClass did not find required class 'net.sf.ehcache.Cache' (OnClassCondition)

   ElasticsearchDataAutoConfiguration:
      Did not match:
         - @ConditionalOnClass did not find required class 'org.springframework.data.elasticsearch.core.ElasticsearchRestTemplate' (OnClassCondition)

   ElasticsearchRepositoriesAutoConfiguration:
      Did not match:
         - @ConditionalOnClass did not find required class 'org.elasticsearch.client.Client' (OnClassCondition)

   ElasticsearchRestClientAutoConfiguration:
      Did not match:
         - @ConditionalOnClass did not find required class 'org.elasticsearch.client.RestClientBuilder' (OnClassCondition)

   EmbeddedLdapAutoConfiguration:
      Did not match:
         - @ConditionalOnClass did not find required class 'com.unboundid.ldap.listener.InMemoryDirectoryServer' (OnClassCondition)

   EmbeddedMongoAutoConfiguration:
      Did not match:
         - @ConditionalOnClass did not find required class 'com.mongodb.MongoClientSettings' (OnClassCondition)

   EmbeddedWebServerFactoryCustomizerAutoConfiguration.JettyWebServerFactoryCustomizerConfiguration:
      Did not match:
         - @ConditionalOnClass did not find required classes 'org.eclipse.jetty.server.Server', 'org.eclipse.jetty.util.Loader', 'org.eclipse.jetty.webapp.WebAppContext' (OnClassCondition)

   EmbeddedWebServerFactoryCustomizerAutoConfiguration.NettyWebServerFactoryCustomizerConfiguration:
      Did not match:
         - @ConditionalOnClass did not find required class 'reactor.netty.http.server.HttpServer' (OnClassCondition)

   EmbeddedWebServerFactoryCustomizerAutoConfiguration.UndertowWebServerFactoryCustomizerConfiguration:
      Did not match:
         - @ConditionalOnClass did not find required classes 'io.undertow.Undertow', 'org.xnio.SslClientAuthMode' (OnClassCondition)

   ErrorWebFluxAutoConfiguration:
      Did not match:
         - @ConditionalOnClass did not find required class 'org.springframework.web.reactive.config.WebFluxConfigurer' (OnClassCondition)

   FlywayAutoConfiguration:
      Did not match:
         - @ConditionalOnClass did not find required class 'org.flywaydb.core.Flyway' (OnClassCondition)

   FreeMarkerAutoConfiguration:
      Did not match:
         - @ConditionalOnClass did not find required class 'freemarker.template.Configuration' (OnClassCondition)

   GraphQlAutoConfiguration:
      Did not match:
         - @ConditionalOnClass did not find required class 'graphql.GraphQL' (OnClassCondition)

   GraphQlQueryByExampleAutoConfiguration:
      Did not match:
         - @ConditionalOnClass did not find required class 'graphql.GraphQL' (OnClassCondition)

   GraphQlQuerydslAutoConfiguration:
      Did not match:
         - @ConditionalOnClass did not find required class 'graphql.GraphQL' (OnClassCondition)

   GraphQlRSocketAutoConfiguration:
      Did not match:
         - @ConditionalOnClass did not find required class 'graphql.GraphQL' (OnClassCondition)

   GraphQlReactiveQueryByExampleAutoConfiguration:
      Did not match:
         - @ConditionalOnClass did not find required class 'graphql.GraphQL' (OnClassCondition)

   GraphQlReactiveQuerydslAutoConfiguration:
      Did not match:
         - @ConditionalOnClass did not find required class 'graphql.GraphQL' (OnClassCondition)

   GraphQlWebFluxAutoConfiguration:
      Did not match:
         - @ConditionalOnClass did not find required class 'graphql.GraphQL' (OnClassCondition)

   GraphQlWebFluxSecurityAutoConfiguration:
      Did not match:
         - @ConditionalOnClass did not find required class 'graphql.GraphQL' (OnClassCondition)

   GraphQlWebMvcAutoConfiguration:
      Did not match:
         - @ConditionalOnClass did not find required class 'graphql.GraphQL' (OnClassCondition)

   GraphQlWebMvcSecurityAutoConfiguration:
      Did not match:
         - @ConditionalOnClass did not find required class 'graphql.GraphQL' (OnClassCondition)

   GroovyTemplateAutoConfiguration:
      Did not match:
         - @ConditionalOnClass did not find required class 'groovy.text.markup.MarkupTemplateEngine' (OnClassCondition)

   GsonAutoConfiguration:
      Did not match:
         - @ConditionalOnClass did not find required class 'com.google.gson.Gson' (OnClassCondition)

   GsonHttpMessageConvertersConfiguration:
      Did not match:
         - @ConditionalOnClass did not find required class 'com.google.gson.Gson' (OnClassCondition)

   H2ConsoleAutoConfiguration:
      Did not match:
         - @ConditionalOnClass did not find required class 'org.h2.server.web.WebServlet' (OnClassCondition)

   HazelcastAutoConfiguration:
      Did not match:
         - @ConditionalOnClass did not find required class 'com.hazelcast.core.HazelcastInstance' (OnClassCondition)

   HazelcastCacheConfiguration:
      Did not match:
         - @ConditionalOnClass did not find required class 'com.hazelcast.core.HazelcastInstance' (OnClassCondition)

   HazelcastJpaDependencyAutoConfiguration:
      Did not match:
         - @ConditionalOnClass did not find required class 'com.hazelcast.core.HazelcastInstance' (OnClassCondition)

   HibernateJpaAutoConfiguration:
      Did not match:
         - @ConditionalOnClass did not find required class 'javax.persistence.EntityManager' (OnClassCondition)

   HttpHandlerAutoConfiguration:
      Did not match:
         - @ConditionalOnClass did not find required class 'org.springframework.web.reactive.DispatcherHandler' (OnClassCondition)

   HypermediaAutoConfiguration:
      Did not match:
         - @ConditionalOnClass did not find required class 'org.springframework.hateoas.EntityModel' (OnClassCondition)

   InfinispanCacheConfiguration:
      Did not match:
         - @ConditionalOnClass did not find required class 'org.infinispan.spring.embedded.provider.SpringEmbeddedCacheManager' (OnClassCondition)

   InfluxDbAutoConfiguration:
      Did not match:
         - @ConditionalOnClass did not find required class 'org.influxdb.InfluxDB' (OnClassCondition)

   IntegrationAutoConfiguration:
      Did not match:
         - @ConditionalOnClass did not find required class 'org.springframework.integration.config.EnableIntegration' (OnClassCondition)

   JCacheCacheConfiguration:
      Did not match:
         - @ConditionalOnClass did not find required class 'javax.cache.Caching' (OnClassCondition)

   JacksonHttpMessageConvertersConfiguration.MappingJackson2XmlHttpMessageConverterConfiguration:
      Did not match:
         - @ConditionalOnClass did not find required class 'com.fasterxml.jackson.dataformat.xml.XmlMapper' (OnClassCondition)

   JdbcRepositoriesAutoConfiguration:
      Did not match:
         - @ConditionalOnClass did not find required class 'org.springframework.data.jdbc.repository.config.AbstractJdbcConfiguration' (OnClassCondition)

   JdbcTemplateConfiguration:
      Did not match:
         - @ConditionalOnMissingBean (types: org.springframework.jdbc.core.JdbcOperations; SearchStrategy: all) found beans of type 'org.springframework.jdbc.core.JdbcOperations' jdbcTemplate, centralJdbcTemplate, tigohogarJdbcTemplate (OnBeanCondition)

   JerseyAutoConfiguration:
      Did not match:
         - @ConditionalOnClass did not find required class 'org.glassfish.jersey.server.spring.SpringComponentProvider' (OnClassCondition)

   JmsAutoConfiguration:
      Did not match:
         - @ConditionalOnClass did not find required class 'javax.jms.Message' (OnClassCondition)

   JmxAutoConfiguration:
      Did not match:
         - @ConditionalOnProperty (spring.jmx.enabled=true) did not find property 'enabled' (OnPropertyCondition)
      Matched:
         - @ConditionalOnClass found required class 'org.springframework.jmx.export.MBeanExporter' (OnClassCondition)

   JndiConnectionFactoryAutoConfiguration:
      Did not match:
         - @ConditionalOnClass did not find required class 'org.springframework.jms.core.JmsTemplate' (OnClassCondition)

   JndiDataSourceAutoConfiguration:
      Did not match:
         - @ConditionalOnProperty (spring.datasource.jndi-name) did not find property 'jndi-name' (OnPropertyCondition)
      Matched:
         - @ConditionalOnClass found required classes 'javax.sql.DataSource', 'org.springframework.jdbc.datasource.embedded.EmbeddedDatabaseType' (OnClassCondition)

   JooqAutoConfiguration:
      Did not match:
         - @ConditionalOnClass did not find required class 'org.jooq.DSLContext' (OnClassCondition)

   JpaRepositoriesAutoConfiguration:
      Did not match:
         - @ConditionalOnClass did not find required class 'org.springframework.data.jpa.repository.JpaRepository' (OnClassCondition)

   JsonbAutoConfiguration:
      Did not match:
         - @ConditionalOnClass did not find required class 'javax.json.bind.Jsonb' (OnClassCondition)

   JsonbHttpMessageConvertersConfiguration:
      Did not match:
         - @ConditionalOnClass did not find required class 'javax.json.bind.Jsonb' (OnClassCondition)

   JtaAutoConfiguration:
      Did not match:
         - @ConditionalOnClass did not find required class 'javax.transaction.Transaction' (OnClassCondition)

   KafkaAutoConfiguration:
      Did not match:
         - @ConditionalOnClass did not find required class 'org.springframework.kafka.core.KafkaTemplate' (OnClassCondition)

   LdapAutoConfiguration:
      Did not match:
         - @ConditionalOnClass did not find required class 'org.springframework.ldap.core.ContextSource' (OnClassCondition)

   LdapRepositoriesAutoConfiguration:
      Did not match:
         - @ConditionalOnClass did not find required class 'org.springframework.data.ldap.repository.LdapRepository' (OnClassCondition)

   LiquibaseAutoConfiguration:
      Did not match:
         - @ConditionalOnClass did not find required class 'liquibase.change.DatabaseChange' (OnClassCondition)

   MailSenderJndiConfiguration:
      Did not match:
         - @ConditionalOnProperty (spring.mail.jndi-name) did not find property 'jndi-name' (OnPropertyCondition)
      Matched:
         - @ConditionalOnClass found required class 'javax.mail.Session' (OnClassCondition)

   MailSenderValidatorAutoConfiguration:
      Did not match:
         - @ConditionalOnProperty (spring.mail.test-connection) did not find property 'test-connection' (OnPropertyCondition)

   MessageSourceAutoConfiguration:
      Did not match:
         - ResourceBundle did not find bundle with basename messages (MessageSourceAutoConfiguration.ResourceBundleCondition)

   MongoAutoConfiguration:
      Did not match:
         - @ConditionalOnClass did not find required class 'com.mongodb.client.MongoClient' (OnClassCondition)

   MongoDataAutoConfiguration:
      Did not match:
         - @ConditionalOnClass did not find required class 'com.mongodb.client.MongoClient' (OnClassCondition)

   MongoReactiveAutoConfiguration:
      Did not match:
         - @ConditionalOnClass did not find required class 'com.mongodb.reactivestreams.client.MongoClient' (OnClassCondition)

   MongoReactiveDataAutoConfiguration:
      Did not match:
         - @ConditionalOnClass did not find required class 'com.mongodb.reactivestreams.client.MongoClient' (OnClassCondition)

   MongoReactiveRepositoriesAutoConfiguration:
      Did not match:
         - @ConditionalOnClass did not find required class 'com.mongodb.reactivestreams.client.MongoClient' (OnClassCondition)

   MongoRepositoriesAutoConfiguration:
      Did not match:
         - @ConditionalOnClass did not find required class 'com.mongodb.client.MongoClient' (OnClassCondition)

   MultipleOpenApiSupportConfiguration:
      Did not match:
         - AnyNestedCondition 0 matched 2 did not; NestedCondition on MultipleOpenApiSupportCondition.OnActuatorDifferentPort @ConditionalOnProperty (springdoc.show-actuator) did not find property 'springdoc.show-actuator'; NestedCondition on MultipleOpenApiSupportCondition.OnMultipleOpenApiSupportCondition AnyNestedCondition 0 matched 2 did not; NestedCondition on MultipleOpenApiGroupsCondition.OnGroupConfigProperty @ConditionalOnProperty (springdoc.group-configs[0].group) did not find property 'springdoc.group-configs[0].group'; NestedCondition on MultipleOpenApiGroupsCondition.OnGroupedOpenApiBean @ConditionalOnBean (types: org.springdoc.core.GroupedOpenApi; SearchStrategy: all) did not find any beans of type org.springdoc.core.GroupedOpenApi (MultipleOpenApiSupportCondition)
      Matched:
         - found 'session' scope (OnWebApplicationCondition)
         - @ConditionalOnProperty (springdoc.api-docs.enabled) matched (OnPropertyCondition)

   MultipleOpenApiSupportConfiguration.SpringDocWebMvcActuatorDifferentConfiguration:
      Did not match:
         - @ConditionalOnClass did not find required class 'org.springframework.boot.actuate.endpoint.web.servlet.WebMvcEndpointHandlerMapping' (OnClassCondition)
         - Ancestor org.springdoc.webmvc.core.MultipleOpenApiSupportConfiguration did not match (ConditionEvaluationReport.AncestorsMatchedCondition)

   MustacheAutoConfiguration:
      Did not match:
         - @ConditionalOnClass did not find required class 'com.samskivert.mustache.Mustache' (OnClassCondition)

   Neo4jAutoConfiguration:
      Did not match:
         - @ConditionalOnClass did not find required class 'org.neo4j.driver.Driver' (OnClassCondition)

   Neo4jDataAutoConfiguration:
      Did not match:
         - @ConditionalOnClass did not find required class 'org.neo4j.driver.Driver' (OnClassCondition)

   Neo4jReactiveDataAutoConfiguration:
      Did not match:
         - @ConditionalOnClass did not find required class 'org.neo4j.driver.Driver' (OnClassCondition)

   Neo4jReactiveRepositoriesAutoConfiguration:
      Did not match:
         - @ConditionalOnClass did not find required class 'org.neo4j.driver.Driver' (OnClassCondition)

   Neo4jRepositoriesAutoConfiguration:
      Did not match:
         - @ConditionalOnClass did not find required class 'org.neo4j.driver.Driver' (OnClassCondition)

   NettyAutoConfiguration:
      Did not match:
         - @ConditionalOnClass did not find required class 'io.netty.util.NettyRuntime' (OnClassCondition)

   OAuth2ClientAutoConfiguration:
      Did not match:
         - @ConditionalOnClass did not find required class 'org.springframework.security.config.annotation.web.configuration.EnableWebSecurity' (OnClassCondition)

   OAuth2ResourceServerAutoConfiguration:
      Did not match:
         - @ConditionalOnClass did not find required class 'org.springframework.security.oauth2.server.resource.BearerTokenAuthenticationToken' (OnClassCondition)

   ProjectInfoAutoConfiguration#buildProperties:
      Did not match:
         - @ConditionalOnResource did not find resource '${spring.info.build.location:classpath:META-INF/build-info.properties}' (OnResourceCondition)

   ProjectInfoAutoConfiguration#gitProperties:
      Did not match:
         - GitResource did not find git info at classpath:git.properties (ProjectInfoAutoConfiguration.GitResourceAvailableCondition)

   QuartzAutoConfiguration:
      Did not match:
         - @ConditionalOnClass did not find required class 'org.quartz.Scheduler' (OnClassCondition)

   R2dbcAutoConfiguration:
      Did not match:
         - @ConditionalOnClass did not find required class 'io.r2dbc.spi.ConnectionFactory' (OnClassCondition)

   R2dbcDataAutoConfiguration:
      Did not match:
         - @ConditionalOnClass did not find required class 'org.springframework.data.r2dbc.core.R2dbcEntityTemplate' (OnClassCondition)

   R2dbcInitializationConfiguration:
      Did not match:
         - @ConditionalOnClass did not find required classes 'io.r2dbc.spi.ConnectionFactory', 'org.springframework.r2dbc.connection.init.DatabasePopulator' (OnClassCondition)

   R2dbcRepositoriesAutoConfiguration:
      Did not match:
         - @ConditionalOnClass did not find required class 'io.r2dbc.spi.ConnectionFactory' (OnClassCondition)

   R2dbcTransactionManagerAutoConfiguration:
      Did not match:
         - @ConditionalOnClass did not find required class 'org.springframework.r2dbc.connection.R2dbcTransactionManager' (OnClassCondition)

   RSocketGraphQlClientAutoConfiguration:
      Did not match:
         - @ConditionalOnClass did not find required class 'graphql.GraphQL' (OnClassCondition)

   RSocketMessagingAutoConfiguration:
      Did not match:
         - @ConditionalOnClass did not find required class 'io.rsocket.RSocket' (OnClassCondition)

   RSocketRequesterAutoConfiguration:
      Did not match:
         - @ConditionalOnClass did not find required class 'io.rsocket.RSocket' (OnClassCondition)

   RSocketSecurityAutoConfiguration:
      Did not match:
         - @ConditionalOnClass did not find required class 'org.springframework.security.rsocket.core.SecuritySocketAcceptorInterceptor' (OnClassCondition)

   RSocketServerAutoConfiguration:
      Did not match:
         - @ConditionalOnClass did not find required class 'io.rsocket.core.RSocketServer' (OnClassCondition)

   RSocketStrategiesAutoConfiguration:
      Did not match:
         - @ConditionalOnClass did not find required class 'io.netty.buffer.PooledByteBufAllocator' (OnClassCondition)

   RabbitAutoConfiguration:
      Did not match:
         - @ConditionalOnClass did not find required class 'com.rabbitmq.client.Channel' (OnClassCondition)

   ReactiveElasticsearchRepositoriesAutoConfiguration:
      Did not match:
         - @ConditionalOnClass did not find required class 'org.springframework.data.elasticsearch.client.reactive.ReactiveElasticsearchClient' (OnClassCondition)

   ReactiveElasticsearchRestClientAutoConfiguration:
      Did not match:
         - @ConditionalOnClass did not find required class 'reactor.netty.http.client.HttpClient' (OnClassCondition)

   ReactiveMultipartAutoConfiguration:
      Did not match:
         - @ConditionalOnClass did not find required class 'org.springframework.web.reactive.config.WebFluxConfigurer' (OnClassCondition)

   ReactiveOAuth2ClientAutoConfiguration:
      Did not match:
         - @ConditionalOnClass did not find required class 'reactor.core.publisher.Flux' (OnClassCondition)

   ReactiveOAuth2ResourceServerAutoConfiguration:
      Did not match:
         - @ConditionalOnClass did not find required class 'org.springframework.security.config.annotation.web.reactive.EnableWebFluxSecurity' (OnClassCondition)

   ReactiveSecurityAutoConfiguration:
      Did not match:
         - @ConditionalOnClass did not find required class 'reactor.core.publisher.Flux' (OnClassCondition)

   ReactiveUserDetailsServiceAutoConfiguration:
      Did not match:
         - @ConditionalOnClass did not find required class 'org.springframework.security.authentication.ReactiveAuthenticationManager' (OnClassCondition)

   ReactiveWebServerFactoryAutoConfiguration:
      Did not match:
         - @ConditionalOnWebApplication did not find reactive web application classes (OnWebApplicationCondition)

   RedisAutoConfiguration:
      Did not match:
         - @ConditionalOnClass did not find required class 'org.springframework.data.redis.core.RedisOperations' (OnClassCondition)

   RedisCacheConfiguration:
      Did not match:
         - @ConditionalOnClass did not find required class 'org.springframework.data.redis.connection.RedisConnectionFactory' (OnClassCondition)

   RedisReactiveAutoConfiguration:
      Did not match:
         - @ConditionalOnClass did not find required class 'reactor.core.publisher.Flux' (OnClassCondition)

   RedisRepositoriesAutoConfiguration:
      Did not match:
         - @ConditionalOnClass did not find required class 'org.springframework.data.redis.repository.configuration.EnableRedisRepositories' (OnClassCondition)

   RepositoryRestMvcAutoConfiguration:
      Did not match:
         - @ConditionalOnClass did not find required class 'org.springframework.data.rest.webmvc.config.RepositoryRestMvcConfiguration' (OnClassCondition)

   Saml2RelyingPartyAutoConfiguration:
      Did not match:
         - @ConditionalOnClass did not find required class 'org.springframework.security.saml2.provider.service.registration.RelyingPartyRegistrationRepository' (OnClassCondition)

   SecurityAutoConfiguration:
      Did not match:
         - @ConditionalOnClass did not find required class 'org.springframework.security.authentication.DefaultAuthenticationEventPublisher' (OnClassCondition)

   SecurityFilterAutoConfiguration:
      Did not match:
         - @ConditionalOnClass did not find required class 'org.springframework.security.config.http.SessionCreationPolicy' (OnClassCondition)

   SendGridAutoConfiguration:
      Did not match:
         - @ConditionalOnClass did not find required class 'com.sendgrid.SendGrid' (OnClassCondition)

   ServletWebServerFactoryAutoConfiguration.ForwardedHeaderFilterConfiguration:
      Did not match:
         - @ConditionalOnProperty (server.forward-headers-strategy=framework) did not find property 'server.forward-headers-strategy' (OnPropertyCondition)

   ServletWebServerFactoryConfiguration.EmbeddedJetty:
      Did not match:
         - @ConditionalOnClass did not find required classes 'org.eclipse.jetty.server.Server', 'org.eclipse.jetty.util.Loader', 'org.eclipse.jetty.webapp.WebAppContext' (OnClassCondition)

   ServletWebServerFactoryConfiguration.EmbeddedUndertow:
      Did not match:
         - @ConditionalOnClass did not find required classes 'io.undertow.Undertow', 'org.xnio.SslClientAuthMode' (OnClassCondition)

   SessionAutoConfiguration:
      Did not match:
         - @ConditionalOnClass did not find required class 'org.springframework.session.Session' (OnClassCondition)

   SolrAutoConfiguration:
      Did not match:
         - @ConditionalOnClass did not find required class 'org.apache.solr.client.solrj.impl.CloudSolrClient' (OnClassCondition)

   SpringApplicationAdminJmxAutoConfiguration:
      Did not match:
         - @ConditionalOnProperty (spring.application.admin.enabled=true) did not find property 'enabled' (OnPropertyCondition)

   SpringDataWebAutoConfiguration:
      Did not match:
         - @ConditionalOnClass did not find required class 'org.springframework.data.web.PageableHandlerMethodArgumentResolver' (OnClassCondition)

   SpringDocConfiguration#propertiesResolverForSchema:
      Did not match:
         - @ConditionalOnProperty (springdoc.api-docs.resolve-schema-properties) did not find property 'springdoc.api-docs.resolve-schema-properties' (OnPropertyCondition)

   SpringDocConfiguration#propertyCustomizingConverter:
      Did not match:
         - @ConditionalOnBean (types: org.springdoc.core.customizers.PropertyCustomizer; SearchStrategy: all) did not find any beans of type org.springdoc.core.customizers.PropertyCustomizer (OnBeanCondition)

   SpringDocConfiguration#springdocBeanFactoryPostProcessor:
      Did not match:
         - AnyNestedCondition 0 matched 2 did not; NestedCondition on CacheOrGroupedOpenApiCondition.OnCacheDisabled found non-matching nested conditions @ConditionalOnProperty (springdoc.cache.disabled) did not find property 'springdoc.cache.disabled'; NestedCondition on CacheOrGroupedOpenApiCondition.OnMultipleOpenApiSupportCondition AnyNestedCondition 0 matched 2 did not; NestedCondition on MultipleOpenApiSupportCondition.OnActuatorDifferentPort @ConditionalOnProperty (springdoc.show-actuator) did not find property 'springdoc.show-actuator'; NestedCondition on MultipleOpenApiSupportCondition.OnMultipleOpenApiSupportCondition AnyNestedCondition 0 matched 2 did not; NestedCondition on MultipleOpenApiGroupsCondition.OnGroupConfigProperty @ConditionalOnProperty (springdoc.group-configs[0].group) did not find property 'springdoc.group-configs[0].group'; NestedCondition on MultipleOpenApiGroupsCondition.OnGroupedOpenApiBean @ConditionalOnBean (types: org.springdoc.core.GroupedOpenApi; SearchStrategy: all) did not find any beans of type org.springdoc.core.GroupedOpenApi (CacheOrGroupedOpenApiCondition)
      Matched:
         - @ConditionalOnClass found required class 'org.springframework.boot.context.properties.bind.BindResult' (OnClassCondition)

   SpringDocConfiguration#springdocBeanFactoryPostProcessor2:
      Did not match:
         - @ConditionalOnMissingClass found unwanted class 'org.springframework.boot.context.properties.bind.BindResult' (OnClassCondition)

   SpringDocConfiguration.SpringDocActuatorConfiguration:
      Did not match:
         - @ConditionalOnClass did not find required class 'org.springframework.boot.actuate.autoconfigure.endpoint.web.WebEndpointProperties' (OnClassCondition)

   SpringDocConfiguration.SpringDocFunctionCatalogConfiguration:
      Did not match:
         - @ConditionalOnClass did not find required class 'org.springframework.cloud.function.web.function.FunctionEndpointInitializer' (OnClassCondition)

   SpringDocConfiguration.SpringDocPageableConfiguration:
      Did not match:
         - @ConditionalOnClass did not find required class 'org.springframework.data.domain.Pageable' (OnClassCondition)

   SpringDocConfiguration.SpringDocRepositoryRestConfiguration:
      Did not match:
         - @ConditionalOnClass did not find required class 'org.springframework.data.rest.core.config.RepositoryRestConfiguration' (OnClassCondition)

   SpringDocConfiguration.SpringDocSortConfiguration:
      Did not match:
         - @ConditionalOnClass did not find required class 'org.springframework.data.domain.Sort' (OnClassCondition)

   SpringDocConfiguration.SpringDocWebFluxSupportConfiguration:
      Did not match:
         - @ConditionalOnClass did not find required class 'reactor.core.publisher.Flux' (OnClassCondition)

   SpringDocWebMvcConfiguration.SpringDocWebMvcActuatorConfiguration:
      Did not match:
         - @ConditionalOnClass did not find required class 'org.springframework.boot.actuate.endpoint.web.servlet.WebMvcEndpointHandlerMapping' (OnClassCondition)

   SwaggerConfig#springWebProvider:
      Did not match:
         - @ConditionalOnMissingBean (types: org.springdoc.core.providers.SpringWebProvider; SearchStrategy: all) found beans of type 'org.springdoc.core.providers.SpringWebProvider' springWebProvider (OnBeanCondition)

   SwaggerConfig#swaggerUiConfigParameters:
      Did not match:
         - @ConditionalOnMissingBean (types: org.springdoc.core.SwaggerUiConfigParameters; SearchStrategy: all) found beans of type 'org.springdoc.core.SwaggerUiConfigParameters' org.springdoc.core.SwaggerUiConfigParameters (OnBeanCondition)

   SwaggerConfig#swaggerUiHome:
      Did not match:
         - @ConditionalOnProperty (springdoc.swagger-ui.use-root-path=true) did not find property 'springdoc.swagger-ui.use-root-path' (OnPropertyCondition)

   SwaggerConfig.SwaggerActuatorWelcomeConfiguration:
      Did not match:
         - @ConditionalOnClass did not find required class 'org.springframework.boot.actuate.endpoint.web.servlet.WebMvcEndpointHandlerMapping' (OnClassCondition)

   TaskSchedulingAutoConfiguration#scheduledBeanLazyInitializationExcludeFilter:
      Did not match:
         - @ConditionalOnBean (names: org.springframework.context.annotation.internalScheduledAnnotationProcessor; SearchStrategy: all) did not find any beans named org.springframework.context.annotation.internalScheduledAnnotationProcessor (OnBeanCondition)

   TaskSchedulingAutoConfiguration#taskScheduler:
      Did not match:
         - @ConditionalOnBean (names: org.springframework.context.annotation.internalScheduledAnnotationProcessor; SearchStrategy: all) did not find any beans named org.springframework.context.annotation.internalScheduledAnnotationProcessor (OnBeanCondition)

   ThymeleafAutoConfiguration:
      Did not match:
         - @ConditionalOnClass did not find required class 'org.thymeleaf.spring5.SpringTemplateEngine' (OnClassCondition)

   TransactionAutoConfiguration#transactionalOperator:
      Did not match:
         - @ConditionalOnSingleCandidate (types: org.springframework.transaction.ReactiveTransactionManager; SearchStrategy: all) did not find any beans (OnBeanCondition)

   TransactionAutoConfiguration.AspectJTransactionManagementConfiguration:
      Did not match:
         - @ConditionalOnBean did not find required type 'org.springframework.transaction.aspectj.AbstractTransactionAspect' (OnBeanCondition)
         - @ConditionalOnBean (types: org.springframework.transaction.aspectj.AbstractTransactionAspect; SearchStrategy: all) did not find any beans of type org.springframework.transaction.aspectj.AbstractTransactionAspect (OnBeanCondition)

   TransactionAutoConfiguration.EnableTransactionManagementConfiguration.JdkDynamicAutoProxyConfiguration:
      Did not match:
         - @ConditionalOnProperty (spring.aop.proxy-target-class=false) did not find property 'proxy-target-class' (OnPropertyCondition)

   UserDetailsServiceAutoConfiguration:
      Did not match:
         - @ConditionalOnClass did not find required class 'org.springframework.security.authentication.AuthenticationManager' (OnClassCondition)

   WebClientAutoConfiguration:
      Did not match:
         - @ConditionalOnClass did not find required class 'org.springframework.web.reactive.function.client.WebClient' (OnClassCondition)

   WebFluxAutoConfiguration:
      Did not match:
         - @ConditionalOnClass did not find required class 'org.springframework.web.reactive.config.WebFluxConfigurer' (OnClassCondition)

   WebMvcAutoConfiguration#hiddenHttpMethodFilter:
      Did not match:
         - @ConditionalOnProperty (spring.mvc.hiddenmethod.filter.enabled) did not find property 'enabled' (OnPropertyCondition)

   WebMvcAutoConfiguration.ResourceChainCustomizerConfiguration:
      Did not match:
         - @ConditionalOnEnabledResourceChain did not find class org.webjars.WebJarAssetLocator (OnEnabledResourceChainCondition)

   WebMvcAutoConfiguration.WebMvcAutoConfigurationAdapter#beanNameViewResolver:
      Did not match:
         - @ConditionalOnMissingBean (types: org.springframework.web.servlet.view.BeanNameViewResolver; SearchStrategy: all) found beans of type 'org.springframework.web.servlet.view.BeanNameViewResolver' beanNameViewResolver (OnBeanCondition)

   WebServiceTemplateAutoConfiguration:
      Did not match:
         - @ConditionalOnClass did not find required class 'org.springframework.oxm.Marshaller' (OnClassCondition)

   WebServicesAutoConfiguration:
      Did not match:
         - @ConditionalOnClass did not find required class 'org.springframework.ws.transport.http.MessageDispatcherServlet' (OnClassCondition)

   WebSessionIdResolverAutoConfiguration:
      Did not match:
         - @ConditionalOnClass did not find required class 'reactor.core.publisher.Mono' (OnClassCondition)

   WebSocketMessagingAutoConfiguration:
      Did not match:
         - @ConditionalOnClass did not find required class 'org.springframework.web.socket.config.annotation.WebSocketMessageBrokerConfigurer' (OnClassCondition)

   WebSocketReactiveAutoConfiguration:
      Did not match:
         - @ConditionalOnWebApplication did not find reactive web application classes (OnWebApplicationCondition)

   WebSocketServletAutoConfiguration.Jetty10WebSocketConfiguration:
      Did not match:
         - @ConditionalOnClass did not find required classes 'org.eclipse.jetty.websocket.javax.server.internal.JavaxWebSocketServerContainer', 'org.eclipse.jetty.websocket.server.JettyWebSocketServerContainer' (OnClassCondition)

   WebSocketServletAutoConfiguration.JettyWebSocketConfiguration:
      Did not match:
         - @ConditionalOnClass did not find required class 'org.eclipse.jetty.websocket.jsr356.server.deploy.WebSocketServerContainerInitializer' (OnClassCondition)

   WebSocketServletAutoConfiguration.UndertowWebSocketConfiguration:
      Did not match:
         - @ConditionalOnClass did not find required class 'io.undertow.websockets.jsr.Bootstrap' (OnClassCondition)

   XADataSourceAutoConfiguration:
      Did not match:
         - @ConditionalOnClass did not find required class 'javax.transaction.TransactionManager' (OnClassCondition)


Exclusions:
-----------

    None


Unconditional classes:
----------------------

    org.springframework.boot.autoconfigure.context.ConfigurationPropertiesAutoConfiguration

    org.springframework.boot.autoconfigure.context.LifecycleAutoConfiguration

    org.springframework.boot.autoconfigure.context.PropertyPlaceholderAutoConfiguration

    org.springframework.boot.autoconfigure.availability.ApplicationAvailabilityAutoConfiguration

    org.springframework.boot.autoconfigure.info.ProjectInfoAutoConfiguration



2026-07-31 16:38:43.933  INFO 21088 --- [           main] c.e.T.TigoStarSystemApplication          : Started TigoStarSystemApplication in 4.031 seconds (JVM running for 4.513)
2026-07-31 16:38:43.933 DEBUG 21088 --- [           main] o.s.b.a.ApplicationAvailabilityBean      : Application availability state LivenessState changed to CORRECT
2026-07-31 16:38:43.934  INFO 21088 --- [           main] c.e.T.config.StartupInfoLogger           : spring.profiles.active=[]
2026-07-31 16:38:43.934  INFO 21088 --- [           main] c.e.T.config.StartupInfoLogger           : spring.datasource.url=jdbc:jtds:sqlserver://tigo.makiro.com.bo/BDSistemaAntenapm
2026-07-31 16:38:43.934  INFO 21088 --- [           main] c.e.T.config.StartupInfoLogger           : spring.datasource.driver-class-name=net.sourceforge.jtds.jdbc.Driver
2026-07-31 16:38:43.934  INFO 21088 --- [           main] c.e.T.config.StartupInfoLogger           : app.central.datasource.url=jdbc:jtds:sqlserver://172.16.0.13/BDControlOrdenes
2026-07-31 16:38:43.934  INFO 21088 --- [           main] c.e.T.config.StartupInfoLogger           : app.central.datasource.driver-class-name=net.sourceforge.jtds.jdbc.Driver
2026-07-31 16:38:43.935  INFO 21088 --- [           main] c.e.T.config.StartupInfoLogger           : app.cuadrilla.mail.enabled=true
2026-07-31 16:38:43.935  INFO 21088 --- [           main] c.e.T.config.StartupInfoLogger           : app.cuadrilla.mail.to=cabrerajosue715@gmail.com
2026-07-31 16:38:43.935  INFO 21088 --- [           main] c.e.T.config.StartupInfoLogger           : app.cuadrilla.mail.from=sistemas_sc@makiro.com.bo
2026-07-31 16:38:43.935  INFO 21088 --- [           main] c.e.T.config.StartupInfoLogger           : spring.mail.host=vps-1537170-x.dattaweb.com
2026-07-31 16:38:43.935  INFO 21088 --- [           main] c.e.T.config.StartupInfoLogger           : spring.mail.port=587
2026-07-31 16:38:43.935  INFO 21088 --- [           main] c.e.T.config.StartupInfoLogger           : java.version=21.0.8
2026-07-31 16:38:43.935  INFO 21088 --- [           main] c.e.T.config.StartupInfoLogger           : java.home=C:\Program Files\Java\jdk-21
2026-07-31 16:38:43.935  INFO 21088 --- [           main] c.e.T.config.StartupInfoLogger           : java.security.properties=null
2026-07-31 16:38:43.935  INFO 21088 --- [           main] c.e.T.config.StartupInfoLogger           : jdk.tls.client.protocols=null
2026-07-31 16:38:43.935  INFO 21088 --- [           main] c.e.T.config.StartupInfoLogger           : https.protocols=null
2026-07-31 16:38:43.935  INFO 21088 --- [           main] c.e.T.config.StartupInfoLogger           : jdk.tls.disabledAlgorithms=SSLv3, TLSv1.1, DTLSv1.0, RC4, DES, MD5withRSA, DH keySize < 1024, EC keySize < 224, 3DES_EDE_CBC, anon, NULL, ECDH
2026-07-31 16:38:43.937 DEBUG 21088 --- [           main] o.s.b.a.ApplicationAvailabilityBean      : Application availability state ReadinessState changed to ACCEPTING_TRAFFIC
2026-07-31 16:38:58.578  INFO 21088 --- [nio-9060-exec-1] o.a.c.c.C.[Tomcat].[localhost].[/]       : Initializing Spring DispatcherServlet 'dispatcherServlet'
2026-07-31 16:38:58.578  INFO 21088 --- [nio-9060-exec-1] o.s.web.servlet.DispatcherServlet        : Initializing Servlet 'dispatcherServlet'
2026-07-31 16:38:58.578 DEBUG 21088 --- [nio-9060-exec-1] o.s.web.servlet.DispatcherServlet        : Detected StandardServletMultipartResolver
2026-07-31 16:38:58.578 DEBUG 21088 --- [nio-9060-exec-1] o.s.web.servlet.DispatcherServlet        : Detected AcceptHeaderLocaleResolver
2026-07-31 16:38:58.578 DEBUG 21088 --- [nio-9060-exec-1] o.s.web.servlet.DispatcherServlet        : Detected FixedThemeResolver
2026-07-31 16:38:58.579 DEBUG 21088 --- [nio-9060-exec-1] o.s.web.servlet.DispatcherServlet        : Detected org.springframework.web.servlet.view.DefaultRequestToViewNameTranslator@db6b38e
2026-07-31 16:38:58.579 DEBUG 21088 --- [nio-9060-exec-1] o.s.web.servlet.DispatcherServlet        : Detected org.springframework.web.servlet.support.SessionFlashMapManager@48bc8a95
2026-07-31 16:38:58.579 DEBUG 21088 --- [nio-9060-exec-1] o.s.web.servlet.DispatcherServlet        : enableLoggingRequestDetails='false': request parameters and headers will be masked to prevent unsafe logging of potentially sensitive data
2026-07-31 16:38:58.579  INFO 21088 --- [nio-9060-exec-1] o.s.web.servlet.DispatcherServlet        : Completed initialization in 1 ms
2026-07-31 16:38:58.592 DEBUG 21088 --- [nio-9060-exec-1] o.s.web.servlet.DispatcherServlet        : DELETE "/supervisor/conformacion-cuadrilla/0", parameters={}
2026-07-31 16:38:58.592 DEBUG 21088 --- [nio-9060-exec-5] o.s.web.servlet.DispatcherServlet        : POST "/supervisor/conformacion-cuadrilla/0/eliminar", parameters={}
2026-07-31 16:38:58.599 DEBUG 21088 --- [nio-9060-exec-1] s.w.s.m.m.a.RequestMappingHandlerMapping : Mapped to com.example.TigoStarSystem.supervisor.controller.ConformacionCuadrillaController#eliminarConfirmada(Long)
2026-07-31 16:38:58.599 DEBUG 21088 --- [nio-9060-exec-5] s.w.s.m.m.a.RequestMappingHandlerMapping : Mapped to com.example.TigoStarSystem.supervisor.controller.ConformacionCuadrillaController#eliminarConfirmadaPost(Long)
2026-07-31 16:38:58.656 DEBUG 21088 --- [nio-9060-exec-1] .m.m.a.ExceptionHandlerExceptionResolver : Using @ExceptionHandler com.example.TigoStarSystem.common.GlobalExceptionHandler#handleApiException(ApiException, HttpServletRequest)
2026-07-31 16:38:58.656 DEBUG 21088 --- [nio-9060-exec-5] .m.m.a.ExceptionHandlerExceptionResolver : Using @ExceptionHandler com.example.TigoStarSystem.common.GlobalExceptionHandler#handleApiException(ApiException, HttpServletRequest)
2026-07-31 16:38:58.705 DEBUG 21088 --- [nio-9060-exec-5] o.s.w.s.m.m.a.HttpEntityMethodProcessor  : Using 'application/json', given [*/*] and supported [application/json, application/*+json, application/json, application/*+json]
2026-07-31 16:38:58.705 DEBUG 21088 --- [nio-9060-exec-1] o.s.w.s.m.m.a.HttpEntityMethodProcessor  : Using 'application/json', given [*/*] and supported [application/json, application/*+json, application/json, application/*+json]
2026-07-31 16:38:58.705 DEBUG 21088 --- [nio-9060-exec-1] o.s.w.s.m.m.a.HttpEntityMethodProcessor  : Writing [com.example.TigoStarSystem.common.ApiError@1f76ef18]
2026-07-31 16:38:58.705 DEBUG 21088 --- [nio-9060-exec-5] o.s.w.s.m.m.a.HttpEntityMethodProcessor  : Writing [com.example.TigoStarSystem.common.ApiError@6c880afe]
2026-07-31 16:38:58.721 DEBUG 21088 --- [nio-9060-exec-1] .m.m.a.ExceptionHandlerExceptionResolver : Resolved [com.example.TigoStarSystem.common.ApiException: id es requerido.]
2026-07-31 16:38:58.721 DEBUG 21088 --- [nio-9060-exec-5] .m.m.a.ExceptionHandlerExceptionResolver : Resolved [com.example.TigoStarSystem.common.ApiException: id es requerido.]
2026-07-31 16:38:58.721 DEBUG 21088 --- [nio-9060-exec-1] o.s.web.servlet.DispatcherServlet        : Completed 400 BAD_REQUEST
2026-07-31 16:38:58.721 DEBUG 21088 --- [nio-9060-exec-5] o.s.web.servlet.DispatcherServlet        : Completed 400 BAD_REQUEST
2026-07-31 16:39:13.150 DEBUG 21088 --- [ool housekeeper] com.zaxxer.hikari.pool.HikariPool        : CentralHikariPool - Before cleanup stats (total=0, active=0, idle=0, waiting=0)
2026-07-31 16:39:13.150 DEBUG 21088 --- [ool housekeeper] com.zaxxer.hikari.pool.HikariPool        : CentralHikariPool - After cleanup  stats (total=0, active=0, idle=0, waiting=0)
2026-07-31 16:39:13.150 DEBUG 21088 --- [ool housekeeper] com.zaxxer.hikari.pool.HikariPool        : CentralHikariPool - Fill pool skipped, pool is at sufficient level.
2026-07-31 16:39:13.210 DEBUG 21088 --- [ool housekeeper] com.zaxxer.hikari.pool.HikariPool        : TigoHogarHikariPool - Before cleanup stats (total=0, active=0, idle=0, waiting=0)
2026-07-31 16:39:13.210 DEBUG 21088 --- [ool housekeeper] com.zaxxer.hikari.pool.HikariPool        : TigoHogarHikariPool - After cleanup  stats (total=0, active=0, idle=0, waiting=0)
2026-07-31 16:39:13.210 DEBUG 21088 --- [ool housekeeper] com.zaxxer.hikari.pool.HikariPool        : TigoHogarHikariPool - Fill pool skipped, pool is at sufficient level.
2026-07-31 16:39:35.393 DEBUG 21088 --- [nio-9060-exec-9] o.s.web.servlet.DispatcherServlet        : GET "/auth/me", parameters={}
2026-07-31 16:39:35.393 DEBUG 21088 --- [nio-9060-exec-4] o.s.web.servlet.DispatcherServlet        : GET "/auth/me", parameters={}
2026-07-31 16:39:35.395 DEBUG 21088 --- [nio-9060-exec-9] s.w.s.m.m.a.RequestMappingHandlerMapping : Mapped to com.example.TigoStarSystem.auth.controller.AuthController#me(String)
2026-07-31 16:39:35.395 DEBUG 21088 --- [nio-9060-exec-4] s.w.s.m.m.a.RequestMappingHandlerMapping : Mapped to com.example.TigoStarSystem.auth.controller.AuthController#me(String)
2026-07-31 16:39:35.523 DEBUG 21088 --- [nio-9060-exec-9] o.s.w.s.m.m.a.HttpEntityMethodProcessor  : Using 'application/json', given [application/json, text/plain, */*] and supported [application/json, application/*+json, application/json, application/*+json]
2026-07-31 16:39:35.523 DEBUG 21088 --- [nio-9060-exec-4] o.s.w.s.m.m.a.HttpEntityMethodProcessor  : Using 'application/json', given [application/json, text/plain, */*] and supported [application/json, application/*+json, application/json, application/*+json]
2026-07-31 16:39:35.523 DEBUG 21088 --- [nio-9060-exec-4] o.s.w.s.m.m.a.HttpEntityMethodProcessor  : Writing [com.example.TigoStarSystem.common.ApiResponse@41f24bab]
2026-07-31 16:39:35.523 DEBUG 21088 --- [nio-9060-exec-9] o.s.w.s.m.m.a.HttpEntityMethodProcessor  : Writing [com.example.TigoStarSystem.common.ApiResponse@57536d38]
2026-07-31 16:39:35.533 DEBUG 21088 --- [nio-9060-exec-4] o.s.web.servlet.DispatcherServlet        : Completed 200 OK
2026-07-31 16:39:35.533 DEBUG 21088 --- [nio-9060-exec-9] o.s.web.servlet.DispatcherServlet        : Completed 200 OK
2026-07-31 16:39:35.545 DEBUG 21088 --- [nio-9060-exec-6] o.s.web.servlet.DispatcherServlet        : GET "/auth/permisos", parameters={}
2026-07-31 16:39:35.545 DEBUG 21088 --- [nio-9060-exec-2] o.s.web.servlet.DispatcherServlet        : GET "/auth/permisos", parameters={}
2026-07-31 16:39:35.546 DEBUG 21088 --- [nio-9060-exec-2] s.w.s.m.m.a.RequestMappingHandlerMapping : Mapped to com.example.TigoStarSystem.auth.controller.AuthPermisosController#permisos(String)
2026-07-31 16:39:35.546 DEBUG 21088 --- [nio-9060-exec-6] s.w.s.m.m.a.RequestMappingHandlerMapping : Mapped to com.example.TigoStarSystem.auth.controller.AuthPermisosController#permisos(String)
2026-07-31 16:39:35.553 DEBUG 21088 --- [nio-9060-exec-6] o.s.jdbc.core.JdbcTemplate               : Executing prepared SQL query
2026-07-31 16:39:35.553 DEBUG 21088 --- [nio-9060-exec-2] o.s.jdbc.core.JdbcTemplate               : Executing prepared SQL query
2026-07-31 16:39:35.554 DEBUG 21088 --- [nio-9060-exec-2] o.s.jdbc.core.JdbcTemplate               : Executing prepared SQL statement [SELECT TOP 1 CAST(ut.id AS INT) AS id_usuario_tecnico FROM dbo.tbl_UsuarioTecnico ut WHERE (ut.id_usuario = ? OR ut.idusuario = ?)   AND ISNULL(ut.e_eliminado, 0) = 0]
2026-07-31 16:39:35.554 DEBUG 21088 --- [nio-9060-exec-6] o.s.jdbc.core.JdbcTemplate               : Executing prepared SQL statement [SELECT TOP 1 CAST(ut.id AS INT) AS id_usuario_tecnico FROM dbo.tbl_UsuarioTecnico ut WHERE (ut.id_usuario = ? OR ut.idusuario = ?)   AND ISNULL(ut.e_eliminado, 0) = 0]
2026-07-31 16:39:35.559 DEBUG 21088 --- [nio-9060-exec-2] o.s.jdbc.datasource.DataSourceUtils      : Fetching JDBC Connection from DataSource
2026-07-31 16:39:35.559 DEBUG 21088 --- [nio-9060-exec-6] o.s.jdbc.datasource.DataSourceUtils      : Fetching JDBC Connection from DataSource
2026-07-31 16:39:35.688  INFO 21088 --- [onnection adder] com.zaxxer.hikari.pool.PoolBase          : TigoHogarHikariPool - Driver does not support get/set network timeout for connections. (null)
2026-07-31 16:39:35.732 DEBUG 21088 --- [onnection adder] com.zaxxer.hikari.pool.HikariPool        : TigoHogarHikariPool - Added connection net.sourceforge.jtds.jdbc.JtdsConnection@ff58ca1
2026-07-31 16:39:36.014 DEBUG 21088 --- [nio-9060-exec-2] o.s.jdbc.datasource.DataSourceUtils      : Fetching JDBC Connection from DataSource
2026-07-31 16:39:36.098 DEBUG 21088 --- [onnection adder] com.zaxxer.hikari.pool.HikariPool        : TigoHogarHikariPool - Added connection net.sourceforge.jtds.jdbc.JtdsConnection@134736b
2026-07-31 16:39:36.103 DEBUG 21088 --- [nio-9060-exec-2] o.s.jdbc.core.JdbcTemplate               : Executing prepared SQL query
2026-07-31 16:39:36.103 DEBUG 21088 --- [nio-9060-exec-6] o.s.jdbc.core.JdbcTemplate               : Executing prepared SQL query
2026-07-31 16:39:36.103 DEBUG 21088 --- [nio-9060-exec-2] o.s.jdbc.core.JdbcTemplate               : Executing prepared SQL statement [SELECT TOP 1 CAST(ut.Id AS INT) AS id_usuario_tecnico FROM dbo.tbl_UsuarioTecnico ut WHERE (ut.Id_Usuario = ? OR ut.IdUsuario = ?)   AND ISNULL(ut.E_Eliminado, 0) = 0]
2026-07-31 16:39:36.103 DEBUG 21088 --- [nio-9060-exec-6] o.s.jdbc.core.JdbcTemplate               : Executing prepared SQL statement [SELECT TOP 1 CAST(ut.Id AS INT) AS id_usuario_tecnico FROM dbo.tbl_UsuarioTecnico ut WHERE (ut.Id_Usuario = ? OR ut.IdUsuario = ?)   AND ISNULL(ut.E_Eliminado, 0) = 0]
2026-07-31 16:39:36.103 DEBUG 21088 --- [nio-9060-exec-2] o.s.jdbc.datasource.DataSourceUtils      : Fetching JDBC Connection from DataSource
2026-07-31 16:39:36.103 DEBUG 21088 --- [nio-9060-exec-6] o.s.jdbc.datasource.DataSourceUtils      : Fetching JDBC Connection from DataSource
2026-07-31 16:39:36.192 DEBUG 21088 --- [nio-9060-exec-6] o.s.jdbc.core.JdbcTemplate               : Executing prepared SQL query
2026-07-31 16:39:36.192 DEBUG 21088 --- [nio-9060-exec-6] o.s.jdbc.core.JdbcTemplate               : Executing prepared SQL statement [SELECT TOP 1 CAST(ut.id AS INT) AS id_usuario_tecnico FROM dbo.tbl_usuariotecnico ut WHERE (ut.id_usuario = ? OR ut.idusuario = ?)   AND ISNULL(ut.e_eliminado, 0) = 0]
2026-07-31 16:39:36.192 DEBUG 21088 --- [nio-9060-exec-6] o.s.jdbc.datasource.DataSourceUtils      : Fetching JDBC Connection from DataSource
2026-07-31 16:39:36.231 DEBUG 21088 --- [nio-9060-exec-2] o.s.jdbc.core.JdbcTemplate               : Executing prepared SQL query
2026-07-31 16:39:36.232 DEBUG 21088 --- [nio-9060-exec-2] o.s.jdbc.core.JdbcTemplate               : Executing prepared SQL statement [SELECT TOP 1 CAST(ut.id AS INT) AS id_usuario_tecnico FROM dbo.tbl_usuariotecnico ut WHERE (ut.id_usuario = ? OR ut.idusuario = ?)   AND ISNULL(ut.e_eliminado, 0) = 0]
2026-07-31 16:39:36.232 DEBUG 21088 --- [nio-9060-exec-2] o.s.jdbc.datasource.DataSourceUtils      : Fetching JDBC Connection from DataSource
2026-07-31 16:39:36.261 DEBUG 21088 --- [nio-9060-exec-6] o.s.jdbc.core.JdbcTemplate               : Executing prepared SQL query
2026-07-31 16:39:36.262 DEBUG 21088 --- [nio-9060-exec-6] o.s.jdbc.core.JdbcTemplate               : Executing prepared SQL statement [SELECT TOP 1 CAST(ut.id AS INT) AS id_usuario_tecnico FROM dbo.tbl_usuaritecnico ut WHERE (ut.id_usuario = ? OR ut.idusuario = ?)   AND ISNULL(ut.e_eliminado, 0) = 0]
2026-07-31 16:39:36.262 DEBUG 21088 --- [nio-9060-exec-6] o.s.jdbc.datasource.DataSourceUtils      : Fetching JDBC Connection from DataSource
2026-07-31 16:39:36.299 DEBUG 21088 --- [nio-9060-exec-2] o.s.jdbc.core.JdbcTemplate               : Executing prepared SQL query
2026-07-31 16:39:36.300 DEBUG 21088 --- [nio-9060-exec-2] o.s.jdbc.core.JdbcTemplate               : Executing prepared SQL statement [SELECT TOP 1 CAST(ut.id AS INT) AS id_usuario_tecnico FROM dbo.tbl_usuaritecnico ut WHERE (ut.id_usuario = ? OR ut.idusuario = ?)   AND ISNULL(ut.e_eliminado, 0) = 0]
2026-07-31 16:39:36.300 DEBUG 21088 --- [nio-9060-exec-2] o.s.jdbc.datasource.DataSourceUtils      : Fetching JDBC Connection from DataSource
2026-07-31 16:39:36.362 DEBUG 21088 --- [nio-9060-exec-6] o.s.jdbc.core.JdbcTemplate               : Executing prepared SQL query
2026-07-31 16:39:36.363 DEBUG 21088 --- [nio-9060-exec-6] o.s.jdbc.core.JdbcTemplate               : Executing prepared SQL statement [SELECT TOP 1 CAST(ut.id_vendedor AS INT) AS id_vendedor FROM dbo.tbl_UsuarioTecnico ut WHERE (ut.id_usuario = ? OR ut.idusuario = ? OR ut.id = ?)   AND ISNULL(ut.e_eliminado, 0) = 0 AND ut.id_vendedor IS NOT NULL]
2026-07-31 16:39:36.363 DEBUG 21088 --- [nio-9060-exec-6] o.s.jdbc.datasource.DataSourceUtils      : Fetching JDBC Connection from DataSource
2026-07-31 16:39:36.452 DEBUG 21088 --- [nio-9060-exec-2] o.s.jdbc.core.JdbcTemplate               : Executing prepared SQL query
2026-07-31 16:39:36.452 DEBUG 21088 --- [nio-9060-exec-2] o.s.jdbc.core.JdbcTemplate               : Executing prepared SQL statement [SELECT TOP 1 CAST(ut.id_vendedor AS INT) AS id_vendedor FROM dbo.tbl_UsuarioTecnico ut WHERE (ut.id_usuario = ? OR ut.idusuario = ? OR ut.id = ?)   AND ISNULL(ut.e_eliminado, 0) = 0 AND ut.id_vendedor IS NOT NULL]
2026-07-31 16:39:36.452 DEBUG 21088 --- [nio-9060-exec-2] o.s.jdbc.datasource.DataSourceUtils      : Fetching JDBC Connection from DataSource
2026-07-31 16:39:36.571 DEBUG 21088 --- [nio-9060-exec-6] o.s.jdbc.core.JdbcTemplate               : Executing prepared SQL query
2026-07-31 16:39:36.571 DEBUG 21088 --- [nio-9060-exec-6] o.s.jdbc.core.JdbcTemplate               : Executing prepared SQL statement [SELECT TOP 1 CAST(ut.Id_Vendedor AS INT) AS id_vendedor FROM dbo.tbl_UsuarioTecnico ut WHERE (ut.Id_Usuario = ? OR ut.IdUsuario = ? OR ut.Id = ?)   AND ISNULL(ut.E_Eliminado, 0) = 0 AND ut.Id_Vendedor IS NOT NULL]
2026-07-31 16:39:36.571 DEBUG 21088 --- [nio-9060-exec-6] o.s.jdbc.datasource.DataSourceUtils      : Fetching JDBC Connection from DataSource
2026-07-31 16:39:36.601 DEBUG 21088 --- [nio-9060-exec-2] o.s.jdbc.core.JdbcTemplate               : Executing prepared SQL query
2026-07-31 16:39:36.601 DEBUG 21088 --- [nio-9060-exec-2] o.s.jdbc.core.JdbcTemplate               : Executing prepared SQL statement [SELECT TOP 1 CAST(ut.Id_Vendedor AS INT) AS id_vendedor FROM dbo.tbl_UsuarioTecnico ut WHERE (ut.Id_Usuario = ? OR ut.IdUsuario = ? OR ut.Id = ?)   AND ISNULL(ut.E_Eliminado, 0) = 0 AND ut.Id_Vendedor IS NOT NULL]
2026-07-31 16:39:36.601 DEBUG 21088 --- [nio-9060-exec-2] o.s.jdbc.datasource.DataSourceUtils      : Fetching JDBC Connection from DataSource
2026-07-31 16:39:36.655 DEBUG 21088 --- [nio-9060-exec-6] o.s.jdbc.core.JdbcTemplate               : Executing prepared SQL query
2026-07-31 16:39:36.655 DEBUG 21088 --- [nio-9060-exec-6] o.s.jdbc.core.JdbcTemplate               : Executing prepared SQL statement [SELECT TOP 1 CAST(ut.idvendedor AS INT) AS id_vendedor FROM dbo.tbl_usuariotecnico ut WHERE (ut.id_usuario = ? OR ut.idusuario = ? OR ut.id = ?)   AND ISNULL(ut.e_eliminado, 0) = 0 AND ut.idvendedor IS NOT NULL]
2026-07-31 16:39:36.655 DEBUG 21088 --- [nio-9060-exec-6] o.s.jdbc.datasource.DataSourceUtils      : Fetching JDBC Connection from DataSource
2026-07-31 16:39:36.772 DEBUG 21088 --- [nio-9060-exec-6] o.s.jdbc.core.JdbcTemplate               : Executing prepared SQL query
2026-07-31 16:39:36.773 DEBUG 21088 --- [nio-9060-exec-6] o.s.jdbc.core.JdbcTemplate               : Executing prepared SQL statement [SELECT TOP 1 g.id_grupo, ISNULL(g.supervisor_ausente, 0) AS supervisor_ausente, gb.id_grupo_backup, gb.id_usuario_tecnico_temporal, ISNULL(gb.e_activo, 0) AS backup_activo, gb.fecha_inicio, gs.id_usuario AS id_usuario_supervisor FROM dbo.tbl_Grupo g LEFT JOIN dbo.tbl_GrupoSup gs ON gs.id_grupo = g.id_grupo LEFT JOIN dbo.tbl_GrupoBackup gb        ON gb.id_grupo = g.id_grupo       AND ISNULL(gb.e_activo, 0) = 1 WHERE ISNULL(g.e_eliminado, 0) = 0   AND (gs.id_usuario = ? OR gb.id_usuario_tecnico_temporal = ? OR gb.id_usuario_tecnico_temporal = ? OR gb.id_usuario_tecnico_temporal = ?) ORDER BY CASE WHEN gb.id_usuario_tecnico_temporal = ? THEN 0               WHEN gb.id_usuario_tecnico_temporal = ? THEN 1               WHEN gb.id_usuario_tecnico_temporal = ? THEN 2 ELSE 3 END,          gb.id_grupo_backup DESC, g.id_grupo DESC]
2026-07-31 16:39:36.773 DEBUG 21088 --- [nio-9060-exec-6] o.s.jdbc.datasource.DataSourceUtils      : Fetching JDBC Connection from DataSource
2026-07-31 16:39:37.008 DEBUG 21088 --- [nio-9060-exec-2] o.s.jdbc.core.JdbcTemplate               : Executing prepared SQL query
2026-07-31 16:39:37.009 DEBUG 21088 --- [nio-9060-exec-6] o.s.jdbc.core.JdbcTemplate               : Executing prepared SQL query
2026-07-31 16:39:37.009 DEBUG 21088 --- [nio-9060-exec-2] o.s.jdbc.core.JdbcTemplate               : Executing prepared SQL statement [SELECT TOP 1 CAST(ut.idvendedor AS INT) AS id_vendedor FROM dbo.tbl_usuariotecnico ut WHERE (ut.id_usuario = ? OR ut.idusuario = ? OR ut.id = ?)   AND ISNULL(ut.e_eliminado, 0) = 0 AND ut.idvendedor IS NOT NULL]
2026-07-31 16:39:37.009 DEBUG 21088 --- [nio-9060-exec-6] o.s.jdbc.core.JdbcTemplate               : Executing prepared SQL statement [SELECT TOP 1 CAST(ut.id AS INT) AS id_usuario_tecnico FROM dbo.tbl_UsuarioTecnico ut WHERE (ut.id_usuario = ? OR ut.idusuario = ?)   AND ISNULL(ut.e_eliminado, 0) = 0]
2026-07-31 16:39:37.009 DEBUG 21088 --- [nio-9060-exec-2] o.s.jdbc.datasource.DataSourceUtils      : Fetching JDBC Connection from DataSource
2026-07-31 16:39:37.009 DEBUG 21088 --- [nio-9060-exec-6] o.s.jdbc.datasource.DataSourceUtils      : Fetching JDBC Connection from DataSource
2026-07-31 16:39:37.009 DEBUG 21088 --- [nio-9060-exec-6] com.zaxxer.hikari.HikariConfig           : HikariPool-1 - configuration:
2026-07-31 16:39:37.010 DEBUG 21088 --- [nio-9060-exec-6] com.zaxxer.hikari.HikariConfig           : allowPoolSuspension................................false
2026-07-31 16:39:37.010 DEBUG 21088 --- [nio-9060-exec-6] com.zaxxer.hikari.HikariConfig           : autoCommit................................true
2026-07-31 16:39:37.010 DEBUG 21088 --- [nio-9060-exec-6] com.zaxxer.hikari.HikariConfig           : catalog................................none
2026-07-31 16:39:37.010 DEBUG 21088 --- [nio-9060-exec-6] com.zaxxer.hikari.HikariConfig           : connectionInitSql................................none
2026-07-31 16:39:37.010 DEBUG 21088 --- [nio-9060-exec-6] com.zaxxer.hikari.HikariConfig           : connectionTestQuery................................"SELECT 1"
2026-07-31 16:39:37.011 DEBUG 21088 --- [nio-9060-exec-6] com.zaxxer.hikari.HikariConfig           : connectionTimeout................................60000
2026-07-31 16:39:37.011 DEBUG 21088 --- [nio-9060-exec-6] com.zaxxer.hikari.HikariConfig           : dataSource................................none
2026-07-31 16:39:37.011 DEBUG 21088 --- [nio-9060-exec-6] com.zaxxer.hikari.HikariConfig           : dataSourceClassName................................none
2026-07-31 16:39:37.011 DEBUG 21088 --- [nio-9060-exec-6] com.zaxxer.hikari.HikariConfig           : dataSourceJNDI................................none
2026-07-31 16:39:37.011 DEBUG 21088 --- [nio-9060-exec-6] com.zaxxer.hikari.HikariConfig           : dataSourceProperties................................{password=<masked>}
2026-07-31 16:39:37.011 DEBUG 21088 --- [nio-9060-exec-6] com.zaxxer.hikari.HikariConfig           : driverClassName................................"net.sourceforge.jtds.jdbc.Driver"
2026-07-31 16:39:37.011 DEBUG 21088 --- [nio-9060-exec-6] com.zaxxer.hikari.HikariConfig           : exceptionOverrideClassName................................none
2026-07-31 16:39:37.011 DEBUG 21088 --- [nio-9060-exec-6] com.zaxxer.hikari.HikariConfig           : healthCheckProperties................................{}
2026-07-31 16:39:37.011 DEBUG 21088 --- [nio-9060-exec-6] com.zaxxer.hikari.HikariConfig           : healthCheckRegistry................................none
2026-07-31 16:39:37.011 DEBUG 21088 --- [nio-9060-exec-6] com.zaxxer.hikari.HikariConfig           : idleTimeout................................300000
2026-07-31 16:39:37.011 DEBUG 21088 --- [nio-9060-exec-6] com.zaxxer.hikari.HikariConfig           : initializationFailTimeout................................-1
2026-07-31 16:39:37.011 DEBUG 21088 --- [nio-9060-exec-6] com.zaxxer.hikari.HikariConfig           : isolateInternalQueries................................false
2026-07-31 16:39:37.011 DEBUG 21088 --- [nio-9060-exec-6] com.zaxxer.hikari.HikariConfig           : jdbcUrl................................jdbc:jtds:sqlserver://tigo.makiro.com.bo/BDSistemaAntenapm
2026-07-31 16:39:37.011 DEBUG 21088 --- [nio-9060-exec-6] com.zaxxer.hikari.HikariConfig           : keepaliveTime................................120000
2026-07-31 16:39:37.011 DEBUG 21088 --- [nio-9060-exec-6] com.zaxxer.hikari.HikariConfig           : leakDetectionThreshold................................0
2026-07-31 16:39:37.011 DEBUG 21088 --- [nio-9060-exec-6] com.zaxxer.hikari.HikariConfig           : maxLifetime................................900000
2026-07-31 16:39:37.011 DEBUG 21088 --- [nio-9060-exec-6] com.zaxxer.hikari.HikariConfig           : maximumPoolSize................................10
2026-07-31 16:39:37.011 DEBUG 21088 --- [nio-9060-exec-6] com.zaxxer.hikari.HikariConfig           : metricRegistry................................none
2026-07-31 16:39:37.011 DEBUG 21088 --- [nio-9060-exec-6] com.zaxxer.hikari.HikariConfig           : metricsTrackerFactory................................none
2026-07-31 16:39:37.011 DEBUG 21088 --- [nio-9060-exec-6] com.zaxxer.hikari.HikariConfig           : minimumIdle................................0
2026-07-31 16:39:37.012 DEBUG 21088 --- [nio-9060-exec-6] com.zaxxer.hikari.HikariConfig           : password................................<masked>
2026-07-31 16:39:37.012 DEBUG 21088 --- [nio-9060-exec-6] com.zaxxer.hikari.HikariConfig           : poolName................................"HikariPool-1"
2026-07-31 16:39:37.012 DEBUG 21088 --- [nio-9060-exec-6] com.zaxxer.hikari.HikariConfig           : readOnly................................false
2026-07-31 16:39:37.013 DEBUG 21088 --- [nio-9060-exec-6] com.zaxxer.hikari.HikariConfig           : registerMbeans................................false
2026-07-31 16:39:37.013 DEBUG 21088 --- [nio-9060-exec-6] com.zaxxer.hikari.HikariConfig           : scheduledExecutor................................none
2026-07-31 16:39:37.014 DEBUG 21088 --- [nio-9060-exec-6] com.zaxxer.hikari.HikariConfig           : schema................................none
2026-07-31 16:39:37.014 DEBUG 21088 --- [nio-9060-exec-6] com.zaxxer.hikari.HikariConfig           : threadFactory................................internal
2026-07-31 16:39:37.014 DEBUG 21088 --- [nio-9060-exec-6] com.zaxxer.hikari.HikariConfig           : transactionIsolation................................default
2026-07-31 16:39:37.014 DEBUG 21088 --- [nio-9060-exec-6] com.zaxxer.hikari.HikariConfig           : username................................"sistemas"
2026-07-31 16:39:37.014 DEBUG 21088 --- [nio-9060-exec-6] com.zaxxer.hikari.HikariConfig           : validationTimeout................................5000
2026-07-31 16:39:37.014  INFO 21088 --- [nio-9060-exec-6] com.zaxxer.hikari.HikariDataSource       : HikariPool-1 - Starting...
2026-07-31 16:39:37.015  INFO 21088 --- [nio-9060-exec-6] com.zaxxer.hikari.HikariDataSource       : HikariPool-1 - Start completed.
2026-07-31 16:39:37.125 DEBUG 21088 --- [l-1 housekeeper] com.zaxxer.hikari.pool.HikariPool        : HikariPool-1 - Before cleanup stats (total=0, active=0, idle=0, waiting=1)
2026-07-31 16:39:37.125 DEBUG 21088 --- [l-1 housekeeper] com.zaxxer.hikari.pool.HikariPool        : HikariPool-1 - After cleanup  stats (total=0, active=0, idle=0, waiting=1)
2026-07-31 16:39:37.125 DEBUG 21088 --- [l-1 housekeeper] com.zaxxer.hikari.pool.HikariPool        : HikariPool-1 - Fill pool skipped, pool is at sufficient level.
2026-07-31 16:39:37.138 DEBUG 21088 --- [nio-9060-exec-2] o.s.jdbc.core.JdbcTemplate               : Executing prepared SQL query
2026-07-31 16:39:37.139 DEBUG 21088 --- [nio-9060-exec-2] o.s.jdbc.core.JdbcTemplate               : Executing prepared SQL statement [SELECT TOP 1 g.id_grupo, ISNULL(g.supervisor_ausente, 0) AS supervisor_ausente, gb.id_grupo_backup, gb.id_usuario_tecnico_temporal, ISNULL(gb.e_activo, 0) AS backup_activo, gb.fecha_inicio, gs.id_usuario AS id_usuario_supervisor FROM dbo.tbl_Grupo g LEFT JOIN dbo.tbl_GrupoSup gs ON gs.id_grupo = g.id_grupo LEFT JOIN dbo.tbl_GrupoBackup gb        ON gb.id_grupo = g.id_grupo       AND ISNULL(gb.e_activo, 0) = 1 WHERE ISNULL(g.e_eliminado, 0) = 0   AND (gs.id_usuario = ? OR gb.id_usuario_tecnico_temporal = ? OR gb.id_usuario_tecnico_temporal = ? OR gb.id_usuario_tecnico_temporal = ?) ORDER BY CASE WHEN gb.id_usuario_tecnico_temporal = ? THEN 0               WHEN gb.id_usuario_tecnico_temporal = ? THEN 1               WHEN gb.id_usuario_tecnico_temporal = ? THEN 2 ELSE 3 END,          gb.id_grupo_backup DESC, g.id_grupo DESC]
2026-07-31 16:39:37.139 DEBUG 21088 --- [nio-9060-exec-2] o.s.jdbc.datasource.DataSourceUtils      : Fetching JDBC Connection from DataSource
2026-07-31 16:39:37.183  INFO 21088 --- [onnection adder] com.zaxxer.hikari.pool.PoolBase          : HikariPool-1 - Driver does not support get/set network timeout for connections. (null)
2026-07-31 16:39:37.330 DEBUG 21088 --- [onnection adder] com.zaxxer.hikari.pool.HikariPool        : HikariPool-1 - Added connection net.sourceforge.jtds.jdbc.JtdsConnection@32b73ba4
2026-07-31 16:39:37.335 DEBUG 21088 --- [nio-9060-exec-2] o.s.jdbc.core.JdbcTemplate               : Executing prepared SQL query
2026-07-31 16:39:37.335 DEBUG 21088 --- [nio-9060-exec-2] o.s.jdbc.core.JdbcTemplate               : Executing prepared SQL statement [SELECT TOP 1 CAST(ut.id AS INT) AS id_usuario_tecnico FROM dbo.tbl_UsuarioTecnico ut WHERE (ut.id_usuario = ? OR ut.idusuario = ?)   AND ISNULL(ut.e_eliminado, 0) = 0]
2026-07-31 16:39:37.335 DEBUG 21088 --- [nio-9060-exec-2] o.s.jdbc.datasource.DataSourceUtils      : Fetching JDBC Connection from DataSource
2026-07-31 16:39:37.431 DEBUG 21088 --- [nio-9060-exec-6] o.s.jdbc.datasource.DataSourceUtils      : Fetching JDBC Connection from DataSource
2026-07-31 16:39:37.470 DEBUG 21088 --- [nio-9060-exec-6] o.s.jdbc.core.JdbcTemplate               : Executing prepared SQL query
2026-07-31 16:39:37.470 DEBUG 21088 --- [nio-9060-exec-2] o.s.jdbc.core.JdbcTemplate               : Executing prepared SQL query
2026-07-31 16:39:37.471 DEBUG 21088 --- [nio-9060-exec-6] o.s.jdbc.core.JdbcTemplate               : Executing prepared SQL statement [SELECT TOP 1 CAST(ut.Id AS INT) AS id_usuario_tecnico FROM dbo.tbl_UsuarioTecnico ut WHERE (ut.Id_Usuario = ? OR ut.IdUsuario = ?)   AND ISNULL(ut.E_Eliminado, 0) = 0]
2026-07-31 16:39:37.471 DEBUG 21088 --- [nio-9060-exec-6] o.s.jdbc.datasource.DataSourceUtils      : Fetching JDBC Connection from DataSource
2026-07-31 16:39:37.471 DEBUG 21088 --- [nio-9060-exec-2] o.s.jdbc.core.JdbcTemplate               : Executing prepared SQL statement [SELECT TOP 1 CAST(ut.Id AS INT) AS id_usuario_tecnico FROM dbo.tbl_UsuarioTecnico ut WHERE (ut.Id_Usuario = ? OR ut.IdUsuario = ?)   AND ISNULL(ut.E_Eliminado, 0) = 0]
2026-07-31 16:39:37.471 DEBUG 21088 --- [nio-9060-exec-2] o.s.jdbc.datasource.DataSourceUtils      : Fetching JDBC Connection from DataSource
2026-07-31 16:39:37.483 DEBUG 21088 --- [onnection adder] com.zaxxer.hikari.pool.HikariPool        : HikariPool-1 - Added connection net.sourceforge.jtds.jdbc.JtdsConnection@3c70c382
2026-07-31 16:39:37.530 DEBUG 21088 --- [nio-9060-exec-2] o.s.jdbc.core.JdbcTemplate               : Executing prepared SQL query
2026-07-31 16:39:37.530 DEBUG 21088 --- [nio-9060-exec-6] o.s.jdbc.core.JdbcTemplate               : Executing prepared SQL query
2026-07-31 16:39:37.531 DEBUG 21088 --- [nio-9060-exec-2] o.s.jdbc.core.JdbcTemplate               : Executing prepared SQL statement [SELECT TOP 1 CAST(ut.id AS INT) AS id_usuario_tecnico FROM dbo.tbl_usuariotecnico ut WHERE (ut.id_usuario = ? OR ut.idusuario = ?)   AND ISNULL(ut.e_eliminado, 0) = 0]
2026-07-31 16:39:37.531 DEBUG 21088 --- [nio-9060-exec-6] o.s.jdbc.core.JdbcTemplate               : Executing prepared SQL statement [SELECT TOP 1 CAST(ut.id AS INT) AS id_usuario_tecnico FROM dbo.tbl_usuariotecnico ut WHERE (ut.id_usuario = ? OR ut.idusuario = ?)   AND ISNULL(ut.e_eliminado, 0) = 0]
2026-07-31 16:39:37.531 DEBUG 21088 --- [nio-9060-exec-6] o.s.jdbc.datasource.DataSourceUtils      : Fetching JDBC Connection from DataSource
2026-07-31 16:39:37.531 DEBUG 21088 --- [nio-9060-exec-2] o.s.jdbc.datasource.DataSourceUtils      : Fetching JDBC Connection from DataSource
2026-07-31 16:39:37.681 DEBUG 21088 --- [nio-9060-exec-2] o.s.jdbc.core.JdbcTemplate               : Executing prepared SQL query
2026-07-31 16:39:37.681 DEBUG 21088 --- [nio-9060-exec-6] o.s.jdbc.core.JdbcTemplate               : Executing prepared SQL query
2026-07-31 16:39:37.681 DEBUG 21088 --- [nio-9060-exec-2] o.s.jdbc.core.JdbcTemplate               : Executing prepared SQL statement [SELECT TOP 1 CAST(ut.id AS INT) AS id_usuario_tecnico FROM dbo.tbl_usuaritecnico ut WHERE (ut.id_usuario = ? OR ut.idusuario = ?)   AND ISNULL(ut.e_eliminado, 0) = 0]
2026-07-31 16:39:37.681 DEBUG 21088 --- [nio-9060-exec-2] o.s.jdbc.datasource.DataSourceUtils      : Fetching JDBC Connection from DataSource
2026-07-31 16:39:37.681 DEBUG 21088 --- [nio-9060-exec-6] o.s.jdbc.core.JdbcTemplate               : Executing prepared SQL statement [SELECT TOP 1 CAST(ut.id AS INT) AS id_usuario_tecnico FROM dbo.tbl_usuaritecnico ut WHERE (ut.id_usuario = ? OR ut.idusuario = ?)   AND ISNULL(ut.e_eliminado, 0) = 0]
2026-07-31 16:39:37.681 DEBUG 21088 --- [nio-9060-exec-6] o.s.jdbc.datasource.DataSourceUtils      : Fetching JDBC Connection from DataSource
2026-07-31 16:39:37.754 DEBUG 21088 --- [nio-9060-exec-2] o.s.jdbc.core.JdbcTemplate               : Executing prepared SQL query
2026-07-31 16:39:37.755 DEBUG 21088 --- [nio-9060-exec-2] o.s.jdbc.core.JdbcTemplate               : Executing prepared SQL statement [SELECT TOP 1 CAST(ut.id_vendedor AS INT) AS id_vendedor FROM dbo.tbl_UsuarioTecnico ut WHERE (ut.id_usuario = ? OR ut.idusuario = ? OR ut.id = ?)   AND ISNULL(ut.e_eliminado, 0) = 0 AND ut.id_vendedor IS NOT NULL]
2026-07-31 16:39:37.755 DEBUG 21088 --- [nio-9060-exec-2] o.s.jdbc.datasource.DataSourceUtils      : Fetching JDBC Connection from DataSource
2026-07-31 16:39:37.775 DEBUG 21088 --- [nio-9060-exec-6] o.s.jdbc.core.JdbcTemplate               : Executing prepared SQL query
2026-07-31 16:39:37.775 DEBUG 21088 --- [nio-9060-exec-6] o.s.jdbc.core.JdbcTemplate               : Executing prepared SQL statement [SELECT TOP 1 CAST(ut.id_vendedor AS INT) AS id_vendedor FROM dbo.tbl_UsuarioTecnico ut WHERE (ut.id_usuario = ? OR ut.idusuario = ? OR ut.id = ?)   AND ISNULL(ut.e_eliminado, 0) = 0 AND ut.id_vendedor IS NOT NULL]
2026-07-31 16:39:37.776 DEBUG 21088 --- [nio-9060-exec-6] o.s.jdbc.datasource.DataSourceUtils      : Fetching JDBC Connection from DataSource
2026-07-31 16:39:37.950 DEBUG 21088 --- [nio-9060-exec-6] o.s.jdbc.core.JdbcTemplate               : Executing prepared SQL query
2026-07-31 16:39:37.950 DEBUG 21088 --- [nio-9060-exec-2] o.s.jdbc.core.JdbcTemplate               : Executing prepared SQL query
2026-07-31 16:39:37.950 DEBUG 21088 --- [nio-9060-exec-6] o.s.jdbc.core.JdbcTemplate               : Executing prepared SQL statement [SELECT TOP 1 CAST(ut.Id_Vendedor AS INT) AS id_vendedor FROM dbo.tbl_UsuarioTecnico ut WHERE (ut.Id_Usuario = ? OR ut.IdUsuario = ? OR ut.Id = ?)   AND ISNULL(ut.E_Eliminado, 0) = 0 AND ut.Id_Vendedor IS NOT NULL]
2026-07-31 16:39:37.950 DEBUG 21088 --- [nio-9060-exec-2] o.s.jdbc.core.JdbcTemplate               : Executing prepared SQL statement [SELECT TOP 1 CAST(ut.Id_Vendedor AS INT) AS id_vendedor FROM dbo.tbl_UsuarioTecnico ut WHERE (ut.Id_Usuario = ? OR ut.IdUsuario = ? OR ut.Id = ?)   AND ISNULL(ut.E_Eliminado, 0) = 0 AND ut.Id_Vendedor IS NOT NULL]
2026-07-31 16:39:37.950 DEBUG 21088 --- [nio-9060-exec-6] o.s.jdbc.datasource.DataSourceUtils      : Fetching JDBC Connection from DataSource
2026-07-31 16:39:37.951 DEBUG 21088 --- [nio-9060-exec-2] o.s.jdbc.datasource.DataSourceUtils      : Fetching JDBC Connection from DataSource
2026-07-31 16:39:38.115 DEBUG 21088 --- [nio-9060-exec-6] o.s.jdbc.core.JdbcTemplate               : Executing prepared SQL query
2026-07-31 16:39:38.115 DEBUG 21088 --- [nio-9060-exec-2] o.s.jdbc.core.JdbcTemplate               : Executing prepared SQL query
2026-07-31 16:39:38.116 DEBUG 21088 --- [nio-9060-exec-6] o.s.jdbc.core.JdbcTemplate               : Executing prepared SQL statement [SELECT TOP 1 CAST(ut.idvendedor AS INT) AS id_vendedor FROM dbo.tbl_usuariotecnico ut WHERE (ut.id_usuario = ? OR ut.idusuario = ? OR ut.id = ?)   AND ISNULL(ut.e_eliminado, 0) = 0 AND ut.idvendedor IS NOT NULL]
2026-07-31 16:39:38.116 DEBUG 21088 --- [nio-9060-exec-2] o.s.jdbc.core.JdbcTemplate               : Executing prepared SQL statement [SELECT TOP 1 CAST(ut.idvendedor AS INT) AS id_vendedor FROM dbo.tbl_usuariotecnico ut WHERE (ut.id_usuario = ? OR ut.idusuario = ? OR ut.id = ?)   AND ISNULL(ut.e_eliminado, 0) = 0 AND ut.idvendedor IS NOT NULL]
2026-07-31 16:39:38.116 DEBUG 21088 --- [nio-9060-exec-6] o.s.jdbc.datasource.DataSourceUtils      : Fetching JDBC Connection from DataSource
2026-07-31 16:39:38.116 DEBUG 21088 --- [nio-9060-exec-2] o.s.jdbc.datasource.DataSourceUtils      : Fetching JDBC Connection from DataSource
2026-07-31 16:39:38.260 DEBUG 21088 --- [nio-9060-exec-6] o.s.jdbc.core.JdbcTemplate               : Executing prepared SQL query
2026-07-31 16:39:38.260 DEBUG 21088 --- [nio-9060-exec-2] o.s.jdbc.core.JdbcTemplate               : Executing prepared SQL query
2026-07-31 16:39:38.261 DEBUG 21088 --- [nio-9060-exec-2] o.s.jdbc.core.JdbcTemplate               : Executing prepared SQL statement [SELECT TOP 1 g.id_grupo, ISNULL(g.supervisor_ausente, 0) AS supervisor_ausente, gb.id_grupo_backup, gb.id_usuario_tecnico_temporal, ISNULL(gb.e_activo, 0) AS backup_activo, gb.fecha_inicio, gs.id_usuario AS id_usuario_supervisor FROM dbo.tbl_Grupo g LEFT JOIN dbo.tbl_GrupoSup gs ON gs.id_grupo = g.id_grupo LEFT JOIN dbo.tbl_GrupoBackup gb        ON gb.id_grupo = g.id_grupo       AND ISNULL(gb.e_activo, 0) = 1 WHERE ISNULL(g.e_eliminado, 0) = 0   AND (gs.id_usuario = ? OR gb.id_usuario_tecnico_temporal = ? OR gb.id_usuario_tecnico_temporal = ? OR gb.id_usuario_tecnico_temporal = ?) ORDER BY CASE WHEN gb.id_usuario_tecnico_temporal = ? THEN 0               WHEN gb.id_usuario_tecnico_temporal = ? THEN 1               WHEN gb.id_usuario_tecnico_temporal = ? THEN 2 ELSE 3 END,          gb.id_grupo_backup DESC, g.id_grupo DESC]
2026-07-31 16:39:38.261 DEBUG 21088 --- [nio-9060-exec-6] o.s.jdbc.core.JdbcTemplate               : Executing prepared SQL statement [SELECT TOP 1 g.id_grupo, ISNULL(g.supervisor_ausente, 0) AS supervisor_ausente, gb.id_grupo_backup, gb.id_usuario_tecnico_temporal, ISNULL(gb.e_activo, 0) AS backup_activo, gb.fecha_inicio, gs.id_usuario AS id_usuario_supervisor FROM dbo.tbl_Grupo g LEFT JOIN dbo.tbl_GrupoSup gs ON gs.id_grupo = g.id_grupo LEFT JOIN dbo.tbl_GrupoBackup gb        ON gb.id_grupo = g.id_grupo       AND ISNULL(gb.e_activo, 0) = 1 WHERE ISNULL(g.e_eliminado, 0) = 0   AND (gs.id_usuario = ? OR gb.id_usuario_tecnico_temporal = ? OR gb.id_usuario_tecnico_temporal = ? OR gb.id_usuario_tecnico_temporal = ?) ORDER BY CASE WHEN gb.id_usuario_tecnico_temporal = ? THEN 0               WHEN gb.id_usuario_tecnico_temporal = ? THEN 1               WHEN gb.id_usuario_tecnico_temporal = ? THEN 2 ELSE 3 END,          gb.id_grupo_backup DESC, g.id_grupo DESC]
2026-07-31 16:39:38.261 DEBUG 21088 --- [nio-9060-exec-6] o.s.jdbc.datasource.DataSourceUtils      : Fetching JDBC Connection from DataSource
2026-07-31 16:39:38.261 DEBUG 21088 --- [nio-9060-exec-2] o.s.jdbc.datasource.DataSourceUtils      : Fetching JDBC Connection from DataSource
2026-07-31 16:39:38.568 DEBUG 21088 --- [nio-9060-exec-6] o.s.jdbc.core.JdbcTemplate               : Executing SQL update [IF OBJECT_ID('dbo.backup_temporal', 'U') IS NULL BEGIN CREATE TABLE dbo.backup_temporal (id_backup_temporal INT IDENTITY(1,1) NOT NULL PRIMARY KEY, id_usuario INT NOT NULL, id_grupo INT NULL, id_rol_temporal INT NOT NULL, e_activo BIT NOT NULL CONSTRAINT DF_backup_temporal_e_activo DEFAULT(1), fecha_inicio DATETIME NOT NULL CONSTRAINT DF_backup_temporal_fecha_inicio DEFAULT(GETDATE()), fecha_fin DATETIME NULL, fecha_registro DATETIME NOT NULL CONSTRAINT DF_backup_temporal_fecha_registro DEFAULT(GETDATE()), fecha_actualizacion DATETIME NULL); END]
2026-07-31 16:39:38.568 DEBUG 21088 --- [nio-9060-exec-2] o.s.jdbc.core.JdbcTemplate               : Executing SQL update [IF OBJECT_ID('dbo.backup_temporal', 'U') IS NULL BEGIN CREATE TABLE dbo.backup_temporal (id_backup_temporal INT IDENTITY(1,1) NOT NULL PRIMARY KEY, id_usuario INT NOT NULL, id_grupo INT NULL, id_rol_temporal INT NOT NULL, e_activo BIT NOT NULL CONSTRAINT DF_backup_temporal_e_activo DEFAULT(1), fecha_inicio DATETIME NOT NULL CONSTRAINT DF_backup_temporal_fecha_inicio DEFAULT(GETDATE()), fecha_fin DATETIME NULL, fecha_registro DATETIME NOT NULL CONSTRAINT DF_backup_temporal_fecha_registro DEFAULT(GETDATE()), fecha_actualizacion DATETIME NULL); END]
2026-07-31 16:39:38.568 DEBUG 21088 --- [nio-9060-exec-2] o.s.jdbc.datasource.DataSourceUtils      : Fetching JDBC Connection from DataSource
2026-07-31 16:39:38.568 DEBUG 21088 --- [nio-9060-exec-6] o.s.jdbc.datasource.DataSourceUtils      : Fetching JDBC Connection from DataSource
2026-07-31 16:39:38.780 DEBUG 21088 --- [nio-9060-exec-2] o.s.jdbc.core.JdbcTemplate               : Executing SQL update [IF COL_LENGTH('dbo.backup_temporal', 'id_grupo') IS NULL BEGIN ALTER TABLE dbo.backup_temporal ADD id_grupo INT NULL; END]
2026-07-31 16:39:38.780 DEBUG 21088 --- [nio-9060-exec-2] o.s.jdbc.datasource.DataSourceUtils      : Fetching JDBC Connection from DataSource
2026-07-31 16:39:38.780 DEBUG 21088 --- [nio-9060-exec-6] o.s.jdbc.core.JdbcTemplate               : Executing SQL update [IF COL_LENGTH('dbo.backup_temporal', 'id_grupo') IS NULL BEGIN ALTER TABLE dbo.backup_temporal ADD id_grupo INT NULL; END]
2026-07-31 16:39:38.780 DEBUG 21088 --- [nio-9060-exec-6] o.s.jdbc.datasource.DataSourceUtils      : Fetching JDBC Connection from DataSource
2026-07-31 16:39:38.790 DEBUG 21088 --- [nio-9060-exec-2] o.s.jdbc.core.JdbcTemplate               : Executing SQL update [IF NOT EXISTS (SELECT 1 FROM sys.indexes WHERE object_id = OBJECT_ID('dbo.backup_temporal')   AND name = 'IX_backup_temporal_usuario_activo') BEGIN CREATE INDEX IX_backup_temporal_usuario_activo ON dbo.backup_temporal(id_usuario, e_activo, fecha_fin); END]
2026-07-31 16:39:38.790 DEBUG 21088 --- [nio-9060-exec-2] o.s.jdbc.datasource.DataSourceUtils      : Fetching JDBC Connection from DataSource
2026-07-31 16:39:38.790 DEBUG 21088 --- [nio-9060-exec-6] o.s.jdbc.core.JdbcTemplate               : Executing SQL update [IF NOT EXISTS (SELECT 1 FROM sys.indexes WHERE object_id = OBJECT_ID('dbo.backup_temporal')   AND name = 'IX_backup_temporal_usuario_activo') BEGIN CREATE INDEX IX_backup_temporal_usuario_activo ON dbo.backup_temporal(id_usuario, e_activo, fecha_fin); END]
2026-07-31 16:39:38.790 DEBUG 21088 --- [nio-9060-exec-6] o.s.jdbc.datasource.DataSourceUtils      : Fetching JDBC Connection from DataSource
2026-07-31 16:39:38.820 DEBUG 21088 --- [nio-9060-exec-6] o.s.jdbc.core.JdbcTemplate               : Executing prepared SQL query
2026-07-31 16:39:38.820 DEBUG 21088 --- [nio-9060-exec-2] o.s.jdbc.core.JdbcTemplate               : Executing prepared SQL query
2026-07-31 16:39:38.820 DEBUG 21088 --- [nio-9060-exec-6] o.s.jdbc.core.JdbcTemplate               : Executing prepared SQL statement [SELECT TOP 1 CAST(ut.id AS INT) AS alt_id FROM dbo.tbl_UsuarioTecnico ut WHERE (ut.id_usuario = ? OR ut.idusuario = ?)   AND ISNULL(ut.e_eliminado, 0) = 0]
2026-07-31 16:39:38.820 DEBUG 21088 --- [nio-9060-exec-2] o.s.jdbc.core.JdbcTemplate               : Executing prepared SQL statement [SELECT TOP 1 CAST(ut.id AS INT) AS alt_id FROM dbo.tbl_UsuarioTecnico ut WHERE (ut.id_usuario = ? OR ut.idusuario = ?)   AND ISNULL(ut.e_eliminado, 0) = 0]
2026-07-31 16:39:38.820 DEBUG 21088 --- [nio-9060-exec-2] o.s.jdbc.datasource.DataSourceUtils      : Fetching JDBC Connection from DataSource
2026-07-31 16:39:38.820 DEBUG 21088 --- [nio-9060-exec-6] o.s.jdbc.datasource.DataSourceUtils      : Fetching JDBC Connection from DataSource
2026-07-31 16:39:38.988 DEBUG 21088 --- [nio-9060-exec-2] o.s.jdbc.core.JdbcTemplate               : Executing prepared SQL query
2026-07-31 16:39:38.988 DEBUG 21088 --- [nio-9060-exec-6] o.s.jdbc.core.JdbcTemplate               : Executing prepared SQL query
2026-07-31 16:39:38.988 DEBUG 21088 --- [nio-9060-exec-2] o.s.jdbc.core.JdbcTemplate               : Executing prepared SQL statement [SELECT TOP 1 CAST(ut.id_vendedor AS INT) AS alt_id FROM dbo.tbl_UsuarioTecnico ut WHERE (ut.id_usuario = ? OR ut.idusuario = ?)   AND ISNULL(ut.e_eliminado, 0) = 0   AND ut.id_vendedor IS NOT NULL]
2026-07-31 16:39:38.989 DEBUG 21088 --- [nio-9060-exec-2] o.s.jdbc.datasource.DataSourceUtils      : Fetching JDBC Connection from DataSource
2026-07-31 16:39:38.989 DEBUG 21088 --- [nio-9060-exec-6] o.s.jdbc.core.JdbcTemplate               : Executing prepared SQL statement [SELECT TOP 1 CAST(ut.id_vendedor AS INT) AS alt_id FROM dbo.tbl_UsuarioTecnico ut WHERE (ut.id_usuario = ? OR ut.idusuario = ?)   AND ISNULL(ut.e_eliminado, 0) = 0   AND ut.id_vendedor IS NOT NULL]
2026-07-31 16:39:38.989 DEBUG 21088 --- [nio-9060-exec-6] o.s.jdbc.datasource.DataSourceUtils      : Fetching JDBC Connection from DataSource
2026-07-31 16:39:39.160 DEBUG 21088 --- [nio-9060-exec-6] o.s.jdbc.core.JdbcTemplate               : Executing prepared SQL query
2026-07-31 16:39:39.160 DEBUG 21088 --- [nio-9060-exec-2] o.s.jdbc.core.JdbcTemplate               : Executing prepared SQL query
2026-07-31 16:39:39.160 DEBUG 21088 --- [nio-9060-exec-6] o.s.jdbc.core.JdbcTemplate               : Executing prepared SQL statement [SELECT TOP 1 CAST(ut.Id AS INT) AS alt_id FROM dbo.tbl_UsuarioTecnico ut WHERE (ut.Id_Usuario = ? OR ut.IdUsuario = ?)   AND ISNULL(ut.E_Eliminado, 0) = 0]
2026-07-31 16:39:39.160 DEBUG 21088 --- [nio-9060-exec-2] o.s.jdbc.core.JdbcTemplate               : Executing prepared SQL statement [SELECT TOP 1 CAST(ut.Id AS INT) AS alt_id FROM dbo.tbl_UsuarioTecnico ut WHERE (ut.Id_Usuario = ? OR ut.IdUsuario = ?)   AND ISNULL(ut.E_Eliminado, 0) = 0]
2026-07-31 16:39:39.160 DEBUG 21088 --- [nio-9060-exec-6] o.s.jdbc.datasource.DataSourceUtils      : Fetching JDBC Connection from DataSource
2026-07-31 16:39:39.160 DEBUG 21088 --- [nio-9060-exec-2] o.s.jdbc.datasource.DataSourceUtils      : Fetching JDBC Connection from DataSource
2026-07-31 16:39:39.309 DEBUG 21088 --- [nio-9060-exec-2] o.s.jdbc.core.JdbcTemplate               : Executing prepared SQL query
2026-07-31 16:39:39.309 DEBUG 21088 --- [nio-9060-exec-2] o.s.jdbc.core.JdbcTemplate               : Executing prepared SQL statement [SELECT TOP 1 CAST(ut.Id_Vendedor AS INT) AS alt_id FROM dbo.tbl_UsuarioTecnico ut WHERE (ut.Id_Usuario = ? OR ut.IdUsuario = ?)   AND ISNULL(ut.E_Eliminado, 0) = 0   AND ut.Id_Vendedor IS NOT NULL]
2026-07-31 16:39:39.309 DEBUG 21088 --- [nio-9060-exec-2] o.s.jdbc.datasource.DataSourceUtils      : Fetching JDBC Connection from DataSource
2026-07-31 16:39:39.331 DEBUG 21088 --- [nio-9060-exec-6] o.s.jdbc.core.JdbcTemplate               : Executing prepared SQL query
2026-07-31 16:39:39.331 DEBUG 21088 --- [nio-9060-exec-6] o.s.jdbc.core.JdbcTemplate               : Executing prepared SQL statement [SELECT TOP 1 CAST(ut.Id_Vendedor AS INT) AS alt_id FROM dbo.tbl_UsuarioTecnico ut WHERE (ut.Id_Usuario = ? OR ut.IdUsuario = ?)   AND ISNULL(ut.E_Eliminado, 0) = 0   AND ut.Id_Vendedor IS NOT NULL]
2026-07-31 16:39:39.331 DEBUG 21088 --- [nio-9060-exec-6] o.s.jdbc.datasource.DataSourceUtils      : Fetching JDBC Connection from DataSource
2026-07-31 16:39:39.514 DEBUG 21088 --- [nio-9060-exec-6] o.s.jdbc.core.JdbcTemplate               : Executing prepared SQL query
2026-07-31 16:39:39.514 DEBUG 21088 --- [nio-9060-exec-6] o.s.jdbc.core.JdbcTemplate               : Executing prepared SQL statement [SELECT TOP 1 CAST(ut.id AS INT) AS alt_id FROM dbo.tbl_usuariotecnico ut WHERE (ut.id_usuario = ? OR ut.idusuario = ?)   AND ISNULL(ut.e_eliminado, 0) = 0]
2026-07-31 16:39:39.514 DEBUG 21088 --- [nio-9060-exec-2] o.s.jdbc.core.JdbcTemplate               : Executing prepared SQL query
2026-07-31 16:39:39.514 DEBUG 21088 --- [nio-9060-exec-6] o.s.jdbc.datasource.DataSourceUtils      : Fetching JDBC Connection from DataSource
2026-07-31 16:39:39.514 DEBUG 21088 --- [nio-9060-exec-2] o.s.jdbc.core.JdbcTemplate               : Executing prepared SQL statement [SELECT TOP 1 CAST(ut.id AS INT) AS alt_id FROM dbo.tbl_usuariotecnico ut WHERE (ut.id_usuario = ? OR ut.idusuario = ?)   AND ISNULL(ut.e_eliminado, 0) = 0]
2026-07-31 16:39:39.515 DEBUG 21088 --- [nio-9060-exec-2] o.s.jdbc.datasource.DataSourceUtils      : Fetching JDBC Connection from DataSource
2026-07-31 16:39:39.587 DEBUG 21088 --- [nio-9060-exec-6] o.s.jdbc.core.JdbcTemplate               : Executing prepared SQL query
2026-07-31 16:39:39.587 DEBUG 21088 --- [nio-9060-exec-6] o.s.jdbc.core.JdbcTemplate               : Executing prepared SQL statement [SELECT TOP 1 CAST(ut.id_vendedor AS INT) AS alt_id FROM dbo.tbl_usuariotecnico ut WHERE (ut.id_usuario = ? OR ut.idusuario = ?)   AND ISNULL(ut.e_eliminado, 0) = 0   AND ut.id_vendedor IS NOT NULL]
2026-07-31 16:39:39.587 DEBUG 21088 --- [nio-9060-exec-6] o.s.jdbc.datasource.DataSourceUtils      : Fetching JDBC Connection from DataSource
2026-07-31 16:39:39.680 DEBUG 21088 --- [nio-9060-exec-2] o.s.jdbc.core.JdbcTemplate               : Executing prepared SQL query
2026-07-31 16:39:39.680 DEBUG 21088 --- [nio-9060-exec-2] o.s.jdbc.core.JdbcTemplate               : Executing prepared SQL statement [SELECT TOP 1 CAST(ut.id_vendedor AS INT) AS alt_id FROM dbo.tbl_usuariotecnico ut WHERE (ut.id_usuario = ? OR ut.idusuario = ?)   AND ISNULL(ut.e_eliminado, 0) = 0   AND ut.id_vendedor IS NOT NULL]
2026-07-31 16:39:39.680 DEBUG 21088 --- [nio-9060-exec-2] o.s.jdbc.datasource.DataSourceUtils      : Fetching JDBC Connection from DataSource
2026-07-31 16:39:39.695 DEBUG 21088 --- [nio-9060-exec-6] o.s.jdbc.core.JdbcTemplate               : Executing prepared SQL query
2026-07-31 16:39:39.695 DEBUG 21088 --- [nio-9060-exec-6] o.s.jdbc.core.JdbcTemplate               : Executing prepared SQL statement [SELECT TOP 1 CAST(ut.id AS INT) AS alt_id FROM dbo.tbl_UsuarioTecnico ut WHERE (ut.id_usuario = ? OR ut.idusuario = ?)   AND ISNULL(ut.e_eliminado, 0) = 0]
2026-07-31 16:39:39.695 DEBUG 21088 --- [nio-9060-exec-6] o.s.jdbc.datasource.DataSourceUtils      : Fetching JDBC Connection from DataSource
2026-07-31 16:39:39.738 DEBUG 21088 --- [nio-9060-exec-6] o.s.jdbc.core.JdbcTemplate               : Executing prepared SQL query
2026-07-31 16:39:39.738 DEBUG 21088 --- [nio-9060-exec-2] o.s.jdbc.core.JdbcTemplate               : Executing prepared SQL query
2026-07-31 16:39:39.738 DEBUG 21088 --- [nio-9060-exec-6] o.s.jdbc.core.JdbcTemplate               : Executing prepared SQL statement [SELECT TOP 1 CAST(ut.id_vendedor AS INT) AS alt_id FROM dbo.tbl_UsuarioTecnico ut WHERE (ut.id_usuario = ? OR ut.idusuario = ?)   AND ISNULL(ut.e_eliminado, 0) = 0   AND ut.id_vendedor IS NOT NULL]
2026-07-31 16:39:39.738 DEBUG 21088 --- [nio-9060-exec-2] o.s.jdbc.core.JdbcTemplate               : Executing prepared SQL statement [SELECT TOP 1 CAST(ut.id AS INT) AS alt_id FROM dbo.tbl_UsuarioTecnico ut WHERE (ut.id_usuario = ? OR ut.idusuario = ?)   AND ISNULL(ut.e_eliminado, 0) = 0]
2026-07-31 16:39:39.738 DEBUG 21088 --- [nio-9060-exec-6] o.s.jdbc.datasource.DataSourceUtils      : Fetching JDBC Connection from DataSource
2026-07-31 16:39:39.738 DEBUG 21088 --- [nio-9060-exec-2] o.s.jdbc.datasource.DataSourceUtils      : Fetching JDBC Connection from DataSource
2026-07-31 16:39:39.909 DEBUG 21088 --- [nio-9060-exec-6] o.s.jdbc.core.JdbcTemplate               : Executing prepared SQL query
2026-07-31 16:39:39.909 DEBUG 21088 --- [nio-9060-exec-2] o.s.jdbc.core.JdbcTemplate               : Executing prepared SQL query
2026-07-31 16:39:39.910 DEBUG 21088 --- [nio-9060-exec-6] o.s.jdbc.core.JdbcTemplate               : Executing prepared SQL statement [SELECT TOP 1 CAST(ut.Id AS INT) AS alt_id FROM dbo.tbl_UsuarioTecnico ut WHERE (ut.Id_Usuario = ? OR ut.IdUsuario = ?)   AND ISNULL(ut.E_Eliminado, 0) = 0]
2026-07-31 16:39:39.910 DEBUG 21088 --- [nio-9060-exec-6] o.s.jdbc.datasource.DataSourceUtils      : Fetching JDBC Connection from DataSource
2026-07-31 16:39:39.910 DEBUG 21088 --- [nio-9060-exec-2] o.s.jdbc.core.JdbcTemplate               : Executing prepared SQL statement [SELECT TOP 1 CAST(ut.id_vendedor AS INT) AS alt_id FROM dbo.tbl_UsuarioTecnico ut WHERE (ut.id_usuario = ? OR ut.idusuario = ?)   AND ISNULL(ut.e_eliminado, 0) = 0   AND ut.id_vendedor IS NOT NULL]
2026-07-31 16:39:39.910 DEBUG 21088 --- [nio-9060-exec-2] o.s.jdbc.datasource.DataSourceUtils      : Fetching JDBC Connection from DataSource
2026-07-31 16:39:39.963 DEBUG 21088 --- [nio-9060-exec-6] o.s.jdbc.core.JdbcTemplate               : Executing prepared SQL query
2026-07-31 16:39:39.963 DEBUG 21088 --- [nio-9060-exec-2] o.s.jdbc.core.JdbcTemplate               : Executing prepared SQL query
2026-07-31 16:39:39.964 DEBUG 21088 --- [nio-9060-exec-6] o.s.jdbc.core.JdbcTemplate               : Executing prepared SQL statement [SELECT TOP 1 CAST(ut.Id_Vendedor AS INT) AS alt_id FROM dbo.tbl_UsuarioTecnico ut WHERE (ut.Id_Usuario = ? OR ut.IdUsuario = ?)   AND ISNULL(ut.E_Eliminado, 0) = 0   AND ut.Id_Vendedor IS NOT NULL]
2026-07-31 16:39:39.964 DEBUG 21088 --- [nio-9060-exec-6] o.s.jdbc.datasource.DataSourceUtils      : Fetching JDBC Connection from DataSource
2026-07-31 16:39:39.964 DEBUG 21088 --- [nio-9060-exec-2] o.s.jdbc.core.JdbcTemplate               : Executing prepared SQL statement [SELECT TOP 1 CAST(ut.Id AS INT) AS alt_id FROM dbo.tbl_UsuarioTecnico ut WHERE (ut.Id_Usuario = ? OR ut.IdUsuario = ?)   AND ISNULL(ut.E_Eliminado, 0) = 0]
2026-07-31 16:39:39.964 DEBUG 21088 --- [nio-9060-exec-2] o.s.jdbc.datasource.DataSourceUtils      : Fetching JDBC Connection from DataSource
2026-07-31 16:39:40.025 DEBUG 21088 --- [nio-9060-exec-6] o.s.jdbc.core.JdbcTemplate               : Executing prepared SQL query
2026-07-31 16:39:40.026 DEBUG 21088 --- [nio-9060-exec-6] o.s.jdbc.core.JdbcTemplate               : Executing prepared SQL statement [SELECT TOP 1 CAST(ut.id AS INT) AS alt_id FROM dbo.tbl_usuariotecnico ut WHERE (ut.id_usuario = ? OR ut.idusuario = ?)   AND ISNULL(ut.e_eliminado, 0) = 0]
2026-07-31 16:39:40.025 DEBUG 21088 --- [nio-9060-exec-2] o.s.jdbc.core.JdbcTemplate               : Executing prepared SQL query
2026-07-31 16:39:40.026 DEBUG 21088 --- [nio-9060-exec-6] o.s.jdbc.datasource.DataSourceUtils      : Fetching JDBC Connection from DataSource
2026-07-31 16:39:40.026 DEBUG 21088 --- [nio-9060-exec-2] o.s.jdbc.core.JdbcTemplate               : Executing prepared SQL statement [SELECT TOP 1 CAST(ut.Id_Vendedor AS INT) AS alt_id FROM dbo.tbl_UsuarioTecnico ut WHERE (ut.Id_Usuario = ? OR ut.IdUsuario = ?)   AND ISNULL(ut.E_Eliminado, 0) = 0   AND ut.Id_Vendedor IS NOT NULL]
2026-07-31 16:39:40.026 DEBUG 21088 --- [nio-9060-exec-2] o.s.jdbc.datasource.DataSourceUtils      : Fetching JDBC Connection from DataSource
2026-07-31 16:39:40.140 DEBUG 21088 --- [nio-9060-exec-2] o.s.jdbc.core.JdbcTemplate               : Executing prepared SQL query
2026-07-31 16:39:40.140 DEBUG 21088 --- [nio-9060-exec-6] o.s.jdbc.core.JdbcTemplate               : Executing prepared SQL query
2026-07-31 16:39:40.140 DEBUG 21088 --- [nio-9060-exec-2] o.s.jdbc.core.JdbcTemplate               : Executing prepared SQL statement [SELECT TOP 1 CAST(ut.id AS INT) AS alt_id FROM dbo.tbl_usuariotecnico ut WHERE (ut.id_usuario = ? OR ut.idusuario = ?)   AND ISNULL(ut.e_eliminado, 0) = 0]
2026-07-31 16:39:40.140 DEBUG 21088 --- [nio-9060-exec-6] o.s.jdbc.core.JdbcTemplate               : Executing prepared SQL statement [SELECT TOP 1 CAST(ut.id_vendedor AS INT) AS alt_id FROM dbo.tbl_usuariotecnico ut WHERE (ut.id_usuario = ? OR ut.idusuario = ?)   AND ISNULL(ut.e_eliminado, 0) = 0   AND ut.id_vendedor IS NOT NULL]
2026-07-31 16:39:40.140 DEBUG 21088 --- [nio-9060-exec-2] o.s.jdbc.datasource.DataSourceUtils      : Fetching JDBC Connection from DataSource
2026-07-31 16:39:40.140 DEBUG 21088 --- [nio-9060-exec-6] o.s.jdbc.datasource.DataSourceUtils      : Fetching JDBC Connection from DataSource
2026-07-31 16:39:40.204 DEBUG 21088 --- [nio-9060-exec-6] o.s.jdbc.core.JdbcTemplate               : Executing prepared SQL query
2026-07-31 16:39:40.205 DEBUG 21088 --- [nio-9060-exec-6] o.s.jdbc.core.JdbcTemplate               : Executing prepared SQL statement [SELECT TOP 1 CAST(ut.id AS INT) AS alt_id FROM dbo.tbl_UsuarioTecnico ut WHERE (ut.id_usuario = ? OR ut.idusuario = ?)   AND ISNULL(ut.e_eliminado, 0) = 0]
2026-07-31 16:39:40.205 DEBUG 21088 --- [nio-9060-exec-2] o.s.jdbc.core.JdbcTemplate               : Executing prepared SQL query
2026-07-31 16:39:40.205 DEBUG 21088 --- [nio-9060-exec-6] o.s.jdbc.datasource.DataSourceUtils      : Fetching JDBC Connection from DataSource
2026-07-31 16:39:40.205 DEBUG 21088 --- [nio-9060-exec-2] o.s.jdbc.core.JdbcTemplate               : Executing prepared SQL statement [SELECT TOP 1 CAST(ut.id_vendedor AS INT) AS alt_id FROM dbo.tbl_usuariotecnico ut WHERE (ut.id_usuario = ? OR ut.idusuario = ?)   AND ISNULL(ut.e_eliminado, 0) = 0   AND ut.id_vendedor IS NOT NULL]
2026-07-31 16:39:40.205 DEBUG 21088 --- [nio-9060-exec-2] o.s.jdbc.datasource.DataSourceUtils      : Fetching JDBC Connection from DataSource
2026-07-31 16:39:40.233 DEBUG 21088 --- [nio-9060-exec-2] o.s.jdbc.core.JdbcTemplate               : Executing prepared SQL query
2026-07-31 16:39:40.234 DEBUG 21088 --- [nio-9060-exec-2] o.s.jdbc.core.JdbcTemplate               : Executing prepared SQL statement [SELECT TOP 1 CAST(ut.id AS INT) AS alt_id FROM dbo.tbl_UsuarioTecnico ut WHERE (ut.id_usuario = ? OR ut.idusuario = ?)   AND ISNULL(ut.e_eliminado, 0) = 0]
2026-07-31 16:39:40.234 DEBUG 21088 --- [nio-9060-exec-2] o.s.jdbc.datasource.DataSourceUtils      : Fetching JDBC Connection from DataSource
2026-07-31 16:39:40.380 DEBUG 21088 --- [nio-9060-exec-6] o.s.jdbc.core.JdbcTemplate               : Executing prepared SQL query
2026-07-31 16:39:40.380 DEBUG 21088 --- [nio-9060-exec-6] o.s.jdbc.core.JdbcTemplate               : Executing prepared SQL statement [SELECT TOP 1 CAST(ut.id_vendedor AS INT) AS alt_id FROM dbo.tbl_UsuarioTecnico ut WHERE (ut.id_usuario = ? OR ut.idusuario = ?)   AND ISNULL(ut.e_eliminado, 0) = 0   AND ut.id_vendedor IS NOT NULL]
2026-07-31 16:39:40.380 DEBUG 21088 --- [nio-9060-exec-6] o.s.jdbc.datasource.DataSourceUtils      : Fetching JDBC Connection from DataSource
2026-07-31 16:39:40.424 DEBUG 21088 --- [nio-9060-exec-2] o.s.jdbc.core.JdbcTemplate               : Executing prepared SQL query
2026-07-31 16:39:40.424 DEBUG 21088 --- [nio-9060-exec-2] o.s.jdbc.core.JdbcTemplate               : Executing prepared SQL statement [SELECT TOP 1 CAST(ut.id_vendedor AS INT) AS alt_id FROM dbo.tbl_UsuarioTecnico ut WHERE (ut.id_usuario = ? OR ut.idusuario = ?)   AND ISNULL(ut.e_eliminado, 0) = 0   AND ut.id_vendedor IS NOT NULL]
2026-07-31 16:39:40.424 DEBUG 21088 --- [nio-9060-exec-2] o.s.jdbc.datasource.DataSourceUtils      : Fetching JDBC Connection from DataSource
2026-07-31 16:39:40.525 DEBUG 21088 --- [nio-9060-exec-6] o.s.jdbc.core.JdbcTemplate               : Executing prepared SQL query
2026-07-31 16:39:40.525 DEBUG 21088 --- [nio-9060-exec-6] o.s.jdbc.core.JdbcTemplate               : Executing prepared SQL statement [SELECT TOP 1 CAST(ut.Id AS INT) AS alt_id FROM dbo.tbl_UsuarioTecnico ut WHERE (ut.Id_Usuario = ? OR ut.IdUsuario = ?)   AND ISNULL(ut.E_Eliminado, 0) = 0]
2026-07-31 16:39:40.525 DEBUG 21088 --- [nio-9060-exec-6] o.s.jdbc.datasource.DataSourceUtils      : Fetching JDBC Connection from DataSource
2026-07-31 16:39:40.616 DEBUG 21088 --- [nio-9060-exec-2] o.s.jdbc.core.JdbcTemplate               : Executing prepared SQL query
2026-07-31 16:39:40.616 DEBUG 21088 --- [nio-9060-exec-2] o.s.jdbc.core.JdbcTemplate               : Executing prepared SQL statement [SELECT TOP 1 CAST(ut.Id AS INT) AS alt_id FROM dbo.tbl_UsuarioTecnico ut WHERE (ut.Id_Usuario = ? OR ut.IdUsuario = ?)   AND ISNULL(ut.E_Eliminado, 0) = 0]
2026-07-31 16:39:40.616 DEBUG 21088 --- [nio-9060-exec-2] o.s.jdbc.datasource.DataSourceUtils      : Fetching JDBC Connection from DataSource
2026-07-31 16:39:40.679 DEBUG 21088 --- [nio-9060-exec-6] o.s.jdbc.core.JdbcTemplate               : Executing prepared SQL query
2026-07-31 16:39:40.680 DEBUG 21088 --- [nio-9060-exec-6] o.s.jdbc.core.JdbcTemplate               : Executing prepared SQL statement [SELECT TOP 1 CAST(ut.Id_Vendedor AS INT) AS alt_id FROM dbo.tbl_UsuarioTecnico ut WHERE (ut.Id_Usuario = ? OR ut.IdUsuario = ?)   AND ISNULL(ut.E_Eliminado, 0) = 0   AND ut.Id_Vendedor IS NOT NULL]
2026-07-31 16:39:40.680 DEBUG 21088 --- [nio-9060-exec-6] o.s.jdbc.datasource.DataSourceUtils      : Fetching JDBC Connection from DataSource
2026-07-31 16:39:40.772 DEBUG 21088 --- [nio-9060-exec-2] o.s.jdbc.core.JdbcTemplate               : Executing prepared SQL query
2026-07-31 16:39:40.772 DEBUG 21088 --- [nio-9060-exec-2] o.s.jdbc.core.JdbcTemplate               : Executing prepared SQL statement [SELECT TOP 1 CAST(ut.Id_Vendedor AS INT) AS alt_id FROM dbo.tbl_UsuarioTecnico ut WHERE (ut.Id_Usuario = ? OR ut.IdUsuario = ?)   AND ISNULL(ut.E_Eliminado, 0) = 0   AND ut.Id_Vendedor IS NOT NULL]
2026-07-31 16:39:40.772 DEBUG 21088 --- [nio-9060-exec-2] o.s.jdbc.datasource.DataSourceUtils      : Fetching JDBC Connection from DataSource
2026-07-31 16:39:40.801 DEBUG 21088 --- [nio-9060-exec-6] o.s.jdbc.core.JdbcTemplate               : Executing prepared SQL query
2026-07-31 16:39:40.801 DEBUG 21088 --- [nio-9060-exec-6] o.s.jdbc.core.JdbcTemplate               : Executing prepared SQL statement [SELECT TOP 1 CAST(ut.id AS INT) AS alt_id FROM dbo.tbl_usuariotecnico ut WHERE (ut.id_usuario = ? OR ut.idusuario = ?)   AND ISNULL(ut.e_eliminado, 0) = 0]
2026-07-31 16:39:40.801 DEBUG 21088 --- [nio-9060-exec-6] o.s.jdbc.datasource.DataSourceUtils      : Fetching JDBC Connection from DataSource
2026-07-31 16:39:40.824 DEBUG 21088 --- [nio-9060-exec-2] o.s.jdbc.core.JdbcTemplate               : Executing prepared SQL query
2026-07-31 16:39:40.825 DEBUG 21088 --- [nio-9060-exec-2] o.s.jdbc.core.JdbcTemplate               : Executing prepared SQL statement [SELECT TOP 1 CAST(ut.id AS INT) AS alt_id FROM dbo.tbl_usuariotecnico ut WHERE (ut.id_usuario = ? OR ut.idusuario = ?)   AND ISNULL(ut.e_eliminado, 0) = 0]
2026-07-31 16:39:40.825 DEBUG 21088 --- [nio-9060-exec-2] o.s.jdbc.datasource.DataSourceUtils      : Fetching JDBC Connection from DataSource
2026-07-31 16:39:40.962 DEBUG 21088 --- [nio-9060-exec-6] o.s.jdbc.core.JdbcTemplate               : Executing prepared SQL query
2026-07-31 16:39:40.962 DEBUG 21088 --- [nio-9060-exec-6] o.s.jdbc.core.JdbcTemplate               : Executing prepared SQL statement [SELECT TOP 1 CAST(ut.id_vendedor AS INT) AS alt_id FROM dbo.tbl_usuariotecnico ut WHERE (ut.id_usuario = ? OR ut.idusuario = ?)   AND ISNULL(ut.e_eliminado, 0) = 0   AND ut.id_vendedor IS NOT NULL]
2026-07-31 16:39:40.962 DEBUG 21088 --- [nio-9060-exec-6] o.s.jdbc.datasource.DataSourceUtils      : Fetching JDBC Connection from DataSource
2026-07-31 16:39:41.091 DEBUG 21088 --- [nio-9060-exec-6] o.s.jdbc.core.JdbcTemplate               : Executing prepared SQL query
2026-07-31 16:39:41.091 DEBUG 21088 --- [nio-9060-exec-6] o.s.jdbc.core.JdbcTemplate               : Executing prepared SQL statement [SELECT TOP 1 1 AS ok FROM dbo.backup_temporal bt WHERE bt.id_usuario = ?   AND ISNULL(bt.e_activo, 1) = 1   AND (bt.fecha_fin IS NULL OR bt.fecha_fin > GETDATE()) ORDER BY bt.id_backup_temporal DESC]
2026-07-31 16:39:41.091 DEBUG 21088 --- [nio-9060-exec-6] o.s.jdbc.datasource.DataSourceUtils      : Fetching JDBC Connection from DataSource
2026-07-31 16:39:41.338 DEBUG 21088 --- [nio-9060-exec-2] o.s.jdbc.core.JdbcTemplate               : Executing prepared SQL query
2026-07-31 16:39:41.338 DEBUG 21088 --- [nio-9060-exec-2] o.s.jdbc.core.JdbcTemplate               : Executing prepared SQL statement [SELECT TOP 1 CAST(ut.id_vendedor AS INT) AS alt_id FROM dbo.tbl_usuariotecnico ut WHERE (ut.id_usuario = ? OR ut.idusuario = ?)   AND ISNULL(ut.e_eliminado, 0) = 0   AND ut.id_vendedor IS NOT NULL]
2026-07-31 16:39:41.338 DEBUG 21088 --- [nio-9060-exec-2] o.s.jdbc.datasource.DataSourceUtils      : Fetching JDBC Connection from DataSource
2026-07-31 16:39:41.341  INFO 21088 --- [nio-9060-exec-6] c.e.T.p.service.PrivilegioService        : [PERMISOS] idUsuarioSesion=86, rolSesion=Supervisor, backupContexto=false, backupTemporal=false, idGrupo=null, idSupervisorContexto=null, idRolPermisos=9, idUsuarioPermisos=86
2026-07-31 16:39:41.341 DEBUG 21088 --- [nio-9060-exec-6] o.s.jdbc.core.JdbcTemplate               : Executing SQL query [EXEC dbo.spx_ObtenerPrivilegiosRoles]
2026-07-31 16:39:41.341 DEBUG 21088 --- [nio-9060-exec-6] o.s.jdbc.datasource.DataSourceUtils      : Fetching JDBC Connection from DataSource
2026-07-31 16:39:41.436 DEBUG 21088 --- [nio-9060-exec-2] o.s.jdbc.core.JdbcTemplate               : Executing prepared SQL query
2026-07-31 16:39:41.436  INFO 21088 --- [onnection adder] com.zaxxer.hikari.pool.PoolBase          : CentralHikariPool - Driver does not support get/set network timeout for connections. (null)
2026-07-31 16:39:41.436 DEBUG 21088 --- [nio-9060-exec-2] o.s.jdbc.core.JdbcTemplate               : Executing prepared SQL statement [SELECT TOP 1 1 AS ok FROM dbo.backup_temporal bt WHERE bt.id_usuario = ?   AND ISNULL(bt.e_activo, 1) = 1   AND (bt.fecha_fin IS NULL OR bt.fecha_fin > GETDATE()) ORDER BY bt.id_backup_temporal DESC]
2026-07-31 16:39:41.436 DEBUG 21088 --- [nio-9060-exec-2] o.s.jdbc.datasource.DataSourceUtils      : Fetching JDBC Connection from DataSource
2026-07-31 16:39:41.531 DEBUG 21088 --- [onnection adder] com.zaxxer.hikari.pool.HikariPool        : CentralHikariPool - Added connection net.sourceforge.jtds.jdbc.JtdsConnection@754da6de
2026-07-31 16:39:41.567 DEBUG 21088 --- [nio-9060-exec-6] o.s.jdbc.core.JdbcTemplate               : Executing prepared SQL query
2026-07-31 16:39:41.567 DEBUG 21088 --- [nio-9060-exec-6] o.s.jdbc.core.JdbcTemplate               : Executing prepared SQL statement [EXEC dbo.spx_ObtenerPrivilegiosRolDetalle ?]
2026-07-31 16:39:41.567 DEBUG 21088 --- [nio-9060-exec-6] o.s.jdbc.datasource.DataSourceUtils      : Fetching JDBC Connection from DataSource
2026-07-31 16:39:41.608  INFO 21088 --- [nio-9060-exec-2] c.e.T.p.service.PrivilegioService        : [PERMISOS] idUsuarioSesion=86, rolSesion=Supervisor, backupContexto=false, backupTemporal=false, idGrupo=null, idSupervisorContexto=null, idRolPermisos=9, idUsuarioPermisos=86
2026-07-31 16:39:41.608 DEBUG 21088 --- [nio-9060-exec-2] o.s.jdbc.core.JdbcTemplate               : Executing SQL query [EXEC dbo.spx_ObtenerPrivilegiosRoles]
2026-07-31 16:39:41.608 DEBUG 21088 --- [nio-9060-exec-2] o.s.jdbc.datasource.DataSourceUtils      : Fetching JDBC Connection from DataSource
2026-07-31 16:39:41.747 DEBUG 21088 --- [onnection adder] com.zaxxer.hikari.pool.HikariPool        : CentralHikariPool - Added connection net.sourceforge.jtds.jdbc.JtdsConnection@7b8a4607
2026-07-31 16:39:41.752 DEBUG 21088 --- [nio-9060-exec-6] o.s.w.s.m.m.a.HttpEntityMethodProcessor  : Using 'application/json', given [application/json, text/plain, */*] and supported [application/json, application/*+json, application/json, application/*+json]
2026-07-31 16:39:41.752 DEBUG 21088 --- [nio-9060-exec-6] o.s.w.s.m.m.a.HttpEntityMethodProcessor  : Writing [com.example.TigoStarSystem.common.ApiResponse@172356ae]
2026-07-31 16:39:41.758 DEBUG 21088 --- [nio-9060-exec-6] o.s.web.servlet.DispatcherServlet        : Completed 200 OK
2026-07-31 16:39:41.814 DEBUG 21088 --- [nio-9060-exec-7] o.s.web.servlet.DispatcherServlet        : GET "/auth/sucursales", parameters={}
2026-07-31 16:39:41.814 DEBUG 21088 --- [nio-9060-exec-7] s.w.s.m.m.a.RequestMappingHandlerMapping : Mapped to com.example.TigoStarSystem.auth.controller.AuthController#listarSucursales()
2026-07-31 16:39:41.815  INFO 21088 --- [nio-9060-exec-7] c.e.T.auth.controller.AuthController     : Request GET /auth/sucursales
2026-07-31 16:39:41.816 DEBUG 21088 --- [nio-9060-exec-8] o.s.web.servlet.DispatcherServlet        : GET "/supervisor/conformacion-cuadrilla-web/catalogos/digitadores", parameters={}
2026-07-31 16:39:41.816 DEBUG 21088 --- [nio-9060-exec-8] s.w.s.m.m.a.RequestMappingHandlerMapping : Mapped to com.example.TigoStarSystem.supervisor.controller.ConformacionCuadrillaWebController#listarDigitadores(String, String)
2026-07-31 16:39:41.818 DEBUG 21088 --- [nio-9060-exec-7] o.s.jdbc.core.JdbcTemplate               : Executing SQL query [EXEC dbo.spx_ObtenerSucursalesConexionWeb]
2026-07-31 16:39:41.818 DEBUG 21088 --- [nio-9060-exec-7] o.s.jdbc.datasource.DataSourceUtils      : Fetching JDBC Connection from DataSource
2026-07-31 16:39:41.822 DEBUG 21088 --- [nio-9060-exec-3] o.s.web.servlet.DispatcherServlet        : GET "/supervisor/conformacion-cuadrilla-web/catalogos/supervisores", parameters={}
2026-07-31 16:39:41.823 DEBUG 21088 --- [nio-9060-exec-3] s.w.s.m.m.a.RequestMappingHandlerMapping : Mapped to com.example.TigoStarSystem.supervisor.controller.ConformacionCuadrillaWebController#listarSupervisores(String, String)
2026-07-31 16:39:41.823 DEBUG 21088 --- [io-9060-exec-10] o.s.web.servlet.DispatcherServlet        : GET "/supervisor/conformacion-cuadrilla-web/catalogos/salesforce", parameters={}
2026-07-31 16:39:41.823 DEBUG 21088 --- [io-9060-exec-10] s.w.s.m.m.a.RequestMappingHandlerMapping : Mapped to com.example.TigoStarSystem.supervisor.controller.ConformacionCuadrillaWebController#listarSalesforce(String, String, Integer, String)
2026-07-31 16:39:41.826 DEBUG 21088 --- [nio-9060-exec-5] o.s.web.servlet.DispatcherServlet        : GET "/supervisor/conformacion-cuadrilla-web?limite=200", parameters={masked}
2026-07-31 16:39:41.827 DEBUG 21088 --- [nio-9060-exec-5] s.w.s.m.m.a.RequestMappingHandlerMapping : Mapped to com.example.TigoStarSystem.supervisor.controller.ConformacionCuadrillaWebController#listar(String, LocalDate, String, Integer)
2026-07-31 16:39:41.835 DEBUG 21088 --- [nio-9060-exec-5] o.s.jdbc.core.JdbcTemplate               : Executing SQL query [EXEC dbo.spx_ObtenerSucursalesConexionWeb]
2026-07-31 16:39:41.835 DEBUG 21088 --- [io-9060-exec-10] o.s.jdbc.core.JdbcTemplate               : Executing SQL query [EXEC dbo.spx_ObtenerSucursalesConexionWeb]
2026-07-31 16:39:41.836 DEBUG 21088 --- [nio-9060-exec-5] o.s.jdbc.datasource.DataSourceUtils      : Fetching JDBC Connection from DataSource
2026-07-31 16:39:41.836 DEBUG 21088 --- [io-9060-exec-10] o.s.jdbc.datasource.DataSourceUtils      : Fetching JDBC Connection from DataSource
2026-07-31 16:39:41.835 DEBUG 21088 --- [nio-9060-exec-8] o.s.jdbc.core.JdbcTemplate               : Executing SQL query [EXEC dbo.spx_ObtenerSucursalesConexionWeb]
2026-07-31 16:39:41.835 DEBUG 21088 --- [nio-9060-exec-3] o.s.jdbc.core.JdbcTemplate               : Executing SQL query [EXEC dbo.spx_ObtenerSucursalesConexionWeb]
2026-07-31 16:39:41.836 DEBUG 21088 --- [nio-9060-exec-8] o.s.jdbc.datasource.DataSourceUtils      : Fetching JDBC Connection from DataSource
2026-07-31 16:39:41.836 DEBUG 21088 --- [nio-9060-exec-3] o.s.jdbc.datasource.DataSourceUtils      : Fetching JDBC Connection from DataSource
2026-07-31 16:39:41.841 DEBUG 21088 --- [nio-9060-exec-2] o.s.jdbc.core.JdbcTemplate               : Executing prepared SQL query
2026-07-31 16:39:41.841 DEBUG 21088 --- [nio-9060-exec-2] o.s.jdbc.core.JdbcTemplate               : Executing prepared SQL statement [EXEC dbo.spx_ObtenerPrivilegiosRolDetalle ?]
2026-07-31 16:39:41.841 DEBUG 21088 --- [nio-9060-exec-2] o.s.jdbc.datasource.DataSourceUtils      : Fetching JDBC Connection from DataSource
2026-07-31 16:39:41.878 DEBUG 21088 --- [nio-9060-exec-2] o.s.w.s.m.m.a.HttpEntityMethodProcessor  : Using 'application/json', given [application/json, text/plain, */*] and supported [application/json, application/*+json, application/json, application/*+json]
2026-07-31 16:39:41.878 DEBUG 21088 --- [nio-9060-exec-2] o.s.w.s.m.m.a.HttpEntityMethodProcessor  : Writing [com.example.TigoStarSystem.common.ApiResponse@620ce262]
2026-07-31 16:39:41.880 DEBUG 21088 --- [nio-9060-exec-2] o.s.web.servlet.DispatcherServlet        : Completed 200 OK
2026-07-31 16:39:41.883 DEBUG 21088 --- [nio-9060-exec-5] o.s.jdbc.core.JdbcTemplate               : Executing SQL query [EXEC dbo.spx_ObtenerSucursalesConexionWeb]
2026-07-31 16:39:41.883 DEBUG 21088 --- [nio-9060-exec-5] o.s.jdbc.datasource.DataSourceUtils      : Fetching JDBC Connection from DataSource
2026-07-31 16:39:41.886 DEBUG 21088 --- [nio-9060-exec-1] o.s.web.servlet.DispatcherServlet        : GET "/supervisor/conformacion-cuadrilla-web/catalogos/actividades", parameters={}
2026-07-31 16:39:41.886 DEBUG 21088 --- [nio-9060-exec-1] s.w.s.m.m.a.RequestMappingHandlerMapping : Mapped to com.example.TigoStarSystem.supervisor.controller.ConformacionCuadrillaWebController#listarActividades(String, String)
2026-07-31 16:39:41.890 DEBUG 21088 --- [nio-9060-exec-1] o.s.jdbc.core.JdbcTemplate               : Executing SQL query [EXEC dbo.spx_ObtenerSucursalesConexionWeb]
2026-07-31 16:39:41.890 DEBUG 21088 --- [nio-9060-exec-1] o.s.jdbc.datasource.DataSourceUtils      : Fetching JDBC Connection from DataSource
2026-07-31 16:39:41.900 DEBUG 21088 --- [io-9060-exec-10] o.s.jdbc.core.JdbcTemplate               : Executing SQL query [EXEC dbo.spx_ObtenerSucursalesConexionWeb]
2026-07-31 16:39:41.901 DEBUG 21088 --- [nio-9060-exec-7] o.s.w.s.m.m.a.HttpEntityMethodProcessor  : Using 'application/json', given [application/json, text/plain, */*] and supported [application/json, application/*+json, application/json, application/*+json]
2026-07-31 16:39:41.901 DEBUG 21088 --- [io-9060-exec-10] o.s.jdbc.datasource.DataSourceUtils      : Fetching JDBC Connection from DataSource
2026-07-31 16:39:41.901 DEBUG 21088 --- [io-9060-exec-10] com.zaxxer.hikari.pool.HikariPool        : HikariPool-1 - Add connection elided, waiting 3, queue 5
2026-07-31 16:39:41.901 DEBUG 21088 --- [nio-9060-exec-7] o.s.w.s.m.m.a.HttpEntityMethodProcessor  : Writing [com.example.TigoStarSystem.common.ApiResponse@1a3ab1e7]
2026-07-31 16:39:41.903 DEBUG 21088 --- [nio-9060-exec-7] o.s.web.servlet.DispatcherServlet        : Completed 200 OK
2026-07-31 16:39:41.910 DEBUG 21088 --- [nio-9060-exec-9] o.s.web.servlet.DispatcherServlet        : GET "/supervisor/conformacion-cuadrilla-web/catalogos/auxiliares", parameters={}
2026-07-31 16:39:41.910 DEBUG 21088 --- [nio-9060-exec-9] s.w.s.m.m.a.RequestMappingHandlerMapping : Mapped to com.example.TigoStarSystem.supervisor.controller.ConformacionCuadrillaWebController#listarAuxiliares(String, String)
2026-07-31 16:39:41.914 DEBUG 21088 --- [nio-9060-exec-9] o.s.jdbc.core.JdbcTemplate               : Executing SQL query [EXEC dbo.spx_ObtenerSucursalesConexionWeb]
2026-07-31 16:39:41.914 DEBUG 21088 --- [nio-9060-exec-9] o.s.jdbc.datasource.DataSourceUtils      : Fetching JDBC Connection from DataSource
2026-07-31 16:39:41.914 DEBUG 21088 --- [nio-9060-exec-9] com.zaxxer.hikari.pool.HikariPool        : HikariPool-1 - Add connection elided, waiting 4, queue 5
2026-07-31 16:39:41.931 DEBUG 21088 --- [onnection adder] com.zaxxer.hikari.pool.HikariPool        : HikariPool-1 - Added connection net.sourceforge.jtds.jdbc.JtdsConnection@384f50d4
2026-07-31 16:39:41.936 DEBUG 21088 --- [nio-9060-exec-3] o.s.jdbc.core.JdbcTemplate               : Executing SQL query [EXEC dbo.spx_ObtenerSucursalesConexionWeb]
2026-07-31 16:39:41.936 DEBUG 21088 --- [nio-9060-exec-8] o.s.jdbc.core.JdbcTemplate               : Executing SQL query [EXEC dbo.spx_ObtenerSucursalesConexionWeb]
2026-07-31 16:39:41.936 DEBUG 21088 --- [nio-9060-exec-3] o.s.jdbc.datasource.DataSourceUtils      : Fetching JDBC Connection from DataSource
2026-07-31 16:39:41.936 DEBUG 21088 --- [nio-9060-exec-8] o.s.jdbc.datasource.DataSourceUtils      : Fetching JDBC Connection from DataSource
2026-07-31 16:39:41.936 DEBUG 21088 --- [nio-9060-exec-3] com.zaxxer.hikari.pool.HikariPool        : HikariPool-1 - Add connection elided, waiting 2, queue 4
2026-07-31 16:39:41.936 DEBUG 21088 --- [nio-9060-exec-8] com.zaxxer.hikari.pool.HikariPool        : HikariPool-1 - Add connection elided, waiting 3, queue 4
2026-07-31 16:39:41.959 DEBUG 21088 --- [nio-9060-exec-1] o.s.jdbc.core.JdbcTemplate               : Executing SQL query [EXEC dbo.spx_ObtenerSucursalesConexionWeb]
2026-07-31 16:39:41.959 DEBUG 21088 --- [nio-9060-exec-1] o.s.jdbc.datasource.DataSourceUtils      : Fetching JDBC Connection from DataSource
2026-07-31 16:39:41.959 DEBUG 21088 --- [nio-9060-exec-1] com.zaxxer.hikari.pool.HikariPool        : HikariPool-1 - Add connection elided, waiting 1, queue 4
2026-07-31 16:39:41.960 DEBUG 21088 --- [nio-9060-exec-5] o.s.j.d.DriverManagerDataSource          : Loaded JDBC driver: net.sourceforge.jtds.jdbc.Driver
2026-07-31 16:39:41.960 DEBUG 21088 --- [io-9060-exec-10] o.s.j.d.DriverManagerDataSource          : Loaded JDBC driver: net.sourceforge.jtds.jdbc.Driver
2026-07-31 16:39:41.961 DEBUG 21088 --- [nio-9060-exec-5] o.s.jdbc.core.JdbcTemplate               : Executing SQL query [EXEC dbo.spx_ObtenerRutaXIdTecnico]
2026-07-31 16:39:41.961 DEBUG 21088 --- [nio-9060-exec-5] o.s.jdbc.datasource.DataSourceUtils      : Fetching JDBC Connection from DataSource
2026-07-31 16:39:41.961 DEBUG 21088 --- [io-9060-exec-10] o.s.jdbc.core.JdbcTemplate               : Executing SQL query [SELECT * FROM dbo.tbl_SalesForce]
2026-07-31 16:39:41.961 DEBUG 21088 --- [io-9060-exec-10] o.s.jdbc.datasource.DataSourceUtils      : Fetching JDBC Connection from DataSource
2026-07-31 16:39:41.961 DEBUG 21088 --- [nio-9060-exec-5] o.s.j.d.DriverManagerDataSource          : Creating new JDBC DriverManager Connection to [jdbc:jtds:sqlserver://tigo.makiro.com.bo/BDSistemaAntenaPM]
2026-07-31 16:39:41.961 DEBUG 21088 --- [io-9060-exec-10] o.s.j.d.DriverManagerDataSource          : Creating new JDBC DriverManager Connection to [jdbc:jtds:sqlserver://tigo.makiro.com.bo/BDSistemaAntenaPM]
2026-07-31 16:39:42.074 DEBUG 21088 --- [nio-9060-exec-3] o.s.j.d.DriverManagerDataSource          : Loaded JDBC driver: net.sourceforge.jtds.jdbc.Driver
2026-07-31 16:39:42.074 DEBUG 21088 --- [nio-9060-exec-3] o.s.jdbc.core.JdbcTemplate               : Executing SQL query [EXEC dbo.spx_ObtenerSupervisoresConformacionCuadrillaWeb]
2026-07-31 16:39:42.074 DEBUG 21088 --- [nio-9060-exec-3] o.s.jdbc.datasource.DataSourceUtils      : Fetching JDBC Connection from DataSource
2026-07-31 16:39:42.074 DEBUG 21088 --- [nio-9060-exec-8] o.s.j.d.DriverManagerDataSource          : Loaded JDBC driver: net.sourceforge.jtds.jdbc.Driver
2026-07-31 16:39:42.074 DEBUG 21088 --- [nio-9060-exec-3] o.s.j.d.DriverManagerDataSource          : Creating new JDBC DriverManager Connection to [jdbc:jtds:sqlserver://tigo.makiro.com.bo/BDSistemaAntenaPM]
2026-07-31 16:39:42.074 DEBUG 21088 --- [nio-9060-exec-8] o.s.jdbc.core.JdbcTemplate               : Executing SQL query [EXEC dbo.spx_ObtenerDigitadoresConformacionCuadrillaWeb]
2026-07-31 16:39:42.074 DEBUG 21088 --- [nio-9060-exec-8] o.s.jdbc.datasource.DataSourceUtils      : Fetching JDBC Connection from DataSource
2026-07-31 16:39:42.074 DEBUG 21088 --- [nio-9060-exec-8] o.s.j.d.DriverManagerDataSource          : Creating new JDBC DriverManager Connection to [jdbc:jtds:sqlserver://tigo.makiro.com.bo/BDSistemaAntenaPM]
2026-07-31 16:39:42.075 DEBUG 21088 --- [nio-9060-exec-9] o.s.jdbc.core.JdbcTemplate               : Executing SQL query [EXEC dbo.spx_ObtenerSucursalesConexionWeb]
2026-07-31 16:39:42.075 DEBUG 21088 --- [nio-9060-exec-9] o.s.jdbc.datasource.DataSourceUtils      : Fetching JDBC Connection from DataSource
2026-07-31 16:39:42.100 DEBUG 21088 --- [onnection adder] com.zaxxer.hikari.pool.HikariPool        : HikariPool-1 - Added connection net.sourceforge.jtds.jdbc.JtdsConnection@7d4dc9b9
2026-07-31 16:39:42.135 DEBUG 21088 --- [nio-9060-exec-9] o.s.j.d.DriverManagerDataSource          : Loaded JDBC driver: net.sourceforge.jtds.jdbc.Driver
2026-07-31 16:39:42.135 DEBUG 21088 --- [nio-9060-exec-9] o.s.jdbc.core.JdbcTemplate               : Executing prepared SQL query
2026-07-31 16:39:42.135 DEBUG 21088 --- [nio-9060-exec-9] o.s.jdbc.core.JdbcTemplate               : Executing prepared SQL statement [SELECT v.Id_Vendedor AS Id_Vendedor, v.Nombre AS Nombre, v.Direccion AS Direccion, v.CI AS CI, v.Telefono AS Telefono, v.Observacion AS Observacion, v.E_Eliminado AS E_Eliminado, v.id_TipoSolicitante AS id_TipoSolicitante, v.Lleva_Herramientas AS Lleva_Herramientas, v.CodEmpleado AS CodEmpleado, v.cuentaSF AS cuentaSF, v.idvehiculo AS idvehiculo, v.grupoDigitacion AS grupoDigitacion, v.idUsuarioRegistro AS idUsuarioRegistro, v.NombreNPS AS NombreNPS FROM dbo.tbl_Vendedor v WHERE ISNULL(v.E_Eliminado, 0) = 0 AND v.id_TipoSolicitante = ? ORDER BY v.Nombre]
2026-07-31 16:39:42.136 DEBUG 21088 --- [nio-9060-exec-9] o.s.jdbc.datasource.DataSourceUtils      : Fetching JDBC Connection from DataSource
2026-07-31 16:39:42.136 DEBUG 21088 --- [nio-9060-exec-9] o.s.j.d.DriverManagerDataSource          : Creating new JDBC DriverManager Connection to [jdbc:jtds:sqlserver://tigo.makiro.com.bo/BDSistemaAntenaPM]
2026-07-31 16:39:42.213 DEBUG 21088 --- [nio-9060-exec-5] o.s.jdbc.datasource.DataSourceUtils      : Fetching JDBC Connection from DataSource
2026-07-31 16:39:42.214 DEBUG 21088 --- [nio-9060-exec-5] o.s.j.d.DriverManagerDataSource          : Creating new JDBC DriverManager Connection to [jdbc:jtds:sqlserver://tigo.makiro.com.bo/BDSistemaAntenaPM]
2026-07-31 16:39:42.216 DEBUG 21088 --- [io-9060-exec-10] o.s.w.s.m.m.a.HttpEntityMethodProcessor  : Using 'application/json', given [application/json, text/plain, */*] and supported [application/json, application/*+json, application/json, application/*+json]
2026-07-31 16:39:42.217 DEBUG 21088 --- [io-9060-exec-10] o.s.w.s.m.m.a.HttpEntityMethodProcessor  : Writing [com.example.TigoStarSystem.common.ApiResponse@557b52a8]
2026-07-31 16:39:42.223 DEBUG 21088 --- [io-9060-exec-10] o.s.web.servlet.DispatcherServlet        : Completed 200 OK
2026-07-31 16:39:42.229 DEBUG 21088 --- [nio-9060-exec-4] o.s.web.servlet.DispatcherServlet        : GET "/supervisor/conformacion-cuadrilla-web/catalogos/tecnicos", parameters={}
2026-07-31 16:39:42.229 DEBUG 21088 --- [nio-9060-exec-4] s.w.s.m.m.a.RequestMappingHandlerMapping : Mapped to com.example.TigoStarSystem.supervisor.controller.ConformacionCuadrillaWebController#listarTecnicos(String, String, Integer, String)
2026-07-31 16:39:42.232 DEBUG 21088 --- [nio-9060-exec-4] o.s.jdbc.core.JdbcTemplate               : Executing SQL query [EXEC dbo.spx_ObtenerSucursalesConexionWeb]
2026-07-31 16:39:42.232 DEBUG 21088 --- [nio-9060-exec-4] o.s.jdbc.datasource.DataSourceUtils      : Fetching JDBC Connection from DataSource
2026-07-31 16:39:42.267 DEBUG 21088 --- [nio-9060-exec-8] o.s.w.s.m.m.a.HttpEntityMethodProcessor  : Using 'application/json', given [application/json, text/plain, */*] and supported [application/json, application/*+json, application/json, application/*+json]
2026-07-31 16:39:42.267 DEBUG 21088 --- [nio-9060-exec-3] o.s.w.s.m.m.a.HttpEntityMethodProcessor  : Using 'application/json', given [application/json, text/plain, */*] and supported [application/json, application/*+json, application/json, application/*+json]
2026-07-31 16:39:42.267 DEBUG 21088 --- [nio-9060-exec-4] o.s.jdbc.core.JdbcTemplate               : Executing SQL query [EXEC dbo.spx_ObtenerSucursalesConexionWeb]
2026-07-31 16:39:42.268 DEBUG 21088 --- [nio-9060-exec-4] o.s.jdbc.datasource.DataSourceUtils      : Fetching JDBC Connection from DataSource
2026-07-31 16:39:42.268 DEBUG 21088 --- [nio-9060-exec-8] o.s.w.s.m.m.a.HttpEntityMethodProcessor  : Writing [com.example.TigoStarSystem.common.ApiResponse@2667ece7]
2026-07-31 16:39:42.268 DEBUG 21088 --- [nio-9060-exec-3] o.s.w.s.m.m.a.HttpEntityMethodProcessor  : Writing [com.example.TigoStarSystem.common.ApiResponse@177af43c]
2026-07-31 16:39:42.269 DEBUG 21088 --- [nio-9060-exec-8] o.s.web.servlet.DispatcherServlet        : Completed 200 OK
2026-07-31 16:39:42.271 DEBUG 21088 --- [nio-9060-exec-3] o.s.web.servlet.DispatcherServlet        : Completed 200 OK
2026-07-31 16:39:42.275 DEBUG 21088 --- [nio-9060-exec-6] o.s.web.servlet.DispatcherServlet        : GET "/supervisor/conformacion-cuadrilla-web/catalogos/vehiculos", parameters={}
2026-07-31 16:39:42.275 DEBUG 21088 --- [nio-9060-exec-6] s.w.s.m.m.a.RequestMappingHandlerMapping : Mapped to com.example.TigoStarSystem.supervisor.controller.ConformacionCuadrillaWebController#listarVehiculos(String, String, String)
2026-07-31 16:39:42.276 DEBUG 21088 --- [nio-9060-exec-2] o.s.web.servlet.DispatcherServlet        : GET "/supervisor/conformacion-cuadrilla/pendientes?fecha=2026-07-31&limit=200&limite=200", parameters={masked}
2026-07-31 16:39:42.276 DEBUG 21088 --- [nio-9060-exec-2] s.w.s.m.m.a.RequestMappingHandlerMapping : Mapped to com.example.TigoStarSystem.supervisor.controller.ConformacionCuadrillaController#listarPendientes(LocalDate, String, String, Integer)
2026-07-31 16:39:42.279 DEBUG 21088 --- [nio-9060-exec-6] o.s.jdbc.core.JdbcTemplate               : Executing SQL query [EXEC dbo.spx_ObtenerSucursalesConexionWeb]
2026-07-31 16:39:42.279 DEBUG 21088 --- [nio-9060-exec-6] o.s.jdbc.datasource.DataSourceUtils      : Fetching JDBC Connection from DataSource
2026-07-31 16:39:42.281 DEBUG 21088 --- [nio-9060-exec-2] o.s.jdbc.core.JdbcTemplate               : Executing prepared SQL query
2026-07-31 16:39:42.281 DEBUG 21088 --- [nio-9060-exec-2] o.s.jdbc.core.JdbcTemplate               : Executing prepared SQL statement [SELECT * FROM dbo.tbl_ConformacionCuadrillaDiario WHERE 1=1 AND CONVERT(date, fecha) = CONVERT(date, ?) ORDER BY fechaRegistro DESC, id DESC]
2026-07-31 16:39:42.281 DEBUG 21088 --- [nio-9060-exec-2] o.s.jdbc.datasource.DataSourceUtils      : Fetching JDBC Connection from DataSource
2026-07-31 16:39:42.303 DEBUG 21088 --- [nio-9060-exec-4] o.s.j.d.DriverManagerDataSource          : Loaded JDBC driver: net.sourceforge.jtds.jdbc.Driver
2026-07-31 16:39:42.303 DEBUG 21088 --- [nio-9060-exec-4] o.s.jdbc.core.JdbcTemplate               : Executing SQL query [SELECT v.Id_Vendedor AS Id_Vendedor, v.Nombre AS Nombre, v.Direccion AS Direccion, v.CI AS CI, v.Telefono AS Telefono, v.Observacion AS Observacion, v.E_Eliminado AS E_Eliminado, v.id_TipoSolicitante AS id_TipoSolicitante, v.Lleva_Herramientas AS Lleva_Herramientas, v.CodEmpleado AS CodEmpleado, v.cuentaSF AS cuentaSF, v.idvehiculo AS idvehiculo, v.grupoDigitacion AS grupoDigitacion, v.idUsuarioRegistro AS idUsuarioRegistro, v.NombreNPS AS NombreNPS FROM dbo.tbl_Vendedor v WHERE ISNULL(v.E_Eliminado, 0) = 0 ORDER BY v.Nombre]
2026-07-31 16:39:42.303 DEBUG 21088 --- [nio-9060-exec-4] o.s.jdbc.datasource.DataSourceUtils      : Fetching JDBC Connection from DataSource
2026-07-31 16:39:42.303 DEBUG 21088 --- [nio-9060-exec-4] o.s.j.d.DriverManagerDataSource          : Creating new JDBC DriverManager Connection to [jdbc:jtds:sqlserver://tigo.makiro.com.bo/BDSistemaAntenaPM]
2026-07-31 16:39:42.303 DEBUG 21088 --- [nio-9060-exec-6] o.s.jdbc.core.JdbcTemplate               : Executing SQL query [EXEC dbo.spx_ObtenerSucursalesConexionWeb]
2026-07-31 16:39:42.303 DEBUG 21088 --- [nio-9060-exec-6] o.s.jdbc.datasource.DataSourceUtils      : Fetching JDBC Connection from DataSource
2026-07-31 16:39:42.304 DEBUG 21088 --- [nio-9060-exec-5] o.s.w.s.m.m.a.HttpEntityMethodProcessor  : Using 'application/json', given [application/json, text/plain, */*] and supported [application/json, application/*+json, application/json, application/*+json]
2026-07-31 16:39:42.304 DEBUG 21088 --- [nio-9060-exec-5] o.s.w.s.m.m.a.HttpEntityMethodProcessor  : Writing [com.example.TigoStarSystem.common.ApiResponse@3e84e947]
2026-07-31 16:39:42.304 DEBUG 21088 --- [nio-9060-exec-9] o.s.w.s.m.m.a.HttpEntityMethodProcessor  : Using 'application/json', given [application/json, text/plain, */*] and supported [application/json, application/*+json, application/json, application/*+json]
2026-07-31 16:39:42.304 DEBUG 21088 --- [nio-9060-exec-9] o.s.w.s.m.m.a.HttpEntityMethodProcessor  : Writing [com.example.TigoStarSystem.common.ApiResponse@6579cd5]
2026-07-31 16:39:42.304 DEBUG 21088 --- [nio-9060-exec-5] o.s.web.servlet.DispatcherServlet        : Completed 200 OK
2026-07-31 16:39:42.305 DEBUG 21088 --- [nio-9060-exec-9] o.s.web.servlet.DispatcherServlet        : Completed 200 OK
2026-07-31 16:39:42.310 DEBUG 21088 --- [nio-9060-exec-7] o.s.web.servlet.DispatcherServlet        : GET "/supervisor/conformacion-cuadrilla/confirmadas?fecha=2026-07-31&limit=200&limite=200", parameters={masked}
2026-07-31 16:39:42.310 DEBUG 21088 --- [nio-9060-exec-7] s.w.s.m.m.a.RequestMappingHandlerMapping : Mapped to com.example.TigoStarSystem.supervisor.controller.ConformacionCuadrillaController#listarConfirmadas(LocalDate, String, String, Integer)
2026-07-31 16:39:42.312 DEBUG 21088 --- [io-9060-exec-10] o.s.web.servlet.DispatcherServlet        : GET "/auth/sucursales", parameters={}
2026-07-31 16:39:42.312 DEBUG 21088 --- [io-9060-exec-10] s.w.s.m.m.a.RequestMappingHandlerMapping : Mapped to com.example.TigoStarSystem.auth.controller.AuthController#listarSucursales()
2026-07-31 16:39:42.312 DEBUG 21088 --- [nio-9060-exec-7] o.s.jdbc.core.JdbcTemplate               : Executing prepared SQL query
2026-07-31 16:39:42.312 DEBUG 21088 --- [nio-9060-exec-7] o.s.jdbc.core.JdbcTemplate               : Executing prepared SQL statement [SELECT * FROM dbo.tbl_ConformacionCuadrillaDiario WHERE 1=1 AND CONVERT(date, fecha) = CONVERT(date, ?) ORDER BY fechaRegistro DESC, id DESC]
2026-07-31 16:39:42.312 DEBUG 21088 --- [nio-9060-exec-7] o.s.jdbc.datasource.DataSourceUtils      : Fetching JDBC Connection from DataSource
2026-07-31 16:39:42.312  INFO 21088 --- [io-9060-exec-10] c.e.T.auth.controller.AuthController     : Request GET /auth/sucursales
2026-07-31 16:39:42.312 DEBUG 21088 --- [io-9060-exec-10] o.s.jdbc.core.JdbcTemplate               : Executing SQL query [EXEC dbo.spx_ObtenerSucursalesConexionWeb]
2026-07-31 16:39:42.312 DEBUG 21088 --- [io-9060-exec-10] o.s.jdbc.datasource.DataSourceUtils      : Fetching JDBC Connection from DataSource
2026-07-31 16:39:42.385 DEBUG 21088 --- [io-9060-exec-10] o.s.w.s.m.m.a.HttpEntityMethodProcessor  : Using 'application/json', given [application/json, text/plain, */*] and supported [application/json, application/*+json, application/json, application/*+json]
2026-07-31 16:39:42.385 DEBUG 21088 --- [io-9060-exec-10] o.s.w.s.m.m.a.HttpEntityMethodProcessor  : Writing [com.example.TigoStarSystem.common.ApiResponse@6f1aa9d7]
2026-07-31 16:39:42.386 DEBUG 21088 --- [io-9060-exec-10] o.s.web.servlet.DispatcherServlet        : Completed 200 OK
2026-07-31 16:39:42.401 DEBUG 21088 --- [nio-9060-exec-8] o.s.web.servlet.DispatcherServlet        : GET "/supervisor/conformacion-cuadrilla-web/catalogos/digitadores?sucursal=SantaCruz", parameters={masked}
2026-07-31 16:39:42.401 DEBUG 21088 --- [nio-9060-exec-8] s.w.s.m.m.a.RequestMappingHandlerMapping : Mapped to com.example.TigoStarSystem.supervisor.controller.ConformacionCuadrillaWebController#listarDigitadores(String, String)
2026-07-31 16:39:42.402 DEBUG 21088 --- [nio-9060-exec-8] o.s.jdbc.core.JdbcTemplate               : Executing SQL query [EXEC dbo.spx_ObtenerSucursalesConexionWeb]
2026-07-31 16:39:42.402 DEBUG 21088 --- [nio-9060-exec-8] o.s.jdbc.datasource.DataSourceUtils      : Fetching JDBC Connection from DataSource
2026-07-31 16:39:42.442 DEBUG 21088 --- [nio-9060-exec-8] o.s.j.d.DriverManagerDataSource          : Loaded JDBC driver: net.sourceforge.jtds.jdbc.Driver
2026-07-31 16:39:42.442 DEBUG 21088 --- [nio-9060-exec-6] o.s.j.d.DriverManagerDataSource          : Loaded JDBC driver: net.sourceforge.jtds.jdbc.Driver
2026-07-31 16:39:42.442 DEBUG 21088 --- [nio-9060-exec-8] o.s.jdbc.core.JdbcTemplate               : Executing SQL query [EXEC dbo.spx_ObtenerDigitadoresConformacionCuadrillaWeb]
2026-07-31 16:39:42.442 DEBUG 21088 --- [nio-9060-exec-6] o.s.jdbc.core.JdbcTemplate               : Executing SQL query [EXEC dbo.spx_ObtenerVehiculosConformacionCuadrillaWeb]
2026-07-31 16:39:42.442 DEBUG 21088 --- [nio-9060-exec-8] o.s.jdbc.datasource.DataSourceUtils      : Fetching JDBC Connection from DataSource
2026-07-31 16:39:42.442 DEBUG 21088 --- [nio-9060-exec-6] o.s.jdbc.datasource.DataSourceUtils      : Fetching JDBC Connection from DataSource
2026-07-31 16:39:42.442 DEBUG 21088 --- [nio-9060-exec-8] o.s.j.d.DriverManagerDataSource          : Creating new JDBC DriverManager Connection to [jdbc:jtds:sqlserver://tigo.makiro.com.bo/BDSistemaAntenaPM]
2026-07-31 16:39:42.442 DEBUG 21088 --- [nio-9060-exec-6] o.s.j.d.DriverManagerDataSource          : Creating new JDBC DriverManager Connection to [jdbc:jtds:sqlserver://tigo.makiro.com.bo/BDSistemaAntenaPM]
2026-07-31 16:39:42.444 DEBUG 21088 --- [nio-9060-exec-2] o.s.w.s.m.m.a.HttpEntityMethodProcessor  : Using 'application/json', given [application/json, text/plain, */*] and supported [application/json, application/*+json, application/json, application/*+json]
2026-07-31 16:39:42.444 DEBUG 21088 --- [nio-9060-exec-2] o.s.w.s.m.m.a.HttpEntityMethodProcessor  : Writing [com.example.TigoStarSystem.common.ApiResponse@3539554f]
2026-07-31 16:39:42.445 DEBUG 21088 --- [nio-9060-exec-2] o.s.web.servlet.DispatcherServlet        : Completed 200 OK
2026-07-31 16:39:42.451 DEBUG 21088 --- [nio-9060-exec-3] o.s.web.servlet.DispatcherServlet        : GET "/supervisor/conformacion-cuadrilla-web/catalogos/supervisores?sucursal=SantaCruz", parameters={masked}
2026-07-31 16:39:42.451 DEBUG 21088 --- [nio-9060-exec-3] s.w.s.m.m.a.RequestMappingHandlerMapping : Mapped to com.example.TigoStarSystem.supervisor.controller.ConformacionCuadrillaWebController#listarSupervisores(String, String)
2026-07-31 16:39:42.452 DEBUG 21088 --- [nio-9060-exec-3] o.s.jdbc.core.JdbcTemplate               : Executing SQL query [EXEC dbo.spx_ObtenerSucursalesConexionWeb]
2026-07-31 16:39:42.452 DEBUG 21088 --- [nio-9060-exec-3] o.s.jdbc.datasource.DataSourceUtils      : Fetching JDBC Connection from DataSource
2026-07-31 16:39:42.479 DEBUG 21088 --- [nio-9060-exec-1] o.s.j.d.DriverManagerDataSource          : Loaded JDBC driver: net.sourceforge.jtds.jdbc.Driver
2026-07-31 16:39:42.479 DEBUG 21088 --- [nio-9060-exec-3] o.s.j.d.DriverManagerDataSource          : Loaded JDBC driver: net.sourceforge.jtds.jdbc.Driver
2026-07-31 16:39:42.479 DEBUG 21088 --- [nio-9060-exec-1] o.s.jdbc.core.JdbcTemplate               : Executing SQL query [EXEC dbo.spx_ObtenerActividadesConformacionCuadrillaWeb]
2026-07-31 16:39:42.479 DEBUG 21088 --- [nio-9060-exec-1] o.s.jdbc.datasource.DataSourceUtils      : Fetching JDBC Connection from DataSource
2026-07-31 16:39:42.479 DEBUG 21088 --- [nio-9060-exec-3] o.s.jdbc.core.JdbcTemplate               : Executing SQL query [EXEC dbo.spx_ObtenerSupervisoresConformacionCuadrillaWeb]
2026-07-31 16:39:42.479 DEBUG 21088 --- [nio-9060-exec-1] o.s.j.d.DriverManagerDataSource          : Creating new JDBC DriverManager Connection to [jdbc:jtds:sqlserver://tigo.makiro.com.bo/BDSistemaAntenaPM]
2026-07-31 16:39:42.479 DEBUG 21088 --- [nio-9060-exec-3] o.s.jdbc.datasource.DataSourceUtils      : Fetching JDBC Connection from DataSource
2026-07-31 16:39:42.479 DEBUG 21088 --- [nio-9060-exec-3] o.s.j.d.DriverManagerDataSource          : Creating new JDBC DriverManager Connection to [jdbc:jtds:sqlserver://tigo.makiro.com.bo/BDSistemaAntenaPM]
2026-07-31 16:39:42.653 DEBUG 21088 --- [nio-9060-exec-4] o.s.w.s.m.m.a.HttpEntityMethodProcessor  : Using 'application/json', given [application/json, text/plain, */*] and supported [application/json, application/*+json, application/json, application/*+json]
2026-07-31 16:39:42.653 DEBUG 21088 --- [nio-9060-exec-4] o.s.w.s.m.m.a.HttpEntityMethodProcessor  : Writing [com.example.TigoStarSystem.common.ApiResponse@5394c1a8]
2026-07-31 16:39:42.655 DEBUG 21088 --- [nio-9060-exec-4] o.s.web.servlet.DispatcherServlet        : Completed 200 OK
2026-07-31 16:39:42.655 DEBUG 21088 --- [nio-9060-exec-7] o.s.w.s.m.m.a.HttpEntityMethodProcessor  : Using 'application/json', given [application/json, text/plain, */*] and supported [application/json, application/*+json, application/json, application/*+json]
2026-07-31 16:39:42.655 DEBUG 21088 --- [nio-9060-exec-7] o.s.w.s.m.m.a.HttpEntityMethodProcessor  : Writing [com.example.TigoStarSystem.common.ApiResponse@390ba976]
2026-07-31 16:39:42.657 DEBUG 21088 --- [nio-9060-exec-7] o.s.web.servlet.DispatcherServlet        : Completed 200 OK
2026-07-31 16:39:42.660 DEBUG 21088 --- [nio-9060-exec-5] o.s.web.servlet.DispatcherServlet        : GET "/supervisor/conformacion-cuadrilla-web/catalogos/salesforce?sucursal=SantaCruz", parameters={masked}
2026-07-31 16:39:42.661 DEBUG 21088 --- [nio-9060-exec-5] s.w.s.m.m.a.RequestMappingHandlerMapping : Mapped to com.example.TigoStarSystem.supervisor.controller.ConformacionCuadrillaWebController#listarSalesforce(String, String, Integer, String)
2026-07-31 16:39:42.661 DEBUG 21088 --- [nio-9060-exec-5] o.s.jdbc.core.JdbcTemplate               : Executing SQL query [EXEC dbo.spx_ObtenerSucursalesConexionWeb]
2026-07-31 16:39:42.661 DEBUG 21088 --- [nio-9060-exec-5] o.s.jdbc.datasource.DataSourceUtils      : Fetching JDBC Connection from DataSource
2026-07-31 16:39:42.662 DEBUG 21088 --- [nio-9060-exec-9] o.s.web.servlet.DispatcherServlet        : GET "/supervisor/conformacion-cuadrilla-web?sucursal=SantaCruz&limite=200", parameters={masked}
2026-07-31 16:39:42.662 DEBUG 21088 --- [nio-9060-exec-9] s.w.s.m.m.a.RequestMappingHandlerMapping : Mapped to com.example.TigoStarSystem.supervisor.controller.ConformacionCuadrillaWebController#listar(String, LocalDate, String, Integer)
2026-07-31 16:39:42.663 DEBUG 21088 --- [nio-9060-exec-9] o.s.jdbc.core.JdbcTemplate               : Executing SQL query [EXEC dbo.spx_ObtenerSucursalesConexionWeb]
2026-07-31 16:39:42.663 DEBUG 21088 --- [nio-9060-exec-9] o.s.jdbc.datasource.DataSourceUtils      : Fetching JDBC Connection from DataSource
2026-07-31 16:39:42.688 DEBUG 21088 --- [nio-9060-exec-5] o.s.j.d.DriverManagerDataSource          : Loaded JDBC driver: net.sourceforge.jtds.jdbc.Driver
2026-07-31 16:39:42.689 DEBUG 21088 --- [nio-9060-exec-5] o.s.jdbc.core.JdbcTemplate               : Executing SQL query [SELECT * FROM dbo.tbl_SalesForce]
2026-07-31 16:39:42.689 DEBUG 21088 --- [nio-9060-exec-5] o.s.jdbc.datasource.DataSourceUtils      : Fetching JDBC Connection from DataSource
2026-07-31 16:39:42.689 DEBUG 21088 --- [nio-9060-exec-5] o.s.j.d.DriverManagerDataSource          : Creating new JDBC DriverManager Connection to [jdbc:jtds:sqlserver://tigo.makiro.com.bo/BDSistemaAntenaPM]
2026-07-31 16:39:42.689 DEBUG 21088 --- [nio-9060-exec-8] o.s.w.s.m.m.a.HttpEntityMethodProcessor  : Using 'application/json', given [application/json, text/plain, */*] and supported [application/json, application/*+json, application/json, application/*+json]
2026-07-31 16:39:42.689 DEBUG 21088 --- [nio-9060-exec-8] o.s.w.s.m.m.a.HttpEntityMethodProcessor  : Writing [com.example.TigoStarSystem.common.ApiResponse@1c16cc0e]
2026-07-31 16:39:42.689 DEBUG 21088 --- [nio-9060-exec-9] o.s.j.d.DriverManagerDataSource          : Loaded JDBC driver: net.sourceforge.jtds.jdbc.Driver
2026-07-31 16:39:42.689 DEBUG 21088 --- [nio-9060-exec-9] o.s.jdbc.core.JdbcTemplate               : Executing SQL query [EXEC dbo.spx_ObtenerRutaXIdTecnico]
2026-07-31 16:39:42.689 DEBUG 21088 --- [nio-9060-exec-9] o.s.jdbc.datasource.DataSourceUtils      : Fetching JDBC Connection from DataSource
2026-07-31 16:39:42.689 DEBUG 21088 --- [nio-9060-exec-9] o.s.j.d.DriverManagerDataSource          : Creating new JDBC DriverManager Connection to [jdbc:jtds:sqlserver://tigo.makiro.com.bo/BDSistemaAntenaPM]
2026-07-31 16:39:42.690 DEBUG 21088 --- [nio-9060-exec-8] o.s.web.servlet.DispatcherServlet        : Completed 200 OK
2026-07-31 16:39:42.690 DEBUG 21088 --- [nio-9060-exec-6] o.s.w.s.m.m.a.HttpEntityMethodProcessor  : Using 'application/json', given [application/json, text/plain, */*] and supported [application/json, application/*+json, application/json, application/*+json]
2026-07-31 16:39:42.690 DEBUG 21088 --- [nio-9060-exec-6] o.s.w.s.m.m.a.HttpEntityMethodProcessor  : Writing [com.example.TigoStarSystem.common.ApiResponse@cf7cb56]
2026-07-31 16:39:42.692 DEBUG 21088 --- [nio-9060-exec-6] o.s.web.servlet.DispatcherServlet        : Completed 200 OK
2026-07-31 16:39:42.698 DEBUG 21088 --- [io-9060-exec-10] o.s.web.servlet.DispatcherServlet        : GET "/supervisor/conformacion-cuadrilla-web/catalogos/actividades?sucursal=SantaCruz", parameters={masked}
2026-07-31 16:39:42.698 DEBUG 21088 --- [io-9060-exec-10] s.w.s.m.m.a.RequestMappingHandlerMapping : Mapped to com.example.TigoStarSystem.supervisor.controller.ConformacionCuadrillaWebController#listarActividades(String, String)
2026-07-31 16:39:42.699 DEBUG 21088 --- [io-9060-exec-10] o.s.jdbc.core.JdbcTemplate               : Executing SQL query [EXEC dbo.spx_ObtenerSucursalesConexionWeb]
2026-07-31 16:39:42.699 DEBUG 21088 --- [io-9060-exec-10] o.s.jdbc.datasource.DataSourceUtils      : Fetching JDBC Connection from DataSource
2026-07-31 16:39:42.700 DEBUG 21088 --- [nio-9060-exec-2] o.s.web.servlet.DispatcherServlet        : GET "/supervisor/conformacion-cuadrilla-web/catalogos/auxiliares?sucursal=SantaCruz", parameters={masked}
2026-07-31 16:39:42.700 DEBUG 21088 --- [nio-9060-exec-2] s.w.s.m.m.a.RequestMappingHandlerMapping : Mapped to com.example.TigoStarSystem.supervisor.controller.ConformacionCuadrillaWebController#listarAuxiliares(String, String)
2026-07-31 16:39:42.701 DEBUG 21088 --- [nio-9060-exec-2] o.s.jdbc.core.JdbcTemplate               : Executing SQL query [EXEC dbo.spx_ObtenerSucursalesConexionWeb]
2026-07-31 16:39:42.701 DEBUG 21088 --- [nio-9060-exec-2] o.s.jdbc.datasource.DataSourceUtils      : Fetching JDBC Connection from DataSource
2026-07-31 16:39:42.730 DEBUG 21088 --- [io-9060-exec-10] o.s.j.d.DriverManagerDataSource          : Loaded JDBC driver: net.sourceforge.jtds.jdbc.Driver
2026-07-31 16:39:42.731 DEBUG 21088 --- [io-9060-exec-10] o.s.jdbc.core.JdbcTemplate               : Executing SQL query [EXEC dbo.spx_ObtenerActividadesConformacionCuadrillaWeb]
2026-07-31 16:39:42.731 DEBUG 21088 --- [nio-9060-exec-1] o.s.w.s.m.m.a.HttpEntityMethodProcessor  : Using 'application/json', given [application/json, text/plain, */*] and supported [application/json, application/*+json, application/json, application/*+json]
2026-07-31 16:39:42.731 DEBUG 21088 --- [io-9060-exec-10] o.s.jdbc.datasource.DataSourceUtils      : Fetching JDBC Connection from DataSource
2026-07-31 16:39:42.731 DEBUG 21088 --- [io-9060-exec-10] o.s.j.d.DriverManagerDataSource          : Creating new JDBC DriverManager Connection to [jdbc:jtds:sqlserver://tigo.makiro.com.bo/BDSistemaAntenaPM]
2026-07-31 16:39:42.731 DEBUG 21088 --- [nio-9060-exec-1] o.s.w.s.m.m.a.HttpEntityMethodProcessor  : Writing [com.example.TigoStarSystem.common.ApiResponse@30dca431]
2026-07-31 16:39:42.731 DEBUG 21088 --- [nio-9060-exec-3] o.s.w.s.m.m.a.HttpEntityMethodProcessor  : Using 'application/json', given [application/json, text/plain, */*] and supported [application/json, application/*+json, application/json, application/*+json]
2026-07-31 16:39:42.731 DEBUG 21088 --- [nio-9060-exec-3] o.s.w.s.m.m.a.HttpEntityMethodProcessor  : Writing [com.example.TigoStarSystem.common.ApiResponse@53d26b2]
2026-07-31 16:39:42.732 DEBUG 21088 --- [nio-9060-exec-1] o.s.web.servlet.DispatcherServlet        : Completed 200 OK
2026-07-31 16:39:42.732 DEBUG 21088 --- [nio-9060-exec-3] o.s.web.servlet.DispatcherServlet        : Completed 200 OK
2026-07-31 16:39:42.737 DEBUG 21088 --- [nio-9060-exec-4] o.s.web.servlet.DispatcherServlet        : GET "/supervisor/conformacion-cuadrilla-web/catalogos/tecnicos?sucursal=SantaCruz", parameters={masked}
2026-07-31 16:39:42.738 DEBUG 21088 --- [nio-9060-exec-4] s.w.s.m.m.a.RequestMappingHandlerMapping : Mapped to com.example.TigoStarSystem.supervisor.controller.ConformacionCuadrillaWebController#listarTecnicos(String, String, Integer, String)
2026-07-31 16:39:42.738 DEBUG 21088 --- [nio-9060-exec-7] o.s.web.servlet.DispatcherServlet        : GET "/supervisor/conformacion-cuadrilla-web/catalogos/vehiculos?sucursal=SantaCruz", parameters={masked}
2026-07-31 16:39:42.738 DEBUG 21088 --- [nio-9060-exec-7] s.w.s.m.m.a.RequestMappingHandlerMapping : Mapped to com.example.TigoStarSystem.supervisor.controller.ConformacionCuadrillaWebController#listarVehiculos(String, String, String)
2026-07-31 16:39:42.738 DEBUG 21088 --- [nio-9060-exec-4] o.s.jdbc.core.JdbcTemplate               : Executing SQL query [EXEC dbo.spx_ObtenerSucursalesConexionWeb]
2026-07-31 16:39:42.738 DEBUG 21088 --- [nio-9060-exec-4] o.s.jdbc.datasource.DataSourceUtils      : Fetching JDBC Connection from DataSource
2026-07-31 16:39:42.739 DEBUG 21088 --- [nio-9060-exec-7] o.s.jdbc.core.JdbcTemplate               : Executing SQL query [EXEC dbo.spx_ObtenerSucursalesConexionWeb]
2026-07-31 16:39:42.739 DEBUG 21088 --- [nio-9060-exec-7] o.s.jdbc.datasource.DataSourceUtils      : Fetching JDBC Connection from DataSource
2026-07-31 16:39:42.795 DEBUG 21088 --- [nio-9060-exec-2] o.s.j.d.DriverManagerDataSource          : Loaded JDBC driver: net.sourceforge.jtds.jdbc.Driver
2026-07-31 16:39:42.795 DEBUG 21088 --- [nio-9060-exec-2] o.s.jdbc.core.JdbcTemplate               : Executing prepared SQL query
2026-07-31 16:39:42.795 DEBUG 21088 --- [nio-9060-exec-2] o.s.jdbc.core.JdbcTemplate               : Executing prepared SQL statement [SELECT v.Id_Vendedor AS Id_Vendedor, v.Nombre AS Nombre, v.Direccion AS Direccion, v.CI AS CI, v.Telefono AS Telefono, v.Observacion AS Observacion, v.E_Eliminado AS E_Eliminado, v.id_TipoSolicitante AS id_TipoSolicitante, v.Lleva_Herramientas AS Lleva_Herramientas, v.CodEmpleado AS CodEmpleado, v.cuentaSF AS cuentaSF, v.idvehiculo AS idvehiculo, v.grupoDigitacion AS grupoDigitacion, v.idUsuarioRegistro AS idUsuarioRegistro, v.NombreNPS AS NombreNPS FROM dbo.tbl_Vendedor v WHERE ISNULL(v.E_Eliminado, 0) = 0 AND v.id_TipoSolicitante = ? ORDER BY v.Nombre]
2026-07-31 16:39:42.795 DEBUG 21088 --- [nio-9060-exec-2] o.s.jdbc.datasource.DataSourceUtils      : Fetching JDBC Connection from DataSource
2026-07-31 16:39:42.795 DEBUG 21088 --- [nio-9060-exec-2] o.s.j.d.DriverManagerDataSource          : Creating new JDBC DriverManager Connection to [jdbc:jtds:sqlserver://tigo.makiro.com.bo/BDSistemaAntenaPM]
2026-07-31 16:39:42.795 DEBUG 21088 --- [nio-9060-exec-4] o.s.j.d.DriverManagerDataSource          : Loaded JDBC driver: net.sourceforge.jtds.jdbc.Driver
2026-07-31 16:39:42.795 DEBUG 21088 --- [nio-9060-exec-7] o.s.j.d.DriverManagerDataSource          : Loaded JDBC driver: net.sourceforge.jtds.jdbc.Driver
2026-07-31 16:39:42.795 DEBUG 21088 --- [nio-9060-exec-4] o.s.jdbc.core.JdbcTemplate               : Executing SQL query [SELECT v.Id_Vendedor AS Id_Vendedor, v.Nombre AS Nombre, v.Direccion AS Direccion, v.CI AS CI, v.Telefono AS Telefono, v.Observacion AS Observacion, v.E_Eliminado AS E_Eliminado, v.id_TipoSolicitante AS id_TipoSolicitante, v.Lleva_Herramientas AS Lleva_Herramientas, v.CodEmpleado AS CodEmpleado, v.cuentaSF AS cuentaSF, v.idvehiculo AS idvehiculo, v.grupoDigitacion AS grupoDigitacion, v.idUsuarioRegistro AS idUsuarioRegistro, v.NombreNPS AS NombreNPS FROM dbo.tbl_Vendedor v WHERE ISNULL(v.E_Eliminado, 0) = 0 ORDER BY v.Nombre]
2026-07-31 16:39:42.795 DEBUG 21088 --- [nio-9060-exec-4] o.s.jdbc.datasource.DataSourceUtils      : Fetching JDBC Connection from DataSource
2026-07-31 16:39:42.795 DEBUG 21088 --- [nio-9060-exec-7] o.s.jdbc.core.JdbcTemplate               : Executing SQL query [EXEC dbo.spx_ObtenerVehiculosConformacionCuadrillaWeb]
2026-07-31 16:39:42.795 DEBUG 21088 --- [nio-9060-exec-7] o.s.jdbc.datasource.DataSourceUtils      : Fetching JDBC Connection from DataSource
2026-07-31 16:39:42.795 DEBUG 21088 --- [nio-9060-exec-4] o.s.j.d.DriverManagerDataSource          : Creating new JDBC DriverManager Connection to [jdbc:jtds:sqlserver://tigo.makiro.com.bo/BDSistemaAntenaPM]
2026-07-31 16:39:42.795 DEBUG 21088 --- [nio-9060-exec-7] o.s.j.d.DriverManagerDataSource          : Creating new JDBC DriverManager Connection to [jdbc:jtds:sqlserver://tigo.makiro.com.bo/BDSistemaAntenaPM]
2026-07-31 16:39:42.899 DEBUG 21088 --- [nio-9060-exec-9] o.s.jdbc.datasource.DataSourceUtils      : Fetching JDBC Connection from DataSource
2026-07-31 16:39:42.899 DEBUG 21088 --- [nio-9060-exec-9] o.s.j.d.DriverManagerDataSource          : Creating new JDBC DriverManager Connection to [jdbc:jtds:sqlserver://tigo.makiro.com.bo/BDSistemaAntenaPM]
2026-07-31 16:39:42.900 DEBUG 21088 --- [nio-9060-exec-5] o.s.w.s.m.m.a.HttpEntityMethodProcessor  : Using 'application/json', given [application/json, text/plain, */*] and supported [application/json, application/*+json, application/json, application/*+json]
2026-07-31 16:39:42.900 DEBUG 21088 --- [nio-9060-exec-5] o.s.w.s.m.m.a.HttpEntityMethodProcessor  : Writing [com.example.TigoStarSystem.common.ApiResponse@1d15b8bf]
2026-07-31 16:39:42.901 DEBUG 21088 --- [nio-9060-exec-5] o.s.web.servlet.DispatcherServlet        : Completed 200 OK
2026-07-31 16:39:42.905 DEBUG 21088 --- [nio-9060-exec-8] o.s.web.servlet.DispatcherServlet        : GET "/supervisor/conformacion-cuadrilla/pendientes?fecha=2026-07-31&sucursal=SantaCruz&limit=200&limite=200", parameters={masked}
2026-07-31 16:39:42.906 DEBUG 21088 --- [nio-9060-exec-8] s.w.s.m.m.a.RequestMappingHandlerMapping : Mapped to com.example.TigoStarSystem.supervisor.controller.ConformacionCuadrillaController#listarPendientes(LocalDate, String, String, Integer)
2026-07-31 16:39:42.906 DEBUG 21088 --- [nio-9060-exec-8] o.s.jdbc.core.JdbcTemplate               : Executing SQL query [EXEC dbo.spx_ObtenerSucursalesConexionWeb]
2026-07-31 16:39:42.906 DEBUG 21088 --- [nio-9060-exec-8] o.s.jdbc.datasource.DataSourceUtils      : Fetching JDBC Connection from DataSource
2026-07-31 16:39:42.974 DEBUG 21088 --- [io-9060-exec-10] o.s.w.s.m.m.a.HttpEntityMethodProcessor  : Using 'application/json', given [application/json, text/plain, */*] and supported [application/json, application/*+json, application/json, application/*+json]
2026-07-31 16:39:42.974 DEBUG 21088 --- [nio-9060-exec-8] o.s.jdbc.core.JdbcTemplate               : Executing SQL query [EXEC dbo.spx_ObtenerSucursalesConexionWeb]
2026-07-31 16:39:42.974 DEBUG 21088 --- [nio-9060-exec-8] o.s.jdbc.datasource.DataSourceUtils      : Fetching JDBC Connection from DataSource
2026-07-31 16:39:42.974 DEBUG 21088 --- [io-9060-exec-10] o.s.w.s.m.m.a.HttpEntityMethodProcessor  : Writing [com.example.TigoStarSystem.common.ApiResponse@49f2db67]
2026-07-31 16:39:42.975 DEBUG 21088 --- [io-9060-exec-10] o.s.web.servlet.DispatcherServlet        : Completed 200 OK
2026-07-31 16:39:42.979 DEBUG 21088 --- [nio-9060-exec-6] o.s.web.servlet.DispatcherServlet        : GET "/supervisor/conformacion-cuadrilla/confirmadas?fecha=2026-07-31&sucursal=SantaCruz&limit=200&limite=200", parameters={masked}
2026-07-31 16:39:42.980 DEBUG 21088 --- [nio-9060-exec-6] s.w.s.m.m.a.RequestMappingHandlerMapping : Mapped to com.example.TigoStarSystem.supervisor.controller.ConformacionCuadrillaController#listarConfirmadas(LocalDate, String, String, Integer)
2026-07-31 16:39:42.980 DEBUG 21088 --- [nio-9060-exec-6] o.s.jdbc.core.JdbcTemplate               : Executing SQL query [EXEC dbo.spx_ObtenerSucursalesConexionWeb]
2026-07-31 16:39:42.981 DEBUG 21088 --- [nio-9060-exec-6] o.s.jdbc.datasource.DataSourceUtils      : Fetching JDBC Connection from DataSource
2026-07-31 16:39:43.010 DEBUG 21088 --- [nio-9060-exec-8] o.s.j.d.DriverManagerDataSource          : Loaded JDBC driver: net.sourceforge.jtds.jdbc.Driver
2026-07-31 16:39:43.010 DEBUG 21088 --- [nio-9060-exec-8] o.s.jdbc.core.JdbcTemplate               : Executing prepared SQL query
2026-07-31 16:39:43.010 DEBUG 21088 --- [nio-9060-exec-8] o.s.jdbc.core.JdbcTemplate               : Executing prepared SQL statement [EXEC dbo.spx_ObtenerConformacionCuadrillaBackOffice ?, ?, ?, ?]
2026-07-31 16:39:43.010 DEBUG 21088 --- [nio-9060-exec-8] o.s.jdbc.datasource.DataSourceUtils      : Fetching JDBC Connection from DataSource
2026-07-31 16:39:43.010 DEBUG 21088 --- [nio-9060-exec-8] o.s.j.d.DriverManagerDataSource          : Creating new JDBC DriverManager Connection to [jdbc:jtds:sqlserver://tigo.makiro.com.bo/BDSistemaAntenaPM]
2026-07-31 16:39:43.010 DEBUG 21088 --- [nio-9060-exec-7] o.s.w.s.m.m.a.HttpEntityMethodProcessor  : Using 'application/json', given [application/json, text/plain, */*] and supported [application/json, application/*+json, application/json, application/*+json]
2026-07-31 16:39:43.011 DEBUG 21088 --- [nio-9060-exec-7] o.s.w.s.m.m.a.HttpEntityMethodProcessor  : Writing [com.example.TigoStarSystem.common.ApiResponse@3edf4f96]
2026-07-31 16:39:43.011 DEBUG 21088 --- [nio-9060-exec-6] o.s.jdbc.core.JdbcTemplate               : Executing prepared SQL query
2026-07-31 16:39:43.011 DEBUG 21088 --- [nio-9060-exec-6] o.s.jdbc.core.JdbcTemplate               : Executing prepared SQL statement [SELECT * FROM dbo.tbl_ConformacionCuadrillaDiario WHERE 1=1 AND CONVERT(date, fecha) = CONVERT(date, ?) AND LOWER(REPLACE(REPLACE(REPLACE(ISNULL(CAST(sucursal AS VARCHAR(120)), ''), ' ', ''), '_', ''), '-', '')) = LOWER(REPLACE(REPLACE(REPLACE(?, ' ', ''), '_', ''), '-', '')) ORDER BY fechaRegistro DESC, id DESC]
2026-07-31 16:39:43.011 DEBUG 21088 --- [nio-9060-exec-6] o.s.jdbc.datasource.DataSourceUtils      : Fetching JDBC Connection from DataSource
2026-07-31 16:39:43.012 DEBUG 21088 --- [nio-9060-exec-7] o.s.web.servlet.DispatcherServlet        : Completed 200 OK
2026-07-31 16:39:43.016 DEBUG 21088 --- [nio-9060-exec-1] o.s.web.servlet.DispatcherServlet        : GET "/supervisor/conformacion-cuadrilla/pendientes?fecha=2026-07-31&limit=200&limite=200", parameters={masked}
2026-07-31 16:39:43.016 DEBUG 21088 --- [nio-9060-exec-1] s.w.s.m.m.a.RequestMappingHandlerMapping : Mapped to com.example.TigoStarSystem.supervisor.controller.ConformacionCuadrillaController#listarPendientes(LocalDate, String, String, Integer)
2026-07-31 16:39:43.017 DEBUG 21088 --- [nio-9060-exec-1] o.s.jdbc.core.JdbcTemplate               : Executing prepared SQL query
2026-07-31 16:39:43.017 DEBUG 21088 --- [nio-9060-exec-1] o.s.jdbc.core.JdbcTemplate               : Executing prepared SQL statement [SELECT * FROM dbo.tbl_ConformacionCuadrillaDiario WHERE 1=1 AND CONVERT(date, fecha) = CONVERT(date, ?) ORDER BY fechaRegistro DESC, id DESC]
2026-07-31 16:39:43.017 DEBUG 21088 --- [nio-9060-exec-1] o.s.jdbc.datasource.DataSourceUtils      : Fetching JDBC Connection from DataSource
2026-07-31 16:39:43.059 DEBUG 21088 --- [nio-9060-exec-9] o.s.w.s.m.m.a.HttpEntityMethodProcessor  : Using 'application/json', given [application/json, text/plain, */*] and supported [application/json, application/*+json, application/json, application/*+json]
2026-07-31 16:39:43.059 DEBUG 21088 --- [nio-9060-exec-9] o.s.w.s.m.m.a.HttpEntityMethodProcessor  : Writing [com.example.TigoStarSystem.common.ApiResponse@166d46eb]
2026-07-31 16:39:43.059 DEBUG 21088 --- [nio-9060-exec-2] o.s.w.s.m.m.a.HttpEntityMethodProcessor  : Using 'application/json', given [application/json, text/plain, */*] and supported [application/json, application/*+json, application/json, application/*+json]
2026-07-31 16:39:43.059 DEBUG 21088 --- [nio-9060-exec-2] o.s.w.s.m.m.a.HttpEntityMethodProcessor  : Writing [com.example.TigoStarSystem.common.ApiResponse@61faabc0]
2026-07-31 16:39:43.059 DEBUG 21088 --- [nio-9060-exec-9] o.s.web.servlet.DispatcherServlet        : Completed 200 OK
2026-07-31 16:39:43.060 DEBUG 21088 --- [nio-9060-exec-2] o.s.web.servlet.DispatcherServlet        : Completed 200 OK
2026-07-31 16:39:43.060 DEBUG 21088 --- [nio-9060-exec-4] o.s.w.s.m.m.a.HttpEntityMethodProcessor  : Using 'application/json', given [application/json, text/plain, */*] and supported [application/json, application/*+json, application/json, application/*+json]
2026-07-31 16:39:43.060 DEBUG 21088 --- [nio-9060-exec-4] o.s.w.s.m.m.a.HttpEntityMethodProcessor  : Writing [com.example.TigoStarSystem.common.ApiResponse@2a7d3846]
2026-07-31 16:39:43.061 DEBUG 21088 --- [nio-9060-exec-4] o.s.web.servlet.DispatcherServlet        : Completed 200 OK
2026-07-31 16:39:43.064 DEBUG 21088 --- [nio-9060-exec-3] o.s.web.servlet.DispatcherServlet        : GET "/supervisor/conformacion-cuadrilla-web?fecha=2026-07-31&limite=200", parameters={masked}
2026-07-31 16:39:43.065 DEBUG 21088 --- [nio-9060-exec-3] s.w.s.m.m.a.RequestMappingHandlerMapping : Mapped to com.example.TigoStarSystem.supervisor.controller.ConformacionCuadrillaWebController#listar(String, LocalDate, String, Integer)
2026-07-31 16:39:43.067 DEBUG 21088 --- [nio-9060-exec-5] o.s.web.servlet.DispatcherServlet        : GET "/supervisor/conformacion-cuadrilla/confirmadas?fecha=2026-07-31&limit=200&limite=200", parameters={masked}
2026-07-31 16:39:43.067 DEBUG 21088 --- [nio-9060-exec-5] s.w.s.m.m.a.RequestMappingHandlerMapping : Mapped to com.example.TigoStarSystem.supervisor.controller.ConformacionCuadrillaController#listarConfirmadas(LocalDate, String, String, Integer)
2026-07-31 16:39:43.067 DEBUG 21088 --- [nio-9060-exec-5] o.s.jdbc.core.JdbcTemplate               : Executing prepared SQL query
2026-07-31 16:39:43.067 DEBUG 21088 --- [nio-9060-exec-5] o.s.jdbc.core.JdbcTemplate               : Executing prepared SQL statement [SELECT * FROM dbo.tbl_ConformacionCuadrillaDiario WHERE 1=1 AND CONVERT(date, fecha) = CONVERT(date, ?) ORDER BY fechaRegistro DESC, id DESC]
2026-07-31 16:39:43.067 DEBUG 21088 --- [nio-9060-exec-5] o.s.jdbc.datasource.DataSourceUtils      : Fetching JDBC Connection from DataSource
2026-07-31 16:39:43.068 DEBUG 21088 --- [nio-9060-exec-3] o.s.jdbc.core.JdbcTemplate               : Executing SQL query [EXEC dbo.spx_ObtenerSucursalesConexionWeb]
2026-07-31 16:39:43.068 DEBUG 21088 --- [nio-9060-exec-3] o.s.jdbc.datasource.DataSourceUtils      : Fetching JDBC Connection from DataSource
2026-07-31 16:39:43.156 DEBUG 21088 --- [nio-9060-exec-3] o.s.jdbc.core.JdbcTemplate               : Executing SQL query [EXEC dbo.spx_ObtenerSucursalesConexionWeb]
2026-07-31 16:39:43.156 DEBUG 21088 --- [nio-9060-exec-3] o.s.jdbc.datasource.DataSourceUtils      : Fetching JDBC Connection from DataSource
2026-07-31 16:39:43.164 DEBUG 21088 --- [ool housekeeper] com.zaxxer.hikari.pool.HikariPool        : CentralHikariPool - Before cleanup stats (total=2, active=2, idle=0, waiting=1)
2026-07-31 16:39:43.164 DEBUG 21088 --- [ool housekeeper] com.zaxxer.hikari.pool.HikariPool        : CentralHikariPool - After cleanup  stats (total=2, active=2, idle=0, waiting=1)
2026-07-31 16:39:43.164 DEBUG 21088 --- [ool housekeeper] com.zaxxer.hikari.pool.HikariPool        : CentralHikariPool - Fill pool skipped, pool is at sufficient level.
2026-07-31 16:39:43.212 DEBUG 21088 --- [ool housekeeper] com.zaxxer.hikari.pool.HikariPool        : TigoHogarHikariPool - Before cleanup stats (total=2, active=0, idle=2, waiting=0)
2026-07-31 16:39:43.212 DEBUG 21088 --- [ool housekeeper] com.zaxxer.hikari.pool.HikariPool        : TigoHogarHikariPool - After cleanup  stats (total=2, active=0, idle=2, waiting=0)
2026-07-31 16:39:43.212 DEBUG 21088 --- [ool housekeeper] com.zaxxer.hikari.pool.HikariPool        : TigoHogarHikariPool - Fill pool skipped, pool is at sufficient level.
2026-07-31 16:39:43.212 DEBUG 21088 --- [nio-9060-exec-3] o.s.j.d.DriverManagerDataSource          : Loaded JDBC driver: net.sourceforge.jtds.jdbc.Driver
2026-07-31 16:39:43.212 DEBUG 21088 --- [nio-9060-exec-3] o.s.jdbc.core.JdbcTemplate               : Executing SQL query [EXEC dbo.spx_ObtenerRutaXIdTecnico]
2026-07-31 16:39:43.212 DEBUG 21088 --- [nio-9060-exec-3] o.s.jdbc.datasource.DataSourceUtils      : Fetching JDBC Connection from DataSource
2026-07-31 16:39:43.212 DEBUG 21088 --- [nio-9060-exec-3] o.s.j.d.DriverManagerDataSource          : Creating new JDBC DriverManager Connection to [jdbc:jtds:sqlserver://tigo.makiro.com.bo/BDSistemaAntenaPM]
2026-07-31 16:39:43.217 DEBUG 21088 --- [nio-9060-exec-1] o.s.w.s.m.m.a.HttpEntityMethodProcessor  : Using 'application/json', given [application/json, text/plain, */*] and supported [application/json, application/*+json, application/json, application/*+json]
2026-07-31 16:39:43.217 DEBUG 21088 --- [nio-9060-exec-1] o.s.w.s.m.m.a.HttpEntityMethodProcessor  : Writing [com.example.TigoStarSystem.common.ApiResponse@53ff9155]
2026-07-31 16:39:43.218 DEBUG 21088 --- [nio-9060-exec-1] o.s.web.servlet.DispatcherServlet        : Completed 200 OK
2026-07-31 16:39:43.258 DEBUG 21088 --- [nio-9060-exec-6] o.s.w.s.m.m.a.HttpEntityMethodProcessor  : Using 'application/json', given [application/json, text/plain, */*] and supported [application/json, application/*+json, application/json, application/*+json]
2026-07-31 16:39:43.258 DEBUG 21088 --- [nio-9060-exec-6] o.s.w.s.m.m.a.HttpEntityMethodProcessor  : Writing [com.example.TigoStarSystem.common.ApiResponse@217be307]
2026-07-31 16:39:43.260 DEBUG 21088 --- [nio-9060-exec-6] o.s.web.servlet.DispatcherServlet        : Completed 200 OK
2026-07-31 16:39:43.345 DEBUG 21088 --- [nio-9060-exec-8] o.s.jdbc.core.JdbcTemplate               : Executing SQL query [EXEC dbo.spx_ObtenerSucursalesConexionWeb]
2026-07-31 16:39:43.345 DEBUG 21088 --- [nio-9060-exec-8] o.s.jdbc.datasource.DataSourceUtils      : Fetching JDBC Connection from DataSource
2026-07-31 16:39:43.376 DEBUG 21088 --- [onnection adder] com.zaxxer.hikari.pool.HikariPool        : CentralHikariPool - Added connection net.sourceforge.jtds.jdbc.JtdsConnection@7fb5cdae
2026-07-31 16:39:43.377 DEBUG 21088 --- [nio-9060-exec-8] o.s.jdbc.core.JdbcTemplate               : Executing prepared SQL query
2026-07-31 16:39:43.377 DEBUG 21088 --- [nio-9060-exec-8] o.s.jdbc.core.JdbcTemplate               : Executing prepared SQL statement [SELECT * FROM dbo.tbl_ConformacionCuadrillaDiario WHERE 1=1 AND CONVERT(date, fecha) = CONVERT(date, ?) AND LOWER(REPLACE(REPLACE(REPLACE(ISNULL(CAST(sucursal AS VARCHAR(120)), ''), ' ', ''), '_', ''), '-', '')) = LOWER(REPLACE(REPLACE(REPLACE(?, ' ', ''), '_', ''), '-', '')) ORDER BY fechaRegistro DESC, id DESC]
2026-07-31 16:39:43.377 DEBUG 21088 --- [nio-9060-exec-8] o.s.jdbc.datasource.DataSourceUtils      : Fetching JDBC Connection from DataSource
2026-07-31 16:39:43.380 DEBUG 21088 --- [nio-9060-exec-5] o.s.w.s.m.m.a.HttpEntityMethodProcessor  : Using 'application/json', given [application/json, text/plain, */*] and supported [application/json, application/*+json, application/json, application/*+json]
2026-07-31 16:39:43.380 DEBUG 21088 --- [nio-9060-exec-5] o.s.w.s.m.m.a.HttpEntityMethodProcessor  : Writing [com.example.TigoStarSystem.common.ApiResponse@78b22ba1]
2026-07-31 16:39:43.382 DEBUG 21088 --- [nio-9060-exec-5] o.s.web.servlet.DispatcherServlet        : Completed 200 OK
2026-07-31 16:39:43.386 DEBUG 21088 --- [io-9060-exec-10] o.s.web.servlet.DispatcherServlet        : GET "/supervisor/conformacion-cuadrilla/confirmadas?fecha=2026-07-31&limit=200&limite=200", parameters={masked}
2026-07-31 16:39:43.386 DEBUG 21088 --- [io-9060-exec-10] s.w.s.m.m.a.RequestMappingHandlerMapping : Mapped to com.example.TigoStarSystem.supervisor.controller.ConformacionCuadrillaController#listarConfirmadas(LocalDate, String, String, Integer)
2026-07-31 16:39:43.386 DEBUG 21088 --- [io-9060-exec-10] o.s.jdbc.core.JdbcTemplate               : Executing prepared SQL query
2026-07-31 16:39:43.387 DEBUG 21088 --- [io-9060-exec-10] o.s.jdbc.core.JdbcTemplate               : Executing prepared SQL statement [SELECT * FROM dbo.tbl_ConformacionCuadrillaDiario WHERE 1=1 AND CONVERT(date, fecha) = CONVERT(date, ?) ORDER BY fechaRegistro DESC, id DESC]
2026-07-31 16:39:43.387 DEBUG 21088 --- [io-9060-exec-10] o.s.jdbc.datasource.DataSourceUtils      : Fetching JDBC Connection from DataSource
2026-07-31 16:39:43.415 DEBUG 21088 --- [nio-9060-exec-3] o.s.jdbc.datasource.DataSourceUtils      : Fetching JDBC Connection from DataSource
2026-07-31 16:39:43.415 DEBUG 21088 --- [nio-9060-exec-3] o.s.j.d.DriverManagerDataSource          : Creating new JDBC DriverManager Connection to [jdbc:jtds:sqlserver://tigo.makiro.com.bo/BDSistemaAntenaPM]
2026-07-31 16:39:43.453 DEBUG 21088 --- [nio-9060-exec-8] o.s.w.s.m.m.a.HttpEntityMethodProcessor  : Using 'application/json', given [application/json, text/plain, */*] and supported [application/json, application/*+json, application/json, application/*+json]
2026-07-31 16:39:43.453 DEBUG 21088 --- [nio-9060-exec-8] o.s.w.s.m.m.a.HttpEntityMethodProcessor  : Writing [com.example.TigoStarSystem.common.ApiResponse@8ac2c02]
2026-07-31 16:39:43.454 DEBUG 21088 --- [nio-9060-exec-8] o.s.web.servlet.DispatcherServlet        : Completed 200 OK
2026-07-31 16:39:43.458 DEBUG 21088 --- [nio-9060-exec-7] o.s.web.servlet.DispatcherServlet        : GET "/supervisor/conformacion-cuadrilla/pendientes?fecha=2026-07-31&sucursal=SantaCruz&limit=200&limite=200", parameters={masked}
2026-07-31 16:39:43.458 DEBUG 21088 --- [nio-9060-exec-7] s.w.s.m.m.a.RequestMappingHandlerMapping : Mapped to com.example.TigoStarSystem.supervisor.controller.ConformacionCuadrillaController#listarPendientes(LocalDate, String, String, Integer)
2026-07-31 16:39:43.459 DEBUG 21088 --- [nio-9060-exec-7] o.s.jdbc.core.JdbcTemplate               : Executing SQL query [EXEC dbo.spx_ObtenerSucursalesConexionWeb]
2026-07-31 16:39:43.459 DEBUG 21088 --- [nio-9060-exec-7] o.s.jdbc.datasource.DataSourceUtils      : Fetching JDBC Connection from DataSource
2026-07-31 16:39:43.462 DEBUG 21088 --- [nio-9060-exec-9] o.s.web.servlet.DispatcherServlet        : GET "/supervisor/conformacion-cuadrilla-web?fecha=2026-07-31&sucursal=SantaCruz&limite=200", parameters={masked}
2026-07-31 16:39:43.462 DEBUG 21088 --- [nio-9060-exec-9] s.w.s.m.m.a.RequestMappingHandlerMapping : Mapped to com.example.TigoStarSystem.supervisor.controller.ConformacionCuadrillaWebController#listar(String, LocalDate, String, Integer)
2026-07-31 16:39:43.463 DEBUG 21088 --- [nio-9060-exec-2] o.s.web.servlet.DispatcherServlet        : GET "/supervisor/conformacion-cuadrilla/confirmadas?fecha=2026-07-31&sucursal=SantaCruz&limit=200&limite=200", parameters={masked}
2026-07-31 16:39:43.463 DEBUG 21088 --- [nio-9060-exec-2] s.w.s.m.m.a.RequestMappingHandlerMapping : Mapped to com.example.TigoStarSystem.supervisor.controller.ConformacionCuadrillaController#listarConfirmadas(LocalDate, String, String, Integer)
2026-07-31 16:39:43.463 DEBUG 21088 --- [nio-9060-exec-9] o.s.jdbc.core.JdbcTemplate               : Executing SQL query [EXEC dbo.spx_ObtenerSucursalesConexionWeb]
2026-07-31 16:39:43.463 DEBUG 21088 --- [nio-9060-exec-9] o.s.jdbc.datasource.DataSourceUtils      : Fetching JDBC Connection from DataSource
2026-07-31 16:39:43.463 DEBUG 21088 --- [nio-9060-exec-2] o.s.jdbc.core.JdbcTemplate               : Executing SQL query [EXEC dbo.spx_ObtenerSucursalesConexionWeb]
2026-07-31 16:39:43.464 DEBUG 21088 --- [nio-9060-exec-2] o.s.jdbc.datasource.DataSourceUtils      : Fetching JDBC Connection from DataSource
2026-07-31 16:39:43.543 DEBUG 21088 --- [io-9060-exec-10] o.s.w.s.m.m.a.HttpEntityMethodProcessor  : Using 'application/json', given [application/json, text/plain, */*] and supported [application/json, application/*+json, application/json, application/*+json]
2026-07-31 16:39:43.543 DEBUG 21088 --- [io-9060-exec-10] o.s.w.s.m.m.a.HttpEntityMethodProcessor  : Writing [com.example.TigoStarSystem.common.ApiResponse@35970ac1]
2026-07-31 16:39:43.545 DEBUG 21088 --- [io-9060-exec-10] o.s.web.servlet.DispatcherServlet        : Completed 200 OK
2026-07-31 16:39:43.566 DEBUG 21088 --- [nio-9060-exec-9] o.s.j.d.DriverManagerDataSource          : Loaded JDBC driver: net.sourceforge.jtds.jdbc.Driver
2026-07-31 16:39:43.566 DEBUG 21088 --- [nio-9060-exec-9] o.s.jdbc.core.JdbcTemplate               : Executing SQL query [EXEC dbo.spx_ObtenerRutaXIdTecnico]
2026-07-31 16:39:43.566 DEBUG 21088 --- [nio-9060-exec-7] o.s.jdbc.core.JdbcTemplate               : Executing SQL query [EXEC dbo.spx_ObtenerSucursalesConexionWeb]
2026-07-31 16:39:43.566 DEBUG 21088 --- [nio-9060-exec-9] o.s.jdbc.datasource.DataSourceUtils      : Fetching JDBC Connection from DataSource
2026-07-31 16:39:43.566 DEBUG 21088 --- [nio-9060-exec-9] o.s.j.d.DriverManagerDataSource          : Creating new JDBC DriverManager Connection to [jdbc:jtds:sqlserver://tigo.makiro.com.bo/BDSistemaAntenaPM]
2026-07-31 16:39:43.566 DEBUG 21088 --- [nio-9060-exec-7] o.s.jdbc.datasource.DataSourceUtils      : Fetching JDBC Connection from DataSource
2026-07-31 16:39:43.622 DEBUG 21088 --- [nio-9060-exec-2] o.s.jdbc.core.JdbcTemplate               : Executing prepared SQL query
2026-07-31 16:39:43.622 DEBUG 21088 --- [nio-9060-exec-2] o.s.jdbc.core.JdbcTemplate               : Executing prepared SQL statement [SELECT * FROM dbo.tbl_ConformacionCuadrillaDiario WHERE 1=1 AND CONVERT(date, fecha) = CONVERT(date, ?) AND LOWER(REPLACE(REPLACE(REPLACE(ISNULL(CAST(sucursal AS VARCHAR(120)), ''), ' ', ''), '_', ''), '-', '')) = LOWER(REPLACE(REPLACE(REPLACE(?, ' ', ''), '_', ''), '-', '')) ORDER BY fechaRegistro DESC, id DESC]
2026-07-31 16:39:43.622 DEBUG 21088 --- [nio-9060-exec-2] o.s.jdbc.datasource.DataSourceUtils      : Fetching JDBC Connection from DataSource
2026-07-31 16:39:43.622 DEBUG 21088 --- [nio-9060-exec-3] o.s.w.s.m.m.a.HttpEntityMethodProcessor  : Using 'application/json', given [application/json, text/plain, */*] and supported [application/json, application/*+json, application/json, application/*+json]
2026-07-31 16:39:43.622 DEBUG 21088 --- [nio-9060-exec-3] o.s.w.s.m.m.a.HttpEntityMethodProcessor  : Writing [com.example.TigoStarSystem.common.ApiResponse@20daec80]
2026-07-31 16:39:43.623 DEBUG 21088 --- [nio-9060-exec-7] o.s.j.d.DriverManagerDataSource          : Loaded JDBC driver: net.sourceforge.jtds.jdbc.Driver
2026-07-31 16:39:43.623 DEBUG 21088 --- [nio-9060-exec-7] o.s.jdbc.core.JdbcTemplate               : Executing prepared SQL query
2026-07-31 16:39:43.623 DEBUG 21088 --- [nio-9060-exec-7] o.s.jdbc.core.JdbcTemplate               : Executing prepared SQL statement [EXEC dbo.spx_ObtenerConformacionCuadrillaBackOffice ?, ?, ?, ?]
2026-07-31 16:39:43.623 DEBUG 21088 --- [nio-9060-exec-7] o.s.jdbc.datasource.DataSourceUtils      : Fetching JDBC Connection from DataSource
2026-07-31 16:39:43.623 DEBUG 21088 --- [nio-9060-exec-7] o.s.j.d.DriverManagerDataSource          : Creating new JDBC DriverManager Connection to [jdbc:jtds:sqlserver://tigo.makiro.com.bo/BDSistemaAntenaPM]
2026-07-31 16:39:43.623 DEBUG 21088 --- [nio-9060-exec-3] o.s.web.servlet.DispatcherServlet        : Completed 200 OK
2026-07-31 16:39:43.628 DEBUG 21088 --- [nio-9060-exec-4] o.s.web.servlet.DispatcherServlet        : GET "/supervisor/conformacion-cuadrilla-web?fecha=2026-07-31&limite=200", parameters={masked}
2026-07-31 16:39:43.628 DEBUG 21088 --- [nio-9060-exec-4] s.w.s.m.m.a.RequestMappingHandlerMapping : Mapped to com.example.TigoStarSystem.supervisor.controller.ConformacionCuadrillaWebController#listar(String, LocalDate, String, Integer)
2026-07-31 16:39:43.630 DEBUG 21088 --- [nio-9060-exec-4] o.s.jdbc.core.JdbcTemplate               : Executing SQL query [EXEC dbo.spx_ObtenerSucursalesConexionWeb]
2026-07-31 16:39:43.630 DEBUG 21088 --- [nio-9060-exec-4] o.s.jdbc.datasource.DataSourceUtils      : Fetching JDBC Connection from DataSource
2026-07-31 16:39:43.645 DEBUG 21088 --- [nio-9060-exec-4] o.s.jdbc.core.JdbcTemplate               : Executing SQL query [EXEC dbo.spx_ObtenerSucursalesConexionWeb]
2026-07-31 16:39:43.646 DEBUG 21088 --- [nio-9060-exec-4] o.s.jdbc.datasource.DataSourceUtils      : Fetching JDBC Connection from DataSource
2026-07-31 16:39:43.683 DEBUG 21088 --- [nio-9060-exec-4] o.s.j.d.DriverManagerDataSource          : Loaded JDBC driver: net.sourceforge.jtds.jdbc.Driver
2026-07-31 16:39:43.684 DEBUG 21088 --- [nio-9060-exec-4] o.s.jdbc.core.JdbcTemplate               : Executing SQL query [EXEC dbo.spx_ObtenerRutaXIdTecnico]
2026-07-31 16:39:43.684 DEBUG 21088 --- [nio-9060-exec-4] o.s.jdbc.datasource.DataSourceUtils      : Fetching JDBC Connection from DataSource
2026-07-31 16:39:43.684 DEBUG 21088 --- [nio-9060-exec-4] o.s.j.d.DriverManagerDataSource          : Creating new JDBC DriverManager Connection to [jdbc:jtds:sqlserver://tigo.makiro.com.bo/BDSistemaAntenaPM]
2026-07-31 16:39:43.686 DEBUG 21088 --- [nio-9060-exec-2] o.s.w.s.m.m.a.HttpEntityMethodProcessor  : Using 'application/json', given [application/json, text/plain, */*] and supported [application/json, application/*+json, application/json, application/*+json]
2026-07-31 16:39:43.686 DEBUG 21088 --- [nio-9060-exec-2] o.s.w.s.m.m.a.HttpEntityMethodProcessor  : Writing [com.example.TigoStarSystem.common.ApiResponse@7072b7eb]
2026-07-31 16:39:43.687 DEBUG 21088 --- [nio-9060-exec-2] o.s.web.servlet.DispatcherServlet        : Completed 200 OK
2026-07-31 16:39:43.719 DEBUG 21088 --- [nio-9060-exec-9] o.s.jdbc.datasource.DataSourceUtils      : Fetching JDBC Connection from DataSource
2026-07-31 16:39:43.719 DEBUG 21088 --- [nio-9060-exec-9] o.s.j.d.DriverManagerDataSource          : Creating new JDBC DriverManager Connection to [jdbc:jtds:sqlserver://tigo.makiro.com.bo/BDSistemaAntenaPM]
2026-07-31 16:39:43.795 DEBUG 21088 --- [nio-9060-exec-7] o.s.jdbc.core.JdbcTemplate               : Executing SQL query [EXEC dbo.spx_ObtenerSucursalesConexionWeb]
2026-07-31 16:39:43.795 DEBUG 21088 --- [nio-9060-exec-7] o.s.jdbc.datasource.DataSourceUtils      : Fetching JDBC Connection from DataSource
2026-07-31 16:39:43.835 DEBUG 21088 --- [nio-9060-exec-4] o.s.jdbc.datasource.DataSourceUtils      : Fetching JDBC Connection from DataSource
2026-07-31 16:39:43.836 DEBUG 21088 --- [nio-9060-exec-4] o.s.j.d.DriverManagerDataSource          : Creating new JDBC DriverManager Connection to [jdbc:jtds:sqlserver://tigo.makiro.com.bo/BDSistemaAntenaPM]
2026-07-31 16:39:43.836 DEBUG 21088 --- [nio-9060-exec-7] o.s.jdbc.core.JdbcTemplate               : Executing prepared SQL query
2026-07-31 16:39:43.836 DEBUG 21088 --- [nio-9060-exec-7] o.s.jdbc.core.JdbcTemplate               : Executing prepared SQL statement [SELECT * FROM dbo.tbl_ConformacionCuadrillaDiario WHERE 1=1 AND CONVERT(date, fecha) = CONVERT(date, ?) AND LOWER(REPLACE(REPLACE(REPLACE(ISNULL(CAST(sucursal AS VARCHAR(120)), ''), ' ', ''), '_', ''), '-', '')) = LOWER(REPLACE(REPLACE(REPLACE(?, ' ', ''), '_', ''), '-', '')) ORDER BY fechaRegistro DESC, id DESC]
2026-07-31 16:39:43.836 DEBUG 21088 --- [nio-9060-exec-7] o.s.jdbc.datasource.DataSourceUtils      : Fetching JDBC Connection from DataSource
2026-07-31 16:39:43.836 DEBUG 21088 --- [nio-9060-exec-9] o.s.w.s.m.m.a.HttpEntityMethodProcessor  : Using 'application/json', given [application/json, text/plain, */*] and supported [application/json, application/*+json, application/json, application/*+json]
2026-07-31 16:39:43.836 DEBUG 21088 --- [nio-9060-exec-9] o.s.w.s.m.m.a.HttpEntityMethodProcessor  : Writing [com.example.TigoStarSystem.common.ApiResponse@49a80910]
2026-07-31 16:39:43.837 DEBUG 21088 --- [nio-9060-exec-9] o.s.web.servlet.DispatcherServlet        : Completed 200 OK
2026-07-31 16:39:44.019 DEBUG 21088 --- [nio-9060-exec-4] o.s.w.s.m.m.a.HttpEntityMethodProcessor  : Using 'application/json', given [application/json, text/plain, */*] and supported [application/json, application/*+json, application/json, application/*+json]
2026-07-31 16:39:44.021 DEBUG 21088 --- [nio-9060-exec-4] o.s.w.s.m.m.a.HttpEntityMethodProcessor  : Writing [com.example.TigoStarSystem.common.ApiResponse@19c4f8da]
2026-07-31 16:39:44.021 DEBUG 21088 --- [nio-9060-exec-7] o.s.w.s.m.m.a.HttpEntityMethodProcessor  : Using 'application/json', given [application/json, text/plain, */*] and supported [application/json, application/*+json, application/json, application/*+json]
2026-07-31 16:39:44.021 DEBUG 21088 --- [nio-9060-exec-7] o.s.w.s.m.m.a.HttpEntityMethodProcessor  : Writing [com.example.TigoStarSystem.common.ApiResponse@1f8c7f5b]
2026-07-31 16:39:44.021 DEBUG 21088 --- [nio-9060-exec-4] o.s.web.servlet.DispatcherServlet        : Completed 200 OK
2026-07-31 16:39:44.021 DEBUG 21088 --- [nio-9060-exec-7] o.s.web.servlet.DispatcherServlet        : Completed 200 OK
2026-07-31 16:39:44.029 DEBUG 21088 --- [nio-9060-exec-1] o.s.web.servlet.DispatcherServlet        : GET "/supervisor/conformacion-cuadrilla-web?fecha=2026-07-31&sucursal=SantaCruz&limite=200", parameters={masked}
2026-07-31 16:39:44.030 DEBUG 21088 --- [nio-9060-exec-1] s.w.s.m.m.a.RequestMappingHandlerMapping : Mapped to com.example.TigoStarSystem.supervisor.controller.ConformacionCuadrillaWebController#listar(String, LocalDate, String, Integer)
2026-07-31 16:39:44.030 DEBUG 21088 --- [nio-9060-exec-6] o.s.web.servlet.DispatcherServlet        : GET "/supervisor/conformacion-cuadrilla/confirmadas?fecha=2026-07-31&sucursal=SantaCruz&limit=200&limite=200", parameters={masked}
2026-07-31 16:39:44.030 DEBUG 21088 --- [nio-9060-exec-6] s.w.s.m.m.a.RequestMappingHandlerMapping : Mapped to com.example.TigoStarSystem.supervisor.controller.ConformacionCuadrillaController#listarConfirmadas(LocalDate, String, String, Integer)
2026-07-31 16:39:44.030 DEBUG 21088 --- [nio-9060-exec-1] o.s.jdbc.core.JdbcTemplate               : Executing SQL query [EXEC dbo.spx_ObtenerSucursalesConexionWeb]
2026-07-31 16:39:44.030 DEBUG 21088 --- [nio-9060-exec-1] o.s.jdbc.datasource.DataSourceUtils      : Fetching JDBC Connection from DataSource
2026-07-31 16:39:44.031 DEBUG 21088 --- [nio-9060-exec-6] o.s.jdbc.core.JdbcTemplate               : Executing SQL query [EXEC dbo.spx_ObtenerSucursalesConexionWeb]
2026-07-31 16:39:44.031 DEBUG 21088 --- [nio-9060-exec-6] o.s.jdbc.datasource.DataSourceUtils      : Fetching JDBC Connection from DataSource
2026-07-31 16:39:44.104 DEBUG 21088 --- [nio-9060-exec-6] o.s.jdbc.core.JdbcTemplate               : Executing prepared SQL query
2026-07-31 16:39:44.104 DEBUG 21088 --- [nio-9060-exec-1] o.s.j.d.DriverManagerDataSource          : Loaded JDBC driver: net.sourceforge.jtds.jdbc.Driver
2026-07-31 16:39:44.105 DEBUG 21088 --- [nio-9060-exec-6] o.s.jdbc.core.JdbcTemplate               : Executing prepared SQL statement [SELECT * FROM dbo.tbl_ConformacionCuadrillaDiario WHERE 1=1 AND CONVERT(date, fecha) = CONVERT(date, ?) AND LOWER(REPLACE(REPLACE(REPLACE(ISNULL(CAST(sucursal AS VARCHAR(120)), ''), ' ', ''), '_', ''), '-', '')) = LOWER(REPLACE(REPLACE(REPLACE(?, ' ', ''), '_', ''), '-', '')) ORDER BY fechaRegistro DESC, id DESC]
2026-07-31 16:39:44.105 DEBUG 21088 --- [nio-9060-exec-1] o.s.jdbc.core.JdbcTemplate               : Executing SQL query [EXEC dbo.spx_ObtenerRutaXIdTecnico]
2026-07-31 16:39:44.105 DEBUG 21088 --- [nio-9060-exec-6] o.s.jdbc.datasource.DataSourceUtils      : Fetching JDBC Connection from DataSource
2026-07-31 16:39:44.105 DEBUG 21088 --- [nio-9060-exec-1] o.s.jdbc.datasource.DataSourceUtils      : Fetching JDBC Connection from DataSource
2026-07-31 16:39:44.105 DEBUG 21088 --- [nio-9060-exec-1] o.s.j.d.DriverManagerDataSource          : Creating new JDBC DriverManager Connection to [jdbc:jtds:sqlserver://tigo.makiro.com.bo/BDSistemaAntenaPM]
2026-07-31 16:39:44.254 DEBUG 21088 --- [nio-9060-exec-6] o.s.w.s.m.m.a.HttpEntityMethodProcessor  : Using 'application/json', given [application/json, text/plain, */*] and supported [application/json, application/*+json, application/json, application/*+json]
2026-07-31 16:39:44.255 DEBUG 21088 --- [nio-9060-exec-6] o.s.w.s.m.m.a.HttpEntityMethodProcessor  : Writing [com.example.TigoStarSystem.common.ApiResponse@60d23454]
2026-07-31 16:39:44.256 DEBUG 21088 --- [nio-9060-exec-6] o.s.web.servlet.DispatcherServlet        : Completed 200 OK
2026-07-31 16:39:44.347 DEBUG 21088 --- [nio-9060-exec-1] o.s.jdbc.datasource.DataSourceUtils      : Fetching JDBC Connection from DataSource
2026-07-31 16:39:44.347 DEBUG 21088 --- [nio-9060-exec-1] o.s.j.d.DriverManagerDataSource          : Creating new JDBC DriverManager Connection to [jdbc:jtds:sqlserver://tigo.makiro.com.bo/BDSistemaAntenaPM]
2026-07-31 16:39:44.742 DEBUG 21088 --- [nio-9060-exec-1] o.s.w.s.m.m.a.HttpEntityMethodProcessor  : Using 'application/json', given [application/json, text/plain, */*] and supported [application/json, application/*+json, application/json, application/*+json]
2026-07-31 16:39:44.742 DEBUG 21088 --- [nio-9060-exec-1] o.s.w.s.m.m.a.HttpEntityMethodProcessor  : Writing [com.example.TigoStarSystem.common.ApiResponse@3c77120c]
2026-07-31 16:39:44.743 DEBUG 21088 --- [nio-9060-exec-1] o.s.web.servlet.DispatcherServlet        : Completed 200 OK
2026-07-31 16:39:52.038 DEBUG 21088 --- [nio-9060-exec-5] o.s.web.servlet.DispatcherServlet        : GET "/supervisor/conformacion-cuadrilla/confirmadas?fecha=2026-07-31&sucursal=SantaCruz&limit=200&limite=200", parameters={masked}
2026-07-31 16:39:52.038 DEBUG 21088 --- [nio-9060-exec-5] s.w.s.m.m.a.RequestMappingHandlerMapping : Mapped to com.example.TigoStarSystem.supervisor.controller.ConformacionCuadrillaController#listarConfirmadas(LocalDate, String, String, Integer)
2026-07-31 16:39:52.039 DEBUG 21088 --- [nio-9060-exec-5] o.s.jdbc.core.JdbcTemplate               : Executing SQL query [EXEC dbo.spx_ObtenerSucursalesConexionWeb]
2026-07-31 16:39:52.039 DEBUG 21088 --- [nio-9060-exec-5] o.s.jdbc.datasource.DataSourceUtils      : Fetching JDBC Connection from DataSource
2026-07-31 16:39:52.125 DEBUG 21088 --- [nio-9060-exec-5] o.s.jdbc.core.JdbcTemplate               : Executing prepared SQL query
2026-07-31 16:39:52.125 DEBUG 21088 --- [nio-9060-exec-5] o.s.jdbc.core.JdbcTemplate               : Executing prepared SQL statement [SELECT * FROM dbo.tbl_ConformacionCuadrillaDiario WHERE 1=1 AND CONVERT(date, fecha) = CONVERT(date, ?) AND LOWER(REPLACE(REPLACE(REPLACE(ISNULL(CAST(sucursal AS VARCHAR(120)), ''), ' ', ''), '_', ''), '-', '')) = LOWER(REPLACE(REPLACE(REPLACE(?, ' ', ''), '_', ''), '-', '')) ORDER BY fechaRegistro DESC, id DESC]
2026-07-31 16:39:52.125 DEBUG 21088 --- [nio-9060-exec-5] o.s.jdbc.datasource.DataSourceUtils      : Fetching JDBC Connection from DataSource
2026-07-31 16:39:52.434 DEBUG 21088 --- [nio-9060-exec-5] o.s.w.s.m.m.a.HttpEntityMethodProcessor  : Using 'application/json', given [application/json, text/plain, */*] and supported [application/json, application/*+json, application/json, application/*+json]
2026-07-31 16:39:52.434 DEBUG 21088 --- [nio-9060-exec-5] o.s.w.s.m.m.a.HttpEntityMethodProcessor  : Writing [com.example.TigoStarSystem.common.ApiResponse@1b1fc756]
2026-07-31 16:39:52.435 DEBUG 21088 --- [nio-9060-exec-5] o.s.web.servlet.DispatcherServlet        : Completed 200 OK
2026-07-31 16:39:55.237 DEBUG 21088 --- [nio-9060-exec-8] o.s.web.servlet.DispatcherServlet        : POST "/supervisor/conformacion-cuadrilla/1765/eliminar", parameters={}
2026-07-31 16:39:55.238 DEBUG 21088 --- [nio-9060-exec-8] s.w.s.m.m.a.RequestMappingHandlerMapping : Mapped to com.example.TigoStarSystem.supervisor.controller.ConformacionCuadrillaController#eliminarConfirmadaPost(Long)
2026-07-31 16:39:55.238 DEBUG 21088 --- [nio-9060-exec-8] o.s.jdbc.core.JdbcTemplate               : Executing prepared SQL update
2026-07-31 16:39:55.239 DEBUG 21088 --- [nio-9060-exec-8] o.s.jdbc.core.JdbcTemplate               : Executing prepared SQL statement [UPDATE dbo.tbl_ConformacionCuadrillaDiario SET e_eliminado = 1 WHERE id = ? AND ISNULL(e_eliminado, 0) = 0]
2026-07-31 16:39:55.239 DEBUG 21088 --- [nio-9060-exec-8] o.s.jdbc.datasource.DataSourceUtils      : Fetching JDBC Connection from DataSource
2026-07-31 16:39:55.444 DEBUG 21088 --- [nio-9060-exec-8] o.s.w.s.m.m.a.HttpEntityMethodProcessor  : Using 'application/json', given [application/json, text/plain, */*] and supported [application/json, application/*+json, application/json, application/*+json]
2026-07-31 16:39:55.444 DEBUG 21088 --- [nio-9060-exec-8] o.s.w.s.m.m.a.HttpEntityMethodProcessor  : Writing [com.example.TigoStarSystem.common.ApiResponse@7e6683ec]
2026-07-31 16:39:55.445 DEBUG 21088 --- [nio-9060-exec-8] o.s.web.servlet.DispatcherServlet        : Completed 200 OK
2026-07-31 16:39:55.454 DEBUG 21088 --- [io-9060-exec-10] o.s.web.servlet.DispatcherServlet        : GET "/supervisor/conformacion-cuadrilla/confirmadas?fecha=2026-07-31&sucursal=SantaCruz&limit=200&limite=200", parameters={masked}
2026-07-31 16:39:55.454 DEBUG 21088 --- [io-9060-exec-10] s.w.s.m.m.a.RequestMappingHandlerMapping : Mapped to com.example.TigoStarSystem.supervisor.controller.ConformacionCuadrillaController#listarConfirmadas(LocalDate, String, String, Integer)
2026-07-31 16:39:55.455 DEBUG 21088 --- [io-9060-exec-10] o.s.jdbc.core.JdbcTemplate               : Executing SQL query [EXEC dbo.spx_ObtenerSucursalesConexionWeb]
2026-07-31 16:39:55.455 DEBUG 21088 --- [io-9060-exec-10] o.s.jdbc.datasource.DataSourceUtils      : Fetching JDBC Connection from DataSource
2026-07-31 16:39:55.656 DEBUG 21088 --- [io-9060-exec-10] o.s.jdbc.core.JdbcTemplate               : Executing prepared SQL query
2026-07-31 16:39:55.656 DEBUG 21088 --- [io-9060-exec-10] o.s.jdbc.core.JdbcTemplate               : Executing prepared SQL statement [SELECT * FROM dbo.tbl_ConformacionCuadrillaDiario WHERE 1=1 AND CONVERT(date, fecha) = CONVERT(date, ?) AND LOWER(REPLACE(REPLACE(REPLACE(ISNULL(CAST(sucursal AS VARCHAR(120)), ''), ' ', ''), '_', ''), '-', '')) = LOWER(REPLACE(REPLACE(REPLACE(?, ' ', ''), '_', ''), '-', '')) ORDER BY fechaRegistro DESC, id DESC]
2026-07-31 16:39:55.656 DEBUG 21088 --- [io-9060-exec-10] o.s.jdbc.datasource.DataSourceUtils      : Fetching JDBC Connection from DataSource
2026-07-31 16:39:55.759 DEBUG 21088 --- [io-9060-exec-10] o.s.w.s.m.m.a.HttpEntityMethodProcessor  : Using 'application/json', given [application/json, text/plain, */*] and supported [application/json, application/*+json, application/json, application/*+json]
2026-07-31 16:39:55.759 DEBUG 21088 --- [io-9060-exec-10] o.s.w.s.m.m.a.HttpEntityMethodProcessor  : Writing [com.example.TigoStarSystem.common.ApiResponse@5f3759b4]
2026-07-31 16:39:55.760 DEBUG 21088 --- [io-9060-exec-10] o.s.web.servlet.DispatcherServlet        : Completed 200 OK
2026-07-31 16:39:55.769 DEBUG 21088 --- [nio-9060-exec-3] o.s.web.servlet.DispatcherServlet        : GET "/supervisor/conformacion-cuadrilla/pendientes?fecha=2026-07-31&sucursal=SantaCruz&limit=200&limite=200", parameters={masked}
2026-07-31 16:39:55.770 DEBUG 21088 --- [nio-9060-exec-3] s.w.s.m.m.a.RequestMappingHandlerMapping : Mapped to com.example.TigoStarSystem.supervisor.controller.ConformacionCuadrillaController#listarPendientes(LocalDate, String, String, Integer)
2026-07-31 16:39:55.771 DEBUG 21088 --- [nio-9060-exec-3] o.s.jdbc.core.JdbcTemplate               : Executing SQL query [EXEC dbo.spx_ObtenerSucursalesConexionWeb]
2026-07-31 16:39:55.771 DEBUG 21088 --- [nio-9060-exec-3] o.s.jdbc.datasource.DataSourceUtils      : Fetching JDBC Connection from DataSource
2026-07-31 16:39:55.771 DEBUG 21088 --- [nio-9060-exec-2] o.s.web.servlet.DispatcherServlet        : GET "/supervisor/conformacion-cuadrilla/confirmadas?fecha=2026-07-31&sucursal=SantaCruz&limit=200&limite=200", parameters={masked}
2026-07-31 16:39:55.772 DEBUG 21088 --- [nio-9060-exec-2] s.w.s.m.m.a.RequestMappingHandlerMapping : Mapped to com.example.TigoStarSystem.supervisor.controller.ConformacionCuadrillaController#listarConfirmadas(LocalDate, String, String, Integer)
2026-07-31 16:39:55.773 DEBUG 21088 --- [nio-9060-exec-2] o.s.jdbc.core.JdbcTemplate               : Executing SQL query [EXEC dbo.spx_ObtenerSucursalesConexionWeb]
2026-07-31 16:39:55.773 DEBUG 21088 --- [nio-9060-exec-2] o.s.jdbc.datasource.DataSourceUtils      : Fetching JDBC Connection from DataSource
2026-07-31 16:39:55.820 DEBUG 21088 --- [nio-9060-exec-3] o.s.jdbc.core.JdbcTemplate               : Executing SQL query [EXEC dbo.spx_ObtenerSucursalesConexionWeb]
2026-07-31 16:39:55.820 DEBUG 21088 --- [nio-9060-exec-3] o.s.jdbc.datasource.DataSourceUtils      : Fetching JDBC Connection from DataSource
2026-07-31 16:39:55.845 DEBUG 21088 --- [nio-9060-exec-2] o.s.jdbc.core.JdbcTemplate               : Executing prepared SQL query
2026-07-31 16:39:55.845 DEBUG 21088 --- [nio-9060-exec-3] o.s.j.d.DriverManagerDataSource          : Loaded JDBC driver: net.sourceforge.jtds.jdbc.Driver
2026-07-31 16:39:55.845 DEBUG 21088 --- [nio-9060-exec-2] o.s.jdbc.core.JdbcTemplate               : Executing prepared SQL statement [SELECT * FROM dbo.tbl_ConformacionCuadrillaDiario WHERE 1=1 AND CONVERT(date, fecha) = CONVERT(date, ?) AND LOWER(REPLACE(REPLACE(REPLACE(ISNULL(CAST(sucursal AS VARCHAR(120)), ''), ' ', ''), '_', ''), '-', '')) = LOWER(REPLACE(REPLACE(REPLACE(?, ' ', ''), '_', ''), '-', '')) ORDER BY fechaRegistro DESC, id DESC]
2026-07-31 16:39:55.845 DEBUG 21088 --- [nio-9060-exec-3] o.s.jdbc.core.JdbcTemplate               : Executing prepared SQL query
2026-07-31 16:39:55.845 DEBUG 21088 --- [nio-9060-exec-2] o.s.jdbc.datasource.DataSourceUtils      : Fetching JDBC Connection from DataSource
2026-07-31 16:39:55.845 DEBUG 21088 --- [nio-9060-exec-3] o.s.jdbc.core.JdbcTemplate               : Executing prepared SQL statement [EXEC dbo.spx_ObtenerConformacionCuadrillaBackOffice ?, ?, ?, ?]
2026-07-31 16:39:55.845 DEBUG 21088 --- [nio-9060-exec-3] o.s.jdbc.datasource.DataSourceUtils      : Fetching JDBC Connection from DataSource
2026-07-31 16:39:55.845 DEBUG 21088 --- [nio-9060-exec-3] o.s.j.d.DriverManagerDataSource          : Creating new JDBC DriverManager Connection to [jdbc:jtds:sqlserver://tigo.makiro.com.bo/BDSistemaAntenaPM]
2026-07-31 16:39:56.060 DEBUG 21088 --- [nio-9060-exec-2] o.s.w.s.m.m.a.HttpEntityMethodProcessor  : Using 'application/json', given [application/json, text/plain, */*] and supported [application/json, application/*+json, application/json, application/*+json]
2026-07-31 16:39:56.060 DEBUG 21088 --- [nio-9060-exec-2] o.s.w.s.m.m.a.HttpEntityMethodProcessor  : Writing [com.example.TigoStarSystem.common.ApiResponse@1996ac53]
2026-07-31 16:39:56.061 DEBUG 21088 --- [nio-9060-exec-2] o.s.web.servlet.DispatcherServlet        : Completed 200 OK
2026-07-31 16:39:56.150 DEBUG 21088 --- [nio-9060-exec-3] o.s.jdbc.core.JdbcTemplate               : Executing SQL query [EXEC dbo.spx_ObtenerSucursalesConexionWeb]
2026-07-31 16:39:56.150 DEBUG 21088 --- [nio-9060-exec-3] o.s.jdbc.datasource.DataSourceUtils      : Fetching JDBC Connection from DataSource
2026-07-31 16:39:56.201 DEBUG 21088 --- [nio-9060-exec-3] o.s.jdbc.core.JdbcTemplate               : Executing prepared SQL query
2026-07-31 16:39:56.201 DEBUG 21088 --- [nio-9060-exec-3] o.s.jdbc.core.JdbcTemplate               : Executing prepared SQL statement [SELECT * FROM dbo.tbl_ConformacionCuadrillaDiario WHERE 1=1 AND CONVERT(date, fecha) = CONVERT(date, ?) AND LOWER(REPLACE(REPLACE(REPLACE(ISNULL(CAST(sucursal AS VARCHAR(120)), ''), ' ', ''), '_', ''), '-', '')) = LOWER(REPLACE(REPLACE(REPLACE(?, ' ', ''), '_', ''), '-', '')) ORDER BY fechaRegistro DESC, id DESC]
2026-07-31 16:39:56.201 DEBUG 21088 --- [nio-9060-exec-3] o.s.jdbc.datasource.DataSourceUtils      : Fetching JDBC Connection from DataSource
2026-07-31 16:39:56.450 DEBUG 21088 --- [nio-9060-exec-3] o.s.w.s.m.m.a.HttpEntityMethodProcessor  : Using 'application/json', given [application/json, text/plain, */*] and supported [application/json, application/*+json, application/json, application/*+json]
2026-07-31 16:39:56.450 DEBUG 21088 --- [nio-9060-exec-3] o.s.w.s.m.m.a.HttpEntityMethodProcessor  : Writing [com.example.TigoStarSystem.common.ApiResponse@3950c169]
2026-07-31 16:39:56.451 DEBUG 21088 --- [nio-9060-exec-3] o.s.web.servlet.DispatcherServlet        : Completed 200 OK
2026-07-31 16:39:58.341 DEBUG 21088 --- [nio-9060-exec-9] o.s.web.servlet.DispatcherServlet        : GET "/supervisor/conformacion-cuadrilla/pendientes?fecha=2026-07-31&sucursal=SantaCruz&limit=200&limite=200", parameters={masked}
2026-07-31 16:39:58.342 DEBUG 21088 --- [nio-9060-exec-9] s.w.s.m.m.a.RequestMappingHandlerMapping : Mapped to com.example.TigoStarSystem.supervisor.controller.ConformacionCuadrillaController#listarPendientes(LocalDate, String, String, Integer)
2026-07-31 16:39:58.343 DEBUG 21088 --- [nio-9060-exec-9] o.s.jdbc.core.JdbcTemplate               : Executing SQL query [EXEC dbo.spx_ObtenerSucursalesConexionWeb]
2026-07-31 16:39:58.343 DEBUG 21088 --- [nio-9060-exec-9] o.s.jdbc.datasource.DataSourceUtils      : Fetching JDBC Connection from DataSource
2026-07-31 16:39:58.451 DEBUG 21088 --- [nio-9060-exec-9] o.s.jdbc.core.JdbcTemplate               : Executing SQL query [EXEC dbo.spx_ObtenerSucursalesConexionWeb]
2026-07-31 16:39:58.451 DEBUG 21088 --- [nio-9060-exec-9] o.s.jdbc.datasource.DataSourceUtils      : Fetching JDBC Connection from DataSource
2026-07-31 16:39:58.490 DEBUG 21088 --- [nio-9060-exec-9] o.s.j.d.DriverManagerDataSource          : Loaded JDBC driver: net.sourceforge.jtds.jdbc.Driver
2026-07-31 16:39:58.490 DEBUG 21088 --- [nio-9060-exec-9] o.s.jdbc.core.JdbcTemplate               : Executing prepared SQL query
2026-07-31 16:39:58.490 DEBUG 21088 --- [nio-9060-exec-9] o.s.jdbc.core.JdbcTemplate               : Executing prepared SQL statement [EXEC dbo.spx_ObtenerConformacionCuadrillaBackOffice ?, ?, ?, ?]
2026-07-31 16:39:58.490 DEBUG 21088 --- [nio-9060-exec-9] o.s.jdbc.datasource.DataSourceUtils      : Fetching JDBC Connection from DataSource
2026-07-31 16:39:58.490 DEBUG 21088 --- [nio-9060-exec-9] o.s.j.d.DriverManagerDataSource          : Creating new JDBC DriverManager Connection to [jdbc:jtds:sqlserver://tigo.makiro.com.bo/BDSistemaAntenaPM]
2026-07-31 16:39:58.763 DEBUG 21088 --- [nio-9060-exec-9] o.s.jdbc.core.JdbcTemplate               : Executing SQL query [EXEC dbo.spx_ObtenerSucursalesConexionWeb]
2026-07-31 16:39:58.763 DEBUG 21088 --- [nio-9060-exec-9] o.s.jdbc.datasource.DataSourceUtils      : Fetching JDBC Connection from DataSource
2026-07-31 16:39:58.813 DEBUG 21088 --- [nio-9060-exec-9] o.s.jdbc.core.JdbcTemplate               : Executing prepared SQL query
2026-07-31 16:39:58.813 DEBUG 21088 --- [nio-9060-exec-9] o.s.jdbc.core.JdbcTemplate               : Executing prepared SQL statement [SELECT * FROM dbo.tbl_ConformacionCuadrillaDiario WHERE 1=1 AND CONVERT(date, fecha) = CONVERT(date, ?) AND LOWER(REPLACE(REPLACE(REPLACE(ISNULL(CAST(sucursal AS VARCHAR(120)), ''), ' ', ''), '_', ''), '-', '')) = LOWER(REPLACE(REPLACE(REPLACE(?, ' ', ''), '_', ''), '-', '')) ORDER BY fechaRegistro DESC, id DESC]
2026-07-31 16:39:58.814 DEBUG 21088 --- [nio-9060-exec-9] o.s.jdbc.datasource.DataSourceUtils      : Fetching JDBC Connection from DataSource
2026-07-31 16:39:59.140 DEBUG 21088 --- [nio-9060-exec-9] o.s.w.s.m.m.a.HttpEntityMethodProcessor  : Using 'application/json', given [application/json, text/plain, */*] and supported [application/json, application/*+json, application/json, application/*+json]
2026-07-31 16:39:59.140 DEBUG 21088 --- [nio-9060-exec-9] o.s.w.s.m.m.a.HttpEntityMethodProcessor  : Writing [com.example.TigoStarSystem.common.ApiResponse@7cce3fc5]
2026-07-31 16:39:59.142 DEBUG 21088 --- [nio-9060-exec-9] o.s.web.servlet.DispatcherServlet        : Completed 200 OK
2026-07-31 16:39:59.639 DEBUG 21088 --- [nio-9060-exec-7] o.s.web.servlet.DispatcherServlet        : GET "/supervisor/conformacion-cuadrilla/confirmadas?fecha=2026-07-31&sucursal=SantaCruz&limit=200&limite=200", parameters={masked}
2026-07-31 16:39:59.639 DEBUG 21088 --- [nio-9060-exec-7] s.w.s.m.m.a.RequestMappingHandlerMapping : Mapped to com.example.TigoStarSystem.supervisor.controller.ConformacionCuadrillaController#listarConfirmadas(LocalDate, String, String, Integer)
2026-07-31 16:39:59.641 DEBUG 21088 --- [nio-9060-exec-7] o.s.jdbc.core.JdbcTemplate               : Executing SQL query [EXEC dbo.spx_ObtenerSucursalesConexionWeb]
2026-07-31 16:39:59.641 DEBUG 21088 --- [nio-9060-exec-7] o.s.jdbc.datasource.DataSourceUtils      : Fetching JDBC Connection from DataSource
2026-07-31 16:39:59.768 DEBUG 21088 --- [nio-9060-exec-7] o.s.jdbc.core.JdbcTemplate               : Executing prepared SQL query
2026-07-31 16:39:59.769 DEBUG 21088 --- [nio-9060-exec-7] o.s.jdbc.core.JdbcTemplate               : Executing prepared SQL statement [SELECT * FROM dbo.tbl_ConformacionCuadrillaDiario WHERE 1=1 AND CONVERT(date, fecha) = CONVERT(date, ?) AND LOWER(REPLACE(REPLACE(REPLACE(ISNULL(CAST(sucursal AS VARCHAR(120)), ''), ' ', ''), '_', ''), '-', '')) = LOWER(REPLACE(REPLACE(REPLACE(?, ' ', ''), '_', ''), '-', '')) ORDER BY fechaRegistro DESC, id DESC]
2026-07-31 16:39:59.769 DEBUG 21088 --- [nio-9060-exec-7] o.s.jdbc.datasource.DataSourceUtils      : Fetching JDBC Connection from DataSource
2026-07-31 16:39:59.901 DEBUG 21088 --- [nio-9060-exec-7] o.s.w.s.m.m.a.HttpEntityMethodProcessor  : Using 'application/json', given [application/json, text/plain, */*] and supported [application/json, application/*+json, application/json, application/*+json]
2026-07-31 16:39:59.901 DEBUG 21088 --- [nio-9060-exec-7] o.s.w.s.m.m.a.HttpEntityMethodProcessor  : Writing [com.example.TigoStarSystem.common.ApiResponse@26cd10e1]
2026-07-31 16:39:59.902 DEBUG 21088 --- [nio-9060-exec-7] o.s.web.servlet.DispatcherServlet        : Completed 200 OK
2026-07-31 16:40:00.381 DEBUG 21088 --- [nio-9060-exec-4] o.s.web.servlet.DispatcherServlet        : GET "/supervisor/conformacion-cuadrilla/pendientes?fecha=2026-07-31&sucursal=SantaCruz&limit=200&limite=200", parameters={masked}
2026-07-31 16:40:00.381 DEBUG 21088 --- [nio-9060-exec-4] s.w.s.m.m.a.RequestMappingHandlerMapping : Mapped to com.example.TigoStarSystem.supervisor.controller.ConformacionCuadrillaController#listarPendientes(LocalDate, String, String, Integer)
2026-07-31 16:40:00.383 DEBUG 21088 --- [nio-9060-exec-4] o.s.jdbc.core.JdbcTemplate               : Executing SQL query [EXEC dbo.spx_ObtenerSucursalesConexionWeb]
2026-07-31 16:40:00.383 DEBUG 21088 --- [nio-9060-exec-4] o.s.jdbc.datasource.DataSourceUtils      : Fetching JDBC Connection from DataSource
2026-07-31 16:40:00.512 DEBUG 21088 --- [nio-9060-exec-4] o.s.jdbc.core.JdbcTemplate               : Executing SQL query [EXEC dbo.spx_ObtenerSucursalesConexionWeb]
2026-07-31 16:40:00.513 DEBUG 21088 --- [nio-9060-exec-4] o.s.jdbc.datasource.DataSourceUtils      : Fetching JDBC Connection from DataSource
2026-07-31 16:40:00.566 DEBUG 21088 --- [nio-9060-exec-4] o.s.j.d.DriverManagerDataSource          : Loaded JDBC driver: net.sourceforge.jtds.jdbc.Driver
2026-07-31 16:40:00.566 DEBUG 21088 --- [nio-9060-exec-4] o.s.jdbc.core.JdbcTemplate               : Executing prepared SQL query
2026-07-31 16:40:00.566 DEBUG 21088 --- [nio-9060-exec-4] o.s.jdbc.core.JdbcTemplate               : Executing prepared SQL statement [EXEC dbo.spx_ObtenerConformacionCuadrillaBackOffice ?, ?, ?, ?]
2026-07-31 16:40:00.566 DEBUG 21088 --- [nio-9060-exec-4] o.s.jdbc.datasource.DataSourceUtils      : Fetching JDBC Connection from DataSource
2026-07-31 16:40:00.566 DEBUG 21088 --- [nio-9060-exec-4] o.s.j.d.DriverManagerDataSource          : Creating new JDBC DriverManager Connection to [jdbc:jtds:sqlserver://tigo.makiro.com.bo/BDSistemaAntenaPM]
2026-07-31 16:40:00.926 DEBUG 21088 --- [nio-9060-exec-4] o.s.jdbc.core.JdbcTemplate               : Executing SQL query [EXEC dbo.spx_ObtenerSucursalesConexionWeb]
2026-07-31 16:40:00.927 DEBUG 21088 --- [nio-9060-exec-4] o.s.jdbc.datasource.DataSourceUtils      : Fetching JDBC Connection from DataSource
2026-07-31 16:40:00.976 DEBUG 21088 --- [nio-9060-exec-4] o.s.jdbc.core.JdbcTemplate               : Executing prepared SQL query
2026-07-31 16:40:00.976 DEBUG 21088 --- [nio-9060-exec-4] o.s.jdbc.core.JdbcTemplate               : Executing prepared SQL statement [SELECT * FROM dbo.tbl_ConformacionCuadrillaDiario WHERE 1=1 AND CONVERT(date, fecha) = CONVERT(date, ?) AND LOWER(REPLACE(REPLACE(REPLACE(ISNULL(CAST(sucursal AS VARCHAR(120)), ''), ' ', ''), '_', ''), '-', '')) = LOWER(REPLACE(REPLACE(REPLACE(?, ' ', ''), '_', ''), '-', '')) ORDER BY fechaRegistro DESC, id DESC]
2026-07-31 16:40:00.976 DEBUG 21088 --- [nio-9060-exec-4] o.s.jdbc.datasource.DataSourceUtils      : Fetching JDBC Connection from DataSource
2026-07-31 16:40:01.177 DEBUG 21088 --- [nio-9060-exec-4] o.s.w.s.m.m.a.HttpEntityMethodProcessor  : Using 'application/json', given [application/json, text/plain, */*] and supported [application/json, application/*+json, application/json, application/*+json]
2026-07-31 16:40:01.177 DEBUG 21088 --- [nio-9060-exec-4] o.s.w.s.m.m.a.HttpEntityMethodProcessor  : Writing [com.example.TigoStarSystem.common.ApiResponse@122a47d0]
2026-07-31 16:40:01.178 DEBUG 21088 --- [nio-9060-exec-4] o.s.web.servlet.DispatcherServlet        : Completed 200 OK
2026-07-31 16:40:07.130 DEBUG 21088 --- [l-1 housekeeper] com.zaxxer.hikari.pool.HikariPool        : HikariPool-1 - Before cleanup stats (total=4, active=0, idle=4, waiting=0)
2026-07-31 16:40:07.130 DEBUG 21088 --- [l-1 housekeeper] com.zaxxer.hikari.pool.HikariPool        : HikariPool-1 - After cleanup  stats (total=4, active=0, idle=4, waiting=0)
2026-07-31 16:40:07.130 DEBUG 21088 --- [l-1 housekeeper] com.zaxxer.hikari.pool.HikariPool        : HikariPool-1 - Fill pool skipped, pool is at sufficient level.
2026-07-31 16:40:13.165 DEBUG 21088 --- [ool housekeeper] com.zaxxer.hikari.pool.HikariPool        : CentralHikariPool - Before cleanup stats (total=3, active=0, idle=3, waiting=0)
2026-07-31 16:40:13.165 DEBUG 21088 --- [ool housekeeper] com.zaxxer.hikari.pool.HikariPool        : CentralHikariPool - After cleanup  stats (total=3, active=0, idle=3, waiting=0)
2026-07-31 16:40:13.165 DEBUG 21088 --- [ool housekeeper] com.zaxxer.hikari.pool.HikariPool        : CentralHikariPool - Fill pool skipped, pool is at sufficient level.
2026-07-31 16:40:13.227 DEBUG 21088 --- [ool housekeeper] com.zaxxer.hikari.pool.HikariPool        : TigoHogarHikariPool - Before cleanup stats (total=2, active=0, idle=2, waiting=0)
2026-07-31 16:40:13.227 DEBUG 21088 --- [ool housekeeper] com.zaxxer.hikari.pool.HikariPool        : TigoHogarHikariPool - After cleanup  stats (total=2, active=0, idle=2, waiting=0)
2026-07-31 16:40:13.227 DEBUG 21088 --- [ool housekeeper] com.zaxxer.hikari.pool.HikariPool        : TigoHogarHikariPool - Fill pool skipped, pool is at sufficient level.
2026-07-31 16:40:23.775 DEBUG 21088 --- [nio-9060-exec-6] o.s.web.servlet.DispatcherServlet        : GET "/supervisor/conformacion-cuadrilla/confirmadas?fecha=2026-07-31&sucursal=SantaCruz&limit=200&limite=200", parameters={masked}
2026-07-31 16:40:23.775 DEBUG 21088 --- [nio-9060-exec-6] s.w.s.m.m.a.RequestMappingHandlerMapping : Mapped to com.example.TigoStarSystem.supervisor.controller.ConformacionCuadrillaController#listarConfirmadas(LocalDate, String, String, Integer)
2026-07-31 16:40:23.775 DEBUG 21088 --- [nio-9060-exec-6] o.s.jdbc.core.JdbcTemplate               : Executing SQL query [EXEC dbo.spx_ObtenerSucursalesConexionWeb]
2026-07-31 16:40:23.776 DEBUG 21088 --- [nio-9060-exec-6] o.s.jdbc.datasource.DataSourceUtils      : Fetching JDBC Connection from DataSource
2026-07-31 16:40:23.943 DEBUG 21088 --- [nio-9060-exec-6] o.s.jdbc.core.JdbcTemplate               : Executing prepared SQL query
2026-07-31 16:40:23.943 DEBUG 21088 --- [nio-9060-exec-6] o.s.jdbc.core.JdbcTemplate               : Executing prepared SQL statement [SELECT * FROM dbo.tbl_ConformacionCuadrillaDiario WHERE 1=1 AND CONVERT(date, fecha) = CONVERT(date, ?) AND LOWER(REPLACE(REPLACE(REPLACE(ISNULL(CAST(sucursal AS VARCHAR(120)), ''), ' ', ''), '_', ''), '-', '')) = LOWER(REPLACE(REPLACE(REPLACE(?, ' ', ''), '_', ''), '-', '')) ORDER BY fechaRegistro DESC, id DESC]
2026-07-31 16:40:23.943 DEBUG 21088 --- [nio-9060-exec-6] o.s.jdbc.datasource.DataSourceUtils      : Fetching JDBC Connection from DataSource
2026-07-31 16:40:24.012 DEBUG 21088 --- [nio-9060-exec-6] o.s.w.s.m.m.a.HttpEntityMethodProcessor  : Using 'application/json', given [application/json, text/plain, */*] and supported [application/json, application/*+json, application/json, application/*+json]
2026-07-31 16:40:24.012 DEBUG 21088 --- [nio-9060-exec-6] o.s.w.s.m.m.a.HttpEntityMethodProcessor  : Writing [com.example.TigoStarSystem.common.ApiResponse@1b082e18]
2026-07-31 16:40:24.013 DEBUG 21088 --- [nio-9060-exec-6] o.s.web.servlet.DispatcherServlet        : Completed 200 OK
2026-07-31 16:40:28.007 DEBUG 21088 --- [nio-9060-exec-1] o.s.web.servlet.DispatcherServlet        : POST "/supervisor/conformacion-cuadrilla/1764/eliminar", parameters={}
2026-07-31 16:40:28.008 DEBUG 21088 --- [nio-9060-exec-1] s.w.s.m.m.a.RequestMappingHandlerMapping : Mapped to com.example.TigoStarSystem.supervisor.controller.ConformacionCuadrillaController#eliminarConfirmadaPost(Long)
2026-07-31 16:40:28.008 DEBUG 21088 --- [nio-9060-exec-1] o.s.jdbc.core.JdbcTemplate               : Executing prepared SQL update
2026-07-31 16:40:28.009 DEBUG 21088 --- [nio-9060-exec-1] o.s.jdbc.core.JdbcTemplate               : Executing prepared SQL statement [UPDATE dbo.tbl_ConformacionCuadrillaDiario SET e_eliminado = 1 WHERE id = ? AND ISNULL(e_eliminado, 0) = 0]
2026-07-31 16:40:28.009 DEBUG 21088 --- [nio-9060-exec-1] o.s.jdbc.datasource.DataSourceUtils      : Fetching JDBC Connection from DataSource
2026-07-31 16:40:28.063 DEBUG 21088 --- [nio-9060-exec-1] o.s.w.s.m.m.a.HttpEntityMethodProcessor  : Using 'application/json', given [application/json, text/plain, */*] and supported [application/json, application/*+json, application/json, application/*+json]
2026-07-31 16:40:28.063 DEBUG 21088 --- [nio-9060-exec-1] o.s.w.s.m.m.a.HttpEntityMethodProcessor  : Writing [com.example.TigoStarSystem.common.ApiResponse@1b73b1a7]
2026-07-31 16:40:28.064 DEBUG 21088 --- [nio-9060-exec-1] o.s.web.servlet.DispatcherServlet        : Completed 200 OK
2026-07-31 16:40:28.075 DEBUG 21088 --- [nio-9060-exec-5] o.s.web.servlet.DispatcherServlet        : GET "/supervisor/conformacion-cuadrilla/confirmadas?fecha=2026-07-31&sucursal=SantaCruz&limit=200&limite=200", parameters={masked}
2026-07-31 16:40:28.075 DEBUG 21088 --- [nio-9060-exec-5] s.w.s.m.m.a.RequestMappingHandlerMapping : Mapped to com.example.TigoStarSystem.supervisor.controller.ConformacionCuadrillaController#listarConfirmadas(LocalDate, String, String, Integer)
2026-07-31 16:40:28.077 DEBUG 21088 --- [nio-9060-exec-5] o.s.jdbc.core.JdbcTemplate               : Executing SQL query [EXEC dbo.spx_ObtenerSucursalesConexionWeb]
2026-07-31 16:40:28.077 DEBUG 21088 --- [nio-9060-exec-5] o.s.jdbc.datasource.DataSourceUtils      : Fetching JDBC Connection from DataSource
2026-07-31 16:40:28.128 DEBUG 21088 --- [nio-9060-exec-5] o.s.jdbc.core.JdbcTemplate               : Executing prepared SQL query
2026-07-31 16:40:28.129 DEBUG 21088 --- [nio-9060-exec-5] o.s.jdbc.core.JdbcTemplate               : Executing prepared SQL statement [SELECT * FROM dbo.tbl_ConformacionCuadrillaDiario WHERE 1=1 AND CONVERT(date, fecha) = CONVERT(date, ?) AND LOWER(REPLACE(REPLACE(REPLACE(ISNULL(CAST(sucursal AS VARCHAR(120)), ''), ' ', ''), '_', ''), '-', '')) = LOWER(REPLACE(REPLACE(REPLACE(?, ' ', ''), '_', ''), '-', '')) ORDER BY fechaRegistro DESC, id DESC]
2026-07-31 16:40:28.129 DEBUG 21088 --- [nio-9060-exec-5] o.s.jdbc.datasource.DataSourceUtils      : Fetching JDBC Connection from DataSource
2026-07-31 16:40:28.527 DEBUG 21088 --- [nio-9060-exec-5] o.s.w.s.m.m.a.HttpEntityMethodProcessor  : Using 'application/json', given [application/json, text/plain, */*] and supported [application/json, application/*+json, application/json, application/*+json]
2026-07-31 16:40:28.527 DEBUG 21088 --- [nio-9060-exec-5] o.s.w.s.m.m.a.HttpEntityMethodProcessor  : Writing [com.example.TigoStarSystem.common.ApiResponse@5b5c0404]
2026-07-31 16:40:28.528 DEBUG 21088 --- [nio-9060-exec-5] o.s.web.servlet.DispatcherServlet        : Completed 200 OK
2026-07-31 16:40:28.539 DEBUG 21088 --- [nio-9060-exec-8] o.s.web.servlet.DispatcherServlet        : GET "/supervisor/conformacion-cuadrilla/pendientes?fecha=2026-07-31&sucursal=SantaCruz&limit=200&limite=200", parameters={masked}
2026-07-31 16:40:28.539 DEBUG 21088 --- [nio-9060-exec-8] s.w.s.m.m.a.RequestMappingHandlerMapping : Mapped to com.example.TigoStarSystem.supervisor.controller.ConformacionCuadrillaController#listarPendientes(LocalDate, String, String, Integer)
2026-07-31 16:40:28.539 DEBUG 21088 --- [io-9060-exec-10] o.s.web.servlet.DispatcherServlet        : GET "/supervisor/conformacion-cuadrilla/confirmadas?fecha=2026-07-31&sucursal=SantaCruz&limit=200&limite=200", parameters={masked}
2026-07-31 16:40:28.540 DEBUG 21088 --- [io-9060-exec-10] s.w.s.m.m.a.RequestMappingHandlerMapping : Mapped to com.example.TigoStarSystem.supervisor.controller.ConformacionCuadrillaController#listarConfirmadas(LocalDate, String, String, Integer)
2026-07-31 16:40:28.540 DEBUG 21088 --- [nio-9060-exec-8] o.s.jdbc.core.JdbcTemplate               : Executing SQL query [EXEC dbo.spx_ObtenerSucursalesConexionWeb]
2026-07-31 16:40:28.540 DEBUG 21088 --- [nio-9060-exec-8] o.s.jdbc.datasource.DataSourceUtils      : Fetching JDBC Connection from DataSource
2026-07-31 16:40:28.540 DEBUG 21088 --- [io-9060-exec-10] o.s.jdbc.core.JdbcTemplate               : Executing SQL query [EXEC dbo.spx_ObtenerSucursalesConexionWeb]
2026-07-31 16:40:28.540 DEBUG 21088 --- [io-9060-exec-10] o.s.jdbc.datasource.DataSourceUtils      : Fetching JDBC Connection from DataSource
2026-07-31 16:40:28.625 DEBUG 21088 --- [nio-9060-exec-8] o.s.jdbc.core.JdbcTemplate               : Executing SQL query [EXEC dbo.spx_ObtenerSucursalesConexionWeb]
2026-07-31 16:40:28.625 DEBUG 21088 --- [nio-9060-exec-8] o.s.jdbc.datasource.DataSourceUtils      : Fetching JDBC Connection from DataSource
2026-07-31 16:40:28.662 DEBUG 21088 --- [nio-9060-exec-8] o.s.j.d.DriverManagerDataSource          : Loaded JDBC driver: net.sourceforge.jtds.jdbc.Driver
2026-07-31 16:40:28.662 DEBUG 21088 --- [io-9060-exec-10] o.s.jdbc.core.JdbcTemplate               : Executing prepared SQL query
2026-07-31 16:40:28.662 DEBUG 21088 --- [nio-9060-exec-8] o.s.jdbc.core.JdbcTemplate               : Executing prepared SQL query
2026-07-31 16:40:28.662 DEBUG 21088 --- [io-9060-exec-10] o.s.jdbc.core.JdbcTemplate               : Executing prepared SQL statement [SELECT * FROM dbo.tbl_ConformacionCuadrillaDiario WHERE 1=1 AND CONVERT(date, fecha) = CONVERT(date, ?) AND LOWER(REPLACE(REPLACE(REPLACE(ISNULL(CAST(sucursal AS VARCHAR(120)), ''), ' ', ''), '_', ''), '-', '')) = LOWER(REPLACE(REPLACE(REPLACE(?, ' ', ''), '_', ''), '-', '')) ORDER BY fechaRegistro DESC, id DESC]
2026-07-31 16:40:28.662 DEBUG 21088 --- [nio-9060-exec-8] o.s.jdbc.core.JdbcTemplate               : Executing prepared SQL statement [EXEC dbo.spx_ObtenerConformacionCuadrillaBackOffice ?, ?, ?, ?]
2026-07-31 16:40:28.662 DEBUG 21088 --- [io-9060-exec-10] o.s.jdbc.datasource.DataSourceUtils      : Fetching JDBC Connection from DataSource
2026-07-31 16:40:28.662 DEBUG 21088 --- [nio-9060-exec-8] o.s.jdbc.datasource.DataSourceUtils      : Fetching JDBC Connection from DataSource
2026-07-31 16:40:28.662 DEBUG 21088 --- [nio-9060-exec-8] o.s.j.d.DriverManagerDataSource          : Creating new JDBC DriverManager Connection to [jdbc:jtds:sqlserver://tigo.makiro.com.bo/BDSistemaAntenaPM]
2026-07-31 16:40:28.752 DEBUG 21088 --- [io-9060-exec-10] o.s.w.s.m.m.a.HttpEntityMethodProcessor  : Using 'application/json', given [application/json, text/plain, */*] and supported [application/json, application/*+json, application/json, application/*+json]
2026-07-31 16:40:28.752 DEBUG 21088 --- [io-9060-exec-10] o.s.w.s.m.m.a.HttpEntityMethodProcessor  : Writing [com.example.TigoStarSystem.common.ApiResponse@7f740d09]
2026-07-31 16:40:28.753 DEBUG 21088 --- [io-9060-exec-10] o.s.web.servlet.DispatcherServlet        : Completed 200 OK
2026-07-31 16:40:28.805 DEBUG 21088 --- [nio-9060-exec-8] o.s.jdbc.core.JdbcTemplate               : Executing SQL query [EXEC dbo.spx_ObtenerSucursalesConexionWeb]
2026-07-31 16:40:28.805 DEBUG 21088 --- [nio-9060-exec-8] o.s.jdbc.datasource.DataSourceUtils      : Fetching JDBC Connection from DataSource
2026-07-31 16:40:28.835 DEBUG 21088 --- [nio-9060-exec-8] o.s.jdbc.core.JdbcTemplate               : Executing prepared SQL query
2026-07-31 16:40:28.835 DEBUG 21088 --- [nio-9060-exec-8] o.s.jdbc.core.JdbcTemplate               : Executing prepared SQL statement [SELECT * FROM dbo.tbl_ConformacionCuadrillaDiario WHERE 1=1 AND CONVERT(date, fecha) = CONVERT(date, ?) AND LOWER(REPLACE(REPLACE(REPLACE(ISNULL(CAST(sucursal AS VARCHAR(120)), ''), ' ', ''), '_', ''), '-', '')) = LOWER(REPLACE(REPLACE(REPLACE(?, ' ', ''), '_', ''), '-', '')) ORDER BY fechaRegistro DESC, id DESC]
2026-07-31 16:40:28.835 DEBUG 21088 --- [nio-9060-exec-8] o.s.jdbc.datasource.DataSourceUtils      : Fetching JDBC Connection from DataSource
2026-07-31 16:40:28.971 DEBUG 21088 --- [nio-9060-exec-8] o.s.w.s.m.m.a.HttpEntityMethodProcessor  : Using 'application/json', given [application/json, text/plain, */*] and supported [application/json, application/*+json, application/json, application/*+json]
2026-07-31 16:40:28.972 DEBUG 21088 --- [nio-9060-exec-8] o.s.w.s.m.m.a.HttpEntityMethodProcessor  : Writing [com.example.TigoStarSystem.common.ApiResponse@551722fa]
2026-07-31 16:40:28.972 DEBUG 21088 --- [nio-9060-exec-8] o.s.web.servlet.DispatcherServlet        : Completed 200 OK
2026-07-31 16:40:33.423 DEBUG 21088 --- [nio-9060-exec-2] o.s.web.servlet.DispatcherServlet        : GET "/supervisor/conformacion-cuadrilla/pendientes?fecha=2026-07-31&sucursal=SantaCruz&limit=200&limite=200", parameters={masked}
2026-07-31 16:40:33.423 DEBUG 21088 --- [nio-9060-exec-2] s.w.s.m.m.a.RequestMappingHandlerMapping : Mapped to com.example.TigoStarSystem.supervisor.controller.ConformacionCuadrillaController#listarPendientes(LocalDate, String, String, Integer)
2026-07-31 16:40:33.424 DEBUG 21088 --- [nio-9060-exec-2] o.s.jdbc.core.JdbcTemplate               : Executing SQL query [EXEC dbo.spx_ObtenerSucursalesConexionWeb]
2026-07-31 16:40:33.424 DEBUG 21088 --- [nio-9060-exec-2] o.s.jdbc.datasource.DataSourceUtils      : Fetching JDBC Connection from DataSource
2026-07-31 16:40:33.440 DEBUG 21088 --- [nio-9060-exec-2] o.s.jdbc.core.JdbcTemplate               : Executing SQL query [EXEC dbo.spx_ObtenerSucursalesConexionWeb]
2026-07-31 16:40:33.440 DEBUG 21088 --- [nio-9060-exec-2] o.s.jdbc.datasource.DataSourceUtils      : Fetching JDBC Connection from DataSource
2026-07-31 16:40:33.449 DEBUG 21088 --- [nio-9060-exec-2] o.s.j.d.DriverManagerDataSource          : Loaded JDBC driver: net.sourceforge.jtds.jdbc.Driver
2026-07-31 16:40:33.449 DEBUG 21088 --- [nio-9060-exec-2] o.s.jdbc.core.JdbcTemplate               : Executing prepared SQL query
2026-07-31 16:40:33.449 DEBUG 21088 --- [nio-9060-exec-2] o.s.jdbc.core.JdbcTemplate               : Executing prepared SQL statement [EXEC dbo.spx_ObtenerConformacionCuadrillaBackOffice ?, ?, ?, ?]
2026-07-31 16:40:33.449 DEBUG 21088 --- [nio-9060-exec-2] o.s.jdbc.datasource.DataSourceUtils      : Fetching JDBC Connection from DataSource
2026-07-31 16:40:33.449 DEBUG 21088 --- [nio-9060-exec-2] o.s.j.d.DriverManagerDataSource          : Creating new JDBC DriverManager Connection to [jdbc:jtds:sqlserver://tigo.makiro.com.bo/BDSistemaAntenaPM]
2026-07-31 16:40:33.480 DEBUG 21088 --- [nio-9060-exec-2] o.s.jdbc.core.JdbcTemplate               : Executing SQL query [EXEC dbo.spx_ObtenerSucursalesConexionWeb]
2026-07-31 16:40:33.480 DEBUG 21088 --- [nio-9060-exec-2] o.s.jdbc.datasource.DataSourceUtils      : Fetching JDBC Connection from DataSource
2026-07-31 16:40:33.487 DEBUG 21088 --- [nio-9060-exec-2] o.s.jdbc.core.JdbcTemplate               : Executing prepared SQL query
2026-07-31 16:40:33.488 DEBUG 21088 --- [nio-9060-exec-2] o.s.jdbc.core.JdbcTemplate               : Executing prepared SQL statement [SELECT * FROM dbo.tbl_ConformacionCuadrillaDiario WHERE 1=1 AND CONVERT(date, fecha) = CONVERT(date, ?) AND LOWER(REPLACE(REPLACE(REPLACE(ISNULL(CAST(sucursal AS VARCHAR(120)), ''), ' ', ''), '_', ''), '-', '')) = LOWER(REPLACE(REPLACE(REPLACE(?, ' ', ''), '_', ''), '-', '')) ORDER BY fechaRegistro DESC, id DESC]
2026-07-31 16:40:33.488 DEBUG 21088 --- [nio-9060-exec-2] o.s.jdbc.datasource.DataSourceUtils      : Fetching JDBC Connection from DataSource
2026-07-31 16:40:33.504 DEBUG 21088 --- [nio-9060-exec-2] o.s.w.s.m.m.a.HttpEntityMethodProcessor  : Using 'application/json', given [application/json, text/plain, */*] and supported [application/json, application/*+json, application/json, application/*+json]
2026-07-31 16:40:33.504 DEBUG 21088 --- [nio-9060-exec-2] o.s.w.s.m.m.a.HttpEntityMethodProcessor  : Writing [com.example.TigoStarSystem.common.ApiResponse@135bbd31]
2026-07-31 16:40:33.505 DEBUG 21088 --- [nio-9060-exec-2] o.s.web.servlet.DispatcherServlet        : Completed 200 OK
2026-07-31 16:40:37.138 DEBUG 21088 --- [l-1 housekeeper] com.zaxxer.hikari.pool.HikariPool        : HikariPool-1 - Before cleanup stats (total=4, active=0, idle=4, waiting=0)
2026-07-31 16:40:37.138 DEBUG 21088 --- [l-1 housekeeper] com.zaxxer.hikari.pool.HikariPool        : HikariPool-1 - After cleanup  stats (total=4, active=0, idle=4, waiting=0)
2026-07-31 16:40:37.138 DEBUG 21088 --- [l-1 housekeeper] com.zaxxer.hikari.pool.HikariPool        : HikariPool-1 - Fill pool skipped, pool is at sufficient level.
2026-07-31 16:40:43.175 DEBUG 21088 --- [ool housekeeper] com.zaxxer.hikari.pool.HikariPool        : CentralHikariPool - Before cleanup stats (total=3, active=0, idle=3, waiting=0)
2026-07-31 16:40:43.175 DEBUG 21088 --- [ool housekeeper] com.zaxxer.hikari.pool.HikariPool        : CentralHikariPool - After cleanup  stats (total=3, active=0, idle=3, waiting=0)
2026-07-31 16:40:43.175 DEBUG 21088 --- [ool housekeeper] com.zaxxer.hikari.pool.HikariPool        : CentralHikariPool - Fill pool skipped, pool is at sufficient level.
2026-07-31 16:40:43.235 DEBUG 21088 --- [ool housekeeper] com.zaxxer.hikari.pool.HikariPool        : TigoHogarHikariPool - Before cleanup stats (total=2, active=0, idle=2, waiting=0)
2026-07-31 16:40:43.235 DEBUG 21088 --- [ool housekeeper] com.zaxxer.hikari.pool.HikariPool        : TigoHogarHikariPool - After cleanup  stats (total=2, active=0, idle=2, waiting=0)
2026-07-31 16:40:43.235 DEBUG 21088 --- [ool housekeeper] com.zaxxer.hikari.pool.HikariPool        : TigoHogarHikariPool - Fill pool skipped, pool is at sufficient level.
2026-07-31 16:41:07.155 DEBUG 21088 --- [l-1 housekeeper] com.zaxxer.hikari.pool.HikariPool        : HikariPool-1 - Before cleanup stats (total=4, active=0, idle=4, waiting=0)
2026-07-31 16:41:07.155 DEBUG 21088 --- [l-1 housekeeper] com.zaxxer.hikari.pool.HikariPool        : HikariPool-1 - After cleanup  stats (total=4, active=0, idle=4, waiting=0)
2026-07-31 16:41:07.155 DEBUG 21088 --- [l-1 housekeeper] com.zaxxer.hikari.pool.HikariPool        : HikariPool-1 - Fill pool skipped, pool is at sufficient level.
2026-07-31 16:41:13.188 DEBUG 21088 --- [ool housekeeper] com.zaxxer.hikari.pool.HikariPool        : CentralHikariPool - Before cleanup stats (total=3, active=0, idle=3, waiting=0)
2026-07-31 16:41:13.188 DEBUG 21088 --- [ool housekeeper] com.zaxxer.hikari.pool.HikariPool        : CentralHikariPool - After cleanup  stats (total=3, active=0, idle=3, waiting=0)
2026-07-31 16:41:13.188 DEBUG 21088 --- [ool housekeeper] com.zaxxer.hikari.pool.HikariPool        : CentralHikariPool - Fill pool skipped, pool is at sufficient level.
2026-07-31 16:41:13.249 DEBUG 21088 --- [ool housekeeper] com.zaxxer.hikari.pool.HikariPool        : TigoHogarHikariPool - Before cleanup stats (total=2, active=0, idle=2, waiting=0)
2026-07-31 16:41:13.249 DEBUG 21088 --- [ool housekeeper] com.zaxxer.hikari.pool.HikariPool        : TigoHogarHikariPool - After cleanup  stats (total=2, active=0, idle=2, waiting=0)
2026-07-31 16:41:13.249 DEBUG 21088 --- [ool housekeeper] com.zaxxer.hikari.pool.HikariPool        : TigoHogarHikariPool - Fill pool skipped, pool is at sufficient level.
2026-07-31 16:41:25.451 DEBUG 21088 --- [ool housekeeper] com.zaxxer.hikari.pool.HikariPool        : TigoHogarHikariPool - keepalive: connection net.sourceforge.jtds.jdbc.JtdsConnection@ff58ca1 is alive
2026-07-31 16:41:25.577 DEBUG 21088 --- [ool housekeeper] com.zaxxer.hikari.pool.HikariPool        : TigoHogarHikariPool - keepalive: connection net.sourceforge.jtds.jdbc.JtdsConnection@134736b is alive
2026-07-31 16:41:28.875 DEBUG 21088 --- [l-1 housekeeper] com.zaxxer.hikari.pool.HikariPool        : HikariPool-1 - keepalive: connection net.sourceforge.jtds.jdbc.JtdsConnection@32b73ba4 is alive
2026-07-31 16:41:30.751 DEBUG 21088 --- [ool housekeeper] com.zaxxer.hikari.pool.HikariPool        : CentralHikariPool - keepalive: connection net.sourceforge.jtds.jdbc.JtdsConnection@7b8a4607 is alive
2026-07-31 16:41:35.293 DEBUG 21088 --- [l-1 housekeeper] com.zaxxer.hikari.pool.HikariPool        : HikariPool-1 - keepalive: connection net.sourceforge.jtds.jdbc.JtdsConnection@7d4dc9b9 is alive
2026-07-31 16:41:36.653 DEBUG 21088 --- [ool housekeeper] com.zaxxer.hikari.pool.HikariPool        : CentralHikariPool - keepalive: connection net.sourceforge.jtds.jdbc.JtdsConnection@7fb5cdae is alive
2026-07-31 16:41:36.892 DEBUG 21088 --- [l-1 housekeeper] com.zaxxer.hikari.pool.HikariPool        : HikariPool-1 - keepalive: connection net.sourceforge.jtds.jdbc.JtdsConnection@3c70c382 is alive
2026-07-31 16:41:37.161 DEBUG 21088 --- [l-1 housekeeper] com.zaxxer.hikari.pool.HikariPool        : HikariPool-1 - Before cleanup stats (total=4, active=0, idle=4, waiting=0)
2026-07-31 16:41:37.161 DEBUG 21088 --- [l-1 housekeeper] com.zaxxer.hikari.pool.HikariPool        : HikariPool-1 - After cleanup  stats (total=4, active=0, idle=4, waiting=0)
2026-07-31 16:41:37.161 DEBUG 21088 --- [l-1 housekeeper] com.zaxxer.hikari.pool.HikariPool        : HikariPool-1 - Fill pool skipped, pool is at sufficient level.
2026-07-31 16:41:38.320 DEBUG 21088 --- [l-1 housekeeper] com.zaxxer.hikari.pool.HikariPool        : HikariPool-1 - keepalive: connection net.sourceforge.jtds.jdbc.JtdsConnection@384f50d4 is alive
2026-07-31 16:41:39.453 DEBUG 21088 --- [ool housekeeper] com.zaxxer.hikari.pool.HikariPool        : CentralHikariPool - keepalive: connection net.sourceforge.jtds.jdbc.JtdsConnection@754da6de is alive
[INFO] ------------------------------------------------------------------------
[INFO] BUILD FAILURE
[INFO] ------------------------------------------------------------------------
[INFO] Total time:  03:05 min
[INFO] Finished at: 2026-07-31T16:41:40-04:00
[INFO] ------------------------------------------------------------------------
[ERROR] Failed to execute goal org.springframework.boot:spring-boot-maven-plugin:2.7.18:run (default-cli) on project TigoStarSystem: Application finished with exit code: -1 -> [Help 1]
[ERROR] 
[ERROR] To see the full stack trace of the errors, re-run Maven with the -e switch.
[ERROR] Re-run Maven using the -X switch to enable full debug logging.
[ERROR] 
[ERROR] For more information about the errors and possible solutions, please read the following articles:
[ERROR] [Help 1] http://cwiki.apache.org/confluence/display/MAVEN/MojoExecutionException
