[INFO] Scanning for projects...
[INFO] 
[INFO] ---------------------< com.example:TigoStarSystem >---------------------
[INFO] Building TigoStarSystem 0.0.1-SNAPSHOT
[INFO]   from pom.xml
[INFO] --------------------------------[ jar ]---------------------------------
[INFO] 
[INFO] >>> spring-boot:2.7.18:run (default-cli) > test-compile @ TigoStarSystem >>>
[INFO] 
[INFO] --- resources:3.2.0:resources (default-resources) @ TigoStarSystem ---
[INFO] Using 'UTF-8' encoding to copy filtered resources.
[INFO] Using 'UTF-8' encoding to copy filtered properties files.
[INFO] Copying 2 resources
[INFO] Copying 0 resource
[INFO] 
[INFO] --- compiler:3.10.1:compile (default-compile) @ TigoStarSystem ---
[INFO] Nothing to compile - all classes are up to date
[INFO] 
[INFO] --- resources:3.2.0:testResources (default-testResources) @ TigoStarSystem ---
[INFO] Using 'UTF-8' encoding to copy filtered resources.
[INFO] Using 'UTF-8' encoding to copy filtered properties files.
[INFO] skip non existing resourceDirectory C:\Users\JOSUE CABRERA\Downloads\backot-back01062026\src\test\resources
[INFO] 
[INFO] --- compiler:3.10.1:testCompile (default-testCompile) @ TigoStarSystem ---
[INFO] Nothing to compile - all classes are up to date
[INFO] 
[INFO] <<< spring-boot:2.7.18:run (default-cli) < test-compile @ TigoStarSystem <<<
[INFO] 
[INFO] 
[INFO] --- spring-boot:2.7.18:run (default-cli) @ TigoStarSystem ---
[INFO] Attaching agents: []

  .   ____          _            __ _ _
 /\\ / ___'_ __ _ _(_)_ __  __ _ \ \ \ \
( ( )\___ | '_ | '_| | '_ \/ _` | \ \ \ \
 \\/  ___)| |_)| | | | | || (_| |  ) ) ) )
  '  |____| .__|_| |_|_| |_\__, | / / / /
 =========|_|==============|___/=/_/_/_/
 :: Spring Boot ::               (v2.7.18)

2026-07-27 18:35:30.388  INFO 29364 --- [           main] c.e.T.TigoStarSystemApplication          : Starting TigoStarSystemApplication using Java 21.0.8 on JOSUEUPB with PID 29364 (C:\Users\JOSUE CABRERA\Downloads\backot-back01062026\target\classes started by JOSUE CABRERA in C:\Users\JOSUE CABRERA\Downloads\backot-back01062026)
2026-07-27 18:35:30.395 DEBUG 29364 --- [           main] c.e.T.TigoStarSystemApplication          : Running with Spring Boot v2.7.18, Spring v5.3.31
2026-07-27 18:35:30.397  INFO 29364 --- [           main] c.e.T.TigoStarSystemApplication          : No active profile set, falling back to 1 default profile: "default"
2026-07-27 18:35:30.398 DEBUG 29364 --- [           main] o.s.boot.SpringApplication               : Loading source class com.example.TigoStarSystem.TigoStarSystemApplication
2026-07-27 18:35:30.521 DEBUG 29364 --- [           main] ConfigServletWebServerApplicationContext : Refreshing org.springframework.boot.web.servlet.context.AnnotationConfigServletWebServerApplicationContext@3e0e1046
2026-07-27 18:35:33.888 DEBUG 29364 --- [           main] .s.b.w.e.t.TomcatServletWebServerFactory : Code archive: C:\Users\JOSUE CABRERA\.m2\repository\org\springframework\boot\spring-boot\2.7.18\spring-boot-2.7.18.jar
2026-07-27 18:35:33.890 DEBUG 29364 --- [           main] .s.b.w.e.t.TomcatServletWebServerFactory : Code archive: C:\Users\JOSUE CABRERA\.m2\repository\org\springframework\boot\spring-boot\2.7.18\spring-boot-2.7.18.jar
2026-07-27 18:35:33.893 DEBUG 29364 --- [           main] .s.b.w.e.t.TomcatServletWebServerFactory : None of the document roots [src/main/webapp, public, static] point to a directory and will be ignored.
2026-07-27 18:35:33.964  INFO 29364 --- [           main] o.s.b.w.embedded.tomcat.TomcatWebServer  : Tomcat initialized with port(s): 9060 (http)
2026-07-27 18:35:33.994  INFO 29364 --- [           main] o.apache.catalina.core.StandardService   : Starting service [Tomcat]
2026-07-27 18:35:33.996  INFO 29364 --- [           main] org.apache.catalina.core.StandardEngine  : Starting Servlet engine: [Apache Tomcat/9.0.83]
2026-07-27 18:35:34.342  INFO 29364 --- [           main] o.a.c.c.C.[Tomcat].[localhost].[/]       : Initializing Spring embedded WebApplicationContext
2026-07-27 18:35:34.343 DEBUG 29364 --- [           main] w.s.c.ServletWebServerApplicationContext : Published root WebApplicationContext as ServletContext attribute with name [org.springframework.web.context.WebApplicationContext.ROOT]
2026-07-27 18:35:34.346  INFO 29364 --- [           main] w.s.c.ServletWebServerApplicationContext : Root WebApplicationContext: initialization completed in 3825 ms
2026-07-27 18:35:34.498 DEBUG 29364 --- [           main] o.s.b.w.s.ServletContextInitializerBeans : Mapping filters: filterRegistrationBean urls=[/*] order=-2147483648, characterEncodingFilter urls=[/*] order=-2147483648, formContentFilter urls=[/*] order=-9900, requestContextFilter urls=[/*] order=-105
2026-07-27 18:35:34.500 DEBUG 29364 --- [           main] o.s.b.w.s.ServletContextInitializerBeans : Mapping servlets: dispatcherServlet urls=[/]
2026-07-27 18:35:34.582 DEBUG 29364 --- [           main] o.s.b.w.s.f.OrderedRequestContextFilter  : Filter 'requestContextFilter' configured for use
2026-07-27 18:35:34.583 DEBUG 29364 --- [           main] o.springframework.web.filter.CorsFilter  : Filter 'corsFilter' configured for use
2026-07-27 18:35:34.584 DEBUG 29364 --- [           main] s.b.w.s.f.OrderedCharacterEncodingFilter : Filter 'characterEncodingFilter' configured for use
2026-07-27 18:35:34.585 DEBUG 29364 --- [           main] o.s.b.w.s.f.OrderedFormContentFilter     : Filter 'formContentFilter' configured for use
2026-07-27 18:35:34.646 DEBUG 29364 --- [           main] com.zaxxer.hikari.HikariConfig           : Driver class net.sourceforge.jtds.jdbc.Driver found in Thread context class loader jdk.internal.loader.ClassLoaders$AppClassLoader@70dea4e
2026-07-27 18:35:34.777 DEBUG 29364 --- [           main] com.zaxxer.hikari.HikariConfig           : Driver class net.sourceforge.jtds.jdbc.Driver found in Thread context class loader jdk.internal.loader.ClassLoaders$AppClassLoader@70dea4e
2026-07-27 18:35:34.778 DEBUG 29364 --- [           main] com.zaxxer.hikari.HikariConfig           : CentralHikariPool - configuration:
2026-07-27 18:35:34.782 DEBUG 29364 --- [           main] com.zaxxer.hikari.HikariConfig           : allowPoolSuspension................................false
2026-07-27 18:35:34.783 DEBUG 29364 --- [           main] com.zaxxer.hikari.HikariConfig           : autoCommit................................true
2026-07-27 18:35:34.784 DEBUG 29364 --- [           main] com.zaxxer.hikari.HikariConfig           : catalog................................none
2026-07-27 18:35:34.785 DEBUG 29364 --- [           main] com.zaxxer.hikari.HikariConfig           : connectionInitSql................................none
2026-07-27 18:35:34.785 DEBUG 29364 --- [           main] com.zaxxer.hikari.HikariConfig           : connectionTestQuery................................"SELECT 1"
2026-07-27 18:35:34.786 DEBUG 29364 --- [           main] com.zaxxer.hikari.HikariConfig           : connectionTimeout................................60000
2026-07-27 18:35:34.788 DEBUG 29364 --- [           main] com.zaxxer.hikari.HikariConfig           : dataSource................................none
2026-07-27 18:35:34.789 DEBUG 29364 --- [           main] com.zaxxer.hikari.HikariConfig           : dataSourceClassName................................none
2026-07-27 18:35:34.790 DEBUG 29364 --- [           main] com.zaxxer.hikari.HikariConfig           : dataSourceJNDI................................none
2026-07-27 18:35:34.791 DEBUG 29364 --- [           main] com.zaxxer.hikari.HikariConfig           : dataSourceProperties................................{password=<masked>}
2026-07-27 18:35:34.791 DEBUG 29364 --- [           main] com.zaxxer.hikari.HikariConfig           : driverClassName................................"net.sourceforge.jtds.jdbc.Driver"
2026-07-27 18:35:34.792 DEBUG 29364 --- [           main] com.zaxxer.hikari.HikariConfig           : exceptionOverrideClassName................................none
2026-07-27 18:35:34.793 DEBUG 29364 --- [           main] com.zaxxer.hikari.HikariConfig           : healthCheckProperties................................{}
2026-07-27 18:35:34.793 DEBUG 29364 --- [           main] com.zaxxer.hikari.HikariConfig           : healthCheckRegistry................................none
2026-07-27 18:35:34.795 DEBUG 29364 --- [           main] com.zaxxer.hikari.HikariConfig           : idleTimeout................................300000
2026-07-27 18:35:34.797 DEBUG 29364 --- [           main] com.zaxxer.hikari.HikariConfig           : initializationFailTimeout................................-1
2026-07-27 18:35:34.798 DEBUG 29364 --- [           main] com.zaxxer.hikari.HikariConfig           : isolateInternalQueries................................false
2026-07-27 18:35:34.799 DEBUG 29364 --- [           main] com.zaxxer.hikari.HikariConfig           : jdbcUrl................................jdbc:jtds:sqlserver://172.16.0.13/BDControlOrdenes
2026-07-27 18:35:34.800 DEBUG 29364 --- [           main] com.zaxxer.hikari.HikariConfig           : keepaliveTime................................120000
2026-07-27 18:35:34.801 DEBUG 29364 --- [           main] com.zaxxer.hikari.HikariConfig           : leakDetectionThreshold................................0
2026-07-27 18:35:34.802 DEBUG 29364 --- [           main] com.zaxxer.hikari.HikariConfig           : maxLifetime................................900000
2026-07-27 18:35:34.803 DEBUG 29364 --- [           main] com.zaxxer.hikari.HikariConfig           : maximumPoolSize................................80
2026-07-27 18:35:34.804 DEBUG 29364 --- [           main] com.zaxxer.hikari.HikariConfig           : metricRegistry................................none
2026-07-27 18:35:34.805 DEBUG 29364 --- [           main] com.zaxxer.hikari.HikariConfig           : metricsTrackerFactory................................none
2026-07-27 18:35:34.805 DEBUG 29364 --- [           main] com.zaxxer.hikari.HikariConfig           : minimumIdle................................0
2026-07-27 18:35:34.806 DEBUG 29364 --- [           main] com.zaxxer.hikari.HikariConfig           : password................................<masked>
2026-07-27 18:35:34.806 DEBUG 29364 --- [           main] com.zaxxer.hikari.HikariConfig           : poolName................................"CentralHikariPool"
2026-07-27 18:35:34.807 DEBUG 29364 --- [           main] com.zaxxer.hikari.HikariConfig           : readOnly................................false
2026-07-27 18:35:34.808 DEBUG 29364 --- [           main] com.zaxxer.hikari.HikariConfig           : registerMbeans................................false
2026-07-27 18:35:34.810 DEBUG 29364 --- [           main] com.zaxxer.hikari.HikariConfig           : scheduledExecutor................................none
2026-07-27 18:35:34.811 DEBUG 29364 --- [           main] com.zaxxer.hikari.HikariConfig           : schema................................none
2026-07-27 18:35:34.812 DEBUG 29364 --- [           main] com.zaxxer.hikari.HikariConfig           : threadFactory................................internal
2026-07-27 18:35:34.812 DEBUG 29364 --- [           main] com.zaxxer.hikari.HikariConfig           : transactionIsolation................................default
2026-07-27 18:35:34.813 DEBUG 29364 --- [           main] com.zaxxer.hikari.HikariConfig           : username................................"sistemas"
2026-07-27 18:35:34.813 DEBUG 29364 --- [           main] com.zaxxer.hikari.HikariConfig           : validationTimeout................................5000
2026-07-27 18:35:34.821  INFO 29364 --- [           main] com.zaxxer.hikari.HikariDataSource       : CentralHikariPool - Starting...
2026-07-27 18:35:34.988  INFO 29364 --- [           main] com.zaxxer.hikari.HikariDataSource       : CentralHikariPool - Start completed.
2026-07-27 18:35:35.047 DEBUG 29364 --- [           main] com.zaxxer.hikari.HikariConfig           : Driver class net.sourceforge.jtds.jdbc.Driver found in Thread context class loader jdk.internal.loader.ClassLoaders$AppClassLoader@70dea4e
2026-07-27 18:35:35.048 DEBUG 29364 --- [           main] com.zaxxer.hikari.HikariConfig           : TigoHogarHikariPool - configuration:
2026-07-27 18:35:35.049 DEBUG 29364 --- [           main] com.zaxxer.hikari.HikariConfig           : allowPoolSuspension................................false
2026-07-27 18:35:35.049 DEBUG 29364 --- [           main] com.zaxxer.hikari.HikariConfig           : autoCommit................................true
2026-07-27 18:35:35.050 DEBUG 29364 --- [           main] com.zaxxer.hikari.HikariConfig           : catalog................................none
2026-07-27 18:35:35.050 DEBUG 29364 --- [           main] com.zaxxer.hikari.HikariConfig           : connectionInitSql................................none
2026-07-27 18:35:35.051 DEBUG 29364 --- [           main] com.zaxxer.hikari.HikariConfig           : connectionTestQuery................................"SELECT 1"
2026-07-27 18:35:35.052 DEBUG 29364 --- [           main] com.zaxxer.hikari.HikariConfig           : connectionTimeout................................60000
2026-07-27 18:35:35.053 DEBUG 29364 --- [           main] com.zaxxer.hikari.HikariConfig           : dataSource................................none
2026-07-27 18:35:35.054 DEBUG 29364 --- [           main] com.zaxxer.hikari.HikariConfig           : dataSourceClassName................................none
2026-07-27 18:35:35.054 DEBUG 29364 --- [           main] com.zaxxer.hikari.HikariConfig           : dataSourceJNDI................................none
2026-07-27 18:35:35.054 DEBUG 29364 --- [           main] com.zaxxer.hikari.HikariConfig           : dataSourceProperties................................{password=<masked>}
2026-07-27 18:35:35.055 DEBUG 29364 --- [           main] com.zaxxer.hikari.HikariConfig           : driverClassName................................"net.sourceforge.jtds.jdbc.Driver"
2026-07-27 18:35:35.055 DEBUG 29364 --- [           main] com.zaxxer.hikari.HikariConfig           : exceptionOverrideClassName................................none
2026-07-27 18:35:35.055 DEBUG 29364 --- [           main] com.zaxxer.hikari.HikariConfig           : healthCheckProperties................................{}
2026-07-27 18:35:35.056 DEBUG 29364 --- [           main] com.zaxxer.hikari.HikariConfig           : healthCheckRegistry................................none
2026-07-27 18:35:35.056 DEBUG 29364 --- [           main] com.zaxxer.hikari.HikariConfig           : idleTimeout................................300000
2026-07-27 18:35:35.056 DEBUG 29364 --- [           main] com.zaxxer.hikari.HikariConfig           : initializationFailTimeout................................-1
2026-07-27 18:35:35.057 DEBUG 29364 --- [           main] com.zaxxer.hikari.HikariConfig           : isolateInternalQueries................................false
2026-07-27 18:35:35.058 DEBUG 29364 --- [           main] com.zaxxer.hikari.HikariConfig           : jdbcUrl................................jdbc:jtds:sqlserver://181.188.148.59/BD_TigoHogar
2026-07-27 18:35:35.059 DEBUG 29364 --- [           main] com.zaxxer.hikari.HikariConfig           : keepaliveTime................................120000
2026-07-27 18:35:35.060 DEBUG 29364 --- [           main] com.zaxxer.hikari.HikariConfig           : leakDetectionThreshold................................0
2026-07-27 18:35:35.060 DEBUG 29364 --- [           main] com.zaxxer.hikari.HikariConfig           : maxLifetime................................900000
2026-07-27 18:35:35.060 DEBUG 29364 --- [           main] com.zaxxer.hikari.HikariConfig           : maximumPoolSize................................10
2026-07-27 18:35:35.061 DEBUG 29364 --- [           main] com.zaxxer.hikari.HikariConfig           : metricRegistry................................none
2026-07-27 18:35:35.061 DEBUG 29364 --- [           main] com.zaxxer.hikari.HikariConfig           : metricsTrackerFactory................................none
2026-07-27 18:35:35.061 DEBUG 29364 --- [           main] com.zaxxer.hikari.HikariConfig           : minimumIdle................................0
2026-07-27 18:35:35.062 DEBUG 29364 --- [           main] com.zaxxer.hikari.HikariConfig           : password................................<masked>
2026-07-27 18:35:35.062 DEBUG 29364 --- [           main] com.zaxxer.hikari.HikariConfig           : poolName................................"TigoHogarHikariPool"
2026-07-27 18:35:35.063 DEBUG 29364 --- [           main] com.zaxxer.hikari.HikariConfig           : readOnly................................false
2026-07-27 18:35:35.063 DEBUG 29364 --- [           main] com.zaxxer.hikari.HikariConfig           : registerMbeans................................false
2026-07-27 18:35:35.064 DEBUG 29364 --- [           main] com.zaxxer.hikari.HikariConfig           : scheduledExecutor................................none
2026-07-27 18:35:35.064 DEBUG 29364 --- [           main] com.zaxxer.hikari.HikariConfig           : schema................................none
2026-07-27 18:35:35.065 DEBUG 29364 --- [           main] com.zaxxer.hikari.HikariConfig           : threadFactory................................internal
2026-07-27 18:35:35.066 DEBUG 29364 --- [           main] com.zaxxer.hikari.HikariConfig           : transactionIsolation................................default
2026-07-27 18:35:35.066 DEBUG 29364 --- [           main] com.zaxxer.hikari.HikariConfig           : username................................"sistemas"
2026-07-27 18:35:35.067 DEBUG 29364 --- [           main] com.zaxxer.hikari.HikariConfig           : validationTimeout................................5000
2026-07-27 18:35:35.067  INFO 29364 --- [           main] com.zaxxer.hikari.HikariDataSource       : TigoHogarHikariPool - Starting...
2026-07-27 18:35:35.068  INFO 29364 --- [           main] com.zaxxer.hikari.HikariDataSource       : TigoHogarHikariPool - Start completed.
2026-07-27 18:35:35.088 DEBUG 29364 --- [ool housekeeper] com.zaxxer.hikari.pool.HikariPool        : CentralHikariPool - Before cleanup stats (total=0, active=0, idle=0, waiting=0)
2026-07-27 18:35:35.089 DEBUG 29364 --- [ool housekeeper] com.zaxxer.hikari.pool.HikariPool        : CentralHikariPool - After cleanup  stats (total=0, active=0, idle=0, waiting=0)
2026-07-27 18:35:35.090 DEBUG 29364 --- [ool housekeeper] com.zaxxer.hikari.pool.HikariPool        : CentralHikariPool - Fill pool skipped, pool is at sufficient level.
2026-07-27 18:35:35.182 DEBUG 29364 --- [ool housekeeper] com.zaxxer.hikari.pool.HikariPool        : TigoHogarHikariPool - Before cleanup stats (total=0, active=0, idle=0, waiting=0)
2026-07-27 18:35:35.183 DEBUG 29364 --- [ool housekeeper] com.zaxxer.hikari.pool.HikariPool        : TigoHogarHikariPool - After cleanup  stats (total=0, active=0, idle=0, waiting=0)
2026-07-27 18:35:35.184 DEBUG 29364 --- [ool housekeeper] com.zaxxer.hikari.pool.HikariPool        : TigoHogarHikariPool - Fill pool skipped, pool is at sufficient level.
2026-07-27 18:35:36.042 DEBUG 29364 --- [           main] o.s.b.a.AutoConfigurationPackages        : @EnableAutoConfiguration was declared on a class in the package 'com.example.TigoStarSystem'. Automatic @Repository and @Entity scanning is enabled.
2026-07-27 18:35:36.157 DEBUG 29364 --- [           main] s.w.s.m.m.a.RequestMappingHandlerAdapter : ControllerAdvice beans: 0 @ModelAttribute, 0 @InitBinder, 1 RequestBodyAdvice, 1 ResponseBodyAdvice
2026-07-27 18:35:36.325 DEBUG 29364 --- [           main] s.w.s.m.m.a.RequestMappingHandlerMapping : 196 mappings in 'requestMappingHandlerMapping'
2026-07-27 18:35:36.354 DEBUG 29364 --- [           main] o.s.w.s.handler.SimpleUrlHandlerMapping  : Patterns [/webjars/**, /**, /swagger-ui*/*swagger-initializer.js, /swagger-ui*/**] in 'resourceHandlerMapping'
2026-07-27 18:35:36.367 DEBUG 29364 --- [           main] .m.m.a.ExceptionHandlerExceptionResolver : ControllerAdvice beans: 2 @ExceptionHandler, 1 ResponseBodyAdvice
2026-07-27 18:35:36.613  INFO 29364 --- [           main] o.s.b.w.embedded.tomcat.TomcatWebServer  : Tomcat started on port(s): 9060 (http) with context path ''
2026-07-27 18:35:36.637 DEBUG 29364 --- [           main] ConditionEvaluationReportLoggingListener : 


============================
CONDITIONS EVALUATION REPORT
============================


Positive matches:
-----------------

   AopAutoConfiguration matched:
      - @ConditionalOnProperty (spring.aop.auto=true) matched (OnPropertyCondition)

   AopAutoConfiguration.ClassProxyingConfiguration matched:
      - @ConditionalOnMissingClass did not find unwanted class 'org.aspectj.weaver.Advice' (OnClassCondition)
      - @ConditionalOnProperty (spring.aop.proxy-target-class=true) matched (OnPropertyCondition)

   ApplicationAvailabilityAutoConfiguration#applicationAvailability matched:
      - @ConditionalOnMissingBean (types: org.springframework.boot.availability.ApplicationAvailability; SearchStrategy: all) did not find any beans (OnBeanCondition)

   DataSourceAutoConfiguration matched:
      - @ConditionalOnClass found required classes 'javax.sql.DataSource', 'org.springframework.jdbc.datasource.embedded.EmbeddedDatabaseType' (OnClassCondition)
      - @ConditionalOnMissingBean (types: io.r2dbc.spi.ConnectionFactory; SearchStrategy: all) did not find any beans (OnBeanCondition)

   DataSourceAutoConfiguration.PooledDataSourceConfiguration matched:
      - AnyNestedCondition 1 matched 1 did not; NestedCondition on DataSourceAutoConfiguration.PooledDataSourceCondition.PooledDataSourceAvailable PooledDataSource found supported DataSource; NestedCondition on DataSourceAutoConfiguration.PooledDataSourceCondition.ExplicitType @ConditionalOnProperty (spring.datasource.type) did not find property 'type' (DataSourceAutoConfiguration.PooledDataSourceCondition)
      - @ConditionalOnMissingBean (types: javax.sql.DataSource,javax.sql.XADataSource; SearchStrategy: all) did not find any beans (OnBeanCondition)

   DataSourceConfiguration.Hikari matched:
      - @ConditionalOnClass found required class 'com.zaxxer.hikari.HikariDataSource' (OnClassCondition)
      - @ConditionalOnProperty (spring.datasource.type=com.zaxxer.hikari.HikariDataSource) matched (OnPropertyCondition)
      - @ConditionalOnMissingBean (types: javax.sql.DataSource; SearchStrategy: all) did not find any beans (OnBeanCondition)

   DataSourceInitializationConfiguration matched:
      - @ConditionalOnClass found required class 'org.springframework.jdbc.datasource.init.DatabasePopulator' (OnClassCondition)
      - @ConditionalOnSingleCandidate (types: javax.sql.DataSource; SearchStrategy: all) found a single bean 'dataSource'; @ConditionalOnMissingBean (types: org.springframework.boot.autoconfigure.sql.init.SqlDataSourceScriptDatabaseInitializer,org.springframework.boot.autoconfigure.sql.init.SqlR2dbcScriptDatabaseInitializer; SearchStrategy: all) did not find any beans (OnBeanCondition)

   DataSourceJmxConfiguration matched:
      - @ConditionalOnProperty (spring.jmx.enabled=true) matched (OnPropertyCondition)

   DataSourceJmxConfiguration.Hikari matched:
      - @ConditionalOnClass found required class 'com.zaxxer.hikari.HikariDataSource' (OnClassCondition)
      - @ConditionalOnSingleCandidate (types: javax.sql.DataSource; SearchStrategy: all) found a single bean 'dataSource' (OnBeanCondition)

   DataSourcePoolMetadataProvidersConfiguration.HikariPoolDataSourceMetadataProviderConfiguration matched:
      - @ConditionalOnClass found required class 'com.zaxxer.hikari.HikariDataSource' (OnClassCondition)

   DataSourceTransactionManagerAutoConfiguration matched:
      - @ConditionalOnClass found required classes 'org.springframework.jdbc.core.JdbcTemplate', 'org.springframework.transaction.TransactionManager' (OnClassCondition)

   DataSourceTransactionManagerAutoConfiguration.JdbcTransactionManagerConfiguration matched:
      - @ConditionalOnSingleCandidate (types: javax.sql.DataSource; SearchStrategy: all) found a single bean 'dataSource' (OnBeanCondition)

   DataSourceTransactionManagerAutoConfiguration.JdbcTransactionManagerConfiguration#transactionManager matched:
      - @ConditionalOnMissingBean (types: org.springframework.transaction.TransactionManager; SearchStrategy: all) did not find any beans (OnBeanCondition)

   DispatcherServletAutoConfiguration matched:
      - @ConditionalOnClass found required class 'org.springframework.web.servlet.DispatcherServlet' (OnClassCondition)
      - found 'session' scope (OnWebApplicationCondition)

   DispatcherServletAutoConfiguration.DispatcherServletConfiguration matched:
      - @ConditionalOnClass found required class 'javax.servlet.ServletRegistration' (OnClassCondition)
      - Default DispatcherServlet did not find dispatcher servlet beans (DispatcherServletAutoConfiguration.DefaultDispatcherServletCondition)

   DispatcherServletAutoConfiguration.DispatcherServletRegistrationConfiguration matched:
      - @ConditionalOnClass found required class 'javax.servlet.ServletRegistration' (OnClassCondition)
      - DispatcherServlet Registration did not find servlet registration bean (DispatcherServletAutoConfiguration.DispatcherServletRegistrationCondition)

   DispatcherServletAutoConfiguration.DispatcherServletRegistrationConfiguration#dispatcherServletRegistration matched:
      - @ConditionalOnBean (names: dispatcherServlet types: org.springframework.web.servlet.DispatcherServlet; SearchStrategy: all) found bean 'dispatcherServlet' (OnBeanCondition)

   EmbeddedWebServerFactoryCustomizerAutoConfiguration matched:
      - @ConditionalOnWebApplication (required) found 'session' scope (OnWebApplicationCondition)
      - @ConditionalOnWarDeployment the application is not deployed as a WAR file. (OnWarDeploymentCondition)

   EmbeddedWebServerFactoryCustomizerAutoConfiguration.TomcatWebServerFactoryCustomizerConfiguration matched:
      - @ConditionalOnClass found required classes 'org.apache.catalina.startup.Tomcat', 'org.apache.coyote.UpgradeProtocol' (OnClassCondition)

   ErrorMvcAutoConfiguration matched:
      - @ConditionalOnClass found required classes 'javax.servlet.Servlet', 'org.springframework.web.servlet.DispatcherServlet' (OnClassCondition)
      - found 'session' scope (OnWebApplicationCondition)

   ErrorMvcAutoConfiguration#basicErrorController matched:
      - @ConditionalOnMissingBean (types: org.springframework.boot.web.servlet.error.ErrorController; SearchStrategy: current) did not find any beans (OnBeanCondition)

   ErrorMvcAutoConfiguration#errorAttributes matched:
      - @ConditionalOnMissingBean (types: org.springframework.boot.web.servlet.error.ErrorAttributes; SearchStrategy: current) did not find any beans (OnBeanCondition)

   ErrorMvcAutoConfiguration.DefaultErrorViewResolverConfiguration#conventionErrorViewResolver matched:
      - @ConditionalOnBean (types: org.springframework.web.servlet.DispatcherServlet; SearchStrategy: all) found bean 'dispatcherServlet'; @ConditionalOnMissingBean (types: org.springframework.boot.autoconfigure.web.servlet.error.ErrorViewResolver; SearchStrategy: all) did not find any beans (OnBeanCondition)

   ErrorMvcAutoConfiguration.WhitelabelErrorViewConfiguration matched:
      - @ConditionalOnProperty (server.error.whitelabel.enabled) matched (OnPropertyCondition)
      - ErrorTemplate Missing did not find error template view (ErrorMvcAutoConfiguration.ErrorTemplateMissingCondition)

   ErrorMvcAutoConfiguration.WhitelabelErrorViewConfiguration#beanNameViewResolver matched:
      - @ConditionalOnMissingBean (types: org.springframework.web.servlet.view.BeanNameViewResolver; SearchStrategy: all) did not find any beans (OnBeanCondition)

   ErrorMvcAutoConfiguration.WhitelabelErrorViewConfiguration#defaultErrorView matched:
      - @ConditionalOnMissingBean (names: error; SearchStrategy: all) did not find any beans (OnBeanCondition)

   GenericCacheConfiguration matched:
      - Cache org.springframework.boot.autoconfigure.cache.GenericCacheConfiguration automatic cache type (CacheCondition)

   HttpEncodingAutoConfiguration matched:
      - @ConditionalOnClass found required class 'org.springframework.web.filter.CharacterEncodingFilter' (OnClassCondition)
      - found 'session' scope (OnWebApplicationCondition)
      - @ConditionalOnProperty (server.servlet.encoding.enabled) matched (OnPropertyCondition)

   HttpEncodingAutoConfiguration#characterEncodingFilter matched:
      - @ConditionalOnMissingBean (types: org.springframework.web.filter.CharacterEncodingFilter; SearchStrategy: all) did not find any beans (OnBeanCondition)

   HttpMessageConvertersAutoConfiguration matched:
      - @ConditionalOnClass found required class 'org.springframework.http.converter.HttpMessageConverter' (OnClassCondition)
      - NoneNestedConditions 0 matched 1 did not; NestedCondition on HttpMessageConvertersAutoConfiguration.NotReactiveWebApplicationCondition.ReactiveWebApplication did not find reactive web application classes (HttpMessageConvertersAutoConfiguration.NotReactiveWebApplicationCondition)

   HttpMessageConvertersAutoConfiguration#messageConverters matched:
      - @ConditionalOnMissingBean (types: org.springframework.boot.autoconfigure.http.HttpMessageConverters; SearchStrategy: all) did not find any beans (OnBeanCondition)

   HttpMessageConvertersAutoConfiguration.StringHttpMessageConverterConfiguration matched:
      - @ConditionalOnClass found required class 'org.springframework.http.converter.StringHttpMessageConverter' (OnClassCondition)

   HttpMessageConvertersAutoConfiguration.StringHttpMessageConverterConfiguration#stringHttpMessageConverter matched:
      - @ConditionalOnMissingBean (types: org.springframework.http.converter.StringHttpMessageConverter; SearchStrategy: all) did not find any beans (OnBeanCondition)

   JacksonAutoConfiguration matched:
      - @ConditionalOnClass found required class 'com.fasterxml.jackson.databind.ObjectMapper' (OnClassCondition)

   JacksonAutoConfiguration.Jackson2ObjectMapperBuilderCustomizerConfiguration matched:
      - @ConditionalOnClass found required class 'org.springframework.http.converter.json.Jackson2ObjectMapperBuilder' (OnClassCondition)

   JacksonAutoConfiguration.JacksonObjectMapperBuilderConfiguration matched:
      - @ConditionalOnClass found required class 'org.springframework.http.converter.json.Jackson2ObjectMapperBuilder' (OnClassCondition)

   JacksonAutoConfiguration.JacksonObjectMapperBuilderConfiguration#jacksonObjectMapperBuilder matched:
      - @ConditionalOnMissingBean (types: org.springframework.http.converter.json.Jackson2ObjectMapperBuilder; SearchStrategy: all) did not find any beans (OnBeanCondition)

   JacksonAutoConfiguration.JacksonObjectMapperConfiguration matched:
      - @ConditionalOnClass found required class 'org.springframework.http.converter.json.Jackson2ObjectMapperBuilder' (OnClassCondition)

   JacksonAutoConfiguration.JacksonObjectMapperConfiguration#jacksonObjectMapper matched:
      - @ConditionalOnMissingBean (types: com.fasterxml.jackson.databind.ObjectMapper; SearchStrategy: all) did not find any beans (OnBeanCondition)

   JacksonAutoConfiguration.ParameterNamesModuleConfiguration matched:
      - @ConditionalOnClass found required class 'com.fasterxml.jackson.module.paramnames.ParameterNamesModule' (OnClassCondition)

   JacksonAutoConfiguration.ParameterNamesModuleConfiguration#parameterNamesModule matched:
      - @ConditionalOnMissingBean (types: com.fasterxml.jackson.module.paramnames.ParameterNamesModule; SearchStrategy: all) did not find any beans (OnBeanCondition)

   JacksonHttpMessageConvertersConfiguration.MappingJackson2HttpMessageConverterConfiguration matched:
      - @ConditionalOnClass found required class 'com.fasterxml.jackson.databind.ObjectMapper' (OnClassCondition)
      - @ConditionalOnProperty (spring.mvc.converters.preferred-json-mapper=jackson) matched (OnPropertyCondition)
      - @ConditionalOnBean (types: com.fasterxml.jackson.databind.ObjectMapper; SearchStrategy: all) found bean 'jacksonObjectMapper' (OnBeanCondition)

   JacksonHttpMessageConvertersConfiguration.MappingJackson2HttpMessageConverterConfiguration#mappingJackson2HttpMessageConverter matched:
      - @ConditionalOnMissingBean (types: org.springframework.http.converter.json.MappingJackson2HttpMessageConverter ignored: org.springframework.hateoas.server.mvc.TypeConstrainedMappingJackson2HttpMessageConverter,org.springframework.data.rest.webmvc.alps.AlpsJsonHttpMessageConverter; SearchStrategy: all) did not find any beans (OnBeanCondition)

   JdbcTemplateAutoConfiguration matched:
      - @ConditionalOnClass found required classes 'javax.sql.DataSource', 'org.springframework.jdbc.core.JdbcTemplate' (OnClassCondition)
      - @ConditionalOnSingleCandidate (types: javax.sql.DataSource; SearchStrategy: all) found a single bean 'dataSource' (OnBeanCondition)

   LifecycleAutoConfiguration#defaultLifecycleProcessor matched:
      - @ConditionalOnMissingBean (names: lifecycleProcessor; SearchStrategy: current) did not find any beans (OnBeanCondition)

   MailSenderAutoConfiguration matched:
      - @ConditionalOnClass found required classes 'javax.mail.internet.MimeMessage', 'javax.activation.MimeType', 'org.springframework.mail.MailSender' (OnClassCondition)
      - AnyNestedCondition 1 matched 1 did not; NestedCondition on MailSenderAutoConfiguration.MailSenderCondition.JndiNameProperty @ConditionalOnProperty (spring.mail.jndi-name) did not find property 'jndi-name'; NestedCondition on MailSenderAutoConfiguration.MailSenderCondition.HostProperty @ConditionalOnProperty (spring.mail.host) matched (MailSenderAutoConfiguration.MailSenderCondition)
      - @ConditionalOnMissingBean (types: org.springframework.mail.MailSender; SearchStrategy: all) did not find any beans (OnBeanCondition)

   MailSenderPropertiesConfiguration matched:
      - @ConditionalOnProperty (spring.mail.host) matched (OnPropertyCondition)

   MailSenderPropertiesConfiguration#mailSender matched:
      - @ConditionalOnMissingBean (types: org.springframework.mail.javamail.JavaMailSender; SearchStrategy: all) did not find any beans (OnBeanCondition)

   MultipartAutoConfiguration matched:
      - @ConditionalOnClass found required classes 'javax.servlet.Servlet', 'org.springframework.web.multipart.support.StandardServletMultipartResolver', 'javax.servlet.MultipartConfigElement' (OnClassCondition)
      - found 'session' scope (OnWebApplicationCondition)
      - @ConditionalOnProperty (spring.servlet.multipart.enabled) matched (OnPropertyCondition)

   MultipartAutoConfiguration#multipartConfigElement matched:
      - @ConditionalOnMissingBean (types: javax.servlet.MultipartConfigElement,org.springframework.web.multipart.commons.CommonsMultipartResolver; SearchStrategy: all) did not find any beans (OnBeanCondition)

   MultipartAutoConfiguration#multipartResolver matched:
      - @ConditionalOnMissingBean (types: org.springframework.web.multipart.MultipartResolver; SearchStrategy: all) did not find any beans (OnBeanCondition)

   NamedParameterJdbcTemplateConfiguration matched:
      - @ConditionalOnSingleCandidate (types: org.springframework.jdbc.core.JdbcTemplate; SearchStrategy: all) found a single primary bean 'jdbcTemplate' from beans 'jdbcTemplate', 'tigohogarJdbcTemplate', 'centralJdbcTemplate'; @ConditionalOnMissingBean (types: org.springframework.jdbc.core.namedparam.NamedParameterJdbcOperations; SearchStrategy: all) did not find any beans (OnBeanCondition)

   NoOpCacheConfiguration matched:
      - Cache org.springframework.boot.autoconfigure.cache.NoOpCacheConfiguration automatic cache type (CacheCondition)

   PersistenceExceptionTranslationAutoConfiguration matched:
      - @ConditionalOnClass found required class 'org.springframework.dao.annotation.PersistenceExceptionTranslationPostProcessor' (OnClassCondition)

   PersistenceExceptionTranslationAutoConfiguration#persistenceExceptionTranslationPostProcessor matched:
      - @ConditionalOnProperty (spring.dao.exceptiontranslation.enabled) matched (OnPropertyCondition)
      - @ConditionalOnMissingBean (types: org.springframework.dao.annotation.PersistenceExceptionTranslationPostProcessor; SearchStrategy: all) did not find any beans (OnBeanCondition)

   PropertyPlaceholderAutoConfiguration#propertySourcesPlaceholderConfigurer matched:
      - @ConditionalOnMissingBean (types: org.springframework.context.support.PropertySourcesPlaceholderConfigurer; SearchStrategy: current) did not find any beans (OnBeanCondition)

   RestTemplateAutoConfiguration matched:
      - @ConditionalOnClass found required class 'org.springframework.web.client.RestTemplate' (OnClassCondition)
      - NoneNestedConditions 0 matched 1 did not; NestedCondition on RestTemplateAutoConfiguration.NotReactiveWebApplicationCondition.ReactiveWebApplication did not find reactive web application classes (RestTemplateAutoConfiguration.NotReactiveWebApplicationCondition)

   RestTemplateAutoConfiguration#restTemplateBuilder matched:
      - @ConditionalOnMissingBean (types: org.springframework.boot.web.client.RestTemplateBuilder; SearchStrategy: all) did not find any beans (OnBeanCondition)

   RestTemplateAutoConfiguration#restTemplateBuilderConfigurer matched:
      - @ConditionalOnMissingBean (types: org.springframework.boot.autoconfigure.web.client.RestTemplateBuilderConfigurer; SearchStrategy: all) did not find any beans (OnBeanCondition)

   ServletWebServerFactoryAutoConfiguration matched:
      - @ConditionalOnClass found required class 'javax.servlet.ServletRequest' (OnClassCondition)
      - found 'session' scope (OnWebApplicationCondition)

   ServletWebServerFactoryAutoConfiguration#tomcatServletWebServerFactoryCustomizer matched:
      - @ConditionalOnClass found required class 'org.apache.catalina.startup.Tomcat' (OnClassCondition)

   ServletWebServerFactoryConfiguration.EmbeddedTomcat matched:
      - @ConditionalOnClass found required classes 'javax.servlet.Servlet', 'org.apache.catalina.startup.Tomcat', 'org.apache.coyote.UpgradeProtocol' (OnClassCondition)
      - @ConditionalOnMissingBean (types: org.springframework.boot.web.servlet.server.ServletWebServerFactory; SearchStrategy: current) did not find any beans (OnBeanCondition)

   SimpleCacheConfiguration matched:
      - Cache org.springframework.boot.autoconfigure.cache.SimpleCacheConfiguration automatic cache type (CacheCondition)

   SpringDocConfigProperties matched:
      - @ConditionalOnProperty (springdoc.api-docs.enabled) matched (OnPropertyCondition)

   SpringDocConfiguration matched:
      - @ConditionalOnWebApplication (required) found 'session' scope (OnWebApplicationCondition)
      - @ConditionalOnProperty (springdoc.api-docs.enabled) matched (OnPropertyCondition)

   SpringDocConfiguration#fileSupportConverter matched:
      - @ConditionalOnMissingBean (types: org.springdoc.core.converters.FileSupportConverter; SearchStrategy: all) did not find any beans (OnBeanCondition)

   SpringDocConfiguration#openAPIBuilder matched:
      - @ConditionalOnMissingBean (types: org.springdoc.core.OpenAPIService; SearchStrategy: all) did not find any beans (OnBeanCondition)

   SpringDocConfiguration#operationBuilder matched:
      - @ConditionalOnMissingBean (types: org.springdoc.core.OperationService; SearchStrategy: all) did not find any beans (OnBeanCondition)

   SpringDocConfiguration#parameterBuilder matched:
      - @ConditionalOnMissingBean (types: org.springdoc.core.GenericParameterService; SearchStrategy: all) did not find any beans (OnBeanCondition)

   SpringDocConfiguration#polymorphicModelConverter matched:
      - @ConditionalOnProperty (springdoc.model-converters.polymorphic-converter.enabled) matched (OnPropertyCondition)
      - @ConditionalOnMissingBean (types: org.springdoc.core.converters.PolymorphicModelConverter; SearchStrategy: all) did not find any beans (OnBeanCondition)

   SpringDocConfiguration#requestBodyBuilder matched:
      - @ConditionalOnMissingBean (types: org.springdoc.core.RequestBodyService; SearchStrategy: all) did not find any beans (OnBeanCondition)

   SpringDocConfiguration#responseSupportConverter matched:
      - @ConditionalOnMissingBean (types: org.springdoc.core.converters.ResponseSupportConverter; SearchStrategy: all) did not find any beans (OnBeanCondition)

   SpringDocConfiguration#schemaPropertyDeprecatingConverter matched:
      - @ConditionalOnProperty (springdoc.model-converters.deprecating-converter.enabled) matched (OnPropertyCondition)
      - @ConditionalOnMissingBean (types: org.springdoc.core.converters.SchemaPropertyDeprecatingConverter; SearchStrategy: all) did not find any beans (OnBeanCondition)

   SpringDocConfiguration#securityParser matched:
      - @ConditionalOnMissingBean (types: org.springdoc.core.SecurityService; SearchStrategy: all) did not find any beans (OnBeanCondition)

   SpringDocConfiguration#springDocCustomizers matched:
      - @ConditionalOnMissingBean (types: org.springdoc.core.customizers.SpringDocCustomizers; SearchStrategy: all) did not find any beans (OnBeanCondition)

   SpringDocConfiguration#springDocObjectMapperProvider matched:
      - @ConditionalOnMissingBean (types: org.springdoc.core.providers.ObjectMapperProvider; SearchStrategy: all) did not find any beans (OnBeanCondition)

   SpringDocConfiguration#springDocProviders matched:
      - @ConditionalOnMissingBean (types: org.springdoc.core.SpringDocProviders; SearchStrategy: all) did not find any beans (OnBeanCondition)

   SpringDocConfiguration.SpringDocSpringDataWebPropertiesProvider matched:
      - @ConditionalOnClass found required class 'org.springframework.boot.autoconfigure.data.web.SpringDataWebProperties' (OnClassCondition)

   SpringDocConfiguration.SpringDocSpringDataWebPropertiesProvider#springDataWebPropertiesProvider matched:
      - @ConditionalOnMissingBean (types: org.springdoc.core.providers.SpringDataWebPropertiesProvider; SearchStrategy: all) did not find any beans (OnBeanCondition)

   SpringDocConfiguration.WebConversionServiceConfiguration matched:
      - @ConditionalOnClass found required class 'org.springframework.boot.autoconfigure.web.format.WebConversionService' (OnClassCondition)

   SpringDocUIConfiguration matched:
      - @ConditionalOnWebApplication (required) found 'session' scope (OnWebApplicationCondition)
      - @ConditionalOnExpression (#{${springdoc.api-docs.enabled:true}}) resulted in true (OnExpressionCondition)
      - @ConditionalOnBean (types: org.springdoc.core.SpringDocConfiguration; SearchStrategy: all) found bean 'org.springdoc.core.SpringDocConfiguration' (OnBeanCondition)

   SpringDocWebMvcConfiguration matched:
      - found 'session' scope (OnWebApplicationCondition)
      - @ConditionalOnProperty (springdoc.api-docs.enabled) matched (OnPropertyCondition)
      - @ConditionalOnBean (types: org.springdoc.core.SpringDocConfiguration; SearchStrategy: all) found bean 'org.springdoc.core.SpringDocConfiguration' (OnBeanCondition)

   SpringDocWebMvcConfiguration#openApiResource matched:
      - @ConditionalOnProperty (springdoc.use-management-port=false) matched (OnPropertyCondition)
      - @ConditionalOnMissingBean (types: org.springdoc.webmvc.api.OpenApiWebMvcResource; SearchStrategy: all) did not find any beans (OnBeanCondition)

   SpringDocWebMvcConfiguration#requestBuilder matched:
      - @ConditionalOnMissingBean (types: org.springdoc.webmvc.core.RequestService; SearchStrategy: all) did not find any beans (OnBeanCondition)

   SpringDocWebMvcConfiguration#responseBuilder matched:
      - @ConditionalOnMissingBean (types: org.springdoc.core.GenericResponseService; SearchStrategy: all) did not find any beans (OnBeanCondition)

   SpringDocWebMvcConfiguration#springWebProvider matched:
      - @ConditionalOnMissingBean (types: org.springdoc.core.providers.SpringWebProvider; SearchStrategy: all) did not find any beans (OnBeanCondition)

   SpringDocWebMvcConfiguration.SpringDocWebMvcRouterConfiguration matched:
      - @ConditionalOnClass found required class 'org.springframework.web.servlet.function.RouterFunction' (OnClassCondition)

   SpringDocWebMvcConfiguration.SpringDocWebMvcRouterConfiguration#routerFunctionProvider matched:
      - @ConditionalOnMissingBean (types: org.springdoc.webmvc.core.RouterFunctionWebMvcProvider; SearchStrategy: all) did not find any beans (OnBeanCondition)

   SqlInitializationAutoConfiguration matched:
      - @ConditionalOnProperty (spring.sql.init.enabled) matched (OnPropertyCondition)
      - NoneNestedConditions 0 matched 1 did not; NestedCondition on SqlInitializationAutoConfiguration.SqlInitializationModeCondition.ModeIsNever @ConditionalOnProperty (spring.sql.init.mode=never) did not find property 'mode' (SqlInitializationAutoConfiguration.SqlInitializationModeCondition)

   SwaggerConfig matched:
      - found 'session' scope (OnWebApplicationCondition)
      - @ConditionalOnProperty (springdoc.swagger-ui.enabled) matched (OnPropertyCondition)
      - @ConditionalOnBean (types: org.springdoc.core.SpringDocConfiguration; SearchStrategy: all) found bean 'org.springdoc.core.SpringDocConfiguration' (OnBeanCondition)

   SwaggerConfig#indexPageTransformer matched:
      - @ConditionalOnMissingBean (types: org.springdoc.webmvc.ui.SwaggerIndexTransformer; SearchStrategy: all) did not find any beans (OnBeanCondition)

   SwaggerConfig#swaggerConfigResource matched:
      - @ConditionalOnProperty (springdoc.use-management-port=false) matched (OnPropertyCondition)
      - @ConditionalOnMissingBean (types: org.springdoc.webmvc.ui.SwaggerConfigResource; SearchStrategy: all) did not find any beans (OnBeanCondition)

   SwaggerConfig#swaggerResourceResolver matched:
      - @ConditionalOnMissingBean (types: org.springdoc.webmvc.ui.SwaggerResourceResolver; SearchStrategy: all) did not find any beans (OnBeanCondition)

   SwaggerConfig#swaggerWebMvcConfigurer matched:
      - @ConditionalOnMissingBean (types: org.springdoc.webmvc.ui.SwaggerWebMvcConfigurer; SearchStrategy: all) did not find any beans (OnBeanCondition)

   SwaggerConfig#swaggerWelcome matched:
      - @ConditionalOnProperty (springdoc.use-management-port=false) matched (OnPropertyCondition)
      - @ConditionalOnMissingBean (types: org.springdoc.webmvc.ui.SwaggerWelcomeWebMvc; SearchStrategy: all) did not find any beans (OnBeanCondition)

   SwaggerUiConfigParameters matched:
      - @ConditionalOnProperty (springdoc.swagger-ui.enabled) matched (OnPropertyCondition)
      - @ConditionalOnBean (types: org.springdoc.core.SpringDocConfiguration; SearchStrategy: all) found bean 'org.springdoc.core.SpringDocConfiguration' (OnBeanCondition)

   SwaggerUiConfigProperties matched:
      - @ConditionalOnProperty (springdoc.swagger-ui.enabled) matched (OnPropertyCondition)
      - @ConditionalOnBean (types: org.springdoc.core.SpringDocConfiguration; SearchStrategy: all) found bean 'org.springdoc.core.SpringDocConfiguration' (OnBeanCondition)

   SwaggerUiOAuthProperties matched:
      - @ConditionalOnProperty (springdoc.swagger-ui.enabled) matched (OnPropertyCondition)
      - @ConditionalOnBean (types: org.springdoc.core.SpringDocConfiguration; SearchStrategy: all) found bean 'org.springdoc.core.SpringDocConfiguration' (OnBeanCondition)

   TaskExecutionAutoConfiguration matched:
      - @ConditionalOnClass found required class 'org.springframework.scheduling.concurrent.ThreadPoolTaskExecutor' (OnClassCondition)

   TaskExecutionAutoConfiguration#applicationTaskExecutor matched:
      - @ConditionalOnMissingBean (types: java.util.concurrent.Executor; SearchStrategy: all) did not find any beans (OnBeanCondition)

   TaskExecutionAutoConfiguration#taskExecutorBuilder matched:
      - @ConditionalOnMissingBean (types: org.springframework.boot.task.TaskExecutorBuilder; SearchStrategy: all) did not find any beans (OnBeanCondition)

   TaskSchedulingAutoConfiguration matched:
      - @ConditionalOnClass found required class 'org.springframework.scheduling.concurrent.ThreadPoolTaskScheduler' (OnClassCondition)

   TaskSchedulingAutoConfiguration#taskSchedulerBuilder matched:
      - @ConditionalOnMissingBean (types: org.springframework.boot.task.TaskSchedulerBuilder; SearchStrategy: all) did not find any beans (OnBeanCondition)

   TransactionAutoConfiguration matched:
      - @ConditionalOnClass found required class 'org.springframework.transaction.PlatformTransactionManager' (OnClassCondition)

   TransactionAutoConfiguration#platformTransactionManagerCustomizers matched:
      - @ConditionalOnMissingBean (types: org.springframework.boot.autoconfigure.transaction.TransactionManagerCustomizers; SearchStrategy: all) did not find any beans (OnBeanCondition)

   TransactionAutoConfiguration.EnableTransactionManagementConfiguration matched:
      - @ConditionalOnBean (types: org.springframework.transaction.TransactionManager; SearchStrategy: all) found bean 'transactionManager'; @ConditionalOnMissingBean (types: org.springframework.transaction.annotation.AbstractTransactionManagementConfiguration; SearchStrategy: all) did not find any beans (OnBeanCondition)

   TransactionAutoConfiguration.EnableTransactionManagementConfiguration.CglibAutoProxyConfiguration matched:
      - @ConditionalOnProperty (spring.aop.proxy-target-class=true) matched (OnPropertyCondition)

   TransactionAutoConfiguration.TransactionTemplateConfiguration matched:
      - @ConditionalOnSingleCandidate (types: org.springframework.transaction.PlatformTransactionManager; SearchStrategy: all) found a single bean 'transactionManager' (OnBeanCondition)

   TransactionAutoConfiguration.TransactionTemplateConfiguration#transactionTemplate matched:
      - @ConditionalOnMissingBean (types: org.springframework.transaction.support.TransactionOperations; SearchStrategy: all) did not find any beans (OnBeanCondition)

   ValidationAutoConfiguration matched:
      - @ConditionalOnClass found required class 'javax.validation.executable.ExecutableValidator' (OnClassCondition)
      - @ConditionalOnResource found location classpath:META-INF/services/javax.validation.spi.ValidationProvider (OnResourceCondition)

   ValidationAutoConfiguration#defaultValidator matched:
      - @ConditionalOnMissingBean (types: javax.validation.Validator; SearchStrategy: all) did not find any beans (OnBeanCondition)

   ValidationAutoConfiguration#methodValidationPostProcessor matched:
      - @ConditionalOnMissingBean (types: org.springframework.validation.beanvalidation.MethodValidationPostProcessor; SearchStrategy: current) did not find any beans (OnBeanCondition)

   WebMvcAutoConfiguration matched:
      - @ConditionalOnClass found required classes 'javax.servlet.Servlet', 'org.springframework.web.servlet.DispatcherServlet', 'org.springframework.web.servlet.config.annotation.WebMvcConfigurer' (OnClassCondition)
      - found 'session' scope (OnWebApplicationCondition)
      - @ConditionalOnMissingBean (types: org.springframework.web.servlet.config.annotation.WebMvcConfigurationSupport; SearchStrategy: all) did not find any beans (OnBeanCondition)

   WebMvcAutoConfiguration#formContentFilter matched:
      - @ConditionalOnProperty (spring.mvc.formcontent.filter.enabled) matched (OnPropertyCondition)
      - @ConditionalOnMissingBean (types: org.springframework.web.filter.FormContentFilter; SearchStrategy: all) did not find any beans (OnBeanCondition)

   WebMvcAutoConfiguration.EnableWebMvcConfiguration#flashMapManager matched:
      - @ConditionalOnMissingBean (names: flashMapManager; SearchStrategy: all) did not find any beans (OnBeanCondition)

   WebMvcAutoConfiguration.EnableWebMvcConfiguration#localeResolver matched:
      - @ConditionalOnMissingBean (names: localeResolver; SearchStrategy: all) did not find any beans (OnBeanCondition)

   WebMvcAutoConfiguration.EnableWebMvcConfiguration#themeResolver matched:
      - @ConditionalOnMissingBean (names: themeResolver; SearchStrategy: all) did not find any beans (OnBeanCondition)

   WebMvcAutoConfiguration.WebMvcAutoConfigurationAdapter#defaultViewResolver matched:
      - @ConditionalOnMissingBean (types: org.springframework.web.servlet.view.InternalResourceViewResolver; SearchStrategy: all) did not find any beans (OnBeanCondition)

   WebMvcAutoConfiguration.WebMvcAutoConfigurationAdapter#requestContextFilter matched:
      - @ConditionalOnMissingBean (types: org.springframework.web.context.request.RequestContextListener,org.springframework.web.filter.RequestContextFilter; SearchStrategy: all) did not find any beans (OnBeanCondition)

   WebMvcAutoConfiguration.WebMvcAutoConfigurationAdapter#viewResolver matched:
      - @ConditionalOnBean (types: org.springframework.web.servlet.ViewResolver; SearchStrategy: all) found beans 'defaultViewResolver', 'beanNameViewResolver', 'mvcViewResolver'; @ConditionalOnMissingBean (names: viewResolver types: org.springframework.web.servlet.view.ContentNegotiatingViewResolver; SearchStrategy: all) did not find any beans (OnBeanCondition)

   WebSocketServletAutoConfiguration matched:
      - @ConditionalOnClass found required classes 'javax.servlet.Servlet', 'javax.websocket.server.ServerContainer' (OnClassCondition)
      - found 'session' scope (OnWebApplicationCondition)

   WebSocketServletAutoConfiguration.TomcatWebSocketConfiguration matched:
      - @ConditionalOnClass found required classes 'org.apache.catalina.startup.Tomcat', 'org.apache.tomcat.websocket.server.WsSci' (OnClassCondition)

   WebSocketServletAutoConfiguration.TomcatWebSocketConfiguration#websocketServletWebServerCustomizer matched:
      - @ConditionalOnMissingBean (names: websocketServletWebServerCustomizer; SearchStrategy: all) did not find any beans (OnBeanCondition)


Negative matches:
-----------------

   ActiveMQAutoConfiguration:
      Did not match:
         - @ConditionalOnClass did not find required class 'javax.jms.ConnectionFactory' (OnClassCondition)

   AopAutoConfiguration.AspectJAutoProxyingConfiguration:
      Did not match:
         - @ConditionalOnClass did not find required class 'org.aspectj.weaver.Advice' (OnClassCondition)

   ArtemisAutoConfiguration:
      Did not match:
         - @ConditionalOnClass did not find required class 'javax.jms.ConnectionFactory' (OnClassCondition)

   BatchAutoConfiguration:
      Did not match:
         - @ConditionalOnClass did not find required class 'org.springframework.batch.core.launch.JobLauncher' (OnClassCondition)

   Cache2kCacheConfiguration:
      Did not match:
         - @ConditionalOnClass did not find required class 'org.cache2k.Cache2kBuilder' (OnClassCondition)

   CacheAutoConfiguration:
      Did not match:
         - @ConditionalOnBean (types: org.springframework.cache.interceptor.CacheAspectSupport; SearchStrategy: all) did not find any beans of type org.springframework.cache.interceptor.CacheAspectSupport (OnBeanCondition)
      Matched:
         - @ConditionalOnClass found required class 'org.springframework.cache.CacheManager' (OnClassCondition)

   CacheAutoConfiguration.CacheManagerEntityManagerFactoryDependsOnPostProcessor:
      Did not match:
         - @ConditionalOnClass did not find required class 'org.springframework.orm.jpa.LocalContainerEntityManagerFactoryBean' (OnClassCondition)
         - Ancestor org.springframework.boot.autoconfigure.cache.CacheAutoConfiguration did not match (ConditionEvaluationReport.AncestorsMatchedCondition)

   CaffeineCacheConfiguration:
      Did not match:
         - @ConditionalOnClass did not find required class 'com.github.benmanes.caffeine.cache.Caffeine' (OnClassCondition)

   CassandraAutoConfiguration:
      Did not match:
         - @ConditionalOnClass did not find required class 'com.datastax.oss.driver.api.core.CqlSession' (OnClassCondition)

   CassandraDataAutoConfiguration:
      Did not match:
         - @ConditionalOnClass did not find required class 'com.datastax.oss.driver.api.core.CqlSession' (OnClassCondition)

   CassandraReactiveDataAutoConfiguration:
      Did not match:
         - @ConditionalOnClass did not find required class 'com.datastax.oss.driver.api.core.CqlSession' (OnClassCondition)

   CassandraReactiveRepositoriesAutoConfiguration:
      Did not match:
         - @ConditionalOnClass did not find required class 'org.springframework.data.cassandra.ReactiveSession' (OnClassCondition)

   CassandraRepositoriesAutoConfiguration:
      Did not match:
         - @ConditionalOnClass did not find required class 'com.datastax.oss.driver.api.core.CqlSession' (OnClassCondition)

   ClientHttpConnectorAutoConfiguration:
      Did not match:
         - @ConditionalOnClass did not find required class 'org.springframework.web.reactive.function.client.WebClient' (OnClassCondition)

   CodecsAutoConfiguration:
      Did not match:
         - @ConditionalOnClass did not find required class 'org.springframework.web.reactive.function.client.WebClient' (OnClassCondition)

   CouchbaseAutoConfiguration:
      Did not match:
         - @ConditionalOnClass did not find required class 'com.couchbase.client.java.Cluster' (OnClassCondition)

   CouchbaseCacheConfiguration:
      Did not match:
         - @ConditionalOnClass did not find required class 'com.couchbase.client.java.Cluster' (OnClassCondition)

   CouchbaseDataAutoConfiguration:
      Did not match:
         - @ConditionalOnClass did not find required class 'com.couchbase.client.java.Bucket' (OnClassCondition)

   CouchbaseReactiveDataAutoConfiguration:
      Did not match:
         - @ConditionalOnClass did not find required class 'com.couchbase.client.java.Cluster' (OnClassCondition)

   CouchbaseReactiveRepositoriesAutoConfiguration:
      Did not match:
         - @ConditionalOnClass did not find required class 'com.couchbase.client.java.Cluster' (OnClassCondition)

   CouchbaseRepositoriesAutoConfiguration:
      Did not match:
         - @ConditionalOnClass did not find required class 'com.couchbase.client.java.Bucket' (OnClassCondition)

   DataSourceAutoConfiguration.EmbeddedDatabaseConfiguration:
      Did not match:
         - EmbeddedDataSource spring.datasource.url is set (DataSourceAutoConfiguration.EmbeddedDatabaseCondition)

   DataSourceConfiguration.Dbcp2:
      Did not match:
         - @ConditionalOnClass did not find required class 'org.apache.commons.dbcp2.BasicDataSource' (OnClassCondition)

   DataSourceConfiguration.Generic:
      Did not match:
         - @ConditionalOnProperty (spring.datasource.type) did not find property 'spring.datasource.type' (OnPropertyCondition)

   DataSourceConfiguration.OracleUcp:
      Did not match:
         - @ConditionalOnClass did not find required classes 'oracle.ucp.jdbc.PoolDataSourceImpl', 'oracle.jdbc.OracleConnection' (OnClassCondition)

   DataSourceConfiguration.Tomcat:
      Did not match:
         - @ConditionalOnClass did not find required class 'org.apache.tomcat.jdbc.pool.DataSource' (OnClassCondition)

   DataSourceJmxConfiguration.TomcatDataSourceJmxConfiguration:
      Did not match:
         - @ConditionalOnClass did not find required class 'org.apache.tomcat.jdbc.pool.DataSourceProxy' (OnClassCondition)

   DataSourcePoolMetadataProvidersConfiguration.CommonsDbcp2PoolDataSourceMetadataProviderConfiguration:
      Did not match:
         - @ConditionalOnClass did not find required class 'org.apache.commons.dbcp2.BasicDataSource' (OnClassCondition)

   DataSourcePoolMetadataProvidersConfiguration.OracleUcpPoolDataSourceMetadataProviderConfiguration:
      Did not match:
         - @ConditionalOnClass did not find required classes 'oracle.ucp.jdbc.PoolDataSource', 'oracle.jdbc.OracleConnection' (OnClassCondition)

   DataSourcePoolMetadataProvidersConfiguration.TomcatDataSourcePoolMetadataProviderConfiguration:
      Did not match:
         - @ConditionalOnClass did not find required class 'org.apache.tomcat.jdbc.pool.DataSource' (OnClassCondition)

   DispatcherServletAutoConfiguration.DispatcherServletConfiguration#multipartResolver:
      Did not match:
         - @ConditionalOnBean (types: org.springframework.web.multipart.MultipartResolver; SearchStrategy: all) did not find any beans of type org.springframework.web.multipart.MultipartResolver (OnBeanCondition)

   EhCacheCacheConfiguration:
      Did not match:
         - @ConditionalOnClass did not find required class 'net.sf.ehcache.Cache' (OnClassCondition)

   ElasticsearchDataAutoConfiguration:
      Did not match:
         - @ConditionalOnClass did not find required class 'org.springframework.data.elasticsearch.core.ElasticsearchRestTemplate' (OnClassCondition)

   ElasticsearchRepositoriesAutoConfiguration:
      Did not match:
         - @ConditionalOnClass did not find required class 'org.elasticsearch.client.Client' (OnClassCondition)

   ElasticsearchRestClientAutoConfiguration:
      Did not match:
         - @ConditionalOnClass did not find required class 'org.elasticsearch.client.RestClientBuilder' (OnClassCondition)

   EmbeddedLdapAutoConfiguration:
      Did not match:
         - @ConditionalOnClass did not find required class 'com.unboundid.ldap.listener.InMemoryDirectoryServer' (OnClassCondition)

   EmbeddedMongoAutoConfiguration:
      Did not match:
         - @ConditionalOnClass did not find required class 'com.mongodb.MongoClientSettings' (OnClassCondition)

   EmbeddedWebServerFactoryCustomizerAutoConfiguration.JettyWebServerFactoryCustomizerConfiguration:
      Did not match:
         - @ConditionalOnClass did not find required classes 'org.eclipse.jetty.server.Server', 'org.eclipse.jetty.util.Loader', 'org.eclipse.jetty.webapp.WebAppContext' (OnClassCondition)

   EmbeddedWebServerFactoryCustomizerAutoConfiguration.NettyWebServerFactoryCustomizerConfiguration:
      Did not match:
         - @ConditionalOnClass did not find required class 'reactor.netty.http.server.HttpServer' (OnClassCondition)

   EmbeddedWebServerFactoryCustomizerAutoConfiguration.UndertowWebServerFactoryCustomizerConfiguration:
      Did not match:
         - @ConditionalOnClass did not find required classes 'io.undertow.Undertow', 'org.xnio.SslClientAuthMode' (OnClassCondition)

   ErrorWebFluxAutoConfiguration:
      Did not match:
         - @ConditionalOnClass did not find required class 'org.springframework.web.reactive.config.WebFluxConfigurer' (OnClassCondition)

   FlywayAutoConfiguration:
      Did not match:
         - @ConditionalOnClass did not find required class 'org.flywaydb.core.Flyway' (OnClassCondition)

   FreeMarkerAutoConfiguration:
      Did not match:
         - @ConditionalOnClass did not find required class 'freemarker.template.Configuration' (OnClassCondition)

   GraphQlAutoConfiguration:
      Did not match:
         - @ConditionalOnClass did not find required class 'graphql.GraphQL' (OnClassCondition)

   GraphQlQueryByExampleAutoConfiguration:
      Did not match:
         - @ConditionalOnClass did not find required class 'graphql.GraphQL' (OnClassCondition)

   GraphQlQuerydslAutoConfiguration:
      Did not match:
         - @ConditionalOnClass did not find required class 'graphql.GraphQL' (OnClassCondition)

   GraphQlRSocketAutoConfiguration:
      Did not match:
         - @ConditionalOnClass did not find required class 'graphql.GraphQL' (OnClassCondition)

   GraphQlReactiveQueryByExampleAutoConfiguration:
      Did not match:
         - @ConditionalOnClass did not find required class 'graphql.GraphQL' (OnClassCondition)

   GraphQlReactiveQuerydslAutoConfiguration:
      Did not match:
         - @ConditionalOnClass did not find required class 'graphql.GraphQL' (OnClassCondition)

   GraphQlWebFluxAutoConfiguration:
      Did not match:
         - @ConditionalOnClass did not find required class 'graphql.GraphQL' (OnClassCondition)

   GraphQlWebFluxSecurityAutoConfiguration:
      Did not match:
         - @ConditionalOnClass did not find required class 'graphql.GraphQL' (OnClassCondition)

   GraphQlWebMvcAutoConfiguration:
      Did not match:
         - @ConditionalOnClass did not find required class 'graphql.GraphQL' (OnClassCondition)

   GraphQlWebMvcSecurityAutoConfiguration:
      Did not match:
         - @ConditionalOnClass did not find required class 'graphql.GraphQL' (OnClassCondition)

   GroovyTemplateAutoConfiguration:
      Did not match:
         - @ConditionalOnClass did not find required class 'groovy.text.markup.MarkupTemplateEngine' (OnClassCondition)

   GsonAutoConfiguration:
      Did not match:
         - @ConditionalOnClass did not find required class 'com.google.gson.Gson' (OnClassCondition)

   GsonHttpMessageConvertersConfiguration:
      Did not match:
         - @ConditionalOnClass did not find required class 'com.google.gson.Gson' (OnClassCondition)

   H2ConsoleAutoConfiguration:
      Did not match:
         - @ConditionalOnClass did not find required class 'org.h2.server.web.WebServlet' (OnClassCondition)

   HazelcastAutoConfiguration:
      Did not match:
         - @ConditionalOnClass did not find required class 'com.hazelcast.core.HazelcastInstance' (OnClassCondition)

   HazelcastCacheConfiguration:
      Did not match:
         - @ConditionalOnClass did not find required class 'com.hazelcast.core.HazelcastInstance' (OnClassCondition)

   HazelcastJpaDependencyAutoConfiguration:
      Did not match:
         - @ConditionalOnClass did not find required class 'com.hazelcast.core.HazelcastInstance' (OnClassCondition)

   HibernateJpaAutoConfiguration:
      Did not match:
         - @ConditionalOnClass did not find required class 'javax.persistence.EntityManager' (OnClassCondition)

   HttpHandlerAutoConfiguration:
      Did not match:
         - @ConditionalOnClass did not find required class 'org.springframework.web.reactive.DispatcherHandler' (OnClassCondition)

   HypermediaAutoConfiguration:
      Did not match:
         - @ConditionalOnClass did not find required class 'org.springframework.hateoas.EntityModel' (OnClassCondition)

   InfinispanCacheConfiguration:
      Did not match:
         - @ConditionalOnClass did not find required class 'org.infinispan.spring.embedded.provider.SpringEmbeddedCacheManager' (OnClassCondition)

   InfluxDbAutoConfiguration:
      Did not match:
         - @ConditionalOnClass did not find required class 'org.influxdb.InfluxDB' (OnClassCondition)

   IntegrationAutoConfiguration:
      Did not match:
         - @ConditionalOnClass did not find required class 'org.springframework.integration.config.EnableIntegration' (OnClassCondition)

   JCacheCacheConfiguration:
      Did not match:
         - @ConditionalOnClass did not find required class 'javax.cache.Caching' (OnClassCondition)

   JacksonHttpMessageConvertersConfiguration.MappingJackson2XmlHttpMessageConverterConfiguration:
      Did not match:
         - @ConditionalOnClass did not find required class 'com.fasterxml.jackson.dataformat.xml.XmlMapper' (OnClassCondition)

   JdbcRepositoriesAutoConfiguration:
      Did not match:
         - @ConditionalOnClass did not find required class 'org.springframework.data.jdbc.repository.config.AbstractJdbcConfiguration' (OnClassCondition)

   JdbcTemplateConfiguration:
      Did not match:
         - @ConditionalOnMissingBean (types: org.springframework.jdbc.core.JdbcOperations; SearchStrategy: all) found beans of type 'org.springframework.jdbc.core.JdbcOperations' jdbcTemplate, centralJdbcTemplate, tigohogarJdbcTemplate (OnBeanCondition)

   JerseyAutoConfiguration:
      Did not match:
         - @ConditionalOnClass did not find required class 'org.glassfish.jersey.server.spring.SpringComponentProvider' (OnClassCondition)

   JmsAutoConfiguration:
      Did not match:
         - @ConditionalOnClass did not find required class 'javax.jms.Message' (OnClassCondition)

   JmxAutoConfiguration:
      Did not match:
         - @ConditionalOnProperty (spring.jmx.enabled=true) did not find property 'enabled' (OnPropertyCondition)
      Matched:
         - @ConditionalOnClass found required class 'org.springframework.jmx.export.MBeanExporter' (OnClassCondition)

   JndiConnectionFactoryAutoConfiguration:
      Did not match:
         - @ConditionalOnClass did not find required class 'org.springframework.jms.core.JmsTemplate' (OnClassCondition)

   JndiDataSourceAutoConfiguration:
      Did not match:
         - @ConditionalOnProperty (spring.datasource.jndi-name) did not find property 'jndi-name' (OnPropertyCondition)
      Matched:
         - @ConditionalOnClass found required classes 'javax.sql.DataSource', 'org.springframework.jdbc.datasource.embedded.EmbeddedDatabaseType' (OnClassCondition)

   JooqAutoConfiguration:
      Did not match:
         - @ConditionalOnClass did not find required class 'org.jooq.DSLContext' (OnClassCondition)

   JpaRepositoriesAutoConfiguration:
      Did not match:
         - @ConditionalOnClass did not find required class 'org.springframework.data.jpa.repository.JpaRepository' (OnClassCondition)

   JsonbAutoConfiguration:
      Did not match:
         - @ConditionalOnClass did not find required class 'javax.json.bind.Jsonb' (OnClassCondition)

   JsonbHttpMessageConvertersConfiguration:
      Did not match:
         - @ConditionalOnClass did not find required class 'javax.json.bind.Jsonb' (OnClassCondition)

   JtaAutoConfiguration:
      Did not match:
         - @ConditionalOnClass did not find required class 'javax.transaction.Transaction' (OnClassCondition)

   KafkaAutoConfiguration:
      Did not match:
         - @ConditionalOnClass did not find required class 'org.springframework.kafka.core.KafkaTemplate' (OnClassCondition)

   LdapAutoConfiguration:
      Did not match:
         - @ConditionalOnClass did not find required class 'org.springframework.ldap.core.ContextSource' (OnClassCondition)

   LdapRepositoriesAutoConfiguration:
      Did not match:
         - @ConditionalOnClass did not find required class 'org.springframework.data.ldap.repository.LdapRepository' (OnClassCondition)

   LiquibaseAutoConfiguration:
      Did not match:
         - @ConditionalOnClass did not find required class 'liquibase.change.DatabaseChange' (OnClassCondition)

   MailSenderJndiConfiguration:
      Did not match:
         - @ConditionalOnProperty (spring.mail.jndi-name) did not find property 'jndi-name' (OnPropertyCondition)
      Matched:
         - @ConditionalOnClass found required class 'javax.mail.Session' (OnClassCondition)

   MailSenderValidatorAutoConfiguration:
      Did not match:
         - @ConditionalOnProperty (spring.mail.test-connection) did not find property 'test-connection' (OnPropertyCondition)

   MessageSourceAutoConfiguration:
      Did not match:
         - ResourceBundle did not find bundle with basename messages (MessageSourceAutoConfiguration.ResourceBundleCondition)

   MongoAutoConfiguration:
      Did not match:
         - @ConditionalOnClass did not find required class 'com.mongodb.client.MongoClient' (OnClassCondition)

   MongoDataAutoConfiguration:
      Did not match:
         - @ConditionalOnClass did not find required class 'com.mongodb.client.MongoClient' (OnClassCondition)

   MongoReactiveAutoConfiguration:
      Did not match:
         - @ConditionalOnClass did not find required class 'com.mongodb.reactivestreams.client.MongoClient' (OnClassCondition)

   MongoReactiveDataAutoConfiguration:
      Did not match:
         - @ConditionalOnClass did not find required class 'com.mongodb.reactivestreams.client.MongoClient' (OnClassCondition)

   MongoReactiveRepositoriesAutoConfiguration:
      Did not match:
         - @ConditionalOnClass did not find required class 'com.mongodb.reactivestreams.client.MongoClient' (OnClassCondition)

   MongoRepositoriesAutoConfiguration:
      Did not match:
         - @ConditionalOnClass did not find required class 'com.mongodb.client.MongoClient' (OnClassCondition)

   MultipleOpenApiSupportConfiguration:
      Did not match:
         - AnyNestedCondition 0 matched 2 did not; NestedCondition on MultipleOpenApiSupportCondition.OnActuatorDifferentPort @ConditionalOnProperty (springdoc.show-actuator) did not find property 'springdoc.show-actuator'; NestedCondition on MultipleOpenApiSupportCondition.OnMultipleOpenApiSupportCondition AnyNestedCondition 0 matched 2 did not; NestedCondition on MultipleOpenApiGroupsCondition.OnGroupConfigProperty @ConditionalOnProperty (springdoc.group-configs[0].group) did not find property 'springdoc.group-configs[0].group'; NestedCondition on MultipleOpenApiGroupsCondition.OnGroupedOpenApiBean @ConditionalOnBean (types: org.springdoc.core.GroupedOpenApi; SearchStrategy: all) did not find any beans of type org.springdoc.core.GroupedOpenApi (MultipleOpenApiSupportCondition)
      Matched:
         - found 'session' scope (OnWebApplicationCondition)
         - @ConditionalOnProperty (springdoc.api-docs.enabled) matched (OnPropertyCondition)

   MultipleOpenApiSupportConfiguration.SpringDocWebMvcActuatorDifferentConfiguration:
      Did not match:
         - @ConditionalOnClass did not find required class 'org.springframework.boot.actuate.endpoint.web.servlet.WebMvcEndpointHandlerMapping' (OnClassCondition)
         - Ancestor org.springdoc.webmvc.core.MultipleOpenApiSupportConfiguration did not match (ConditionEvaluationReport.AncestorsMatchedCondition)

   MustacheAutoConfiguration:
      Did not match:
         - @ConditionalOnClass did not find required class 'com.samskivert.mustache.Mustache' (OnClassCondition)

   Neo4jAutoConfiguration:
      Did not match:
         - @ConditionalOnClass did not find required class 'org.neo4j.driver.Driver' (OnClassCondition)

   Neo4jDataAutoConfiguration:
      Did not match:
         - @ConditionalOnClass did not find required class 'org.neo4j.driver.Driver' (OnClassCondition)

   Neo4jReactiveDataAutoConfiguration:
      Did not match:
         - @ConditionalOnClass did not find required class 'org.neo4j.driver.Driver' (OnClassCondition)

   Neo4jReactiveRepositoriesAutoConfiguration:
      Did not match:
         - @ConditionalOnClass did not find required class 'org.neo4j.driver.Driver' (OnClassCondition)

   Neo4jRepositoriesAutoConfiguration:
      Did not match:
         - @ConditionalOnClass did not find required class 'org.neo4j.driver.Driver' (OnClassCondition)

   NettyAutoConfiguration:
      Did not match:
         - @ConditionalOnClass did not find required class 'io.netty.util.NettyRuntime' (OnClassCondition)

   OAuth2ClientAutoConfiguration:
      Did not match:
         - @ConditionalOnClass did not find required class 'org.springframework.security.config.annotation.web.configuration.EnableWebSecurity' (OnClassCondition)

   OAuth2ResourceServerAutoConfiguration:
      Did not match:
         - @ConditionalOnClass did not find required class 'org.springframework.security.oauth2.server.resource.BearerTokenAuthenticationToken' (OnClassCondition)

   ProjectInfoAutoConfiguration#buildProperties:
      Did not match:
         - @ConditionalOnResource did not find resource '${spring.info.build.location:classpath:META-INF/build-info.properties}' (OnResourceCondition)

   ProjectInfoAutoConfiguration#gitProperties:
      Did not match:
         - GitResource did not find git info at classpath:git.properties (ProjectInfoAutoConfiguration.GitResourceAvailableCondition)

   QuartzAutoConfiguration:
      Did not match:
         - @ConditionalOnClass did not find required class 'org.quartz.Scheduler' (OnClassCondition)

   R2dbcAutoConfiguration:
      Did not match:
         - @ConditionalOnClass did not find required class 'io.r2dbc.spi.ConnectionFactory' (OnClassCondition)

   R2dbcDataAutoConfiguration:
      Did not match:
         - @ConditionalOnClass did not find required class 'org.springframework.data.r2dbc.core.R2dbcEntityTemplate' (OnClassCondition)

   R2dbcInitializationConfiguration:
      Did not match:
         - @ConditionalOnClass did not find required classes 'io.r2dbc.spi.ConnectionFactory', 'org.springframework.r2dbc.connection.init.DatabasePopulator' (OnClassCondition)

   R2dbcRepositoriesAutoConfiguration:
      Did not match:
         - @ConditionalOnClass did not find required class 'io.r2dbc.spi.ConnectionFactory' (OnClassCondition)

   R2dbcTransactionManagerAutoConfiguration:
      Did not match:
         - @ConditionalOnClass did not find required class 'org.springframework.r2dbc.connection.R2dbcTransactionManager' (OnClassCondition)

   RSocketGraphQlClientAutoConfiguration:
      Did not match:
         - @ConditionalOnClass did not find required class 'graphql.GraphQL' (OnClassCondition)

   RSocketMessagingAutoConfiguration:
      Did not match:
         - @ConditionalOnClass did not find required class 'io.rsocket.RSocket' (OnClassCondition)

   RSocketRequesterAutoConfiguration:
      Did not match:
         - @ConditionalOnClass did not find required class 'io.rsocket.RSocket' (OnClassCondition)

   RSocketSecurityAutoConfiguration:
      Did not match:
         - @ConditionalOnClass did not find required class 'org.springframework.security.rsocket.core.SecuritySocketAcceptorInterceptor' (OnClassCondition)

   RSocketServerAutoConfiguration:
      Did not match:
         - @ConditionalOnClass did not find required class 'io.rsocket.core.RSocketServer' (OnClassCondition)

   RSocketStrategiesAutoConfiguration:
      Did not match:
         - @ConditionalOnClass did not find required class 'io.netty.buffer.PooledByteBufAllocator' (OnClassCondition)

   RabbitAutoConfiguration:
      Did not match:
         - @ConditionalOnClass did not find required class 'com.rabbitmq.client.Channel' (OnClassCondition)

   ReactiveElasticsearchRepositoriesAutoConfiguration:
      Did not match:
         - @ConditionalOnClass did not find required class 'org.springframework.data.elasticsearch.client.reactive.ReactiveElasticsearchClient' (OnClassCondition)

   ReactiveElasticsearchRestClientAutoConfiguration:
      Did not match:
         - @ConditionalOnClass did not find required class 'reactor.netty.http.client.HttpClient' (OnClassCondition)

   ReactiveMultipartAutoConfiguration:
      Did not match:
         - @ConditionalOnClass did not find required class 'org.springframework.web.reactive.config.WebFluxConfigurer' (OnClassCondition)

   ReactiveOAuth2ClientAutoConfiguration:
      Did not match:
         - @ConditionalOnClass did not find required class 'reactor.core.publisher.Flux' (OnClassCondition)

   ReactiveOAuth2ResourceServerAutoConfiguration:
      Did not match:
         - @ConditionalOnClass did not find required class 'org.springframework.security.config.annotation.web.reactive.EnableWebFluxSecurity' (OnClassCondition)

   ReactiveSecurityAutoConfiguration:
      Did not match:
         - @ConditionalOnClass did not find required class 'reactor.core.publisher.Flux' (OnClassCondition)

   ReactiveUserDetailsServiceAutoConfiguration:
      Did not match:
         - @ConditionalOnClass did not find required class 'org.springframework.security.authentication.ReactiveAuthenticationManager' (OnClassCondition)

   ReactiveWebServerFactoryAutoConfiguration:
      Did not match:
         - @ConditionalOnWebApplication did not find reactive web application classes (OnWebApplicationCondition)

   RedisAutoConfiguration:
      Did not match:
         - @ConditionalOnClass did not find required class 'org.springframework.data.redis.core.RedisOperations' (OnClassCondition)

   RedisCacheConfiguration:
      Did not match:
         - @ConditionalOnClass did not find required class 'org.springframework.data.redis.connection.RedisConnectionFactory' (OnClassCondition)

   RedisReactiveAutoConfiguration:
      Did not match:
         - @ConditionalOnClass did not find required class 'reactor.core.publisher.Flux' (OnClassCondition)

   RedisRepositoriesAutoConfiguration:
      Did not match:
         - @ConditionalOnClass did not find required class 'org.springframework.data.redis.repository.configuration.EnableRedisRepositories' (OnClassCondition)

   RepositoryRestMvcAutoConfiguration:
      Did not match:
         - @ConditionalOnClass did not find required class 'org.springframework.data.rest.webmvc.config.RepositoryRestMvcConfiguration' (OnClassCondition)

   Saml2RelyingPartyAutoConfiguration:
      Did not match:
         - @ConditionalOnClass did not find required class 'org.springframework.security.saml2.provider.service.registration.RelyingPartyRegistrationRepository' (OnClassCondition)

   SecurityAutoConfiguration:
      Did not match:
         - @ConditionalOnClass did not find required class 'org.springframework.security.authentication.DefaultAuthenticationEventPublisher' (OnClassCondition)

   SecurityFilterAutoConfiguration:
      Did not match:
         - @ConditionalOnClass did not find required class 'org.springframework.security.config.http.SessionCreationPolicy' (OnClassCondition)

   SendGridAutoConfiguration:
      Did not match:
         - @ConditionalOnClass did not find required class 'com.sendgrid.SendGrid' (OnClassCondition)

   ServletWebServerFactoryAutoConfiguration.ForwardedHeaderFilterConfiguration:
      Did not match:
         - @ConditionalOnProperty (server.forward-headers-strategy=framework) did not find property 'server.forward-headers-strategy' (OnPropertyCondition)

   ServletWebServerFactoryConfiguration.EmbeddedJetty:
      Did not match:
         - @ConditionalOnClass did not find required classes 'org.eclipse.jetty.server.Server', 'org.eclipse.jetty.util.Loader', 'org.eclipse.jetty.webapp.WebAppContext' (OnClassCondition)

   ServletWebServerFactoryConfiguration.EmbeddedUndertow:
      Did not match:
         - @ConditionalOnClass did not find required classes 'io.undertow.Undertow', 'org.xnio.SslClientAuthMode' (OnClassCondition)

   SessionAutoConfiguration:
      Did not match:
         - @ConditionalOnClass did not find required class 'org.springframework.session.Session' (OnClassCondition)

   SolrAutoConfiguration:
      Did not match:
         - @ConditionalOnClass did not find required class 'org.apache.solr.client.solrj.impl.CloudSolrClient' (OnClassCondition)

   SpringApplicationAdminJmxAutoConfiguration:
      Did not match:
         - @ConditionalOnProperty (spring.application.admin.enabled=true) did not find property 'enabled' (OnPropertyCondition)

   SpringDataWebAutoConfiguration:
      Did not match:
         - @ConditionalOnClass did not find required class 'org.springframework.data.web.PageableHandlerMethodArgumentResolver' (OnClassCondition)

   SpringDocConfiguration#propertiesResolverForSchema:
      Did not match:
         - @ConditionalOnProperty (springdoc.api-docs.resolve-schema-properties) did not find property 'springdoc.api-docs.resolve-schema-properties' (OnPropertyCondition)

   SpringDocConfiguration#propertyCustomizingConverter:
      Did not match:
         - @ConditionalOnBean (types: org.springdoc.core.customizers.PropertyCustomizer; SearchStrategy: all) did not find any beans of type org.springdoc.core.customizers.PropertyCustomizer (OnBeanCondition)

   SpringDocConfiguration#springdocBeanFactoryPostProcessor:
      Did not match:
         - AnyNestedCondition 0 matched 2 did not; NestedCondition on CacheOrGroupedOpenApiCondition.OnCacheDisabled found non-matching nested conditions @ConditionalOnProperty (springdoc.cache.disabled) did not find property 'springdoc.cache.disabled'; NestedCondition on CacheOrGroupedOpenApiCondition.OnMultipleOpenApiSupportCondition AnyNestedCondition 0 matched 2 did not; NestedCondition on MultipleOpenApiSupportCondition.OnActuatorDifferentPort @ConditionalOnProperty (springdoc.show-actuator) did not find property 'springdoc.show-actuator'; NestedCondition on MultipleOpenApiSupportCondition.OnMultipleOpenApiSupportCondition AnyNestedCondition 0 matched 2 did not; NestedCondition on MultipleOpenApiGroupsCondition.OnGroupConfigProperty @ConditionalOnProperty (springdoc.group-configs[0].group) did not find property 'springdoc.group-configs[0].group'; NestedCondition on MultipleOpenApiGroupsCondition.OnGroupedOpenApiBean @ConditionalOnBean (types: org.springdoc.core.GroupedOpenApi; SearchStrategy: all) did not find any beans of type org.springdoc.core.GroupedOpenApi (CacheOrGroupedOpenApiCondition)
      Matched:
         - @ConditionalOnClass found required class 'org.springframework.boot.context.properties.bind.BindResult' (OnClassCondition)

   SpringDocConfiguration#springdocBeanFactoryPostProcessor2:
      Did not match:
         - @ConditionalOnMissingClass found unwanted class 'org.springframework.boot.context.properties.bind.BindResult' (OnClassCondition)

   SpringDocConfiguration.SpringDocActuatorConfiguration:
      Did not match:
         - @ConditionalOnClass did not find required class 'org.springframework.boot.actuate.autoconfigure.endpoint.web.WebEndpointProperties' (OnClassCondition)

   SpringDocConfiguration.SpringDocFunctionCatalogConfiguration:
      Did not match:
         - @ConditionalOnClass did not find required class 'org.springframework.cloud.function.web.function.FunctionEndpointInitializer' (OnClassCondition)

   SpringDocConfiguration.SpringDocPageableConfiguration:
      Did not match:
         - @ConditionalOnClass did not find required class 'org.springframework.data.domain.Pageable' (OnClassCondition)

   SpringDocConfiguration.SpringDocRepositoryRestConfiguration:
      Did not match:
         - @ConditionalOnClass did not find required class 'org.springframework.data.rest.core.config.RepositoryRestConfiguration' (OnClassCondition)

   SpringDocConfiguration.SpringDocSortConfiguration:
      Did not match:
         - @ConditionalOnClass did not find required class 'org.springframework.data.domain.Sort' (OnClassCondition)

   SpringDocConfiguration.SpringDocWebFluxSupportConfiguration:
      Did not match:
         - @ConditionalOnClass did not find required class 'reactor.core.publisher.Flux' (OnClassCondition)

   SpringDocWebMvcConfiguration.SpringDocWebMvcActuatorConfiguration:
      Did not match:
         - @ConditionalOnClass did not find required class 'org.springframework.boot.actuate.endpoint.web.servlet.WebMvcEndpointHandlerMapping' (OnClassCondition)

   SwaggerConfig#springWebProvider:
      Did not match:
         - @ConditionalOnMissingBean (types: org.springdoc.core.providers.SpringWebProvider; SearchStrategy: all) found beans of type 'org.springdoc.core.providers.SpringWebProvider' springWebProvider (OnBeanCondition)

   SwaggerConfig#swaggerUiConfigParameters:
      Did not match:
         - @ConditionalOnMissingBean (types: org.springdoc.core.SwaggerUiConfigParameters; SearchStrategy: all) found beans of type 'org.springdoc.core.SwaggerUiConfigParameters' org.springdoc.core.SwaggerUiConfigParameters (OnBeanCondition)

   SwaggerConfig#swaggerUiHome:
      Did not match:
         - @ConditionalOnProperty (springdoc.swagger-ui.use-root-path=true) did not find property 'springdoc.swagger-ui.use-root-path' (OnPropertyCondition)

   SwaggerConfig.SwaggerActuatorWelcomeConfiguration:
      Did not match:
         - @ConditionalOnClass did not find required class 'org.springframework.boot.actuate.endpoint.web.servlet.WebMvcEndpointHandlerMapping' (OnClassCondition)

   TaskSchedulingAutoConfiguration#scheduledBeanLazyInitializationExcludeFilter:
      Did not match:
         - @ConditionalOnBean (names: org.springframework.context.annotation.internalScheduledAnnotationProcessor; SearchStrategy: all) did not find any beans named org.springframework.context.annotation.internalScheduledAnnotationProcessor (OnBeanCondition)

   TaskSchedulingAutoConfiguration#taskScheduler:
      Did not match:
         - @ConditionalOnBean (names: org.springframework.context.annotation.internalScheduledAnnotationProcessor; SearchStrategy: all) did not find any beans named org.springframework.context.annotation.internalScheduledAnnotationProcessor (OnBeanCondition)

   ThymeleafAutoConfiguration:
      Did not match:
         - @ConditionalOnClass did not find required class 'org.thymeleaf.spring5.SpringTemplateEngine' (OnClassCondition)

   TransactionAutoConfiguration#transactionalOperator:
      Did not match:
         - @ConditionalOnSingleCandidate (types: org.springframework.transaction.ReactiveTransactionManager; SearchStrategy: all) did not find any beans (OnBeanCondition)

   TransactionAutoConfiguration.AspectJTransactionManagementConfiguration:
      Did not match:
         - @ConditionalOnBean did not find required type 'org.springframework.transaction.aspectj.AbstractTransactionAspect' (OnBeanCondition)
         - @ConditionalOnBean (types: org.springframework.transaction.aspectj.AbstractTransactionAspect; SearchStrategy: all) did not find any beans of type org.springframework.transaction.aspectj.AbstractTransactionAspect (OnBeanCondition)

   TransactionAutoConfiguration.EnableTransactionManagementConfiguration.JdkDynamicAutoProxyConfiguration:
      Did not match:
         - @ConditionalOnProperty (spring.aop.proxy-target-class=false) did not find property 'proxy-target-class' (OnPropertyCondition)

   UserDetailsServiceAutoConfiguration:
      Did not match:
         - @ConditionalOnClass did not find required class 'org.springframework.security.authentication.AuthenticationManager' (OnClassCondition)

   WebClientAutoConfiguration:
      Did not match:
         - @ConditionalOnClass did not find required class 'org.springframework.web.reactive.function.client.WebClient' (OnClassCondition)

   WebFluxAutoConfiguration:
      Did not match:
         - @ConditionalOnClass did not find required class 'org.springframework.web.reactive.config.WebFluxConfigurer' (OnClassCondition)

   WebMvcAutoConfiguration#hiddenHttpMethodFilter:
      Did not match:
         - @ConditionalOnProperty (spring.mvc.hiddenmethod.filter.enabled) did not find property 'enabled' (OnPropertyCondition)

   WebMvcAutoConfiguration.ResourceChainCustomizerConfiguration:
      Did not match:
         - @ConditionalOnEnabledResourceChain did not find class org.webjars.WebJarAssetLocator (OnEnabledResourceChainCondition)

   WebMvcAutoConfiguration.WebMvcAutoConfigurationAdapter#beanNameViewResolver:
      Did not match:
         - @ConditionalOnMissingBean (types: org.springframework.web.servlet.view.BeanNameViewResolver; SearchStrategy: all) found beans of type 'org.springframework.web.servlet.view.BeanNameViewResolver' beanNameViewResolver (OnBeanCondition)

   WebServiceTemplateAutoConfiguration:
      Did not match:
         - @ConditionalOnClass did not find required class 'org.springframework.oxm.Marshaller' (OnClassCondition)

   WebServicesAutoConfiguration:
      Did not match:
         - @ConditionalOnClass did not find required class 'org.springframework.ws.transport.http.MessageDispatcherServlet' (OnClassCondition)

   WebSessionIdResolverAutoConfiguration:
      Did not match:
         - @ConditionalOnClass did not find required class 'reactor.core.publisher.Mono' (OnClassCondition)

   WebSocketMessagingAutoConfiguration:
      Did not match:
         - @ConditionalOnClass did not find required class 'org.springframework.web.socket.config.annotation.WebSocketMessageBrokerConfigurer' (OnClassCondition)

   WebSocketReactiveAutoConfiguration:
      Did not match:
         - @ConditionalOnWebApplication did not find reactive web application classes (OnWebApplicationCondition)

   WebSocketServletAutoConfiguration.Jetty10WebSocketConfiguration:
      Did not match:
         - @ConditionalOnClass did not find required classes 'org.eclipse.jetty.websocket.javax.server.internal.JavaxWebSocketServerContainer', 'org.eclipse.jetty.websocket.server.JettyWebSocketServerContainer' (OnClassCondition)

   WebSocketServletAutoConfiguration.JettyWebSocketConfiguration:
      Did not match:
         - @ConditionalOnClass did not find required class 'org.eclipse.jetty.websocket.jsr356.server.deploy.WebSocketServerContainerInitializer' (OnClassCondition)

   WebSocketServletAutoConfiguration.UndertowWebSocketConfiguration:
      Did not match:
         - @ConditionalOnClass did not find required class 'io.undertow.websockets.jsr.Bootstrap' (OnClassCondition)

   XADataSourceAutoConfiguration:
      Did not match:
         - @ConditionalOnClass did not find required class 'javax.transaction.TransactionManager' (OnClassCondition)


Exclusions:
-----------

    None


Unconditional classes:
----------------------

    org.springframework.boot.autoconfigure.context.ConfigurationPropertiesAutoConfiguration

    org.springframework.boot.autoconfigure.context.LifecycleAutoConfiguration

    org.springframework.boot.autoconfigure.context.PropertyPlaceholderAutoConfiguration

    org.springframework.boot.autoconfigure.availability.ApplicationAvailabilityAutoConfiguration

    org.springframework.boot.autoconfigure.info.ProjectInfoAutoConfiguration



2026-07-27 18:35:36.644  INFO 29364 --- [           main] c.e.T.TigoStarSystemApplication          : Started TigoStarSystemApplication in 7.141 seconds (JVM running for 7.894)
2026-07-27 18:35:36.647 DEBUG 29364 --- [           main] o.s.b.a.ApplicationAvailabilityBean      : Application availability state LivenessState changed to CORRECT
2026-07-27 18:35:36.649  INFO 29364 --- [           main] c.e.T.config.StartupInfoLogger           : spring.profiles.active=[]
2026-07-27 18:35:36.650  INFO 29364 --- [           main] c.e.T.config.StartupInfoLogger           : spring.datasource.url=jdbc:jtds:sqlserver://tigo.makiro.com.bo/BDSistemaAntenapm
2026-07-27 18:35:36.651  INFO 29364 --- [           main] c.e.T.config.StartupInfoLogger           : spring.datasource.driver-class-name=net.sourceforge.jtds.jdbc.Driver
2026-07-27 18:35:36.652  INFO 29364 --- [           main] c.e.T.config.StartupInfoLogger           : app.central.datasource.url=jdbc:jtds:sqlserver://172.16.0.13/BDControlOrdenes
2026-07-27 18:35:36.653  INFO 29364 --- [           main] c.e.T.config.StartupInfoLogger           : app.central.datasource.driver-class-name=net.sourceforge.jtds.jdbc.Driver
2026-07-27 18:35:36.654  INFO 29364 --- [           main] c.e.T.config.StartupInfoLogger           : app.cuadrilla.mail.enabled=true
2026-07-27 18:35:36.654  INFO 29364 --- [           main] c.e.T.config.StartupInfoLogger           : app.cuadrilla.mail.to=cabrerajosue715@gmail.com
2026-07-27 18:35:36.655  INFO 29364 --- [           main] c.e.T.config.StartupInfoLogger           : app.cuadrilla.mail.from=sistemas_sc@makiro.com.bo
2026-07-27 18:35:36.656  INFO 29364 --- [           main] c.e.T.config.StartupInfoLogger           : spring.mail.host=vps-1537170-x.dattaweb.com
2026-07-27 18:35:36.658  INFO 29364 --- [           main] c.e.T.config.StartupInfoLogger           : spring.mail.port=587
2026-07-27 18:35:36.658  INFO 29364 --- [           main] c.e.T.config.StartupInfoLogger           : java.version=21.0.8
2026-07-27 18:35:36.659  INFO 29364 --- [           main] c.e.T.config.StartupInfoLogger           : java.home=C:\Program Files\Java\jdk-21
2026-07-27 18:35:36.660  INFO 29364 --- [           main] c.e.T.config.StartupInfoLogger           : java.security.properties=null
2026-07-27 18:35:36.661  INFO 29364 --- [           main] c.e.T.config.StartupInfoLogger           : jdk.tls.client.protocols=null
2026-07-27 18:35:36.661  INFO 29364 --- [           main] c.e.T.config.StartupInfoLogger           : https.protocols=null
2026-07-27 18:35:36.662  INFO 29364 --- [           main] c.e.T.config.StartupInfoLogger           : jdk.tls.disabledAlgorithms=SSLv3, TLSv1.1, DTLSv1.0, RC4, DES, MD5withRSA, DH keySize < 1024, EC keySize < 224, 3DES_EDE_CBC, anon, NULL, ECDH
2026-07-27 18:35:36.664 DEBUG 29364 --- [           main] o.s.b.a.ApplicationAvailabilityBean      : Application availability state ReadinessState changed to ACCEPTING_TRAFFIC
2026-07-27 18:35:37.407  INFO 29364 --- [nio-9060-exec-1] o.a.c.c.C.[Tomcat].[localhost].[/]       : Initializing Spring DispatcherServlet 'dispatcherServlet'
2026-07-27 18:35:37.408  INFO 29364 --- [nio-9060-exec-1] o.s.web.servlet.DispatcherServlet        : Initializing Servlet 'dispatcherServlet'
2026-07-27 18:35:37.409 DEBUG 29364 --- [nio-9060-exec-1] o.s.web.servlet.DispatcherServlet        : Detected StandardServletMultipartResolver
2026-07-27 18:35:37.409 DEBUG 29364 --- [nio-9060-exec-1] o.s.web.servlet.DispatcherServlet        : Detected AcceptHeaderLocaleResolver
2026-07-27 18:35:37.410 DEBUG 29364 --- [nio-9060-exec-1] o.s.web.servlet.DispatcherServlet        : Detected FixedThemeResolver
2026-07-27 18:35:37.411 DEBUG 29364 --- [nio-9060-exec-1] o.s.web.servlet.DispatcherServlet        : Detected org.springframework.web.servlet.view.DefaultRequestToViewNameTranslator@2892b6f4
2026-07-27 18:35:37.411 DEBUG 29364 --- [nio-9060-exec-1] o.s.web.servlet.DispatcherServlet        : Detected org.springframework.web.servlet.support.SessionFlashMapManager@158876bf
2026-07-27 18:35:37.412 DEBUG 29364 --- [nio-9060-exec-1] o.s.web.servlet.DispatcherServlet        : enableLoggingRequestDetails='false': request parameters and headers will be masked to prevent unsafe logging of potentially sensitive data
2026-07-27 18:35:37.413  INFO 29364 --- [nio-9060-exec-1] o.s.web.servlet.DispatcherServlet        : Completed initialization in 4 ms
2026-07-27 18:35:37.435 DEBUG 29364 --- [nio-9060-exec-1] o.s.web.servlet.DispatcherServlet        : GET "/cortes-tap/2", parameters={}
2026-07-27 18:35:37.445 DEBUG 29364 --- [nio-9060-exec-1] s.w.s.m.m.a.RequestMappingHandlerMapping : Mapped to com.example.TigoStarSystem.cortetap.controller.CorteTapController#detalle(String, Integer)
2026-07-27 18:35:37.562 DEBUG 29364 --- [nio-9060-exec-1] o.s.jdbc.core.JdbcTemplate               : Executing prepared SQL query
2026-07-27 18:35:37.563 DEBUG 29364 --- [nio-9060-exec-1] o.s.jdbc.core.JdbcTemplate               : Executing prepared SQL statement [SELECT * FROM dbo.tbl_CorteTap WHERE id = ? AND ISNULL(E_Eliminado, 0) = 0]
2026-07-27 18:35:37.566 DEBUG 29364 --- [nio-9060-exec-1] o.s.jdbc.datasource.DataSourceUtils      : Fetching JDBC Connection from DataSource
2026-07-27 18:35:37.691  INFO 29364 --- [onnection adder] com.zaxxer.hikari.pool.PoolBase          : CentralHikariPool - Driver does not support get/set network timeout for connections. (null)
2026-07-27 18:35:37.696 DEBUG 29364 --- [onnection adder] com.zaxxer.hikari.pool.HikariPool        : CentralHikariPool - Added connection net.sourceforge.jtds.jdbc.JtdsConnection@4af51ba1
2026-07-27 18:35:37.781 DEBUG 29364 --- [nio-9060-exec-1] o.s.w.s.m.m.a.HttpEntityMethodProcessor  : Using 'application/json', given [application/json, text/plain, */*] and supported [application/json, application/*+json, application/json, application/*+json]
2026-07-27 18:35:37.783 DEBUG 29364 --- [nio-9060-exec-1] o.s.w.s.m.m.a.HttpEntityMethodProcessor  : Writing [com.example.TigoStarSystem.common.ApiResponse@6f1ef08a]
2026-07-27 18:35:37.813 DEBUG 29364 --- [nio-9060-exec-1] o.s.web.servlet.DispatcherServlet        : Completed 200 OK
2026-07-27 18:35:39.807 DEBUG 29364 --- [nio-9060-exec-2] o.s.web.servlet.DispatcherServlet        : GET "/cortes-tap/resolver-zona-hfc?zonaHfc=NODO+GRD199", parameters={masked}
2026-07-27 18:35:39.807 DEBUG 29364 --- [nio-9060-exec-2] s.w.s.m.m.a.RequestMappingHandlerMapping : Mapped to com.example.TigoStarSystem.cortetap.controller.CorteTapController#resolverZonaHfc(String, String)
2026-07-27 18:35:39.815 DEBUG 29364 --- [nio-9060-exec-2] o.s.jdbc.core.JdbcTemplate               : Executing prepared SQL query
2026-07-27 18:35:39.816 DEBUG 29364 --- [nio-9060-exec-2] o.s.jdbc.core.JdbcTemplate               : Executing prepared SQL statement [SELECT TOP 1 Nodos_Asociados, Distrito, Zona FROM dbo.tbl_Nodo_Zona WHERE ISNULL(E_Eliminado, 0) = 0 AND UPPER(LTRIM(RTRIM(Nodos_Asociados))) = UPPER(?) ORDER BY id]
2026-07-27 18:35:39.817 DEBUG 29364 --- [nio-9060-exec-2] o.s.jdbc.datasource.DataSourceUtils      : Fetching JDBC Connection from DataSource
2026-07-27 18:35:39.899 DEBUG 29364 --- [nio-9060-exec-2] o.s.jdbc.core.JdbcTemplate               : Executing prepared SQL query
2026-07-27 18:35:39.899 DEBUG 29364 --- [nio-9060-exec-2] o.s.jdbc.core.JdbcTemplate               : Executing prepared SQL statement [SELECT TOP 1 Nodos_Asociados, Distrito, Zona, DistritoNuevo FROM dbo.tbl_Nodo_Distrito WHERE ISNULL(E_Eliminado, 0) = 0 AND UPPER(LTRIM(RTRIM(Nodos_Asociados))) = UPPER(?) AND UPPER(LTRIM(RTRIM(Zona))) = UPPER(?) ORDER BY id]
2026-07-27 18:35:39.899 DEBUG 29364 --- [nio-9060-exec-2] o.s.jdbc.datasource.DataSourceUtils      : Fetching JDBC Connection from DataSource
2026-07-27 18:35:39.909 DEBUG 29364 --- [nio-9060-exec-2] o.s.w.s.m.m.a.HttpEntityMethodProcessor  : Using 'application/json', given [application/json, text/plain, */*] and supported [application/json, application/*+json, application/json, application/*+json]
2026-07-27 18:35:39.910 DEBUG 29364 --- [nio-9060-exec-2] o.s.w.s.m.m.a.HttpEntityMethodProcessor  : Writing [com.example.TigoStarSystem.common.ApiResponse@2d62bf76]
2026-07-27 18:35:39.911 DEBUG 29364 --- [nio-9060-exec-2] o.s.web.servlet.DispatcherServlet        : Completed 200 OK
2026-07-27 18:35:43.757 DEBUG 29364 --- [nio-9060-exec-3] o.s.web.servlet.DispatcherServlet        : GET "/cortes-tap/3", parameters={}
2026-07-27 18:35:43.761 DEBUG 29364 --- [nio-9060-exec-3] s.w.s.m.m.a.RequestMappingHandlerMapping : Mapped to com.example.TigoStarSystem.cortetap.controller.CorteTapController#detalle(String, Integer)
2026-07-27 18:35:43.767 DEBUG 29364 --- [nio-9060-exec-3] o.s.jdbc.core.JdbcTemplate               : Executing prepared SQL query
2026-07-27 18:35:43.768 DEBUG 29364 --- [nio-9060-exec-3] o.s.jdbc.core.JdbcTemplate               : Executing prepared SQL statement [SELECT * FROM dbo.tbl_CorteTap WHERE id = ? AND ISNULL(E_Eliminado, 0) = 0]
2026-07-27 18:35:43.768 DEBUG 29364 --- [nio-9060-exec-3] o.s.jdbc.datasource.DataSourceUtils      : Fetching JDBC Connection from DataSource
2026-07-27 18:35:43.778 DEBUG 29364 --- [nio-9060-exec-3] o.s.w.s.m.m.a.HttpEntityMethodProcessor  : Using 'application/json', given [application/json, text/plain, */*] and supported [application/json, application/*+json, application/json, application/*+json]
2026-07-27 18:35:43.779 DEBUG 29364 --- [nio-9060-exec-3] o.s.w.s.m.m.a.HttpEntityMethodProcessor  : Writing [com.example.TigoStarSystem.common.ApiResponse@75ad0d10]
2026-07-27 18:35:43.780 DEBUG 29364 --- [nio-9060-exec-3] o.s.web.servlet.DispatcherServlet        : Completed 200 OK
2026-07-27 18:35:45.101 DEBUG 29364 --- [nio-9060-exec-4] o.s.web.servlet.DispatcherServlet        : GET "/cortes-tap", parameters={}
2026-07-27 18:35:45.103 DEBUG 29364 --- [nio-9060-exec-4] s.w.s.m.m.a.RequestMappingHandlerMapping : Mapped to com.example.TigoStarSystem.cortetap.controller.CorteTapController#listar(String)
2026-07-27 18:35:45.116 DEBUG 29364 --- [nio-9060-exec-4] o.s.jdbc.core.JdbcTemplate               : Executing SQL query [EXEC dbo.spx_ListaCorteTAP]
2026-07-27 18:35:45.123 DEBUG 29364 --- [nio-9060-exec-4] o.s.jdbc.datasource.DataSourceUtils      : Fetching JDBC Connection from DataSource
2026-07-27 18:35:45.765 DEBUG 29364 --- [nio-9060-exec-4] o.s.w.s.m.m.a.HttpEntityMethodProcessor  : Using 'application/json', given [application/json, text/plain, */*] and supported [application/json, application/*+json, application/json, application/*+json]
2026-07-27 18:35:45.770 DEBUG 29364 --- [nio-9060-exec-4] o.s.w.s.m.m.a.HttpEntityMethodProcessor  : Writing [com.example.TigoStarSystem.common.ApiResponse@133393]
2026-07-27 18:35:45.885 DEBUG 29364 --- [nio-9060-exec-4] o.s.web.servlet.DispatcherServlet        : Completed 200 OK
2026-07-27 18:35:58.463 DEBUG 29364 --- [nio-9060-exec-5] o.s.web.servlet.DispatcherServlet        : GET "/cortes-tap/2", parameters={}
2026-07-27 18:35:58.466 DEBUG 29364 --- [nio-9060-exec-5] s.w.s.m.m.a.RequestMappingHandlerMapping : Mapped to com.example.TigoStarSystem.cortetap.controller.CorteTapController#detalle(String, Integer)
2026-07-27 18:35:58.473 DEBUG 29364 --- [nio-9060-exec-5] o.s.jdbc.core.JdbcTemplate               : Executing prepared SQL query
2026-07-27 18:35:58.475 DEBUG 29364 --- [nio-9060-exec-5] o.s.jdbc.core.JdbcTemplate               : Executing prepared SQL statement [SELECT * FROM dbo.tbl_CorteTap WHERE id = ? AND ISNULL(E_Eliminado, 0) = 0]
2026-07-27 18:35:58.478 DEBUG 29364 --- [nio-9060-exec-5] o.s.jdbc.datasource.DataSourceUtils      : Fetching JDBC Connection from DataSource
2026-07-27 18:35:58.492 DEBUG 29364 --- [nio-9060-exec-5] o.s.w.s.m.m.a.HttpEntityMethodProcessor  : Using 'application/json', given [application/json, text/plain, */*] and supported [application/json, application/*+json, application/json, application/*+json]
2026-07-27 18:35:58.492 DEBUG 29364 --- [nio-9060-exec-5] o.s.w.s.m.m.a.HttpEntityMethodProcessor  : Writing [com.example.TigoStarSystem.common.ApiResponse@3dfb028f]
2026-07-27 18:35:58.494 DEBUG 29364 --- [nio-9060-exec-5] o.s.web.servlet.DispatcherServlet        : Completed 200 OK
2026-07-27 18:36:02.338 DEBUG 29364 --- [nio-9060-exec-6] o.s.web.servlet.DispatcherServlet        : PUT "/cortes-tap/2/digitacion", parameters={}
2026-07-27 18:36:02.339 DEBUG 29364 --- [nio-9060-exec-6] s.w.s.m.m.a.RequestMappingHandlerMapping : Mapped to com.example.TigoStarSystem.cortetap.controller.CorteTapController#guardarDigitacion(String, Integer, CorteTapDigitacionRequest)
2026-07-27 18:36:02.365 DEBUG 29364 --- [nio-9060-exec-6] m.m.a.RequestResponseBodyMethodProcessor : Read "application/json;charset=UTF-8" to [com.example.TigoStarSystem.cortetap.dto.CorteTapDigitacionRequest@1a6f982a]
2026-07-27 18:36:02.434 DEBUG 29364 --- [nio-9060-exec-6] o.s.jdbc.core.JdbcTemplate               : Executing prepared SQL query
2026-07-27 18:36:02.434 DEBUG 29364 --- [nio-9060-exec-6] o.s.jdbc.core.JdbcTemplate               : Executing prepared SQL statement [SELECT * FROM dbo.tbl_CorteTap WHERE id = ? AND ISNULL(E_Eliminado, 0) = 0]
2026-07-27 18:36:02.435 DEBUG 29364 --- [nio-9060-exec-6] o.s.jdbc.datasource.DataSourceUtils      : Fetching JDBC Connection from DataSource
2026-07-27 18:36:02.442 DEBUG 29364 --- [nio-9060-exec-6] o.s.jdbc.core.JdbcTemplate               : Executing prepared SQL query
2026-07-27 18:36:02.442 DEBUG 29364 --- [nio-9060-exec-6] o.s.jdbc.core.JdbcTemplate               : Executing prepared SQL statement [SELECT TOP 1 Nodos_Asociados, Distrito, Zona FROM dbo.tbl_Nodo_Zona WHERE ISNULL(E_Eliminado, 0) = 0 AND UPPER(LTRIM(RTRIM(Nodos_Asociados))) = UPPER(?) ORDER BY id]
2026-07-27 18:36:02.443 DEBUG 29364 --- [nio-9060-exec-6] o.s.jdbc.datasource.DataSourceUtils      : Fetching JDBC Connection from DataSource
2026-07-27 18:36:02.447 DEBUG 29364 --- [nio-9060-exec-6] o.s.jdbc.core.JdbcTemplate               : Executing prepared SQL query
2026-07-27 18:36:02.448 DEBUG 29364 --- [nio-9060-exec-6] o.s.jdbc.core.JdbcTemplate               : Executing prepared SQL statement [SELECT TOP 1 Nodos_Asociados, Distrito, Zona, DistritoNuevo FROM dbo.tbl_Nodo_Distrito WHERE ISNULL(E_Eliminado, 0) = 0 AND UPPER(LTRIM(RTRIM(Nodos_Asociados))) = UPPER(?) AND UPPER(LTRIM(RTRIM(Zona))) = UPPER(?) ORDER BY id]
2026-07-27 18:36:02.448 DEBUG 29364 --- [nio-9060-exec-6] o.s.jdbc.datasource.DataSourceUtils      : Fetching JDBC Connection from DataSource
2026-07-27 18:36:02.453 DEBUG 29364 --- [nio-9060-exec-6] o.s.jdbc.core.JdbcTemplate               : Executing prepared SQL update
2026-07-27 18:36:02.455 DEBUG 29364 --- [nio-9060-exec-6] o.s.jdbc.core.JdbcTemplate               : Executing prepared SQL statement [UPDATE dbo.tbl_CorteTap SET Zona_HFC_D2 = ?, Zona_D2 = ?, Distrito_D2 = ?, UsuarioDig_D2 = ?, FechaRegDig_D2 = GETDATE() WHERE id = ? AND ISNULL(E_Eliminado, 0) = 0 AND UPPER(ISNULL(Estado, '')) NOT IN ('EJECUTADA', 'FINALIZADO')]
2026-07-27 18:36:02.455 DEBUG 29364 --- [nio-9060-exec-6] o.s.jdbc.datasource.DataSourceUtils      : Fetching JDBC Connection from DataSource
2026-07-27 18:36:02.468 DEBUG 29364 --- [nio-9060-exec-6] o.s.jdbc.core.JdbcTemplate               : Executing prepared SQL query
2026-07-27 18:36:02.468 DEBUG 29364 --- [nio-9060-exec-6] o.s.jdbc.core.JdbcTemplate               : Executing prepared SQL statement [SELECT * FROM dbo.tbl_CorteTap WHERE id = ? AND ISNULL(E_Eliminado, 0) = 0]
2026-07-27 18:36:02.469 DEBUG 29364 --- [nio-9060-exec-6] o.s.jdbc.datasource.DataSourceUtils      : Fetching JDBC Connection from DataSource
2026-07-27 18:36:02.473 DEBUG 29364 --- [nio-9060-exec-6] o.s.w.s.m.m.a.HttpEntityMethodProcessor  : Using 'application/json', given [application/json, text/plain, */*] and supported [application/json, application/*+json, application/json, application/*+json]
2026-07-27 18:36:02.474 DEBUG 29364 --- [nio-9060-exec-6] o.s.w.s.m.m.a.HttpEntityMethodProcessor  : Writing [com.example.TigoStarSystem.common.ApiResponse@2d47266f]
2026-07-27 18:36:02.476 DEBUG 29364 --- [nio-9060-exec-6] o.s.web.servlet.DispatcherServlet        : Completed 200 OK
2026-07-27 18:36:02.596 DEBUG 29364 --- [nio-9060-exec-7] o.s.web.servlet.DispatcherServlet        : GET "/cortes-tap", parameters={}
2026-07-27 18:36:02.597 DEBUG 29364 --- [nio-9060-exec-7] s.w.s.m.m.a.RequestMappingHandlerMapping : Mapped to com.example.TigoStarSystem.cortetap.controller.CorteTapController#listar(String)
2026-07-27 18:36:02.607 DEBUG 29364 --- [nio-9060-exec-7] o.s.jdbc.core.JdbcTemplate               : Executing SQL query [EXEC dbo.spx_ListaCorteTAP]
2026-07-27 18:36:02.608 DEBUG 29364 --- [nio-9060-exec-7] o.s.jdbc.datasource.DataSourceUtils      : Fetching JDBC Connection from DataSource
2026-07-27 18:36:02.806 DEBUG 29364 --- [nio-9060-exec-8] o.s.web.servlet.DispatcherServlet        : GET "/cortes-tap/2", parameters={}
2026-07-27 18:36:02.810 DEBUG 29364 --- [nio-9060-exec-8] s.w.s.m.m.a.RequestMappingHandlerMapping : Mapped to com.example.TigoStarSystem.cortetap.controller.CorteTapController#detalle(String, Integer)
2026-07-27 18:36:02.822 DEBUG 29364 --- [nio-9060-exec-8] o.s.jdbc.core.JdbcTemplate               : Executing prepared SQL query
2026-07-27 18:36:02.825 DEBUG 29364 --- [nio-9060-exec-8] o.s.jdbc.core.JdbcTemplate               : Executing prepared SQL statement [SELECT * FROM dbo.tbl_CorteTap WHERE id = ? AND ISNULL(E_Eliminado, 0) = 0]
2026-07-27 18:36:02.826 DEBUG 29364 --- [nio-9060-exec-8] o.s.jdbc.datasource.DataSourceUtils      : Fetching JDBC Connection from DataSource
2026-07-27 18:36:02.959 DEBUG 29364 --- [onnection adder] com.zaxxer.hikari.pool.HikariPool        : CentralHikariPool - Added connection net.sourceforge.jtds.jdbc.JtdsConnection@41bf084
2026-07-27 18:36:03.020 DEBUG 29364 --- [nio-9060-exec-8] o.s.w.s.m.m.a.HttpEntityMethodProcessor  : Using 'application/json', given [application/json, text/plain, */*] and supported [application/json, application/*+json, application/json, application/*+json]
2026-07-27 18:36:03.022 DEBUG 29364 --- [nio-9060-exec-8] o.s.w.s.m.m.a.HttpEntityMethodProcessor  : Writing [com.example.TigoStarSystem.common.ApiResponse@4ef2f83f]
2026-07-27 18:36:03.027 DEBUG 29364 --- [nio-9060-exec-8] o.s.web.servlet.DispatcherServlet        : Completed 200 OK
2026-07-27 18:36:03.269 DEBUG 29364 --- [nio-9060-exec-7] o.s.w.s.m.m.a.HttpEntityMethodProcessor  : Using 'application/json', given [application/json, text/plain, */*] and supported [application/json, application/*+json, application/json, application/*+json]
2026-07-27 18:36:03.271 DEBUG 29364 --- [nio-9060-exec-7] o.s.w.s.m.m.a.HttpEntityMethodProcessor  : Writing [com.example.TigoStarSystem.common.ApiResponse@36e32c74]
2026-07-27 18:36:03.417 DEBUG 29364 --- [nio-9060-exec-7] o.s.web.servlet.DispatcherServlet        : Completed 200 OK
2026-07-27 18:36:05.102 DEBUG 29364 --- [ool housekeeper] com.zaxxer.hikari.pool.HikariPool        : CentralHikariPool - Before cleanup stats (total=2, active=0, idle=2, waiting=0)
2026-07-27 18:36:05.104 DEBUG 29364 --- [ool housekeeper] com.zaxxer.hikari.pool.HikariPool        : CentralHikariPool - After cleanup  stats (total=2, active=0, idle=2, waiting=0)
2026-07-27 18:36:05.105 DEBUG 29364 --- [ool housekeeper] com.zaxxer.hikari.pool.HikariPool        : CentralHikariPool - Fill pool skipped, pool is at sufficient level.
2026-07-27 18:36:05.196 DEBUG 29364 --- [ool housekeeper] com.zaxxer.hikari.pool.HikariPool        : TigoHogarHikariPool - Before cleanup stats (total=0, active=0, idle=0, waiting=0)
2026-07-27 18:36:05.197 DEBUG 29364 --- [ool housekeeper] com.zaxxer.hikari.pool.HikariPool        : TigoHogarHikariPool - After cleanup  stats (total=0, active=0, idle=0, waiting=0)
2026-07-27 18:36:05.198 DEBUG 29364 --- [ool housekeeper] com.zaxxer.hikari.pool.HikariPool        : TigoHogarHikariPool - Fill pool skipped, pool is at sufficient level.
2026-07-27 18:36:11.952 DEBUG 29364 --- [nio-9060-exec-9] o.s.web.servlet.DispatcherServlet        : POST "/auth/login", parameters={}
2026-07-27 18:36:11.953 DEBUG 29364 --- [nio-9060-exec-9] s.w.s.m.m.a.RequestMappingHandlerMapping : Mapped to com.example.TigoStarSystem.auth.controller.AuthController#login(AuthLoginRequest)
2026-07-27 18:36:11.962 DEBUG 29364 --- [nio-9060-exec-9] m.m.a.RequestResponseBodyMethodProcessor : Read "application/json;charset=UTF-8" to [com.example.TigoStarSystem.auth.dto.AuthLoginRequest@466d7bc6]
2026-07-27 18:36:11.992  INFO 29364 --- [nio-9060-exec-9] c.e.T.auth.service.AuthService           : Login attempt usuario=jmejia, idSucursal=9, validarSucursal=false
2026-07-27 18:36:11.998 DEBUG 29364 --- [nio-9060-exec-9] o.s.jdbc.core.JdbcTemplate               : Executing SQL query [EXEC dbo.spx_ObtenerSucursalesConexionWeb]
2026-07-27 18:36:11.999 DEBUG 29364 --- [nio-9060-exec-9] o.s.jdbc.datasource.DataSourceUtils      : Fetching JDBC Connection from DataSource
2026-07-27 18:36:11.999 DEBUG 29364 --- [nio-9060-exec-9] com.zaxxer.hikari.HikariConfig           : HikariPool-1 - configuration:
2026-07-27 18:36:12.001 DEBUG 29364 --- [nio-9060-exec-9] com.zaxxer.hikari.HikariConfig           : allowPoolSuspension................................false
2026-07-27 18:36:12.002 DEBUG 29364 --- [nio-9060-exec-9] com.zaxxer.hikari.HikariConfig           : autoCommit................................true
2026-07-27 18:36:12.004 DEBUG 29364 --- [nio-9060-exec-9] com.zaxxer.hikari.HikariConfig           : catalog................................none
2026-07-27 18:36:12.004 DEBUG 29364 --- [nio-9060-exec-9] com.zaxxer.hikari.HikariConfig           : connectionInitSql................................none
2026-07-27 18:36:12.005 DEBUG 29364 --- [nio-9060-exec-9] com.zaxxer.hikari.HikariConfig           : connectionTestQuery................................"SELECT 1"
2026-07-27 18:36:12.006 DEBUG 29364 --- [nio-9060-exec-9] com.zaxxer.hikari.HikariConfig           : connectionTimeout................................60000
2026-07-27 18:36:12.007 DEBUG 29364 --- [nio-9060-exec-9] com.zaxxer.hikari.HikariConfig           : dataSource................................none
2026-07-27 18:36:12.007 DEBUG 29364 --- [nio-9060-exec-9] com.zaxxer.hikari.HikariConfig           : dataSourceClassName................................none
2026-07-27 18:36:12.008 DEBUG 29364 --- [nio-9060-exec-9] com.zaxxer.hikari.HikariConfig           : dataSourceJNDI................................none
2026-07-27 18:36:12.009 DEBUG 29364 --- [nio-9060-exec-9] com.zaxxer.hikari.HikariConfig           : dataSourceProperties................................{password=<masked>}
2026-07-27 18:36:12.010 DEBUG 29364 --- [nio-9060-exec-9] com.zaxxer.hikari.HikariConfig           : driverClassName................................"net.sourceforge.jtds.jdbc.Driver"
2026-07-27 18:36:12.011 DEBUG 29364 --- [nio-9060-exec-9] com.zaxxer.hikari.HikariConfig           : exceptionOverrideClassName................................none
2026-07-27 18:36:12.012 DEBUG 29364 --- [nio-9060-exec-9] com.zaxxer.hikari.HikariConfig           : healthCheckProperties................................{}
2026-07-27 18:36:12.013 DEBUG 29364 --- [nio-9060-exec-9] com.zaxxer.hikari.HikariConfig           : healthCheckRegistry................................none
2026-07-27 18:36:12.013 DEBUG 29364 --- [nio-9060-exec-9] com.zaxxer.hikari.HikariConfig           : idleTimeout................................300000
2026-07-27 18:36:12.014 DEBUG 29364 --- [nio-9060-exec-9] com.zaxxer.hikari.HikariConfig           : initializationFailTimeout................................-1
2026-07-27 18:36:12.016 DEBUG 29364 --- [nio-9060-exec-9] com.zaxxer.hikari.HikariConfig           : isolateInternalQueries................................false
2026-07-27 18:36:12.018 DEBUG 29364 --- [nio-9060-exec-9] com.zaxxer.hikari.HikariConfig           : jdbcUrl................................jdbc:jtds:sqlserver://tigo.makiro.com.bo/BDSistemaAntenapm
2026-07-27 18:36:12.019 DEBUG 29364 --- [nio-9060-exec-9] com.zaxxer.hikari.HikariConfig           : keepaliveTime................................120000
2026-07-27 18:36:12.019 DEBUG 29364 --- [nio-9060-exec-9] com.zaxxer.hikari.HikariConfig           : leakDetectionThreshold................................0
2026-07-27 18:36:12.020 DEBUG 29364 --- [nio-9060-exec-9] com.zaxxer.hikari.HikariConfig           : maxLifetime................................900000
2026-07-27 18:36:12.021 DEBUG 29364 --- [nio-9060-exec-9] com.zaxxer.hikari.HikariConfig           : maximumPoolSize................................10
2026-07-27 18:36:12.022 DEBUG 29364 --- [nio-9060-exec-9] com.zaxxer.hikari.HikariConfig           : metricRegistry................................none
2026-07-27 18:36:12.023 DEBUG 29364 --- [nio-9060-exec-9] com.zaxxer.hikari.HikariConfig           : metricsTrackerFactory................................none
2026-07-27 18:36:12.025 DEBUG 29364 --- [nio-9060-exec-9] com.zaxxer.hikari.HikariConfig           : minimumIdle................................0
2026-07-27 18:36:12.026 DEBUG 29364 --- [nio-9060-exec-9] com.zaxxer.hikari.HikariConfig           : password................................<masked>
2026-07-27 18:36:12.027 DEBUG 29364 --- [nio-9060-exec-9] com.zaxxer.hikari.HikariConfig           : poolName................................"HikariPool-1"
2026-07-27 18:36:12.027 DEBUG 29364 --- [nio-9060-exec-9] com.zaxxer.hikari.HikariConfig           : readOnly................................false
2026-07-27 18:36:12.028 DEBUG 29364 --- [nio-9060-exec-9] com.zaxxer.hikari.HikariConfig           : registerMbeans................................false
2026-07-27 18:36:12.029 DEBUG 29364 --- [nio-9060-exec-9] com.zaxxer.hikari.HikariConfig           : scheduledExecutor................................none
2026-07-27 18:36:12.030 DEBUG 29364 --- [nio-9060-exec-9] com.zaxxer.hikari.HikariConfig           : schema................................none
2026-07-27 18:36:12.031 DEBUG 29364 --- [nio-9060-exec-9] com.zaxxer.hikari.HikariConfig           : threadFactory................................internal
2026-07-27 18:36:12.032 DEBUG 29364 --- [nio-9060-exec-9] com.zaxxer.hikari.HikariConfig           : transactionIsolation................................default
2026-07-27 18:36:12.033 DEBUG 29364 --- [nio-9060-exec-9] com.zaxxer.hikari.HikariConfig           : username................................"sistemas"
2026-07-27 18:36:12.034 DEBUG 29364 --- [nio-9060-exec-9] com.zaxxer.hikari.HikariConfig           : validationTimeout................................5000
2026-07-27 18:36:12.034  INFO 29364 --- [nio-9060-exec-9] com.zaxxer.hikari.HikariDataSource       : HikariPool-1 - Starting...
2026-07-27 18:36:12.036  INFO 29364 --- [nio-9060-exec-9] com.zaxxer.hikari.HikariDataSource       : HikariPool-1 - Start completed.
2026-07-27 18:36:12.088  INFO 29364 --- [onnection adder] com.zaxxer.hikari.pool.PoolBase          : HikariPool-1 - Driver does not support get/set network timeout for connections. (null)
2026-07-27 18:36:12.093 DEBUG 29364 --- [onnection adder] com.zaxxer.hikari.pool.HikariPool        : HikariPool-1 - Added connection net.sourceforge.jtds.jdbc.JtdsConnection@6495d46c
2026-07-27 18:36:12.104 DEBUG 29364 --- [nio-9060-exec-9] c.e.T.auth.service.AuthService           : Sucursal resolved idSucursal=9, host=tigo.makiro.com.bo, baseDeDatos=BDSistemaAntenaPM
2026-07-27 18:36:12.108 DEBUG 29364 --- [nio-9060-exec-9] c.e.T.auth.service.AuthService           : Login target attempt=1 idSucursal=9, sucursal=SantaCruz, host=tigo.makiro.com.bo, baseDeDatos=BDSistemaAntenaPM
2026-07-27 18:36:12.109 DEBUG 29364 --- [nio-9060-exec-9] c.e.T.auth.service.AuthService           : Creating JDBC connection for sucursal host=tigo.makiro.com.bo baseDeDatos=BDSistemaAntenaPM
2026-07-27 18:36:12.110 DEBUG 29364 --- [nio-9060-exec-9] com.zaxxer.hikari.HikariConfig           : Driver class net.sourceforge.jtds.jdbc.Driver found in Thread context class loader TomcatEmbeddedWebappClassLoader
  context: ROOT
  delegate: true
----------> Parent Classloader:
jdk.internal.loader.ClassLoaders$AppClassLoader@70dea4e

2026-07-27 18:36:12.111 DEBUG 29364 --- [nio-9060-exec-9] com.zaxxer.hikari.HikariConfig           : ConnDb-SantaCruz - configuration:
2026-07-27 18:36:12.114 DEBUG 29364 --- [nio-9060-exec-9] com.zaxxer.hikari.HikariConfig           : allowPoolSuspension................................false
2026-07-27 18:36:12.115 DEBUG 29364 --- [nio-9060-exec-9] com.zaxxer.hikari.HikariConfig           : autoCommit................................true
2026-07-27 18:36:12.116 DEBUG 29364 --- [nio-9060-exec-9] com.zaxxer.hikari.HikariConfig           : catalog................................none
2026-07-27 18:36:12.116 DEBUG 29364 --- [nio-9060-exec-9] com.zaxxer.hikari.HikariConfig           : connectionInitSql................................none
2026-07-27 18:36:12.117 DEBUG 29364 --- [nio-9060-exec-9] com.zaxxer.hikari.HikariConfig           : connectionTestQuery................................"SELECT 1"
2026-07-27 18:36:12.117 DEBUG 29364 --- [nio-9060-exec-9] com.zaxxer.hikari.HikariConfig           : connectionTimeout................................30000
2026-07-27 18:36:12.118 DEBUG 29364 --- [nio-9060-exec-9] com.zaxxer.hikari.HikariConfig           : dataSource................................none
2026-07-27 18:36:12.119 DEBUG 29364 --- [nio-9060-exec-9] com.zaxxer.hikari.HikariConfig           : dataSourceClassName................................none
2026-07-27 18:36:12.120 DEBUG 29364 --- [nio-9060-exec-9] com.zaxxer.hikari.HikariConfig           : dataSourceJNDI................................none
2026-07-27 18:36:12.121 DEBUG 29364 --- [nio-9060-exec-9] com.zaxxer.hikari.HikariConfig           : dataSourceProperties................................{password=<masked>}
2026-07-27 18:36:12.122 DEBUG 29364 --- [nio-9060-exec-9] com.zaxxer.hikari.HikariConfig           : driverClassName................................"net.sourceforge.jtds.jdbc.Driver"
2026-07-27 18:36:12.123 DEBUG 29364 --- [nio-9060-exec-9] com.zaxxer.hikari.HikariConfig           : exceptionOverrideClassName................................none
2026-07-27 18:36:12.124 DEBUG 29364 --- [nio-9060-exec-9] com.zaxxer.hikari.HikariConfig           : healthCheckProperties................................{}
2026-07-27 18:36:12.124 DEBUG 29364 --- [nio-9060-exec-9] com.zaxxer.hikari.HikariConfig           : healthCheckRegistry................................none
2026-07-27 18:36:12.125 DEBUG 29364 --- [nio-9060-exec-9] com.zaxxer.hikari.HikariConfig           : idleTimeout................................600000
2026-07-27 18:36:12.125 DEBUG 29364 --- [nio-9060-exec-9] com.zaxxer.hikari.HikariConfig           : initializationFailTimeout................................-1
2026-07-27 18:36:12.126 DEBUG 29364 --- [nio-9060-exec-9] com.zaxxer.hikari.HikariConfig           : isolateInternalQueries................................false
2026-07-27 18:36:12.127 DEBUG 29364 --- [nio-9060-exec-9] com.zaxxer.hikari.HikariConfig           : jdbcUrl................................jdbc:jtds:sqlserver://tigo.makiro.com.bo/BDSistemaAntenaPM
2026-07-27 18:36:12.129 DEBUG 29364 --- [nio-9060-exec-9] com.zaxxer.hikari.HikariConfig           : keepaliveTime................................0
2026-07-27 18:36:12.129 DEBUG 29364 --- [nio-9060-exec-9] com.zaxxer.hikari.HikariConfig           : leakDetectionThreshold................................0
2026-07-27 18:36:12.130 DEBUG 29364 --- [nio-9060-exec-9] com.zaxxer.hikari.HikariConfig           : maxLifetime................................1800000
2026-07-27 18:36:12.131 DEBUG 29364 --- [nio-9060-exec-9] com.zaxxer.hikari.HikariConfig           : maximumPoolSize................................5
2026-07-27 18:36:12.131 DEBUG 29364 --- [nio-9060-exec-9] com.zaxxer.hikari.HikariConfig           : metricRegistry................................none
2026-07-27 18:36:12.131 DEBUG 29364 --- [nio-9060-exec-9] com.zaxxer.hikari.HikariConfig           : metricsTrackerFactory................................none
2026-07-27 18:36:12.132 DEBUG 29364 --- [nio-9060-exec-9] com.zaxxer.hikari.HikariConfig           : minimumIdle................................0
2026-07-27 18:36:12.132 DEBUG 29364 --- [nio-9060-exec-9] com.zaxxer.hikari.HikariConfig           : password................................<masked>
2026-07-27 18:36:12.133 DEBUG 29364 --- [nio-9060-exec-9] com.zaxxer.hikari.HikariConfig           : poolName................................"ConnDb-SantaCruz"
2026-07-27 18:36:12.134 DEBUG 29364 --- [nio-9060-exec-9] com.zaxxer.hikari.HikariConfig           : readOnly................................false
2026-07-27 18:36:12.135 DEBUG 29364 --- [nio-9060-exec-9] com.zaxxer.hikari.HikariConfig           : registerMbeans................................false
2026-07-27 18:36:12.136 DEBUG 29364 --- [nio-9060-exec-9] com.zaxxer.hikari.HikariConfig           : scheduledExecutor................................none
2026-07-27 18:36:12.137 DEBUG 29364 --- [nio-9060-exec-9] com.zaxxer.hikari.HikariConfig           : schema................................none
2026-07-27 18:36:12.137 DEBUG 29364 --- [nio-9060-exec-9] com.zaxxer.hikari.HikariConfig           : threadFactory................................internal
2026-07-27 18:36:12.137 DEBUG 29364 --- [nio-9060-exec-9] com.zaxxer.hikari.HikariConfig           : transactionIsolation................................default
2026-07-27 18:36:12.138 DEBUG 29364 --- [nio-9060-exec-9] com.zaxxer.hikari.HikariConfig           : username................................"sistemas"
2026-07-27 18:36:12.139 DEBUG 29364 --- [nio-9060-exec-9] com.zaxxer.hikari.HikariConfig           : validationTimeout................................5000
2026-07-27 18:36:12.139 DEBUG 29364 --- [l-1 housekeeper] com.zaxxer.hikari.pool.HikariPool        : HikariPool-1 - Before cleanup stats (total=1, active=0, idle=1, waiting=0)
2026-07-27 18:36:12.141  INFO 29364 --- [nio-9060-exec-9] com.zaxxer.hikari.HikariDataSource       : ConnDb-SantaCruz - Starting...
2026-07-27 18:36:12.141 DEBUG 29364 --- [l-1 housekeeper] com.zaxxer.hikari.pool.HikariPool        : HikariPool-1 - After cleanup  stats (total=1, active=0, idle=1, waiting=0)
2026-07-27 18:36:12.143 DEBUG 29364 --- [l-1 housekeeper] com.zaxxer.hikari.pool.HikariPool        : HikariPool-1 - Fill pool skipped, pool is at sufficient level.
2026-07-27 18:36:12.143  INFO 29364 --- [nio-9060-exec-9] com.zaxxer.hikari.HikariDataSource       : ConnDb-SantaCruz - Start completed.
2026-07-27 18:36:12.144 DEBUG 29364 --- [nio-9060-exec-9] c.e.T.auth.service.AuthService           : Calling SP dbo.spx_ValidarUsuario
2026-07-27 18:36:12.149 DEBUG 29364 --- [nio-9060-exec-9] o.s.jdbc.core.JdbcTemplate               : Executing prepared SQL query
2026-07-27 18:36:12.150 DEBUG 29364 --- [nio-9060-exec-9] o.s.jdbc.core.JdbcTemplate               : Executing prepared SQL statement [EXEC dbo.spx_ValidarUsuario ?, ?]
2026-07-27 18:36:12.150 DEBUG 29364 --- [nio-9060-exec-9] o.s.jdbc.datasource.DataSourceUtils      : Fetching JDBC Connection from DataSource
2026-07-27 18:36:12.226  INFO 29364 --- [onnection adder] com.zaxxer.hikari.pool.PoolBase          : ConnDb-SantaCruz - Driver does not support get/set network timeout for connections. (null)
2026-07-27 18:36:12.233 DEBUG 29364 --- [onnection adder] com.zaxxer.hikari.pool.HikariPool        : ConnDb-SantaCruz - Added connection net.sourceforge.jtds.jdbc.JtdsConnection@5016ed52
2026-07-27 18:36:12.247 DEBUG 29364 --- [ruz housekeeper] com.zaxxer.hikari.pool.HikariPool        : ConnDb-SantaCruz - Before cleanup stats (total=1, active=1, idle=0, waiting=0)
2026-07-27 18:36:12.248 DEBUG 29364 --- [ruz housekeeper] com.zaxxer.hikari.pool.HikariPool        : ConnDb-SantaCruz - After cleanup  stats (total=1, active=1, idle=0, waiting=0)
2026-07-27 18:36:12.248 DEBUG 29364 --- [ruz housekeeper] com.zaxxer.hikari.pool.HikariPool        : ConnDb-SantaCruz - Fill pool skipped, pool is at sufficient level.
2026-07-27 18:36:12.251 DEBUG 29364 --- [nio-9060-exec-9] c.e.T.auth.service.AuthService           : Login SP returned 1 rows
2026-07-27 18:36:12.267  INFO 29364 --- [nio-9060-exec-9] c.e.T.auth.controller.AuthController     : User {} logged in successfully.
2026-07-27 18:36:12.270 DEBUG 29364 --- [nio-9060-exec-9] o.s.w.s.m.m.a.HttpEntityMethodProcessor  : Using 'application/json', given [*/*] and supported [application/json, application/*+json, application/json, application/*+json]
2026-07-27 18:36:12.271 DEBUG 29364 --- [nio-9060-exec-9] o.s.w.s.m.m.a.HttpEntityMethodProcessor  : Writing [com.example.TigoStarSystem.common.ApiResponse@6b6d3a]
2026-07-27 18:36:12.276 DEBUG 29364 --- [nio-9060-exec-9] o.s.web.servlet.DispatcherServlet        : Completed 200 OK
2026-07-27 18:36:12.347 DEBUG 29364 --- [io-9060-exec-10] o.s.web.servlet.DispatcherServlet        : POST "/cortes-tap", parameters={}
2026-07-27 18:36:12.348 DEBUG 29364 --- [io-9060-exec-10] s.w.s.m.m.a.RequestMappingHandlerMapping : Mapped to com.example.TigoStarSystem.cortetap.controller.CorteTapController#crear(String, CorteTapCrearRequest)
2026-07-27 18:36:12.353 DEBUG 29364 --- [io-9060-exec-10] m.m.a.RequestResponseBodyMethodProcessor : Read "application/json;charset=UTF-8" to [com.example.TigoStarSystem.cortetap.dto.CorteTapCrearRequest@40ee4c73]
2026-07-27 18:36:12.379 DEBUG 29364 --- [io-9060-exec-10] .m.m.a.ExceptionHandlerExceptionResolver : Using @ExceptionHandler com.example.TigoStarSystem.common.GlobalExceptionHandler#handleValidation(MethodArgumentNotValidException, HttpServletRequest)
2026-07-27 18:36:12.386 DEBUG 29364 --- [io-9060-exec-10] o.s.w.s.m.m.a.HttpEntityMethodProcessor  : Using 'application/json', given [*/*] and supported [application/json, application/*+json, application/json, application/*+json]
2026-07-27 18:36:12.387 DEBUG 29364 --- [io-9060-exec-10] o.s.w.s.m.m.a.HttpEntityMethodProcessor  : Writing [com.example.TigoStarSystem.common.ApiError@19c0502c]
2026-07-27 18:36:12.389 DEBUG 29364 --- [io-9060-exec-10] .m.m.a.ExceptionHandlerExceptionResolver : Resolved [org.springframework.web.bind.MethodArgumentNotValidException: Validation failed for argument [1] in public org.springframework.http.ResponseEntity<com.example.TigoStarSystem.common.ApiResponse<java.util.Map<java.lang.String, java.lang.Object>>> com.example.TigoStarSystem.cortetap.controller.CorteTapController.crear(java.lang.String,com.example.TigoStarSystem.cortetap.dto.CorteTapCrearRequest): [Field error in object 'corteTapCrearRequest' on field 'nodoTapBoca': rejected value [null]; codes [NotBlank.corteTapCrearRequest.nodoTapBoca,NotBlank.nodoTapBoca,NotBlank.java.lang.String,NotBlank]; arguments [org.springframework.context.support.DefaultMessageSourceResolvable: codes [corteTapCrearRequest.nodoTapBoca,nodoTapBoca]; arguments []; default message [nodoTapBoca]]; default message [nodoTapBoca es requerido]] ]
2026-07-27 18:36:12.389 DEBUG 29364 --- [io-9060-exec-10] o.s.web.servlet.DispatcherServlet        : Completed 400 BAD_REQUEST
2026-07-27 18:36:35.109 DEBUG 29364 --- [ool housekeeper] com.zaxxer.hikari.pool.HikariPool        : CentralHikariPool - Before cleanup stats (total=2, active=0, idle=2, waiting=0)
2026-07-27 18:36:35.110 DEBUG 29364 --- [ool housekeeper] com.zaxxer.hikari.pool.HikariPool        : CentralHikariPool - After cleanup  stats (total=2, active=0, idle=2, waiting=0)
2026-07-27 18:36:35.110 DEBUG 29364 --- [ool housekeeper] com.zaxxer.hikari.pool.HikariPool        : CentralHikariPool - Fill pool skipped, pool is at sufficient level.
2026-07-27 18:36:35.200 DEBUG 29364 --- [ool housekeeper] com.zaxxer.hikari.pool.HikariPool        : TigoHogarHikariPool - Before cleanup stats (total=0, active=0, idle=0, waiting=0)
2026-07-27 18:36:35.200 DEBUG 29364 --- [ool housekeeper] com.zaxxer.hikari.pool.HikariPool        : TigoHogarHikariPool - After cleanup  stats (total=0, active=0, idle=0, waiting=0)
2026-07-27 18:36:35.201 DEBUG 29364 --- [ool housekeeper] com.zaxxer.hikari.pool.HikariPool        : TigoHogarHikariPool - Fill pool skipped, pool is at sufficient level.
2026-07-27 18:36:42.151 DEBUG 29364 --- [l-1 housekeeper] com.zaxxer.hikari.pool.HikariPool        : HikariPool-1 - Before cleanup stats (total=1, active=0, idle=1, waiting=0)
2026-07-27 18:36:42.152 DEBUG 29364 --- [l-1 housekeeper] com.zaxxer.hikari.pool.HikariPool        : HikariPool-1 - After cleanup  stats (total=1, active=0, idle=1, waiting=0)
2026-07-27 18:36:42.152 DEBUG 29364 --- [l-1 housekeeper] com.zaxxer.hikari.pool.HikariPool        : HikariPool-1 - Fill pool skipped, pool is at sufficient level.
2026-07-27 18:36:42.259 DEBUG 29364 --- [ruz housekeeper] com.zaxxer.hikari.pool.HikariPool        : ConnDb-SantaCruz - Before cleanup stats (total=1, active=0, idle=1, waiting=0)
2026-07-27 18:36:42.259 DEBUG 29364 --- [ruz housekeeper] com.zaxxer.hikari.pool.HikariPool        : ConnDb-SantaCruz - After cleanup  stats (total=1, active=0, idle=1, waiting=0)
2026-07-27 18:36:42.260 DEBUG 29364 --- [ruz housekeeper] com.zaxxer.hikari.pool.HikariPool        : ConnDb-SantaCruz - Fill pool skipped, pool is at sufficient level.
2026-07-27 18:37:03.775 DEBUG 29364 --- [nio-9060-exec-1] o.s.web.servlet.DispatcherServlet        : GET "/cortes-tap", parameters={}
2026-07-27 18:37:03.776 DEBUG 29364 --- [nio-9060-exec-1] s.w.s.m.m.a.RequestMappingHandlerMapping : Mapped to com.example.TigoStarSystem.cortetap.controller.CorteTapController#listar(String)
2026-07-27 18:37:03.782 DEBUG 29364 --- [nio-9060-exec-1] o.s.jdbc.core.JdbcTemplate               : Executing SQL query [EXEC dbo.spx_ListaCorteTAP]
2026-07-27 18:37:03.782 DEBUG 29364 --- [nio-9060-exec-1] o.s.jdbc.datasource.DataSourceUtils      : Fetching JDBC Connection from DataSource
2026-07-27 18:37:04.297 DEBUG 29364 --- [nio-9060-exec-1] o.s.w.s.m.m.a.HttpEntityMethodProcessor  : Using 'application/json', given [application/json, text/plain, */*] and supported [application/json, application/*+json, application/json, application/*+json]
2026-07-27 18:37:04.297 DEBUG 29364 --- [nio-9060-exec-1] o.s.w.s.m.m.a.HttpEntityMethodProcessor  : Writing [com.example.TigoStarSystem.common.ApiResponse@ec7cfac]
2026-07-27 18:37:04.321 DEBUG 29364 --- [nio-9060-exec-1] o.s.web.servlet.DispatcherServlet        : Completed 200 OK
2026-07-27 18:37:05.125 DEBUG 29364 --- [ool housekeeper] com.zaxxer.hikari.pool.HikariPool        : CentralHikariPool - Before cleanup stats (total=2, active=0, idle=2, waiting=0)
2026-07-27 18:37:05.127 DEBUG 29364 --- [ool housekeeper] com.zaxxer.hikari.pool.HikariPool        : CentralHikariPool - After cleanup  stats (total=2, active=0, idle=2, waiting=0)
2026-07-27 18:37:05.127 DEBUG 29364 --- [ool housekeeper] com.zaxxer.hikari.pool.HikariPool        : CentralHikariPool - Fill pool skipped, pool is at sufficient level.
2026-07-27 18:37:05.202 DEBUG 29364 --- [ool housekeeper] com.zaxxer.hikari.pool.HikariPool        : TigoHogarHikariPool - Before cleanup stats (total=0, active=0, idle=0, waiting=0)
2026-07-27 18:37:05.203 DEBUG 29364 --- [ool housekeeper] com.zaxxer.hikari.pool.HikariPool        : TigoHogarHikariPool - After cleanup  stats (total=0, active=0, idle=0, waiting=0)
2026-07-27 18:37:05.203 DEBUG 29364 --- [ool housekeeper] com.zaxxer.hikari.pool.HikariPool        : TigoHogarHikariPool - Fill pool skipped, pool is at sufficient level.
2026-07-27 18:37:12.156 DEBUG 29364 --- [l-1 housekeeper] com.zaxxer.hikari.pool.HikariPool        : HikariPool-1 - Before cleanup stats (total=1, active=0, idle=1, waiting=0)
2026-07-27 18:37:12.157 DEBUG 29364 --- [l-1 housekeeper] com.zaxxer.hikari.pool.HikariPool        : HikariPool-1 - After cleanup  stats (total=1, active=0, idle=1, waiting=0)
2026-07-27 18:37:12.157 DEBUG 29364 --- [l-1 housekeeper] com.zaxxer.hikari.pool.HikariPool        : HikariPool-1 - Fill pool skipped, pool is at sufficient level.
2026-07-27 18:37:12.265 DEBUG 29364 --- [ruz housekeeper] com.zaxxer.hikari.pool.HikariPool        : ConnDb-SantaCruz - Before cleanup stats (total=1, active=0, idle=1, waiting=0)
2026-07-27 18:37:12.266 DEBUG 29364 --- [ruz housekeeper] com.zaxxer.hikari.pool.HikariPool        : ConnDb-SantaCruz - After cleanup  stats (total=1, active=0, idle=1, waiting=0)
2026-07-27 18:37:12.266 DEBUG 29364 --- [ruz housekeeper] com.zaxxer.hikari.pool.HikariPool        : ConnDb-SantaCruz - Fill pool skipped, pool is at sufficient level.
2026-07-27 18:37:17.652 DEBUG 29364 --- [nio-9060-exec-2] o.s.web.servlet.DispatcherServlet        : POST "/auth/login", parameters={}
2026-07-27 18:37:17.654 DEBUG 29364 --- [nio-9060-exec-2] s.w.s.m.m.a.RequestMappingHandlerMapping : Mapped to com.example.TigoStarSystem.auth.controller.AuthController#login(AuthLoginRequest)
2026-07-27 18:37:17.656 DEBUG 29364 --- [nio-9060-exec-2] m.m.a.RequestResponseBodyMethodProcessor : Read "application/json;charset=UTF-8" to [com.example.TigoStarSystem.auth.dto.AuthLoginRequest@75662fce]
2026-07-27 18:37:17.657  INFO 29364 --- [nio-9060-exec-2] c.e.T.auth.service.AuthService           : Login attempt usuario=jmejia, idSucursal=9, validarSucursal=false
2026-07-27 18:37:17.657 DEBUG 29364 --- [nio-9060-exec-2] o.s.jdbc.core.JdbcTemplate               : Executing SQL query [EXEC dbo.spx_ObtenerSucursalesConexionWeb]
2026-07-27 18:37:17.657 DEBUG 29364 --- [nio-9060-exec-2] o.s.jdbc.datasource.DataSourceUtils      : Fetching JDBC Connection from DataSource
2026-07-27 18:37:17.808 DEBUG 29364 --- [nio-9060-exec-2] c.e.T.auth.service.AuthService           : Sucursal resolved idSucursal=9, host=tigo.makiro.com.bo, baseDeDatos=BDSistemaAntenaPM
2026-07-27 18:37:17.809 DEBUG 29364 --- [nio-9060-exec-2] c.e.T.auth.service.AuthService           : Login target attempt=1 idSucursal=9, sucursal=SantaCruz, host=tigo.makiro.com.bo, baseDeDatos=BDSistemaAntenaPM
2026-07-27 18:37:17.809 DEBUG 29364 --- [nio-9060-exec-2] c.e.T.auth.service.AuthService           : Creating JDBC connection for sucursal host=tigo.makiro.com.bo baseDeDatos=BDSistemaAntenaPM
2026-07-27 18:37:17.810 DEBUG 29364 --- [nio-9060-exec-2] c.e.T.auth.service.AuthService           : Calling SP dbo.spx_ValidarUsuario
2026-07-27 18:37:17.810 DEBUG 29364 --- [nio-9060-exec-2] o.s.jdbc.core.JdbcTemplate               : Executing prepared SQL query
2026-07-27 18:37:17.810 DEBUG 29364 --- [nio-9060-exec-2] o.s.jdbc.core.JdbcTemplate               : Executing prepared SQL statement [EXEC dbo.spx_ValidarUsuario ?, ?]
2026-07-27 18:37:17.811 DEBUG 29364 --- [nio-9060-exec-2] o.s.jdbc.datasource.DataSourceUtils      : Fetching JDBC Connection from DataSource
2026-07-27 18:37:17.937 DEBUG 29364 --- [nio-9060-exec-2] c.e.T.auth.service.AuthService           : Login SP returned 1 rows
2026-07-27 18:37:17.941  INFO 29364 --- [nio-9060-exec-2] c.e.T.auth.controller.AuthController     : User {} logged in successfully.
2026-07-27 18:37:17.942 DEBUG 29364 --- [nio-9060-exec-2] o.s.w.s.m.m.a.HttpEntityMethodProcessor  : Using 'application/json', given [*/*] and supported [application/json, application/*+json, application/json, application/*+json]
2026-07-27 18:37:17.942 DEBUG 29364 --- [nio-9060-exec-2] o.s.w.s.m.m.a.HttpEntityMethodProcessor  : Writing [com.example.TigoStarSystem.common.ApiResponse@66da243a]
2026-07-27 18:37:17.945 DEBUG 29364 --- [nio-9060-exec-2] o.s.web.servlet.DispatcherServlet        : Completed 200 OK
2026-07-27 18:37:17.963 DEBUG 29364 --- [nio-9060-exec-3] o.s.web.servlet.DispatcherServlet        : GET "/cortes-tap/3", parameters={}
2026-07-27 18:37:17.964 DEBUG 29364 --- [nio-9060-exec-3] s.w.s.m.m.a.RequestMappingHandlerMapping : Mapped to com.example.TigoStarSystem.cortetap.controller.CorteTapController#detalle(String, Integer)
2026-07-27 18:37:17.970 DEBUG 29364 --- [nio-9060-exec-3] o.s.jdbc.core.JdbcTemplate               : Executing prepared SQL query
2026-07-27 18:37:17.971 DEBUG 29364 --- [nio-9060-exec-3] o.s.jdbc.core.JdbcTemplate               : Executing prepared SQL statement [SELECT * FROM dbo.tbl_CorteTap WHERE id = ? AND ISNULL(E_Eliminado, 0) = 0]
2026-07-27 18:37:17.972 DEBUG 29364 --- [nio-9060-exec-3] o.s.jdbc.datasource.DataSourceUtils      : Fetching JDBC Connection from DataSource
2026-07-27 18:37:18.113 DEBUG 29364 --- [nio-9060-exec-3] o.s.jdbc.core.JdbcTemplate               : Executing SQL query [EXEC dbo.spx_ObtenerSucursalesConexionWeb]
2026-07-27 18:37:18.114 DEBUG 29364 --- [nio-9060-exec-3] o.s.jdbc.datasource.DataSourceUtils      : Fetching JDBC Connection from DataSource
2026-07-27 18:37:18.218 DEBUG 29364 --- [nio-9060-exec-3] o.s.j.d.DriverManagerDataSource          : Loaded JDBC driver: net.sourceforge.jtds.jdbc.Driver
2026-07-27 18:37:18.219 DEBUG 29364 --- [nio-9060-exec-3] o.s.jdbc.core.JdbcTemplate               : Executing prepared SQL query
2026-07-27 18:37:18.219 DEBUG 29364 --- [nio-9060-exec-3] o.s.jdbc.core.JdbcTemplate               : Executing prepared SQL statement [SELECT DISTINCT CAST(ut.id_vendedor AS INT) AS id_vendedor FROM dbo.tbl_usuariotecnico ut WHERE ut.id_usuario = ? AND ISNULL(ut.e_eliminado, 0) = 0]
2026-07-27 18:37:18.220 DEBUG 29364 --- [nio-9060-exec-3] o.s.jdbc.datasource.DataSourceUtils      : Fetching JDBC Connection from DataSource
2026-07-27 18:37:18.221 DEBUG 29364 --- [nio-9060-exec-3] o.s.j.d.DriverManagerDataSource          : Creating new JDBC DriverManager Connection to [jdbc:jtds:sqlserver://tigo.makiro.com.bo/BDSistemaAntenaPM]
2026-07-27 18:37:18.488 DEBUG 29364 --- [nio-9060-exec-3] o.s.w.s.m.m.a.HttpEntityMethodProcessor  : Using 'application/json', given [*/*] and supported [application/json, application/*+json, application/json, application/*+json]
2026-07-27 18:37:18.489 DEBUG 29364 --- [nio-9060-exec-3] o.s.w.s.m.m.a.HttpEntityMethodProcessor  : Writing [com.example.TigoStarSystem.common.ApiResponse@115fb98e]
2026-07-27 18:37:18.490 DEBUG 29364 --- [nio-9060-exec-3] o.s.web.servlet.DispatcherServlet        : Completed 200 OK
2026-07-27 18:37:20.847 DEBUG 29364 --- [nio-9060-exec-5] o.s.web.servlet.DispatcherServlet        : GET "/cortes-tap/3", parameters={}
2026-07-27 18:37:20.851 DEBUG 29364 --- [nio-9060-exec-5] s.w.s.m.m.a.RequestMappingHandlerMapping : Mapped to com.example.TigoStarSystem.cortetap.controller.CorteTapController#detalle(String, Integer)
2026-07-27 18:37:20.858 DEBUG 29364 --- [nio-9060-exec-5] o.s.jdbc.core.JdbcTemplate               : Executing prepared SQL query
2026-07-27 18:37:20.858 DEBUG 29364 --- [nio-9060-exec-5] o.s.jdbc.core.JdbcTemplate               : Executing prepared SQL statement [SELECT * FROM dbo.tbl_CorteTap WHERE id = ? AND ISNULL(E_Eliminado, 0) = 0]
2026-07-27 18:37:20.859 DEBUG 29364 --- [nio-9060-exec-5] o.s.jdbc.datasource.DataSourceUtils      : Fetching JDBC Connection from DataSource
2026-07-27 18:37:21.037 DEBUG 29364 --- [nio-9060-exec-5] o.s.w.s.m.m.a.HttpEntityMethodProcessor  : Using 'application/json', given [application/json, text/plain, */*] and supported [application/json, application/*+json, application/json, application/*+json]
2026-07-27 18:37:21.039 DEBUG 29364 --- [nio-9060-exec-5] o.s.w.s.m.m.a.HttpEntityMethodProcessor  : Writing [com.example.TigoStarSystem.common.ApiResponse@77070ebe]
2026-07-27 18:37:21.040 DEBUG 29364 --- [nio-9060-exec-5] o.s.web.servlet.DispatcherServlet        : Completed 200 OK
2026-07-27 18:37:24.848 DEBUG 29364 --- [nio-9060-exec-6] o.s.web.servlet.DispatcherServlet        : PUT "/cortes-tap/3/digitacion", parameters={}
2026-07-27 18:37:24.849 DEBUG 29364 --- [nio-9060-exec-6] s.w.s.m.m.a.RequestMappingHandlerMapping : Mapped to com.example.TigoStarSystem.cortetap.controller.CorteTapController#guardarDigitacion(String, Integer, CorteTapDigitacionRequest)
2026-07-27 18:37:24.851 DEBUG 29364 --- [nio-9060-exec-6] m.m.a.RequestResponseBodyMethodProcessor : Read "application/json;charset=UTF-8" to [com.example.TigoStarSystem.cortetap.dto.CorteTapDigitacionRequest@25d7a4c5]
2026-07-27 18:37:24.854 DEBUG 29364 --- [nio-9060-exec-6] o.s.jdbc.core.JdbcTemplate               : Executing prepared SQL query
2026-07-27 18:37:24.855 DEBUG 29364 --- [nio-9060-exec-6] o.s.jdbc.core.JdbcTemplate               : Executing prepared SQL statement [SELECT * FROM dbo.tbl_CorteTap WHERE id = ? AND ISNULL(E_Eliminado, 0) = 0]
2026-07-27 18:37:24.855 DEBUG 29364 --- [nio-9060-exec-6] o.s.jdbc.datasource.DataSourceUtils      : Fetching JDBC Connection from DataSource
2026-07-27 18:37:24.863 DEBUG 29364 --- [nio-9060-exec-6] o.s.jdbc.core.JdbcTemplate               : Executing prepared SQL query
2026-07-27 18:37:24.864 DEBUG 29364 --- [nio-9060-exec-6] o.s.jdbc.core.JdbcTemplate               : Executing prepared SQL statement [SELECT TOP 1 Nodos_Asociados, Distrito, Zona FROM dbo.tbl_Nodo_Zona WHERE ISNULL(E_Eliminado, 0) = 0 AND UPPER(LTRIM(RTRIM(Nodos_Asociados))) = UPPER(?) ORDER BY id]
2026-07-27 18:37:24.864 DEBUG 29364 --- [nio-9060-exec-6] o.s.jdbc.datasource.DataSourceUtils      : Fetching JDBC Connection from DataSource
2026-07-27 18:37:24.869 DEBUG 29364 --- [nio-9060-exec-6] o.s.jdbc.core.JdbcTemplate               : Executing prepared SQL query
2026-07-27 18:37:24.869 DEBUG 29364 --- [nio-9060-exec-6] o.s.jdbc.core.JdbcTemplate               : Executing prepared SQL statement [SELECT TOP 1 Nodos_Asociados, Distrito, Zona, DistritoNuevo FROM dbo.tbl_Nodo_Distrito WHERE ISNULL(E_Eliminado, 0) = 0 AND UPPER(LTRIM(RTRIM(Nodos_Asociados))) = UPPER(?) AND UPPER(LTRIM(RTRIM(Zona))) = UPPER(?) ORDER BY id]
2026-07-27 18:37:24.870 DEBUG 29364 --- [nio-9060-exec-6] o.s.jdbc.datasource.DataSourceUtils      : Fetching JDBC Connection from DataSource
2026-07-27 18:37:24.875 DEBUG 29364 --- [nio-9060-exec-6] o.s.jdbc.core.JdbcTemplate               : Executing prepared SQL update
2026-07-27 18:37:24.876 DEBUG 29364 --- [nio-9060-exec-6] o.s.jdbc.core.JdbcTemplate               : Executing prepared SQL statement [UPDATE dbo.tbl_CorteTap SET Zona_HFC_D2 = ?, Zona_D2 = ?, Distrito_D2 = ?, UsuarioDig_D2 = ?, FechaRegDig_D2 = GETDATE() WHERE id = ? AND ISNULL(E_Eliminado, 0) = 0 AND UPPER(ISNULL(Estado, '')) NOT IN ('EJECUTADA', 'FINALIZADO')]
2026-07-27 18:37:24.876 DEBUG 29364 --- [nio-9060-exec-6] o.s.jdbc.datasource.DataSourceUtils      : Fetching JDBC Connection from DataSource
2026-07-27 18:37:24.880 DEBUG 29364 --- [nio-9060-exec-6] o.s.jdbc.core.JdbcTemplate               : Executing prepared SQL query
2026-07-27 18:37:24.881 DEBUG 29364 --- [nio-9060-exec-6] o.s.jdbc.core.JdbcTemplate               : Executing prepared SQL statement [SELECT * FROM dbo.tbl_CorteTap WHERE id = ? AND ISNULL(E_Eliminado, 0) = 0]
2026-07-27 18:37:24.881 DEBUG 29364 --- [nio-9060-exec-6] o.s.jdbc.datasource.DataSourceUtils      : Fetching JDBC Connection from DataSource
2026-07-27 18:37:24.886 DEBUG 29364 --- [nio-9060-exec-6] o.s.w.s.m.m.a.HttpEntityMethodProcessor  : Using 'application/json', given [application/json, text/plain, */*] and supported [application/json, application/*+json, application/json, application/*+json]
2026-07-27 18:37:24.887 DEBUG 29364 --- [nio-9060-exec-6] o.s.w.s.m.m.a.HttpEntityMethodProcessor  : Writing [com.example.TigoStarSystem.common.ApiResponse@3b5b3540]
2026-07-27 18:37:24.888 DEBUG 29364 --- [nio-9060-exec-6] o.s.web.servlet.DispatcherServlet        : Completed 200 OK
2026-07-27 18:37:25.099 DEBUG 29364 --- [nio-9060-exec-8] o.s.web.servlet.DispatcherServlet        : GET "/cortes-tap", parameters={}
2026-07-27 18:37:25.100 DEBUG 29364 --- [nio-9060-exec-8] s.w.s.m.m.a.RequestMappingHandlerMapping : Mapped to com.example.TigoStarSystem.cortetap.controller.CorteTapController#listar(String)
2026-07-27 18:37:25.109 DEBUG 29364 --- [nio-9060-exec-8] o.s.jdbc.core.JdbcTemplate               : Executing SQL query [EXEC dbo.spx_ListaCorteTAP]
2026-07-27 18:37:25.110 DEBUG 29364 --- [nio-9060-exec-8] o.s.jdbc.datasource.DataSourceUtils      : Fetching JDBC Connection from DataSource
2026-07-27 18:37:25.210 DEBUG 29364 --- [nio-9060-exec-7] o.s.web.servlet.DispatcherServlet        : GET "/cortes-tap/3", parameters={}
2026-07-27 18:37:25.213 DEBUG 29364 --- [nio-9060-exec-7] s.w.s.m.m.a.RequestMappingHandlerMapping : Mapped to com.example.TigoStarSystem.cortetap.controller.CorteTapController#detalle(String, Integer)
2026-07-27 18:37:25.221 DEBUG 29364 --- [nio-9060-exec-7] o.s.jdbc.core.JdbcTemplate               : Executing prepared SQL query
2026-07-27 18:37:25.223 DEBUG 29364 --- [nio-9060-exec-7] o.s.jdbc.core.JdbcTemplate               : Executing prepared SQL statement [SELECT * FROM dbo.tbl_CorteTap WHERE id = ? AND ISNULL(E_Eliminado, 0) = 0]
2026-07-27 18:37:25.224 DEBUG 29364 --- [nio-9060-exec-7] o.s.jdbc.datasource.DataSourceUtils      : Fetching JDBC Connection from DataSource
2026-07-27 18:37:25.256 DEBUG 29364 --- [nio-9060-exec-7] o.s.w.s.m.m.a.HttpEntityMethodProcessor  : Using 'application/json', given [application/json, text/plain, */*] and supported [application/json, application/*+json, application/json, application/*+json]
2026-07-27 18:37:25.258 DEBUG 29364 --- [nio-9060-exec-7] o.s.w.s.m.m.a.HttpEntityMethodProcessor  : Writing [com.example.TigoStarSystem.common.ApiResponse@64bf6f6f]
2026-07-27 18:37:25.261 DEBUG 29364 --- [nio-9060-exec-7] o.s.web.servlet.DispatcherServlet        : Completed 200 OK
2026-07-27 18:37:25.703 DEBUG 29364 --- [nio-9060-exec-8] o.s.w.s.m.m.a.HttpEntityMethodProcessor  : Using 'application/json', given [application/json, text/plain, */*] and supported [application/json, application/*+json, application/json, application/*+json]
2026-07-27 18:37:25.705 DEBUG 29364 --- [nio-9060-exec-8] o.s.w.s.m.m.a.HttpEntityMethodProcessor  : Writing [com.example.TigoStarSystem.common.ApiResponse@c662d1]
2026-07-27 18:37:25.762 DEBUG 29364 --- [nio-9060-exec-8] o.s.web.servlet.DispatcherServlet        : Completed 200 OK
