
  .   ____          _            __ _ _
 /\\ / ___'_ __ _ _(_)_ __  __ _ \ \ \ \
( ( )\___ | '_ | '_| | '_ \/ _` | \ \ \ \
 \\/  ___)| |_)| | | | | || (_| |  ) ) ) )
  '  |____| .__|_| |_|_| |_\__, | / / / /
 =========|_|==============|___/=/_/_/_/
 :: Spring Boot ::               (v2.7.18)

2026-08-04 18:16:25.188  INFO 10992 --- [           main] c.e.T.TigoStarSystemApplication          : Starting TigoStarSystemApplication v0.0.1-SNAPSHOT using Java 1.8.0_362 on JOSUEUPB with PID 10992 (C:\Users\JOSUE CABRERA\Downloads\backot-back01062026\target\TigoStarSystem-generated.jar started by JOSUE CABRERA in C:\Users\JOSUE CABRERA\Downloads\backot-back01062026)
2026-08-04 18:16:25.193 DEBUG 10992 --- [           main] c.e.T.TigoStarSystemApplication          : Running with Spring Boot v2.7.18, Spring v5.3.31
2026-08-04 18:16:25.195  INFO 10992 --- [           main] c.e.T.TigoStarSystemApplication          : The following 1 profile is active: "jtds"
2026-08-04 18:16:25.196 DEBUG 10992 --- [           main] o.s.boot.SpringApplication               : Loading source class com.example.TigoStarSystem.TigoStarSystemApplication
2026-08-04 18:16:25.273 DEBUG 10992 --- [           main] ConfigServletWebServerApplicationContext : Refreshing org.springframework.boot.web.servlet.context.AnnotationConfigServletWebServerApplicationContext@5ae9a829
2026-08-04 18:16:28.284 DEBUG 10992 --- [           main] .s.b.w.e.t.TomcatServletWebServerFactory : Code archive: C:\Users\JOSUE CABRERA\Downloads\backot-back01062026\target\TigoStarSystem-generated.jar
2026-08-04 18:16:28.290 DEBUG 10992 --- [           main] .s.b.w.e.t.TomcatServletWebServerFactory : Code archive: C:\Users\JOSUE CABRERA\Downloads\backot-back01062026\target\TigoStarSystem-generated.jar
2026-08-04 18:16:28.291 DEBUG 10992 --- [           main] .s.b.w.e.t.TomcatServletWebServerFactory : None of the document roots [src/main/webapp, public, static] point to a directory and will be ignored.
2026-08-04 18:16:28.353  INFO 10992 --- [           main] o.s.b.w.embedded.tomcat.TomcatWebServer  : Tomcat initialized with port(s): 9060 (http)
2026-08-04 18:16:28.373  INFO 10992 --- [           main] o.apache.catalina.core.StandardService   : Starting service [Tomcat]
2026-08-04 18:16:28.374  INFO 10992 --- [           main] org.apache.catalina.core.StandardEngine  : Starting Servlet engine: [Apache Tomcat/9.0.83]
2026-08-04 18:16:28.641  INFO 10992 --- [           main] o.a.c.c.C.[Tomcat].[localhost].[/]       : Initializing Spring embedded WebApplicationContext
2026-08-04 18:16:28.643 DEBUG 10992 --- [           main] w.s.c.ServletWebServerApplicationContext : Published root WebApplicationContext as ServletContext attribute with name [org.springframework.web.context.WebApplicationContext.ROOT]
2026-08-04 18:16:28.644  INFO 10992 --- [           main] w.s.c.ServletWebServerApplicationContext : Root WebApplicationContext: initialization completed in 3371 ms
2026-08-04 18:16:28.756 DEBUG 10992 --- [           main] o.s.b.w.s.ServletContextInitializerBeans : Mapping filters: filterRegistrationBean urls=[/*] order=-2147483648, characterEncodingFilter urls=[/*] order=-2147483648, formContentFilter urls=[/*] order=-9900, requestContextFilter urls=[/*] order=-105
2026-08-04 18:16:28.757 DEBUG 10992 --- [           main] o.s.b.w.s.ServletContextInitializerBeans : Mapping servlets: dispatcherServlet urls=[/]
2026-08-04 18:16:28.829 DEBUG 10992 --- [           main] o.s.b.w.s.f.OrderedRequestContextFilter  : Filter 'requestContextFilter' configured for use
2026-08-04 18:16:28.831 DEBUG 10992 --- [           main] o.springframework.web.filter.CorsFilter  : Filter 'corsFilter' configured for use
2026-08-04 18:16:28.832 DEBUG 10992 --- [           main] s.b.w.s.f.OrderedCharacterEncodingFilter : Filter 'characterEncodingFilter' configured for use
2026-08-04 18:16:28.834 DEBUG 10992 --- [           main] o.s.b.w.s.f.OrderedFormContentFilter     : Filter 'formContentFilter' configured for use
2026-08-04 18:16:28.895 DEBUG 10992 --- [           main] com.zaxxer.hikari.HikariConfig           : Driver class net.sourceforge.jtds.jdbc.Driver found in Thread context class loader org.springframework.boot.loader.LaunchedURLClassLoader@6433a2
2026-08-04 18:16:29.079 DEBUG 10992 --- [           main] com.zaxxer.hikari.HikariConfig           : Driver class net.sourceforge.jtds.jdbc.Driver found in Thread context class loader org.springframework.boot.loader.LaunchedURLClassLoader@6433a2
2026-08-04 18:16:29.081 DEBUG 10992 --- [           main] com.zaxxer.hikari.HikariConfig           : CentralHikariPool - configuration:
2026-08-04 18:16:29.085 DEBUG 10992 --- [           main] com.zaxxer.hikari.HikariConfig           : allowPoolSuspension................................false
2026-08-04 18:16:29.086 DEBUG 10992 --- [           main] com.zaxxer.hikari.HikariConfig           : autoCommit................................true
2026-08-04 18:16:29.087 DEBUG 10992 --- [           main] com.zaxxer.hikari.HikariConfig           : catalog................................none
2026-08-04 18:16:29.088 DEBUG 10992 --- [           main] com.zaxxer.hikari.HikariConfig           : connectionInitSql................................none
2026-08-04 18:16:29.089 DEBUG 10992 --- [           main] com.zaxxer.hikari.HikariConfig           : connectionTestQuery................................"SELECT 1"
2026-08-04 18:16:29.089 DEBUG 10992 --- [           main] com.zaxxer.hikari.HikariConfig           : connectionTimeout................................60000
2026-08-04 18:16:29.090 DEBUG 10992 --- [           main] com.zaxxer.hikari.HikariConfig           : dataSource................................none
2026-08-04 18:16:29.091 DEBUG 10992 --- [           main] com.zaxxer.hikari.HikariConfig           : dataSourceClassName................................none
2026-08-04 18:16:29.092 DEBUG 10992 --- [           main] com.zaxxer.hikari.HikariConfig           : dataSourceJNDI................................none
2026-08-04 18:16:29.093 DEBUG 10992 --- [           main] com.zaxxer.hikari.HikariConfig           : dataSourceProperties................................{password=<masked>}
2026-08-04 18:16:29.094 DEBUG 10992 --- [           main] com.zaxxer.hikari.HikariConfig           : driverClassName................................"net.sourceforge.jtds.jdbc.Driver"
2026-08-04 18:16:29.095 DEBUG 10992 --- [           main] com.zaxxer.hikari.HikariConfig           : exceptionOverrideClassName................................none
2026-08-04 18:16:29.096 DEBUG 10992 --- [           main] com.zaxxer.hikari.HikariConfig           : healthCheckProperties................................{}
2026-08-04 18:16:29.096 DEBUG 10992 --- [           main] com.zaxxer.hikari.HikariConfig           : healthCheckRegistry................................none
2026-08-04 18:16:29.097 DEBUG 10992 --- [           main] com.zaxxer.hikari.HikariConfig           : idleTimeout................................300000
2026-08-04 18:16:29.099 DEBUG 10992 --- [           main] com.zaxxer.hikari.HikariConfig           : initializationFailTimeout................................-1
2026-08-04 18:16:29.100 DEBUG 10992 --- [           main] com.zaxxer.hikari.HikariConfig           : isolateInternalQueries................................false
2026-08-04 18:16:29.101 DEBUG 10992 --- [           main] com.zaxxer.hikari.HikariConfig           : jdbcUrl................................jdbc:jtds:sqlserver://172.16.0.13/BDControlOrdenes
2026-08-04 18:16:29.102 DEBUG 10992 --- [           main] com.zaxxer.hikari.HikariConfig           : keepaliveTime................................120000
2026-08-04 18:16:29.103 DEBUG 10992 --- [           main] com.zaxxer.hikari.HikariConfig           : leakDetectionThreshold................................0
2026-08-04 18:16:29.104 DEBUG 10992 --- [           main] com.zaxxer.hikari.HikariConfig           : maxLifetime................................900000
2026-08-04 18:16:29.104 DEBUG 10992 --- [           main] com.zaxxer.hikari.HikariConfig           : maximumPoolSize................................80
2026-08-04 18:16:29.105 DEBUG 10992 --- [           main] com.zaxxer.hikari.HikariConfig           : metricRegistry................................none
2026-08-04 18:16:29.106 DEBUG 10992 --- [           main] com.zaxxer.hikari.HikariConfig           : metricsTrackerFactory................................none
2026-08-04 18:16:29.107 DEBUG 10992 --- [           main] com.zaxxer.hikari.HikariConfig           : minimumIdle................................0
2026-08-04 18:16:29.108 DEBUG 10992 --- [           main] com.zaxxer.hikari.HikariConfig           : password................................<masked>
2026-08-04 18:16:29.109 DEBUG 10992 --- [           main] com.zaxxer.hikari.HikariConfig           : poolName................................"CentralHikariPool"
2026-08-04 18:16:29.109 DEBUG 10992 --- [           main] com.zaxxer.hikari.HikariConfig           : readOnly................................false
2026-08-04 18:16:29.110 DEBUG 10992 --- [           main] com.zaxxer.hikari.HikariConfig           : registerMbeans................................false
2026-08-04 18:16:29.111 DEBUG 10992 --- [           main] com.zaxxer.hikari.HikariConfig           : scheduledExecutor................................none
2026-08-04 18:16:29.111 DEBUG 10992 --- [           main] com.zaxxer.hikari.HikariConfig           : schema................................none
2026-08-04 18:16:29.112 DEBUG 10992 --- [           main] com.zaxxer.hikari.HikariConfig           : threadFactory................................internal
2026-08-04 18:16:29.113 DEBUG 10992 --- [           main] com.zaxxer.hikari.HikariConfig           : transactionIsolation................................default
2026-08-04 18:16:29.114 DEBUG 10992 --- [           main] com.zaxxer.hikari.HikariConfig           : username................................"sistemas"
2026-08-04 18:16:29.115 DEBUG 10992 --- [           main] com.zaxxer.hikari.HikariConfig           : validationTimeout................................5000
2026-08-04 18:16:29.117  INFO 10992 --- [           main] com.zaxxer.hikari.HikariDataSource       : CentralHikariPool - Starting...
2026-08-04 18:16:29.132  INFO 10992 --- [           main] com.zaxxer.hikari.HikariDataSource       : CentralHikariPool - Start completed.
2026-08-04 18:16:29.153 DEBUG 10992 --- [           main] o.s.jdbc.core.JdbcTemplate               : Executing SQL statement [IF OBJECT_ID('dbo.tbl_system_maintenance', 'U') IS NULL BEGIN CREATE TABLE dbo.tbl_system_maintenance (id INT NOT NULL PRIMARY KEY, active BIT NOT NULL, message NVARCHAR(300) NULL, changed_by NVARCHAR(80) NULL, changed_at DATETIME2 NOT NULL); INSERT INTO dbo.tbl_system_maintenance (id, active, message, changed_by, changed_at) VALUES (1, 0, 'SISTEMA ABAJO. CAMBIOS EN PROCESO.', 'sistemas', GETDATE()); END;]
2026-08-04 18:16:29.161 DEBUG 10992 --- [           main] o.s.jdbc.datasource.DataSourceUtils      : Fetching JDBC Connection from DataSource
2026-08-04 18:16:29.162 DEBUG 10992 --- [           main] com.zaxxer.hikari.HikariConfig           : HikariPool-1 - configuration:
2026-08-04 18:16:29.164 DEBUG 10992 --- [           main] com.zaxxer.hikari.HikariConfig           : allowPoolSuspension................................false
2026-08-04 18:16:29.166 DEBUG 10992 --- [           main] com.zaxxer.hikari.HikariConfig           : autoCommit................................true
2026-08-04 18:16:29.166 DEBUG 10992 --- [           main] com.zaxxer.hikari.HikariConfig           : catalog................................none
2026-08-04 18:16:29.167 DEBUG 10992 --- [           main] com.zaxxer.hikari.HikariConfig           : connectionInitSql................................none
2026-08-04 18:16:29.167 DEBUG 10992 --- [           main] com.zaxxer.hikari.HikariConfig           : connectionTestQuery................................"SELECT 1"
2026-08-04 18:16:29.168 DEBUG 10992 --- [           main] com.zaxxer.hikari.HikariConfig           : connectionTimeout................................60000
2026-08-04 18:16:29.169 DEBUG 10992 --- [           main] com.zaxxer.hikari.HikariConfig           : dataSource................................none
2026-08-04 18:16:29.170 DEBUG 10992 --- [           main] com.zaxxer.hikari.HikariConfig           : dataSourceClassName................................none
2026-08-04 18:16:29.171 DEBUG 10992 --- [           main] com.zaxxer.hikari.HikariConfig           : dataSourceJNDI................................none
2026-08-04 18:16:29.172 DEBUG 10992 --- [           main] com.zaxxer.hikari.HikariConfig           : dataSourceProperties................................{password=<masked>}
2026-08-04 18:16:29.173 DEBUG 10992 --- [           main] com.zaxxer.hikari.HikariConfig           : driverClassName................................"net.sourceforge.jtds.jdbc.Driver"
2026-08-04 18:16:29.174 DEBUG 10992 --- [           main] com.zaxxer.hikari.HikariConfig           : exceptionOverrideClassName................................none
2026-08-04 18:16:29.175 DEBUG 10992 --- [           main] com.zaxxer.hikari.HikariConfig           : healthCheckProperties................................{}
2026-08-04 18:16:29.176 DEBUG 10992 --- [           main] com.zaxxer.hikari.HikariConfig           : healthCheckRegistry................................none
2026-08-04 18:16:29.177 DEBUG 10992 --- [           main] com.zaxxer.hikari.HikariConfig           : idleTimeout................................300000
2026-08-04 18:16:29.178 DEBUG 10992 --- [           main] com.zaxxer.hikari.HikariConfig           : initializationFailTimeout................................-1
2026-08-04 18:16:29.179 DEBUG 10992 --- [           main] com.zaxxer.hikari.HikariConfig           : isolateInternalQueries................................false
2026-08-04 18:16:29.180 DEBUG 10992 --- [           main] com.zaxxer.hikari.HikariConfig           : jdbcUrl................................jdbc:jtds:sqlserver://tigo.makiro.com.bo/BDPrueba;socketTimeout=0;loginTimeout=60
2026-08-04 18:16:29.181 DEBUG 10992 --- [           main] com.zaxxer.hikari.HikariConfig           : keepaliveTime................................120000
2026-08-04 18:16:29.182 DEBUG 10992 --- [           main] com.zaxxer.hikari.HikariConfig           : leakDetectionThreshold................................0
2026-08-04 18:16:29.183 DEBUG 10992 --- [           main] com.zaxxer.hikari.HikariConfig           : maxLifetime................................900000
2026-08-04 18:16:29.184 DEBUG 10992 --- [           main] com.zaxxer.hikari.HikariConfig           : maximumPoolSize................................10
2026-08-04 18:16:29.185 DEBUG 10992 --- [           main] com.zaxxer.hikari.HikariConfig           : metricRegistry................................none
2026-08-04 18:16:29.185 DEBUG 10992 --- [           main] com.zaxxer.hikari.HikariConfig           : metricsTrackerFactory................................none
2026-08-04 18:16:29.186 DEBUG 10992 --- [           main] com.zaxxer.hikari.HikariConfig           : minimumIdle................................0
2026-08-04 18:16:29.187 DEBUG 10992 --- [           main] com.zaxxer.hikari.HikariConfig           : password................................<masked>
2026-08-04 18:16:29.188 DEBUG 10992 --- [           main] com.zaxxer.hikari.HikariConfig           : poolName................................"HikariPool-1"
2026-08-04 18:16:29.188 DEBUG 10992 --- [           main] com.zaxxer.hikari.HikariConfig           : readOnly................................false
2026-08-04 18:16:29.189 DEBUG 10992 --- [           main] com.zaxxer.hikari.HikariConfig           : registerMbeans................................false
2026-08-04 18:16:29.190 DEBUG 10992 --- [           main] com.zaxxer.hikari.HikariConfig           : scheduledExecutor................................none
2026-08-04 18:16:29.191 DEBUG 10992 --- [           main] com.zaxxer.hikari.HikariConfig           : schema................................none
2026-08-04 18:16:29.192 DEBUG 10992 --- [           main] com.zaxxer.hikari.HikariConfig           : threadFactory................................internal
2026-08-04 18:16:29.192 DEBUG 10992 --- [           main] com.zaxxer.hikari.HikariConfig           : transactionIsolation................................default
2026-08-04 18:16:29.193 DEBUG 10992 --- [           main] com.zaxxer.hikari.HikariConfig           : username................................"sistemas"
2026-08-04 18:16:29.195 DEBUG 10992 --- [           main] com.zaxxer.hikari.HikariConfig           : validationTimeout................................5000
2026-08-04 18:16:29.196  INFO 10992 --- [           main] com.zaxxer.hikari.HikariDataSource       : HikariPool-1 - Starting...
2026-08-04 18:16:29.197  INFO 10992 --- [           main] com.zaxxer.hikari.HikariDataSource       : HikariPool-1 - Start completed.
2026-08-04 18:16:29.245 DEBUG 10992 --- [ool housekeeper] com.zaxxer.hikari.pool.HikariPool        : CentralHikariPool - Before cleanup stats (total=0, active=0, idle=0, waiting=0)
2026-08-04 18:16:29.247 DEBUG 10992 --- [ool housekeeper] com.zaxxer.hikari.pool.HikariPool        : CentralHikariPool - After cleanup  stats (total=0, active=0, idle=0, waiting=0)
2026-08-04 18:16:29.248 DEBUG 10992 --- [ool housekeeper] com.zaxxer.hikari.pool.HikariPool        : CentralHikariPool - Fill pool skipped, pool is at sufficient level.
2026-08-04 18:16:29.309 DEBUG 10992 --- [l-1 housekeeper] com.zaxxer.hikari.pool.HikariPool        : HikariPool-1 - Before cleanup stats (total=0, active=0, idle=0, waiting=1)
2026-08-04 18:16:29.309 DEBUG 10992 --- [l-1 housekeeper] com.zaxxer.hikari.pool.HikariPool        : HikariPool-1 - After cleanup  stats (total=0, active=0, idle=0, waiting=1)
2026-08-04 18:16:29.310 DEBUG 10992 --- [l-1 housekeeper] com.zaxxer.hikari.pool.HikariPool        : HikariPool-1 - Fill pool skipped, pool is at sufficient level.
2026-08-04 18:16:30.045  INFO 10992 --- [onnection adder] com.zaxxer.hikari.pool.PoolBase          : HikariPool-1 - Driver does not support get/set network timeout for connections. (null)
2026-08-04 18:16:30.051 DEBUG 10992 --- [onnection adder] com.zaxxer.hikari.pool.HikariPool        : HikariPool-1 - Added connection net.sourceforge.jtds.jdbc.JtdsConnection@704c4ee
2026-08-04 18:16:30.064 DEBUG 10992 --- [           main] o.s.jdbc.core.JdbcTemplate               : Executing SQL query [SELECT TOP 1 active, message, changed_by, changed_at FROM dbo.tbl_system_maintenance WHERE id = 1]
2026-08-04 18:16:30.065 DEBUG 10992 --- [           main] o.s.jdbc.datasource.DataSourceUtils      : Fetching JDBC Connection from DataSource
2026-08-04 18:16:30.093 DEBUG 10992 --- [           main] com.zaxxer.hikari.HikariConfig           : Driver class net.sourceforge.jtds.jdbc.Driver found in Thread context class loader org.springframework.boot.loader.LaunchedURLClassLoader@6433a2
2026-08-04 18:16:30.094 DEBUG 10992 --- [           main] com.zaxxer.hikari.HikariConfig           : TigoHogarHikariPool - configuration:
2026-08-04 18:16:30.095 DEBUG 10992 --- [           main] com.zaxxer.hikari.HikariConfig           : allowPoolSuspension................................false
2026-08-04 18:16:30.096 DEBUG 10992 --- [           main] com.zaxxer.hikari.HikariConfig           : autoCommit................................true
2026-08-04 18:16:30.096 DEBUG 10992 --- [           main] com.zaxxer.hikari.HikariConfig           : catalog................................none
2026-08-04 18:16:30.097 DEBUG 10992 --- [           main] com.zaxxer.hikari.HikariConfig           : connectionInitSql................................none
2026-08-04 18:16:30.097 DEBUG 10992 --- [           main] com.zaxxer.hikari.HikariConfig           : connectionTestQuery................................"SELECT 1"
2026-08-04 18:16:30.098 DEBUG 10992 --- [           main] com.zaxxer.hikari.HikariConfig           : connectionTimeout................................60000
2026-08-04 18:16:30.099 DEBUG 10992 --- [           main] com.zaxxer.hikari.HikariConfig           : dataSource................................none
2026-08-04 18:16:30.100 DEBUG 10992 --- [           main] com.zaxxer.hikari.HikariConfig           : dataSourceClassName................................none
2026-08-04 18:16:30.100 DEBUG 10992 --- [           main] com.zaxxer.hikari.HikariConfig           : dataSourceJNDI................................none
2026-08-04 18:16:30.100 DEBUG 10992 --- [           main] com.zaxxer.hikari.HikariConfig           : dataSourceProperties................................{password=<masked>}
2026-08-04 18:16:30.101 DEBUG 10992 --- [           main] com.zaxxer.hikari.HikariConfig           : driverClassName................................"net.sourceforge.jtds.jdbc.Driver"
2026-08-04 18:16:30.101 DEBUG 10992 --- [           main] com.zaxxer.hikari.HikariConfig           : exceptionOverrideClassName................................none
2026-08-04 18:16:30.102 DEBUG 10992 --- [           main] com.zaxxer.hikari.HikariConfig           : healthCheckProperties................................{}
2026-08-04 18:16:30.102 DEBUG 10992 --- [           main] com.zaxxer.hikari.HikariConfig           : healthCheckRegistry................................none
2026-08-04 18:16:30.103 DEBUG 10992 --- [           main] com.zaxxer.hikari.HikariConfig           : idleTimeout................................300000
2026-08-04 18:16:30.103 DEBUG 10992 --- [           main] com.zaxxer.hikari.HikariConfig           : initializationFailTimeout................................-1
2026-08-04 18:16:30.104 DEBUG 10992 --- [           main] com.zaxxer.hikari.HikariConfig           : isolateInternalQueries................................false
2026-08-04 18:16:30.105 DEBUG 10992 --- [           main] com.zaxxer.hikari.HikariConfig           : jdbcUrl................................jdbc:jtds:sqlserver://181.188.148.59/BD_TigoHogar
2026-08-04 18:16:30.106 DEBUG 10992 --- [           main] com.zaxxer.hikari.HikariConfig           : keepaliveTime................................120000
2026-08-04 18:16:30.106 DEBUG 10992 --- [           main] com.zaxxer.hikari.HikariConfig           : leakDetectionThreshold................................0
2026-08-04 18:16:30.107 DEBUG 10992 --- [           main] com.zaxxer.hikari.HikariConfig           : maxLifetime................................900000
2026-08-04 18:16:30.107 DEBUG 10992 --- [           main] com.zaxxer.hikari.HikariConfig           : maximumPoolSize................................10
2026-08-04 18:16:30.107 DEBUG 10992 --- [           main] com.zaxxer.hikari.HikariConfig           : metricRegistry................................none
2026-08-04 18:16:30.108 DEBUG 10992 --- [           main] com.zaxxer.hikari.HikariConfig           : metricsTrackerFactory................................none
2026-08-04 18:16:30.108 DEBUG 10992 --- [           main] com.zaxxer.hikari.HikariConfig           : minimumIdle................................0
2026-08-04 18:16:30.109 DEBUG 10992 --- [           main] com.zaxxer.hikari.HikariConfig           : password................................<masked>
2026-08-04 18:16:30.109 DEBUG 10992 --- [           main] com.zaxxer.hikari.HikariConfig           : poolName................................"TigoHogarHikariPool"
2026-08-04 18:16:30.109 DEBUG 10992 --- [           main] com.zaxxer.hikari.HikariConfig           : readOnly................................false
2026-08-04 18:16:30.110 DEBUG 10992 --- [           main] com.zaxxer.hikari.HikariConfig           : registerMbeans................................false
2026-08-04 18:16:30.110 DEBUG 10992 --- [           main] com.zaxxer.hikari.HikariConfig           : scheduledExecutor................................none
2026-08-04 18:16:30.111 DEBUG 10992 --- [           main] com.zaxxer.hikari.HikariConfig           : schema................................none
2026-08-04 18:16:30.111 DEBUG 10992 --- [           main] com.zaxxer.hikari.HikariConfig           : threadFactory................................internal
2026-08-04 18:16:30.112 DEBUG 10992 --- [           main] com.zaxxer.hikari.HikariConfig           : transactionIsolation................................default
2026-08-04 18:16:30.113 DEBUG 10992 --- [           main] com.zaxxer.hikari.HikariConfig           : username................................"sistemas"
2026-08-04 18:16:30.113 DEBUG 10992 --- [           main] com.zaxxer.hikari.HikariConfig           : validationTimeout................................5000
2026-08-04 18:16:30.114  INFO 10992 --- [           main] com.zaxxer.hikari.HikariDataSource       : TigoHogarHikariPool - Starting...
2026-08-04 18:16:30.114  INFO 10992 --- [           main] com.zaxxer.hikari.HikariDataSource       : TigoHogarHikariPool - Start completed.
2026-08-04 18:16:30.231 DEBUG 10992 --- [ool housekeeper] com.zaxxer.hikari.pool.HikariPool        : TigoHogarHikariPool - Before cleanup stats (total=0, active=0, idle=0, waiting=0)
2026-08-04 18:16:30.232 DEBUG 10992 --- [ool housekeeper] com.zaxxer.hikari.pool.HikariPool        : TigoHogarHikariPool - After cleanup  stats (total=0, active=0, idle=0, waiting=0)
2026-08-04 18:16:30.233 DEBUG 10992 --- [ool housekeeper] com.zaxxer.hikari.pool.HikariPool        : TigoHogarHikariPool - Fill pool skipped, pool is at sufficient level.
2026-08-04 18:16:30.857 DEBUG 10992 --- [           main] o.s.b.a.AutoConfigurationPackages        : @EnableAutoConfiguration was declared on a class in the package 'com.example.TigoStarSystem'. Automatic @Repository and @Entity scanning is enabled.
2026-08-04 18:16:30.983 DEBUG 10992 --- [           main] s.w.s.m.m.a.RequestMappingHandlerAdapter : ControllerAdvice beans: 0 @ModelAttribute, 0 @InitBinder, 1 RequestBodyAdvice, 1 ResponseBodyAdvice
2026-08-04 18:16:31.448 DEBUG 10992 --- [           main] s.w.s.m.m.a.RequestMappingHandlerMapping : 207 mappings in 'requestMappingHandlerMapping'
2026-08-04 18:16:31.519 DEBUG 10992 --- [           main] o.s.w.s.handler.SimpleUrlHandlerMapping  : Patterns [/webjars/**, /**, /swagger-ui*/*swagger-initializer.js, /swagger-ui*/**] in 'resourceHandlerMapping'
2026-08-04 18:16:31.545 DEBUG 10992 --- [           main] .m.m.a.ExceptionHandlerExceptionResolver : ControllerAdvice beans: 2 @ExceptionHandler, 1 ResponseBodyAdvice
2026-08-04 18:16:31.899  INFO 10992 --- [           main] o.s.b.w.embedded.tomcat.TomcatWebServer  : Tomcat started on port(s): 9060 (http) with context path ''
2026-08-04 18:16:31.935 DEBUG 10992 --- [           main] ConditionEvaluationReportLoggingListener : 


============================
CONDITIONS EVALUATION REPORT
============================


Positive matches:
-----------------

   AopAutoConfiguration matched:
      - @ConditionalOnProperty (spring.aop.auto=true) matched (OnPropertyCondition)

   AopAutoConfiguration.ClassProxyingConfiguration matched:
      - @ConditionalOnMissingClass did not find unwanted class 'org.aspectj.weaver.Advice' (OnClassCondition)
      - @ConditionalOnProperty (spring.aop.proxy-target-class=true) matched (OnPropertyCondition)

   ApplicationAvailabilityAutoConfiguration#applicationAvailability matched:
      - @ConditionalOnMissingBean (types: org.springframework.boot.availability.ApplicationAvailability; SearchStrategy: all) did not find any beans (OnBeanCondition)

   DataSourceAutoConfiguration matched:
      - @ConditionalOnClass found required classes 'javax.sql.DataSource', 'org.springframework.jdbc.datasource.embedded.EmbeddedDatabaseType' (OnClassCondition)
      - @ConditionalOnMissingBean (types: io.r2dbc.spi.ConnectionFactory; SearchStrategy: all) did not find any beans (OnBeanCondition)

   DataSourceAutoConfiguration.PooledDataSourceConfiguration matched:
      - AnyNestedCondition 1 matched 1 did not; NestedCondition on DataSourceAutoConfiguration.PooledDataSourceCondition.PooledDataSourceAvailable PooledDataSource found supported DataSource; NestedCondition on DataSourceAutoConfiguration.PooledDataSourceCondition.ExplicitType @ConditionalOnProperty (spring.datasource.type) did not find property 'type' (DataSourceAutoConfiguration.PooledDataSourceCondition)
      - @ConditionalOnMissingBean (types: javax.sql.DataSource,javax.sql.XADataSource; SearchStrategy: all) did not find any beans (OnBeanCondition)

   DataSourceConfiguration.Hikari matched:
      - @ConditionalOnClass found required class 'com.zaxxer.hikari.HikariDataSource' (OnClassCondition)
      - @ConditionalOnProperty (spring.datasource.type=com.zaxxer.hikari.HikariDataSource) matched (OnPropertyCondition)
      - @ConditionalOnMissingBean (types: javax.sql.DataSource; SearchStrategy: all) did not find any beans (OnBeanCondition)

   DataSourceInitializationConfiguration matched:
      - @ConditionalOnClass found required class 'org.springframework.jdbc.datasource.init.DatabasePopulator' (OnClassCondition)
      - @ConditionalOnSingleCandidate (types: javax.sql.DataSource; SearchStrategy: all) found a single bean 'dataSource'; @ConditionalOnMissingBean (types: org.springframework.boot.autoconfigure.sql.init.SqlDataSourceScriptDatabaseInitializer,org.springframework.boot.autoconfigure.sql.init.SqlR2dbcScriptDatabaseInitializer; SearchStrategy: all) did not find any beans (OnBeanCondition)

   DataSourceJmxConfiguration matched:
      - @ConditionalOnProperty (spring.jmx.enabled=true) matched (OnPropertyCondition)

   DataSourceJmxConfiguration.Hikari matched:
      - @ConditionalOnClass found required class 'com.zaxxer.hikari.HikariDataSource' (OnClassCondition)
      - @ConditionalOnSingleCandidate (types: javax.sql.DataSource; SearchStrategy: all) found a single bean 'dataSource' (OnBeanCondition)

   DataSourcePoolMetadataProvidersConfiguration.HikariPoolDataSourceMetadataProviderConfiguration matched:
      - @ConditionalOnClass found required class 'com.zaxxer.hikari.HikariDataSource' (OnClassCondition)

   DataSourceTransactionManagerAutoConfiguration matched:
      - @ConditionalOnClass found required classes 'org.springframework.jdbc.core.JdbcTemplate', 'org.springframework.transaction.TransactionManager' (OnClassCondition)

   DataSourceTransactionManagerAutoConfiguration.JdbcTransactionManagerConfiguration matched:
      - @ConditionalOnSingleCandidate (types: javax.sql.DataSource; SearchStrategy: all) found a single bean 'dataSource' (OnBeanCondition)

   DataSourceTransactionManagerAutoConfiguration.JdbcTransactionManagerConfiguration#transactionManager matched:
      - @ConditionalOnMissingBean (types: org.springframework.transaction.TransactionManager; SearchStrategy: all) did not find any beans (OnBeanCondition)

   DispatcherServletAutoConfiguration matched:
      - @ConditionalOnClass found required class 'org.springframework.web.servlet.DispatcherServlet' (OnClassCondition)
      - found 'session' scope (OnWebApplicationCondition)

   DispatcherServletAutoConfiguration.DispatcherServletConfiguration matched:
      - @ConditionalOnClass found required class 'javax.servlet.ServletRegistration' (OnClassCondition)
      - Default DispatcherServlet did not find dispatcher servlet beans (DispatcherServletAutoConfiguration.DefaultDispatcherServletCondition)

   DispatcherServletAutoConfiguration.DispatcherServletRegistrationConfiguration matched:
      - @ConditionalOnClass found required class 'javax.servlet.ServletRegistration' (OnClassCondition)
      - DispatcherServlet Registration did not find servlet registration bean (DispatcherServletAutoConfiguration.DispatcherServletRegistrationCondition)

   DispatcherServletAutoConfiguration.DispatcherServletRegistrationConfiguration#dispatcherServletRegistration matched:
      - @ConditionalOnBean (names: dispatcherServlet types: org.springframework.web.servlet.DispatcherServlet; SearchStrategy: all) found bean 'dispatcherServlet' (OnBeanCondition)

   EmbeddedWebServerFactoryCustomizerAutoConfiguration matched:
      - @ConditionalOnWebApplication (required) found 'session' scope (OnWebApplicationCondition)
      - @ConditionalOnWarDeployment the application is not deployed as a WAR file. (OnWarDeploymentCondition)

   EmbeddedWebServerFactoryCustomizerAutoConfiguration.TomcatWebServerFactoryCustomizerConfiguration matched:
      - @ConditionalOnClass found required classes 'org.apache.catalina.startup.Tomcat', 'org.apache.coyote.UpgradeProtocol' (OnClassCondition)

   ErrorMvcAutoConfiguration matched:
      - @ConditionalOnClass found required classes 'javax.servlet.Servlet', 'org.springframework.web.servlet.DispatcherServlet' (OnClassCondition)
      - found 'session' scope (OnWebApplicationCondition)

   ErrorMvcAutoConfiguration#basicErrorController matched:
      - @ConditionalOnMissingBean (types: org.springframework.boot.web.servlet.error.ErrorController; SearchStrategy: current) did not find any beans (OnBeanCondition)

   ErrorMvcAutoConfiguration#errorAttributes matched:
      - @ConditionalOnMissingBean (types: org.springframework.boot.web.servlet.error.ErrorAttributes; SearchStrategy: current) did not find any beans (OnBeanCondition)

   ErrorMvcAutoConfiguration.DefaultErrorViewResolverConfiguration#conventionErrorViewResolver matched:
      - @ConditionalOnBean (types: org.springframework.web.servlet.DispatcherServlet; SearchStrategy: all) found bean 'dispatcherServlet'; @ConditionalOnMissingBean (types: org.springframework.boot.autoconfigure.web.servlet.error.ErrorViewResolver; SearchStrategy: all) did not find any beans (OnBeanCondition)

   ErrorMvcAutoConfiguration.WhitelabelErrorViewConfiguration matched:
      - @ConditionalOnProperty (server.error.whitelabel.enabled) matched (OnPropertyCondition)
      - ErrorTemplate Missing did not find error template view (ErrorMvcAutoConfiguration.ErrorTemplateMissingCondition)

   ErrorMvcAutoConfiguration.WhitelabelErrorViewConfiguration#beanNameViewResolver matched:
      - @ConditionalOnMissingBean (types: org.springframework.web.servlet.view.BeanNameViewResolver; SearchStrategy: all) did not find any beans (OnBeanCondition)

   ErrorMvcAutoConfiguration.WhitelabelErrorViewConfiguration#defaultErrorView matched:
      - @ConditionalOnMissingBean (names: error; SearchStrategy: all) did not find any beans (OnBeanCondition)

   GenericCacheConfiguration matched:
      - Cache org.springframework.boot.autoconfigure.cache.GenericCacheConfiguration automatic cache type (CacheCondition)

   HttpEncodingAutoConfiguration matched:
      - @ConditionalOnClass found required class 'org.springframework.web.filter.CharacterEncodingFilter' (OnClassCondition)
      - found 'session' scope (OnWebApplicationCondition)
      - @ConditionalOnProperty (server.servlet.encoding.enabled) matched (OnPropertyCondition)

   HttpEncodingAutoConfiguration#characterEncodingFilter matched:
      - @ConditionalOnMissingBean (types: org.springframework.web.filter.CharacterEncodingFilter; SearchStrategy: all) did not find any beans (OnBeanCondition)

   HttpMessageConvertersAutoConfiguration matched:
      - @ConditionalOnClass found required class 'org.springframework.http.converter.HttpMessageConverter' (OnClassCondition)
      - NoneNestedConditions 0 matched 1 did not; NestedCondition on HttpMessageConvertersAutoConfiguration.NotReactiveWebApplicationCondition.ReactiveWebApplication did not find reactive web application classes (HttpMessageConvertersAutoConfiguration.NotReactiveWebApplicationCondition)

   HttpMessageConvertersAutoConfiguration#messageConverters matched:
      - @ConditionalOnMissingBean (types: org.springframework.boot.autoconfigure.http.HttpMessageConverters; SearchStrategy: all) did not find any beans (OnBeanCondition)

   HttpMessageConvertersAutoConfiguration.StringHttpMessageConverterConfiguration matched:
      - @ConditionalOnClass found required class 'org.springframework.http.converter.StringHttpMessageConverter' (OnClassCondition)

   HttpMessageConvertersAutoConfiguration.StringHttpMessageConverterConfiguration#stringHttpMessageConverter matched:
      - @ConditionalOnMissingBean (types: org.springframework.http.converter.StringHttpMessageConverter; SearchStrategy: all) did not find any beans (OnBeanCondition)

   JacksonAutoConfiguration matched:
      - @ConditionalOnClass found required class 'com.fasterxml.jackson.databind.ObjectMapper' (OnClassCondition)

   JacksonAutoConfiguration.Jackson2ObjectMapperBuilderCustomizerConfiguration matched:
      - @ConditionalOnClass found required class 'org.springframework.http.converter.json.Jackson2ObjectMapperBuilder' (OnClassCondition)

   JacksonAutoConfiguration.JacksonObjectMapperBuilderConfiguration matched:
      - @ConditionalOnClass found required class 'org.springframework.http.converter.json.Jackson2ObjectMapperBuilder' (OnClassCondition)

   JacksonAutoConfiguration.JacksonObjectMapperBuilderConfiguration#jacksonObjectMapperBuilder matched:
      - @ConditionalOnMissingBean (types: org.springframework.http.converter.json.Jackson2ObjectMapperBuilder; SearchStrategy: all) did not find any beans (OnBeanCondition)

   JacksonAutoConfiguration.JacksonObjectMapperConfiguration matched:
      - @ConditionalOnClass found required class 'org.springframework.http.converter.json.Jackson2ObjectMapperBuilder' (OnClassCondition)

   JacksonAutoConfiguration.JacksonObjectMapperConfiguration#jacksonObjectMapper matched:
      - @ConditionalOnMissingBean (types: com.fasterxml.jackson.databind.ObjectMapper; SearchStrategy: all) did not find any beans (OnBeanCondition)

   JacksonAutoConfiguration.ParameterNamesModuleConfiguration matched:
      - @ConditionalOnClass found required class 'com.fasterxml.jackson.module.paramnames.ParameterNamesModule' (OnClassCondition)

   JacksonAutoConfiguration.ParameterNamesModuleConfiguration#parameterNamesModule matched:
      - @ConditionalOnMissingBean (types: com.fasterxml.jackson.module.paramnames.ParameterNamesModule; SearchStrategy: all) did not find any beans (OnBeanCondition)

   JacksonHttpMessageConvertersConfiguration.MappingJackson2HttpMessageConverterConfiguration matched:
      - @ConditionalOnClass found required class 'com.fasterxml.jackson.databind.ObjectMapper' (OnClassCondition)
      - @ConditionalOnProperty (spring.mvc.converters.preferred-json-mapper=jackson) matched (OnPropertyCondition)
      - @ConditionalOnBean (types: com.fasterxml.jackson.databind.ObjectMapper; SearchStrategy: all) found bean 'jacksonObjectMapper' (OnBeanCondition)

   JacksonHttpMessageConvertersConfiguration.MappingJackson2HttpMessageConverterConfiguration#mappingJackson2HttpMessageConverter matched:
      - @ConditionalOnMissingBean (types: org.springframework.http.converter.json.MappingJackson2HttpMessageConverter ignored: org.springframework.hateoas.server.mvc.TypeConstrainedMappingJackson2HttpMessageConverter,org.springframework.data.rest.webmvc.alps.AlpsJsonHttpMessageConverter; SearchStrategy: all) did not find any beans (OnBeanCondition)

   JdbcTemplateAutoConfiguration matched:
      - @ConditionalOnClass found required classes 'javax.sql.DataSource', 'org.springframework.jdbc.core.JdbcTemplate' (OnClassCondition)
      - @ConditionalOnSingleCandidate (types: javax.sql.DataSource; SearchStrategy: all) found a single bean 'dataSource' (OnBeanCondition)

   LifecycleAutoConfiguration#defaultLifecycleProcessor matched:
      - @ConditionalOnMissingBean (names: lifecycleProcessor; SearchStrategy: current) did not find any beans (OnBeanCondition)

   MailSenderAutoConfiguration matched:
      - @ConditionalOnClass found required classes 'javax.mail.internet.MimeMessage', 'javax.activation.MimeType', 'org.springframework.mail.MailSender' (OnClassCondition)
      - AnyNestedCondition 1 matched 1 did not; NestedCondition on MailSenderAutoConfiguration.MailSenderCondition.JndiNameProperty @ConditionalOnProperty (spring.mail.jndi-name) did not find property 'jndi-name'; NestedCondition on MailSenderAutoConfiguration.MailSenderCondition.HostProperty @ConditionalOnProperty (spring.mail.host) matched (MailSenderAutoConfiguration.MailSenderCondition)
      - @ConditionalOnMissingBean (types: org.springframework.mail.MailSender; SearchStrategy: all) did not find any beans (OnBeanCondition)

   MailSenderPropertiesConfiguration matched:
      - @ConditionalOnProperty (spring.mail.host) matched (OnPropertyCondition)

   MailSenderPropertiesConfiguration#mailSender matched:
      - @ConditionalOnMissingBean (types: org.springframework.mail.javamail.JavaMailSender; SearchStrategy: all) did not find any beans (OnBeanCondition)

   MultipartAutoConfiguration matched:
      - @ConditionalOnClass found required classes 'javax.servlet.Servlet', 'org.springframework.web.multipart.support.StandardServletMultipartResolver', 'javax.servlet.MultipartConfigElement' (OnClassCondition)
      - found 'session' scope (OnWebApplicationCondition)
      - @ConditionalOnProperty (spring.servlet.multipart.enabled) matched (OnPropertyCondition)

   MultipartAutoConfiguration#multipartConfigElement matched:
      - @ConditionalOnMissingBean (types: javax.servlet.MultipartConfigElement,org.springframework.web.multipart.commons.CommonsMultipartResolver; SearchStrategy: all) did not find any beans (OnBeanCondition)

   MultipartAutoConfiguration#multipartResolver matched:
      - @ConditionalOnMissingBean (types: org.springframework.web.multipart.MultipartResolver; SearchStrategy: all) did not find any beans (OnBeanCondition)

   NamedParameterJdbcTemplateConfiguration matched:
      - @ConditionalOnSingleCandidate (types: org.springframework.jdbc.core.JdbcTemplate; SearchStrategy: all) found a single primary bean 'jdbcTemplate' from beans 'jdbcTemplate', 'tigohogarJdbcTemplate', 'centralJdbcTemplate'; @ConditionalOnMissingBean (types: org.springframework.jdbc.core.namedparam.NamedParameterJdbcOperations; SearchStrategy: all) did not find any beans (OnBeanCondition)

   NoOpCacheConfiguration matched:
      - Cache org.springframework.boot.autoconfigure.cache.NoOpCacheConfiguration automatic cache type (CacheCondition)

   PersistenceExceptionTranslationAutoConfiguration matched:
      - @ConditionalOnClass found required class 'org.springframework.dao.annotation.PersistenceExceptionTranslationPostProcessor' (OnClassCondition)

   PersistenceExceptionTranslationAutoConfiguration#persistenceExceptionTranslationPostProcessor matched:
      - @ConditionalOnProperty (spring.dao.exceptiontranslation.enabled) matched (OnPropertyCondition)
      - @ConditionalOnMissingBean (types: org.springframework.dao.annotation.PersistenceExceptionTranslationPostProcessor; SearchStrategy: all) did not find any beans (OnBeanCondition)

   PropertyPlaceholderAutoConfiguration#propertySourcesPlaceholderConfigurer matched:
      - @ConditionalOnMissingBean (types: org.springframework.context.support.PropertySourcesPlaceholderConfigurer; SearchStrategy: current) did not find any beans (OnBeanCondition)

   RestTemplateAutoConfiguration matched:
      - @ConditionalOnClass found required class 'org.springframework.web.client.RestTemplate' (OnClassCondition)
      - NoneNestedConditions 0 matched 1 did not; NestedCondition on RestTemplateAutoConfiguration.NotReactiveWebApplicationCondition.ReactiveWebApplication did not find reactive web application classes (RestTemplateAutoConfiguration.NotReactiveWebApplicationCondition)

   RestTemplateAutoConfiguration#restTemplateBuilder matched:
      - @ConditionalOnMissingBean (types: org.springframework.boot.web.client.RestTemplateBuilder; SearchStrategy: all) did not find any beans (OnBeanCondition)

   RestTemplateAutoConfiguration#restTemplateBuilderConfigurer matched:
      - @ConditionalOnMissingBean (types: org.springframework.boot.autoconfigure.web.client.RestTemplateBuilderConfigurer; SearchStrategy: all) did not find any beans (OnBeanCondition)

   ServletWebServerFactoryAutoConfiguration matched:
      - @ConditionalOnClass found required class 'javax.servlet.ServletRequest' (OnClassCondition)
      - found 'session' scope (OnWebApplicationCondition)

   ServletWebServerFactoryAutoConfiguration#tomcatServletWebServerFactoryCustomizer matched:
      - @ConditionalOnClass found required class 'org.apache.catalina.startup.Tomcat' (OnClassCondition)

   ServletWebServerFactoryConfiguration.EmbeddedTomcat matched:
      - @ConditionalOnClass found required classes 'javax.servlet.Servlet', 'org.apache.catalina.startup.Tomcat', 'org.apache.coyote.UpgradeProtocol' (OnClassCondition)
      - @ConditionalOnMissingBean (types: org.springframework.boot.web.servlet.server.ServletWebServerFactory; SearchStrategy: current) did not find any beans (OnBeanCondition)

   SimpleCacheConfiguration matched:
      - Cache org.springframework.boot.autoconfigure.cache.SimpleCacheConfiguration automatic cache type (CacheCondition)

   SpringDocConfigProperties matched:
      - @ConditionalOnProperty (springdoc.api-docs.enabled) matched (OnPropertyCondition)

   SpringDocConfiguration matched:
      - @ConditionalOnWebApplication (required) found 'session' scope (OnWebApplicationCondition)
      - @ConditionalOnProperty (springdoc.api-docs.enabled) matched (OnPropertyCondition)

   SpringDocConfiguration#fileSupportConverter matched:
      - @ConditionalOnMissingBean (types: org.springdoc.core.converters.FileSupportConverter; SearchStrategy: all) did not find any beans (OnBeanCondition)

   SpringDocConfiguration#openAPIBuilder matched:
      - @ConditionalOnMissingBean (types: org.springdoc.core.OpenAPIService; SearchStrategy: all) did not find any beans (OnBeanCondition)

   SpringDocConfiguration#operationBuilder matched:
      - @ConditionalOnMissingBean (types: org.springdoc.core.OperationService; SearchStrategy: all) did not find any beans (OnBeanCondition)

   SpringDocConfiguration#parameterBuilder matched:
      - @ConditionalOnMissingBean (types: org.springdoc.core.GenericParameterService; SearchStrategy: all) did not find any beans (OnBeanCondition)

   SpringDocConfiguration#polymorphicModelConverter matched:
      - @ConditionalOnProperty (springdoc.model-converters.polymorphic-converter.enabled) matched (OnPropertyCondition)
      - @ConditionalOnMissingBean (types: org.springdoc.core.converters.PolymorphicModelConverter; SearchStrategy: all) did not find any beans (OnBeanCondition)

   SpringDocConfiguration#requestBodyBuilder matched:
      - @ConditionalOnMissingBean (types: org.springdoc.core.RequestBodyService; SearchStrategy: all) did not find any beans (OnBeanCondition)

   SpringDocConfiguration#responseSupportConverter matched:
      - @ConditionalOnMissingBean (types: org.springdoc.core.converters.ResponseSupportConverter; SearchStrategy: all) did not find any beans (OnBeanCondition)

   SpringDocConfiguration#schemaPropertyDeprecatingConverter matched:
      - @ConditionalOnProperty (springdoc.model-converters.deprecating-converter.enabled) matched (OnPropertyCondition)
      - @ConditionalOnMissingBean (types: org.springdoc.core.converters.SchemaPropertyDeprecatingConverter; SearchStrategy: all) did not find any beans (OnBeanCondition)

   SpringDocConfiguration#securityParser matched:
      - @ConditionalOnMissingBean (types: org.springdoc.core.SecurityService; SearchStrategy: all) did not find any beans (OnBeanCondition)

   SpringDocConfiguration#springDocCustomizers matched:
      - @ConditionalOnMissingBean (types: org.springdoc.core.customizers.SpringDocCustomizers; SearchStrategy: all) did not find any beans (OnBeanCondition)

   SpringDocConfiguration#springDocObjectMapperProvider matched:
      - @ConditionalOnMissingBean (types: org.springdoc.core.providers.ObjectMapperProvider; SearchStrategy: all) did not find any beans (OnBeanCondition)

   SpringDocConfiguration#springDocProviders matched:
      - @ConditionalOnMissingBean (types: org.springdoc.core.SpringDocProviders; SearchStrategy: all) did not find any beans (OnBeanCondition)

   SpringDocConfiguration.SpringDocSpringDataWebPropertiesProvider matched:
      - @ConditionalOnClass found required class 'org.springframework.boot.autoconfigure.data.web.SpringDataWebProperties' (OnClassCondition)

   SpringDocConfiguration.SpringDocSpringDataWebPropertiesProvider#springDataWebPropertiesProvider matched:
      - @ConditionalOnMissingBean (types: org.springdoc.core.providers.SpringDataWebPropertiesProvider; SearchStrategy: all) did not find any beans (OnBeanCondition)

   SpringDocConfiguration.WebConversionServiceConfiguration matched:
      - @ConditionalOnClass found required class 'org.springframework.boot.autoconfigure.web.format.WebConversionService' (OnClassCondition)

   SpringDocUIConfiguration matched:
      - @ConditionalOnWebApplication (required) found 'session' scope (OnWebApplicationCondition)
      - @ConditionalOnExpression (#{${springdoc.api-docs.enabled:true}}) resulted in true (OnExpressionCondition)
      - @ConditionalOnBean (types: org.springdoc.core.SpringDocConfiguration; SearchStrategy: all) found bean 'org.springdoc.core.SpringDocConfiguration' (OnBeanCondition)

   SpringDocWebMvcConfiguration matched:
      - found 'session' scope (OnWebApplicationCondition)
      - @ConditionalOnProperty (springdoc.api-docs.enabled) matched (OnPropertyCondition)
      - @ConditionalOnBean (types: org.springdoc.core.SpringDocConfiguration; SearchStrategy: all) found bean 'org.springdoc.core.SpringDocConfiguration' (OnBeanCondition)

   SpringDocWebMvcConfiguration#openApiResource matched:
      - @ConditionalOnProperty (springdoc.use-management-port=false) matched (OnPropertyCondition)
      - @ConditionalOnMissingBean (types: org.springdoc.webmvc.api.OpenApiWebMvcResource; SearchStrategy: all) did not find any beans (OnBeanCondition)

   SpringDocWebMvcConfiguration#requestBuilder matched:
      - @ConditionalOnMissingBean (types: org.springdoc.webmvc.core.RequestService; SearchStrategy: all) did not find any beans (OnBeanCondition)

   SpringDocWebMvcConfiguration#responseBuilder matched:
      - @ConditionalOnMissingBean (types: org.springdoc.core.GenericResponseService; SearchStrategy: all) did not find any beans (OnBeanCondition)

   SpringDocWebMvcConfiguration#springWebProvider matched:
      - @ConditionalOnMissingBean (types: org.springdoc.core.providers.SpringWebProvider; SearchStrategy: all) did not find any beans (OnBeanCondition)

   SpringDocWebMvcConfiguration.SpringDocWebMvcRouterConfiguration matched:
      - @ConditionalOnClass found required class 'org.springframework.web.servlet.function.RouterFunction' (OnClassCondition)

   SpringDocWebMvcConfiguration.SpringDocWebMvcRouterConfiguration#routerFunctionProvider matched:
      - @ConditionalOnMissingBean (types: org.springdoc.webmvc.core.RouterFunctionWebMvcProvider; SearchStrategy: all) did not find any beans (OnBeanCondition)

   SqlInitializationAutoConfiguration matched:
      - @ConditionalOnProperty (spring.sql.init.enabled) matched (OnPropertyCondition)
      - NoneNestedConditions 0 matched 1 did not; NestedCondition on SqlInitializationAutoConfiguration.SqlInitializationModeCondition.ModeIsNever @ConditionalOnProperty (spring.sql.init.mode=never) did not find property 'mode' (SqlInitializationAutoConfiguration.SqlInitializationModeCondition)

   SwaggerConfig matched:
      - found 'session' scope (OnWebApplicationCondition)
      - @ConditionalOnProperty (springdoc.swagger-ui.enabled) matched (OnPropertyCondition)
      - @ConditionalOnBean (types: org.springdoc.core.SpringDocConfiguration; SearchStrategy: all) found bean 'org.springdoc.core.SpringDocConfiguration' (OnBeanCondition)

   SwaggerConfig#indexPageTransformer matched:
      - @ConditionalOnMissingBean (types: org.springdoc.webmvc.ui.SwaggerIndexTransformer; SearchStrategy: all) did not find any beans (OnBeanCondition)

   SwaggerConfig#swaggerConfigResource matched:
      - @ConditionalOnProperty (springdoc.use-management-port=false) matched (OnPropertyCondition)
      - @ConditionalOnMissingBean (types: org.springdoc.webmvc.ui.SwaggerConfigResource; SearchStrategy: all) did not find any beans (OnBeanCondition)

   SwaggerConfig#swaggerResourceResolver matched:
      - @ConditionalOnMissingBean (types: org.springdoc.webmvc.ui.SwaggerResourceResolver; SearchStrategy: all) did not find any beans (OnBeanCondition)

   SwaggerConfig#swaggerWebMvcConfigurer matched:
      - @ConditionalOnMissingBean (types: org.springdoc.webmvc.ui.SwaggerWebMvcConfigurer; SearchStrategy: all) did not find any beans (OnBeanCondition)

   SwaggerConfig#swaggerWelcome matched:
      - @ConditionalOnProperty (springdoc.use-management-port=false) matched (OnPropertyCondition)
      - @ConditionalOnMissingBean (types: org.springdoc.webmvc.ui.SwaggerWelcomeWebMvc; SearchStrategy: all) did not find any beans (OnBeanCondition)

   SwaggerUiConfigParameters matched:
      - @ConditionalOnProperty (springdoc.swagger-ui.enabled) matched (OnPropertyCondition)
      - @ConditionalOnBean (types: org.springdoc.core.SpringDocConfiguration; SearchStrategy: all) found bean 'org.springdoc.core.SpringDocConfiguration' (OnBeanCondition)

   SwaggerUiConfigProperties matched:
      - @ConditionalOnProperty (springdoc.swagger-ui.enabled) matched (OnPropertyCondition)
      - @ConditionalOnBean (types: org.springdoc.core.SpringDocConfiguration; SearchStrategy: all) found bean 'org.springdoc.core.SpringDocConfiguration' (OnBeanCondition)

   SwaggerUiOAuthProperties matched:
      - @ConditionalOnProperty (springdoc.swagger-ui.enabled) matched (OnPropertyCondition)
      - @ConditionalOnBean (types: org.springdoc.core.SpringDocConfiguration; SearchStrategy: all) found bean 'org.springdoc.core.SpringDocConfiguration' (OnBeanCondition)

   TaskExecutionAutoConfiguration matched:
      - @ConditionalOnClass found required class 'org.springframework.scheduling.concurrent.ThreadPoolTaskExecutor' (OnClassCondition)

   TaskExecutionAutoConfiguration#applicationTaskExecutor matched:
      - @ConditionalOnMissingBean (types: java.util.concurrent.Executor; SearchStrategy: all) did not find any beans (OnBeanCondition)

   TaskExecutionAutoConfiguration#taskExecutorBuilder matched:
      - @ConditionalOnMissingBean (types: org.springframework.boot.task.TaskExecutorBuilder; SearchStrategy: all) did not find any beans (OnBeanCondition)

   TaskSchedulingAutoConfiguration matched:
      - @ConditionalOnClass found required class 'org.springframework.scheduling.concurrent.ThreadPoolTaskScheduler' (OnClassCondition)

   TaskSchedulingAutoConfiguration#taskSchedulerBuilder matched:
      - @ConditionalOnMissingBean (types: org.springframework.boot.task.TaskSchedulerBuilder; SearchStrategy: all) did not find any beans (OnBeanCondition)

   TransactionAutoConfiguration matched:
      - @ConditionalOnClass found required class 'org.springframework.transaction.PlatformTransactionManager' (OnClassCondition)

   TransactionAutoConfiguration#platformTransactionManagerCustomizers matched:
      - @ConditionalOnMissingBean (types: org.springframework.boot.autoconfigure.transaction.TransactionManagerCustomizers; SearchStrategy: all) did not find any beans (OnBeanCondition)

   TransactionAutoConfiguration.EnableTransactionManagementConfiguration matched:
      - @ConditionalOnBean (types: org.springframework.transaction.TransactionManager; SearchStrategy: all) found bean 'transactionManager'; @ConditionalOnMissingBean (types: org.springframework.transaction.annotation.AbstractTransactionManagementConfiguration; SearchStrategy: all) did not find any beans (OnBeanCondition)

   TransactionAutoConfiguration.EnableTransactionManagementConfiguration.CglibAutoProxyConfiguration matched:
      - @ConditionalOnProperty (spring.aop.proxy-target-class=true) matched (OnPropertyCondition)

   TransactionAutoConfiguration.TransactionTemplateConfiguration matched:
      - @ConditionalOnSingleCandidate (types: org.springframework.transaction.PlatformTransactionManager; SearchStrategy: all) found a single bean 'transactionManager' (OnBeanCondition)

   TransactionAutoConfiguration.TransactionTemplateConfiguration#transactionTemplate matched:
      - @ConditionalOnMissingBean (types: org.springframework.transaction.support.TransactionOperations; SearchStrategy: all) did not find any beans (OnBeanCondition)

   ValidationAutoConfiguration matched:
      - @ConditionalOnClass found required class 'javax.validation.executable.ExecutableValidator' (OnClassCondition)
      - @ConditionalOnResource found location classpath:META-INF/services/javax.validation.spi.ValidationProvider (OnResourceCondition)

   ValidationAutoConfiguration#defaultValidator matched:
      - @ConditionalOnMissingBean (types: javax.validation.Validator; SearchStrategy: all) did not find any beans (OnBeanCondition)

   ValidationAutoConfiguration#methodValidationPostProcessor matched:
      - @ConditionalOnMissingBean (types: org.springframework.validation.beanvalidation.MethodValidationPostProcessor; SearchStrategy: current) did not find any beans (OnBeanCondition)

   WebMvcAutoConfiguration matched:
      - @ConditionalOnClass found required classes 'javax.servlet.Servlet', 'org.springframework.web.servlet.DispatcherServlet', 'org.springframework.web.servlet.config.annotation.WebMvcConfigurer' (OnClassCondition)
      - found 'session' scope (OnWebApplicationCondition)
      - @ConditionalOnMissingBean (types: org.springframework.web.servlet.config.annotation.WebMvcConfigurationSupport; SearchStrategy: all) did not find any beans (OnBeanCondition)

   WebMvcAutoConfiguration#formContentFilter matched:
      - @ConditionalOnProperty (spring.mvc.formcontent.filter.enabled) matched (OnPropertyCondition)
      - @ConditionalOnMissingBean (types: org.springframework.web.filter.FormContentFilter; SearchStrategy: all) did not find any beans (OnBeanCondition)

   WebMvcAutoConfiguration.EnableWebMvcConfiguration#flashMapManager matched:
      - @ConditionalOnMissingBean (names: flashMapManager; SearchStrategy: all) did not find any beans (OnBeanCondition)

   WebMvcAutoConfiguration.EnableWebMvcConfiguration#localeResolver matched:
      - @ConditionalOnMissingBean (names: localeResolver; SearchStrategy: all) did not find any beans (OnBeanCondition)

   WebMvcAutoConfiguration.EnableWebMvcConfiguration#themeResolver matched:
      - @ConditionalOnMissingBean (names: themeResolver; SearchStrategy: all) did not find any beans (OnBeanCondition)

   WebMvcAutoConfiguration.WebMvcAutoConfigurationAdapter#defaultViewResolver matched:
      - @ConditionalOnMissingBean (types: org.springframework.web.servlet.view.InternalResourceViewResolver; SearchStrategy: all) did not find any beans (OnBeanCondition)

   WebMvcAutoConfiguration.WebMvcAutoConfigurationAdapter#requestContextFilter matched:
      - @ConditionalOnMissingBean (types: org.springframework.web.context.request.RequestContextListener,org.springframework.web.filter.RequestContextFilter; SearchStrategy: all) did not find any beans (OnBeanCondition)

   WebMvcAutoConfiguration.WebMvcAutoConfigurationAdapter#viewResolver matched:
      - @ConditionalOnBean (types: org.springframework.web.servlet.ViewResolver; SearchStrategy: all) found beans 'defaultViewResolver', 'beanNameViewResolver', 'mvcViewResolver'; @ConditionalOnMissingBean (names: viewResolver types: org.springframework.web.servlet.view.ContentNegotiatingViewResolver; SearchStrategy: all) did not find any beans (OnBeanCondition)

   WebSocketServletAutoConfiguration matched:
      - @ConditionalOnClass found required classes 'javax.servlet.Servlet', 'javax.websocket.server.ServerContainer' (OnClassCondition)
      - found 'session' scope (OnWebApplicationCondition)

   WebSocketServletAutoConfiguration.TomcatWebSocketConfiguration matched:
      - @ConditionalOnClass found required classes 'org.apache.catalina.startup.Tomcat', 'org.apache.tomcat.websocket.server.WsSci' (OnClassCondition)

   WebSocketServletAutoConfiguration.TomcatWebSocketConfiguration#websocketServletWebServerCustomizer matched:
      - @ConditionalOnMissingBean (names: websocketServletWebServerCustomizer; SearchStrategy: all) did not find any beans (OnBeanCondition)


Negative matches:
-----------------

   ActiveMQAutoConfiguration:
      Did not match:
         - @ConditionalOnClass did not find required class 'javax.jms.ConnectionFactory' (OnClassCondition)

   AopAutoConfiguration.AspectJAutoProxyingConfiguration:
      Did not match:
         - @ConditionalOnClass did not find required class 'org.aspectj.weaver.Advice' (OnClassCondition)

   ArtemisAutoConfiguration:
      Did not match:
         - @ConditionalOnClass did not find required class 'javax.jms.ConnectionFactory' (OnClassCondition)

   BatchAutoConfiguration:
      Did not match:
         - @ConditionalOnClass did not find required class 'org.springframework.batch.core.launch.JobLauncher' (OnClassCondition)

   Cache2kCacheConfiguration:
      Did not match:
         - @ConditionalOnClass did not find required class 'org.cache2k.Cache2kBuilder' (OnClassCondition)

   CacheAutoConfiguration:
      Did not match:
         - @ConditionalOnBean (types: org.springframework.cache.interceptor.CacheAspectSupport; SearchStrategy: all) did not find any beans of type org.springframework.cache.interceptor.CacheAspectSupport (OnBeanCondition)
      Matched:
         - @ConditionalOnClass found required class 'org.springframework.cache.CacheManager' (OnClassCondition)

   CacheAutoConfiguration.CacheManagerEntityManagerFactoryDependsOnPostProcessor:
      Did not match:
         - @ConditionalOnClass did not find required class 'org.springframework.orm.jpa.LocalContainerEntityManagerFactoryBean' (OnClassCondition)
         - Ancestor org.springframework.boot.autoconfigure.cache.CacheAutoConfiguration did not match (ConditionEvaluationReport.AncestorsMatchedCondition)

   CaffeineCacheConfiguration:
      Did not match:
         - @ConditionalOnClass did not find required class 'com.github.benmanes.caffeine.cache.Caffeine' (OnClassCondition)

   CassandraAutoConfiguration:
      Did not match:
         - @ConditionalOnClass did not find required class 'com.datastax.oss.driver.api.core.CqlSession' (OnClassCondition)

   CassandraDataAutoConfiguration:
      Did not match:
         - @ConditionalOnClass did not find required class 'com.datastax.oss.driver.api.core.CqlSession' (OnClassCondition)

   CassandraReactiveDataAutoConfiguration:
      Did not match:
         - @ConditionalOnClass did not find required class 'com.datastax.oss.driver.api.core.CqlSession' (OnClassCondition)

   CassandraReactiveRepositoriesAutoConfiguration:
      Did not match:
         - @ConditionalOnClass did not find required class 'org.springframework.data.cassandra.ReactiveSession' (OnClassCondition)

   CassandraRepositoriesAutoConfiguration:
      Did not match:
         - @ConditionalOnClass did not find required class 'com.datastax.oss.driver.api.core.CqlSession' (OnClassCondition)

   ClientHttpConnectorAutoConfiguration:
      Did not match:
         - @ConditionalOnClass did not find required class 'org.springframework.web.reactive.function.client.WebClient' (OnClassCondition)

   CodecsAutoConfiguration:
      Did not match:
         - @ConditionalOnClass did not find required class 'org.springframework.web.reactive.function.client.WebClient' (OnClassCondition)

   CouchbaseAutoConfiguration:
      Did not match:
         - @ConditionalOnClass did not find required class 'com.couchbase.client.java.Cluster' (OnClassCondition)

   CouchbaseCacheConfiguration:
      Did not match:
         - @ConditionalOnClass did not find required class 'com.couchbase.client.java.Cluster' (OnClassCondition)

   CouchbaseDataAutoConfiguration:
      Did not match:
         - @ConditionalOnClass did not find required class 'com.couchbase.client.java.Bucket' (OnClassCondition)

   CouchbaseReactiveDataAutoConfiguration:
      Did not match:
         - @ConditionalOnClass did not find required class 'com.couchbase.client.java.Cluster' (OnClassCondition)

   CouchbaseReactiveRepositoriesAutoConfiguration:
      Did not match:
         - @ConditionalOnClass did not find required class 'com.couchbase.client.java.Cluster' (OnClassCondition)

   CouchbaseRepositoriesAutoConfiguration:
      Did not match:
         - @ConditionalOnClass did not find required class 'com.couchbase.client.java.Bucket' (OnClassCondition)

   DataSourceAutoConfiguration.EmbeddedDatabaseConfiguration:
      Did not match:
         - EmbeddedDataSource spring.datasource.url is set (DataSourceAutoConfiguration.EmbeddedDatabaseCondition)

   DataSourceConfiguration.Dbcp2:
      Did not match:
         - @ConditionalOnClass did not find required class 'org.apache.commons.dbcp2.BasicDataSource' (OnClassCondition)

   DataSourceConfiguration.Generic:
      Did not match:
         - @ConditionalOnProperty (spring.datasource.type) did not find property 'spring.datasource.type' (OnPropertyCondition)

   DataSourceConfiguration.OracleUcp:
      Did not match:
         - @ConditionalOnClass did not find required classes 'oracle.ucp.jdbc.PoolDataSourceImpl', 'oracle.jdbc.OracleConnection' (OnClassCondition)

   DataSourceConfiguration.Tomcat:
      Did not match:
         - @ConditionalOnClass did not find required class 'org.apache.tomcat.jdbc.pool.DataSource' (OnClassCondition)

   DataSourceJmxConfiguration.TomcatDataSourceJmxConfiguration:
      Did not match:
         - @ConditionalOnClass did not find required class 'org.apache.tomcat.jdbc.pool.DataSourceProxy' (OnClassCondition)

   DataSourcePoolMetadataProvidersConfiguration.CommonsDbcp2PoolDataSourceMetadataProviderConfiguration:
      Did not match:
         - @ConditionalOnClass did not find required class 'org.apache.commons.dbcp2.BasicDataSource' (OnClassCondition)

   DataSourcePoolMetadataProvidersConfiguration.OracleUcpPoolDataSourceMetadataProviderConfiguration:
      Did not match:
         - @ConditionalOnClass did not find required classes 'oracle.ucp.jdbc.PoolDataSource', 'oracle.jdbc.OracleConnection' (OnClassCondition)

   DataSourcePoolMetadataProvidersConfiguration.TomcatDataSourcePoolMetadataProviderConfiguration:
      Did not match:
         - @ConditionalOnClass did not find required class 'org.apache.tomcat.jdbc.pool.DataSource' (OnClassCondition)

   DispatcherServletAutoConfiguration.DispatcherServletConfiguration#multipartResolver:
      Did not match:
         - @ConditionalOnBean (types: org.springframework.web.multipart.MultipartResolver; SearchStrategy: all) did not find any beans of type org.springframework.web.multipart.MultipartResolver (OnBeanCondition)

   EhCacheCacheConfiguration:
      Did not match:
         - @ConditionalOnClass did not find required class 'net.sf.ehcache.Cache' (OnClassCondition)

   ElasticsearchDataAutoConfiguration:
      Did not match:
         - @ConditionalOnClass did not find required class 'org.springframework.data.elasticsearch.core.ElasticsearchRestTemplate' (OnClassCondition)

   ElasticsearchRepositoriesAutoConfiguration:
      Did not match:
         - @ConditionalOnClass did not find required class 'org.elasticsearch.client.Client' (OnClassCondition)

   ElasticsearchRestClientAutoConfiguration:
      Did not match:
         - @ConditionalOnClass did not find required class 'org.elasticsearch.client.RestClientBuilder' (OnClassCondition)

   EmbeddedLdapAutoConfiguration:
      Did not match:
         - @ConditionalOnClass did not find required class 'com.unboundid.ldap.listener.InMemoryDirectoryServer' (OnClassCondition)

   EmbeddedMongoAutoConfiguration:
      Did not match:
         - @ConditionalOnClass did not find required class 'com.mongodb.MongoClientSettings' (OnClassCondition)

   EmbeddedWebServerFactoryCustomizerAutoConfiguration.JettyWebServerFactoryCustomizerConfiguration:
      Did not match:
         - @ConditionalOnClass did not find required classes 'org.eclipse.jetty.server.Server', 'org.eclipse.jetty.util.Loader', 'org.eclipse.jetty.webapp.WebAppContext' (OnClassCondition)

   EmbeddedWebServerFactoryCustomizerAutoConfiguration.NettyWebServerFactoryCustomizerConfiguration:
      Did not match:
         - @ConditionalOnClass did not find required class 'reactor.netty.http.server.HttpServer' (OnClassCondition)

   EmbeddedWebServerFactoryCustomizerAutoConfiguration.UndertowWebServerFactoryCustomizerConfiguration:
      Did not match:
         - @ConditionalOnClass did not find required classes 'io.undertow.Undertow', 'org.xnio.SslClientAuthMode' (OnClassCondition)

   ErrorWebFluxAutoConfiguration:
      Did not match:
         - @ConditionalOnClass did not find required class 'org.springframework.web.reactive.config.WebFluxConfigurer' (OnClassCondition)

   FlywayAutoConfiguration:
      Did not match:
         - @ConditionalOnClass did not find required class 'org.flywaydb.core.Flyway' (OnClassCondition)

   FreeMarkerAutoConfiguration:
      Did not match:
         - @ConditionalOnClass did not find required class 'freemarker.template.Configuration' (OnClassCondition)

   GraphQlAutoConfiguration:
      Did not match:
         - @ConditionalOnClass did not find required class 'graphql.GraphQL' (OnClassCondition)

   GraphQlQueryByExampleAutoConfiguration:
      Did not match:
         - @ConditionalOnClass did not find required class 'graphql.GraphQL' (OnClassCondition)

   GraphQlQuerydslAutoConfiguration:
      Did not match:
         - @ConditionalOnClass did not find required class 'graphql.GraphQL' (OnClassCondition)

   GraphQlRSocketAutoConfiguration:
      Did not match:
         - @ConditionalOnClass did not find required class 'graphql.GraphQL' (OnClassCondition)

   GraphQlReactiveQueryByExampleAutoConfiguration:
      Did not match:
         - @ConditionalOnClass did not find required class 'graphql.GraphQL' (OnClassCondition)

   GraphQlReactiveQuerydslAutoConfiguration:
      Did not match:
         - @ConditionalOnClass did not find required class 'graphql.GraphQL' (OnClassCondition)

   GraphQlWebFluxAutoConfiguration:
      Did not match:
         - @ConditionalOnClass did not find required class 'graphql.GraphQL' (OnClassCondition)

   GraphQlWebFluxSecurityAutoConfiguration:
      Did not match:
         - @ConditionalOnClass did not find required class 'graphql.GraphQL' (OnClassCondition)

   GraphQlWebMvcAutoConfiguration:
      Did not match:
         - @ConditionalOnClass did not find required class 'graphql.GraphQL' (OnClassCondition)

   GraphQlWebMvcSecurityAutoConfiguration:
      Did not match:
         - @ConditionalOnClass did not find required class 'graphql.GraphQL' (OnClassCondition)

   GroovyTemplateAutoConfiguration:
      Did not match:
         - @ConditionalOnClass did not find required class 'groovy.text.markup.MarkupTemplateEngine' (OnClassCondition)

   GsonAutoConfiguration:
      Did not match:
         - @ConditionalOnClass did not find required class 'com.google.gson.Gson' (OnClassCondition)

   GsonHttpMessageConvertersConfiguration:
      Did not match:
         - @ConditionalOnClass did not find required class 'com.google.gson.Gson' (OnClassCondition)

   H2ConsoleAutoConfiguration:
      Did not match:
         - @ConditionalOnClass did not find required class 'org.h2.server.web.WebServlet' (OnClassCondition)

   HazelcastAutoConfiguration:
      Did not match:
         - @ConditionalOnClass did not find required class 'com.hazelcast.core.HazelcastInstance' (OnClassCondition)

   HazelcastCacheConfiguration:
      Did not match:
         - @ConditionalOnClass did not find required class 'com.hazelcast.core.HazelcastInstance' (OnClassCondition)

   HazelcastJpaDependencyAutoConfiguration:
      Did not match:
         - @ConditionalOnClass did not find required class 'com.hazelcast.core.HazelcastInstance' (OnClassCondition)

   HibernateJpaAutoConfiguration:
      Did not match:
         - @ConditionalOnClass did not find required class 'javax.persistence.EntityManager' (OnClassCondition)

   HttpHandlerAutoConfiguration:
      Did not match:
         - @ConditionalOnClass did not find required class 'org.springframework.web.reactive.DispatcherHandler' (OnClassCondition)

   HypermediaAutoConfiguration:
      Did not match:
         - @ConditionalOnClass did not find required class 'org.springframework.hateoas.EntityModel' (OnClassCondition)

   InfinispanCacheConfiguration:
      Did not match:
         - @ConditionalOnClass did not find required class 'org.infinispan.spring.embedded.provider.SpringEmbeddedCacheManager' (OnClassCondition)

   InfluxDbAutoConfiguration:
      Did not match:
         - @ConditionalOnClass did not find required class 'org.influxdb.InfluxDB' (OnClassCondition)

   IntegrationAutoConfiguration:
      Did not match:
         - @ConditionalOnClass did not find required class 'org.springframework.integration.config.EnableIntegration' (OnClassCondition)

   JCacheCacheConfiguration:
      Did not match:
         - @ConditionalOnClass did not find required class 'javax.cache.Caching' (OnClassCondition)

   JacksonHttpMessageConvertersConfiguration.MappingJackson2XmlHttpMessageConverterConfiguration:
      Did not match:
         - @ConditionalOnClass did not find required class 'com.fasterxml.jackson.dataformat.xml.XmlMapper' (OnClassCondition)

   JdbcRepositoriesAutoConfiguration:
      Did not match:
         - @ConditionalOnClass did not find required class 'org.springframework.data.jdbc.repository.config.AbstractJdbcConfiguration' (OnClassCondition)

   JdbcTemplateConfiguration:
      Did not match:
         - @ConditionalOnMissingBean (types: org.springframework.jdbc.core.JdbcOperations; SearchStrategy: all) found beans of type 'org.springframework.jdbc.core.JdbcOperations' jdbcTemplate, centralJdbcTemplate, tigohogarJdbcTemplate (OnBeanCondition)

   JerseyAutoConfiguration:
      Did not match:
         - @ConditionalOnClass did not find required class 'org.glassfish.jersey.server.spring.SpringComponentProvider' (OnClassCondition)

   JmsAutoConfiguration:
      Did not match:
         - @ConditionalOnClass did not find required class 'javax.jms.Message' (OnClassCondition)

   JmxAutoConfiguration:
      Did not match:
         - @ConditionalOnProperty (spring.jmx.enabled=true) did not find property 'enabled' (OnPropertyCondition)
      Matched:
         - @ConditionalOnClass found required class 'org.springframework.jmx.export.MBeanExporter' (OnClassCondition)

   JndiConnectionFactoryAutoConfiguration:
      Did not match:
         - @ConditionalOnClass did not find required class 'org.springframework.jms.core.JmsTemplate' (OnClassCondition)

   JndiDataSourceAutoConfiguration:
      Did not match:
         - @ConditionalOnProperty (spring.datasource.jndi-name) did not find property 'jndi-name' (OnPropertyCondition)
      Matched:
         - @ConditionalOnClass found required classes 'javax.sql.DataSource', 'org.springframework.jdbc.datasource.embedded.EmbeddedDatabaseType' (OnClassCondition)

   JooqAutoConfiguration:
      Did not match:
         - @ConditionalOnClass did not find required class 'org.jooq.DSLContext' (OnClassCondition)

   JpaRepositoriesAutoConfiguration:
      Did not match:
         - @ConditionalOnClass did not find required class 'org.springframework.data.jpa.repository.JpaRepository' (OnClassCondition)

   JsonbAutoConfiguration:
      Did not match:
         - @ConditionalOnClass did not find required class 'javax.json.bind.Jsonb' (OnClassCondition)

   JsonbHttpMessageConvertersConfiguration:
      Did not match:
         - @ConditionalOnClass did not find required class 'javax.json.bind.Jsonb' (OnClassCondition)

   JtaAutoConfiguration:
      Did not match:
         - @ConditionalOnClass did not find required class 'javax.transaction.Transaction' (OnClassCondition)

   KafkaAutoConfiguration:
      Did not match:
         - @ConditionalOnClass did not find required class 'org.springframework.kafka.core.KafkaTemplate' (OnClassCondition)

   LdapAutoConfiguration:
      Did not match:
         - @ConditionalOnClass did not find required class 'org.springframework.ldap.core.ContextSource' (OnClassCondition)

   LdapRepositoriesAutoConfiguration:
      Did not match:
         - @ConditionalOnClass did not find required class 'org.springframework.data.ldap.repository.LdapRepository' (OnClassCondition)

   LiquibaseAutoConfiguration:
      Did not match:
         - @ConditionalOnClass did not find required class 'liquibase.change.DatabaseChange' (OnClassCondition)

   MailSenderJndiConfiguration:
      Did not match:
         - @ConditionalOnProperty (spring.mail.jndi-name) did not find property 'jndi-name' (OnPropertyCondition)
      Matched:
         - @ConditionalOnClass found required class 'javax.mail.Session' (OnClassCondition)

   MailSenderValidatorAutoConfiguration:
      Did not match:
         - @ConditionalOnProperty (spring.mail.test-connection) did not find property 'test-connection' (OnPropertyCondition)

   MessageSourceAutoConfiguration:
      Did not match:
         - ResourceBundle did not find bundle with basename messages (MessageSourceAutoConfiguration.ResourceBundleCondition)

   MongoAutoConfiguration:
      Did not match:
         - @ConditionalOnClass did not find required class 'com.mongodb.client.MongoClient' (OnClassCondition)

   MongoDataAutoConfiguration:
      Did not match:
         - @ConditionalOnClass did not find required class 'com.mongodb.client.MongoClient' (OnClassCondition)

   MongoReactiveAutoConfiguration:
      Did not match:
         - @ConditionalOnClass did not find required class 'com.mongodb.reactivestreams.client.MongoClient' (OnClassCondition)

   MongoReactiveDataAutoConfiguration:
      Did not match:
         - @ConditionalOnClass did not find required class 'com.mongodb.reactivestreams.client.MongoClient' (OnClassCondition)

   MongoReactiveRepositoriesAutoConfiguration:
      Did not match:
         - @ConditionalOnClass did not find required class 'com.mongodb.reactivestreams.client.MongoClient' (OnClassCondition)

   MongoRepositoriesAutoConfiguration:
      Did not match:
         - @ConditionalOnClass did not find required class 'com.mongodb.client.MongoClient' (OnClassCondition)

   MultipleOpenApiSupportConfiguration:
      Did not match:
         - AnyNestedCondition 0 matched 2 did not; NestedCondition on MultipleOpenApiSupportCondition.OnActuatorDifferentPort @ConditionalOnProperty (springdoc.show-actuator) did not find property 'springdoc.show-actuator'; NestedCondition on MultipleOpenApiSupportCondition.OnMultipleOpenApiSupportCondition AnyNestedCondition 0 matched 2 did not; NestedCondition on MultipleOpenApiGroupsCondition.OnGroupConfigProperty @ConditionalOnProperty (springdoc.group-configs[0].group) did not find property 'springdoc.group-configs[0].group'; NestedCondition on MultipleOpenApiGroupsCondition.OnGroupedOpenApiBean @ConditionalOnBean (types: org.springdoc.core.GroupedOpenApi; SearchStrategy: all) did not find any beans of type org.springdoc.core.GroupedOpenApi (MultipleOpenApiSupportCondition)
      Matched:
         - found 'session' scope (OnWebApplicationCondition)
         - @ConditionalOnProperty (springdoc.api-docs.enabled) matched (OnPropertyCondition)

   MultipleOpenApiSupportConfiguration.SpringDocWebMvcActuatorDifferentConfiguration:
      Did not match:
         - @ConditionalOnClass did not find required class 'org.springframework.boot.actuate.endpoint.web.servlet.WebMvcEndpointHandlerMapping' (OnClassCondition)
         - Ancestor org.springdoc.webmvc.core.MultipleOpenApiSupportConfiguration did not match (ConditionEvaluationReport.AncestorsMatchedCondition)

   MustacheAutoConfiguration:
      Did not match:
         - @ConditionalOnClass did not find required class 'com.samskivert.mustache.Mustache' (OnClassCondition)

   Neo4jAutoConfiguration:
      Did not match:
         - @ConditionalOnClass did not find required class 'org.neo4j.driver.Driver' (OnClassCondition)

   Neo4jDataAutoConfiguration:
      Did not match:
         - @ConditionalOnClass did not find required class 'org.neo4j.driver.Driver' (OnClassCondition)

   Neo4jReactiveDataAutoConfiguration:
      Did not match:
         - @ConditionalOnClass did not find required class 'org.neo4j.driver.Driver' (OnClassCondition)

   Neo4jReactiveRepositoriesAutoConfiguration:
      Did not match:
         - @ConditionalOnClass did not find required class 'org.neo4j.driver.Driver' (OnClassCondition)

   Neo4jRepositoriesAutoConfiguration:
      Did not match:
         - @ConditionalOnClass did not find required class 'org.neo4j.driver.Driver' (OnClassCondition)

   NettyAutoConfiguration:
      Did not match:
         - @ConditionalOnClass did not find required class 'io.netty.util.NettyRuntime' (OnClassCondition)

   OAuth2ClientAutoConfiguration:
      Did not match:
         - @ConditionalOnClass did not find required class 'org.springframework.security.config.annotation.web.configuration.EnableWebSecurity' (OnClassCondition)

   OAuth2ResourceServerAutoConfiguration:
      Did not match:
         - @ConditionalOnClass did not find required class 'org.springframework.security.oauth2.server.resource.BearerTokenAuthenticationToken' (OnClassCondition)

   ProjectInfoAutoConfiguration#buildProperties:
      Did not match:
         - @ConditionalOnResource did not find resource '${spring.info.build.location:classpath:META-INF/build-info.properties}' (OnResourceCondition)

   ProjectInfoAutoConfiguration#gitProperties:
      Did not match:
         - GitResource did not find git info at classpath:git.properties (ProjectInfoAutoConfiguration.GitResourceAvailableCondition)

   QuartzAutoConfiguration:
      Did not match:
         - @ConditionalOnClass did not find required class 'org.quartz.Scheduler' (OnClassCondition)

   R2dbcAutoConfiguration:
      Did not match:
         - @ConditionalOnClass did not find required class 'io.r2dbc.spi.ConnectionFactory' (OnClassCondition)

   R2dbcDataAutoConfiguration:
      Did not match:
         - @ConditionalOnClass did not find required class 'org.springframework.data.r2dbc.core.R2dbcEntityTemplate' (OnClassCondition)

   R2dbcInitializationConfiguration:
      Did not match:
         - @ConditionalOnClass did not find required classes 'io.r2dbc.spi.ConnectionFactory', 'org.springframework.r2dbc.connection.init.DatabasePopulator' (OnClassCondition)

   R2dbcRepositoriesAutoConfiguration:
      Did not match:
         - @ConditionalOnClass did not find required class 'io.r2dbc.spi.ConnectionFactory' (OnClassCondition)

   R2dbcTransactionManagerAutoConfiguration:
      Did not match:
         - @ConditionalOnClass did not find required class 'org.springframework.r2dbc.connection.R2dbcTransactionManager' (OnClassCondition)

   RSocketGraphQlClientAutoConfiguration:
      Did not match:
         - @ConditionalOnClass did not find required class 'graphql.GraphQL' (OnClassCondition)

   RSocketMessagingAutoConfiguration:
      Did not match:
         - @ConditionalOnClass did not find required class 'io.rsocket.RSocket' (OnClassCondition)

   RSocketRequesterAutoConfiguration:
      Did not match:
         - @ConditionalOnClass did not find required class 'io.rsocket.RSocket' (OnClassCondition)

   RSocketSecurityAutoConfiguration:
      Did not match:
         - @ConditionalOnClass did not find required class 'org.springframework.security.rsocket.core.SecuritySocketAcceptorInterceptor' (OnClassCondition)

   RSocketServerAutoConfiguration:
      Did not match:
         - @ConditionalOnClass did not find required class 'io.rsocket.core.RSocketServer' (OnClassCondition)

   RSocketStrategiesAutoConfiguration:
      Did not match:
         - @ConditionalOnClass did not find required class 'io.netty.buffer.PooledByteBufAllocator' (OnClassCondition)

   RabbitAutoConfiguration:
      Did not match:
         - @ConditionalOnClass did not find required class 'com.rabbitmq.client.Channel' (OnClassCondition)

   ReactiveElasticsearchRepositoriesAutoConfiguration:
      Did not match:
         - @ConditionalOnClass did not find required class 'org.springframework.data.elasticsearch.client.reactive.ReactiveElasticsearchClient' (OnClassCondition)

   ReactiveElasticsearchRestClientAutoConfiguration:
      Did not match:
         - @ConditionalOnClass did not find required class 'reactor.netty.http.client.HttpClient' (OnClassCondition)

   ReactiveMultipartAutoConfiguration:
      Did not match:
         - @ConditionalOnClass did not find required class 'org.springframework.web.reactive.config.WebFluxConfigurer' (OnClassCondition)

   ReactiveOAuth2ClientAutoConfiguration:
      Did not match:
         - @ConditionalOnClass did not find required class 'reactor.core.publisher.Flux' (OnClassCondition)

   ReactiveOAuth2ResourceServerAutoConfiguration:
      Did not match:
         - @ConditionalOnClass did not find required class 'org.springframework.security.config.annotation.web.reactive.EnableWebFluxSecurity' (OnClassCondition)

   ReactiveSecurityAutoConfiguration:
      Did not match:
         - @ConditionalOnClass did not find required class 'reactor.core.publisher.Flux' (OnClassCondition)

   ReactiveUserDetailsServiceAutoConfiguration:
      Did not match:
         - @ConditionalOnClass did not find required class 'org.springframework.security.authentication.ReactiveAuthenticationManager' (OnClassCondition)

   ReactiveWebServerFactoryAutoConfiguration:
      Did not match:
         - @ConditionalOnWebApplication did not find reactive web application classes (OnWebApplicationCondition)

   RedisAutoConfiguration:
      Did not match:
         - @ConditionalOnClass did not find required class 'org.springframework.data.redis.core.RedisOperations' (OnClassCondition)

   RedisCacheConfiguration:
      Did not match:
         - @ConditionalOnClass did not find required class 'org.springframework.data.redis.connection.RedisConnectionFactory' (OnClassCondition)

   RedisReactiveAutoConfiguration:
      Did not match:
         - @ConditionalOnClass did not find required class 'reactor.core.publisher.Flux' (OnClassCondition)

   RedisRepositoriesAutoConfiguration:
      Did not match:
         - @ConditionalOnClass did not find required class 'org.springframework.data.redis.repository.configuration.EnableRedisRepositories' (OnClassCondition)

   RepositoryRestMvcAutoConfiguration:
      Did not match:
         - @ConditionalOnClass did not find required class 'org.springframework.data.rest.webmvc.config.RepositoryRestMvcConfiguration' (OnClassCondition)

   Saml2RelyingPartyAutoConfiguration:
      Did not match:
         - @ConditionalOnClass did not find required class 'org.springframework.security.saml2.provider.service.registration.RelyingPartyRegistrationRepository' (OnClassCondition)

   SecurityAutoConfiguration:
      Did not match:
         - @ConditionalOnClass did not find required class 'org.springframework.security.authentication.DefaultAuthenticationEventPublisher' (OnClassCondition)

   SecurityFilterAutoConfiguration:
      Did not match:
         - @ConditionalOnClass did not find required class 'org.springframework.security.config.http.SessionCreationPolicy' (OnClassCondition)

   SendGridAutoConfiguration:
      Did not match:
         - @ConditionalOnClass did not find required class 'com.sendgrid.SendGrid' (OnClassCondition)

   ServletWebServerFactoryAutoConfiguration.ForwardedHeaderFilterConfiguration:
      Did not match:
         - @ConditionalOnProperty (server.forward-headers-strategy=framework) did not find property 'server.forward-headers-strategy' (OnPropertyCondition)

   ServletWebServerFactoryConfiguration.EmbeddedJetty:
      Did not match:
         - @ConditionalOnClass did not find required classes 'org.eclipse.jetty.server.Server', 'org.eclipse.jetty.util.Loader', 'org.eclipse.jetty.webapp.WebAppContext' (OnClassCondition)

   ServletWebServerFactoryConfiguration.EmbeddedUndertow:
      Did not match:
         - @ConditionalOnClass did not find required classes 'io.undertow.Undertow', 'org.xnio.SslClientAuthMode' (OnClassCondition)

   SessionAutoConfiguration:
      Did not match:
         - @ConditionalOnClass did not find required class 'org.springframework.session.Session' (OnClassCondition)

   SolrAutoConfiguration:
      Did not match:
         - @ConditionalOnClass did not find required class 'org.apache.solr.client.solrj.impl.CloudSolrClient' (OnClassCondition)

   SpringApplicationAdminJmxAutoConfiguration:
      Did not match:
         - @ConditionalOnProperty (spring.application.admin.enabled=true) did not find property 'enabled' (OnPropertyCondition)

   SpringDataWebAutoConfiguration:
      Did not match:
         - @ConditionalOnClass did not find required class 'org.springframework.data.web.PageableHandlerMethodArgumentResolver' (OnClassCondition)

   SpringDocConfiguration#propertiesResolverForSchema:
      Did not match:
         - @ConditionalOnProperty (springdoc.api-docs.resolve-schema-properties) did not find property 'springdoc.api-docs.resolve-schema-properties' (OnPropertyCondition)

   SpringDocConfiguration#propertyCustomizingConverter:
      Did not match:
         - @ConditionalOnBean (types: org.springdoc.core.customizers.PropertyCustomizer; SearchStrategy: all) did not find any beans of type org.springdoc.core.customizers.PropertyCustomizer (OnBeanCondition)

   SpringDocConfiguration#springdocBeanFactoryPostProcessor:
      Did not match:
         - AnyNestedCondition 0 matched 2 did not; NestedCondition on CacheOrGroupedOpenApiCondition.OnCacheDisabled found non-matching nested conditions @ConditionalOnProperty (springdoc.cache.disabled) did not find property 'springdoc.cache.disabled'; NestedCondition on CacheOrGroupedOpenApiCondition.OnMultipleOpenApiSupportCondition AnyNestedCondition 0 matched 2 did not; NestedCondition on MultipleOpenApiSupportCondition.OnActuatorDifferentPort @ConditionalOnProperty (springdoc.show-actuator) did not find property 'springdoc.show-actuator'; NestedCondition on MultipleOpenApiSupportCondition.OnMultipleOpenApiSupportCondition AnyNestedCondition 0 matched 2 did not; NestedCondition on MultipleOpenApiGroupsCondition.OnGroupConfigProperty @ConditionalOnProperty (springdoc.group-configs[0].group) did not find property 'springdoc.group-configs[0].group'; NestedCondition on MultipleOpenApiGroupsCondition.OnGroupedOpenApiBean @ConditionalOnBean (types: org.springdoc.core.GroupedOpenApi; SearchStrategy: all) did not find any beans of type org.springdoc.core.GroupedOpenApi (CacheOrGroupedOpenApiCondition)
      Matched:
         - @ConditionalOnClass found required class 'org.springframework.boot.context.properties.bind.BindResult' (OnClassCondition)

   SpringDocConfiguration#springdocBeanFactoryPostProcessor2:
      Did not match:
         - @ConditionalOnMissingClass found unwanted class 'org.springframework.boot.context.properties.bind.BindResult' (OnClassCondition)

   SpringDocConfiguration.SpringDocActuatorConfiguration:
      Did not match:
         - @ConditionalOnClass did not find required class 'org.springframework.boot.actuate.autoconfigure.endpoint.web.WebEndpointProperties' (OnClassCondition)

   SpringDocConfiguration.SpringDocFunctionCatalogConfiguration:
      Did not match:
         - @ConditionalOnClass did not find required class 'org.springframework.cloud.function.web.function.FunctionEndpointInitializer' (OnClassCondition)

   SpringDocConfiguration.SpringDocPageableConfiguration:
      Did not match:
         - @ConditionalOnClass did not find required class 'org.springframework.data.domain.Pageable' (OnClassCondition)

   SpringDocConfiguration.SpringDocRepositoryRestConfiguration:
      Did not match:
         - @ConditionalOnClass did not find required class 'org.springframework.data.rest.core.config.RepositoryRestConfiguration' (OnClassCondition)

   SpringDocConfiguration.SpringDocSortConfiguration:
      Did not match:
         - @ConditionalOnClass did not find required class 'org.springframework.data.domain.Sort' (OnClassCondition)

   SpringDocConfiguration.SpringDocWebFluxSupportConfiguration:
      Did not match:
         - @ConditionalOnClass did not find required class 'reactor.core.publisher.Flux' (OnClassCondition)

   SpringDocWebMvcConfiguration.SpringDocWebMvcActuatorConfiguration:
      Did not match:
         - @ConditionalOnClass did not find required class 'org.springframework.boot.actuate.endpoint.web.servlet.WebMvcEndpointHandlerMapping' (OnClassCondition)

   SwaggerConfig#springWebProvider:
      Did not match:
         - @ConditionalOnMissingBean (types: org.springdoc.core.providers.SpringWebProvider; SearchStrategy: all) found beans of type 'org.springdoc.core.providers.SpringWebProvider' springWebProvider (OnBeanCondition)

   SwaggerConfig#swaggerUiConfigParameters:
      Did not match:
         - @ConditionalOnMissingBean (types: org.springdoc.core.SwaggerUiConfigParameters; SearchStrategy: all) found beans of type 'org.springdoc.core.SwaggerUiConfigParameters' org.springdoc.core.SwaggerUiConfigParameters (OnBeanCondition)

   SwaggerConfig#swaggerUiHome:
      Did not match:
         - @ConditionalOnProperty (springdoc.swagger-ui.use-root-path=true) did not find property 'springdoc.swagger-ui.use-root-path' (OnPropertyCondition)

   SwaggerConfig.SwaggerActuatorWelcomeConfiguration:
      Did not match:
         - @ConditionalOnClass did not find required class 'org.springframework.boot.actuate.endpoint.web.servlet.WebMvcEndpointHandlerMapping' (OnClassCondition)

   TaskSchedulingAutoConfiguration#scheduledBeanLazyInitializationExcludeFilter:
      Did not match:
         - @ConditionalOnBean (names: org.springframework.context.annotation.internalScheduledAnnotationProcessor; SearchStrategy: all) did not find any beans named org.springframework.context.annotation.internalScheduledAnnotationProcessor (OnBeanCondition)

   TaskSchedulingAutoConfiguration#taskScheduler:
      Did not match:
         - @ConditionalOnBean (names: org.springframework.context.annotation.internalScheduledAnnotationProcessor; SearchStrategy: all) did not find any beans named org.springframework.context.annotation.internalScheduledAnnotationProcessor (OnBeanCondition)

   ThymeleafAutoConfiguration:
      Did not match:
         - @ConditionalOnClass did not find required class 'org.thymeleaf.spring5.SpringTemplateEngine' (OnClassCondition)

   TransactionAutoConfiguration#transactionalOperator:
      Did not match:
         - @ConditionalOnSingleCandidate (types: org.springframework.transaction.ReactiveTransactionManager; SearchStrategy: all) did not find any beans (OnBeanCondition)

   TransactionAutoConfiguration.AspectJTransactionManagementConfiguration:
      Did not match:
         - @ConditionalOnBean did not find required type 'org.springframework.transaction.aspectj.AbstractTransactionAspect' (OnBeanCondition)
         - @ConditionalOnBean (types: org.springframework.transaction.aspectj.AbstractTransactionAspect; SearchStrategy: all) did not find any beans of type org.springframework.transaction.aspectj.AbstractTransactionAspect (OnBeanCondition)

   TransactionAutoConfiguration.EnableTransactionManagementConfiguration.JdkDynamicAutoProxyConfiguration:
      Did not match:
         - @ConditionalOnProperty (spring.aop.proxy-target-class=false) did not find property 'proxy-target-class' (OnPropertyCondition)

   UserDetailsServiceAutoConfiguration:
      Did not match:
         - @ConditionalOnClass did not find required class 'org.springframework.security.authentication.AuthenticationManager' (OnClassCondition)

   WebClientAutoConfiguration:
      Did not match:
         - @ConditionalOnClass did not find required class 'org.springframework.web.reactive.function.client.WebClient' (OnClassCondition)

   WebFluxAutoConfiguration:
      Did not match:
         - @ConditionalOnClass did not find required class 'org.springframework.web.reactive.config.WebFluxConfigurer' (OnClassCondition)

   WebMvcAutoConfiguration#hiddenHttpMethodFilter:
      Did not match:
         - @ConditionalOnProperty (spring.mvc.hiddenmethod.filter.enabled) did not find property 'enabled' (OnPropertyCondition)

   WebMvcAutoConfiguration.ResourceChainCustomizerConfiguration:
      Did not match:
         - @ConditionalOnEnabledResourceChain did not find class org.webjars.WebJarAssetLocator (OnEnabledResourceChainCondition)

   WebMvcAutoConfiguration.WebMvcAutoConfigurationAdapter#beanNameViewResolver:
      Did not match:
         - @ConditionalOnMissingBean (types: org.springframework.web.servlet.view.BeanNameViewResolver; SearchStrategy: all) found beans of type 'org.springframework.web.servlet.view.BeanNameViewResolver' beanNameViewResolver (OnBeanCondition)

   WebServiceTemplateAutoConfiguration:
      Did not match:
         - @ConditionalOnClass did not find required class 'org.springframework.oxm.Marshaller' (OnClassCondition)

   WebServicesAutoConfiguration:
      Did not match:
         - @ConditionalOnClass did not find required class 'org.springframework.ws.transport.http.MessageDispatcherServlet' (OnClassCondition)

   WebSessionIdResolverAutoConfiguration:
      Did not match:
         - @ConditionalOnClass did not find required class 'reactor.core.publisher.Mono' (OnClassCondition)

   WebSocketMessagingAutoConfiguration:
      Did not match:
         - @ConditionalOnClass did not find required class 'org.springframework.web.socket.config.annotation.WebSocketMessageBrokerConfigurer' (OnClassCondition)

   WebSocketReactiveAutoConfiguration:
      Did not match:
         - @ConditionalOnWebApplication did not find reactive web application classes (OnWebApplicationCondition)

   WebSocketServletAutoConfiguration.Jetty10WebSocketConfiguration:
      Did not match:
         - @ConditionalOnClass did not find required classes 'org.eclipse.jetty.websocket.javax.server.internal.JavaxWebSocketServerContainer', 'org.eclipse.jetty.websocket.server.JettyWebSocketServerContainer' (OnClassCondition)

   WebSocketServletAutoConfiguration.JettyWebSocketConfiguration:
      Did not match:
         - @ConditionalOnClass did not find required class 'org.eclipse.jetty.websocket.jsr356.server.deploy.WebSocketServerContainerInitializer' (OnClassCondition)

   WebSocketServletAutoConfiguration.UndertowWebSocketConfiguration:
      Did not match:
         - @ConditionalOnClass did not find required class 'io.undertow.websockets.jsr.Bootstrap' (OnClassCondition)

   XADataSourceAutoConfiguration:
      Did not match:
         - @ConditionalOnClass did not find required class 'javax.transaction.TransactionManager' (OnClassCondition)


Exclusions:
-----------

    None


Unconditional classes:
----------------------

    org.springframework.boot.autoconfigure.context.ConfigurationPropertiesAutoConfiguration

    org.springframework.boot.autoconfigure.context.LifecycleAutoConfiguration

    org.springframework.boot.autoconfigure.context.PropertyPlaceholderAutoConfiguration

    org.springframework.boot.autoconfigure.availability.ApplicationAvailabilityAutoConfiguration

    org.springframework.boot.autoconfigure.info.ProjectInfoAutoConfiguration



2026-08-04 18:16:31.944  INFO 10992 --- [           main] c.e.T.TigoStarSystemApplication          : Started TigoStarSystemApplication in 7.465 seconds (JVM running for 8.039)
2026-08-04 18:16:31.948 DEBUG 10992 --- [           main] o.s.b.a.ApplicationAvailabilityBean      : Application availability state LivenessState changed to CORRECT
2026-08-04 18:16:31.950  INFO 10992 --- [           main] c.e.T.config.StartupInfoLogger           : spring.profiles.active=[jtds]
2026-08-04 18:16:31.951  INFO 10992 --- [           main] c.e.T.config.StartupInfoLogger           : spring.datasource.url=jdbc:jtds:sqlserver://tigo.makiro.com.bo/BDPrueba;socketTimeout=0;loginTimeout=60
2026-08-04 18:16:31.953  INFO 10992 --- [           main] c.e.T.config.StartupInfoLogger           : spring.datasource.driver-class-name=net.sourceforge.jtds.jdbc.Driver
2026-08-04 18:16:31.954  INFO 10992 --- [           main] c.e.T.config.StartupInfoLogger           : app.central.datasource.url=jdbc:jtds:sqlserver://172.16.0.13/BDControlOrdenes
2026-08-04 18:16:31.955  INFO 10992 --- [           main] c.e.T.config.StartupInfoLogger           : app.central.datasource.driver-class-name=net.sourceforge.jtds.jdbc.Driver
2026-08-04 18:16:31.956  INFO 10992 --- [           main] c.e.T.config.StartupInfoLogger           : app.cuadrilla.mail.enabled=true
2026-08-04 18:16:31.957  INFO 10992 --- [           main] c.e.T.config.StartupInfoLogger           : app.cuadrilla.mail.to=cabrerajosue715@gmail.com
2026-08-04 18:16:31.958  INFO 10992 --- [           main] c.e.T.config.StartupInfoLogger           : app.cuadrilla.mail.from=sistemas_sc@makiro.com.bo
2026-08-04 18:16:31.959  INFO 10992 --- [           main] c.e.T.config.StartupInfoLogger           : spring.mail.host=vps-1537170-x.dattaweb.com
2026-08-04 18:16:31.961  INFO 10992 --- [           main] c.e.T.config.StartupInfoLogger           : spring.mail.port=587
2026-08-04 18:16:31.962  INFO 10992 --- [           main] c.e.T.config.StartupInfoLogger           : java.version=1.8.0_362
2026-08-04 18:16:31.963  INFO 10992 --- [           main] c.e.T.config.StartupInfoLogger           : java.home=C:\Program Files\BellSoft\LibericaJDK-8-Full\jre
2026-08-04 18:16:31.963  INFO 10992 --- [           main] c.e.T.config.StartupInfoLogger           : java.security.properties=C:\Users\JOSUE CABRERA\Downloads\backot-back01062026\config\java.security.override
2026-08-04 18:16:31.964  INFO 10992 --- [           main] c.e.T.config.StartupInfoLogger           : jdk.tls.client.protocols=TLSv1,TLSv1.1,TLSv1.2
2026-08-04 18:16:31.965  INFO 10992 --- [           main] c.e.T.config.StartupInfoLogger           : https.protocols=TLSv1,TLSv1.1,TLSv1.2
2026-08-04 18:16:31.966  INFO 10992 --- [           main] c.e.T.config.StartupInfoLogger           : jdk.tls.disabledAlgorithms=SSLv3, DTLSv1.0, anon, NULL
2026-08-04 18:16:31.970 DEBUG 10992 --- [           main] o.s.b.a.ApplicationAvailabilityBean      : Application availability state ReadinessState changed to ACCEPTING_TRAFFIC
2026-08-04 18:16:59.256 DEBUG 10992 --- [ool housekeeper] com.zaxxer.hikari.pool.HikariPool        : CentralHikariPool - Before cleanup stats (total=0, active=0, idle=0, waiting=0)
2026-08-04 18:16:59.257 DEBUG 10992 --- [ool housekeeper] com.zaxxer.hikari.pool.HikariPool        : CentralHikariPool - After cleanup  stats (total=0, active=0, idle=0, waiting=0)
2026-08-04 18:16:59.258 DEBUG 10992 --- [ool housekeeper] com.zaxxer.hikari.pool.HikariPool        : CentralHikariPool - Fill pool skipped, pool is at sufficient level.
2026-08-04 18:16:59.319 DEBUG 10992 --- [l-1 housekeeper] com.zaxxer.hikari.pool.HikariPool        : HikariPool-1 - Before cleanup stats (total=1, active=0, idle=1, waiting=0)
2026-08-04 18:16:59.321 DEBUG 10992 --- [l-1 housekeeper] com.zaxxer.hikari.pool.HikariPool        : HikariPool-1 - After cleanup  stats (total=1, active=0, idle=1, waiting=0)
2026-08-04 18:16:59.321 DEBUG 10992 --- [l-1 housekeeper] com.zaxxer.hikari.pool.HikariPool        : HikariPool-1 - Fill pool skipped, pool is at sufficient level.
2026-08-04 18:17:00.247 DEBUG 10992 --- [ool housekeeper] com.zaxxer.hikari.pool.HikariPool        : TigoHogarHikariPool - Before cleanup stats (total=0, active=0, idle=0, waiting=0)
2026-08-04 18:17:00.250 DEBUG 10992 --- [ool housekeeper] com.zaxxer.hikari.pool.HikariPool        : TigoHogarHikariPool - After cleanup  stats (total=0, active=0, idle=0, waiting=0)
2026-08-04 18:17:00.250 DEBUG 10992 --- [ool housekeeper] com.zaxxer.hikari.pool.HikariPool        : TigoHogarHikariPool - Fill pool skipped, pool is at sufficient level.
2026-08-04 18:17:15.253  INFO 10992 --- [nio-9060-exec-3] o.a.c.c.C.[Tomcat].[localhost].[/]       : Initializing Spring DispatcherServlet 'dispatcherServlet'
2026-08-04 18:17:15.260  INFO 10992 --- [nio-9060-exec-3] o.s.web.servlet.DispatcherServlet        : Initializing Servlet 'dispatcherServlet'
2026-08-04 18:17:15.269 DEBUG 10992 --- [nio-9060-exec-3] o.s.web.servlet.DispatcherServlet        : Detected StandardServletMultipartResolver
2026-08-04 18:17:15.277 DEBUG 10992 --- [nio-9060-exec-3] o.s.web.servlet.DispatcherServlet        : Detected AcceptHeaderLocaleResolver
2026-08-04 18:17:15.279 DEBUG 10992 --- [nio-9060-exec-3] o.s.web.servlet.DispatcherServlet        : Detected FixedThemeResolver
2026-08-04 18:17:15.283 DEBUG 10992 --- [nio-9060-exec-3] o.s.web.servlet.DispatcherServlet        : Detected org.springframework.web.servlet.view.DefaultRequestToViewNameTranslator@bc8ece7
2026-08-04 18:17:15.285 DEBUG 10992 --- [nio-9060-exec-3] o.s.web.servlet.DispatcherServlet        : Detected org.springframework.web.servlet.support.SessionFlashMapManager@5faf8ee4
2026-08-04 18:17:15.288 DEBUG 10992 --- [nio-9060-exec-3] o.s.web.servlet.DispatcherServlet        : enableLoggingRequestDetails='false': request parameters and headers will be masked to prevent unsafe logging of potentially sensitive data
2026-08-04 18:17:15.290  INFO 10992 --- [nio-9060-exec-3] o.s.web.servlet.DispatcherServlet        : Completed initialization in 21 ms
2026-08-04 18:17:15.323 DEBUG 10992 --- [nio-9060-exec-3] o.s.web.servlet.DispatcherServlet        : GET "/auth/me", parameters={}
2026-08-04 18:17:15.323 DEBUG 10992 --- [nio-9060-exec-1] o.s.web.servlet.DispatcherServlet        : GET "/auth/me", parameters={}
2026-08-04 18:17:15.333 DEBUG 10992 --- [nio-9060-exec-1] s.w.s.m.m.a.RequestMappingHandlerMapping : Mapped to com.example.TigoStarSystem.auth.controller.AuthController#me(String)
2026-08-04 18:17:15.333 DEBUG 10992 --- [nio-9060-exec-3] s.w.s.m.m.a.RequestMappingHandlerMapping : Mapped to com.example.TigoStarSystem.auth.controller.AuthController#me(String)
2026-08-04 18:17:15.682 DEBUG 10992 --- [nio-9060-exec-3] o.s.w.s.m.m.a.HttpEntityMethodProcessor  : Using 'application/json', given [application/json, text/plain, */*] and supported [application/json, application/*+json, application/json, application/*+json]
2026-08-04 18:17:15.682 DEBUG 10992 --- [nio-9060-exec-1] o.s.w.s.m.m.a.HttpEntityMethodProcessor  : Using 'application/json', given [application/json, text/plain, */*] and supported [application/json, application/*+json, application/json, application/*+json]
2026-08-04 18:17:15.684 DEBUG 10992 --- [nio-9060-exec-1] o.s.w.s.m.m.a.HttpEntityMethodProcessor  : Writing [com.example.TigoStarSystem.common.ApiResponse@5fa84523]
2026-08-04 18:17:15.684 DEBUG 10992 --- [nio-9060-exec-3] o.s.w.s.m.m.a.HttpEntityMethodProcessor  : Writing [com.example.TigoStarSystem.common.ApiResponse@62f54081]
2026-08-04 18:17:15.716 DEBUG 10992 --- [nio-9060-exec-3] o.s.web.servlet.DispatcherServlet        : Completed 200 OK
2026-08-04 18:17:15.716 DEBUG 10992 --- [nio-9060-exec-1] o.s.web.servlet.DispatcherServlet        : Completed 200 OK
2026-08-04 18:17:15.732 DEBUG 10992 --- [nio-9060-exec-4] o.s.web.servlet.DispatcherServlet        : GET "/auth/permisos", parameters={}
2026-08-04 18:17:15.734 DEBUG 10992 --- [nio-9060-exec-4] s.w.s.m.m.a.RequestMappingHandlerMapping : Mapped to com.example.TigoStarSystem.auth.controller.AuthPermisosController#permisos(String)
2026-08-04 18:17:15.745  INFO 10992 --- [nio-9060-exec-4] c.e.T.p.service.PrivilegioService        : [PERMISOS] idUsuarioSesion=0, rolSesion=sistemas, backupContexto=false, backupTemporal=false, idGrupo=null, idSupervisorContexto=null, idRolPermisos=4, idUsuarioPermisos=0
2026-08-04 18:17:15.746 DEBUG 10992 --- [nio-9060-exec-4] o.s.jdbc.core.JdbcTemplate               : Executing SQL query [EXEC dbo.spx_ObtenerPrivilegiosRoles]
2026-08-04 18:17:15.746 DEBUG 10992 --- [nio-9060-exec-4] o.s.jdbc.datasource.DataSourceUtils      : Fetching JDBC Connection from DataSource
2026-08-04 18:17:16.363  INFO 10992 --- [onnection adder] com.zaxxer.hikari.pool.PoolBase          : CentralHikariPool - Driver does not support get/set network timeout for connections. (null)
2026-08-04 18:17:16.367 DEBUG 10992 --- [onnection adder] com.zaxxer.hikari.pool.HikariPool        : CentralHikariPool - Added connection net.sourceforge.jtds.jdbc.JtdsConnection@1712be93
2026-08-04 18:17:16.373 DEBUG 10992 --- [nio-9060-exec-4] o.s.jdbc.core.JdbcTemplate               : Executing prepared SQL query
2026-08-04 18:17:16.374 DEBUG 10992 --- [nio-9060-exec-4] o.s.jdbc.core.JdbcTemplate               : Executing prepared SQL statement [EXEC dbo.spx_ObtenerPrivilegiosRolDetalle ?]
2026-08-04 18:17:16.374 DEBUG 10992 --- [nio-9060-exec-4] o.s.jdbc.datasource.DataSourceUtils      : Fetching JDBC Connection from DataSource
2026-08-04 18:17:16.414 DEBUG 10992 --- [nio-9060-exec-4] o.s.w.s.m.m.a.HttpEntityMethodProcessor  : Using 'application/json', given [application/json, text/plain, */*] and supported [application/json, application/*+json, application/json, application/*+json]
2026-08-04 18:17:16.415 DEBUG 10992 --- [nio-9060-exec-4] o.s.w.s.m.m.a.HttpEntityMethodProcessor  : Writing [com.example.TigoStarSystem.common.ApiResponse@23dff30]
2026-08-04 18:17:16.421 DEBUG 10992 --- [nio-9060-exec-4] o.s.web.servlet.DispatcherServlet        : Completed 200 OK
2026-08-04 18:17:16.427 DEBUG 10992 --- [nio-9060-exec-5] o.s.web.servlet.DispatcherServlet        : GET "/auth/permisos", parameters={}
2026-08-04 18:17:16.428 DEBUG 10992 --- [nio-9060-exec-5] s.w.s.m.m.a.RequestMappingHandlerMapping : Mapped to com.example.TigoStarSystem.auth.controller.AuthPermisosController#permisos(String)
2026-08-04 18:17:16.430  INFO 10992 --- [nio-9060-exec-5] c.e.T.p.service.PrivilegioService        : [PERMISOS] idUsuarioSesion=0, rolSesion=sistemas, backupContexto=false, backupTemporal=false, idGrupo=null, idSupervisorContexto=null, idRolPermisos=4, idUsuarioPermisos=0
2026-08-04 18:17:16.431 DEBUG 10992 --- [nio-9060-exec-5] o.s.jdbc.core.JdbcTemplate               : Executing SQL query [EXEC dbo.spx_ObtenerPrivilegiosRoles]
2026-08-04 18:17:16.432 DEBUG 10992 --- [nio-9060-exec-5] o.s.jdbc.datasource.DataSourceUtils      : Fetching JDBC Connection from DataSource
2026-08-04 18:17:16.436 DEBUG 10992 --- [nio-9060-exec-5] o.s.jdbc.core.JdbcTemplate               : Executing prepared SQL query
2026-08-04 18:17:16.437 DEBUG 10992 --- [nio-9060-exec-5] o.s.jdbc.core.JdbcTemplate               : Executing prepared SQL statement [EXEC dbo.spx_ObtenerPrivilegiosRolDetalle ?]
2026-08-04 18:17:16.437 DEBUG 10992 --- [nio-9060-exec-5] o.s.jdbc.datasource.DataSourceUtils      : Fetching JDBC Connection from DataSource
2026-08-04 18:17:16.455 DEBUG 10992 --- [nio-9060-exec-5] o.s.w.s.m.m.a.HttpEntityMethodProcessor  : Using 'application/json', given [application/json, text/plain, */*] and supported [application/json, application/*+json, application/json, application/*+json]
2026-08-04 18:17:16.456 DEBUG 10992 --- [nio-9060-exec-5] o.s.w.s.m.m.a.HttpEntityMethodProcessor  : Writing [com.example.TigoStarSystem.common.ApiResponse@700d2799]
2026-08-04 18:17:16.458 DEBUG 10992 --- [nio-9060-exec-5] o.s.web.servlet.DispatcherServlet        : Completed 200 OK
2026-08-04 18:17:16.479 DEBUG 10992 --- [nio-9060-exec-2] o.s.web.servlet.DispatcherServlet        : GET "/auth/sucursales", parameters={}
2026-08-04 18:17:16.480 DEBUG 10992 --- [nio-9060-exec-2] s.w.s.m.m.a.RequestMappingHandlerMapping : Mapped to com.example.TigoStarSystem.auth.controller.AuthController#listarSucursales()
2026-08-04 18:17:16.482  INFO 10992 --- [nio-9060-exec-2] c.e.T.auth.controller.AuthController     : Request GET /auth/sucursales
2026-08-04 18:17:16.483 DEBUG 10992 --- [nio-9060-exec-6] o.s.web.servlet.DispatcherServlet        : GET "/cuadre/sistemas/automatico/preview?fecha=2026-08-04&idSucursal=9", parameters={masked}
2026-08-04 18:17:16.484 DEBUG 10992 --- [nio-9060-exec-6] s.w.s.m.m.a.RequestMappingHandlerMapping : Mapped to com.example.TigoStarSystem.ot.controller.CuadreController#previewCuadreAutomaticoSistemas(String, LocalDate, Integer)
2026-08-04 18:17:16.487 DEBUG 10992 --- [nio-9060-exec-2] o.s.jdbc.core.JdbcTemplate               : Executing SQL query [EXEC dbo.spx_ObtenerSucursalesConexionWeb]
2026-08-04 18:17:16.488 DEBUG 10992 --- [nio-9060-exec-2] o.s.jdbc.datasource.DataSourceUtils      : Fetching JDBC Connection from DataSource
2026-08-04 18:17:16.504 DEBUG 10992 --- [nio-9060-exec-2] o.s.w.s.m.m.a.HttpEntityMethodProcessor  : Using 'application/json', given [application/json, text/plain, */*] and supported [application/json, application/*+json, application/json, application/*+json]
2026-08-04 18:17:16.505 DEBUG 10992 --- [nio-9060-exec-2] o.s.w.s.m.m.a.HttpEntityMethodProcessor  : Writing [com.example.TigoStarSystem.common.ApiResponse@5785f005]
2026-08-04 18:17:16.510 DEBUG 10992 --- [nio-9060-exec-2] o.s.web.servlet.DispatcherServlet        : Completed 200 OK
2026-08-04 18:17:16.524 DEBUG 10992 --- [nio-9060-exec-7] o.s.web.servlet.DispatcherServlet        : GET "/auth/sucursales", parameters={}
2026-08-04 18:17:16.525 DEBUG 10992 --- [nio-9060-exec-7] s.w.s.m.m.a.RequestMappingHandlerMapping : Mapped to com.example.TigoStarSystem.auth.controller.AuthController#listarSucursales()
2026-08-04 18:17:16.527  INFO 10992 --- [nio-9060-exec-7] c.e.T.auth.controller.AuthController     : Request GET /auth/sucursales
2026-08-04 18:17:16.528 DEBUG 10992 --- [nio-9060-exec-7] o.s.jdbc.core.JdbcTemplate               : Executing SQL query [EXEC dbo.spx_ObtenerSucursalesConexionWeb]
2026-08-04 18:17:16.529 DEBUG 10992 --- [nio-9060-exec-7] o.s.jdbc.datasource.DataSourceUtils      : Fetching JDBC Connection from DataSource
2026-08-04 18:17:16.535 DEBUG 10992 --- [nio-9060-exec-7] o.s.w.s.m.m.a.HttpEntityMethodProcessor  : Using 'application/json', given [application/json, text/plain, */*] and supported [application/json, application/*+json, application/json, application/*+json]
2026-08-04 18:17:16.536 DEBUG 10992 --- [nio-9060-exec-7] o.s.w.s.m.m.a.HttpEntityMethodProcessor  : Writing [com.example.TigoStarSystem.common.ApiResponse@7f0a7b15]
2026-08-04 18:17:16.538 DEBUG 10992 --- [nio-9060-exec-6] o.s.jdbc.core.JdbcTemplate               : Executing SQL query [EXEC dbo.spx_ObtenerSucursalesConexionWeb]
2026-08-04 18:17:16.538 DEBUG 10992 --- [nio-9060-exec-7] o.s.web.servlet.DispatcherServlet        : Completed 200 OK
2026-08-04 18:17:16.539 DEBUG 10992 --- [nio-9060-exec-6] o.s.jdbc.datasource.DataSourceUtils      : Fetching JDBC Connection from DataSource
2026-08-04 18:17:16.547 DEBUG 10992 --- [nio-9060-exec-6] o.s.j.d.DriverManagerDataSource          : Loaded JDBC driver: net.sourceforge.jtds.jdbc.Driver
2026-08-04 18:17:16.548 DEBUG 10992 --- [nio-9060-exec-6] o.s.jdbc.core.JdbcTemplate               : Executing prepared SQL query
2026-08-04 18:17:16.548 DEBUG 10992 --- [nio-9060-exec-6] o.s.jdbc.core.JdbcTemplate               : Executing prepared SQL statement [EXEC dbo.sp_TraerRutasNoCuadradas ?]
2026-08-04 18:17:16.549 DEBUG 10992 --- [nio-9060-exec-6] o.s.jdbc.datasource.DataSourceUtils      : Fetching JDBC Connection from DataSource
2026-08-04 18:17:16.550 DEBUG 10992 --- [nio-9060-exec-6] o.s.j.d.DriverManagerDataSource          : Creating new JDBC DriverManager Connection to [jdbc:jtds:sqlserver://tigo.makiro.com.bo/bdprueba;socketTimeout=0;loginTimeout=60]
2026-08-04 18:17:17.271 DEBUG 10992 --- [nio-9060-exec-6] o.s.w.s.m.m.a.HttpEntityMethodProcessor  : Using 'application/json', given [application/json, text/plain, */*] and supported [application/json, application/*+json, application/json, application/*+json]
2026-08-04 18:17:17.273 DEBUG 10992 --- [nio-9060-exec-6] o.s.w.s.m.m.a.HttpEntityMethodProcessor  : Writing [com.example.TigoStarSystem.common.ApiResponse@667578cd]
2026-08-04 18:17:17.280 DEBUG 10992 --- [nio-9060-exec-6] o.s.web.servlet.DispatcherServlet        : Completed 200 OK
2026-08-04 18:17:29.263 DEBUG 10992 --- [ool housekeeper] com.zaxxer.hikari.pool.HikariPool        : CentralHikariPool - Before cleanup stats (total=1, active=0, idle=1, waiting=0)
2026-08-04 18:17:29.264 DEBUG 10992 --- [ool housekeeper] com.zaxxer.hikari.pool.HikariPool        : CentralHikariPool - After cleanup  stats (total=1, active=0, idle=1, waiting=0)
2026-08-04 18:17:29.265 DEBUG 10992 --- [ool housekeeper] com.zaxxer.hikari.pool.HikariPool        : CentralHikariPool - Fill pool skipped, pool is at sufficient level.
2026-08-04 18:17:29.325 DEBUG 10992 --- [l-1 housekeeper] com.zaxxer.hikari.pool.HikariPool        : HikariPool-1 - Before cleanup stats (total=1, active=0, idle=1, waiting=0)
2026-08-04 18:17:29.326 DEBUG 10992 --- [l-1 housekeeper] com.zaxxer.hikari.pool.HikariPool        : HikariPool-1 - After cleanup  stats (total=1, active=0, idle=1, waiting=0)
2026-08-04 18:17:29.326 DEBUG 10992 --- [l-1 housekeeper] com.zaxxer.hikari.pool.HikariPool        : HikariPool-1 - Fill pool skipped, pool is at sufficient level.
2026-08-04 18:17:29.931 DEBUG 10992 --- [nio-9060-exec-8] o.s.web.servlet.DispatcherServlet        : POST "/cuadre/sistemas/automatico/iniciar?fecha=2026-08-04&idSucursal=9", parameters={masked}
2026-08-04 18:17:29.933 DEBUG 10992 --- [nio-9060-exec-8] s.w.s.m.m.a.RequestMappingHandlerMapping : Mapped to com.example.TigoStarSystem.ot.controller.CuadreController#iniciarCuadreAutomaticoSistemas(String, LocalDate, Integer)
2026-08-04 18:17:29.939 DEBUG 10992 --- [nio-9060-exec-8] o.s.w.s.m.m.a.HttpEntityMethodProcessor  : Using 'application/json', given [application/json, text/plain, */*] and supported [application/json, application/*+json, application/json, application/*+json]
2026-08-04 18:17:29.940 DEBUG 10992 --- [nio-9060-exec-8] o.s.w.s.m.m.a.HttpEntityMethodProcessor  : Writing [com.example.TigoStarSystem.common.ApiResponse@4cd4c340]
2026-08-04 18:17:29.941 DEBUG 10992 --- [nio-9060-exec-8] o.s.web.servlet.DispatcherServlet        : Completed 200 OK
2026-08-04 18:17:29.943 DEBUG 10992 --- [pool-1-thread-1] o.s.jdbc.core.JdbcTemplate               : Executing SQL query [EXEC dbo.spx_ObtenerSucursalesConexionWeb]
2026-08-04 18:17:29.944 DEBUG 10992 --- [pool-1-thread-1] o.s.jdbc.datasource.DataSourceUtils      : Fetching JDBC Connection from DataSource
2026-08-04 18:17:29.952 DEBUG 10992 --- [pool-1-thread-1] o.s.jdbc.core.JdbcTemplate               : Executing prepared SQL query
2026-08-04 18:17:29.952 DEBUG 10992 --- [pool-1-thread-1] o.s.jdbc.core.JdbcTemplate               : Executing prepared SQL statement [SELECT TOP 1 u.id_usuario AS idUsuario FROM dbo.tbl_usuario u INNER JOIN dbo.tbl_rol r ON r.id_rol = u.id_rol WHERE u.loggin = ? AND ISNULL(u.e_eliminado, 0) = 0 AND ISNULL(r.e_eliminado, 0) = 0]
2026-08-04 18:17:29.954 DEBUG 10992 --- [pool-1-thread-1] o.s.jdbc.datasource.DataSourceUtils      : Fetching JDBC Connection from DataSource
2026-08-04 18:17:29.955 DEBUG 10992 --- [pool-1-thread-1] o.s.j.d.DriverManagerDataSource          : Creating new JDBC DriverManager Connection to [jdbc:jtds:sqlserver://tigo.makiro.com.bo/bdprueba;socketTimeout=0;loginTimeout=60]
2026-08-04 18:17:29.964 DEBUG 10992 --- [nio-9060-exec-9] o.s.web.servlet.DispatcherServlet        : GET "/cuadre/sistemas/automatico/progreso/84541ae1-37c9-48ff-ad19-9e035c898959", parameters={}
2026-08-04 18:17:29.967 DEBUG 10992 --- [nio-9060-exec-9] s.w.s.m.m.a.RequestMappingHandlerMapping : Mapped to com.example.TigoStarSystem.ot.controller.CuadreController#progresoCuadreAutomaticoSistemas(String)
2026-08-04 18:17:29.983 DEBUG 10992 --- [nio-9060-exec-9] o.s.w.c.request.async.WebAsyncManager    : Started async request
2026-08-04 18:17:29.989 DEBUG 10992 --- [nio-9060-exec-9] o.s.web.servlet.DispatcherServlet        : Exiting but response remains open for further handling
2026-08-04 18:17:30.252 DEBUG 10992 --- [ool housekeeper] com.zaxxer.hikari.pool.HikariPool        : TigoHogarHikariPool - Before cleanup stats (total=0, active=0, idle=0, waiting=0)
2026-08-04 18:17:30.253 DEBUG 10992 --- [ool housekeeper] com.zaxxer.hikari.pool.HikariPool        : TigoHogarHikariPool - After cleanup  stats (total=0, active=0, idle=0, waiting=0)
2026-08-04 18:17:30.254 DEBUG 10992 --- [ool housekeeper] com.zaxxer.hikari.pool.HikariPool        : TigoHogarHikariPool - Fill pool skipped, pool is at sufficient level.
2026-08-04 18:17:30.585 DEBUG 10992 --- [pool-1-thread-1] o.s.jdbc.core.JdbcTemplate               : Executing SQL query [EXEC dbo.spx_ObtenerSucursalesConexionWeb]
2026-08-04 18:17:30.586 DEBUG 10992 --- [pool-1-thread-1] o.s.jdbc.datasource.DataSourceUtils      : Fetching JDBC Connection from DataSource
2026-08-04 18:17:30.592 DEBUG 10992 --- [pool-1-thread-1] o.s.jdbc.core.JdbcTemplate               : Executing prepared SQL query
2026-08-04 18:17:30.593 DEBUG 10992 --- [pool-1-thread-1] o.s.jdbc.core.JdbcTemplate               : Executing prepared SQL statement [SELECT TOP 1 u.id_usuario AS idUsuario FROM dbo.tbl_usuario u INNER JOIN dbo.tbl_rol r ON r.id_rol = u.id_rol WHERE u.loggin = ? AND ISNULL(u.e_eliminado, 0) = 0 AND ISNULL(r.e_eliminado, 0) = 0]
2026-08-04 18:17:30.593 DEBUG 10992 --- [pool-1-thread-1] o.s.jdbc.datasource.DataSourceUtils      : Fetching JDBC Connection from DataSource
2026-08-04 18:17:30.594 DEBUG 10992 --- [pool-1-thread-1] o.s.j.d.DriverManagerDataSource          : Creating new JDBC DriverManager Connection to [jdbc:jtds:sqlserver://tigo.makiro.com.bo/bdprueba;socketTimeout=0;loginTimeout=60]
2026-08-04 18:17:31.211 DEBUG 10992 --- [pool-1-thread-1] o.s.jdbc.core.JdbcTemplate               : Executing SQL query [EXEC dbo.spx_ObtenerSucursalesConexionWeb]
2026-08-04 18:17:31.212 DEBUG 10992 --- [pool-1-thread-1] o.s.jdbc.datasource.DataSourceUtils      : Fetching JDBC Connection from DataSource
2026-08-04 18:17:31.219 DEBUG 10992 --- [pool-1-thread-1] o.s.jdbc.core.JdbcTemplate               : Executing prepared SQL query
2026-08-04 18:17:31.220 DEBUG 10992 --- [pool-1-thread-1] o.s.jdbc.core.JdbcTemplate               : Executing prepared SQL statement [EXEC dbo.sp_TraerRutasNoCuadradas ?]
2026-08-04 18:17:31.220 DEBUG 10992 --- [pool-1-thread-1] o.s.jdbc.datasource.DataSourceUtils      : Fetching JDBC Connection from DataSource
2026-08-04 18:17:31.221 DEBUG 10992 --- [pool-1-thread-1] o.s.j.d.DriverManagerDataSource          : Creating new JDBC DriverManager Connection to [jdbc:jtds:sqlserver://tigo.makiro.com.bo/bdprueba;socketTimeout=0;loginTimeout=60]
2026-08-04 18:17:31.907 DEBUG 10992 --- [pool-1-thread-1] o.s.jdbc.core.JdbcTemplate               : Executing SQL query [EXEC dbo.spx_ObtenerSucursalesConexionWeb]
2026-08-04 18:17:31.908 DEBUG 10992 --- [pool-1-thread-1] o.s.jdbc.datasource.DataSourceUtils      : Fetching JDBC Connection from DataSource
2026-08-04 18:17:31.914 DEBUG 10992 --- [pool-1-thread-1] o.s.jdbc.core.JdbcTemplate               : Executing prepared SQL query
2026-08-04 18:17:31.915 DEBUG 10992 --- [pool-1-thread-1] o.s.jdbc.core.JdbcTemplate               : Executing prepared SQL statement [EXEC spx_ValidarCuadreRuta ?, ?]
2026-08-04 18:17:31.916 DEBUG 10992 --- [pool-1-thread-1] o.s.jdbc.datasource.DataSourceUtils      : Fetching JDBC Connection from DataSource
2026-08-04 18:17:31.916 DEBUG 10992 --- [pool-1-thread-1] o.s.j.d.DriverManagerDataSource          : Creating new JDBC DriverManager Connection to [jdbc:jtds:sqlserver://tigo.makiro.com.bo/bdprueba;socketTimeout=0;loginTimeout=60]
2026-08-04 18:17:32.423 DEBUG 10992 --- [pool-1-thread-1] o.s.jdbc.core.JdbcTemplate               : Executing SQL query [EXEC dbo.spx_ObtenerSucursalesConexionWeb]
2026-08-04 18:17:32.424 DEBUG 10992 --- [pool-1-thread-1] o.s.jdbc.datasource.DataSourceUtils      : Fetching JDBC Connection from DataSource
2026-08-04 18:17:32.431 DEBUG 10992 --- [pool-1-thread-1] o.s.jdbc.core.JdbcTemplate               : Executing prepared SQL query
2026-08-04 18:17:32.431 DEBUG 10992 --- [pool-1-thread-1] o.s.jdbc.core.JdbcTemplate               : Executing prepared SQL statement [EXEC spx_ExisteCierreAlmacenHoy ?]
2026-08-04 18:17:32.432 DEBUG 10992 --- [pool-1-thread-1] o.s.jdbc.datasource.DataSourceUtils      : Fetching JDBC Connection from DataSource
2026-08-04 18:17:32.432 DEBUG 10992 --- [pool-1-thread-1] o.s.j.d.DriverManagerDataSource          : Creating new JDBC DriverManager Connection to [jdbc:jtds:sqlserver://tigo.makiro.com.bo/bdprueba;socketTimeout=0;loginTimeout=60]
2026-08-04 18:17:33.859 DEBUG 10992 --- [pool-1-thread-1] o.s.jdbc.core.JdbcTemplate               : Executing SQL query [EXEC dbo.spx_ObtenerSucursalesConexionWeb]
2026-08-04 18:17:33.861 DEBUG 10992 --- [pool-1-thread-1] o.s.jdbc.datasource.DataSourceUtils      : Fetching JDBC Connection from DataSource
2026-08-04 18:17:33.867 DEBUG 10992 --- [pool-1-thread-1] o.s.jdbc.core.JdbcTemplate               : Executing prepared SQL query
2026-08-04 18:17:33.868 DEBUG 10992 --- [pool-1-thread-1] o.s.jdbc.core.JdbcTemplate               : Executing prepared SQL statement [EXEC spx_ExisteCierreAlmacenHoyPR_PD ?]
2026-08-04 18:17:33.868 DEBUG 10992 --- [pool-1-thread-1] o.s.jdbc.datasource.DataSourceUtils      : Fetching JDBC Connection from DataSource
2026-08-04 18:17:33.868 DEBUG 10992 --- [pool-1-thread-1] o.s.j.d.DriverManagerDataSource          : Creating new JDBC DriverManager Connection to [jdbc:jtds:sqlserver://tigo.makiro.com.bo/bdprueba;socketTimeout=0;loginTimeout=60]
2026-08-04 18:17:35.282 DEBUG 10992 --- [pool-1-thread-1] o.s.jdbc.core.JdbcTemplate               : Executing SQL query [EXEC dbo.spx_ObtenerSucursalesConexionWeb]
2026-08-04 18:17:35.284 DEBUG 10992 --- [pool-1-thread-1] o.s.jdbc.datasource.DataSourceUtils      : Fetching JDBC Connection from DataSource
2026-08-04 18:17:35.290 DEBUG 10992 --- [pool-1-thread-1] o.s.jdbc.core.JdbcTemplate               : Executing prepared SQL query
2026-08-04 18:17:35.291 DEBUG 10992 --- [pool-1-thread-1] o.s.jdbc.core.JdbcTemplate               : Executing prepared SQL statement [EXEC spx_ValidaMovimientos ?]
2026-08-04 18:17:35.291 DEBUG 10992 --- [pool-1-thread-1] o.s.jdbc.datasource.DataSourceUtils      : Fetching JDBC Connection from DataSource
2026-08-04 18:17:35.291 DEBUG 10992 --- [pool-1-thread-1] o.s.j.d.DriverManagerDataSource          : Creating new JDBC DriverManager Connection to [jdbc:jtds:sqlserver://tigo.makiro.com.bo/bdprueba;socketTimeout=0;loginTimeout=60]
2026-08-04 18:17:36.788 DEBUG 10992 --- [pool-1-thread-1] o.s.jdbc.core.JdbcTemplate               : Executing SQL query [EXEC dbo.spx_ObtenerSucursalesConexionWeb]
2026-08-04 18:17:36.789 DEBUG 10992 --- [pool-1-thread-1] o.s.jdbc.datasource.DataSourceUtils      : Fetching JDBC Connection from DataSource
2026-08-04 18:17:36.801 DEBUG 10992 --- [pool-1-thread-1] o.s.jdbc.core.JdbcTemplate               : Executing prepared SQL query
2026-08-04 18:17:36.802 DEBUG 10992 --- [pool-1-thread-1] o.s.jdbc.core.JdbcTemplate               : Executing prepared SQL statement [EXEC spx_ValidarCuadreRuta ?, ?]
2026-08-04 18:17:36.802 DEBUG 10992 --- [pool-1-thread-1] o.s.jdbc.datasource.DataSourceUtils      : Fetching JDBC Connection from DataSource
2026-08-04 18:17:36.803 DEBUG 10992 --- [pool-1-thread-1] o.s.j.d.DriverManagerDataSource          : Creating new JDBC DriverManager Connection to [jdbc:jtds:sqlserver://tigo.makiro.com.bo/bdprueba;socketTimeout=0;loginTimeout=60]
2026-08-04 18:17:37.414 DEBUG 10992 --- [pool-1-thread-1] o.s.jdbc.core.JdbcTemplate               : Executing SQL query [EXEC dbo.spx_ObtenerSucursalesConexionWeb]
2026-08-04 18:17:37.416 DEBUG 10992 --- [pool-1-thread-1] o.s.jdbc.datasource.DataSourceUtils      : Fetching JDBC Connection from DataSource
2026-08-04 18:17:37.422 DEBUG 10992 --- [pool-1-thread-1] o.s.jdbc.core.JdbcTemplate               : Executing prepared SQL query
2026-08-04 18:17:37.423 DEBUG 10992 --- [pool-1-thread-1] o.s.jdbc.core.JdbcTemplate               : Executing prepared SQL statement [EXEC spx_ExisteCierreAlmacenHoy ?]
2026-08-04 18:17:37.423 DEBUG 10992 --- [pool-1-thread-1] o.s.jdbc.datasource.DataSourceUtils      : Fetching JDBC Connection from DataSource
2026-08-04 18:17:37.424 DEBUG 10992 --- [pool-1-thread-1] o.s.j.d.DriverManagerDataSource          : Creating new JDBC DriverManager Connection to [jdbc:jtds:sqlserver://tigo.makiro.com.bo/bdprueba;socketTimeout=0;loginTimeout=60]
2026-08-04 18:17:38.901 DEBUG 10992 --- [pool-1-thread-1] o.s.jdbc.core.JdbcTemplate               : Executing SQL query [EXEC dbo.spx_ObtenerSucursalesConexionWeb]
2026-08-04 18:17:38.901 DEBUG 10992 --- [pool-1-thread-1] o.s.jdbc.datasource.DataSourceUtils      : Fetching JDBC Connection from DataSource
2026-08-04 18:17:38.907 DEBUG 10992 --- [pool-1-thread-1] o.s.jdbc.core.JdbcTemplate               : Executing prepared SQL query
2026-08-04 18:17:38.908 DEBUG 10992 --- [pool-1-thread-1] o.s.jdbc.core.JdbcTemplate               : Executing prepared SQL statement [EXEC spx_ExisteCierreAlmacenHoyPR_PD ?]
2026-08-04 18:17:38.908 DEBUG 10992 --- [pool-1-thread-1] o.s.jdbc.datasource.DataSourceUtils      : Fetching JDBC Connection from DataSource
2026-08-04 18:17:38.908 DEBUG 10992 --- [pool-1-thread-1] o.s.j.d.DriverManagerDataSource          : Creating new JDBC DriverManager Connection to [jdbc:jtds:sqlserver://tigo.makiro.com.bo/bdprueba;socketTimeout=0;loginTimeout=60]
2026-08-04 18:17:40.319 DEBUG 10992 --- [pool-1-thread-1] o.s.jdbc.core.JdbcTemplate               : Executing SQL query [EXEC dbo.spx_ObtenerSucursalesConexionWeb]
2026-08-04 18:17:40.321 DEBUG 10992 --- [pool-1-thread-1] o.s.jdbc.datasource.DataSourceUtils      : Fetching JDBC Connection from DataSource
2026-08-04 18:17:40.328 DEBUG 10992 --- [pool-1-thread-1] o.s.jdbc.core.JdbcTemplate               : Executing prepared SQL query
2026-08-04 18:17:40.329 DEBUG 10992 --- [pool-1-thread-1] o.s.jdbc.core.JdbcTemplate               : Executing prepared SQL statement [EXEC spx_ValidaMovimientos ?]
2026-08-04 18:17:40.329 DEBUG 10992 --- [pool-1-thread-1] o.s.jdbc.datasource.DataSourceUtils      : Fetching JDBC Connection from DataSource
2026-08-04 18:17:40.330 DEBUG 10992 --- [pool-1-thread-1] o.s.j.d.DriverManagerDataSource          : Creating new JDBC DriverManager Connection to [jdbc:jtds:sqlserver://tigo.makiro.com.bo/bdprueba;socketTimeout=0;loginTimeout=60]
2026-08-04 18:17:41.830 DEBUG 10992 --- [pool-1-thread-1] o.s.jdbc.core.JdbcTemplate               : Executing SQL query [EXEC dbo.spx_ObtenerSucursalesConexionWeb]
2026-08-04 18:17:41.832 DEBUG 10992 --- [pool-1-thread-1] o.s.jdbc.datasource.DataSourceUtils      : Fetching JDBC Connection from DataSource
2026-08-04 18:17:41.849 DEBUG 10992 --- [pool-1-thread-1] o.s.jdbc.core.JdbcTemplate               : Executing prepared SQL query
2026-08-04 18:17:41.849 DEBUG 10992 --- [pool-1-thread-1] o.s.jdbc.core.JdbcTemplate               : Executing prepared SQL statement [EXEC spx_ValidarCuadreRuta ?, ?]
2026-08-04 18:17:41.849 DEBUG 10992 --- [pool-1-thread-1] o.s.jdbc.datasource.DataSourceUtils      : Fetching JDBC Connection from DataSource
2026-08-04 18:17:41.850 DEBUG 10992 --- [pool-1-thread-1] o.s.j.d.DriverManagerDataSource          : Creating new JDBC DriverManager Connection to [jdbc:jtds:sqlserver://tigo.makiro.com.bo/bdprueba;socketTimeout=0;loginTimeout=60]
2026-08-04 18:17:42.422 DEBUG 10992 --- [pool-1-thread-1] o.s.jdbc.core.JdbcTemplate               : Executing SQL query [EXEC dbo.spx_ObtenerSucursalesConexionWeb]
2026-08-04 18:17:42.424 DEBUG 10992 --- [pool-1-thread-1] o.s.jdbc.datasource.DataSourceUtils      : Fetching JDBC Connection from DataSource
2026-08-04 18:17:42.432 DEBUG 10992 --- [pool-1-thread-1] o.s.jdbc.core.JdbcTemplate               : Executing prepared SQL query
2026-08-04 18:17:42.432 DEBUG 10992 --- [pool-1-thread-1] o.s.jdbc.core.JdbcTemplate               : Executing prepared SQL statement [EXEC spx_ExisteCierreAlmacenHoy ?]
2026-08-04 18:17:42.432 DEBUG 10992 --- [pool-1-thread-1] o.s.jdbc.datasource.DataSourceUtils      : Fetching JDBC Connection from DataSource
2026-08-04 18:17:42.433 DEBUG 10992 --- [pool-1-thread-1] o.s.j.d.DriverManagerDataSource          : Creating new JDBC DriverManager Connection to [jdbc:jtds:sqlserver://tigo.makiro.com.bo/bdprueba;socketTimeout=0;loginTimeout=60]
2026-08-04 18:17:43.904 DEBUG 10992 --- [pool-1-thread-1] o.s.jdbc.core.JdbcTemplate               : Executing SQL query [EXEC dbo.spx_ObtenerSucursalesConexionWeb]
2026-08-04 18:17:43.905 DEBUG 10992 --- [pool-1-thread-1] o.s.jdbc.datasource.DataSourceUtils      : Fetching JDBC Connection from DataSource
2026-08-04 18:17:43.909 DEBUG 10992 --- [pool-1-thread-1] o.s.jdbc.core.JdbcTemplate               : Executing prepared SQL query
2026-08-04 18:17:43.910 DEBUG 10992 --- [pool-1-thread-1] o.s.jdbc.core.JdbcTemplate               : Executing prepared SQL statement [EXEC spx_ExisteCierreAlmacenHoyPR_PD ?]
2026-08-04 18:17:43.910 DEBUG 10992 --- [pool-1-thread-1] o.s.jdbc.datasource.DataSourceUtils      : Fetching JDBC Connection from DataSource
2026-08-04 18:17:43.911 DEBUG 10992 --- [pool-1-thread-1] o.s.j.d.DriverManagerDataSource          : Creating new JDBC DriverManager Connection to [jdbc:jtds:sqlserver://tigo.makiro.com.bo/bdprueba;socketTimeout=0;loginTimeout=60]
2026-08-04 18:17:45.475 DEBUG 10992 --- [pool-1-thread-1] o.s.jdbc.core.JdbcTemplate               : Executing SQL query [EXEC dbo.spx_ObtenerSucursalesConexionWeb]
2026-08-04 18:17:45.476 DEBUG 10992 --- [pool-1-thread-1] o.s.jdbc.datasource.DataSourceUtils      : Fetching JDBC Connection from DataSource
2026-08-04 18:17:45.483 DEBUG 10992 --- [pool-1-thread-1] o.s.jdbc.core.JdbcTemplate               : Executing prepared SQL query
2026-08-04 18:17:45.483 DEBUG 10992 --- [pool-1-thread-1] o.s.jdbc.core.JdbcTemplate               : Executing prepared SQL statement [EXEC spx_ValidaMovimientos ?]
2026-08-04 18:17:45.484 DEBUG 10992 --- [pool-1-thread-1] o.s.jdbc.datasource.DataSourceUtils      : Fetching JDBC Connection from DataSource
2026-08-04 18:17:45.484 DEBUG 10992 --- [pool-1-thread-1] o.s.j.d.DriverManagerDataSource          : Creating new JDBC DriverManager Connection to [jdbc:jtds:sqlserver://tigo.makiro.com.bo/bdprueba;socketTimeout=0;loginTimeout=60]
2026-08-04 18:17:47.034 DEBUG 10992 --- [pool-1-thread-1] o.s.jdbc.core.JdbcTemplate               : Executing SQL query [EXEC dbo.spx_ObtenerSucursalesConexionWeb]
2026-08-04 18:17:47.035 DEBUG 10992 --- [pool-1-thread-1] o.s.jdbc.datasource.DataSourceUtils      : Fetching JDBC Connection from DataSource
2026-08-04 18:17:47.042 DEBUG 10992 --- [pool-1-thread-1] o.s.jdbc.core.JdbcTemplate               : Executing prepared SQL query
2026-08-04 18:17:47.042 DEBUG 10992 --- [pool-1-thread-1] o.s.jdbc.core.JdbcTemplate               : Executing prepared SQL statement [EXEC spx_ValidarCuadreRuta ?, ?]
2026-08-04 18:17:47.043 DEBUG 10992 --- [pool-1-thread-1] o.s.jdbc.datasource.DataSourceUtils      : Fetching JDBC Connection from DataSource
2026-08-04 18:17:47.043 DEBUG 10992 --- [pool-1-thread-1] o.s.j.d.DriverManagerDataSource          : Creating new JDBC DriverManager Connection to [jdbc:jtds:sqlserver://tigo.makiro.com.bo/bdprueba;socketTimeout=0;loginTimeout=60]
2026-08-04 18:17:47.726 DEBUG 10992 --- [pool-1-thread-1] o.s.jdbc.core.JdbcTemplate               : Executing SQL query [EXEC dbo.spx_ObtenerSucursalesConexionWeb]
2026-08-04 18:17:47.728 DEBUG 10992 --- [pool-1-thread-1] o.s.jdbc.datasource.DataSourceUtils      : Fetching JDBC Connection from DataSource
2026-08-04 18:17:47.736 DEBUG 10992 --- [pool-1-thread-1] o.s.jdbc.core.JdbcTemplate               : Executing prepared SQL query
2026-08-04 18:17:47.737 DEBUG 10992 --- [pool-1-thread-1] o.s.jdbc.core.JdbcTemplate               : Executing prepared SQL statement [EXEC spx_ExisteCierreAlmacenHoy ?]
2026-08-04 18:17:47.737 DEBUG 10992 --- [pool-1-thread-1] o.s.jdbc.datasource.DataSourceUtils      : Fetching JDBC Connection from DataSource
2026-08-04 18:17:47.737 DEBUG 10992 --- [pool-1-thread-1] o.s.j.d.DriverManagerDataSource          : Creating new JDBC DriverManager Connection to [jdbc:jtds:sqlserver://tigo.makiro.com.bo/bdprueba;socketTimeout=0;loginTimeout=60]
2026-08-04 18:17:49.177 DEBUG 10992 --- [pool-1-thread-1] o.s.jdbc.core.JdbcTemplate               : Executing SQL query [EXEC dbo.spx_ObtenerSucursalesConexionWeb]
2026-08-04 18:17:49.180 DEBUG 10992 --- [pool-1-thread-1] o.s.jdbc.datasource.DataSourceUtils      : Fetching JDBC Connection from DataSource
2026-08-04 18:17:49.187 DEBUG 10992 --- [pool-1-thread-1] o.s.jdbc.core.JdbcTemplate               : Executing prepared SQL query
2026-08-04 18:17:49.188 DEBUG 10992 --- [pool-1-thread-1] o.s.jdbc.core.JdbcTemplate               : Executing prepared SQL statement [EXEC spx_ExisteCierreAlmacenHoyPR_PD ?]
2026-08-04 18:17:49.188 DEBUG 10992 --- [pool-1-thread-1] o.s.jdbc.datasource.DataSourceUtils      : Fetching JDBC Connection from DataSource
2026-08-04 18:17:49.188 DEBUG 10992 --- [pool-1-thread-1] o.s.j.d.DriverManagerDataSource          : Creating new JDBC DriverManager Connection to [jdbc:jtds:sqlserver://tigo.makiro.com.bo/bdprueba;socketTimeout=0;loginTimeout=60]
2026-08-04 18:17:50.715 DEBUG 10992 --- [pool-1-thread-1] o.s.jdbc.core.JdbcTemplate               : Executing SQL query [EXEC dbo.spx_ObtenerSucursalesConexionWeb]
2026-08-04 18:17:50.715 DEBUG 10992 --- [pool-1-thread-1] o.s.jdbc.datasource.DataSourceUtils      : Fetching JDBC Connection from DataSource
2026-08-04 18:17:50.722 DEBUG 10992 --- [pool-1-thread-1] o.s.jdbc.core.JdbcTemplate               : Executing prepared SQL query
2026-08-04 18:17:50.722 DEBUG 10992 --- [pool-1-thread-1] o.s.jdbc.core.JdbcTemplate               : Executing prepared SQL statement [EXEC spx_ValidaMovimientos ?]
2026-08-04 18:17:50.723 DEBUG 10992 --- [pool-1-thread-1] o.s.jdbc.datasource.DataSourceUtils      : Fetching JDBC Connection from DataSource
2026-08-04 18:17:50.723 DEBUG 10992 --- [pool-1-thread-1] o.s.j.d.DriverManagerDataSource          : Creating new JDBC DriverManager Connection to [jdbc:jtds:sqlserver://tigo.makiro.com.bo/bdprueba;socketTimeout=0;loginTimeout=60]
2026-08-04 18:17:52.229 DEBUG 10992 --- [pool-1-thread-1] o.s.jdbc.core.JdbcTemplate               : Executing SQL query [EXEC dbo.spx_ObtenerSucursalesConexionWeb]
2026-08-04 18:17:52.230 DEBUG 10992 --- [pool-1-thread-1] o.s.jdbc.datasource.DataSourceUtils      : Fetching JDBC Connection from DataSource
2026-08-04 18:17:52.235 DEBUG 10992 --- [pool-1-thread-1] o.s.jdbc.core.JdbcTemplate               : Executing prepared SQL query
2026-08-04 18:17:52.236 DEBUG 10992 --- [pool-1-thread-1] o.s.jdbc.core.JdbcTemplate               : Executing prepared SQL statement [EXEC spx_ValidarCuadreRuta ?, ?]
2026-08-04 18:17:52.236 DEBUG 10992 --- [pool-1-thread-1] o.s.jdbc.datasource.DataSourceUtils      : Fetching JDBC Connection from DataSource
2026-08-04 18:17:52.237 DEBUG 10992 --- [pool-1-thread-1] o.s.j.d.DriverManagerDataSource          : Creating new JDBC DriverManager Connection to [jdbc:jtds:sqlserver://tigo.makiro.com.bo/bdprueba;socketTimeout=0;loginTimeout=60]
2026-08-04 18:17:52.820 DEBUG 10992 --- [pool-1-thread-1] o.s.jdbc.core.JdbcTemplate               : Executing SQL query [EXEC dbo.spx_ObtenerSucursalesConexionWeb]
2026-08-04 18:17:52.822 DEBUG 10992 --- [pool-1-thread-1] o.s.jdbc.datasource.DataSourceUtils      : Fetching JDBC Connection from DataSource
2026-08-04 18:17:52.827 DEBUG 10992 --- [pool-1-thread-1] o.s.jdbc.core.JdbcTemplate               : Executing prepared SQL query
2026-08-04 18:17:52.828 DEBUG 10992 --- [pool-1-thread-1] o.s.jdbc.core.JdbcTemplate               : Executing prepared SQL statement [EXEC spx_ExisteCierreAlmacenHoy ?]
2026-08-04 18:17:52.828 DEBUG 10992 --- [pool-1-thread-1] o.s.jdbc.datasource.DataSourceUtils      : Fetching JDBC Connection from DataSource
2026-08-04 18:17:52.828 DEBUG 10992 --- [pool-1-thread-1] o.s.j.d.DriverManagerDataSource          : Creating new JDBC DriverManager Connection to [jdbc:jtds:sqlserver://tigo.makiro.com.bo/bdprueba;socketTimeout=0;loginTimeout=60]
2026-08-04 18:17:54.407 DEBUG 10992 --- [pool-1-thread-1] o.s.jdbc.core.JdbcTemplate               : Executing SQL query [EXEC dbo.spx_ObtenerSucursalesConexionWeb]
2026-08-04 18:17:54.410 DEBUG 10992 --- [pool-1-thread-1] o.s.jdbc.datasource.DataSourceUtils      : Fetching JDBC Connection from DataSource
2026-08-04 18:17:54.416 DEBUG 10992 --- [pool-1-thread-1] o.s.jdbc.core.JdbcTemplate               : Executing prepared SQL query
2026-08-04 18:17:54.417 DEBUG 10992 --- [pool-1-thread-1] o.s.jdbc.core.JdbcTemplate               : Executing prepared SQL statement [EXEC spx_ExisteCierreAlmacenHoyPR_PD ?]
2026-08-04 18:17:54.417 DEBUG 10992 --- [pool-1-thread-1] o.s.jdbc.datasource.DataSourceUtils      : Fetching JDBC Connection from DataSource
2026-08-04 18:17:54.417 DEBUG 10992 --- [pool-1-thread-1] o.s.j.d.DriverManagerDataSource          : Creating new JDBC DriverManager Connection to [jdbc:jtds:sqlserver://tigo.makiro.com.bo/bdprueba;socketTimeout=0;loginTimeout=60]
2026-08-04 18:17:55.930 DEBUG 10992 --- [pool-1-thread-1] o.s.jdbc.core.JdbcTemplate               : Executing SQL query [EXEC dbo.spx_ObtenerSucursalesConexionWeb]
2026-08-04 18:17:55.932 DEBUG 10992 --- [pool-1-thread-1] o.s.jdbc.datasource.DataSourceUtils      : Fetching JDBC Connection from DataSource
2026-08-04 18:17:55.938 DEBUG 10992 --- [pool-1-thread-1] o.s.jdbc.core.JdbcTemplate               : Executing prepared SQL query
2026-08-04 18:17:55.939 DEBUG 10992 --- [pool-1-thread-1] o.s.jdbc.core.JdbcTemplate               : Executing prepared SQL statement [EXEC spx_ValidaMovimientos ?]
2026-08-04 18:17:55.939 DEBUG 10992 --- [pool-1-thread-1] o.s.jdbc.datasource.DataSourceUtils      : Fetching JDBC Connection from DataSource
2026-08-04 18:17:55.939 DEBUG 10992 --- [pool-1-thread-1] o.s.j.d.DriverManagerDataSource          : Creating new JDBC DriverManager Connection to [jdbc:jtds:sqlserver://tigo.makiro.com.bo/bdprueba;socketTimeout=0;loginTimeout=60]
2026-08-04 18:17:57.437 DEBUG 10992 --- [pool-1-thread-1] o.s.jdbc.core.JdbcTemplate               : Executing SQL query [EXEC dbo.spx_ObtenerSucursalesConexionWeb]
2026-08-04 18:17:57.439 DEBUG 10992 --- [pool-1-thread-1] o.s.jdbc.datasource.DataSourceUtils      : Fetching JDBC Connection from DataSource
2026-08-04 18:17:57.453 DEBUG 10992 --- [pool-1-thread-1] o.s.jdbc.core.JdbcTemplate               : Executing prepared SQL query
2026-08-04 18:17:57.454 DEBUG 10992 --- [pool-1-thread-1] o.s.jdbc.core.JdbcTemplate               : Executing prepared SQL statement [EXEC spx_ValidarCuadreRuta ?, ?]
2026-08-04 18:17:57.455 DEBUG 10992 --- [pool-1-thread-1] o.s.jdbc.datasource.DataSourceUtils      : Fetching JDBC Connection from DataSource
2026-08-04 18:17:57.455 DEBUG 10992 --- [pool-1-thread-1] o.s.j.d.DriverManagerDataSource          : Creating new JDBC DriverManager Connection to [jdbc:jtds:sqlserver://tigo.makiro.com.bo/bdprueba;socketTimeout=0;loginTimeout=60]
2026-08-04 18:17:58.062 DEBUG 10992 --- [pool-1-thread-1] o.s.jdbc.core.JdbcTemplate               : Executing SQL query [EXEC dbo.spx_ObtenerSucursalesConexionWeb]
2026-08-04 18:17:58.065 DEBUG 10992 --- [pool-1-thread-1] o.s.jdbc.datasource.DataSourceUtils      : Fetching JDBC Connection from DataSource
2026-08-04 18:17:58.076 DEBUG 10992 --- [pool-1-thread-1] o.s.jdbc.core.JdbcTemplate               : Executing prepared SQL query
2026-08-04 18:17:58.076 DEBUG 10992 --- [pool-1-thread-1] o.s.jdbc.core.JdbcTemplate               : Executing prepared SQL statement [EXEC spx_ExisteCierreAlmacenHoy ?]
2026-08-04 18:17:58.077 DEBUG 10992 --- [pool-1-thread-1] o.s.jdbc.datasource.DataSourceUtils      : Fetching JDBC Connection from DataSource
2026-08-04 18:17:58.077 DEBUG 10992 --- [pool-1-thread-1] o.s.j.d.DriverManagerDataSource          : Creating new JDBC DriverManager Connection to [jdbc:jtds:sqlserver://tigo.makiro.com.bo/bdprueba;socketTimeout=0;loginTimeout=60]
2026-08-04 18:17:59.277 DEBUG 10992 --- [ool housekeeper] com.zaxxer.hikari.pool.HikariPool        : CentralHikariPool - Before cleanup stats (total=1, active=0, idle=1, waiting=0)
2026-08-04 18:17:59.278 DEBUG 10992 --- [ool housekeeper] com.zaxxer.hikari.pool.HikariPool        : CentralHikariPool - After cleanup  stats (total=1, active=0, idle=1, waiting=0)
2026-08-04 18:17:59.278 DEBUG 10992 --- [ool housekeeper] com.zaxxer.hikari.pool.HikariPool        : CentralHikariPool - Fill pool skipped, pool is at sufficient level.
2026-08-04 18:17:59.341 DEBUG 10992 --- [l-1 housekeeper] com.zaxxer.hikari.pool.HikariPool        : HikariPool-1 - Before cleanup stats (total=1, active=0, idle=1, waiting=0)
2026-08-04 18:17:59.342 DEBUG 10992 --- [l-1 housekeeper] com.zaxxer.hikari.pool.HikariPool        : HikariPool-1 - After cleanup  stats (total=1, active=0, idle=1, waiting=0)
2026-08-04 18:17:59.342 DEBUG 10992 --- [l-1 housekeeper] com.zaxxer.hikari.pool.HikariPool        : HikariPool-1 - Fill pool skipped, pool is at sufficient level.
2026-08-04 18:17:59.509 DEBUG 10992 --- [pool-1-thread-1] o.s.jdbc.core.JdbcTemplate               : Executing SQL query [EXEC dbo.spx_ObtenerSucursalesConexionWeb]
2026-08-04 18:17:59.511 DEBUG 10992 --- [pool-1-thread-1] o.s.jdbc.datasource.DataSourceUtils      : Fetching JDBC Connection from DataSource
2026-08-04 18:17:59.520 DEBUG 10992 --- [pool-1-thread-1] o.s.jdbc.core.JdbcTemplate               : Executing prepared SQL query
2026-08-04 18:17:59.520 DEBUG 10992 --- [pool-1-thread-1] o.s.jdbc.core.JdbcTemplate               : Executing prepared SQL statement [EXEC spx_ExisteCierreAlmacenHoyPR_PD ?]
2026-08-04 18:17:59.520 DEBUG 10992 --- [pool-1-thread-1] o.s.jdbc.datasource.DataSourceUtils      : Fetching JDBC Connection from DataSource
2026-08-04 18:17:59.520 DEBUG 10992 --- [pool-1-thread-1] o.s.j.d.DriverManagerDataSource          : Creating new JDBC DriverManager Connection to [jdbc:jtds:sqlserver://tigo.makiro.com.bo/bdprueba;socketTimeout=0;loginTimeout=60]
2026-08-04 18:18:00.259 DEBUG 10992 --- [ool housekeeper] com.zaxxer.hikari.pool.HikariPool        : TigoHogarHikariPool - Before cleanup stats (total=0, active=0, idle=0, waiting=0)
2026-08-04 18:18:00.259 DEBUG 10992 --- [ool housekeeper] com.zaxxer.hikari.pool.HikariPool        : TigoHogarHikariPool - After cleanup  stats (total=0, active=0, idle=0, waiting=0)
2026-08-04 18:18:00.260 DEBUG 10992 --- [ool housekeeper] com.zaxxer.hikari.pool.HikariPool        : TigoHogarHikariPool - Fill pool skipped, pool is at sufficient level.
2026-08-04 18:18:00.981 DEBUG 10992 --- [pool-1-thread-1] o.s.jdbc.core.JdbcTemplate               : Executing SQL query [EXEC dbo.spx_ObtenerSucursalesConexionWeb]
2026-08-04 18:18:00.984 DEBUG 10992 --- [pool-1-thread-1] o.s.jdbc.datasource.DataSourceUtils      : Fetching JDBC Connection from DataSource
2026-08-04 18:18:00.989 DEBUG 10992 --- [pool-1-thread-1] o.s.jdbc.core.JdbcTemplate               : Executing prepared SQL query
2026-08-04 18:18:00.990 DEBUG 10992 --- [pool-1-thread-1] o.s.jdbc.core.JdbcTemplate               : Executing prepared SQL statement [EXEC spx_ValidaMovimientos ?]
2026-08-04 18:18:00.991 DEBUG 10992 --- [pool-1-thread-1] o.s.jdbc.datasource.DataSourceUtils      : Fetching JDBC Connection from DataSource
2026-08-04 18:18:00.991 DEBUG 10992 --- [pool-1-thread-1] o.s.j.d.DriverManagerDataSource          : Creating new JDBC DriverManager Connection to [jdbc:jtds:sqlserver://tigo.makiro.com.bo/bdprueba;socketTimeout=0;loginTimeout=60]
2026-08-04 18:18:02.474 DEBUG 10992 --- [pool-1-thread-1] o.s.jdbc.core.JdbcTemplate               : Executing SQL query [EXEC dbo.spx_ObtenerSucursalesConexionWeb]
2026-08-04 18:18:02.476 DEBUG 10992 --- [pool-1-thread-1] o.s.jdbc.datasource.DataSourceUtils      : Fetching JDBC Connection from DataSource
2026-08-04 18:18:02.483 DEBUG 10992 --- [pool-1-thread-1] o.s.jdbc.core.JdbcTemplate               : Executing prepared SQL query
2026-08-04 18:18:02.484 DEBUG 10992 --- [pool-1-thread-1] o.s.jdbc.core.JdbcTemplate               : Executing prepared SQL statement [EXEC spx_ValidarCuadreRuta ?, ?]
2026-08-04 18:18:02.485 DEBUG 10992 --- [pool-1-thread-1] o.s.jdbc.datasource.DataSourceUtils      : Fetching JDBC Connection from DataSource
2026-08-04 18:18:02.485 DEBUG 10992 --- [pool-1-thread-1] o.s.j.d.DriverManagerDataSource          : Creating new JDBC DriverManager Connection to [jdbc:jtds:sqlserver://tigo.makiro.com.bo/bdprueba;socketTimeout=0;loginTimeout=60]
2026-08-04 18:18:03.109 DEBUG 10992 --- [pool-1-thread-1] o.s.jdbc.core.JdbcTemplate               : Executing SQL query [EXEC dbo.spx_ObtenerSucursalesConexionWeb]
2026-08-04 18:18:03.110 DEBUG 10992 --- [pool-1-thread-1] o.s.jdbc.datasource.DataSourceUtils      : Fetching JDBC Connection from DataSource
2026-08-04 18:18:03.116 DEBUG 10992 --- [pool-1-thread-1] o.s.jdbc.core.JdbcTemplate               : Executing prepared SQL query
2026-08-04 18:18:03.117 DEBUG 10992 --- [pool-1-thread-1] o.s.jdbc.core.JdbcTemplate               : Executing prepared SQL statement [EXEC spx_ExisteCierreAlmacenHoy ?]
2026-08-04 18:18:03.117 DEBUG 10992 --- [pool-1-thread-1] o.s.jdbc.datasource.DataSourceUtils      : Fetching JDBC Connection from DataSource
2026-08-04 18:18:03.117 DEBUG 10992 --- [pool-1-thread-1] o.s.j.d.DriverManagerDataSource          : Creating new JDBC DriverManager Connection to [jdbc:jtds:sqlserver://tigo.makiro.com.bo/bdprueba;socketTimeout=0;loginTimeout=60]
2026-08-04 18:18:04.597 DEBUG 10992 --- [pool-1-thread-1] o.s.jdbc.core.JdbcTemplate               : Executing SQL query [EXEC dbo.spx_ObtenerSucursalesConexionWeb]
2026-08-04 18:18:04.598 DEBUG 10992 --- [pool-1-thread-1] o.s.jdbc.datasource.DataSourceUtils      : Fetching JDBC Connection from DataSource
2026-08-04 18:18:04.604 DEBUG 10992 --- [pool-1-thread-1] o.s.jdbc.core.JdbcTemplate               : Executing prepared SQL query
2026-08-04 18:18:04.604 DEBUG 10992 --- [pool-1-thread-1] o.s.jdbc.core.JdbcTemplate               : Executing prepared SQL statement [EXEC spx_ExisteCierreAlmacenHoyPR_PD ?]
2026-08-04 18:18:04.605 DEBUG 10992 --- [pool-1-thread-1] o.s.jdbc.datasource.DataSourceUtils      : Fetching JDBC Connection from DataSource
2026-08-04 18:18:04.605 DEBUG 10992 --- [pool-1-thread-1] o.s.j.d.DriverManagerDataSource          : Creating new JDBC DriverManager Connection to [jdbc:jtds:sqlserver://tigo.makiro.com.bo/bdprueba;socketTimeout=0;loginTimeout=60]
2026-08-04 18:18:06.071 DEBUG 10992 --- [pool-1-thread-1] o.s.jdbc.core.JdbcTemplate               : Executing SQL query [EXEC dbo.spx_ObtenerSucursalesConexionWeb]
2026-08-04 18:18:06.072 DEBUG 10992 --- [pool-1-thread-1] o.s.jdbc.datasource.DataSourceUtils      : Fetching JDBC Connection from DataSource
2026-08-04 18:18:06.089 DEBUG 10992 --- [pool-1-thread-1] o.s.jdbc.core.JdbcTemplate               : Executing prepared SQL query
2026-08-04 18:18:06.089 DEBUG 10992 --- [pool-1-thread-1] o.s.jdbc.core.JdbcTemplate               : Executing prepared SQL statement [EXEC spx_ValidaMovimientos ?]
2026-08-04 18:18:06.089 DEBUG 10992 --- [pool-1-thread-1] o.s.jdbc.datasource.DataSourceUtils      : Fetching JDBC Connection from DataSource
2026-08-04 18:18:06.090 DEBUG 10992 --- [pool-1-thread-1] o.s.j.d.DriverManagerDataSource          : Creating new JDBC DriverManager Connection to [jdbc:jtds:sqlserver://tigo.makiro.com.bo/bdprueba;socketTimeout=0;loginTimeout=60]
2026-08-04 18:18:07.568 DEBUG 10992 --- [pool-1-thread-1] o.s.jdbc.core.JdbcTemplate               : Executing SQL query [EXEC dbo.spx_ObtenerSucursalesConexionWeb]
2026-08-04 18:18:07.569 DEBUG 10992 --- [pool-1-thread-1] o.s.jdbc.datasource.DataSourceUtils      : Fetching JDBC Connection from DataSource
2026-08-04 18:18:07.574 DEBUG 10992 --- [pool-1-thread-1] o.s.jdbc.core.JdbcTemplate               : Executing prepared SQL query
2026-08-04 18:18:07.575 DEBUG 10992 --- [pool-1-thread-1] o.s.jdbc.core.JdbcTemplate               : Executing prepared SQL statement [EXEC spx_ValidarCuadreRuta ?, ?]
2026-08-04 18:18:07.575 DEBUG 10992 --- [pool-1-thread-1] o.s.jdbc.datasource.DataSourceUtils      : Fetching JDBC Connection from DataSource
2026-08-04 18:18:07.575 DEBUG 10992 --- [pool-1-thread-1] o.s.j.d.DriverManagerDataSource          : Creating new JDBC DriverManager Connection to [jdbc:jtds:sqlserver://tigo.makiro.com.bo/bdprueba;socketTimeout=0;loginTimeout=60]
2026-08-04 18:18:08.145 DEBUG 10992 --- [pool-1-thread-1] o.s.jdbc.core.JdbcTemplate               : Executing SQL query [EXEC dbo.spx_ObtenerSucursalesConexionWeb]
2026-08-04 18:18:08.147 DEBUG 10992 --- [pool-1-thread-1] o.s.jdbc.datasource.DataSourceUtils      : Fetching JDBC Connection from DataSource
2026-08-04 18:18:08.154 DEBUG 10992 --- [pool-1-thread-1] o.s.jdbc.core.JdbcTemplate               : Executing prepared SQL query
2026-08-04 18:18:08.155 DEBUG 10992 --- [pool-1-thread-1] o.s.jdbc.core.JdbcTemplate               : Executing prepared SQL statement [EXEC spx_ExisteCierreAlmacenHoy ?]
2026-08-04 18:18:08.155 DEBUG 10992 --- [pool-1-thread-1] o.s.jdbc.datasource.DataSourceUtils      : Fetching JDBC Connection from DataSource
2026-08-04 18:18:08.156 DEBUG 10992 --- [pool-1-thread-1] o.s.j.d.DriverManagerDataSource          : Creating new JDBC DriverManager Connection to [jdbc:jtds:sqlserver://tigo.makiro.com.bo/bdprueba;socketTimeout=0;loginTimeout=60]
2026-08-04 18:18:09.601 DEBUG 10992 --- [pool-1-thread-1] o.s.jdbc.core.JdbcTemplate               : Executing SQL query [EXEC dbo.spx_ObtenerSucursalesConexionWeb]
2026-08-04 18:18:09.603 DEBUG 10992 --- [pool-1-thread-1] o.s.jdbc.datasource.DataSourceUtils      : Fetching JDBC Connection from DataSource
2026-08-04 18:18:09.609 DEBUG 10992 --- [pool-1-thread-1] o.s.jdbc.core.JdbcTemplate               : Executing prepared SQL query
2026-08-04 18:18:09.610 DEBUG 10992 --- [pool-1-thread-1] o.s.jdbc.core.JdbcTemplate               : Executing prepared SQL statement [EXEC spx_ExisteCierreAlmacenHoyPR_PD ?]
2026-08-04 18:18:09.610 DEBUG 10992 --- [pool-1-thread-1] o.s.jdbc.datasource.DataSourceUtils      : Fetching JDBC Connection from DataSource
2026-08-04 18:18:09.610 DEBUG 10992 --- [pool-1-thread-1] o.s.j.d.DriverManagerDataSource          : Creating new JDBC DriverManager Connection to [jdbc:jtds:sqlserver://tigo.makiro.com.bo/bdprueba;socketTimeout=0;loginTimeout=60]
2026-08-04 18:18:11.081 DEBUG 10992 --- [pool-1-thread-1] o.s.jdbc.core.JdbcTemplate               : Executing SQL query [EXEC dbo.spx_ObtenerSucursalesConexionWeb]
2026-08-04 18:18:11.083 DEBUG 10992 --- [pool-1-thread-1] o.s.jdbc.datasource.DataSourceUtils      : Fetching JDBC Connection from DataSource
2026-08-04 18:18:11.091 DEBUG 10992 --- [pool-1-thread-1] o.s.jdbc.core.JdbcTemplate               : Executing prepared SQL query
2026-08-04 18:18:11.092 DEBUG 10992 --- [pool-1-thread-1] o.s.jdbc.core.JdbcTemplate               : Executing prepared SQL statement [EXEC spx_ValidaMovimientos ?]
2026-08-04 18:18:11.093 DEBUG 10992 --- [pool-1-thread-1] o.s.jdbc.datasource.DataSourceUtils      : Fetching JDBC Connection from DataSource
2026-08-04 18:18:11.093 DEBUG 10992 --- [pool-1-thread-1] o.s.j.d.DriverManagerDataSource          : Creating new JDBC DriverManager Connection to [jdbc:jtds:sqlserver://tigo.makiro.com.bo/bdprueba;socketTimeout=0;loginTimeout=60]
2026-08-04 18:18:11.683 DEBUG 10992 --- [nio-9060-exec-1] o.s.web.servlet.DispatcherServlet        : GET "/auth/me", parameters={}
2026-08-04 18:18:11.686 DEBUG 10992 --- [nio-9060-exec-1] s.w.s.m.m.a.RequestMappingHandlerMapping : Mapped to com.example.TigoStarSystem.auth.controller.AuthController#me(String)
2026-08-04 18:18:11.688 DEBUG 10992 --- [io-9060-exec-10] o.s.web.servlet.DispatcherServlet        : GET "/auth/me", parameters={}
2026-08-04 18:18:11.694 DEBUG 10992 --- [nio-9060-exec-1] o.s.w.s.m.m.a.HttpEntityMethodProcessor  : Using 'application/json', given [application/json, text/plain, */*] and supported [application/json, application/*+json, application/json, application/*+json]
2026-08-04 18:18:11.697 DEBUG 10992 --- [io-9060-exec-10] s.w.s.m.m.a.RequestMappingHandlerMapping : Mapped to com.example.TigoStarSystem.auth.controller.AuthController#me(String)
2026-08-04 18:18:11.698 DEBUG 10992 --- [nio-9060-exec-1] o.s.w.s.m.m.a.HttpEntityMethodProcessor  : Writing [com.example.TigoStarSystem.common.ApiResponse@3a136b1e]
2026-08-04 18:18:11.701 DEBUG 10992 --- [nio-9060-exec-1] o.s.web.servlet.DispatcherServlet        : Completed 200 OK
2026-08-04 18:18:11.708 DEBUG 10992 --- [io-9060-exec-10] o.s.w.s.m.m.a.HttpEntityMethodProcessor  : Using 'application/json', given [application/json, text/plain, */*] and supported [application/json, application/*+json, application/json, application/*+json]
2026-08-04 18:18:11.713 DEBUG 10992 --- [io-9060-exec-10] o.s.w.s.m.m.a.HttpEntityMethodProcessor  : Writing [com.example.TigoStarSystem.common.ApiResponse@1dfde067]
2026-08-04 18:18:11.717 DEBUG 10992 --- [io-9060-exec-10] o.s.web.servlet.DispatcherServlet        : Completed 200 OK
2026-08-04 18:18:11.728 DEBUG 10992 --- [nio-9060-exec-3] o.s.web.servlet.DispatcherServlet        : GET "/auth/permisos", parameters={}
2026-08-04 18:18:11.788 DEBUG 10992 --- [nio-9060-exec-3] s.w.s.m.m.a.RequestMappingHandlerMapping : Mapped to com.example.TigoStarSystem.auth.controller.AuthPermisosController#permisos(String)
2026-08-04 18:18:11.794  INFO 10992 --- [nio-9060-exec-3] c.e.T.p.service.PrivilegioService        : [PERMISOS] idUsuarioSesion=0, rolSesion=sistemas, backupContexto=false, backupTemporal=false, idGrupo=null, idSupervisorContexto=null, idRolPermisos=4, idUsuarioPermisos=0
2026-08-04 18:18:11.798 DEBUG 10992 --- [nio-9060-exec-3] o.s.jdbc.core.JdbcTemplate               : Executing SQL query [EXEC dbo.spx_ObtenerPrivilegiosRoles]
2026-08-04 18:18:11.806 DEBUG 10992 --- [nio-9060-exec-3] o.s.jdbc.datasource.DataSourceUtils      : Fetching JDBC Connection from DataSource
2026-08-04 18:18:11.851 DEBUG 10992 --- [nio-9060-exec-3] o.s.jdbc.core.JdbcTemplate               : Executing prepared SQL query
2026-08-04 18:18:11.853 DEBUG 10992 --- [nio-9060-exec-3] o.s.jdbc.core.JdbcTemplate               : Executing prepared SQL statement [EXEC dbo.spx_ObtenerPrivilegiosRolDetalle ?]
2026-08-04 18:18:11.853 DEBUG 10992 --- [nio-9060-exec-3] o.s.jdbc.datasource.DataSourceUtils      : Fetching JDBC Connection from DataSource
2026-08-04 18:18:11.884 DEBUG 10992 --- [nio-9060-exec-3] o.s.w.s.m.m.a.HttpEntityMethodProcessor  : Using 'application/json', given [application/json, text/plain, */*] and supported [application/json, application/*+json, application/json, application/*+json]
2026-08-04 18:18:11.909 DEBUG 10992 --- [nio-9060-exec-3] o.s.w.s.m.m.a.HttpEntityMethodProcessor  : Writing [com.example.TigoStarSystem.common.ApiResponse@499501f1]
2026-08-04 18:18:11.911 DEBUG 10992 --- [nio-9060-exec-3] o.s.web.servlet.DispatcherServlet        : Completed 200 OK
2026-08-04 18:18:11.957 DEBUG 10992 --- [nio-9060-exec-4] o.s.web.servlet.DispatcherServlet        : GET "/auth/permisos", parameters={}
2026-08-04 18:18:11.964 DEBUG 10992 --- [nio-9060-exec-4] s.w.s.m.m.a.RequestMappingHandlerMapping : Mapped to com.example.TigoStarSystem.auth.controller.AuthPermisosController#permisos(String)
2026-08-04 18:18:11.982  INFO 10992 --- [nio-9060-exec-4] c.e.T.p.service.PrivilegioService        : [PERMISOS] idUsuarioSesion=0, rolSesion=sistemas, backupContexto=false, backupTemporal=false, idGrupo=null, idSupervisorContexto=null, idRolPermisos=4, idUsuarioPermisos=0
2026-08-04 18:18:11.990 DEBUG 10992 --- [nio-9060-exec-4] o.s.jdbc.core.JdbcTemplate               : Executing SQL query [EXEC dbo.spx_ObtenerPrivilegiosRoles]
2026-08-04 18:18:11.992 DEBUG 10992 --- [nio-9060-exec-4] o.s.jdbc.datasource.DataSourceUtils      : Fetching JDBC Connection from DataSource
2026-08-04 18:18:12.000 DEBUG 10992 --- [nio-9060-exec-4] o.s.jdbc.core.JdbcTemplate               : Executing prepared SQL query
2026-08-04 18:18:12.000 DEBUG 10992 --- [nio-9060-exec-4] o.s.jdbc.core.JdbcTemplate               : Executing prepared SQL statement [EXEC dbo.spx_ObtenerPrivilegiosRolDetalle ?]
2026-08-04 18:18:12.001 DEBUG 10992 --- [nio-9060-exec-4] o.s.jdbc.datasource.DataSourceUtils      : Fetching JDBC Connection from DataSource
2026-08-04 18:18:12.020 DEBUG 10992 --- [nio-9060-exec-4] o.s.w.s.m.m.a.HttpEntityMethodProcessor  : Using 'application/json', given [application/json, text/plain, */*] and supported [application/json, application/*+json, application/json, application/*+json]
2026-08-04 18:18:12.023 DEBUG 10992 --- [nio-9060-exec-4] o.s.w.s.m.m.a.HttpEntityMethodProcessor  : Writing [com.example.TigoStarSystem.common.ApiResponse@d7aa9b3]
2026-08-04 18:18:12.027 DEBUG 10992 --- [nio-9060-exec-4] o.s.web.servlet.DispatcherServlet        : Completed 200 OK
2026-08-04 18:18:12.131 DEBUG 10992 --- [nio-9060-exec-2] o.s.web.servlet.DispatcherServlet        : GET "/auth/sucursales", parameters={}
2026-08-04 18:18:12.132 DEBUG 10992 --- [nio-9060-exec-2] s.w.s.m.m.a.RequestMappingHandlerMapping : Mapped to com.example.TigoStarSystem.auth.controller.AuthController#listarSucursales()
2026-08-04 18:18:12.131 DEBUG 10992 --- [nio-9060-exec-5] o.s.web.servlet.DispatcherServlet        : GET "/cuadre/sistemas/automatico/preview?fecha=2026-08-04&idSucursal=9", parameters={masked}
2026-08-04 18:18:12.135  INFO 10992 --- [nio-9060-exec-2] c.e.T.auth.controller.AuthController     : Request GET /auth/sucursales
2026-08-04 18:18:12.135 DEBUG 10992 --- [nio-9060-exec-5] s.w.s.m.m.a.RequestMappingHandlerMapping : Mapped to com.example.TigoStarSystem.ot.controller.CuadreController#previewCuadreAutomaticoSistemas(String, LocalDate, Integer)
2026-08-04 18:18:12.135 DEBUG 10992 --- [nio-9060-exec-2] o.s.jdbc.core.JdbcTemplate               : Executing SQL query [EXEC dbo.spx_ObtenerSucursalesConexionWeb]
2026-08-04 18:18:12.137 DEBUG 10992 --- [nio-9060-exec-2] o.s.jdbc.datasource.DataSourceUtils      : Fetching JDBC Connection from DataSource
2026-08-04 18:18:12.141 DEBUG 10992 --- [nio-9060-exec-5] o.s.jdbc.core.JdbcTemplate               : Executing SQL query [EXEC dbo.spx_ObtenerSucursalesConexionWeb]
2026-08-04 18:18:12.142 DEBUG 10992 --- [nio-9060-exec-5] o.s.jdbc.datasource.DataSourceUtils      : Fetching JDBC Connection from DataSource
2026-08-04 18:18:12.146 DEBUG 10992 --- [nio-9060-exec-2] o.s.w.s.m.m.a.HttpEntityMethodProcessor  : Using 'application/json', given [application/json, text/plain, */*] and supported [application/json, application/*+json, application/json, application/*+json]
2026-08-04 18:18:12.148 DEBUG 10992 --- [nio-9060-exec-2] o.s.w.s.m.m.a.HttpEntityMethodProcessor  : Writing [com.example.TigoStarSystem.common.ApiResponse@5ba2cfd7]
2026-08-04 18:18:12.149 DEBUG 10992 --- [nio-9060-exec-5] o.s.jdbc.core.JdbcTemplate               : Executing prepared SQL query
2026-08-04 18:18:12.150 DEBUG 10992 --- [nio-9060-exec-5] o.s.jdbc.core.JdbcTemplate               : Executing prepared SQL statement [EXEC dbo.sp_TraerRutasNoCuadradas ?]
2026-08-04 18:18:12.150 DEBUG 10992 --- [nio-9060-exec-5] o.s.jdbc.datasource.DataSourceUtils      : Fetching JDBC Connection from DataSource
2026-08-04 18:18:12.151 DEBUG 10992 --- [nio-9060-exec-2] o.s.web.servlet.DispatcherServlet        : Completed 200 OK
2026-08-04 18:18:12.151 DEBUG 10992 --- [nio-9060-exec-5] o.s.j.d.DriverManagerDataSource          : Creating new JDBC DriverManager Connection to [jdbc:jtds:sqlserver://tigo.makiro.com.bo/bdprueba;socketTimeout=0;loginTimeout=60]
2026-08-04 18:18:12.160 DEBUG 10992 --- [nio-9060-exec-7] o.s.web.servlet.DispatcherServlet        : GET "/auth/sucursales", parameters={}
2026-08-04 18:18:12.161 DEBUG 10992 --- [nio-9060-exec-7] s.w.s.m.m.a.RequestMappingHandlerMapping : Mapped to com.example.TigoStarSystem.auth.controller.AuthController#listarSucursales()
2026-08-04 18:18:12.164  INFO 10992 --- [nio-9060-exec-7] c.e.T.auth.controller.AuthController     : Request GET /auth/sucursales
2026-08-04 18:18:12.165 DEBUG 10992 --- [nio-9060-exec-7] o.s.jdbc.core.JdbcTemplate               : Executing SQL query [EXEC dbo.spx_ObtenerSucursalesConexionWeb]
2026-08-04 18:18:12.166 DEBUG 10992 --- [nio-9060-exec-7] o.s.jdbc.datasource.DataSourceUtils      : Fetching JDBC Connection from DataSource
2026-08-04 18:18:12.172 DEBUG 10992 --- [nio-9060-exec-7] o.s.w.s.m.m.a.HttpEntityMethodProcessor  : Using 'application/json', given [application/json, text/plain, */*] and supported [application/json, application/*+json, application/json, application/*+json]
2026-08-04 18:18:12.173 DEBUG 10992 --- [nio-9060-exec-7] o.s.w.s.m.m.a.HttpEntityMethodProcessor  : Writing [com.example.TigoStarSystem.common.ApiResponse@bf8376c]
2026-08-04 18:18:12.175 DEBUG 10992 --- [nio-9060-exec-7] o.s.web.servlet.DispatcherServlet        : Completed 200 OK
2026-08-04 18:18:13.547 DEBUG 10992 --- [nio-9060-exec-5] o.s.w.s.m.m.a.HttpEntityMethodProcessor  : Using 'application/json', given [application/json, text/plain, */*] and supported [application/json, application/*+json, application/json, application/*+json]
2026-08-04 18:18:13.549 DEBUG 10992 --- [nio-9060-exec-5] o.s.w.s.m.m.a.HttpEntityMethodProcessor  : Writing [com.example.TigoStarSystem.common.ApiResponse@e8272ff]
2026-08-04 18:18:13.550 DEBUG 10992 --- [nio-9060-exec-5] o.s.web.servlet.DispatcherServlet        : Completed 200 OK
2026-08-04 18:18:13.840 DEBUG 10992 --- [pool-1-thread-1] o.s.jdbc.core.JdbcTemplate               : Executing SQL query [EXEC dbo.spx_ObtenerSucursalesConexionWeb]
2026-08-04 18:18:13.841 DEBUG 10992 --- [pool-1-thread-1] o.s.jdbc.datasource.DataSourceUtils      : Fetching JDBC Connection from DataSource
2026-08-04 18:18:13.841 DEBUG 10992 --- [nio-9060-exec-6] o.s.w.c.request.async.WebAsyncManager    : Async error, dispatch to /cuadre/sistemas/automatico/progreso/84541ae1-37c9-48ff-ad19-9e035c898959
2026-08-04 18:18:13.859 DEBUG 10992 --- [pool-1-thread-1] o.s.jdbc.core.JdbcTemplate               : Executing prepared SQL query
2026-08-04 18:18:13.860 DEBUG 10992 --- [pool-1-thread-1] o.s.jdbc.core.JdbcTemplate               : Executing prepared SQL statement [EXEC spx_ValidarCuadreRuta ?, ?]
2026-08-04 18:18:13.861 DEBUG 10992 --- [pool-1-thread-1] o.s.jdbc.datasource.DataSourceUtils      : Fetching JDBC Connection from DataSource
2026-08-04 18:18:13.861 DEBUG 10992 --- [pool-1-thread-1] o.s.j.d.DriverManagerDataSource          : Creating new JDBC DriverManager Connection to [jdbc:jtds:sqlserver://tigo.makiro.com.bo/bdprueba;socketTimeout=0;loginTimeout=60]
2026-08-04 18:18:14.806 DEBUG 10992 --- [pool-1-thread-1] o.s.jdbc.core.JdbcTemplate               : Executing SQL query [EXEC dbo.spx_ObtenerSucursalesConexionWeb]
2026-08-04 18:18:14.808 DEBUG 10992 --- [pool-1-thread-1] o.s.jdbc.datasource.DataSourceUtils      : Fetching JDBC Connection from DataSource
2026-08-04 18:18:14.813 DEBUG 10992 --- [pool-1-thread-1] o.s.jdbc.core.JdbcTemplate               : Executing prepared SQL query
2026-08-04 18:18:14.814 DEBUG 10992 --- [pool-1-thread-1] o.s.jdbc.core.JdbcTemplate               : Executing prepared SQL statement [EXEC spx_ExisteCierreAlmacenHoy ?]
2026-08-04 18:18:14.815 DEBUG 10992 --- [pool-1-thread-1] o.s.jdbc.datasource.DataSourceUtils      : Fetching JDBC Connection from DataSource
2026-08-04 18:18:14.815 DEBUG 10992 --- [pool-1-thread-1] o.s.j.d.DriverManagerDataSource          : Creating new JDBC DriverManager Connection to [jdbc:jtds:sqlserver://tigo.makiro.com.bo/bdprueba;socketTimeout=0;loginTimeout=60]
2026-08-04 18:18:16.439 DEBUG 10992 --- [pool-1-thread-1] o.s.jdbc.core.JdbcTemplate               : Executing SQL query [EXEC dbo.spx_ObtenerSucursalesConexionWeb]
2026-08-04 18:18:16.439 DEBUG 10992 --- [pool-1-thread-1] o.s.jdbc.datasource.DataSourceUtils      : Fetching JDBC Connection from DataSource
2026-08-04 18:18:16.489 DEBUG 10992 --- [pool-1-thread-1] o.s.jdbc.core.JdbcTemplate               : Executing prepared SQL query
2026-08-04 18:18:16.490 DEBUG 10992 --- [pool-1-thread-1] o.s.jdbc.core.JdbcTemplate               : Executing prepared SQL statement [EXEC spx_ExisteCierreAlmacenHoyPR_PD ?]
2026-08-04 18:18:16.490 DEBUG 10992 --- [pool-1-thread-1] o.s.jdbc.datasource.DataSourceUtils      : Fetching JDBC Connection from DataSource
2026-08-04 18:18:16.491 DEBUG 10992 --- [pool-1-thread-1] o.s.j.d.DriverManagerDataSource          : Creating new JDBC DriverManager Connection to [jdbc:jtds:sqlserver://tigo.makiro.com.bo/bdprueba;socketTimeout=0;loginTimeout=60]
2026-08-04 18:18:17.555 DEBUG 10992 --- [nio-9060-exec-8] o.s.web.servlet.DispatcherServlet        : GET "/cuadre/sistemas/automatico/preview?fecha=2026-08-03&idSucursal=9", parameters={masked}
2026-08-04 18:18:17.557 DEBUG 10992 --- [nio-9060-exec-8] s.w.s.m.m.a.RequestMappingHandlerMapping : Mapped to com.example.TigoStarSystem.ot.controller.CuadreController#previewCuadreAutomaticoSistemas(String, LocalDate, Integer)
2026-08-04 18:18:17.562 DEBUG 10992 --- [nio-9060-exec-8] o.s.jdbc.core.JdbcTemplate               : Executing SQL query [EXEC dbo.spx_ObtenerSucursalesConexionWeb]
2026-08-04 18:18:17.563 DEBUG 10992 --- [nio-9060-exec-8] o.s.jdbc.datasource.DataSourceUtils      : Fetching JDBC Connection from DataSource
2026-08-04 18:18:17.617 DEBUG 10992 --- [nio-9060-exec-8] o.s.jdbc.core.JdbcTemplate               : Executing prepared SQL query
2026-08-04 18:18:17.618 DEBUG 10992 --- [nio-9060-exec-8] o.s.jdbc.core.JdbcTemplate               : Executing prepared SQL statement [EXEC dbo.sp_TraerRutasNoCuadradas ?]
2026-08-04 18:18:17.618 DEBUG 10992 --- [nio-9060-exec-8] o.s.jdbc.datasource.DataSourceUtils      : Fetching JDBC Connection from DataSource
2026-08-04 18:18:17.619 DEBUG 10992 --- [nio-9060-exec-8] o.s.j.d.DriverManagerDataSource          : Creating new JDBC DriverManager Connection to [jdbc:jtds:sqlserver://tigo.makiro.com.bo/bdprueba;socketTimeout=0;loginTimeout=60]
2026-08-04 18:18:18.204 DEBUG 10992 --- [pool-1-thread-1] o.s.jdbc.core.JdbcTemplate               : Executing SQL query [EXEC dbo.spx_ObtenerSucursalesConexionWeb]
2026-08-04 18:18:18.205 DEBUG 10992 --- [pool-1-thread-1] o.s.jdbc.datasource.DataSourceUtils      : Fetching JDBC Connection from DataSource
2026-08-04 18:18:18.211 DEBUG 10992 --- [pool-1-thread-1] o.s.jdbc.core.JdbcTemplate               : Executing prepared SQL query
2026-08-04 18:18:18.213 DEBUG 10992 --- [pool-1-thread-1] o.s.jdbc.core.JdbcTemplate               : Executing prepared SQL statement [EXEC spx_ValidaMovimientos ?]
2026-08-04 18:18:18.213 DEBUG 10992 --- [pool-1-thread-1] o.s.jdbc.datasource.DataSourceUtils      : Fetching JDBC Connection from DataSource
2026-08-04 18:18:18.214 DEBUG 10992 --- [pool-1-thread-1] o.s.j.d.DriverManagerDataSource          : Creating new JDBC DriverManager Connection to [jdbc:jtds:sqlserver://tigo.makiro.com.bo/bdprueba;socketTimeout=0;loginTimeout=60]
2026-08-04 18:18:18.579 DEBUG 10992 --- [l-1 housekeeper] com.zaxxer.hikari.pool.HikariPool        : HikariPool-1 - keepalive: connection net.sourceforge.jtds.jdbc.JtdsConnection@704c4ee is alive
2026-08-04 18:18:18.609 DEBUG 10992 --- [nio-9060-exec-8] o.s.w.s.m.m.a.HttpEntityMethodProcessor  : Using 'application/json', given [application/json, text/plain, */*] and supported [application/json, application/*+json, application/json, application/*+json]
2026-08-04 18:18:18.610 DEBUG 10992 --- [nio-9060-exec-8] o.s.w.s.m.m.a.HttpEntityMethodProcessor  : Writing [com.example.TigoStarSystem.common.ApiResponse@223989d0]
2026-08-04 18:18:18.612 DEBUG 10992 --- [nio-9060-exec-8] o.s.web.servlet.DispatcherServlet        : Completed 200 OK
2026-08-04 18:18:20.162 DEBUG 10992 --- [pool-1-thread-1] o.s.jdbc.core.JdbcTemplate               : Executing SQL query [EXEC dbo.spx_ObtenerSucursalesConexionWeb]
2026-08-04 18:18:20.164 DEBUG 10992 --- [pool-1-thread-1] o.s.jdbc.datasource.DataSourceUtils      : Fetching JDBC Connection from DataSource
2026-08-04 18:18:20.171 DEBUG 10992 --- [pool-1-thread-1] o.s.jdbc.core.JdbcTemplate               : Executing prepared SQL query
2026-08-04 18:18:20.172 DEBUG 10992 --- [pool-1-thread-1] o.s.jdbc.core.JdbcTemplate               : Executing prepared SQL statement [EXEC spx_ValidarCuadreRuta ?, ?]
2026-08-04 18:18:20.173 DEBUG 10992 --- [pool-1-thread-1] o.s.jdbc.datasource.DataSourceUtils      : Fetching JDBC Connection from DataSource
2026-08-04 18:18:20.173 DEBUG 10992 --- [pool-1-thread-1] o.s.j.d.DriverManagerDataSource          : Creating new JDBC DriverManager Connection to [jdbc:jtds:sqlserver://tigo.makiro.com.bo/bdprueba;socketTimeout=0;loginTimeout=60]
2026-08-04 18:18:20.906 DEBUG 10992 --- [pool-1-thread-1] o.s.jdbc.core.JdbcTemplate               : Executing SQL query [EXEC dbo.spx_ObtenerSucursalesConexionWeb]
2026-08-04 18:18:20.907 DEBUG 10992 --- [pool-1-thread-1] o.s.jdbc.datasource.DataSourceUtils      : Fetching JDBC Connection from DataSource
2026-08-04 18:18:20.916 DEBUG 10992 --- [pool-1-thread-1] o.s.jdbc.core.JdbcTemplate               : Executing prepared SQL query
2026-08-04 18:18:20.917 DEBUG 10992 --- [pool-1-thread-1] o.s.jdbc.core.JdbcTemplate               : Executing prepared SQL statement [EXEC spx_ExisteCierreAlmacenHoy ?]
2026-08-04 18:18:20.918 DEBUG 10992 --- [pool-1-thread-1] o.s.jdbc.datasource.DataSourceUtils      : Fetching JDBC Connection from DataSource
2026-08-04 18:18:20.918 DEBUG 10992 --- [pool-1-thread-1] o.s.j.d.DriverManagerDataSource          : Creating new JDBC DriverManager Connection to [jdbc:jtds:sqlserver://tigo.makiro.com.bo/bdprueba;socketTimeout=0;loginTimeout=60]
2026-08-04 18:18:22.555 DEBUG 10992 --- [pool-1-thread-1] o.s.jdbc.core.JdbcTemplate               : Executing SQL query [EXEC dbo.spx_ObtenerSucursalesConexionWeb]
2026-08-04 18:18:22.555 DEBUG 10992 --- [pool-1-thread-1] o.s.jdbc.datasource.DataSourceUtils      : Fetching JDBC Connection from DataSource
2026-08-04 18:18:22.567 DEBUG 10992 --- [pool-1-thread-1] o.s.jdbc.core.JdbcTemplate               : Executing prepared SQL query
2026-08-04 18:18:22.568 DEBUG 10992 --- [pool-1-thread-1] o.s.jdbc.core.JdbcTemplate               : Executing prepared SQL statement [EXEC spx_ExisteCierreAlmacenHoyPR_PD ?]
2026-08-04 18:18:22.568 DEBUG 10992 --- [pool-1-thread-1] o.s.jdbc.datasource.DataSourceUtils      : Fetching JDBC Connection from DataSource
2026-08-04 18:18:22.568 DEBUG 10992 --- [pool-1-thread-1] o.s.j.d.DriverManagerDataSource          : Creating new JDBC DriverManager Connection to [jdbc:jtds:sqlserver://tigo.makiro.com.bo/bdprueba;socketTimeout=0;loginTimeout=60]
2026-08-04 18:18:23.838 DEBUG 10992 --- [nio-9060-exec-9] o.s.web.servlet.DispatcherServlet        : POST "/cuadre/sistemas/automatico/iniciar?fecha=2026-08-03&idSucursal=9", parameters={masked}
2026-08-04 18:18:23.840 DEBUG 10992 --- [nio-9060-exec-9] s.w.s.m.m.a.RequestMappingHandlerMapping : Mapped to com.example.TigoStarSystem.ot.controller.CuadreController#iniciarCuadreAutomaticoSistemas(String, LocalDate, Integer)
2026-08-04 18:18:23.846 DEBUG 10992 --- [nio-9060-exec-9] o.s.w.s.m.m.a.HttpEntityMethodProcessor  : Using 'application/json', given [application/json, text/plain, */*] and supported [application/json, application/*+json, application/json, application/*+json]
2026-08-04 18:18:23.847 DEBUG 10992 --- [nio-9060-exec-9] o.s.w.s.m.m.a.HttpEntityMethodProcessor  : Writing [com.example.TigoStarSystem.common.ApiResponse@1e6bc804]
2026-08-04 18:18:23.850 DEBUG 10992 --- [nio-9060-exec-9] o.s.web.servlet.DispatcherServlet        : Completed 200 OK
2026-08-04 18:18:23.850 DEBUG 10992 --- [pool-1-thread-2] o.s.jdbc.core.JdbcTemplate               : Executing SQL query [EXEC dbo.spx_ObtenerSucursalesConexionWeb]
2026-08-04 18:18:23.852 DEBUG 10992 --- [pool-1-thread-2] o.s.jdbc.datasource.DataSourceUtils      : Fetching JDBC Connection from DataSource
2026-08-04 18:18:23.862 DEBUG 10992 --- [pool-1-thread-2] o.s.jdbc.core.JdbcTemplate               : Executing prepared SQL query
2026-08-04 18:18:23.862 DEBUG 10992 --- [pool-1-thread-2] o.s.jdbc.core.JdbcTemplate               : Executing prepared SQL statement [SELECT TOP 1 u.id_usuario AS idUsuario FROM dbo.tbl_usuario u INNER JOIN dbo.tbl_rol r ON r.id_rol = u.id_rol WHERE u.loggin = ? AND ISNULL(u.e_eliminado, 0) = 0 AND ISNULL(r.e_eliminado, 0) = 0]
2026-08-04 18:18:23.863 DEBUG 10992 --- [pool-1-thread-2] o.s.jdbc.datasource.DataSourceUtils      : Fetching JDBC Connection from DataSource
2026-08-04 18:18:23.864 DEBUG 10992 --- [pool-1-thread-2] o.s.j.d.DriverManagerDataSource          : Creating new JDBC DriverManager Connection to [jdbc:jtds:sqlserver://tigo.makiro.com.bo/bdprueba;socketTimeout=0;loginTimeout=60]
2026-08-04 18:18:23.867 DEBUG 10992 --- [nio-9060-exec-1] o.s.web.servlet.DispatcherServlet        : GET "/cuadre/sistemas/automatico/progreso/39c7bb9f-2d04-4c2d-aa7a-f1ce5d885080", parameters={}
2026-08-04 18:18:23.870 DEBUG 10992 --- [nio-9060-exec-1] s.w.s.m.m.a.RequestMappingHandlerMapping : Mapped to com.example.TigoStarSystem.ot.controller.CuadreController#progresoCuadreAutomaticoSistemas(String)
2026-08-04 18:18:23.872 DEBUG 10992 --- [nio-9060-exec-1] o.s.w.c.request.async.WebAsyncManager    : Started async request
2026-08-04 18:18:23.881 DEBUG 10992 --- [nio-9060-exec-1] o.s.web.servlet.DispatcherServlet        : Exiting but response remains open for further handling
2026-08-04 18:18:24.067 DEBUG 10992 --- [pool-1-thread-1] o.s.jdbc.core.JdbcTemplate               : Executing SQL query [EXEC dbo.spx_ObtenerSucursalesConexionWeb]
2026-08-04 18:18:24.068 DEBUG 10992 --- [pool-1-thread-1] o.s.jdbc.datasource.DataSourceUtils      : Fetching JDBC Connection from DataSource
2026-08-04 18:18:24.073 DEBUG 10992 --- [pool-1-thread-1] o.s.jdbc.core.JdbcTemplate               : Executing prepared SQL query
2026-08-04 18:18:24.074 DEBUG 10992 --- [pool-1-thread-1] o.s.jdbc.core.JdbcTemplate               : Executing prepared SQL statement [EXEC spx_ValidaMovimientos ?]
2026-08-04 18:18:24.075 DEBUG 10992 --- [pool-1-thread-1] o.s.jdbc.datasource.DataSourceUtils      : Fetching JDBC Connection from DataSource
2026-08-04 18:18:24.076 DEBUG 10992 --- [pool-1-thread-1] o.s.j.d.DriverManagerDataSource          : Creating new JDBC DriverManager Connection to [jdbc:jtds:sqlserver://tigo.makiro.com.bo/bdprueba;socketTimeout=0;loginTimeout=60]
2026-08-04 18:18:25.351 DEBUG 10992 --- [pool-1-thread-2] o.s.jdbc.core.JdbcTemplate               : Executing SQL query [EXEC dbo.spx_ObtenerSucursalesConexionWeb]
2026-08-04 18:18:25.352 DEBUG 10992 --- [pool-1-thread-2] o.s.jdbc.datasource.DataSourceUtils      : Fetching JDBC Connection from DataSource
2026-08-04 18:18:25.361 DEBUG 10992 --- [pool-1-thread-2] o.s.jdbc.core.JdbcTemplate               : Executing prepared SQL query
2026-08-04 18:18:25.363 DEBUG 10992 --- [pool-1-thread-2] o.s.jdbc.core.JdbcTemplate               : Executing prepared SQL statement [SELECT TOP 1 u.id_usuario AS idUsuario FROM dbo.tbl_usuario u INNER JOIN dbo.tbl_rol r ON r.id_rol = u.id_rol WHERE u.loggin = ? AND ISNULL(u.e_eliminado, 0) = 0 AND ISNULL(r.e_eliminado, 0) = 0]
2026-08-04 18:18:25.363 DEBUG 10992 --- [pool-1-thread-2] o.s.jdbc.datasource.DataSourceUtils      : Fetching JDBC Connection from DataSource
2026-08-04 18:18:25.364 DEBUG 10992 --- [pool-1-thread-2] o.s.j.d.DriverManagerDataSource          : Creating new JDBC DriverManager Connection to [jdbc:jtds:sqlserver://tigo.makiro.com.bo/bdprueba;socketTimeout=0;loginTimeout=60]
2026-08-04 18:18:26.482 DEBUG 10992 --- [pool-1-thread-1] o.s.jdbc.core.JdbcTemplate               : Executing SQL query [EXEC dbo.spx_ObtenerSucursalesConexionWeb]
2026-08-04 18:18:26.483 DEBUG 10992 --- [pool-1-thread-1] o.s.jdbc.datasource.DataSourceUtils      : Fetching JDBC Connection from DataSource
2026-08-04 18:18:26.501 DEBUG 10992 --- [pool-1-thread-1] o.s.jdbc.core.JdbcTemplate               : Executing prepared SQL query
2026-08-04 18:18:26.501 DEBUG 10992 --- [pool-1-thread-1] o.s.jdbc.core.JdbcTemplate               : Executing prepared SQL statement [EXEC spx_ValidarCuadreRuta ?, ?]
2026-08-04 18:18:26.502 DEBUG 10992 --- [pool-1-thread-1] o.s.jdbc.datasource.DataSourceUtils      : Fetching JDBC Connection from DataSource
2026-08-04 18:18:26.502 DEBUG 10992 --- [pool-1-thread-1] o.s.j.d.DriverManagerDataSource          : Creating new JDBC DriverManager Connection to [jdbc:jtds:sqlserver://tigo.makiro.com.bo/bdprueba;socketTimeout=0;loginTimeout=60]
2026-08-04 18:18:26.649 DEBUG 10992 --- [pool-1-thread-2] o.s.jdbc.core.JdbcTemplate               : Executing SQL query [EXEC dbo.spx_ObtenerSucursalesConexionWeb]
2026-08-04 18:18:26.651 DEBUG 10992 --- [pool-1-thread-2] o.s.jdbc.datasource.DataSourceUtils      : Fetching JDBC Connection from DataSource
2026-08-04 18:18:26.661 DEBUG 10992 --- [pool-1-thread-2] o.s.jdbc.core.JdbcTemplate               : Executing prepared SQL query
2026-08-04 18:18:26.662 DEBUG 10992 --- [pool-1-thread-2] o.s.jdbc.core.JdbcTemplate               : Executing prepared SQL statement [EXEC dbo.sp_TraerRutasNoCuadradas ?]
2026-08-04 18:18:26.664 DEBUG 10992 --- [pool-1-thread-2] o.s.jdbc.datasource.DataSourceUtils      : Fetching JDBC Connection from DataSource
2026-08-04 18:18:26.665 DEBUG 10992 --- [pool-1-thread-2] o.s.j.d.DriverManagerDataSource          : Creating new JDBC DriverManager Connection to [jdbc:jtds:sqlserver://tigo.makiro.com.bo/bdprueba;socketTimeout=0;loginTimeout=60]
2026-08-04 18:18:28.330 DEBUG 10992 --- [pool-1-thread-1] o.s.jdbc.core.JdbcTemplate               : Executing SQL query [EXEC dbo.spx_ObtenerSucursalesConexionWeb]
2026-08-04 18:18:28.332 DEBUG 10992 --- [pool-1-thread-1] o.s.jdbc.datasource.DataSourceUtils      : Fetching JDBC Connection from DataSource
2026-08-04 18:18:28.361 DEBUG 10992 --- [pool-1-thread-1] o.s.jdbc.core.JdbcTemplate               : Executing prepared SQL query
2026-08-04 18:18:28.362 DEBUG 10992 --- [pool-1-thread-1] o.s.jdbc.core.JdbcTemplate               : Executing prepared SQL statement [EXEC spx_ExisteCierreAlmacenHoy ?]
2026-08-04 18:18:28.363 DEBUG 10992 --- [pool-1-thread-1] o.s.jdbc.datasource.DataSourceUtils      : Fetching JDBC Connection from DataSource
2026-08-04 18:18:28.364 DEBUG 10992 --- [pool-1-thread-1] o.s.j.d.DriverManagerDataSource          : Creating new JDBC DriverManager Connection to [jdbc:jtds:sqlserver://tigo.makiro.com.bo/bdprueba;socketTimeout=0;loginTimeout=60]
2026-08-04 18:18:28.754 DEBUG 10992 --- [pool-1-thread-2] o.s.jdbc.core.JdbcTemplate               : Executing SQL query [EXEC dbo.spx_ObtenerSucursalesConexionWeb]
2026-08-04 18:18:28.756 DEBUG 10992 --- [pool-1-thread-2] o.s.jdbc.datasource.DataSourceUtils      : Fetching JDBC Connection from DataSource
2026-08-04 18:18:28.776 DEBUG 10992 --- [pool-1-thread-2] o.s.jdbc.core.JdbcTemplate               : Executing prepared SQL query
2026-08-04 18:18:28.777 DEBUG 10992 --- [pool-1-thread-2] o.s.jdbc.core.JdbcTemplate               : Executing prepared SQL statement [EXEC dbo.sp_TraerRutasNoCuadradas ?]
2026-08-04 18:18:28.778 DEBUG 10992 --- [pool-1-thread-2] o.s.jdbc.datasource.DataSourceUtils      : Fetching JDBC Connection from DataSource
2026-08-04 18:18:28.780 DEBUG 10992 --- [pool-1-thread-2] o.s.j.d.DriverManagerDataSource          : Creating new JDBC DriverManager Connection to [jdbc:jtds:sqlserver://tigo.makiro.com.bo/bdprueba;socketTimeout=0;loginTimeout=60]
2026-08-04 18:18:29.286 DEBUG 10992 --- [ool housekeeper] com.zaxxer.hikari.pool.HikariPool        : CentralHikariPool - Before cleanup stats (total=1, active=0, idle=1, waiting=0)
2026-08-04 18:18:29.289 DEBUG 10992 --- [ool housekeeper] com.zaxxer.hikari.pool.HikariPool        : CentralHikariPool - After cleanup  stats (total=1, active=0, idle=1, waiting=0)
2026-08-04 18:18:29.290 DEBUG 10992 --- [ool housekeeper] com.zaxxer.hikari.pool.HikariPool        : CentralHikariPool - Fill pool skipped, pool is at sufficient level.
2026-08-04 18:18:29.349 DEBUG 10992 --- [l-1 housekeeper] com.zaxxer.hikari.pool.HikariPool        : HikariPool-1 - Before cleanup stats (total=1, active=0, idle=1, waiting=0)
2026-08-04 18:18:29.350 DEBUG 10992 --- [l-1 housekeeper] com.zaxxer.hikari.pool.HikariPool        : HikariPool-1 - After cleanup  stats (total=1, active=0, idle=1, waiting=0)
2026-08-04 18:18:29.352 DEBUG 10992 --- [l-1 housekeeper] com.zaxxer.hikari.pool.HikariPool        : HikariPool-1 - Fill pool skipped, pool is at sufficient level.
2026-08-04 18:18:30.264 DEBUG 10992 --- [ool housekeeper] com.zaxxer.hikari.pool.HikariPool        : TigoHogarHikariPool - Before cleanup stats (total=0, active=0, idle=0, waiting=0)
2026-08-04 18:18:30.265 DEBUG 10992 --- [ool housekeeper] com.zaxxer.hikari.pool.HikariPool        : TigoHogarHikariPool - After cleanup  stats (total=0, active=0, idle=0, waiting=0)
2026-08-04 18:18:30.266 DEBUG 10992 --- [ool housekeeper] com.zaxxer.hikari.pool.HikariPool        : TigoHogarHikariPool - Fill pool skipped, pool is at sufficient level.
2026-08-04 18:18:30.746 DEBUG 10992 --- [pool-1-thread-2] o.s.jdbc.core.JdbcTemplate               : Executing SQL query [EXEC dbo.spx_ObtenerSucursalesConexionWeb]
2026-08-04 18:18:30.748 DEBUG 10992 --- [pool-1-thread-2] o.s.jdbc.datasource.DataSourceUtils      : Fetching JDBC Connection from DataSource
2026-08-04 18:18:30.760 DEBUG 10992 --- [pool-1-thread-2] o.s.jdbc.core.JdbcTemplate               : Executing prepared SQL query
2026-08-04 18:18:30.761 DEBUG 10992 --- [pool-1-thread-2] o.s.jdbc.core.JdbcTemplate               : Executing prepared SQL statement [EXEC spx_ExisteCierreAlmacenHoy ?]
2026-08-04 18:18:30.762 DEBUG 10992 --- [pool-1-thread-2] o.s.jdbc.datasource.DataSourceUtils      : Fetching JDBC Connection from DataSource
2026-08-04 18:18:30.763 DEBUG 10992 --- [pool-1-thread-2] o.s.j.d.DriverManagerDataSource          : Creating new JDBC DriverManager Connection to [jdbc:jtds:sqlserver://tigo.makiro.com.bo/bdprueba;socketTimeout=0;loginTimeout=60]
2026-08-04 18:18:31.133 DEBUG 10992 --- [pool-1-thread-1] o.s.jdbc.core.JdbcTemplate               : Executing SQL query [EXEC dbo.spx_ObtenerSucursalesConexionWeb]
2026-08-04 18:18:31.135 DEBUG 10992 --- [pool-1-thread-1] o.s.jdbc.datasource.DataSourceUtils      : Fetching JDBC Connection from DataSource
2026-08-04 18:18:31.154 DEBUG 10992 --- [pool-1-thread-1] o.s.jdbc.core.JdbcTemplate               : Executing prepared SQL query
2026-08-04 18:18:31.155 DEBUG 10992 --- [pool-1-thread-1] o.s.jdbc.core.JdbcTemplate               : Executing prepared SQL statement [EXEC spx_ExisteCierreAlmacenHoyPR_PD ?]
2026-08-04 18:18:31.156 DEBUG 10992 --- [pool-1-thread-1] o.s.jdbc.datasource.DataSourceUtils      : Fetching JDBC Connection from DataSource
2026-08-04 18:18:31.156 DEBUG 10992 --- [pool-1-thread-1] o.s.j.d.DriverManagerDataSource          : Creating new JDBC DriverManager Connection to [jdbc:jtds:sqlserver://tigo.makiro.com.bo/bdprueba;socketTimeout=0;loginTimeout=60]
2026-08-04 18:18:33.378 DEBUG 10992 --- [pool-1-thread-2] o.s.jdbc.core.JdbcTemplate               : Executing SQL query [EXEC dbo.spx_ObtenerSucursalesConexionWeb]
2026-08-04 18:18:33.379 DEBUG 10992 --- [pool-1-thread-2] o.s.jdbc.datasource.DataSourceUtils      : Fetching JDBC Connection from DataSource
2026-08-04 18:18:33.404 DEBUG 10992 --- [pool-1-thread-2] o.s.jdbc.core.JdbcTemplate               : Executing prepared SQL query
2026-08-04 18:18:33.405 DEBUG 10992 --- [pool-1-thread-2] o.s.jdbc.core.JdbcTemplate               : Executing prepared SQL statement [EXEC spx_SePuedeHacerCierreAlmacen ?]
2026-08-04 18:18:33.405 DEBUG 10992 --- [pool-1-thread-2] o.s.jdbc.datasource.DataSourceUtils      : Fetching JDBC Connection from DataSource
2026-08-04 18:18:33.406 DEBUG 10992 --- [pool-1-thread-2] o.s.j.d.DriverManagerDataSource          : Creating new JDBC DriverManager Connection to [jdbc:jtds:sqlserver://tigo.makiro.com.bo/bdprueba;socketTimeout=0;loginTimeout=60]
2026-08-04 18:18:33.732 DEBUG 10992 --- [pool-1-thread-1] o.s.jdbc.core.JdbcTemplate               : Executing SQL query [EXEC dbo.spx_ObtenerSucursalesConexionWeb]
2026-08-04 18:18:33.733 DEBUG 10992 --- [pool-1-thread-1] o.s.jdbc.datasource.DataSourceUtils      : Fetching JDBC Connection from DataSource
2026-08-04 18:18:33.738 DEBUG 10992 --- [pool-1-thread-1] o.s.jdbc.core.JdbcTemplate               : Executing prepared SQL query
2026-08-04 18:18:33.739 DEBUG 10992 --- [pool-1-thread-1] o.s.jdbc.core.JdbcTemplate               : Executing prepared SQL statement [EXEC spx_ValidaMovimientos ?]
2026-08-04 18:18:33.739 DEBUG 10992 --- [pool-1-thread-1] o.s.jdbc.datasource.DataSourceUtils      : Fetching JDBC Connection from DataSource
2026-08-04 18:18:33.740 DEBUG 10992 --- [pool-1-thread-1] o.s.j.d.DriverManagerDataSource          : Creating new JDBC DriverManager Connection to [jdbc:jtds:sqlserver://tigo.makiro.com.bo/bdprueba;socketTimeout=0;loginTimeout=60]
2026-08-04 18:18:36.041 DEBUG 10992 --- [pool-1-thread-2] o.s.jdbc.core.JdbcTemplate               : Executing SQL query [EXEC dbo.spx_ObtenerSucursalesConexionWeb]
2026-08-04 18:18:36.042 DEBUG 10992 --- [pool-1-thread-2] o.s.jdbc.datasource.DataSourceUtils      : Fetching JDBC Connection from DataSource
2026-08-04 18:18:36.053 DEBUG 10992 --- [pool-1-thread-2] o.s.jdbc.core.JdbcTemplate               : Executing prepared SQL query
2026-08-04 18:18:36.054 DEBUG 10992 --- [pool-1-thread-2] o.s.jdbc.core.JdbcTemplate               : Executing prepared SQL statement [EXEC spx_ValidaMovimientos ?]
2026-08-04 18:18:36.055 DEBUG 10992 --- [pool-1-thread-2] o.s.jdbc.datasource.DataSourceUtils      : Fetching JDBC Connection from DataSource
2026-08-04 18:18:36.055 DEBUG 10992 --- [pool-1-thread-2] o.s.j.d.DriverManagerDataSource          : Creating new JDBC DriverManager Connection to [jdbc:jtds:sqlserver://tigo.makiro.com.bo/bdprueba;socketTimeout=0;loginTimeout=60]
2026-08-04 18:18:36.230 DEBUG 10992 --- [pool-1-thread-1] o.s.jdbc.core.JdbcTemplate               : Executing SQL query [EXEC dbo.spx_ObtenerSucursalesConexionWeb]
2026-08-04 18:18:36.231 DEBUG 10992 --- [pool-1-thread-1] o.s.jdbc.datasource.DataSourceUtils      : Fetching JDBC Connection from DataSource
2026-08-04 18:18:36.234 DEBUG 10992 --- [pool-1-thread-1] o.s.jdbc.core.JdbcTemplate               : Executing prepared SQL query
2026-08-04 18:18:36.235 DEBUG 10992 --- [pool-1-thread-1] o.s.jdbc.core.JdbcTemplate               : Executing prepared SQL statement [EXEC spx_ValidarCuadreRuta ?, ?]
2026-08-04 18:18:36.236 DEBUG 10992 --- [pool-1-thread-1] o.s.jdbc.datasource.DataSourceUtils      : Fetching JDBC Connection from DataSource
2026-08-04 18:18:36.236 DEBUG 10992 --- [pool-1-thread-1] o.s.j.d.DriverManagerDataSource          : Creating new JDBC DriverManager Connection to [jdbc:jtds:sqlserver://tigo.makiro.com.bo/bdprueba;socketTimeout=0;loginTimeout=60]
2026-08-04 18:18:37.783 DEBUG 10992 --- [pool-1-thread-1] o.s.jdbc.core.JdbcTemplate               : Executing SQL query [EXEC dbo.spx_ObtenerSucursalesConexionWeb]
2026-08-04 18:18:37.785 DEBUG 10992 --- [pool-1-thread-1] o.s.jdbc.datasource.DataSourceUtils      : Fetching JDBC Connection from DataSource
2026-08-04 18:18:37.801 DEBUG 10992 --- [pool-1-thread-1] o.s.jdbc.core.JdbcTemplate               : Executing prepared SQL query
2026-08-04 18:18:37.801 DEBUG 10992 --- [pool-1-thread-1] o.s.jdbc.core.JdbcTemplate               : Executing prepared SQL statement [EXEC spx_ExisteCierreAlmacenHoy ?]
2026-08-04 18:18:37.802 DEBUG 10992 --- [pool-1-thread-1] o.s.jdbc.datasource.DataSourceUtils      : Fetching JDBC Connection from DataSource
2026-08-04 18:18:37.803 DEBUG 10992 --- [pool-1-thread-1] o.s.j.d.DriverManagerDataSource          : Creating new JDBC DriverManager Connection to [jdbc:jtds:sqlserver://tigo.makiro.com.bo/bdprueba;socketTimeout=0;loginTimeout=60]
2026-08-04 18:18:38.330 DEBUG 10992 --- [pool-1-thread-2] o.s.jdbc.core.JdbcTemplate               : Executing SQL query [EXEC dbo.spx_ObtenerSucursalesConexionWeb]
2026-08-04 18:18:38.331 DEBUG 10992 --- [pool-1-thread-2] o.s.jdbc.datasource.DataSourceUtils      : Fetching JDBC Connection from DataSource
2026-08-04 18:18:38.339 DEBUG 10992 --- [pool-1-thread-2] o.s.jdbc.core.JdbcTemplate               : Executing prepared SQL query
2026-08-04 18:18:38.340 DEBUG 10992 --- [pool-1-thread-2] o.s.jdbc.core.JdbcTemplate               : Executing prepared SQL statement [EXEC spx_ValidaMovimientosSCierre ?]
2026-08-04 18:18:38.341 DEBUG 10992 --- [pool-1-thread-2] o.s.jdbc.datasource.DataSourceUtils      : Fetching JDBC Connection from DataSource
2026-08-04 18:18:38.342 DEBUG 10992 --- [pool-1-thread-2] o.s.j.d.DriverManagerDataSource          : Creating new JDBC DriverManager Connection to [jdbc:jtds:sqlserver://tigo.makiro.com.bo/bdprueba;socketTimeout=0;loginTimeout=60]
2026-08-04 18:18:40.621 DEBUG 10992 --- [pool-1-thread-1] o.s.jdbc.core.JdbcTemplate               : Executing SQL query [EXEC dbo.spx_ObtenerSucursalesConexionWeb]
2026-08-04 18:18:40.622 DEBUG 10992 --- [pool-1-thread-1] o.s.jdbc.datasource.DataSourceUtils      : Fetching JDBC Connection from DataSource
2026-08-04 18:18:40.639 DEBUG 10992 --- [pool-1-thread-1] o.s.jdbc.core.JdbcTemplate               : Executing prepared SQL query
2026-08-04 18:18:40.640 DEBUG 10992 --- [pool-1-thread-1] o.s.jdbc.core.JdbcTemplate               : Executing prepared SQL statement [EXEC spx_ExisteCierreAlmacenHoyPR_PD ?]
2026-08-04 18:18:40.640 DEBUG 10992 --- [pool-1-thread-1] o.s.jdbc.datasource.DataSourceUtils      : Fetching JDBC Connection from DataSource
2026-08-04 18:18:40.641 DEBUG 10992 --- [pool-1-thread-1] o.s.j.d.DriverManagerDataSource          : Creating new JDBC DriverManager Connection to [jdbc:jtds:sqlserver://tigo.makiro.com.bo/bdprueba;socketTimeout=0;loginTimeout=60]
2026-08-04 18:18:41.411 DEBUG 10992 --- [pool-1-thread-2] o.s.jdbc.core.JdbcTemplate               : Executing SQL query [EXEC dbo.spx_ObtenerSucursalesConexionWeb]
2026-08-04 18:18:41.413 DEBUG 10992 --- [pool-1-thread-2] o.s.jdbc.datasource.DataSourceUtils      : Fetching JDBC Connection from DataSource
2026-08-04 18:18:41.419 DEBUG 10992 --- [pool-1-thread-2] o.s.jdbc.core.JdbcTemplate               : Executing prepared SQL query
2026-08-04 18:18:41.421 DEBUG 10992 --- [pool-1-thread-2] o.s.jdbc.core.JdbcTemplate               : Executing prepared SQL statement [EXEC spx_rutasCuadre ?]
2026-08-04 18:18:41.421 DEBUG 10992 --- [pool-1-thread-2] o.s.jdbc.datasource.DataSourceUtils      : Fetching JDBC Connection from DataSource
2026-08-04 18:18:41.422 DEBUG 10992 --- [pool-1-thread-2] o.s.j.d.DriverManagerDataSource          : Creating new JDBC DriverManager Connection to [jdbc:jtds:sqlserver://tigo.makiro.com.bo/bdprueba;socketTimeout=0;loginTimeout=60]
2026-08-04 18:18:43.939 DEBUG 10992 --- [pool-1-thread-1] o.s.jdbc.core.JdbcTemplate               : Executing SQL query [EXEC dbo.spx_ObtenerSucursalesConexionWeb]
2026-08-04 18:18:43.940 DEBUG 10992 --- [pool-1-thread-1] o.s.jdbc.datasource.DataSourceUtils      : Fetching JDBC Connection from DataSource
2026-08-04 18:18:43.958 DEBUG 10992 --- [pool-1-thread-1] o.s.jdbc.core.JdbcTemplate               : Executing prepared SQL query
2026-08-04 18:18:43.959 DEBUG 10992 --- [pool-1-thread-1] o.s.jdbc.core.JdbcTemplate               : Executing prepared SQL statement [EXEC spx_ValidaMovimientos ?]
2026-08-04 18:18:43.960 DEBUG 10992 --- [pool-1-thread-1] o.s.jdbc.datasource.DataSourceUtils      : Fetching JDBC Connection from DataSource
2026-08-04 18:18:43.963 DEBUG 10992 --- [pool-1-thread-1] o.s.j.d.DriverManagerDataSource          : Creating new JDBC DriverManager Connection to [jdbc:jtds:sqlserver://tigo.makiro.com.bo/bdprueba;socketTimeout=0;loginTimeout=60]
2026-08-04 18:18:47.394 DEBUG 10992 --- [pool-1-thread-1] o.s.jdbc.core.JdbcTemplate               : Executing SQL query [EXEC dbo.spx_ObtenerSucursalesConexionWeb]
2026-08-04 18:18:47.395 DEBUG 10992 --- [pool-1-thread-1] o.s.jdbc.datasource.DataSourceUtils      : Fetching JDBC Connection from DataSource
2026-08-04 18:18:47.403 DEBUG 10992 --- [pool-1-thread-1] o.s.jdbc.core.JdbcTemplate               : Executing prepared SQL query
2026-08-04 18:18:47.404 DEBUG 10992 --- [pool-1-thread-1] o.s.jdbc.core.JdbcTemplate               : Executing prepared SQL statement [EXEC spx_ValidarCuadreRuta ?, ?]
2026-08-04 18:18:47.406 DEBUG 10992 --- [pool-1-thread-1] o.s.jdbc.datasource.DataSourceUtils      : Fetching JDBC Connection from DataSource
2026-08-04 18:18:47.407 DEBUG 10992 --- [pool-1-thread-1] o.s.j.d.DriverManagerDataSource          : Creating new JDBC DriverManager Connection to [jdbc:jtds:sqlserver://tigo.makiro.com.bo/bdprueba;socketTimeout=0;loginTimeout=60]
2026-08-04 18:18:49.727 DEBUG 10992 --- [pool-1-thread-1] o.s.jdbc.core.JdbcTemplate               : Executing SQL query [EXEC dbo.spx_ObtenerSucursalesConexionWeb]
2026-08-04 18:18:49.728 DEBUG 10992 --- [pool-1-thread-1] o.s.jdbc.datasource.DataSourceUtils      : Fetching JDBC Connection from DataSource
2026-08-04 18:18:49.736 DEBUG 10992 --- [pool-1-thread-1] o.s.jdbc.core.JdbcTemplate               : Executing prepared SQL query
2026-08-04 18:18:49.737 DEBUG 10992 --- [pool-1-thread-1] o.s.jdbc.core.JdbcTemplate               : Executing prepared SQL statement [EXEC spx_ExisteCierreAlmacenHoy ?]
2026-08-04 18:18:49.738 DEBUG 10992 --- [pool-1-thread-1] o.s.jdbc.datasource.DataSourceUtils      : Fetching JDBC Connection from DataSource
2026-08-04 18:18:49.739 DEBUG 10992 --- [pool-1-thread-1] o.s.j.d.DriverManagerDataSource          : Creating new JDBC DriverManager Connection to [jdbc:jtds:sqlserver://tigo.makiro.com.bo/bdprueba;socketTimeout=0;loginTimeout=60]
2026-08-04 18:18:50.370 DEBUG 10992 --- [pool-1-thread-2] o.s.jdbc.core.JdbcTemplate               : Executing SQL query [EXEC dbo.spx_ObtenerSucursalesConexionWeb]
2026-08-04 18:18:50.372 DEBUG 10992 --- [pool-1-thread-2] o.s.jdbc.datasource.DataSourceUtils      : Fetching JDBC Connection from DataSource
2026-08-04 18:18:50.384 DEBUG 10992 --- [pool-1-thread-2] o.s.jdbc.core.JdbcTemplate               : Executing prepared SQL query
2026-08-04 18:18:50.385 DEBUG 10992 --- [pool-1-thread-2] o.s.jdbc.core.JdbcTemplate               : Executing prepared SQL statement [EXEC sp_ObtenerCierreAlmacen ?]
2026-08-04 18:18:50.387 DEBUG 10992 --- [pool-1-thread-2] o.s.jdbc.datasource.DataSourceUtils      : Fetching JDBC Connection from DataSource
2026-08-04 18:18:50.388 DEBUG 10992 --- [pool-1-thread-2] o.s.j.d.DriverManagerDataSource          : Creating new JDBC DriverManager Connection to [jdbc:jtds:sqlserver://tigo.makiro.com.bo/bdprueba;socketTimeout=0;loginTimeout=60]
2026-08-04 18:18:53.178 DEBUG 10992 --- [pool-1-thread-1] o.s.jdbc.core.JdbcTemplate               : Executing SQL query [EXEC dbo.spx_ObtenerSucursalesConexionWeb]
2026-08-04 18:18:53.179 DEBUG 10992 --- [pool-1-thread-1] o.s.jdbc.datasource.DataSourceUtils      : Fetching JDBC Connection from DataSource
2026-08-04 18:18:53.187 DEBUG 10992 --- [pool-1-thread-1] o.s.jdbc.core.JdbcTemplate               : Executing prepared SQL query
2026-08-04 18:18:53.188 DEBUG 10992 --- [pool-1-thread-1] o.s.jdbc.core.JdbcTemplate               : Executing prepared SQL statement [EXEC spx_ExisteCierreAlmacenHoyPR_PD ?]
2026-08-04 18:18:53.189 DEBUG 10992 --- [pool-1-thread-1] o.s.jdbc.datasource.DataSourceUtils      : Fetching JDBC Connection from DataSource
2026-08-04 18:18:53.190 DEBUG 10992 --- [pool-1-thread-1] o.s.j.d.DriverManagerDataSource          : Creating new JDBC DriverManager Connection to [jdbc:jtds:sqlserver://tigo.makiro.com.bo/bdprueba;socketTimeout=0;loginTimeout=60]
2026-08-04 18:18:56.689 DEBUG 10992 --- [pool-1-thread-1] o.s.jdbc.core.JdbcTemplate               : Executing SQL query [EXEC dbo.spx_ObtenerSucursalesConexionWeb]
2026-08-04 18:18:56.690 DEBUG 10992 --- [pool-1-thread-1] o.s.jdbc.datasource.DataSourceUtils      : Fetching JDBC Connection from DataSource
2026-08-04 18:18:56.698 DEBUG 10992 --- [pool-1-thread-1] o.s.jdbc.core.JdbcTemplate               : Executing prepared SQL query
2026-08-04 18:18:56.700 DEBUG 10992 --- [pool-1-thread-1] o.s.jdbc.core.JdbcTemplate               : Executing prepared SQL statement [EXEC spx_ValidaMovimientos ?]
2026-08-04 18:18:56.701 DEBUG 10992 --- [pool-1-thread-1] o.s.jdbc.datasource.DataSourceUtils      : Fetching JDBC Connection from DataSource
2026-08-04 18:18:56.703 DEBUG 10992 --- [pool-1-thread-1] o.s.j.d.DriverManagerDataSource          : Creating new JDBC DriverManager Connection to [jdbc:jtds:sqlserver://tigo.makiro.com.bo/bdprueba;socketTimeout=0;loginTimeout=60]
2026-08-04 18:18:59.218 DEBUG 10992 --- [pool-1-thread-1] o.s.jdbc.core.JdbcTemplate               : Executing SQL query [EXEC dbo.spx_ObtenerSucursalesConexionWeb]
2026-08-04 18:18:59.219 DEBUG 10992 --- [pool-1-thread-1] o.s.jdbc.datasource.DataSourceUtils      : Fetching JDBC Connection from DataSource
2026-08-04 18:18:59.228 DEBUG 10992 --- [pool-1-thread-1] o.s.jdbc.core.JdbcTemplate               : Executing prepared SQL query
2026-08-04 18:18:59.229 DEBUG 10992 --- [pool-1-thread-1] o.s.jdbc.core.JdbcTemplate               : Executing prepared SQL statement [EXEC spx_ValidarCuadreRuta ?, ?]
2026-08-04 18:18:59.230 DEBUG 10992 --- [pool-1-thread-1] o.s.jdbc.datasource.DataSourceUtils      : Fetching JDBC Connection from DataSource
2026-08-04 18:18:59.231 DEBUG 10992 --- [pool-1-thread-1] o.s.j.d.DriverManagerDataSource          : Creating new JDBC DriverManager Connection to [jdbc:jtds:sqlserver://tigo.makiro.com.bo/bdprueba;socketTimeout=0;loginTimeout=60]
2026-08-04 18:18:59.304 DEBUG 10992 --- [ool housekeeper] com.zaxxer.hikari.pool.HikariPool        : CentralHikariPool - Before cleanup stats (total=1, active=0, idle=1, waiting=0)
2026-08-04 18:18:59.306 DEBUG 10992 --- [ool housekeeper] com.zaxxer.hikari.pool.HikariPool        : CentralHikariPool - After cleanup  stats (total=1, active=0, idle=1, waiting=0)
2026-08-04 18:18:59.308 DEBUG 10992 --- [ool housekeeper] com.zaxxer.hikari.pool.HikariPool        : CentralHikariPool - Fill pool skipped, pool is at sufficient level.
2026-08-04 18:18:59.358 DEBUG 10992 --- [pool-1-thread-2] o.s.jdbc.core.JdbcTemplate               : Executing SQL query [EXEC dbo.spx_ObtenerSucursalesConexionWeb]
2026-08-04 18:18:59.359 DEBUG 10992 --- [pool-1-thread-2] o.s.jdbc.datasource.DataSourceUtils      : Fetching JDBC Connection from DataSource
2026-08-04 18:18:59.366 DEBUG 10992 --- [l-1 housekeeper] com.zaxxer.hikari.pool.HikariPool        : HikariPool-1 - Before cleanup stats (total=1, active=0, idle=1, waiting=0)
2026-08-04 18:18:59.368 DEBUG 10992 --- [pool-1-thread-2] o.s.jdbc.datasource.DataSourceUtils      : Fetching JDBC Connection from DataSource
2026-08-04 18:18:59.368 DEBUG 10992 --- [l-1 housekeeper] com.zaxxer.hikari.pool.HikariPool        : HikariPool-1 - After cleanup  stats (total=1, active=0, idle=1, waiting=0)
2026-08-04 18:18:59.368 DEBUG 10992 --- [pool-1-thread-2] o.s.j.d.DriverManagerDataSource          : Creating new JDBC DriverManager Connection to [jdbc:jtds:sqlserver://tigo.makiro.com.bo/bdprueba;socketTimeout=0;loginTimeout=60]
2026-08-04 18:18:59.371 DEBUG 10992 --- [l-1 housekeeper] com.zaxxer.hikari.pool.HikariPool        : HikariPool-1 - Fill pool skipped, pool is at sufficient level.
2026-08-04 18:19:00.272 DEBUG 10992 --- [ool housekeeper] com.zaxxer.hikari.pool.HikariPool        : TigoHogarHikariPool - Before cleanup stats (total=0, active=0, idle=0, waiting=0)
2026-08-04 18:19:00.274 DEBUG 10992 --- [ool housekeeper] com.zaxxer.hikari.pool.HikariPool        : TigoHogarHikariPool - After cleanup  stats (total=0, active=0, idle=0, waiting=0)
2026-08-04 18:19:00.275 DEBUG 10992 --- [ool housekeeper] com.zaxxer.hikari.pool.HikariPool        : TigoHogarHikariPool - Fill pool skipped, pool is at sufficient level.
2026-08-04 18:19:01.691 DEBUG 10992 --- [pool-1-thread-1] o.s.jdbc.core.JdbcTemplate               : Executing SQL query [EXEC dbo.spx_ObtenerSucursalesConexionWeb]
2026-08-04 18:19:01.692 DEBUG 10992 --- [pool-1-thread-1] o.s.jdbc.datasource.DataSourceUtils      : Fetching JDBC Connection from DataSource
2026-08-04 18:19:01.701 DEBUG 10992 --- [pool-1-thread-1] o.s.jdbc.core.JdbcTemplate               : Executing prepared SQL query
2026-08-04 18:19:01.702 DEBUG 10992 --- [pool-1-thread-1] o.s.jdbc.core.JdbcTemplate               : Executing prepared SQL statement [EXEC spx_ExisteCierreAlmacenHoy ?]
2026-08-04 18:19:01.703 DEBUG 10992 --- [pool-1-thread-1] o.s.jdbc.datasource.DataSourceUtils      : Fetching JDBC Connection from DataSource
2026-08-04 18:19:01.703 DEBUG 10992 --- [pool-1-thread-1] o.s.j.d.DriverManagerDataSource          : Creating new JDBC DriverManager Connection to [jdbc:jtds:sqlserver://tigo.makiro.com.bo/bdprueba;socketTimeout=0;loginTimeout=60]
2026-08-04 18:19:02.095 DEBUG 10992 --- [pool-1-thread-2] o.s.jdbc.datasource.DataSourceUtils      : Fetching JDBC Connection from DataSource
2026-08-04 18:19:02.096 DEBUG 10992 --- [pool-1-thread-2] o.s.j.d.DriverManagerDataSource          : Creating new JDBC DriverManager Connection to [jdbc:jtds:sqlserver://tigo.makiro.com.bo/bdprueba;socketTimeout=0;loginTimeout=60]
2026-08-04 18:19:03.275 DEBUG 10992 --- [pool-1-thread-2] o.s.jdbc.core.JdbcTemplate               : Executing SQL query [EXEC dbo.spx_ObtenerSucursalesConexionWeb]
2026-08-04 18:19:03.276 DEBUG 10992 --- [pool-1-thread-2] o.s.jdbc.datasource.DataSourceUtils      : Fetching JDBC Connection from DataSource
2026-08-04 18:19:03.281 DEBUG 10992 --- [pool-1-thread-2] o.s.jdbc.core.JdbcTemplate               : Executing prepared SQL query
2026-08-04 18:19:03.281 DEBUG 10992 --- [pool-1-thread-2] o.s.jdbc.core.JdbcTemplate               : Executing prepared SQL statement [EXEC spx_SePuedeHacerCierreAlmacenPR_PD ?]
2026-08-04 18:19:03.282 DEBUG 10992 --- [pool-1-thread-2] o.s.jdbc.datasource.DataSourceUtils      : Fetching JDBC Connection from DataSource
2026-08-04 18:19:03.282 DEBUG 10992 --- [pool-1-thread-2] o.s.j.d.DriverManagerDataSource          : Creating new JDBC DriverManager Connection to [jdbc:jtds:sqlserver://tigo.makiro.com.bo/bdprueba;socketTimeout=0;loginTimeout=60]
2026-08-04 18:19:03.970 DEBUG 10992 --- [pool-1-thread-1] o.s.jdbc.core.JdbcTemplate               : Executing SQL query [EXEC dbo.spx_ObtenerSucursalesConexionWeb]
2026-08-04 18:19:03.970 DEBUG 10992 --- [pool-1-thread-1] o.s.jdbc.datasource.DataSourceUtils      : Fetching JDBC Connection from DataSource
2026-08-04 18:19:03.976 DEBUG 10992 --- [pool-1-thread-1] o.s.jdbc.core.JdbcTemplate               : Executing prepared SQL query
2026-08-04 18:19:03.977 DEBUG 10992 --- [pool-1-thread-1] o.s.jdbc.core.JdbcTemplate               : Executing prepared SQL statement [EXEC spx_ExisteCierreAlmacenHoyPR_PD ?]
2026-08-04 18:19:03.978 DEBUG 10992 --- [pool-1-thread-1] o.s.jdbc.datasource.DataSourceUtils      : Fetching JDBC Connection from DataSource
2026-08-04 18:19:03.978 DEBUG 10992 --- [pool-1-thread-1] o.s.j.d.DriverManagerDataSource          : Creating new JDBC DriverManager Connection to [jdbc:jtds:sqlserver://tigo.makiro.com.bo/bdprueba;socketTimeout=0;loginTimeout=60]
2026-08-04 18:19:05.025 DEBUG 10992 --- [pool-1-thread-2] o.s.jdbc.core.JdbcTemplate               : Executing SQL query [EXEC dbo.spx_ObtenerSucursalesConexionWeb]
2026-08-04 18:19:05.026 DEBUG 10992 --- [pool-1-thread-2] o.s.jdbc.datasource.DataSourceUtils      : Fetching JDBC Connection from DataSource
2026-08-04 18:19:05.036 DEBUG 10992 --- [pool-1-thread-2] o.s.jdbc.core.JdbcTemplate               : Executing prepared SQL query
2026-08-04 18:19:05.037 DEBUG 10992 --- [pool-1-thread-2] o.s.jdbc.core.JdbcTemplate               : Executing prepared SQL statement [EXEC spx_ValidaMovimientosSCierre ?]
2026-08-04 18:19:05.037 DEBUG 10992 --- [pool-1-thread-2] o.s.jdbc.datasource.DataSourceUtils      : Fetching JDBC Connection from DataSource
2026-08-04 18:19:05.039 DEBUG 10992 --- [pool-1-thread-2] o.s.j.d.DriverManagerDataSource          : Creating new JDBC DriverManager Connection to [jdbc:jtds:sqlserver://tigo.makiro.com.bo/bdprueba;socketTimeout=0;loginTimeout=60]
2026-08-04 18:19:05.682 DEBUG 10992 --- [pool-1-thread-1] o.s.jdbc.core.JdbcTemplate               : Executing SQL query [EXEC dbo.spx_ObtenerSucursalesConexionWeb]
2026-08-04 18:19:05.683 DEBUG 10992 --- [pool-1-thread-1] o.s.jdbc.datasource.DataSourceUtils      : Fetching JDBC Connection from DataSource
2026-08-04 18:19:05.729 DEBUG 10992 --- [pool-1-thread-1] o.s.jdbc.core.JdbcTemplate               : Executing prepared SQL query
2026-08-04 18:19:05.730 DEBUG 10992 --- [pool-1-thread-1] o.s.jdbc.core.JdbcTemplate               : Executing prepared SQL statement [EXEC spx_ValidaMovimientos ?]
2026-08-04 18:19:05.731 DEBUG 10992 --- [pool-1-thread-1] o.s.jdbc.datasource.DataSourceUtils      : Fetching JDBC Connection from DataSource
2026-08-04 18:19:05.731 DEBUG 10992 --- [pool-1-thread-1] o.s.j.d.DriverManagerDataSource          : Creating new JDBC DriverManager Connection to [jdbc:jtds:sqlserver://tigo.makiro.com.bo/bdprueba;socketTimeout=0;loginTimeout=60]
2026-08-04 18:19:06.833 DEBUG 10992 --- [pool-1-thread-2] o.s.jdbc.core.JdbcTemplate               : Executing SQL query [EXEC dbo.spx_ObtenerSucursalesConexionWeb]
2026-08-04 18:19:06.833 DEBUG 10992 --- [pool-1-thread-2] o.s.jdbc.datasource.DataSourceUtils      : Fetching JDBC Connection from DataSource
2026-08-04 18:19:06.840 DEBUG 10992 --- [pool-1-thread-2] o.s.jdbc.core.JdbcTemplate               : Executing prepared SQL query
2026-08-04 18:19:06.840 DEBUG 10992 --- [pool-1-thread-2] o.s.jdbc.core.JdbcTemplate               : Executing prepared SQL statement [EXEC spx_rutasCuadre ?]
2026-08-04 18:19:06.840 DEBUG 10992 --- [pool-1-thread-2] o.s.jdbc.datasource.DataSourceUtils      : Fetching JDBC Connection from DataSource
2026-08-04 18:19:06.840 DEBUG 10992 --- [pool-1-thread-2] o.s.j.d.DriverManagerDataSource          : Creating new JDBC DriverManager Connection to [jdbc:jtds:sqlserver://tigo.makiro.com.bo/bdprueba;socketTimeout=0;loginTimeout=60]
2026-08-04 18:19:07.511 DEBUG 10992 --- [pool-1-thread-1] o.s.jdbc.core.JdbcTemplate               : Executing SQL query [EXEC dbo.spx_ObtenerSucursalesConexionWeb]
2026-08-04 18:19:07.512 DEBUG 10992 --- [pool-1-thread-1] o.s.jdbc.datasource.DataSourceUtils      : Fetching JDBC Connection from DataSource
2026-08-04 18:19:07.517 DEBUG 10992 --- [pool-1-thread-1] o.s.jdbc.core.JdbcTemplate               : Executing prepared SQL query
2026-08-04 18:19:07.517 DEBUG 10992 --- [pool-1-thread-1] o.s.jdbc.core.JdbcTemplate               : Executing prepared SQL statement [EXEC spx_ValidarCuadreRuta ?, ?]
2026-08-04 18:19:07.518 DEBUG 10992 --- [pool-1-thread-1] o.s.jdbc.datasource.DataSourceUtils      : Fetching JDBC Connection from DataSource
2026-08-04 18:19:07.518 DEBUG 10992 --- [pool-1-thread-1] o.s.j.d.DriverManagerDataSource          : Creating new JDBC DriverManager Connection to [jdbc:jtds:sqlserver://tigo.makiro.com.bo/bdprueba;socketTimeout=0;loginTimeout=60]
2026-08-04 18:19:08.416 DEBUG 10992 --- [pool-1-thread-1] o.s.jdbc.core.JdbcTemplate               : Executing SQL query [EXEC dbo.spx_ObtenerSucursalesConexionWeb]
2026-08-04 18:19:08.417 DEBUG 10992 --- [pool-1-thread-1] o.s.jdbc.datasource.DataSourceUtils      : Fetching JDBC Connection from DataSource
2026-08-04 18:19:08.426 DEBUG 10992 --- [pool-1-thread-1] o.s.jdbc.core.JdbcTemplate               : Executing prepared SQL query
2026-08-04 18:19:08.426 DEBUG 10992 --- [pool-1-thread-1] o.s.jdbc.core.JdbcTemplate               : Executing prepared SQL statement [EXEC spx_ExisteCierreAlmacenHoy ?]
2026-08-04 18:19:08.427 DEBUG 10992 --- [pool-1-thread-1] o.s.jdbc.datasource.DataSourceUtils      : Fetching JDBC Connection from DataSource
2026-08-04 18:19:08.427 DEBUG 10992 --- [pool-1-thread-1] o.s.j.d.DriverManagerDataSource          : Creating new JDBC DriverManager Connection to [jdbc:jtds:sqlserver://tigo.makiro.com.bo/bdprueba;socketTimeout=0;loginTimeout=60]
2026-08-04 18:19:10.151 DEBUG 10992 --- [pool-1-thread-1] o.s.jdbc.core.JdbcTemplate               : Executing SQL query [EXEC dbo.spx_ObtenerSucursalesConexionWeb]
2026-08-04 18:19:10.151 DEBUG 10992 --- [pool-1-thread-1] o.s.jdbc.datasource.DataSourceUtils      : Fetching JDBC Connection from DataSource
2026-08-04 18:19:10.171 DEBUG 10992 --- [pool-1-thread-1] o.s.jdbc.core.JdbcTemplate               : Executing prepared SQL query
2026-08-04 18:19:10.172 DEBUG 10992 --- [pool-1-thread-1] o.s.jdbc.core.JdbcTemplate               : Executing prepared SQL statement [EXEC spx_ExisteCierreAlmacenHoyPR_PD ?]
2026-08-04 18:19:10.172 DEBUG 10992 --- [pool-1-thread-1] o.s.jdbc.datasource.DataSourceUtils      : Fetching JDBC Connection from DataSource
2026-08-04 18:19:10.172 DEBUG 10992 --- [pool-1-thread-1] o.s.j.d.DriverManagerDataSource          : Creating new JDBC DriverManager Connection to [jdbc:jtds:sqlserver://tigo.makiro.com.bo/bdprueba;socketTimeout=0;loginTimeout=60]
2026-08-04 18:19:11.900 DEBUG 10992 --- [pool-1-thread-1] o.s.jdbc.core.JdbcTemplate               : Executing SQL query [EXEC dbo.spx_ObtenerSucursalesConexionWeb]
2026-08-04 18:19:11.900 DEBUG 10992 --- [pool-1-thread-1] o.s.jdbc.datasource.DataSourceUtils      : Fetching JDBC Connection from DataSource
2026-08-04 18:19:11.908 DEBUG 10992 --- [pool-1-thread-1] o.s.jdbc.core.JdbcTemplate               : Executing prepared SQL query
2026-08-04 18:19:11.909 DEBUG 10992 --- [pool-1-thread-1] o.s.jdbc.core.JdbcTemplate               : Executing prepared SQL statement [EXEC spx_ValidaMovimientos ?]
2026-08-04 18:19:11.909 DEBUG 10992 --- [pool-1-thread-1] o.s.jdbc.datasource.DataSourceUtils      : Fetching JDBC Connection from DataSource
2026-08-04 18:19:11.909 DEBUG 10992 --- [pool-1-thread-1] o.s.j.d.DriverManagerDataSource          : Creating new JDBC DriverManager Connection to [jdbc:jtds:sqlserver://tigo.makiro.com.bo/bdprueba;socketTimeout=0;loginTimeout=60]
2026-08-04 18:19:12.960 DEBUG 10992 --- [ool housekeeper] com.zaxxer.hikari.pool.HikariPool        : CentralHikariPool - keepalive: connection net.sourceforge.jtds.jdbc.JtdsConnection@1712be93 is alive
2026-08-04 18:19:13.771 DEBUG 10992 --- [pool-1-thread-1] o.s.jdbc.core.JdbcTemplate               : Executing SQL query [EXEC dbo.spx_ObtenerSucursalesConexionWeb]
2026-08-04 18:19:13.772 DEBUG 10992 --- [pool-1-thread-1] o.s.jdbc.datasource.DataSourceUtils      : Fetching JDBC Connection from DataSource
2026-08-04 18:19:13.791 DEBUG 10992 --- [pool-1-thread-1] o.s.jdbc.core.JdbcTemplate               : Executing prepared SQL query
2026-08-04 18:19:13.791 DEBUG 10992 --- [pool-1-thread-1] o.s.jdbc.core.JdbcTemplate               : Executing prepared SQL statement [EXEC spx_ValidarCuadreRuta ?, ?]
2026-08-04 18:19:13.792 DEBUG 10992 --- [pool-1-thread-1] o.s.jdbc.datasource.DataSourceUtils      : Fetching JDBC Connection from DataSource
2026-08-04 18:19:13.792 DEBUG 10992 --- [pool-1-thread-1] o.s.j.d.DriverManagerDataSource          : Creating new JDBC DriverManager Connection to [jdbc:jtds:sqlserver://tigo.makiro.com.bo/bdprueba;socketTimeout=0;loginTimeout=60]
2026-08-04 18:19:14.424 DEBUG 10992 --- [pool-1-thread-2] o.s.jdbc.core.JdbcTemplate               : Executing SQL query [EXEC dbo.spx_ObtenerSucursalesConexionWeb]
2026-08-04 18:19:14.425 DEBUG 10992 --- [pool-1-thread-2] o.s.jdbc.datasource.DataSourceUtils      : Fetching JDBC Connection from DataSource
2026-08-04 18:19:14.434 DEBUG 10992 --- [pool-1-thread-2] o.s.jdbc.core.JdbcTemplate               : Executing prepared SQL query
2026-08-04 18:19:14.435 DEBUG 10992 --- [pool-1-thread-2] o.s.jdbc.core.JdbcTemplate               : Executing prepared SQL statement [EXEC spx_ExisteCierreAlmacenHoyPR_PD ?]
2026-08-04 18:19:14.436 DEBUG 10992 --- [pool-1-thread-2] o.s.jdbc.datasource.DataSourceUtils      : Fetching JDBC Connection from DataSource
2026-08-04 18:19:14.436 DEBUG 10992 --- [pool-1-thread-2] o.s.j.d.DriverManagerDataSource          : Creating new JDBC DriverManager Connection to [jdbc:jtds:sqlserver://tigo.makiro.com.bo/bdprueba;socketTimeout=0;loginTimeout=60]
2026-08-04 18:19:15.675 DEBUG 10992 --- [pool-1-thread-1] o.s.jdbc.core.JdbcTemplate               : Executing SQL query [EXEC dbo.spx_ObtenerSucursalesConexionWeb]
2026-08-04 18:19:15.676 DEBUG 10992 --- [pool-1-thread-1] o.s.jdbc.datasource.DataSourceUtils      : Fetching JDBC Connection from DataSource
2026-08-04 18:19:15.686 DEBUG 10992 --- [pool-1-thread-1] o.s.jdbc.core.JdbcTemplate               : Executing prepared SQL query
2026-08-04 18:19:15.687 DEBUG 10992 --- [pool-1-thread-1] o.s.jdbc.core.JdbcTemplate               : Executing prepared SQL statement [EXEC spx_ExisteCierreAlmacenHoy ?]
2026-08-04 18:19:15.688 DEBUG 10992 --- [pool-1-thread-1] o.s.jdbc.datasource.DataSourceUtils      : Fetching JDBC Connection from DataSource
2026-08-04 18:19:15.688 DEBUG 10992 --- [pool-1-thread-1] o.s.j.d.DriverManagerDataSource          : Creating new JDBC DriverManager Connection to [jdbc:jtds:sqlserver://tigo.makiro.com.bo/bdprueba;socketTimeout=0;loginTimeout=60]
2026-08-04 18:19:18.879 DEBUG 10992 --- [pool-1-thread-1] o.s.jdbc.core.JdbcTemplate               : Executing SQL query [EXEC dbo.spx_ObtenerSucursalesConexionWeb]
2026-08-04 18:19:18.880 DEBUG 10992 --- [pool-1-thread-1] o.s.jdbc.datasource.DataSourceUtils      : Fetching JDBC Connection from DataSource
2026-08-04 18:19:18.888 DEBUG 10992 --- [pool-1-thread-1] o.s.jdbc.core.JdbcTemplate               : Executing prepared SQL query
2026-08-04 18:19:18.889 DEBUG 10992 --- [pool-1-thread-1] o.s.jdbc.core.JdbcTemplate               : Executing prepared SQL statement [EXEC spx_ExisteCierreAlmacenHoyPR_PD ?]
2026-08-04 18:19:18.890 DEBUG 10992 --- [pool-1-thread-1] o.s.jdbc.datasource.DataSourceUtils      : Fetching JDBC Connection from DataSource
2026-08-04 18:19:18.890 DEBUG 10992 --- [pool-1-thread-1] o.s.j.d.DriverManagerDataSource          : Creating new JDBC DriverManager Connection to [jdbc:jtds:sqlserver://tigo.makiro.com.bo/bdprueba;socketTimeout=0;loginTimeout=60]
2026-08-04 18:19:20.663 DEBUG 10992 --- [pool-1-thread-1] o.s.jdbc.core.JdbcTemplate               : Executing SQL query [EXEC dbo.spx_ObtenerSucursalesConexionWeb]
2026-08-04 18:19:20.663 DEBUG 10992 --- [pool-1-thread-1] o.s.jdbc.datasource.DataSourceUtils      : Fetching JDBC Connection from DataSource
2026-08-04 18:19:20.670 DEBUG 10992 --- [pool-1-thread-1] o.s.jdbc.core.JdbcTemplate               : Executing prepared SQL query
2026-08-04 18:19:20.670 DEBUG 10992 --- [pool-1-thread-1] o.s.jdbc.core.JdbcTemplate               : Executing prepared SQL statement [EXEC spx_ValidaMovimientos ?]
2026-08-04 18:19:20.671 DEBUG 10992 --- [pool-1-thread-1] o.s.jdbc.datasource.DataSourceUtils      : Fetching JDBC Connection from DataSource
2026-08-04 18:19:20.671 DEBUG 10992 --- [pool-1-thread-1] o.s.j.d.DriverManagerDataSource          : Creating new JDBC DriverManager Connection to [jdbc:jtds:sqlserver://tigo.makiro.com.bo/bdprueba;socketTimeout=0;loginTimeout=60]
2026-08-04 18:19:22.653 DEBUG 10992 --- [pool-1-thread-1] o.s.jdbc.core.JdbcTemplate               : Executing SQL query [EXEC dbo.spx_ObtenerSucursalesConexionWeb]
2026-08-04 18:19:22.654 DEBUG 10992 --- [pool-1-thread-1] o.s.jdbc.datasource.DataSourceUtils      : Fetching JDBC Connection from DataSource
2026-08-04 18:19:22.668 DEBUG 10992 --- [pool-1-thread-1] o.s.jdbc.core.JdbcTemplate               : Executing prepared SQL query
2026-08-04 18:19:22.669 DEBUG 10992 --- [pool-1-thread-1] o.s.jdbc.core.JdbcTemplate               : Executing prepared SQL statement [EXEC spx_ValidarCuadreRuta ?, ?]
2026-08-04 18:19:22.669 DEBUG 10992 --- [pool-1-thread-1] o.s.jdbc.datasource.DataSourceUtils      : Fetching JDBC Connection from DataSource
2026-08-04 18:19:22.669 DEBUG 10992 --- [pool-1-thread-1] o.s.j.d.DriverManagerDataSource          : Creating new JDBC DriverManager Connection to [jdbc:jtds:sqlserver://tigo.makiro.com.bo/bdprueba;socketTimeout=0;loginTimeout=60]
2026-08-04 18:19:23.450 DEBUG 10992 --- [pool-1-thread-1] o.s.jdbc.core.JdbcTemplate               : Executing SQL query [EXEC dbo.spx_ObtenerSucursalesConexionWeb]
2026-08-04 18:19:23.451 DEBUG 10992 --- [pool-1-thread-1] o.s.jdbc.datasource.DataSourceUtils      : Fetching JDBC Connection from DataSource
2026-08-04 18:19:23.456 DEBUG 10992 --- [pool-1-thread-1] o.s.jdbc.core.JdbcTemplate               : Executing prepared SQL query
2026-08-04 18:19:23.457 DEBUG 10992 --- [pool-1-thread-1] o.s.jdbc.core.JdbcTemplate               : Executing prepared SQL statement [EXEC spx_ExisteCierreAlmacenHoy ?]
2026-08-04 18:19:23.457 DEBUG 10992 --- [pool-1-thread-1] o.s.jdbc.datasource.DataSourceUtils      : Fetching JDBC Connection from DataSource
2026-08-04 18:19:23.457 DEBUG 10992 --- [pool-1-thread-1] o.s.j.d.DriverManagerDataSource          : Creating new JDBC DriverManager Connection to [jdbc:jtds:sqlserver://tigo.makiro.com.bo/bdprueba;socketTimeout=0;loginTimeout=60]
2026-08-04 18:19:24.599  INFO 10992 --- [pool-1-thread-2] c.e.T.o.s.CuadreAutomaticoMailService    : Correo de resultado de cuadre automatico enviado a: erojas@makiro.com.bo
2026-08-04 18:19:24.600 DEBUG 10992 --- [pool-1-thread-2] o.s.w.c.request.async.WebAsyncManager    : Async result set, dispatch to /cuadre/sistemas/automatico/progreso/39c7bb9f-2d04-4c2d-aa7a-f1ce5d885080
2026-08-04 18:19:24.604 DEBUG 10992 --- [io-9060-exec-10] o.s.web.servlet.DispatcherServlet        : "ASYNC" dispatch for GET "/cuadre/sistemas/automatico/progreso/39c7bb9f-2d04-4c2d-aa7a-f1ce5d885080", parameters={}
2026-08-04 18:19:24.607 DEBUG 10992 --- [io-9060-exec-10] s.w.s.m.m.a.RequestMappingHandlerAdapter : Resume with async result []
2026-08-04 18:19:24.610 DEBUG 10992 --- [io-9060-exec-10] o.s.web.servlet.DispatcherServlet        : Exiting from "ASYNC" dispatch, status 200
2026-08-04 18:19:25.126 DEBUG 10992 --- [pool-1-thread-1] o.s.jdbc.core.JdbcTemplate               : Executing SQL query [EXEC dbo.spx_ObtenerSucursalesConexionWeb]
2026-08-04 18:19:25.132 DEBUG 10992 --- [pool-1-thread-1] o.s.jdbc.datasource.DataSourceUtils      : Fetching JDBC Connection from DataSource
2026-08-04 18:19:25.138 DEBUG 10992 --- [pool-1-thread-1] o.s.jdbc.core.JdbcTemplate               : Executing prepared SQL query
2026-08-04 18:19:25.138 DEBUG 10992 --- [pool-1-thread-1] o.s.jdbc.core.JdbcTemplate               : Executing prepared SQL statement [EXEC spx_ExisteCierreAlmacenHoyPR_PD ?]
2026-08-04 18:19:25.139 DEBUG 10992 --- [pool-1-thread-1] o.s.jdbc.datasource.DataSourceUtils      : Fetching JDBC Connection from DataSource
2026-08-04 18:19:25.139 DEBUG 10992 --- [pool-1-thread-1] o.s.j.d.DriverManagerDataSource          : Creating new JDBC DriverManager Connection to [jdbc:jtds:sqlserver://tigo.makiro.com.bo/bdprueba;socketTimeout=0;loginTimeout=60]
2026-08-04 18:19:26.749 DEBUG 10992 --- [pool-1-thread-1] o.s.jdbc.core.JdbcTemplate               : Executing SQL query [EXEC dbo.spx_ObtenerSucursalesConexionWeb]
2026-08-04 18:19:26.750 DEBUG 10992 --- [pool-1-thread-1] o.s.jdbc.datasource.DataSourceUtils      : Fetching JDBC Connection from DataSource
2026-08-04 18:19:26.760 DEBUG 10992 --- [pool-1-thread-1] o.s.jdbc.core.JdbcTemplate               : Executing prepared SQL query
2026-08-04 18:19:26.760 DEBUG 10992 --- [pool-1-thread-1] o.s.jdbc.core.JdbcTemplate               : Executing prepared SQL statement [EXEC spx_ValidaMovimientos ?]
2026-08-04 18:19:26.761 DEBUG 10992 --- [pool-1-thread-1] o.s.jdbc.datasource.DataSourceUtils      : Fetching JDBC Connection from DataSource
2026-08-04 18:19:26.761 DEBUG 10992 --- [pool-1-thread-1] o.s.j.d.DriverManagerDataSource          : Creating new JDBC DriverManager Connection to [jdbc:jtds:sqlserver://tigo.makiro.com.bo/bdprueba;socketTimeout=0;loginTimeout=60]
2026-08-04 18:19:28.467 DEBUG 10992 --- [pool-1-thread-1] o.s.jdbc.core.JdbcTemplate               : Executing SQL query [EXEC dbo.spx_ObtenerSucursalesConexionWeb]
2026-08-04 18:19:28.468 DEBUG 10992 --- [pool-1-thread-1] o.s.jdbc.datasource.DataSourceUtils      : Fetching JDBC Connection from DataSource
2026-08-04 18:19:28.522 DEBUG 10992 --- [pool-1-thread-1] o.s.jdbc.core.JdbcTemplate               : Executing prepared SQL query
2026-08-04 18:19:28.523 DEBUG 10992 --- [pool-1-thread-1] o.s.jdbc.core.JdbcTemplate               : Executing prepared SQL statement [EXEC spx_ValidarCuadreRuta ?, ?]
2026-08-04 18:19:28.524 DEBUG 10992 --- [pool-1-thread-1] o.s.jdbc.datasource.DataSourceUtils      : Fetching JDBC Connection from DataSource
2026-08-04 18:19:28.525 DEBUG 10992 --- [pool-1-thread-1] o.s.j.d.DriverManagerDataSource          : Creating new JDBC DriverManager Connection to [jdbc:jtds:sqlserver://tigo.makiro.com.bo/bdprueba;socketTimeout=0;loginTimeout=60]
2026-08-04 18:19:29.323 DEBUG 10992 --- [ool housekeeper] com.zaxxer.hikari.pool.HikariPool        : CentralHikariPool - Before cleanup stats (total=1, active=0, idle=1, waiting=0)
2026-08-04 18:19:29.324 DEBUG 10992 --- [ool housekeeper] com.zaxxer.hikari.pool.HikariPool        : CentralHikariPool - After cleanup  stats (total=1, active=0, idle=1, waiting=0)
2026-08-04 18:19:29.325 DEBUG 10992 --- [ool housekeeper] com.zaxxer.hikari.pool.HikariPool        : CentralHikariPool - Fill pool skipped, pool is at sufficient level.
2026-08-04 18:19:29.386 DEBUG 10992 --- [l-1 housekeeper] com.zaxxer.hikari.pool.HikariPool        : HikariPool-1 - Before cleanup stats (total=1, active=0, idle=1, waiting=0)
2026-08-04 18:19:29.387 DEBUG 10992 --- [l-1 housekeeper] com.zaxxer.hikari.pool.HikariPool        : HikariPool-1 - After cleanup  stats (total=1, active=0, idle=1, waiting=0)
2026-08-04 18:19:29.388 DEBUG 10992 --- [l-1 housekeeper] com.zaxxer.hikari.pool.HikariPool        : HikariPool-1 - Fill pool skipped, pool is at sufficient level.
2026-08-04 18:19:29.879 DEBUG 10992 --- [pool-1-thread-1] o.s.jdbc.core.JdbcTemplate               : Executing SQL query [EXEC dbo.spx_ObtenerSucursalesConexionWeb]
2026-08-04 18:19:29.880 DEBUG 10992 --- [pool-1-thread-1] o.s.jdbc.datasource.DataSourceUtils      : Fetching JDBC Connection from DataSource
2026-08-04 18:19:29.887 DEBUG 10992 --- [pool-1-thread-1] o.s.jdbc.core.JdbcTemplate               : Executing prepared SQL query
2026-08-04 18:19:29.887 DEBUG 10992 --- [pool-1-thread-1] o.s.jdbc.core.JdbcTemplate               : Executing prepared SQL statement [EXEC spx_ExisteCierreAlmacenHoy ?]
2026-08-04 18:19:29.888 DEBUG 10992 --- [pool-1-thread-1] o.s.jdbc.datasource.DataSourceUtils      : Fetching JDBC Connection from DataSource
2026-08-04 18:19:29.888 DEBUG 10992 --- [pool-1-thread-1] o.s.j.d.DriverManagerDataSource          : Creating new JDBC DriverManager Connection to [jdbc:jtds:sqlserver://tigo.makiro.com.bo/bdprueba;socketTimeout=0;loginTimeout=60]
2026-08-04 18:19:30.280 DEBUG 10992 --- [ool housekeeper] com.zaxxer.hikari.pool.HikariPool        : TigoHogarHikariPool - Before cleanup stats (total=0, active=0, idle=0, waiting=0)
2026-08-04 18:19:30.280 DEBUG 10992 --- [ool housekeeper] com.zaxxer.hikari.pool.HikariPool        : TigoHogarHikariPool - After cleanup  stats (total=0, active=0, idle=0, waiting=0)
2026-08-04 18:19:30.281 DEBUG 10992 --- [ool housekeeper] com.zaxxer.hikari.pool.HikariPool        : TigoHogarHikariPool - Fill pool skipped, pool is at sufficient level.
2026-08-04 18:19:31.539 DEBUG 10992 --- [pool-1-thread-1] o.s.jdbc.core.JdbcTemplate               : Executing SQL query [EXEC dbo.spx_ObtenerSucursalesConexionWeb]
2026-08-04 18:19:31.539 DEBUG 10992 --- [pool-1-thread-1] o.s.jdbc.datasource.DataSourceUtils      : Fetching JDBC Connection from DataSource
2026-08-04 18:19:31.546 DEBUG 10992 --- [pool-1-thread-1] o.s.jdbc.core.JdbcTemplate               : Executing prepared SQL query
2026-08-04 18:19:31.546 DEBUG 10992 --- [pool-1-thread-1] o.s.jdbc.core.JdbcTemplate               : Executing prepared SQL statement [EXEC spx_ExisteCierreAlmacenHoyPR_PD ?]
2026-08-04 18:19:31.546 DEBUG 10992 --- [pool-1-thread-1] o.s.jdbc.datasource.DataSourceUtils      : Fetching JDBC Connection from DataSource
2026-08-04 18:19:31.547 DEBUG 10992 --- [pool-1-thread-1] o.s.j.d.DriverManagerDataSource          : Creating new JDBC DriverManager Connection to [jdbc:jtds:sqlserver://tigo.makiro.com.bo/bdprueba;socketTimeout=0;loginTimeout=60]
2026-08-04 18:19:33.154 DEBUG 10992 --- [pool-1-thread-1] o.s.jdbc.core.JdbcTemplate               : Executing SQL query [EXEC dbo.spx_ObtenerSucursalesConexionWeb]
2026-08-04 18:19:33.155 DEBUG 10992 --- [pool-1-thread-1] o.s.jdbc.datasource.DataSourceUtils      : Fetching JDBC Connection from DataSource
2026-08-04 18:19:33.161 DEBUG 10992 --- [pool-1-thread-1] o.s.jdbc.core.JdbcTemplate               : Executing prepared SQL query
2026-08-04 18:19:33.162 DEBUG 10992 --- [pool-1-thread-1] o.s.jdbc.core.JdbcTemplate               : Executing prepared SQL statement [EXEC spx_ValidaMovimientos ?]
2026-08-04 18:19:33.162 DEBUG 10992 --- [pool-1-thread-1] o.s.jdbc.datasource.DataSourceUtils      : Fetching JDBC Connection from DataSource
2026-08-04 18:19:33.163 DEBUG 10992 --- [pool-1-thread-1] o.s.j.d.DriverManagerDataSource          : Creating new JDBC DriverManager Connection to [jdbc:jtds:sqlserver://tigo.makiro.com.bo/bdprueba;socketTimeout=0;loginTimeout=60]
2026-08-04 18:19:35.043 DEBUG 10992 --- [pool-1-thread-1] o.s.jdbc.core.JdbcTemplate               : Executing SQL query [EXEC dbo.spx_ObtenerSucursalesConexionWeb]
2026-08-04 18:19:35.044 DEBUG 10992 --- [pool-1-thread-1] o.s.jdbc.datasource.DataSourceUtils      : Fetching JDBC Connection from DataSource
2026-08-04 18:19:35.052 DEBUG 10992 --- [pool-1-thread-1] o.s.jdbc.core.JdbcTemplate               : Executing prepared SQL query
2026-08-04 18:19:35.053 DEBUG 10992 --- [pool-1-thread-1] o.s.jdbc.core.JdbcTemplate               : Executing prepared SQL statement [EXEC spx_ValidarCuadreRuta ?, ?]
2026-08-04 18:19:35.053 DEBUG 10992 --- [pool-1-thread-1] o.s.jdbc.datasource.DataSourceUtils      : Fetching JDBC Connection from DataSource
2026-08-04 18:19:35.053 DEBUG 10992 --- [pool-1-thread-1] o.s.j.d.DriverManagerDataSource          : Creating new JDBC DriverManager Connection to [jdbc:jtds:sqlserver://tigo.makiro.com.bo/bdprueba;socketTimeout=0;loginTimeout=60]
2026-08-04 18:19:35.982 DEBUG 10992 --- [pool-1-thread-1] o.s.jdbc.core.JdbcTemplate               : Executing SQL query [EXEC dbo.spx_ObtenerSucursalesConexionWeb]
2026-08-04 18:19:35.983 DEBUG 10992 --- [pool-1-thread-1] o.s.jdbc.datasource.DataSourceUtils      : Fetching JDBC Connection from DataSource
2026-08-04 18:19:35.990 DEBUG 10992 --- [pool-1-thread-1] o.s.jdbc.core.JdbcTemplate               : Executing prepared SQL query
2026-08-04 18:19:35.991 DEBUG 10992 --- [pool-1-thread-1] o.s.jdbc.core.JdbcTemplate               : Executing prepared SQL statement [EXEC spx_ExisteCierreAlmacenHoy ?]
2026-08-04 18:19:35.992 DEBUG 10992 --- [pool-1-thread-1] o.s.jdbc.datasource.DataSourceUtils      : Fetching JDBC Connection from DataSource
2026-08-04 18:19:35.992 DEBUG 10992 --- [pool-1-thread-1] o.s.j.d.DriverManagerDataSource          : Creating new JDBC DriverManager Connection to [jdbc:jtds:sqlserver://tigo.makiro.com.bo/bdprueba;socketTimeout=0;loginTimeout=60]
2026-08-04 18:19:37.884 DEBUG 10992 --- [pool-1-thread-1] o.s.jdbc.core.JdbcTemplate               : Executing SQL query [EXEC dbo.spx_ObtenerSucursalesConexionWeb]
2026-08-04 18:19:37.884 DEBUG 10992 --- [pool-1-thread-1] o.s.jdbc.datasource.DataSourceUtils      : Fetching JDBC Connection from DataSource
2026-08-04 18:19:37.890 DEBUG 10992 --- [pool-1-thread-1] o.s.jdbc.core.JdbcTemplate               : Executing prepared SQL query
2026-08-04 18:19:37.891 DEBUG 10992 --- [pool-1-thread-1] o.s.jdbc.core.JdbcTemplate               : Executing prepared SQL statement [EXEC spx_ExisteCierreAlmacenHoyPR_PD ?]
2026-08-04 18:19:37.891 DEBUG 10992 --- [pool-1-thread-1] o.s.jdbc.datasource.DataSourceUtils      : Fetching JDBC Connection from DataSource
2026-08-04 18:19:37.891 DEBUG 10992 --- [pool-1-thread-1] o.s.j.d.DriverManagerDataSource          : Creating new JDBC DriverManager Connection to [jdbc:jtds:sqlserver://tigo.makiro.com.bo/bdprueba;socketTimeout=0;loginTimeout=60]
2026-08-04 18:19:39.549 DEBUG 10992 --- [pool-1-thread-1] o.s.jdbc.core.JdbcTemplate               : Executing SQL query [EXEC dbo.spx_ObtenerSucursalesConexionWeb]
2026-08-04 18:19:39.550 DEBUG 10992 --- [pool-1-thread-1] o.s.jdbc.datasource.DataSourceUtils      : Fetching JDBC Connection from DataSource
2026-08-04 18:19:39.569 DEBUG 10992 --- [pool-1-thread-1] o.s.jdbc.core.JdbcTemplate               : Executing prepared SQL query
2026-08-04 18:19:39.570 DEBUG 10992 --- [pool-1-thread-1] o.s.jdbc.core.JdbcTemplate               : Executing prepared SQL statement [EXEC spx_ValidaMovimientos ?]
2026-08-04 18:19:39.570 DEBUG 10992 --- [pool-1-thread-1] o.s.jdbc.datasource.DataSourceUtils      : Fetching JDBC Connection from DataSource
2026-08-04 18:19:39.570 DEBUG 10992 --- [pool-1-thread-1] o.s.j.d.DriverManagerDataSource          : Creating new JDBC DriverManager Connection to [jdbc:jtds:sqlserver://tigo.makiro.com.bo/bdprueba;socketTimeout=0;loginTimeout=60]
2026-08-04 18:19:41.290 DEBUG 10992 --- [pool-1-thread-1] o.s.jdbc.core.JdbcTemplate               : Executing SQL query [EXEC dbo.spx_ObtenerSucursalesConexionWeb]
2026-08-04 18:19:41.291 DEBUG 10992 --- [pool-1-thread-1] o.s.jdbc.datasource.DataSourceUtils      : Fetching JDBC Connection from DataSource
2026-08-04 18:19:41.300 DEBUG 10992 --- [pool-1-thread-1] o.s.jdbc.core.JdbcTemplate               : Executing prepared SQL query
2026-08-04 18:19:41.300 DEBUG 10992 --- [pool-1-thread-1] o.s.jdbc.core.JdbcTemplate               : Executing prepared SQL statement [EXEC spx_ValidarCuadreRuta ?, ?]
2026-08-04 18:19:41.301 DEBUG 10992 --- [pool-1-thread-1] o.s.jdbc.datasource.DataSourceUtils      : Fetching JDBC Connection from DataSource
2026-08-04 18:19:41.301 DEBUG 10992 --- [pool-1-thread-1] o.s.j.d.DriverManagerDataSource          : Creating new JDBC DriverManager Connection to [jdbc:jtds:sqlserver://tigo.makiro.com.bo/bdprueba;socketTimeout=0;loginTimeout=60]
2026-08-04 18:19:42.061 DEBUG 10992 --- [pool-1-thread-1] o.s.jdbc.core.JdbcTemplate               : Executing SQL query [EXEC dbo.spx_ObtenerSucursalesConexionWeb]
2026-08-04 18:19:42.062 DEBUG 10992 --- [pool-1-thread-1] o.s.jdbc.datasource.DataSourceUtils      : Fetching JDBC Connection from DataSource
2026-08-04 18:19:42.069 DEBUG 10992 --- [pool-1-thread-1] o.s.jdbc.core.JdbcTemplate               : Executing prepared SQL query
2026-08-04 18:19:42.070 DEBUG 10992 --- [pool-1-thread-1] o.s.jdbc.core.JdbcTemplate               : Executing prepared SQL statement [EXEC spx_ExisteCierreAlmacenHoy ?]
2026-08-04 18:19:42.071 DEBUG 10992 --- [pool-1-thread-1] o.s.jdbc.datasource.DataSourceUtils      : Fetching JDBC Connection from DataSource
2026-08-04 18:19:42.071 DEBUG 10992 --- [pool-1-thread-1] o.s.j.d.DriverManagerDataSource          : Creating new JDBC DriverManager Connection to [jdbc:jtds:sqlserver://tigo.makiro.com.bo/bdprueba;socketTimeout=0;loginTimeout=60]
2026-08-04 18:19:43.999 DEBUG 10992 --- [pool-1-thread-1] o.s.jdbc.core.JdbcTemplate               : Executing SQL query [EXEC dbo.spx_ObtenerSucursalesConexionWeb]
2026-08-04 18:19:44.000 DEBUG 10992 --- [pool-1-thread-1] o.s.jdbc.datasource.DataSourceUtils      : Fetching JDBC Connection from DataSource
2026-08-04 18:19:44.007 DEBUG 10992 --- [pool-1-thread-1] o.s.jdbc.core.JdbcTemplate               : Executing prepared SQL query
2026-08-04 18:19:44.007 DEBUG 10992 --- [pool-1-thread-1] o.s.jdbc.core.JdbcTemplate               : Executing prepared SQL statement [EXEC spx_ExisteCierreAlmacenHoyPR_PD ?]
2026-08-04 18:19:44.008 DEBUG 10992 --- [pool-1-thread-1] o.s.jdbc.datasource.DataSourceUtils      : Fetching JDBC Connection from DataSource
2026-08-04 18:19:44.008 DEBUG 10992 --- [pool-1-thread-1] o.s.j.d.DriverManagerDataSource          : Creating new JDBC DriverManager Connection to [jdbc:jtds:sqlserver://tigo.makiro.com.bo/bdprueba;socketTimeout=0;loginTimeout=60]
2026-08-04 18:19:45.927 DEBUG 10992 --- [pool-1-thread-1] o.s.jdbc.core.JdbcTemplate               : Executing SQL query [EXEC dbo.spx_ObtenerSucursalesConexionWeb]
2026-08-04 18:19:45.929 DEBUG 10992 --- [pool-1-thread-1] o.s.jdbc.datasource.DataSourceUtils      : Fetching JDBC Connection from DataSource
2026-08-04 18:19:45.935 DEBUG 10992 --- [pool-1-thread-1] o.s.jdbc.core.JdbcTemplate               : Executing prepared SQL query
2026-08-04 18:19:45.936 DEBUG 10992 --- [pool-1-thread-1] o.s.jdbc.core.JdbcTemplate               : Executing prepared SQL statement [EXEC spx_ValidaMovimientos ?]
2026-08-04 18:19:45.936 DEBUG 10992 --- [pool-1-thread-1] o.s.jdbc.datasource.DataSourceUtils      : Fetching JDBC Connection from DataSource
2026-08-04 18:19:45.936 DEBUG 10992 --- [pool-1-thread-1] o.s.j.d.DriverManagerDataSource          : Creating new JDBC DriverManager Connection to [jdbc:jtds:sqlserver://tigo.makiro.com.bo/bdprueba;socketTimeout=0;loginTimeout=60]
2026-08-04 18:19:47.699 DEBUG 10992 --- [pool-1-thread-1] o.s.jdbc.core.JdbcTemplate               : Executing SQL query [EXEC dbo.spx_ObtenerSucursalesConexionWeb]
2026-08-04 18:19:47.699 DEBUG 10992 --- [pool-1-thread-1] o.s.jdbc.datasource.DataSourceUtils      : Fetching JDBC Connection from DataSource
2026-08-04 18:19:47.704 DEBUG 10992 --- [pool-1-thread-1] o.s.jdbc.core.JdbcTemplate               : Executing prepared SQL query
2026-08-04 18:19:47.705 DEBUG 10992 --- [pool-1-thread-1] o.s.jdbc.core.JdbcTemplate               : Executing prepared SQL statement [EXEC spx_ValidarCuadreRuta ?, ?]
2026-08-04 18:19:47.705 DEBUG 10992 --- [pool-1-thread-1] o.s.jdbc.datasource.DataSourceUtils      : Fetching JDBC Connection from DataSource
2026-08-04 18:19:47.705 DEBUG 10992 --- [pool-1-thread-1] o.s.j.d.DriverManagerDataSource          : Creating new JDBC DriverManager Connection to [jdbc:jtds:sqlserver://tigo.makiro.com.bo/bdprueba;socketTimeout=0;loginTimeout=60]
2026-08-04 18:19:48.458 DEBUG 10992 --- [pool-1-thread-1] o.s.jdbc.core.JdbcTemplate               : Executing SQL query [EXEC dbo.spx_ObtenerSucursalesConexionWeb]
2026-08-04 18:19:48.458 DEBUG 10992 --- [pool-1-thread-1] o.s.jdbc.datasource.DataSourceUtils      : Fetching JDBC Connection from DataSource
2026-08-04 18:19:48.471 DEBUG 10992 --- [pool-1-thread-1] o.s.jdbc.core.JdbcTemplate               : Executing prepared SQL query
2026-08-04 18:19:48.471 DEBUG 10992 --- [pool-1-thread-1] o.s.jdbc.core.JdbcTemplate               : Executing prepared SQL statement [EXEC spx_ExisteCierreAlmacenHoy ?]
2026-08-04 18:19:48.472 DEBUG 10992 --- [pool-1-thread-1] o.s.jdbc.datasource.DataSourceUtils      : Fetching JDBC Connection from DataSource
2026-08-04 18:19:48.472 DEBUG 10992 --- [pool-1-thread-1] o.s.j.d.DriverManagerDataSource          : Creating new JDBC DriverManager Connection to [jdbc:jtds:sqlserver://tigo.makiro.com.bo/bdprueba;socketTimeout=0;loginTimeout=60]
2026-08-04 18:19:50.227 DEBUG 10992 --- [pool-1-thread-1] o.s.jdbc.core.JdbcTemplate               : Executing SQL query [EXEC dbo.spx_ObtenerSucursalesConexionWeb]
2026-08-04 18:19:50.228 DEBUG 10992 --- [pool-1-thread-1] o.s.jdbc.datasource.DataSourceUtils      : Fetching JDBC Connection from DataSource
2026-08-04 18:19:50.236 DEBUG 10992 --- [pool-1-thread-1] o.s.jdbc.core.JdbcTemplate               : Executing prepared SQL query
2026-08-04 18:19:50.237 DEBUG 10992 --- [pool-1-thread-1] o.s.jdbc.core.JdbcTemplate               : Executing prepared SQL statement [EXEC spx_ExisteCierreAlmacenHoyPR_PD ?]
2026-08-04 18:19:50.238 DEBUG 10992 --- [pool-1-thread-1] o.s.jdbc.datasource.DataSourceUtils      : Fetching JDBC Connection from DataSource
2026-08-04 18:19:50.239 DEBUG 10992 --- [pool-1-thread-1] o.s.j.d.DriverManagerDataSource          : Creating new JDBC DriverManager Connection to [jdbc:jtds:sqlserver://tigo.makiro.com.bo/bdprueba;socketTimeout=0;loginTimeout=60]
2026-08-04 18:19:52.098 DEBUG 10992 --- [pool-1-thread-1] o.s.jdbc.core.JdbcTemplate               : Executing SQL query [EXEC dbo.spx_ObtenerSucursalesConexionWeb]
2026-08-04 18:19:52.099 DEBUG 10992 --- [pool-1-thread-1] o.s.jdbc.datasource.DataSourceUtils      : Fetching JDBC Connection from DataSource
2026-08-04 18:19:52.105 DEBUG 10992 --- [pool-1-thread-1] o.s.jdbc.core.JdbcTemplate               : Executing prepared SQL query
2026-08-04 18:19:52.105 DEBUG 10992 --- [pool-1-thread-1] o.s.jdbc.core.JdbcTemplate               : Executing prepared SQL statement [EXEC spx_ValidaMovimientos ?]
2026-08-04 18:19:52.106 DEBUG 10992 --- [pool-1-thread-1] o.s.jdbc.datasource.DataSourceUtils      : Fetching JDBC Connection from DataSource
2026-08-04 18:19:52.106 DEBUG 10992 --- [pool-1-thread-1] o.s.j.d.DriverManagerDataSource          : Creating new JDBC DriverManager Connection to [jdbc:jtds:sqlserver://tigo.makiro.com.bo/bdprueba;socketTimeout=0;loginTimeout=60]
2026-08-04 18:19:53.767 DEBUG 10992 --- [pool-1-thread-1] o.s.jdbc.core.JdbcTemplate               : Executing SQL query [EXEC dbo.spx_ObtenerSucursalesConexionWeb]
2026-08-04 18:19:53.767 DEBUG 10992 --- [pool-1-thread-1] o.s.jdbc.datasource.DataSourceUtils      : Fetching JDBC Connection from DataSource
2026-08-04 18:19:53.773 DEBUG 10992 --- [pool-1-thread-1] o.s.jdbc.core.JdbcTemplate               : Executing prepared SQL query
2026-08-04 18:19:53.774 DEBUG 10992 --- [pool-1-thread-1] o.s.jdbc.core.JdbcTemplate               : Executing prepared SQL statement [EXEC spx_ValidarCuadreRuta ?, ?]
2026-08-04 18:19:53.774 DEBUG 10992 --- [pool-1-thread-1] o.s.jdbc.datasource.DataSourceUtils      : Fetching JDBC Connection from DataSource
2026-08-04 18:19:53.774 DEBUG 10992 --- [pool-1-thread-1] o.s.j.d.DriverManagerDataSource          : Creating new JDBC DriverManager Connection to [jdbc:jtds:sqlserver://tigo.makiro.com.bo/bdprueba;socketTimeout=0;loginTimeout=60]
2026-08-04 18:19:54.664 DEBUG 10992 --- [pool-1-thread-1] o.s.jdbc.core.JdbcTemplate               : Executing SQL query [EXEC dbo.spx_ObtenerSucursalesConexionWeb]
2026-08-04 18:19:54.664 DEBUG 10992 --- [pool-1-thread-1] o.s.jdbc.datasource.DataSourceUtils      : Fetching JDBC Connection from DataSource
2026-08-04 18:19:54.669 DEBUG 10992 --- [pool-1-thread-1] o.s.jdbc.core.JdbcTemplate               : Executing prepared SQL query
2026-08-04 18:19:54.669 DEBUG 10992 --- [pool-1-thread-1] o.s.jdbc.core.JdbcTemplate               : Executing prepared SQL statement [EXEC spx_ExisteCierreAlmacenHoy ?]
2026-08-04 18:19:54.670 DEBUG 10992 --- [pool-1-thread-1] o.s.jdbc.datasource.DataSourceUtils      : Fetching JDBC Connection from DataSource
2026-08-04 18:19:54.670 DEBUG 10992 --- [pool-1-thread-1] o.s.j.d.DriverManagerDataSource          : Creating new JDBC DriverManager Connection to [jdbc:jtds:sqlserver://tigo.makiro.com.bo/bdprueba;socketTimeout=0;loginTimeout=60]
