[INFO] Scanning for projects...
[INFO] 
[INFO] ---------------------< com.example:TigoStarSystem >---------------------
[INFO] Building TigoStarSystem 0.0.1-SNAPSHOT
[INFO]   from pom.xml
[INFO] --------------------------------[ jar ]---------------------------------
[INFO] 
[INFO] >>> spring-boot:2.7.18:run (default-cli) > test-compile @ TigoStarSystem >>>
[INFO] 
[INFO] --- resources:3.2.0:resources (default-resources) @ TigoStarSystem ---
[INFO] Using 'UTF-8' encoding to copy filtered resources.
[INFO] Using 'UTF-8' encoding to copy filtered properties files.
[INFO] Copying 2 resources
[INFO] Copying 0 resource
[INFO] 
[INFO] --- compiler:3.10.1:compile (default-compile) @ TigoStarSystem ---
[INFO] Nothing to compile - all classes are up to date
[INFO] 
[INFO] --- resources:3.2.0:testResources (default-testResources) @ TigoStarSystem ---
[INFO] Using 'UTF-8' encoding to copy filtered resources.
[INFO] Using 'UTF-8' encoding to copy filtered properties files.
[INFO] skip non existing resourceDirectory C:\Users\JOSUE CABRERA\Downloads\backot-back01062026\src\test\resources
[INFO] 
[INFO] --- compiler:3.10.1:testCompile (default-testCompile) @ TigoStarSystem ---
[INFO] Nothing to compile - all classes are up to date
[INFO] 
[INFO] <<< spring-boot:2.7.18:run (default-cli) < test-compile @ TigoStarSystem <<<
[INFO] 
[INFO] 
[INFO] --- spring-boot:2.7.18:run (default-cli) @ TigoStarSystem ---
[INFO] Attaching agents: []

  .   ____          _            __ _ _
 /\\ / ___'_ __ _ _(_)_ __  __ _ \ \ \ \
( ( )\___ | '_ | '_| | '_ \/ _` | \ \ \ \
 \\/  ___)| |_)| | | | | || (_| |  ) ) ) )
  '  |____| .__|_| |_|_| |_\__, | / / / /
 =========|_|==============|___/=/_/_/_/
 :: Spring Boot ::               (v2.7.18)

2026-06-23 12:21:48.781  INFO 15560 --- [           main] c.e.T.TigoStarSystemApplication          : Starting TigoStarSystemApplication using Java 21.0.8 on JOSUEUPB with PID 15560 (C:\Users\JOSUE CABRERA\Downloads\backot-back01062026\target\classes started by JOSUE CABRERA in C:\Users\JOSUE CABRERA\Downloads\backot-back01062026)
2026-06-23 12:21:48.798 DEBUG 15560 --- [           main] c.e.T.TigoStarSystemApplication          : Running with Spring Boot v2.7.18, Spring v5.3.31
2026-06-23 12:21:48.807  INFO 15560 --- [           main] c.e.T.TigoStarSystemApplication          : No active profile set, falling back to 1 default profile: "default"
2026-06-23 12:21:48.816 DEBUG 15560 --- [           main] o.s.boot.SpringApplication               : Loading source class com.example.TigoStarSystem.TigoStarSystemApplication
2026-06-23 12:21:49.005 DEBUG 15560 --- [           main] ConfigServletWebServerApplicationContext : Refreshing org.springframework.boot.web.servlet.context.AnnotationConfigServletWebServerApplicationContext@3e0e1046
2026-06-23 12:21:53.071 DEBUG 15560 --- [           main] .s.b.w.e.t.TomcatServletWebServerFactory : Code archive: C:\Users\JOSUE CABRERA\.m2\repository\org\springframework\boot\spring-boot\2.7.18\spring-boot-2.7.18.jar
2026-06-23 12:21:53.084 DEBUG 15560 --- [           main] .s.b.w.e.t.TomcatServletWebServerFactory : Code archive: C:\Users\JOSUE CABRERA\.m2\repository\org\springframework\boot\spring-boot\2.7.18\spring-boot-2.7.18.jar
2026-06-23 12:21:53.106 DEBUG 15560 --- [           main] .s.b.w.e.t.TomcatServletWebServerFactory : None of the document roots [src/main/webapp, public, static] point to a directory and will be ignored.
2026-06-23 12:21:53.316  INFO 15560 --- [           main] o.s.b.w.embedded.tomcat.TomcatWebServer  : Tomcat initialized with port(s): 9060 (http)
2026-06-23 12:21:53.429  INFO 15560 --- [           main] o.apache.catalina.core.StandardService   : Starting service [Tomcat]
2026-06-23 12:21:53.443  INFO 15560 --- [           main] org.apache.catalina.core.StandardEngine  : Starting Servlet engine: [Apache Tomcat/9.0.83]
2026-06-23 12:21:54.209  INFO 15560 --- [           main] o.a.c.c.C.[Tomcat].[localhost].[/]       : Initializing Spring embedded WebApplicationContext
2026-06-23 12:21:54.210 DEBUG 15560 --- [           main] w.s.c.ServletWebServerApplicationContext : Published root WebApplicationContext as ServletContext attribute with name [org.springframework.web.context.WebApplicationContext.ROOT]
2026-06-23 12:21:54.211  INFO 15560 --- [           main] w.s.c.ServletWebServerApplicationContext : Root WebApplicationContext: initialization completed in 5206 ms
2026-06-23 12:21:54.307 DEBUG 15560 --- [           main] o.s.b.w.s.ServletContextInitializerBeans : Mapping filters: filterRegistrationBean urls=[/*] order=-2147483648, characterEncodingFilter urls=[/*] order=-2147483648, formContentFilter urls=[/*] order=-9900, requestContextFilter urls=[/*] order=-105
2026-06-23 12:21:54.308 DEBUG 15560 --- [           main] o.s.b.w.s.ServletContextInitializerBeans : Mapping servlets: dispatcherServlet urls=[/]
2026-06-23 12:21:54.363 DEBUG 15560 --- [           main] o.s.b.w.s.f.OrderedRequestContextFilter  : Filter 'requestContextFilter' configured for use
2026-06-23 12:21:54.364 DEBUG 15560 --- [           main] o.springframework.web.filter.CorsFilter  : Filter 'corsFilter' configured for use
2026-06-23 12:21:54.365 DEBUG 15560 --- [           main] s.b.w.s.f.OrderedCharacterEncodingFilter : Filter 'characterEncodingFilter' configured for use
2026-06-23 12:21:54.366 DEBUG 15560 --- [           main] o.s.b.w.s.f.OrderedFormContentFilter     : Filter 'formContentFilter' configured for use
2026-06-23 12:21:54.441 DEBUG 15560 --- [           main] com.zaxxer.hikari.HikariConfig           : Driver class net.sourceforge.jtds.jdbc.Driver found in Thread context class loader jdk.internal.loader.ClassLoaders$AppClassLoader@70dea4e
2026-06-23 12:21:54.660 DEBUG 15560 --- [           main] com.zaxxer.hikari.HikariConfig           : Driver class net.sourceforge.jtds.jdbc.Driver found in Thread context class loader jdk.internal.loader.ClassLoaders$AppClassLoader@70dea4e
2026-06-23 12:21:54.664 DEBUG 15560 --- [           main] com.zaxxer.hikari.HikariConfig           : CentralHikariPool - configuration:
2026-06-23 12:21:54.671 DEBUG 15560 --- [           main] com.zaxxer.hikari.HikariConfig           : allowPoolSuspension................................false
2026-06-23 12:21:54.673 DEBUG 15560 --- [           main] com.zaxxer.hikari.HikariConfig           : autoCommit................................true
2026-06-23 12:21:54.674 DEBUG 15560 --- [           main] com.zaxxer.hikari.HikariConfig           : catalog................................none
2026-06-23 12:21:54.676 DEBUG 15560 --- [           main] com.zaxxer.hikari.HikariConfig           : connectionInitSql................................none
2026-06-23 12:21:54.678 DEBUG 15560 --- [           main] com.zaxxer.hikari.HikariConfig           : connectionTestQuery................................"SELECT 1"
2026-06-23 12:21:54.682 DEBUG 15560 --- [           main] com.zaxxer.hikari.HikariConfig           : connectionTimeout................................15000
2026-06-23 12:21:54.685 DEBUG 15560 --- [           main] com.zaxxer.hikari.HikariConfig           : dataSource................................none
2026-06-23 12:21:54.687 DEBUG 15560 --- [           main] com.zaxxer.hikari.HikariConfig           : dataSourceClassName................................none
2026-06-23 12:21:54.689 DEBUG 15560 --- [           main] com.zaxxer.hikari.HikariConfig           : dataSourceJNDI................................none
2026-06-23 12:21:54.691 DEBUG 15560 --- [           main] com.zaxxer.hikari.HikariConfig           : dataSourceProperties................................{password=<masked>}
2026-06-23 12:21:54.693 DEBUG 15560 --- [           main] com.zaxxer.hikari.HikariConfig           : driverClassName................................"net.sourceforge.jtds.jdbc.Driver"
2026-06-23 12:21:54.695 DEBUG 15560 --- [           main] com.zaxxer.hikari.HikariConfig           : exceptionOverrideClassName................................none
2026-06-23 12:21:54.696 DEBUG 15560 --- [           main] com.zaxxer.hikari.HikariConfig           : healthCheckProperties................................{}
2026-06-23 12:21:54.699 DEBUG 15560 --- [           main] com.zaxxer.hikari.HikariConfig           : healthCheckRegistry................................none
2026-06-23 12:21:54.702 DEBUG 15560 --- [           main] com.zaxxer.hikari.HikariConfig           : idleTimeout................................300000
2026-06-23 12:21:54.704 DEBUG 15560 --- [           main] com.zaxxer.hikari.HikariConfig           : initializationFailTimeout................................-1
2026-06-23 12:21:54.707 DEBUG 15560 --- [           main] com.zaxxer.hikari.HikariConfig           : isolateInternalQueries................................false
2026-06-23 12:21:54.717 DEBUG 15560 --- [           main] com.zaxxer.hikari.HikariConfig           : jdbcUrl................................jdbc:jtds:sqlserver://172.16.0.13/BDControlOrdenes
2026-06-23 12:21:54.719 DEBUG 15560 --- [           main] com.zaxxer.hikari.HikariConfig           : keepaliveTime................................120000
2026-06-23 12:21:54.721 DEBUG 15560 --- [           main] com.zaxxer.hikari.HikariConfig           : leakDetectionThreshold................................0
2026-06-23 12:21:54.723 DEBUG 15560 --- [           main] com.zaxxer.hikari.HikariConfig           : maxLifetime................................900000
2026-06-23 12:21:54.725 DEBUG 15560 --- [           main] com.zaxxer.hikari.HikariConfig           : maximumPoolSize................................80
2026-06-23 12:21:54.726 DEBUG 15560 --- [           main] com.zaxxer.hikari.HikariConfig           : metricRegistry................................none
2026-06-23 12:21:54.728 DEBUG 15560 --- [           main] com.zaxxer.hikari.HikariConfig           : metricsTrackerFactory................................none
2026-06-23 12:21:54.730 DEBUG 15560 --- [           main] com.zaxxer.hikari.HikariConfig           : minimumIdle................................0
2026-06-23 12:21:54.732 DEBUG 15560 --- [           main] com.zaxxer.hikari.HikariConfig           : password................................<masked>
2026-06-23 12:21:54.734 DEBUG 15560 --- [           main] com.zaxxer.hikari.HikariConfig           : poolName................................"CentralHikariPool"
2026-06-23 12:21:54.736 DEBUG 15560 --- [           main] com.zaxxer.hikari.HikariConfig           : readOnly................................false
2026-06-23 12:21:54.738 DEBUG 15560 --- [           main] com.zaxxer.hikari.HikariConfig           : registerMbeans................................false
2026-06-23 12:21:54.739 DEBUG 15560 --- [           main] com.zaxxer.hikari.HikariConfig           : scheduledExecutor................................none
2026-06-23 12:21:54.740 DEBUG 15560 --- [           main] com.zaxxer.hikari.HikariConfig           : schema................................none
2026-06-23 12:21:54.743 DEBUG 15560 --- [           main] com.zaxxer.hikari.HikariConfig           : threadFactory................................internal
2026-06-23 12:21:54.744 DEBUG 15560 --- [           main] com.zaxxer.hikari.HikariConfig           : transactionIsolation................................default
2026-06-23 12:21:54.745 DEBUG 15560 --- [           main] com.zaxxer.hikari.HikariConfig           : username................................"sistemas"
2026-06-23 12:21:54.747 DEBUG 15560 --- [           main] com.zaxxer.hikari.HikariConfig           : validationTimeout................................5000
2026-06-23 12:21:54.767  INFO 15560 --- [           main] com.zaxxer.hikari.HikariDataSource       : CentralHikariPool - Starting...
2026-06-23 12:21:55.691  INFO 15560 --- [           main] com.zaxxer.hikari.HikariDataSource       : CentralHikariPool - Start completed.
2026-06-23 12:21:55.784 DEBUG 15560 --- [           main] com.zaxxer.hikari.HikariConfig           : Driver class net.sourceforge.jtds.jdbc.Driver found in Thread context class loader jdk.internal.loader.ClassLoaders$AppClassLoader@70dea4e
2026-06-23 12:21:55.792 DEBUG 15560 --- [ool housekeeper] com.zaxxer.hikari.pool.HikariPool        : CentralHikariPool - Before cleanup stats (total=0, active=0, idle=0, waiting=0)
2026-06-23 12:21:55.793 DEBUG 15560 --- [           main] com.zaxxer.hikari.HikariConfig           : TigoHogarHikariPool - configuration:
2026-06-23 12:21:55.803 DEBUG 15560 --- [ool housekeeper] com.zaxxer.hikari.pool.HikariPool        : CentralHikariPool - After cleanup  stats (total=0, active=0, idle=0, waiting=0)
2026-06-23 12:21:55.812 DEBUG 15560 --- [           main] com.zaxxer.hikari.HikariConfig           : allowPoolSuspension................................false
2026-06-23 12:21:55.819 DEBUG 15560 --- [ool housekeeper] com.zaxxer.hikari.pool.HikariPool        : CentralHikariPool - Fill pool skipped, pool is at sufficient level.
2026-06-23 12:21:55.828 DEBUG 15560 --- [           main] com.zaxxer.hikari.HikariConfig           : autoCommit................................true
2026-06-23 12:21:55.848 DEBUG 15560 --- [           main] com.zaxxer.hikari.HikariConfig           : catalog................................none
2026-06-23 12:21:55.857 DEBUG 15560 --- [           main] com.zaxxer.hikari.HikariConfig           : connectionInitSql................................none
2026-06-23 12:21:55.867 DEBUG 15560 --- [           main] com.zaxxer.hikari.HikariConfig           : connectionTestQuery................................"SELECT 1"
2026-06-23 12:21:55.875 DEBUG 15560 --- [           main] com.zaxxer.hikari.HikariConfig           : connectionTimeout................................15000
2026-06-23 12:21:55.885 DEBUG 15560 --- [           main] com.zaxxer.hikari.HikariConfig           : dataSource................................none
2026-06-23 12:21:55.895 DEBUG 15560 --- [           main] com.zaxxer.hikari.HikariConfig           : dataSourceClassName................................none
2026-06-23 12:21:55.904 DEBUG 15560 --- [           main] com.zaxxer.hikari.HikariConfig           : dataSourceJNDI................................none
2026-06-23 12:21:55.914 DEBUG 15560 --- [           main] com.zaxxer.hikari.HikariConfig           : dataSourceProperties................................{password=<masked>}
2026-06-23 12:21:55.924 DEBUG 15560 --- [           main] com.zaxxer.hikari.HikariConfig           : driverClassName................................"net.sourceforge.jtds.jdbc.Driver"
2026-06-23 12:21:55.933 DEBUG 15560 --- [           main] com.zaxxer.hikari.HikariConfig           : exceptionOverrideClassName................................none
2026-06-23 12:21:55.943 DEBUG 15560 --- [           main] com.zaxxer.hikari.HikariConfig           : healthCheckProperties................................{}
2026-06-23 12:21:55.952 DEBUG 15560 --- [           main] com.zaxxer.hikari.HikariConfig           : healthCheckRegistry................................none
2026-06-23 12:21:55.962 DEBUG 15560 --- [           main] com.zaxxer.hikari.HikariConfig           : idleTimeout................................300000
2026-06-23 12:21:55.977 DEBUG 15560 --- [           main] com.zaxxer.hikari.HikariConfig           : initializationFailTimeout................................-1
2026-06-23 12:21:55.987 DEBUG 15560 --- [           main] com.zaxxer.hikari.HikariConfig           : isolateInternalQueries................................false
2026-06-23 12:21:55.994 DEBUG 15560 --- [           main] com.zaxxer.hikari.HikariConfig           : jdbcUrl................................jdbc:jtds:sqlserver://181.188.148.59/BD_TigoHogar
2026-06-23 12:21:56.003 DEBUG 15560 --- [           main] com.zaxxer.hikari.HikariConfig           : keepaliveTime................................120000
2026-06-23 12:21:56.013 DEBUG 15560 --- [           main] com.zaxxer.hikari.HikariConfig           : leakDetectionThreshold................................0
2026-06-23 12:21:56.021 DEBUG 15560 --- [           main] com.zaxxer.hikari.HikariConfig           : maxLifetime................................900000
2026-06-23 12:21:56.030 DEBUG 15560 --- [           main] com.zaxxer.hikari.HikariConfig           : maximumPoolSize................................10
2026-06-23 12:21:56.039 DEBUG 15560 --- [           main] com.zaxxer.hikari.HikariConfig           : metricRegistry................................none
2026-06-23 12:21:56.049 DEBUG 15560 --- [           main] com.zaxxer.hikari.HikariConfig           : metricsTrackerFactory................................none
2026-06-23 12:21:56.064 DEBUG 15560 --- [           main] com.zaxxer.hikari.HikariConfig           : minimumIdle................................0
2026-06-23 12:21:56.074 DEBUG 15560 --- [           main] com.zaxxer.hikari.HikariConfig           : password................................<masked>
2026-06-23 12:21:56.084 DEBUG 15560 --- [           main] com.zaxxer.hikari.HikariConfig           : poolName................................"TigoHogarHikariPool"
2026-06-23 12:21:56.094 DEBUG 15560 --- [           main] com.zaxxer.hikari.HikariConfig           : readOnly................................false
2026-06-23 12:21:56.103 DEBUG 15560 --- [           main] com.zaxxer.hikari.HikariConfig           : registerMbeans................................false
2026-06-23 12:21:56.112 DEBUG 15560 --- [           main] com.zaxxer.hikari.HikariConfig           : scheduledExecutor................................none
2026-06-23 12:21:56.122 DEBUG 15560 --- [           main] com.zaxxer.hikari.HikariConfig           : schema................................none
2026-06-23 12:21:56.131 DEBUG 15560 --- [           main] com.zaxxer.hikari.HikariConfig           : threadFactory................................internal
2026-06-23 12:21:56.140 DEBUG 15560 --- [           main] com.zaxxer.hikari.HikariConfig           : transactionIsolation................................default
2026-06-23 12:21:56.149 DEBUG 15560 --- [           main] com.zaxxer.hikari.HikariConfig           : username................................"lolivares"
2026-06-23 12:21:56.158 DEBUG 15560 --- [           main] com.zaxxer.hikari.HikariConfig           : validationTimeout................................5000
2026-06-23 12:21:56.167  INFO 15560 --- [           main] com.zaxxer.hikari.HikariDataSource       : TigoHogarHikariPool - Starting...
2026-06-23 12:21:56.176  INFO 15560 --- [           main] com.zaxxer.hikari.HikariDataSource       : TigoHogarHikariPool - Start completed.
2026-06-23 12:21:56.292 DEBUG 15560 --- [ool housekeeper] com.zaxxer.hikari.pool.HikariPool        : TigoHogarHikariPool - Before cleanup stats (total=0, active=0, idle=0, waiting=0)
2026-06-23 12:21:56.297 DEBUG 15560 --- [ool housekeeper] com.zaxxer.hikari.pool.HikariPool        : TigoHogarHikariPool - After cleanup  stats (total=0, active=0, idle=0, waiting=0)
2026-06-23 12:21:56.306 DEBUG 15560 --- [ool housekeeper] com.zaxxer.hikari.pool.HikariPool        : TigoHogarHikariPool - Fill pool skipped, pool is at sufficient level.
2026-06-23 12:21:57.318 DEBUG 15560 --- [           main] o.s.b.a.AutoConfigurationPackages        : @EnableAutoConfiguration was declared on a class in the package 'com.example.TigoStarSystem'. Automatic @Repository and @Entity scanning is enabled.
2026-06-23 12:21:57.513 DEBUG 15560 --- [           main] s.w.s.m.m.a.RequestMappingHandlerAdapter : ControllerAdvice beans: 0 @ModelAttribute, 0 @InitBinder, 1 RequestBodyAdvice, 1 ResponseBodyAdvice
2026-06-23 12:21:57.772 DEBUG 15560 --- [           main] s.w.s.m.m.a.RequestMappingHandlerMapping : 152 mappings in 'requestMappingHandlerMapping'
2026-06-23 12:21:57.808 DEBUG 15560 --- [           main] o.s.w.s.handler.SimpleUrlHandlerMapping  : Patterns [/webjars/**, /**, /swagger-ui*/*swagger-initializer.js, /swagger-ui*/**] in 'resourceHandlerMapping'
2026-06-23 12:21:57.830 DEBUG 15560 --- [           main] .m.m.a.ExceptionHandlerExceptionResolver : ControllerAdvice beans: 2 @ExceptionHandler, 1 ResponseBodyAdvice
2026-06-23 12:21:58.273  INFO 15560 --- [           main] o.s.b.w.embedded.tomcat.TomcatWebServer  : Tomcat started on port(s): 9060 (http) with context path ''
2026-06-23 12:21:58.310 DEBUG 15560 --- [           main] ConditionEvaluationReportLoggingListener : 


============================
CONDITIONS EVALUATION REPORT
============================


Positive matches:
-----------------

   AopAutoConfiguration matched:
      - @ConditionalOnProperty (spring.aop.auto=true) matched (OnPropertyCondition)

   AopAutoConfiguration.ClassProxyingConfiguration matched:
      - @ConditionalOnMissingClass did not find unwanted class 'org.aspectj.weaver.Advice' (OnClassCondition)
      - @ConditionalOnProperty (spring.aop.proxy-target-class=true) matched (OnPropertyCondition)

   ApplicationAvailabilityAutoConfiguration#applicationAvailability matched:
      - @ConditionalOnMissingBean (types: org.springframework.boot.availability.ApplicationAvailability; SearchStrategy: all) did not find any beans (OnBeanCondition)

   DataSourceAutoConfiguration matched:
      - @ConditionalOnClass found required classes 'javax.sql.DataSource', 'org.springframework.jdbc.datasource.embedded.EmbeddedDatabaseType' (OnClassCondition)
      - @ConditionalOnMissingBean (types: io.r2dbc.spi.ConnectionFactory; SearchStrategy: all) did not find any beans (OnBeanCondition)

   DataSourceAutoConfiguration.PooledDataSourceConfiguration matched:
      - AnyNestedCondition 1 matched 1 did not; NestedCondition on DataSourceAutoConfiguration.PooledDataSourceCondition.PooledDataSourceAvailable PooledDataSource found supported DataSource; NestedCondition on DataSourceAutoConfiguration.PooledDataSourceCondition.ExplicitType @ConditionalOnProperty (spring.datasource.type) did not find property 'type' (DataSourceAutoConfiguration.PooledDataSourceCondition)
      - @ConditionalOnMissingBean (types: javax.sql.DataSource,javax.sql.XADataSource; SearchStrategy: all) did not find any beans (OnBeanCondition)

   DataSourceConfiguration.Hikari matched:
      - @ConditionalOnClass found required class 'com.zaxxer.hikari.HikariDataSource' (OnClassCondition)
      - @ConditionalOnProperty (spring.datasource.type=com.zaxxer.hikari.HikariDataSource) matched (OnPropertyCondition)
      - @ConditionalOnMissingBean (types: javax.sql.DataSource; SearchStrategy: all) did not find any beans (OnBeanCondition)

   DataSourceInitializationConfiguration matched:
      - @ConditionalOnClass found required class 'org.springframework.jdbc.datasource.init.DatabasePopulator' (OnClassCondition)
      - @ConditionalOnSingleCandidate (types: javax.sql.DataSource; SearchStrategy: all) found a single bean 'dataSource'; @ConditionalOnMissingBean (types: org.springframework.boot.autoconfigure.sql.init.SqlDataSourceScriptDatabaseInitializer,org.springframework.boot.autoconfigure.sql.init.SqlR2dbcScriptDatabaseInitializer; SearchStrategy: all) did not find any beans (OnBeanCondition)

   DataSourceJmxConfiguration matched:
      - @ConditionalOnProperty (spring.jmx.enabled=true) matched (OnPropertyCondition)

   DataSourceJmxConfiguration.Hikari matched:
      - @ConditionalOnClass found required class 'com.zaxxer.hikari.HikariDataSource' (OnClassCondition)
      - @ConditionalOnSingleCandidate (types: javax.sql.DataSource; SearchStrategy: all) found a single bean 'dataSource' (OnBeanCondition)

   DataSourcePoolMetadataProvidersConfiguration.HikariPoolDataSourceMetadataProviderConfiguration matched:
      - @ConditionalOnClass found required class 'com.zaxxer.hikari.HikariDataSource' (OnClassCondition)

   DataSourceTransactionManagerAutoConfiguration matched:
      - @ConditionalOnClass found required classes 'org.springframework.jdbc.core.JdbcTemplate', 'org.springframework.transaction.TransactionManager' (OnClassCondition)

   DataSourceTransactionManagerAutoConfiguration.JdbcTransactionManagerConfiguration matched:
      - @ConditionalOnSingleCandidate (types: javax.sql.DataSource; SearchStrategy: all) found a single bean 'dataSource' (OnBeanCondition)

   DataSourceTransactionManagerAutoConfiguration.JdbcTransactionManagerConfiguration#transactionManager matched:
      - @ConditionalOnMissingBean (types: org.springframework.transaction.TransactionManager; SearchStrategy: all) did not find any beans (OnBeanCondition)

   DispatcherServletAutoConfiguration matched:
      - @ConditionalOnClass found required class 'org.springframework.web.servlet.DispatcherServlet' (OnClassCondition)
      - found 'session' scope (OnWebApplicationCondition)

   DispatcherServletAutoConfiguration.DispatcherServletConfiguration matched:
      - @ConditionalOnClass found required class 'javax.servlet.ServletRegistration' (OnClassCondition)
      - Default DispatcherServlet did not find dispatcher servlet beans (DispatcherServletAutoConfiguration.DefaultDispatcherServletCondition)

   DispatcherServletAutoConfiguration.DispatcherServletRegistrationConfiguration matched:
      - @ConditionalOnClass found required class 'javax.servlet.ServletRegistration' (OnClassCondition)
      - DispatcherServlet Registration did not find servlet registration bean (DispatcherServletAutoConfiguration.DispatcherServletRegistrationCondition)

   DispatcherServletAutoConfiguration.DispatcherServletRegistrationConfiguration#dispatcherServletRegistration matched:
      - @ConditionalOnBean (names: dispatcherServlet types: org.springframework.web.servlet.DispatcherServlet; SearchStrategy: all) found bean 'dispatcherServlet' (OnBeanCondition)

   EmbeddedWebServerFactoryCustomizerAutoConfiguration matched:
      - @ConditionalOnWebApplication (required) found 'session' scope (OnWebApplicationCondition)
      - @ConditionalOnWarDeployment the application is not deployed as a WAR file. (OnWarDeploymentCondition)

   EmbeddedWebServerFactoryCustomizerAutoConfiguration.TomcatWebServerFactoryCustomizerConfiguration matched:
      - @ConditionalOnClass found required classes 'org.apache.catalina.startup.Tomcat', 'org.apache.coyote.UpgradeProtocol' (OnClassCondition)

   ErrorMvcAutoConfiguration matched:
      - @ConditionalOnClass found required classes 'javax.servlet.Servlet', 'org.springframework.web.servlet.DispatcherServlet' (OnClassCondition)
      - found 'session' scope (OnWebApplicationCondition)

   ErrorMvcAutoConfiguration#basicErrorController matched:
      - @ConditionalOnMissingBean (types: org.springframework.boot.web.servlet.error.ErrorController; SearchStrategy: current) did not find any beans (OnBeanCondition)

   ErrorMvcAutoConfiguration#errorAttributes matched:
      - @ConditionalOnMissingBean (types: org.springframework.boot.web.servlet.error.ErrorAttributes; SearchStrategy: current) did not find any beans (OnBeanCondition)

   ErrorMvcAutoConfiguration.DefaultErrorViewResolverConfiguration#conventionErrorViewResolver matched:
      - @ConditionalOnBean (types: org.springframework.web.servlet.DispatcherServlet; SearchStrategy: all) found bean 'dispatcherServlet'; @ConditionalOnMissingBean (types: org.springframework.boot.autoconfigure.web.servlet.error.ErrorViewResolver; SearchStrategy: all) did not find any beans (OnBeanCondition)

   ErrorMvcAutoConfiguration.WhitelabelErrorViewConfiguration matched:
      - @ConditionalOnProperty (server.error.whitelabel.enabled) matched (OnPropertyCondition)
      - ErrorTemplate Missing did not find error template view (ErrorMvcAutoConfiguration.ErrorTemplateMissingCondition)

   ErrorMvcAutoConfiguration.WhitelabelErrorViewConfiguration#beanNameViewResolver matched:
      - @ConditionalOnMissingBean (types: org.springframework.web.servlet.view.BeanNameViewResolver; SearchStrategy: all) did not find any beans (OnBeanCondition)

   ErrorMvcAutoConfiguration.WhitelabelErrorViewConfiguration#defaultErrorView matched:
      - @ConditionalOnMissingBean (names: error; SearchStrategy: all) did not find any beans (OnBeanCondition)

   GenericCacheConfiguration matched:
      - Cache org.springframework.boot.autoconfigure.cache.GenericCacheConfiguration automatic cache type (CacheCondition)

   HttpEncodingAutoConfiguration matched:
      - @ConditionalOnClass found required class 'org.springframework.web.filter.CharacterEncodingFilter' (OnClassCondition)
      - found 'session' scope (OnWebApplicationCondition)
      - @ConditionalOnProperty (server.servlet.encoding.enabled) matched (OnPropertyCondition)

   HttpEncodingAutoConfiguration#characterEncodingFilter matched:
      - @ConditionalOnMissingBean (types: org.springframework.web.filter.CharacterEncodingFilter; SearchStrategy: all) did not find any beans (OnBeanCondition)

   HttpMessageConvertersAutoConfiguration matched:
      - @ConditionalOnClass found required class 'org.springframework.http.converter.HttpMessageConverter' (OnClassCondition)
      - NoneNestedConditions 0 matched 1 did not; NestedCondition on HttpMessageConvertersAutoConfiguration.NotReactiveWebApplicationCondition.ReactiveWebApplication did not find reactive web application classes (HttpMessageConvertersAutoConfiguration.NotReactiveWebApplicationCondition)

   HttpMessageConvertersAutoConfiguration#messageConverters matched:
      - @ConditionalOnMissingBean (types: org.springframework.boot.autoconfigure.http.HttpMessageConverters; SearchStrategy: all) did not find any beans (OnBeanCondition)

   HttpMessageConvertersAutoConfiguration.StringHttpMessageConverterConfiguration matched:
      - @ConditionalOnClass found required class 'org.springframework.http.converter.StringHttpMessageConverter' (OnClassCondition)

   HttpMessageConvertersAutoConfiguration.StringHttpMessageConverterConfiguration#stringHttpMessageConverter matched:
      - @ConditionalOnMissingBean (types: org.springframework.http.converter.StringHttpMessageConverter; SearchStrategy: all) did not find any beans (OnBeanCondition)

   JacksonAutoConfiguration matched:
      - @ConditionalOnClass found required class 'com.fasterxml.jackson.databind.ObjectMapper' (OnClassCondition)

   JacksonAutoConfiguration.Jackson2ObjectMapperBuilderCustomizerConfiguration matched:
      - @ConditionalOnClass found required class 'org.springframework.http.converter.json.Jackson2ObjectMapperBuilder' (OnClassCondition)

   JacksonAutoConfiguration.JacksonObjectMapperBuilderConfiguration matched:
      - @ConditionalOnClass found required class 'org.springframework.http.converter.json.Jackson2ObjectMapperBuilder' (OnClassCondition)

   JacksonAutoConfiguration.JacksonObjectMapperBuilderConfiguration#jacksonObjectMapperBuilder matched:
      - @ConditionalOnMissingBean (types: org.springframework.http.converter.json.Jackson2ObjectMapperBuilder; SearchStrategy: all) did not find any beans (OnBeanCondition)

   JacksonAutoConfiguration.JacksonObjectMapperConfiguration matched:
      - @ConditionalOnClass found required class 'org.springframework.http.converter.json.Jackson2ObjectMapperBuilder' (OnClassCondition)

   JacksonAutoConfiguration.JacksonObjectMapperConfiguration#jacksonObjectMapper matched:
      - @ConditionalOnMissingBean (types: com.fasterxml.jackson.databind.ObjectMapper; SearchStrategy: all) did not find any beans (OnBeanCondition)

   JacksonAutoConfiguration.ParameterNamesModuleConfiguration matched:
      - @ConditionalOnClass found required class 'com.fasterxml.jackson.module.paramnames.ParameterNamesModule' (OnClassCondition)

   JacksonAutoConfiguration.ParameterNamesModuleConfiguration#parameterNamesModule matched:
      - @ConditionalOnMissingBean (types: com.fasterxml.jackson.module.paramnames.ParameterNamesModule; SearchStrategy: all) did not find any beans (OnBeanCondition)

   JacksonHttpMessageConvertersConfiguration.MappingJackson2HttpMessageConverterConfiguration matched:
      - @ConditionalOnClass found required class 'com.fasterxml.jackson.databind.ObjectMapper' (OnClassCondition)
      - @ConditionalOnProperty (spring.mvc.converters.preferred-json-mapper=jackson) matched (OnPropertyCondition)
      - @ConditionalOnBean (types: com.fasterxml.jackson.databind.ObjectMapper; SearchStrategy: all) found bean 'jacksonObjectMapper' (OnBeanCondition)

   JacksonHttpMessageConvertersConfiguration.MappingJackson2HttpMessageConverterConfiguration#mappingJackson2HttpMessageConverter matched:
      - @ConditionalOnMissingBean (types: org.springframework.http.converter.json.MappingJackson2HttpMessageConverter ignored: org.springframework.hateoas.server.mvc.TypeConstrainedMappingJackson2HttpMessageConverter,org.springframework.data.rest.webmvc.alps.AlpsJsonHttpMessageConverter; SearchStrategy: all) did not find any beans (OnBeanCondition)

   JdbcTemplateAutoConfiguration matched:
      - @ConditionalOnClass found required classes 'javax.sql.DataSource', 'org.springframework.jdbc.core.JdbcTemplate' (OnClassCondition)
      - @ConditionalOnSingleCandidate (types: javax.sql.DataSource; SearchStrategy: all) found a single bean 'dataSource' (OnBeanCondition)

   LifecycleAutoConfiguration#defaultLifecycleProcessor matched:
      - @ConditionalOnMissingBean (names: lifecycleProcessor; SearchStrategy: current) did not find any beans (OnBeanCondition)

   MailSenderAutoConfiguration matched:
      - @ConditionalOnClass found required classes 'javax.mail.internet.MimeMessage', 'javax.activation.MimeType', 'org.springframework.mail.MailSender' (OnClassCondition)
      - AnyNestedCondition 1 matched 1 did not; NestedCondition on MailSenderAutoConfiguration.MailSenderCondition.JndiNameProperty @ConditionalOnProperty (spring.mail.jndi-name) did not find property 'jndi-name'; NestedCondition on MailSenderAutoConfiguration.MailSenderCondition.HostProperty @ConditionalOnProperty (spring.mail.host) matched (MailSenderAutoConfiguration.MailSenderCondition)
      - @ConditionalOnMissingBean (types: org.springframework.mail.MailSender; SearchStrategy: all) did not find any beans (OnBeanCondition)

   MailSenderPropertiesConfiguration matched:
      - @ConditionalOnProperty (spring.mail.host) matched (OnPropertyCondition)

   MailSenderPropertiesConfiguration#mailSender matched:
      - @ConditionalOnMissingBean (types: org.springframework.mail.javamail.JavaMailSender; SearchStrategy: all) did not find any beans (OnBeanCondition)

   MultipartAutoConfiguration matched:
      - @ConditionalOnClass found required classes 'javax.servlet.Servlet', 'org.springframework.web.multipart.support.StandardServletMultipartResolver', 'javax.servlet.MultipartConfigElement' (OnClassCondition)
      - found 'session' scope (OnWebApplicationCondition)
      - @ConditionalOnProperty (spring.servlet.multipart.enabled) matched (OnPropertyCondition)

   MultipartAutoConfiguration#multipartConfigElement matched:
      - @ConditionalOnMissingBean (types: javax.servlet.MultipartConfigElement,org.springframework.web.multipart.commons.CommonsMultipartResolver; SearchStrategy: all) did not find any beans (OnBeanCondition)

   MultipartAutoConfiguration#multipartResolver matched:
      - @ConditionalOnMissingBean (types: org.springframework.web.multipart.MultipartResolver; SearchStrategy: all) did not find any beans (OnBeanCondition)

   NamedParameterJdbcTemplateConfiguration matched:
      - @ConditionalOnSingleCandidate (types: org.springframework.jdbc.core.JdbcTemplate; SearchStrategy: all) found a single primary bean 'jdbcTemplate' from beans 'jdbcTemplate', 'tigohogarJdbcTemplate', 'centralJdbcTemplate'; @ConditionalOnMissingBean (types: org.springframework.jdbc.core.namedparam.NamedParameterJdbcOperations; SearchStrategy: all) did not find any beans (OnBeanCondition)

   NoOpCacheConfiguration matched:
      - Cache org.springframework.boot.autoconfigure.cache.NoOpCacheConfiguration automatic cache type (CacheCondition)

   PersistenceExceptionTranslationAutoConfiguration matched:
      - @ConditionalOnClass found required class 'org.springframework.dao.annotation.PersistenceExceptionTranslationPostProcessor' (OnClassCondition)

   PersistenceExceptionTranslationAutoConfiguration#persistenceExceptionTranslationPostProcessor matched:
      - @ConditionalOnProperty (spring.dao.exceptiontranslation.enabled) matched (OnPropertyCondition)
      - @ConditionalOnMissingBean (types: org.springframework.dao.annotation.PersistenceExceptionTranslationPostProcessor; SearchStrategy: all) did not find any beans (OnBeanCondition)

   PropertyPlaceholderAutoConfiguration#propertySourcesPlaceholderConfigurer matched:
      - @ConditionalOnMissingBean (types: org.springframework.context.support.PropertySourcesPlaceholderConfigurer; SearchStrategy: current) did not find any beans (OnBeanCondition)

   RestTemplateAutoConfiguration matched:
      - @ConditionalOnClass found required class 'org.springframework.web.client.RestTemplate' (OnClassCondition)
      - NoneNestedConditions 0 matched 1 did not; NestedCondition on RestTemplateAutoConfiguration.NotReactiveWebApplicationCondition.ReactiveWebApplication did not find reactive web application classes (RestTemplateAutoConfiguration.NotReactiveWebApplicationCondition)

   RestTemplateAutoConfiguration#restTemplateBuilder matched:
      - @ConditionalOnMissingBean (types: org.springframework.boot.web.client.RestTemplateBuilder; SearchStrategy: all) did not find any beans (OnBeanCondition)

   RestTemplateAutoConfiguration#restTemplateBuilderConfigurer matched:
      - @ConditionalOnMissingBean (types: org.springframework.boot.autoconfigure.web.client.RestTemplateBuilderConfigurer; SearchStrategy: all) did not find any beans (OnBeanCondition)

   ServletWebServerFactoryAutoConfiguration matched:
      - @ConditionalOnClass found required class 'javax.servlet.ServletRequest' (OnClassCondition)
      - found 'session' scope (OnWebApplicationCondition)

   ServletWebServerFactoryAutoConfiguration#tomcatServletWebServerFactoryCustomizer matched:
      - @ConditionalOnClass found required class 'org.apache.catalina.startup.Tomcat' (OnClassCondition)

   ServletWebServerFactoryConfiguration.EmbeddedTomcat matched:
      - @ConditionalOnClass found required classes 'javax.servlet.Servlet', 'org.apache.catalina.startup.Tomcat', 'org.apache.coyote.UpgradeProtocol' (OnClassCondition)
      - @ConditionalOnMissingBean (types: org.springframework.boot.web.servlet.server.ServletWebServerFactory; SearchStrategy: current) did not find any beans (OnBeanCondition)

   SimpleCacheConfiguration matched:
      - Cache org.springframework.boot.autoconfigure.cache.SimpleCacheConfiguration automatic cache type (CacheCondition)

   SpringDocConfigProperties matched:
      - @ConditionalOnProperty (springdoc.api-docs.enabled) matched (OnPropertyCondition)

   SpringDocConfiguration matched:
      - @ConditionalOnWebApplication (required) found 'session' scope (OnWebApplicationCondition)
      - @ConditionalOnProperty (springdoc.api-docs.enabled) matched (OnPropertyCondition)

   SpringDocConfiguration#fileSupportConverter matched:
      - @ConditionalOnMissingBean (types: org.springdoc.core.converters.FileSupportConverter; SearchStrategy: all) did not find any beans (OnBeanCondition)

   SpringDocConfiguration#openAPIBuilder matched:
      - @ConditionalOnMissingBean (types: org.springdoc.core.OpenAPIService; SearchStrategy: all) did not find any beans (OnBeanCondition)

   SpringDocConfiguration#operationBuilder matched:
      - @ConditionalOnMissingBean (types: org.springdoc.core.OperationService; SearchStrategy: all) did not find any beans (OnBeanCondition)

   SpringDocConfiguration#parameterBuilder matched:
      - @ConditionalOnMissingBean (types: org.springdoc.core.GenericParameterService; SearchStrategy: all) did not find any beans (OnBeanCondition)

   SpringDocConfiguration#polymorphicModelConverter matched:
      - @ConditionalOnProperty (springdoc.model-converters.polymorphic-converter.enabled) matched (OnPropertyCondition)
      - @ConditionalOnMissingBean (types: org.springdoc.core.converters.PolymorphicModelConverter; SearchStrategy: all) did not find any beans (OnBeanCondition)

   SpringDocConfiguration#requestBodyBuilder matched:
      - @ConditionalOnMissingBean (types: org.springdoc.core.RequestBodyService; SearchStrategy: all) did not find any beans (OnBeanCondition)

   SpringDocConfiguration#responseSupportConverter matched:
      - @ConditionalOnMissingBean (types: org.springdoc.core.converters.ResponseSupportConverter; SearchStrategy: all) did not find any beans (OnBeanCondition)

   SpringDocConfiguration#schemaPropertyDeprecatingConverter matched:
      - @ConditionalOnProperty (springdoc.model-converters.deprecating-converter.enabled) matched (OnPropertyCondition)
      - @ConditionalOnMissingBean (types: org.springdoc.core.converters.SchemaPropertyDeprecatingConverter; SearchStrategy: all) did not find any beans (OnBeanCondition)

   SpringDocConfiguration#securityParser matched:
      - @ConditionalOnMissingBean (types: org.springdoc.core.SecurityService; SearchStrategy: all) did not find any beans (OnBeanCondition)

   SpringDocConfiguration#springDocCustomizers matched:
      - @ConditionalOnMissingBean (types: org.springdoc.core.customizers.SpringDocCustomizers; SearchStrategy: all) did not find any beans (OnBeanCondition)

   SpringDocConfiguration#springDocObjectMapperProvider matched:
      - @ConditionalOnMissingBean (types: org.springdoc.core.providers.ObjectMapperProvider; SearchStrategy: all) did not find any beans (OnBeanCondition)

   SpringDocConfiguration#springDocProviders matched:
      - @ConditionalOnMissingBean (types: org.springdoc.core.SpringDocProviders; SearchStrategy: all) did not find any beans (OnBeanCondition)

   SpringDocConfiguration.SpringDocSpringDataWebPropertiesProvider matched:
      - @ConditionalOnClass found required class 'org.springframework.boot.autoconfigure.data.web.SpringDataWebProperties' (OnClassCondition)

   SpringDocConfiguration.SpringDocSpringDataWebPropertiesProvider#springDataWebPropertiesProvider matched:
      - @ConditionalOnMissingBean (types: org.springdoc.core.providers.SpringDataWebPropertiesProvider; SearchStrategy: all) did not find any beans (OnBeanCondition)

   SpringDocConfiguration.WebConversionServiceConfiguration matched:
      - @ConditionalOnClass found required class 'org.springframework.boot.autoconfigure.web.format.WebConversionService' (OnClassCondition)

   SpringDocUIConfiguration matched:
      - @ConditionalOnWebApplication (required) found 'session' scope (OnWebApplicationCondition)
      - @ConditionalOnExpression (#{${springdoc.api-docs.enabled:true}}) resulted in true (OnExpressionCondition)
      - @ConditionalOnBean (types: org.springdoc.core.SpringDocConfiguration; SearchStrategy: all) found bean 'org.springdoc.core.SpringDocConfiguration' (OnBeanCondition)

   SpringDocWebMvcConfiguration matched:
      - found 'session' scope (OnWebApplicationCondition)
      - @ConditionalOnProperty (springdoc.api-docs.enabled) matched (OnPropertyCondition)
      - @ConditionalOnBean (types: org.springdoc.core.SpringDocConfiguration; SearchStrategy: all) found bean 'org.springdoc.core.SpringDocConfiguration' (OnBeanCondition)

   SpringDocWebMvcConfiguration#openApiResource matched:
      - @ConditionalOnProperty (springdoc.use-management-port=false) matched (OnPropertyCondition)
      - @ConditionalOnMissingBean (types: org.springdoc.webmvc.api.OpenApiWebMvcResource; SearchStrategy: all) did not find any beans (OnBeanCondition)

   SpringDocWebMvcConfiguration#requestBuilder matched:
      - @ConditionalOnMissingBean (types: org.springdoc.webmvc.core.RequestService; SearchStrategy: all) did not find any beans (OnBeanCondition)

   SpringDocWebMvcConfiguration#responseBuilder matched:
      - @ConditionalOnMissingBean (types: org.springdoc.core.GenericResponseService; SearchStrategy: all) did not find any beans (OnBeanCondition)

   SpringDocWebMvcConfiguration#springWebProvider matched:
      - @ConditionalOnMissingBean (types: org.springdoc.core.providers.SpringWebProvider; SearchStrategy: all) did not find any beans (OnBeanCondition)

   SpringDocWebMvcConfiguration.SpringDocWebMvcRouterConfiguration matched:
      - @ConditionalOnClass found required class 'org.springframework.web.servlet.function.RouterFunction' (OnClassCondition)

   SpringDocWebMvcConfiguration.SpringDocWebMvcRouterConfiguration#routerFunctionProvider matched:
      - @ConditionalOnMissingBean (types: org.springdoc.webmvc.core.RouterFunctionWebMvcProvider; SearchStrategy: all) did not find any beans (OnBeanCondition)

   SqlInitializationAutoConfiguration matched:
      - @ConditionalOnProperty (spring.sql.init.enabled) matched (OnPropertyCondition)
      - NoneNestedConditions 0 matched 1 did not; NestedCondition on SqlInitializationAutoConfiguration.SqlInitializationModeCondition.ModeIsNever @ConditionalOnProperty (spring.sql.init.mode=never) did not find property 'mode' (SqlInitializationAutoConfiguration.SqlInitializationModeCondition)

   SwaggerConfig matched:
      - found 'session' scope (OnWebApplicationCondition)
      - @ConditionalOnProperty (springdoc.swagger-ui.enabled) matched (OnPropertyCondition)
      - @ConditionalOnBean (types: org.springdoc.core.SpringDocConfiguration; SearchStrategy: all) found bean 'org.springdoc.core.SpringDocConfiguration' (OnBeanCondition)

   SwaggerConfig#indexPageTransformer matched:
      - @ConditionalOnMissingBean (types: org.springdoc.webmvc.ui.SwaggerIndexTransformer; SearchStrategy: all) did not find any beans (OnBeanCondition)

   SwaggerConfig#swaggerConfigResource matched:
      - @ConditionalOnProperty (springdoc.use-management-port=false) matched (OnPropertyCondition)
      - @ConditionalOnMissingBean (types: org.springdoc.webmvc.ui.SwaggerConfigResource; SearchStrategy: all) did not find any beans (OnBeanCondition)

   SwaggerConfig#swaggerResourceResolver matched:
      - @ConditionalOnMissingBean (types: org.springdoc.webmvc.ui.SwaggerResourceResolver; SearchStrategy: all) did not find any beans (OnBeanCondition)

   SwaggerConfig#swaggerWebMvcConfigurer matched:
      - @ConditionalOnMissingBean (types: org.springdoc.webmvc.ui.SwaggerWebMvcConfigurer; SearchStrategy: all) did not find any beans (OnBeanCondition)

   SwaggerConfig#swaggerWelcome matched:
      - @ConditionalOnProperty (springdoc.use-management-port=false) matched (OnPropertyCondition)
      - @ConditionalOnMissingBean (types: org.springdoc.webmvc.ui.SwaggerWelcomeWebMvc; SearchStrategy: all) did not find any beans (OnBeanCondition)

   SwaggerUiConfigParameters matched:
      - @ConditionalOnProperty (springdoc.swagger-ui.enabled) matched (OnPropertyCondition)
      - @ConditionalOnBean (types: org.springdoc.core.SpringDocConfiguration; SearchStrategy: all) found bean 'org.springdoc.core.SpringDocConfiguration' (OnBeanCondition)

   SwaggerUiConfigProperties matched:
      - @ConditionalOnProperty (springdoc.swagger-ui.enabled) matched (OnPropertyCondition)
      - @ConditionalOnBean (types: org.springdoc.core.SpringDocConfiguration; SearchStrategy: all) found bean 'org.springdoc.core.SpringDocConfiguration' (OnBeanCondition)

   SwaggerUiOAuthProperties matched:
      - @ConditionalOnProperty (springdoc.swagger-ui.enabled) matched (OnPropertyCondition)
      - @ConditionalOnBean (types: org.springdoc.core.SpringDocConfiguration; SearchStrategy: all) found bean 'org.springdoc.core.SpringDocConfiguration' (OnBeanCondition)

   TaskExecutionAutoConfiguration matched:
      - @ConditionalOnClass found required class 'org.springframework.scheduling.concurrent.ThreadPoolTaskExecutor' (OnClassCondition)

   TaskExecutionAutoConfiguration#applicationTaskExecutor matched:
      - @ConditionalOnMissingBean (types: java.util.concurrent.Executor; SearchStrategy: all) did not find any beans (OnBeanCondition)

   TaskExecutionAutoConfiguration#taskExecutorBuilder matched:
      - @ConditionalOnMissingBean (types: org.springframework.boot.task.TaskExecutorBuilder; SearchStrategy: all) did not find any beans (OnBeanCondition)

   TaskSchedulingAutoConfiguration matched:
      - @ConditionalOnClass found required class 'org.springframework.scheduling.concurrent.ThreadPoolTaskScheduler' (OnClassCondition)

   TaskSchedulingAutoConfiguration#taskSchedulerBuilder matched:
      - @ConditionalOnMissingBean (types: org.springframework.boot.task.TaskSchedulerBuilder; SearchStrategy: all) did not find any beans (OnBeanCondition)

   TransactionAutoConfiguration matched:
      - @ConditionalOnClass found required class 'org.springframework.transaction.PlatformTransactionManager' (OnClassCondition)

   TransactionAutoConfiguration#platformTransactionManagerCustomizers matched:
      - @ConditionalOnMissingBean (types: org.springframework.boot.autoconfigure.transaction.TransactionManagerCustomizers; SearchStrategy: all) did not find any beans (OnBeanCondition)

   TransactionAutoConfiguration.EnableTransactionManagementConfiguration matched:
      - @ConditionalOnBean (types: org.springframework.transaction.TransactionManager; SearchStrategy: all) found bean 'transactionManager'; @ConditionalOnMissingBean (types: org.springframework.transaction.annotation.AbstractTransactionManagementConfiguration; SearchStrategy: all) did not find any beans (OnBeanCondition)

   TransactionAutoConfiguration.EnableTransactionManagementConfiguration.CglibAutoProxyConfiguration matched:
      - @ConditionalOnProperty (spring.aop.proxy-target-class=true) matched (OnPropertyCondition)

   TransactionAutoConfiguration.TransactionTemplateConfiguration matched:
      - @ConditionalOnSingleCandidate (types: org.springframework.transaction.PlatformTransactionManager; SearchStrategy: all) found a single bean 'transactionManager' (OnBeanCondition)

   TransactionAutoConfiguration.TransactionTemplateConfiguration#transactionTemplate matched:
      - @ConditionalOnMissingBean (types: org.springframework.transaction.support.TransactionOperations; SearchStrategy: all) did not find any beans (OnBeanCondition)

   ValidationAutoConfiguration matched:
      - @ConditionalOnClass found required class 'javax.validation.executable.ExecutableValidator' (OnClassCondition)
      - @ConditionalOnResource found location classpath:META-INF/services/javax.validation.spi.ValidationProvider (OnResourceCondition)

   ValidationAutoConfiguration#defaultValidator matched:
      - @ConditionalOnMissingBean (types: javax.validation.Validator; SearchStrategy: all) did not find any beans (OnBeanCondition)

   ValidationAutoConfiguration#methodValidationPostProcessor matched:
      - @ConditionalOnMissingBean (types: org.springframework.validation.beanvalidation.MethodValidationPostProcessor; SearchStrategy: current) did not find any beans (OnBeanCondition)

   WebMvcAutoConfiguration matched:
      - @ConditionalOnClass found required classes 'javax.servlet.Servlet', 'org.springframework.web.servlet.DispatcherServlet', 'org.springframework.web.servlet.config.annotation.WebMvcConfigurer' (OnClassCondition)
      - found 'session' scope (OnWebApplicationCondition)
      - @ConditionalOnMissingBean (types: org.springframework.web.servlet.config.annotation.WebMvcConfigurationSupport; SearchStrategy: all) did not find any beans (OnBeanCondition)

   WebMvcAutoConfiguration#formContentFilter matched:
      - @ConditionalOnProperty (spring.mvc.formcontent.filter.enabled) matched (OnPropertyCondition)
      - @ConditionalOnMissingBean (types: org.springframework.web.filter.FormContentFilter; SearchStrategy: all) did not find any beans (OnBeanCondition)

   WebMvcAutoConfiguration.EnableWebMvcConfiguration#flashMapManager matched:
      - @ConditionalOnMissingBean (names: flashMapManager; SearchStrategy: all) did not find any beans (OnBeanCondition)

   WebMvcAutoConfiguration.EnableWebMvcConfiguration#localeResolver matched:
      - @ConditionalOnMissingBean (names: localeResolver; SearchStrategy: all) did not find any beans (OnBeanCondition)

   WebMvcAutoConfiguration.EnableWebMvcConfiguration#themeResolver matched:
      - @ConditionalOnMissingBean (names: themeResolver; SearchStrategy: all) did not find any beans (OnBeanCondition)

   WebMvcAutoConfiguration.WebMvcAutoConfigurationAdapter#defaultViewResolver matched:
      - @ConditionalOnMissingBean (types: org.springframework.web.servlet.view.InternalResourceViewResolver; SearchStrategy: all) did not find any beans (OnBeanCondition)

   WebMvcAutoConfiguration.WebMvcAutoConfigurationAdapter#requestContextFilter matched:
      - @ConditionalOnMissingBean (types: org.springframework.web.context.request.RequestContextListener,org.springframework.web.filter.RequestContextFilter; SearchStrategy: all) did not find any beans (OnBeanCondition)

   WebMvcAutoConfiguration.WebMvcAutoConfigurationAdapter#viewResolver matched:
      - @ConditionalOnBean (types: org.springframework.web.servlet.ViewResolver; SearchStrategy: all) found beans 'defaultViewResolver', 'beanNameViewResolver', 'mvcViewResolver'; @ConditionalOnMissingBean (names: viewResolver types: org.springframework.web.servlet.view.ContentNegotiatingViewResolver; SearchStrategy: all) did not find any beans (OnBeanCondition)

   WebSocketServletAutoConfiguration matched:
      - @ConditionalOnClass found required classes 'javax.servlet.Servlet', 'javax.websocket.server.ServerContainer' (OnClassCondition)
      - found 'session' scope (OnWebApplicationCondition)

   WebSocketServletAutoConfiguration.TomcatWebSocketConfiguration matched:
      - @ConditionalOnClass found required classes 'org.apache.catalina.startup.Tomcat', 'org.apache.tomcat.websocket.server.WsSci' (OnClassCondition)

   WebSocketServletAutoConfiguration.TomcatWebSocketConfiguration#websocketServletWebServerCustomizer matched:
      - @ConditionalOnMissingBean (names: websocketServletWebServerCustomizer; SearchStrategy: all) did not find any beans (OnBeanCondition)


Negative matches:
-----------------

   ActiveMQAutoConfiguration:
      Did not match:
         - @ConditionalOnClass did not find required class 'javax.jms.ConnectionFactory' (OnClassCondition)

   AopAutoConfiguration.AspectJAutoProxyingConfiguration:
      Did not match:
         - @ConditionalOnClass did not find required class 'org.aspectj.weaver.Advice' (OnClassCondition)

   ArtemisAutoConfiguration:
      Did not match:
         - @ConditionalOnClass did not find required class 'javax.jms.ConnectionFactory' (OnClassCondition)

   BatchAutoConfiguration:
      Did not match:
         - @ConditionalOnClass did not find required class 'org.springframework.batch.core.launch.JobLauncher' (OnClassCondition)

   Cache2kCacheConfiguration:
      Did not match:
         - @ConditionalOnClass did not find required class 'org.cache2k.Cache2kBuilder' (OnClassCondition)

   CacheAutoConfiguration:
      Did not match:
         - @ConditionalOnBean (types: org.springframework.cache.interceptor.CacheAspectSupport; SearchStrategy: all) did not find any beans of type org.springframework.cache.interceptor.CacheAspectSupport (OnBeanCondition)
      Matched:
         - @ConditionalOnClass found required class 'org.springframework.cache.CacheManager' (OnClassCondition)

   CacheAutoConfiguration.CacheManagerEntityManagerFactoryDependsOnPostProcessor:
      Did not match:
         - @ConditionalOnClass did not find required class 'org.springframework.orm.jpa.LocalContainerEntityManagerFactoryBean' (OnClassCondition)
         - Ancestor org.springframework.boot.autoconfigure.cache.CacheAutoConfiguration did not match (ConditionEvaluationReport.AncestorsMatchedCondition)

   CaffeineCacheConfiguration:
      Did not match:
         - @ConditionalOnClass did not find required class 'com.github.benmanes.caffeine.cache.Caffeine' (OnClassCondition)

   CassandraAutoConfiguration:
      Did not match:
         - @ConditionalOnClass did not find required class 'com.datastax.oss.driver.api.core.CqlSession' (OnClassCondition)

   CassandraDataAutoConfiguration:
      Did not match:
         - @ConditionalOnClass did not find required class 'com.datastax.oss.driver.api.core.CqlSession' (OnClassCondition)

   CassandraReactiveDataAutoConfiguration:
      Did not match:
         - @ConditionalOnClass did not find required class 'com.datastax.oss.driver.api.core.CqlSession' (OnClassCondition)

   CassandraReactiveRepositoriesAutoConfiguration:
      Did not match:
         - @ConditionalOnClass did not find required class 'org.springframework.data.cassandra.ReactiveSession' (OnClassCondition)

   CassandraRepositoriesAutoConfiguration:
      Did not match:
         - @ConditionalOnClass did not find required class 'com.datastax.oss.driver.api.core.CqlSession' (OnClassCondition)

   ClientHttpConnectorAutoConfiguration:
      Did not match:
         - @ConditionalOnClass did not find required class 'org.springframework.web.reactive.function.client.WebClient' (OnClassCondition)

   CodecsAutoConfiguration:
      Did not match:
         - @ConditionalOnClass did not find required class 'org.springframework.web.reactive.function.client.WebClient' (OnClassCondition)

   CouchbaseAutoConfiguration:
      Did not match:
         - @ConditionalOnClass did not find required class 'com.couchbase.client.java.Cluster' (OnClassCondition)

   CouchbaseCacheConfiguration:
      Did not match:
         - @ConditionalOnClass did not find required class 'com.couchbase.client.java.Cluster' (OnClassCondition)

   CouchbaseDataAutoConfiguration:
      Did not match:
         - @ConditionalOnClass did not find required class 'com.couchbase.client.java.Bucket' (OnClassCondition)

   CouchbaseReactiveDataAutoConfiguration:
      Did not match:
         - @ConditionalOnClass did not find required class 'com.couchbase.client.java.Cluster' (OnClassCondition)

   CouchbaseReactiveRepositoriesAutoConfiguration:
      Did not match:
         - @ConditionalOnClass did not find required class 'com.couchbase.client.java.Cluster' (OnClassCondition)

   CouchbaseRepositoriesAutoConfiguration:
      Did not match:
         - @ConditionalOnClass did not find required class 'com.couchbase.client.java.Bucket' (OnClassCondition)

   DataSourceAutoConfiguration.EmbeddedDatabaseConfiguration:
      Did not match:
         - EmbeddedDataSource spring.datasource.url is set (DataSourceAutoConfiguration.EmbeddedDatabaseCondition)

   DataSourceConfiguration.Dbcp2:
      Did not match:
         - @ConditionalOnClass did not find required class 'org.apache.commons.dbcp2.BasicDataSource' (OnClassCondition)

   DataSourceConfiguration.Generic:
      Did not match:
         - @ConditionalOnProperty (spring.datasource.type) did not find property 'spring.datasource.type' (OnPropertyCondition)

   DataSourceConfiguration.OracleUcp:
      Did not match:
         - @ConditionalOnClass did not find required classes 'oracle.ucp.jdbc.PoolDataSourceImpl', 'oracle.jdbc.OracleConnection' (OnClassCondition)

   DataSourceConfiguration.Tomcat:
      Did not match:
         - @ConditionalOnClass did not find required class 'org.apache.tomcat.jdbc.pool.DataSource' (OnClassCondition)

   DataSourceJmxConfiguration.TomcatDataSourceJmxConfiguration:
      Did not match:
         - @ConditionalOnClass did not find required class 'org.apache.tomcat.jdbc.pool.DataSourceProxy' (OnClassCondition)

   DataSourcePoolMetadataProvidersConfiguration.CommonsDbcp2PoolDataSourceMetadataProviderConfiguration:
      Did not match:
         - @ConditionalOnClass did not find required class 'org.apache.commons.dbcp2.BasicDataSource' (OnClassCondition)

   DataSourcePoolMetadataProvidersConfiguration.OracleUcpPoolDataSourceMetadataProviderConfiguration:
      Did not match:
         - @ConditionalOnClass did not find required classes 'oracle.ucp.jdbc.PoolDataSource', 'oracle.jdbc.OracleConnection' (OnClassCondition)

   DataSourcePoolMetadataProvidersConfiguration.TomcatDataSourcePoolMetadataProviderConfiguration:
      Did not match:
         - @ConditionalOnClass did not find required class 'org.apache.tomcat.jdbc.pool.DataSource' (OnClassCondition)

   DispatcherServletAutoConfiguration.DispatcherServletConfiguration#multipartResolver:
      Did not match:
         - @ConditionalOnBean (types: org.springframework.web.multipart.MultipartResolver; SearchStrategy: all) did not find any beans of type org.springframework.web.multipart.MultipartResolver (OnBeanCondition)

   EhCacheCacheConfiguration:
      Did not match:
         - @ConditionalOnClass did not find required class 'net.sf.ehcache.Cache' (OnClassCondition)

   ElasticsearchDataAutoConfiguration:
      Did not match:
         - @ConditionalOnClass did not find required class 'org.springframework.data.elasticsearch.core.ElasticsearchRestTemplate' (OnClassCondition)

   ElasticsearchRepositoriesAutoConfiguration:
      Did not match:
         - @ConditionalOnClass did not find required class 'org.elasticsearch.client.Client' (OnClassCondition)

   ElasticsearchRestClientAutoConfiguration:
      Did not match:
         - @ConditionalOnClass did not find required class 'org.elasticsearch.client.RestClientBuilder' (OnClassCondition)

   EmbeddedLdapAutoConfiguration:
      Did not match:
         - @ConditionalOnClass did not find required class 'com.unboundid.ldap.listener.InMemoryDirectoryServer' (OnClassCondition)

   EmbeddedMongoAutoConfiguration:
      Did not match:
         - @ConditionalOnClass did not find required class 'com.mongodb.MongoClientSettings' (OnClassCondition)

   EmbeddedWebServerFactoryCustomizerAutoConfiguration.JettyWebServerFactoryCustomizerConfiguration:
      Did not match:
         - @ConditionalOnClass did not find required classes 'org.eclipse.jetty.server.Server', 'org.eclipse.jetty.util.Loader', 'org.eclipse.jetty.webapp.WebAppContext' (OnClassCondition)

   EmbeddedWebServerFactoryCustomizerAutoConfiguration.NettyWebServerFactoryCustomizerConfiguration:
      Did not match:
         - @ConditionalOnClass did not find required class 'reactor.netty.http.server.HttpServer' (OnClassCondition)

   EmbeddedWebServerFactoryCustomizerAutoConfiguration.UndertowWebServerFactoryCustomizerConfiguration:
      Did not match:
         - @ConditionalOnClass did not find required classes 'io.undertow.Undertow', 'org.xnio.SslClientAuthMode' (OnClassCondition)

   ErrorWebFluxAutoConfiguration:
      Did not match:
         - @ConditionalOnClass did not find required class 'org.springframework.web.reactive.config.WebFluxConfigurer' (OnClassCondition)

   FlywayAutoConfiguration:
      Did not match:
         - @ConditionalOnClass did not find required class 'org.flywaydb.core.Flyway' (OnClassCondition)

   FreeMarkerAutoConfiguration:
      Did not match:
         - @ConditionalOnClass did not find required class 'freemarker.template.Configuration' (OnClassCondition)

   GraphQlAutoConfiguration:
      Did not match:
         - @ConditionalOnClass did not find required class 'graphql.GraphQL' (OnClassCondition)

   GraphQlQueryByExampleAutoConfiguration:
      Did not match:
         - @ConditionalOnClass did not find required class 'graphql.GraphQL' (OnClassCondition)

   GraphQlQuerydslAutoConfiguration:
      Did not match:
         - @ConditionalOnClass did not find required class 'graphql.GraphQL' (OnClassCondition)

   GraphQlRSocketAutoConfiguration:
      Did not match:
         - @ConditionalOnClass did not find required class 'graphql.GraphQL' (OnClassCondition)

   GraphQlReactiveQueryByExampleAutoConfiguration:
      Did not match:
         - @ConditionalOnClass did not find required class 'graphql.GraphQL' (OnClassCondition)

   GraphQlReactiveQuerydslAutoConfiguration:
      Did not match:
         - @ConditionalOnClass did not find required class 'graphql.GraphQL' (OnClassCondition)

   GraphQlWebFluxAutoConfiguration:
      Did not match:
         - @ConditionalOnClass did not find required class 'graphql.GraphQL' (OnClassCondition)

   GraphQlWebFluxSecurityAutoConfiguration:
      Did not match:
         - @ConditionalOnClass did not find required class 'graphql.GraphQL' (OnClassCondition)

   GraphQlWebMvcAutoConfiguration:
      Did not match:
         - @ConditionalOnClass did not find required class 'graphql.GraphQL' (OnClassCondition)

   GraphQlWebMvcSecurityAutoConfiguration:
      Did not match:
         - @ConditionalOnClass did not find required class 'graphql.GraphQL' (OnClassCondition)

   GroovyTemplateAutoConfiguration:
      Did not match:
         - @ConditionalOnClass did not find required class 'groovy.text.markup.MarkupTemplateEngine' (OnClassCondition)

   GsonAutoConfiguration:
      Did not match:
         - @ConditionalOnClass did not find required class 'com.google.gson.Gson' (OnClassCondition)

   GsonHttpMessageConvertersConfiguration:
      Did not match:
         - @ConditionalOnClass did not find required class 'com.google.gson.Gson' (OnClassCondition)

   H2ConsoleAutoConfiguration:
      Did not match:
         - @ConditionalOnClass did not find required class 'org.h2.server.web.WebServlet' (OnClassCondition)

   HazelcastAutoConfiguration:
      Did not match:
         - @ConditionalOnClass did not find required class 'com.hazelcast.core.HazelcastInstance' (OnClassCondition)

   HazelcastCacheConfiguration:
      Did not match:
         - @ConditionalOnClass did not find required class 'com.hazelcast.core.HazelcastInstance' (OnClassCondition)

   HazelcastJpaDependencyAutoConfiguration:
      Did not match:
         - @ConditionalOnClass did not find required class 'com.hazelcast.core.HazelcastInstance' (OnClassCondition)

   HibernateJpaAutoConfiguration:
      Did not match:
         - @ConditionalOnClass did not find required class 'javax.persistence.EntityManager' (OnClassCondition)

   HttpHandlerAutoConfiguration:
      Did not match:
         - @ConditionalOnClass did not find required class 'org.springframework.web.reactive.DispatcherHandler' (OnClassCondition)

   HypermediaAutoConfiguration:
      Did not match:
         - @ConditionalOnClass did not find required class 'org.springframework.hateoas.EntityModel' (OnClassCondition)

   InfinispanCacheConfiguration:
      Did not match:
         - @ConditionalOnClass did not find required class 'org.infinispan.spring.embedded.provider.SpringEmbeddedCacheManager' (OnClassCondition)

   InfluxDbAutoConfiguration:
      Did not match:
         - @ConditionalOnClass did not find required class 'org.influxdb.InfluxDB' (OnClassCondition)

   IntegrationAutoConfiguration:
      Did not match:
         - @ConditionalOnClass did not find required class 'org.springframework.integration.config.EnableIntegration' (OnClassCondition)

   JCacheCacheConfiguration:
      Did not match:
         - @ConditionalOnClass did not find required class 'javax.cache.Caching' (OnClassCondition)

   JacksonHttpMessageConvertersConfiguration.MappingJackson2XmlHttpMessageConverterConfiguration:
      Did not match:
         - @ConditionalOnClass did not find required class 'com.fasterxml.jackson.dataformat.xml.XmlMapper' (OnClassCondition)

   JdbcRepositoriesAutoConfiguration:
      Did not match:
         - @ConditionalOnClass did not find required class 'org.springframework.data.jdbc.repository.config.AbstractJdbcConfiguration' (OnClassCondition)

   JdbcTemplateConfiguration:
      Did not match:
         - @ConditionalOnMissingBean (types: org.springframework.jdbc.core.JdbcOperations; SearchStrategy: all) found beans of type 'org.springframework.jdbc.core.JdbcOperations' jdbcTemplate, centralJdbcTemplate, tigohogarJdbcTemplate (OnBeanCondition)

   JerseyAutoConfiguration:
      Did not match:
         - @ConditionalOnClass did not find required class 'org.glassfish.jersey.server.spring.SpringComponentProvider' (OnClassCondition)

   JmsAutoConfiguration:
      Did not match:
         - @ConditionalOnClass did not find required class 'javax.jms.Message' (OnClassCondition)

   JmxAutoConfiguration:
      Did not match:
         - @ConditionalOnProperty (spring.jmx.enabled=true) did not find property 'enabled' (OnPropertyCondition)
      Matched:
         - @ConditionalOnClass found required class 'org.springframework.jmx.export.MBeanExporter' (OnClassCondition)

   JndiConnectionFactoryAutoConfiguration:
      Did not match:
         - @ConditionalOnClass did not find required class 'org.springframework.jms.core.JmsTemplate' (OnClassCondition)

   JndiDataSourceAutoConfiguration:
      Did not match:
         - @ConditionalOnProperty (spring.datasource.jndi-name) did not find property 'jndi-name' (OnPropertyCondition)
      Matched:
         - @ConditionalOnClass found required classes 'javax.sql.DataSource', 'org.springframework.jdbc.datasource.embedded.EmbeddedDatabaseType' (OnClassCondition)

   JooqAutoConfiguration:
      Did not match:
         - @ConditionalOnClass did not find required class 'org.jooq.DSLContext' (OnClassCondition)

   JpaRepositoriesAutoConfiguration:
      Did not match:
         - @ConditionalOnClass did not find required class 'org.springframework.data.jpa.repository.JpaRepository' (OnClassCondition)

   JsonbAutoConfiguration:
      Did not match:
         - @ConditionalOnClass did not find required class 'javax.json.bind.Jsonb' (OnClassCondition)

   JsonbHttpMessageConvertersConfiguration:
      Did not match:
         - @ConditionalOnClass did not find required class 'javax.json.bind.Jsonb' (OnClassCondition)

   JtaAutoConfiguration:
      Did not match:
         - @ConditionalOnClass did not find required class 'javax.transaction.Transaction' (OnClassCondition)

   KafkaAutoConfiguration:
      Did not match:
         - @ConditionalOnClass did not find required class 'org.springframework.kafka.core.KafkaTemplate' (OnClassCondition)

   LdapAutoConfiguration:
      Did not match:
         - @ConditionalOnClass did not find required class 'org.springframework.ldap.core.ContextSource' (OnClassCondition)

   LdapRepositoriesAutoConfiguration:
      Did not match:
         - @ConditionalOnClass did not find required class 'org.springframework.data.ldap.repository.LdapRepository' (OnClassCondition)

   LiquibaseAutoConfiguration:
      Did not match:
         - @ConditionalOnClass did not find required class 'liquibase.change.DatabaseChange' (OnClassCondition)

   MailSenderJndiConfiguration:
      Did not match:
         - @ConditionalOnProperty (spring.mail.jndi-name) did not find property 'jndi-name' (OnPropertyCondition)
      Matched:
         - @ConditionalOnClass found required class 'javax.mail.Session' (OnClassCondition)

   MailSenderValidatorAutoConfiguration:
      Did not match:
         - @ConditionalOnProperty (spring.mail.test-connection) did not find property 'test-connection' (OnPropertyCondition)

   MessageSourceAutoConfiguration:
      Did not match:
         - ResourceBundle did not find bundle with basename messages (MessageSourceAutoConfiguration.ResourceBundleCondition)

   MongoAutoConfiguration:
      Did not match:
         - @ConditionalOnClass did not find required class 'com.mongodb.client.MongoClient' (OnClassCondition)

   MongoDataAutoConfiguration:
      Did not match:
         - @ConditionalOnClass did not find required class 'com.mongodb.client.MongoClient' (OnClassCondition)

   MongoReactiveAutoConfiguration:
      Did not match:
         - @ConditionalOnClass did not find required class 'com.mongodb.reactivestreams.client.MongoClient' (OnClassCondition)

   MongoReactiveDataAutoConfiguration:
      Did not match:
         - @ConditionalOnClass did not find required class 'com.mongodb.reactivestreams.client.MongoClient' (OnClassCondition)

   MongoReactiveRepositoriesAutoConfiguration:
      Did not match:
         - @ConditionalOnClass did not find required class 'com.mongodb.reactivestreams.client.MongoClient' (OnClassCondition)

   MongoRepositoriesAutoConfiguration:
      Did not match:
         - @ConditionalOnClass did not find required class 'com.mongodb.client.MongoClient' (OnClassCondition)

   MultipleOpenApiSupportConfiguration:
      Did not match:
         - AnyNestedCondition 0 matched 2 did not; NestedCondition on MultipleOpenApiSupportCondition.OnActuatorDifferentPort @ConditionalOnProperty (springdoc.show-actuator) did not find property 'springdoc.show-actuator'; NestedCondition on MultipleOpenApiSupportCondition.OnMultipleOpenApiSupportCondition AnyNestedCondition 0 matched 2 did not; NestedCondition on MultipleOpenApiGroupsCondition.OnGroupConfigProperty @ConditionalOnProperty (springdoc.group-configs[0].group) did not find property 'springdoc.group-configs[0].group'; NestedCondition on MultipleOpenApiGroupsCondition.OnGroupedOpenApiBean @ConditionalOnBean (types: org.springdoc.core.GroupedOpenApi; SearchStrategy: all) did not find any beans of type org.springdoc.core.GroupedOpenApi (MultipleOpenApiSupportCondition)
      Matched:
         - found 'session' scope (OnWebApplicationCondition)
         - @ConditionalOnProperty (springdoc.api-docs.enabled) matched (OnPropertyCondition)

   MultipleOpenApiSupportConfiguration.SpringDocWebMvcActuatorDifferentConfiguration:
      Did not match:
         - @ConditionalOnClass did not find required class 'org.springframework.boot.actuate.endpoint.web.servlet.WebMvcEndpointHandlerMapping' (OnClassCondition)
         - Ancestor org.springdoc.webmvc.core.MultipleOpenApiSupportConfiguration did not match (ConditionEvaluationReport.AncestorsMatchedCondition)

   MustacheAutoConfiguration:
      Did not match:
         - @ConditionalOnClass did not find required class 'com.samskivert.mustache.Mustache' (OnClassCondition)

   Neo4jAutoConfiguration:
      Did not match:
         - @ConditionalOnClass did not find required class 'org.neo4j.driver.Driver' (OnClassCondition)

   Neo4jDataAutoConfiguration:
      Did not match:
         - @ConditionalOnClass did not find required class 'org.neo4j.driver.Driver' (OnClassCondition)

   Neo4jReactiveDataAutoConfiguration:
      Did not match:
         - @ConditionalOnClass did not find required class 'org.neo4j.driver.Driver' (OnClassCondition)

   Neo4jReactiveRepositoriesAutoConfiguration:
      Did not match:
         - @ConditionalOnClass did not find required class 'org.neo4j.driver.Driver' (OnClassCondition)

   Neo4jRepositoriesAutoConfiguration:
      Did not match:
         - @ConditionalOnClass did not find required class 'org.neo4j.driver.Driver' (OnClassCondition)

   NettyAutoConfiguration:
      Did not match:
         - @ConditionalOnClass did not find required class 'io.netty.util.NettyRuntime' (OnClassCondition)

   OAuth2ClientAutoConfiguration:
      Did not match:
         - @ConditionalOnClass did not find required class 'org.springframework.security.config.annotation.web.configuration.EnableWebSecurity' (OnClassCondition)

   OAuth2ResourceServerAutoConfiguration:
      Did not match:
         - @ConditionalOnClass did not find required class 'org.springframework.security.oauth2.server.resource.BearerTokenAuthenticationToken' (OnClassCondition)

   ProjectInfoAutoConfiguration#buildProperties:
      Did not match:
         - @ConditionalOnResource did not find resource '${spring.info.build.location:classpath:META-INF/build-info.properties}' (OnResourceCondition)

   ProjectInfoAutoConfiguration#gitProperties:
      Did not match:
         - GitResource did not find git info at classpath:git.properties (ProjectInfoAutoConfiguration.GitResourceAvailableCondition)

   QuartzAutoConfiguration:
      Did not match:
         - @ConditionalOnClass did not find required class 'org.quartz.Scheduler' (OnClassCondition)

   R2dbcAutoConfiguration:
      Did not match:
         - @ConditionalOnClass did not find required class 'io.r2dbc.spi.ConnectionFactory' (OnClassCondition)

   R2dbcDataAutoConfiguration:
      Did not match:
         - @ConditionalOnClass did not find required class 'org.springframework.data.r2dbc.core.R2dbcEntityTemplate' (OnClassCondition)

   R2dbcInitializationConfiguration:
      Did not match:
         - @ConditionalOnClass did not find required classes 'io.r2dbc.spi.ConnectionFactory', 'org.springframework.r2dbc.connection.init.DatabasePopulator' (OnClassCondition)

   R2dbcRepositoriesAutoConfiguration:
      Did not match:
         - @ConditionalOnClass did not find required class 'io.r2dbc.spi.ConnectionFactory' (OnClassCondition)

   R2dbcTransactionManagerAutoConfiguration:
      Did not match:
         - @ConditionalOnClass did not find required class 'org.springframework.r2dbc.connection.R2dbcTransactionManager' (OnClassCondition)

   RSocketGraphQlClientAutoConfiguration:
      Did not match:
         - @ConditionalOnClass did not find required class 'graphql.GraphQL' (OnClassCondition)

   RSocketMessagingAutoConfiguration:
      Did not match:
         - @ConditionalOnClass did not find required class 'io.rsocket.RSocket' (OnClassCondition)

   RSocketRequesterAutoConfiguration:
      Did not match:
         - @ConditionalOnClass did not find required class 'io.rsocket.RSocket' (OnClassCondition)

   RSocketSecurityAutoConfiguration:
      Did not match:
         - @ConditionalOnClass did not find required class 'org.springframework.security.rsocket.core.SecuritySocketAcceptorInterceptor' (OnClassCondition)

   RSocketServerAutoConfiguration:
      Did not match:
         - @ConditionalOnClass did not find required class 'io.rsocket.core.RSocketServer' (OnClassCondition)

   RSocketStrategiesAutoConfiguration:
      Did not match:
         - @ConditionalOnClass did not find required class 'io.netty.buffer.PooledByteBufAllocator' (OnClassCondition)

   RabbitAutoConfiguration:
      Did not match:
         - @ConditionalOnClass did not find required class 'com.rabbitmq.client.Channel' (OnClassCondition)

   ReactiveElasticsearchRepositoriesAutoConfiguration:
      Did not match:
         - @ConditionalOnClass did not find required class 'org.springframework.data.elasticsearch.client.reactive.ReactiveElasticsearchClient' (OnClassCondition)

   ReactiveElasticsearchRestClientAutoConfiguration:
      Did not match:
         - @ConditionalOnClass did not find required class 'reactor.netty.http.client.HttpClient' (OnClassCondition)

   ReactiveMultipartAutoConfiguration:
      Did not match:
         - @ConditionalOnClass did not find required class 'org.springframework.web.reactive.config.WebFluxConfigurer' (OnClassCondition)

   ReactiveOAuth2ClientAutoConfiguration:
      Did not match:
         - @ConditionalOnClass did not find required class 'reactor.core.publisher.Flux' (OnClassCondition)

   ReactiveOAuth2ResourceServerAutoConfiguration:
      Did not match:
         - @ConditionalOnClass did not find required class 'org.springframework.security.config.annotation.web.reactive.EnableWebFluxSecurity' (OnClassCondition)

   ReactiveSecurityAutoConfiguration:
      Did not match:
         - @ConditionalOnClass did not find required class 'reactor.core.publisher.Flux' (OnClassCondition)

   ReactiveUserDetailsServiceAutoConfiguration:
      Did not match:
         - @ConditionalOnClass did not find required class 'org.springframework.security.authentication.ReactiveAuthenticationManager' (OnClassCondition)

   ReactiveWebServerFactoryAutoConfiguration:
      Did not match:
         - @ConditionalOnWebApplication did not find reactive web application classes (OnWebApplicationCondition)

   RedisAutoConfiguration:
      Did not match:
         - @ConditionalOnClass did not find required class 'org.springframework.data.redis.core.RedisOperations' (OnClassCondition)

   RedisCacheConfiguration:
      Did not match:
         - @ConditionalOnClass did not find required class 'org.springframework.data.redis.connection.RedisConnectionFactory' (OnClassCondition)

   RedisReactiveAutoConfiguration:
      Did not match:
         - @ConditionalOnClass did not find required class 'reactor.core.publisher.Flux' (OnClassCondition)

   RedisRepositoriesAutoConfiguration:
      Did not match:
         - @ConditionalOnClass did not find required class 'org.springframework.data.redis.repository.configuration.EnableRedisRepositories' (OnClassCondition)

   RepositoryRestMvcAutoConfiguration:
      Did not match:
         - @ConditionalOnClass did not find required class 'org.springframework.data.rest.webmvc.config.RepositoryRestMvcConfiguration' (OnClassCondition)

   Saml2RelyingPartyAutoConfiguration:
      Did not match:
         - @ConditionalOnClass did not find required class 'org.springframework.security.saml2.provider.service.registration.RelyingPartyRegistrationRepository' (OnClassCondition)

   SecurityAutoConfiguration:
      Did not match:
         - @ConditionalOnClass did not find required class 'org.springframework.security.authentication.DefaultAuthenticationEventPublisher' (OnClassCondition)

   SecurityFilterAutoConfiguration:
      Did not match:
         - @ConditionalOnClass did not find required class 'org.springframework.security.config.http.SessionCreationPolicy' (OnClassCondition)

   SendGridAutoConfiguration:
      Did not match:
         - @ConditionalOnClass did not find required class 'com.sendgrid.SendGrid' (OnClassCondition)

   ServletWebServerFactoryAutoConfiguration.ForwardedHeaderFilterConfiguration:
      Did not match:
         - @ConditionalOnProperty (server.forward-headers-strategy=framework) did not find property 'server.forward-headers-strategy' (OnPropertyCondition)

   ServletWebServerFactoryConfiguration.EmbeddedJetty:
      Did not match:
         - @ConditionalOnClass did not find required classes 'org.eclipse.jetty.server.Server', 'org.eclipse.jetty.util.Loader', 'org.eclipse.jetty.webapp.WebAppContext' (OnClassCondition)

   ServletWebServerFactoryConfiguration.EmbeddedUndertow:
      Did not match:
         - @ConditionalOnClass did not find required classes 'io.undertow.Undertow', 'org.xnio.SslClientAuthMode' (OnClassCondition)

   SessionAutoConfiguration:
      Did not match:
         - @ConditionalOnClass did not find required class 'org.springframework.session.Session' (OnClassCondition)

   SolrAutoConfiguration:
      Did not match:
         - @ConditionalOnClass did not find required class 'org.apache.solr.client.solrj.impl.CloudSolrClient' (OnClassCondition)

   SpringApplicationAdminJmxAutoConfiguration:
      Did not match:
         - @ConditionalOnProperty (spring.application.admin.enabled=true) did not find property 'enabled' (OnPropertyCondition)

   SpringDataWebAutoConfiguration:
      Did not match:
         - @ConditionalOnClass did not find required class 'org.springframework.data.web.PageableHandlerMethodArgumentResolver' (OnClassCondition)

   SpringDocConfiguration#propertiesResolverForSchema:
      Did not match:
         - @ConditionalOnProperty (springdoc.api-docs.resolve-schema-properties) did not find property 'springdoc.api-docs.resolve-schema-properties' (OnPropertyCondition)

   SpringDocConfiguration#propertyCustomizingConverter:
      Did not match:
         - @ConditionalOnBean (types: org.springdoc.core.customizers.PropertyCustomizer; SearchStrategy: all) did not find any beans of type org.springdoc.core.customizers.PropertyCustomizer (OnBeanCondition)

   SpringDocConfiguration#springdocBeanFactoryPostProcessor:
      Did not match:
         - AnyNestedCondition 0 matched 2 did not; NestedCondition on CacheOrGroupedOpenApiCondition.OnCacheDisabled found non-matching nested conditions @ConditionalOnProperty (springdoc.cache.disabled) did not find property 'springdoc.cache.disabled'; NestedCondition on CacheOrGroupedOpenApiCondition.OnMultipleOpenApiSupportCondition AnyNestedCondition 0 matched 2 did not; NestedCondition on MultipleOpenApiSupportCondition.OnActuatorDifferentPort @ConditionalOnProperty (springdoc.show-actuator) did not find property 'springdoc.show-actuator'; NestedCondition on MultipleOpenApiSupportCondition.OnMultipleOpenApiSupportCondition AnyNestedCondition 0 matched 2 did not; NestedCondition on MultipleOpenApiGroupsCondition.OnGroupConfigProperty @ConditionalOnProperty (springdoc.group-configs[0].group) did not find property 'springdoc.group-configs[0].group'; NestedCondition on MultipleOpenApiGroupsCondition.OnGroupedOpenApiBean @ConditionalOnBean (types: org.springdoc.core.GroupedOpenApi; SearchStrategy: all) did not find any beans of type org.springdoc.core.GroupedOpenApi (CacheOrGroupedOpenApiCondition)
      Matched:
         - @ConditionalOnClass found required class 'org.springframework.boot.context.properties.bind.BindResult' (OnClassCondition)

   SpringDocConfiguration#springdocBeanFactoryPostProcessor2:
      Did not match:
         - @ConditionalOnMissingClass found unwanted class 'org.springframework.boot.context.properties.bind.BindResult' (OnClassCondition)

   SpringDocConfiguration.SpringDocActuatorConfiguration:
      Did not match:
         - @ConditionalOnClass did not find required class 'org.springframework.boot.actuate.autoconfigure.endpoint.web.WebEndpointProperties' (OnClassCondition)

   SpringDocConfiguration.SpringDocFunctionCatalogConfiguration:
      Did not match:
         - @ConditionalOnClass did not find required class 'org.springframework.cloud.function.web.function.FunctionEndpointInitializer' (OnClassCondition)

   SpringDocConfiguration.SpringDocPageableConfiguration:
      Did not match:
         - @ConditionalOnClass did not find required class 'org.springframework.data.domain.Pageable' (OnClassCondition)

   SpringDocConfiguration.SpringDocRepositoryRestConfiguration:
      Did not match:
         - @ConditionalOnClass did not find required class 'org.springframework.data.rest.core.config.RepositoryRestConfiguration' (OnClassCondition)

   SpringDocConfiguration.SpringDocSortConfiguration:
      Did not match:
         - @ConditionalOnClass did not find required class 'org.springframework.data.domain.Sort' (OnClassCondition)

   SpringDocConfiguration.SpringDocWebFluxSupportConfiguration:
      Did not match:
         - @ConditionalOnClass did not find required class 'reactor.core.publisher.Flux' (OnClassCondition)

   SpringDocWebMvcConfiguration.SpringDocWebMvcActuatorConfiguration:
      Did not match:
         - @ConditionalOnClass did not find required class 'org.springframework.boot.actuate.endpoint.web.servlet.WebMvcEndpointHandlerMapping' (OnClassCondition)

   SwaggerConfig#springWebProvider:
      Did not match:
         - @ConditionalOnMissingBean (types: org.springdoc.core.providers.SpringWebProvider; SearchStrategy: all) found beans of type 'org.springdoc.core.providers.SpringWebProvider' springWebProvider (OnBeanCondition)

   SwaggerConfig#swaggerUiConfigParameters:
      Did not match:
         - @ConditionalOnMissingBean (types: org.springdoc.core.SwaggerUiConfigParameters; SearchStrategy: all) found beans of type 'org.springdoc.core.SwaggerUiConfigParameters' org.springdoc.core.SwaggerUiConfigParameters (OnBeanCondition)

   SwaggerConfig#swaggerUiHome:
      Did not match:
         - @ConditionalOnProperty (springdoc.swagger-ui.use-root-path=true) did not find property 'springdoc.swagger-ui.use-root-path' (OnPropertyCondition)

   SwaggerConfig.SwaggerActuatorWelcomeConfiguration:
      Did not match:
         - @ConditionalOnClass did not find required class 'org.springframework.boot.actuate.endpoint.web.servlet.WebMvcEndpointHandlerMapping' (OnClassCondition)

   TaskSchedulingAutoConfiguration#scheduledBeanLazyInitializationExcludeFilter:
      Did not match:
         - @ConditionalOnBean (names: org.springframework.context.annotation.internalScheduledAnnotationProcessor; SearchStrategy: all) did not find any beans named org.springframework.context.annotation.internalScheduledAnnotationProcessor (OnBeanCondition)

   TaskSchedulingAutoConfiguration#taskScheduler:
      Did not match:
         - @ConditionalOnBean (names: org.springframework.context.annotation.internalScheduledAnnotationProcessor; SearchStrategy: all) did not find any beans named org.springframework.context.annotation.internalScheduledAnnotationProcessor (OnBeanCondition)

   ThymeleafAutoConfiguration:
      Did not match:
         - @ConditionalOnClass did not find required class 'org.thymeleaf.spring5.SpringTemplateEngine' (OnClassCondition)

   TransactionAutoConfiguration#transactionalOperator:
      Did not match:
         - @ConditionalOnSingleCandidate (types: org.springframework.transaction.ReactiveTransactionManager; SearchStrategy: all) did not find any beans (OnBeanCondition)

   TransactionAutoConfiguration.AspectJTransactionManagementConfiguration:
      Did not match:
         - @ConditionalOnBean did not find required type 'org.springframework.transaction.aspectj.AbstractTransactionAspect' (OnBeanCondition)
         - @ConditionalOnBean (types: org.springframework.transaction.aspectj.AbstractTransactionAspect; SearchStrategy: all) did not find any beans of type org.springframework.transaction.aspectj.AbstractTransactionAspect (OnBeanCondition)

   TransactionAutoConfiguration.EnableTransactionManagementConfiguration.JdkDynamicAutoProxyConfiguration:
      Did not match:
         - @ConditionalOnProperty (spring.aop.proxy-target-class=false) did not find property 'proxy-target-class' (OnPropertyCondition)

   UserDetailsServiceAutoConfiguration:
      Did not match:
         - @ConditionalOnClass did not find required class 'org.springframework.security.authentication.AuthenticationManager' (OnClassCondition)

   WebClientAutoConfiguration:
      Did not match:
         - @ConditionalOnClass did not find required class 'org.springframework.web.reactive.function.client.WebClient' (OnClassCondition)

   WebFluxAutoConfiguration:
      Did not match:
         - @ConditionalOnClass did not find required class 'org.springframework.web.reactive.config.WebFluxConfigurer' (OnClassCondition)

   WebMvcAutoConfiguration#hiddenHttpMethodFilter:
      Did not match:
         - @ConditionalOnProperty (spring.mvc.hiddenmethod.filter.enabled) did not find property 'enabled' (OnPropertyCondition)

   WebMvcAutoConfiguration.ResourceChainCustomizerConfiguration:
      Did not match:
         - @ConditionalOnEnabledResourceChain did not find class org.webjars.WebJarAssetLocator (OnEnabledResourceChainCondition)

   WebMvcAutoConfiguration.WebMvcAutoConfigurationAdapter#beanNameViewResolver:
      Did not match:
         - @ConditionalOnMissingBean (types: org.springframework.web.servlet.view.BeanNameViewResolver; SearchStrategy: all) found beans of type 'org.springframework.web.servlet.view.BeanNameViewResolver' beanNameViewResolver (OnBeanCondition)

   WebServiceTemplateAutoConfiguration:
      Did not match:
         - @ConditionalOnClass did not find required class 'org.springframework.oxm.Marshaller' (OnClassCondition)

   WebServicesAutoConfiguration:
      Did not match:
         - @ConditionalOnClass did not find required class 'org.springframework.ws.transport.http.MessageDispatcherServlet' (OnClassCondition)

   WebSessionIdResolverAutoConfiguration:
      Did not match:
         - @ConditionalOnClass did not find required class 'reactor.core.publisher.Mono' (OnClassCondition)

   WebSocketMessagingAutoConfiguration:
      Did not match:
         - @ConditionalOnClass did not find required class 'org.springframework.web.socket.config.annotation.WebSocketMessageBrokerConfigurer' (OnClassCondition)

   WebSocketReactiveAutoConfiguration:
      Did not match:
         - @ConditionalOnWebApplication did not find reactive web application classes (OnWebApplicationCondition)

   WebSocketServletAutoConfiguration.Jetty10WebSocketConfiguration:
      Did not match:
         - @ConditionalOnClass did not find required classes 'org.eclipse.jetty.websocket.javax.server.internal.JavaxWebSocketServerContainer', 'org.eclipse.jetty.websocket.server.JettyWebSocketServerContainer' (OnClassCondition)

   WebSocketServletAutoConfiguration.JettyWebSocketConfiguration:
      Did not match:
         - @ConditionalOnClass did not find required class 'org.eclipse.jetty.websocket.jsr356.server.deploy.WebSocketServerContainerInitializer' (OnClassCondition)

   WebSocketServletAutoConfiguration.UndertowWebSocketConfiguration:
      Did not match:
         - @ConditionalOnClass did not find required class 'io.undertow.websockets.jsr.Bootstrap' (OnClassCondition)

   XADataSourceAutoConfiguration:
      Did not match:
         - @ConditionalOnClass did not find required class 'javax.transaction.TransactionManager' (OnClassCondition)


Exclusions:
-----------

    None


Unconditional classes:
----------------------

    org.springframework.boot.autoconfigure.context.ConfigurationPropertiesAutoConfiguration

    org.springframework.boot.autoconfigure.context.LifecycleAutoConfiguration

    org.springframework.boot.autoconfigure.context.PropertyPlaceholderAutoConfiguration

    org.springframework.boot.autoconfigure.availability.ApplicationAvailabilityAutoConfiguration

    org.springframework.boot.autoconfigure.info.ProjectInfoAutoConfiguration



2026-06-23 12:21:58.322  INFO 15560 --- [           main] c.e.T.TigoStarSystemApplication          : Started TigoStarSystemApplication in 10.925 seconds (JVM running for 12.838)
2026-06-23 12:21:58.325 DEBUG 15560 --- [           main] o.s.b.a.ApplicationAvailabilityBean      : Application availability state LivenessState changed to CORRECT
2026-06-23 12:21:58.335  INFO 15560 --- [           main] c.e.T.config.StartupInfoLogger           : spring.profiles.active=[]
2026-06-23 12:21:58.336  INFO 15560 --- [           main] c.e.T.config.StartupInfoLogger           : spring.datasource.url=jdbc:jtds:sqlserver://tigo.makiro.com.bo/BDSistemaAntenaPM
2026-06-23 12:21:58.337  INFO 15560 --- [           main] c.e.T.config.StartupInfoLogger           : spring.datasource.driver-class-name=net.sourceforge.jtds.jdbc.Driver
2026-06-23 12:21:58.338  INFO 15560 --- [           main] c.e.T.config.StartupInfoLogger           : app.central.datasource.url=jdbc:jtds:sqlserver://172.16.0.13/BDControlOrdenes
2026-06-23 12:21:58.340  INFO 15560 --- [           main] c.e.T.config.StartupInfoLogger           : app.central.datasource.driver-class-name=net.sourceforge.jtds.jdbc.Driver
2026-06-23 12:21:58.341  INFO 15560 --- [           main] c.e.T.config.StartupInfoLogger           : app.cuadrilla.mail.enabled=true
2026-06-23 12:21:58.343  INFO 15560 --- [           main] c.e.T.config.StartupInfoLogger           : app.cuadrilla.mail.to=cabrerajosue715@gmail.com
2026-06-23 12:21:58.350  INFO 15560 --- [           main] c.e.T.config.StartupInfoLogger           : app.cuadrilla.mail.from=sistemas_sc@makiro.com.bo
2026-06-23 12:21:58.351  INFO 15560 --- [           main] c.e.T.config.StartupInfoLogger           : spring.mail.host=vps-1537170-x.dattaweb.com
2026-06-23 12:21:58.353  INFO 15560 --- [           main] c.e.T.config.StartupInfoLogger           : spring.mail.port=587
2026-06-23 12:21:58.355  INFO 15560 --- [           main] c.e.T.config.StartupInfoLogger           : java.version=21.0.8
2026-06-23 12:21:58.355  INFO 15560 --- [           main] c.e.T.config.StartupInfoLogger           : java.home=C:\Program Files\Java\jdk-21
2026-06-23 12:21:58.356  INFO 15560 --- [           main] c.e.T.config.StartupInfoLogger           : java.security.properties=null
2026-06-23 12:21:58.357  INFO 15560 --- [           main] c.e.T.config.StartupInfoLogger           : jdk.tls.client.protocols=null
2026-06-23 12:21:58.359  INFO 15560 --- [           main] c.e.T.config.StartupInfoLogger           : https.protocols=null
2026-06-23 12:21:58.360  INFO 15560 --- [           main] c.e.T.config.StartupInfoLogger           : jdk.tls.disabledAlgorithms=SSLv3, TLSv1.1, DTLSv1.0, RC4, DES, MD5withRSA, DH keySize < 1024, EC keySize < 224, 3DES_EDE_CBC, anon, NULL, ECDH
2026-06-23 12:21:58.364 DEBUG 15560 --- [           main] o.s.b.a.ApplicationAvailabilityBean      : Application availability state ReadinessState changed to ACCEPTING_TRAFFIC
2026-06-23 12:21:58.521  INFO 15560 --- [nio-9060-exec-1] o.a.c.c.C.[Tomcat].[localhost].[/]       : Initializing Spring DispatcherServlet 'dispatcherServlet'
2026-06-23 12:21:58.522  INFO 15560 --- [nio-9060-exec-1] o.s.web.servlet.DispatcherServlet        : Initializing Servlet 'dispatcherServlet'
2026-06-23 12:21:58.523 DEBUG 15560 --- [nio-9060-exec-1] o.s.web.servlet.DispatcherServlet        : Detected StandardServletMultipartResolver
2026-06-23 12:21:58.524 DEBUG 15560 --- [nio-9060-exec-1] o.s.web.servlet.DispatcherServlet        : Detected AcceptHeaderLocaleResolver
2026-06-23 12:21:58.525 DEBUG 15560 --- [nio-9060-exec-1] o.s.web.servlet.DispatcherServlet        : Detected FixedThemeResolver
2026-06-23 12:21:58.529 DEBUG 15560 --- [nio-9060-exec-1] o.s.web.servlet.DispatcherServlet        : Detected org.springframework.web.servlet.view.DefaultRequestToViewNameTranslator@2cfbb836
2026-06-23 12:21:58.530 DEBUG 15560 --- [nio-9060-exec-1] o.s.web.servlet.DispatcherServlet        : Detected org.springframework.web.servlet.support.SessionFlashMapManager@60f00da5
2026-06-23 12:21:58.531 DEBUG 15560 --- [nio-9060-exec-1] o.s.web.servlet.DispatcherServlet        : enableLoggingRequestDetails='false': request parameters and headers will be masked to prevent unsafe logging of potentially sensitive data
2026-06-23 12:21:58.533  INFO 15560 --- [nio-9060-exec-1] o.s.web.servlet.DispatcherServlet        : Completed initialization in 11 ms
2026-06-23 12:21:58.565 DEBUG 15560 --- [nio-9060-exec-1] o.s.web.servlet.DispatcherServlet        : GET "/auth/sucursales", parameters={}
2026-06-23 12:21:58.576 DEBUG 15560 --- [nio-9060-exec-1] s.w.s.m.m.a.RequestMappingHandlerMapping : Mapped to com.example.TigoStarSystem.auth.controller.AuthController#listarSucursales()
2026-06-23 12:21:58.692  INFO 15560 --- [nio-9060-exec-1] c.e.T.auth.controller.AuthController     : Request GET /auth/sucursales
2026-06-23 12:21:58.701 DEBUG 15560 --- [nio-9060-exec-1] o.s.jdbc.core.JdbcTemplate               : Executing SQL query [EXEC dbo.spx_ObtenerSucursalesConexionWeb]
2026-06-23 12:21:58.712 DEBUG 15560 --- [nio-9060-exec-1] o.s.jdbc.datasource.DataSourceUtils      : Fetching JDBC Connection from DataSource
2026-06-23 12:21:58.713 DEBUG 15560 --- [nio-9060-exec-1] com.zaxxer.hikari.HikariConfig           : HikariPool-1 - configuration:
2026-06-23 12:21:58.715 DEBUG 15560 --- [nio-9060-exec-1] com.zaxxer.hikari.HikariConfig           : allowPoolSuspension................................false
2026-06-23 12:21:58.716 DEBUG 15560 --- [nio-9060-exec-1] com.zaxxer.hikari.HikariConfig           : autoCommit................................true
2026-06-23 12:21:58.717 DEBUG 15560 --- [nio-9060-exec-1] com.zaxxer.hikari.HikariConfig           : catalog................................none
2026-06-23 12:21:58.719 DEBUG 15560 --- [nio-9060-exec-1] com.zaxxer.hikari.HikariConfig           : connectionInitSql................................none
2026-06-23 12:21:58.721 DEBUG 15560 --- [nio-9060-exec-1] com.zaxxer.hikari.HikariConfig           : connectionTestQuery................................"SELECT 1"
2026-06-23 12:21:58.722 DEBUG 15560 --- [nio-9060-exec-1] com.zaxxer.hikari.HikariConfig           : connectionTimeout................................15000
2026-06-23 12:21:58.723 DEBUG 15560 --- [nio-9060-exec-1] com.zaxxer.hikari.HikariConfig           : dataSource................................none
2026-06-23 12:21:58.723 DEBUG 15560 --- [nio-9060-exec-1] com.zaxxer.hikari.HikariConfig           : dataSourceClassName................................none
2026-06-23 12:21:58.724 DEBUG 15560 --- [nio-9060-exec-1] com.zaxxer.hikari.HikariConfig           : dataSourceJNDI................................none
2026-06-23 12:21:58.725 DEBUG 15560 --- [nio-9060-exec-1] com.zaxxer.hikari.HikariConfig           : dataSourceProperties................................{password=<masked>}
2026-06-23 12:21:58.726 DEBUG 15560 --- [nio-9060-exec-1] com.zaxxer.hikari.HikariConfig           : driverClassName................................"net.sourceforge.jtds.jdbc.Driver"
2026-06-23 12:21:58.727 DEBUG 15560 --- [nio-9060-exec-1] com.zaxxer.hikari.HikariConfig           : exceptionOverrideClassName................................none
2026-06-23 12:21:58.729 DEBUG 15560 --- [nio-9060-exec-1] com.zaxxer.hikari.HikariConfig           : healthCheckProperties................................{}
2026-06-23 12:21:58.730 DEBUG 15560 --- [nio-9060-exec-1] com.zaxxer.hikari.HikariConfig           : healthCheckRegistry................................none
2026-06-23 12:21:58.731 DEBUG 15560 --- [nio-9060-exec-1] com.zaxxer.hikari.HikariConfig           : idleTimeout................................300000
2026-06-23 12:21:58.732 DEBUG 15560 --- [nio-9060-exec-1] com.zaxxer.hikari.HikariConfig           : initializationFailTimeout................................-1
2026-06-23 12:21:58.733 DEBUG 15560 --- [nio-9060-exec-1] com.zaxxer.hikari.HikariConfig           : isolateInternalQueries................................false
2026-06-23 12:21:58.734 DEBUG 15560 --- [nio-9060-exec-1] com.zaxxer.hikari.HikariConfig           : jdbcUrl................................jdbc:jtds:sqlserver://tigo.makiro.com.bo/BDSistemaAntenaPM
2026-06-23 12:21:58.736 DEBUG 15560 --- [nio-9060-exec-1] com.zaxxer.hikari.HikariConfig           : keepaliveTime................................120000
2026-06-23 12:21:58.737 DEBUG 15560 --- [nio-9060-exec-1] com.zaxxer.hikari.HikariConfig           : leakDetectionThreshold................................0
2026-06-23 12:21:58.737 DEBUG 15560 --- [nio-9060-exec-1] com.zaxxer.hikari.HikariConfig           : maxLifetime................................900000
2026-06-23 12:21:58.738 DEBUG 15560 --- [nio-9060-exec-1] com.zaxxer.hikari.HikariConfig           : maximumPoolSize................................10
2026-06-23 12:21:58.739 DEBUG 15560 --- [nio-9060-exec-1] com.zaxxer.hikari.HikariConfig           : metricRegistry................................none
2026-06-23 12:21:58.739 DEBUG 15560 --- [nio-9060-exec-1] com.zaxxer.hikari.HikariConfig           : metricsTrackerFactory................................none
2026-06-23 12:21:58.740 DEBUG 15560 --- [nio-9060-exec-1] com.zaxxer.hikari.HikariConfig           : minimumIdle................................0
2026-06-23 12:21:58.741 DEBUG 15560 --- [nio-9060-exec-1] com.zaxxer.hikari.HikariConfig           : password................................<masked>
2026-06-23 12:21:58.742 DEBUG 15560 --- [nio-9060-exec-1] com.zaxxer.hikari.HikariConfig           : poolName................................"HikariPool-1"
2026-06-23 12:21:58.743 DEBUG 15560 --- [nio-9060-exec-1] com.zaxxer.hikari.HikariConfig           : readOnly................................false
2026-06-23 12:21:58.745 DEBUG 15560 --- [nio-9060-exec-1] com.zaxxer.hikari.HikariConfig           : registerMbeans................................false
2026-06-23 12:21:58.745 DEBUG 15560 --- [nio-9060-exec-1] com.zaxxer.hikari.HikariConfig           : scheduledExecutor................................none
2026-06-23 12:21:58.746 DEBUG 15560 --- [nio-9060-exec-1] com.zaxxer.hikari.HikariConfig           : schema................................none
2026-06-23 12:21:58.746 DEBUG 15560 --- [nio-9060-exec-1] com.zaxxer.hikari.HikariConfig           : threadFactory................................internal
2026-06-23 12:21:58.747 DEBUG 15560 --- [nio-9060-exec-1] com.zaxxer.hikari.HikariConfig           : transactionIsolation................................default
2026-06-23 12:21:58.749 DEBUG 15560 --- [nio-9060-exec-1] com.zaxxer.hikari.HikariConfig           : username................................"sistemas"
2026-06-23 12:21:58.749 DEBUG 15560 --- [nio-9060-exec-1] com.zaxxer.hikari.HikariConfig           : validationTimeout................................5000
2026-06-23 12:21:58.750  INFO 15560 --- [nio-9060-exec-1] com.zaxxer.hikari.HikariDataSource       : HikariPool-1 - Starting...
2026-06-23 12:21:58.751  INFO 15560 --- [nio-9060-exec-1] com.zaxxer.hikari.HikariDataSource       : HikariPool-1 - Start completed.
2026-06-23 12:21:58.867 DEBUG 15560 --- [l-1 housekeeper] com.zaxxer.hikari.pool.HikariPool        : HikariPool-1 - Before cleanup stats (total=0, active=0, idle=0, waiting=1)
2026-06-23 12:21:58.868 DEBUG 15560 --- [l-1 housekeeper] com.zaxxer.hikari.pool.HikariPool        : HikariPool-1 - After cleanup  stats (total=0, active=0, idle=0, waiting=1)
2026-06-23 12:21:58.869 DEBUG 15560 --- [l-1 housekeeper] com.zaxxer.hikari.pool.HikariPool        : HikariPool-1 - Fill pool skipped, pool is at sufficient level.
2026-06-23 12:21:59.038  INFO 15560 --- [onnection adder] com.zaxxer.hikari.pool.PoolBase          : HikariPool-1 - Driver does not support get/set network timeout for connections. (null)
2026-06-23 12:21:59.069 DEBUG 15560 --- [onnection adder] com.zaxxer.hikari.pool.HikariPool        : HikariPool-1 - Added connection net.sourceforge.jtds.jdbc.JtdsConnection@74342802
2026-06-23 12:21:59.271 DEBUG 15560 --- [nio-9060-exec-1] o.s.w.s.m.m.a.HttpEntityMethodProcessor  : Using 'application/json', given [*/*] and supported [application/json, application/*+json, application/json, application/*+json]
2026-06-23 12:21:59.274 DEBUG 15560 --- [nio-9060-exec-1] o.s.w.s.m.m.a.HttpEntityMethodProcessor  : Writing [com.example.TigoStarSystem.common.ApiResponse@67fa99e9]
2026-06-23 12:21:59.322 DEBUG 15560 --- [nio-9060-exec-1] o.s.web.servlet.DispatcherServlet        : Completed 200 OK
2026-06-23 12:22:25.847 DEBUG 15560 --- [ool housekeeper] com.zaxxer.hikari.pool.HikariPool        : CentralHikariPool - Before cleanup stats (total=0, active=0, idle=0, waiting=0)
2026-06-23 12:22:25.857 DEBUG 15560 --- [ool housekeeper] com.zaxxer.hikari.pool.HikariPool        : CentralHikariPool - After cleanup  stats (total=0, active=0, idle=0, waiting=0)
2026-06-23 12:22:25.921 DEBUG 15560 --- [ool housekeeper] com.zaxxer.hikari.pool.HikariPool        : CentralHikariPool - Fill pool skipped, pool is at sufficient level.
2026-06-23 12:22:26.316 DEBUG 15560 --- [ool housekeeper] com.zaxxer.hikari.pool.HikariPool        : TigoHogarHikariPool - Before cleanup stats (total=0, active=0, idle=0, waiting=0)
2026-06-23 12:22:26.442 DEBUG 15560 --- [ool housekeeper] com.zaxxer.hikari.pool.HikariPool        : TigoHogarHikariPool - After cleanup  stats (total=0, active=0, idle=0, waiting=0)
2026-06-23 12:22:26.475 DEBUG 15560 --- [ool housekeeper] com.zaxxer.hikari.pool.HikariPool        : TigoHogarHikariPool - Fill pool skipped, pool is at sufficient level.
2026-06-23 12:22:28.883 DEBUG 15560 --- [l-1 housekeeper] com.zaxxer.hikari.pool.HikariPool        : HikariPool-1 - Before cleanup stats (total=1, active=0, idle=1, waiting=0)
2026-06-23 12:22:28.937 DEBUG 15560 --- [l-1 housekeeper] com.zaxxer.hikari.pool.HikariPool        : HikariPool-1 - After cleanup  stats (total=1, active=0, idle=1, waiting=0)
2026-06-23 12:22:28.996 DEBUG 15560 --- [l-1 housekeeper] com.zaxxer.hikari.pool.HikariPool        : HikariPool-1 - Fill pool skipped, pool is at sufficient level.
2026-06-23 12:22:31.091 DEBUG 15560 --- [nio-9060-exec-3] o.s.web.servlet.DispatcherServlet        : POST "/auth/login", parameters={}
2026-06-23 12:22:31.093 DEBUG 15560 --- [nio-9060-exec-3] s.w.s.m.m.a.RequestMappingHandlerMapping : Mapped to com.example.TigoStarSystem.auth.controller.AuthController#login(AuthLoginRequest)
2026-06-23 12:22:31.174 DEBUG 15560 --- [nio-9060-exec-3] m.m.a.RequestResponseBodyMethodProcessor : Read "application/json;charset=UTF-8" to [com.example.TigoStarSystem.auth.dto.AuthLoginRequest@7ecb738d]
2026-06-23 12:22:31.223  INFO 15560 --- [nio-9060-exec-3] c.e.T.auth.service.AuthService           : Login attempt usuario=juyuni, idSucursal=9, validarSucursal=false
2026-06-23 12:22:31.224 DEBUG 15560 --- [nio-9060-exec-3] o.s.jdbc.core.JdbcTemplate               : Executing SQL query [EXEC dbo.spx_ObtenerSucursalesConexionWeb]
2026-06-23 12:22:31.225 DEBUG 15560 --- [nio-9060-exec-3] o.s.jdbc.datasource.DataSourceUtils      : Fetching JDBC Connection from DataSource
2026-06-23 12:22:31.309 DEBUG 15560 --- [nio-9060-exec-3] c.e.T.auth.service.AuthService           : Sucursal resolved idSucursal=9, host=tigo.makiro.com.bo, baseDeDatos=BDSistemaAntenaPM
2026-06-23 12:22:31.310 DEBUG 15560 --- [nio-9060-exec-3] c.e.T.auth.service.AuthService           : Login target attempt=1 idSucursal=9, sucursal=SantaCruz, host=tigo.makiro.com.bo, baseDeDatos=BDSistemaAntenaPM
2026-06-23 12:22:31.311 DEBUG 15560 --- [nio-9060-exec-3] c.e.T.auth.service.AuthService           : Creating JDBC connection for sucursal host=tigo.makiro.com.bo baseDeDatos=BDSistemaAntenaPM
2026-06-23 12:22:31.311 DEBUG 15560 --- [nio-9060-exec-3] com.zaxxer.hikari.HikariConfig           : Driver class net.sourceforge.jtds.jdbc.Driver found in Thread context class loader TomcatEmbeddedWebappClassLoader
  context: ROOT
  delegate: true
----------> Parent Classloader:
jdk.internal.loader.ClassLoaders$AppClassLoader@70dea4e

2026-06-23 12:22:31.312 DEBUG 15560 --- [nio-9060-exec-3] com.zaxxer.hikari.HikariConfig           : ConnDb-SantaCruz - configuration:
2026-06-23 12:22:31.313 DEBUG 15560 --- [nio-9060-exec-3] com.zaxxer.hikari.HikariConfig           : allowPoolSuspension................................false
2026-06-23 12:22:31.313 DEBUG 15560 --- [nio-9060-exec-3] com.zaxxer.hikari.HikariConfig           : autoCommit................................true
2026-06-23 12:22:31.314 DEBUG 15560 --- [nio-9060-exec-3] com.zaxxer.hikari.HikariConfig           : catalog................................none
2026-06-23 12:22:31.314 DEBUG 15560 --- [nio-9060-exec-3] com.zaxxer.hikari.HikariConfig           : connectionInitSql................................none
2026-06-23 12:22:31.315 DEBUG 15560 --- [nio-9060-exec-3] com.zaxxer.hikari.HikariConfig           : connectionTestQuery................................"SELECT 1"
2026-06-23 12:22:31.316 DEBUG 15560 --- [nio-9060-exec-3] com.zaxxer.hikari.HikariConfig           : connectionTimeout................................30000
2026-06-23 12:22:31.316 DEBUG 15560 --- [nio-9060-exec-3] com.zaxxer.hikari.HikariConfig           : dataSource................................none
2026-06-23 12:22:31.316 DEBUG 15560 --- [nio-9060-exec-3] com.zaxxer.hikari.HikariConfig           : dataSourceClassName................................none
2026-06-23 12:22:31.317 DEBUG 15560 --- [nio-9060-exec-3] com.zaxxer.hikari.HikariConfig           : dataSourceJNDI................................none
2026-06-23 12:22:31.317 DEBUG 15560 --- [nio-9060-exec-3] com.zaxxer.hikari.HikariConfig           : dataSourceProperties................................{password=<masked>}
2026-06-23 12:22:31.318 DEBUG 15560 --- [nio-9060-exec-3] com.zaxxer.hikari.HikariConfig           : driverClassName................................"net.sourceforge.jtds.jdbc.Driver"
2026-06-23 12:22:31.318 DEBUG 15560 --- [nio-9060-exec-3] com.zaxxer.hikari.HikariConfig           : exceptionOverrideClassName................................none
2026-06-23 12:22:31.319 DEBUG 15560 --- [nio-9060-exec-3] com.zaxxer.hikari.HikariConfig           : healthCheckProperties................................{}
2026-06-23 12:22:31.325 DEBUG 15560 --- [nio-9060-exec-3] com.zaxxer.hikari.HikariConfig           : healthCheckRegistry................................none
2026-06-23 12:22:31.326 DEBUG 15560 --- [nio-9060-exec-3] com.zaxxer.hikari.HikariConfig           : idleTimeout................................600000
2026-06-23 12:22:31.326 DEBUG 15560 --- [nio-9060-exec-3] com.zaxxer.hikari.HikariConfig           : initializationFailTimeout................................-1
2026-06-23 12:22:31.326 DEBUG 15560 --- [nio-9060-exec-3] com.zaxxer.hikari.HikariConfig           : isolateInternalQueries................................false
2026-06-23 12:22:31.327 DEBUG 15560 --- [nio-9060-exec-3] com.zaxxer.hikari.HikariConfig           : jdbcUrl................................jdbc:jtds:sqlserver://tigo.makiro.com.bo/BDSistemaAntenaPM
2026-06-23 12:22:31.327 DEBUG 15560 --- [nio-9060-exec-3] com.zaxxer.hikari.HikariConfig           : keepaliveTime................................0
2026-06-23 12:22:31.328 DEBUG 15560 --- [nio-9060-exec-3] com.zaxxer.hikari.HikariConfig           : leakDetectionThreshold................................0
2026-06-23 12:22:31.329 DEBUG 15560 --- [nio-9060-exec-3] com.zaxxer.hikari.HikariConfig           : maxLifetime................................1800000
2026-06-23 12:22:31.329 DEBUG 15560 --- [nio-9060-exec-3] com.zaxxer.hikari.HikariConfig           : maximumPoolSize................................5
2026-06-23 12:22:31.330 DEBUG 15560 --- [nio-9060-exec-3] com.zaxxer.hikari.HikariConfig           : metricRegistry................................none
2026-06-23 12:22:31.330 DEBUG 15560 --- [nio-9060-exec-3] com.zaxxer.hikari.HikariConfig           : metricsTrackerFactory................................none
2026-06-23 12:22:31.331 DEBUG 15560 --- [nio-9060-exec-3] com.zaxxer.hikari.HikariConfig           : minimumIdle................................0
2026-06-23 12:22:31.331 DEBUG 15560 --- [nio-9060-exec-3] com.zaxxer.hikari.HikariConfig           : password................................<masked>
2026-06-23 12:22:31.331 DEBUG 15560 --- [nio-9060-exec-3] com.zaxxer.hikari.HikariConfig           : poolName................................"ConnDb-SantaCruz"
2026-06-23 12:22:31.332 DEBUG 15560 --- [nio-9060-exec-3] com.zaxxer.hikari.HikariConfig           : readOnly................................false
2026-06-23 12:22:31.332 DEBUG 15560 --- [nio-9060-exec-3] com.zaxxer.hikari.HikariConfig           : registerMbeans................................false
2026-06-23 12:22:31.333 DEBUG 15560 --- [nio-9060-exec-3] com.zaxxer.hikari.HikariConfig           : scheduledExecutor................................none
2026-06-23 12:22:31.333 DEBUG 15560 --- [nio-9060-exec-3] com.zaxxer.hikari.HikariConfig           : schema................................none
2026-06-23 12:22:31.334 DEBUG 15560 --- [nio-9060-exec-3] com.zaxxer.hikari.HikariConfig           : threadFactory................................internal
2026-06-23 12:22:31.334 DEBUG 15560 --- [nio-9060-exec-3] com.zaxxer.hikari.HikariConfig           : transactionIsolation................................default
2026-06-23 12:22:31.334 DEBUG 15560 --- [nio-9060-exec-3] com.zaxxer.hikari.HikariConfig           : username................................"sistemas"
2026-06-23 12:22:31.335 DEBUG 15560 --- [nio-9060-exec-3] com.zaxxer.hikari.HikariConfig           : validationTimeout................................5000
2026-06-23 12:22:31.336  INFO 15560 --- [nio-9060-exec-3] com.zaxxer.hikari.HikariDataSource       : ConnDb-SantaCruz - Starting...
2026-06-23 12:22:31.337  INFO 15560 --- [nio-9060-exec-3] com.zaxxer.hikari.HikariDataSource       : ConnDb-SantaCruz - Start completed.
2026-06-23 12:22:31.337 DEBUG 15560 --- [nio-9060-exec-3] c.e.T.auth.service.AuthService           : Calling SP dbo.spx_ValidarUsuario
2026-06-23 12:22:31.344 DEBUG 15560 --- [nio-9060-exec-3] o.s.jdbc.core.JdbcTemplate               : Executing prepared SQL query
2026-06-23 12:22:31.346 DEBUG 15560 --- [nio-9060-exec-3] o.s.jdbc.core.JdbcTemplate               : Executing prepared SQL statement [EXEC dbo.spx_ValidarUsuario ?, ?]
2026-06-23 12:22:31.346 DEBUG 15560 --- [nio-9060-exec-3] o.s.jdbc.datasource.DataSourceUtils      : Fetching JDBC Connection from DataSource
2026-06-23 12:22:31.446 DEBUG 15560 --- [ruz housekeeper] com.zaxxer.hikari.pool.HikariPool        : ConnDb-SantaCruz - Before cleanup stats (total=0, active=0, idle=0, waiting=1)
2026-06-23 12:22:31.461 DEBUG 15560 --- [ruz housekeeper] com.zaxxer.hikari.pool.HikariPool        : ConnDb-SantaCruz - After cleanup  stats (total=0, active=0, idle=0, waiting=1)
2026-06-23 12:22:31.485  INFO 15560 --- [onnection adder] com.zaxxer.hikari.pool.PoolBase          : ConnDb-SantaCruz - Driver does not support get/set network timeout for connections. (null)
2026-06-23 12:22:31.494 DEBUG 15560 --- [ruz housekeeper] com.zaxxer.hikari.pool.HikariPool        : ConnDb-SantaCruz - Fill pool skipped, pool is at sufficient level.
2026-06-23 12:22:31.594 DEBUG 15560 --- [onnection adder] com.zaxxer.hikari.pool.HikariPool        : ConnDb-SantaCruz - Added connection net.sourceforge.jtds.jdbc.JtdsConnection@2208dfee
2026-06-23 12:22:32.019 DEBUG 15560 --- [nio-9060-exec-3] c.e.T.auth.service.AuthService           : Login SP returned 1 rows
2026-06-23 12:22:34.922  INFO 15560 --- [nio-9060-exec-3] c.e.T.auth.controller.AuthController     : User {} logged in successfully.
2026-06-23 12:22:34.963 DEBUG 15560 --- [nio-9060-exec-3] o.s.w.s.m.m.a.HttpEntityMethodProcessor  : Using 'application/json', given [*/*] and supported [application/json, application/*+json, application/json, application/*+json]
2026-06-23 12:22:35.022 DEBUG 15560 --- [nio-9060-exec-3] o.s.w.s.m.m.a.HttpEntityMethodProcessor  : Writing [com.example.TigoStarSystem.common.ApiResponse@44c93f71]
2026-06-23 12:22:35.057 DEBUG 15560 --- [nio-9060-exec-3] o.s.web.servlet.DispatcherServlet        : Completed 200 OK
2026-06-23 12:22:39.589 DEBUG 15560 --- [nio-9060-exec-4] o.s.web.servlet.DispatcherServlet        : POST "/boleta-digital/archivo-digital", parameters={multipart}
2026-06-23 12:22:40.141 DEBUG 15560 --- [nio-9060-exec-4] s.w.s.m.m.a.RequestMappingHandlerMapping : Mapped to com.example.TigoStarSystem.boletadigital.controller.BoletaDigitalController#cambiarArchivo(String, Integer, Integer, MultipartFile, MultipartFile)
2026-06-23 12:22:40.508 DEBUG 15560 --- [nio-9060-exec-4] o.s.jdbc.core.JdbcTemplate               : Executing SQL query [EXEC dbo.spx_ObtenerSucursalesConexionWeb]
2026-06-23 12:22:40.525 DEBUG 15560 --- [nio-9060-exec-4] com.zaxxer.hikari.HikariConfig           : Driver class net.sourceforge.jtds.jdbc.Driver found in Thread context class loader TomcatEmbeddedWebappClassLoader
  context: ROOT
  delegate: true
----------> Parent Classloader:
jdk.internal.loader.ClassLoaders$AppClassLoader@70dea4e

2026-06-23 12:22:40.526 DEBUG 15560 --- [nio-9060-exec-4] com.zaxxer.hikari.HikariConfig           : ConnDb-boleta-digital-sucursal-9 - configuration:
2026-06-23 12:22:40.527 DEBUG 15560 --- [nio-9060-exec-4] com.zaxxer.hikari.HikariConfig           : allowPoolSuspension................................false
2026-06-23 12:22:40.527 DEBUG 15560 --- [nio-9060-exec-4] com.zaxxer.hikari.HikariConfig           : autoCommit................................true
2026-06-23 12:22:40.527 DEBUG 15560 --- [nio-9060-exec-4] com.zaxxer.hikari.HikariConfig           : catalog................................none
2026-06-23 12:22:40.528 DEBUG 15560 --- [nio-9060-exec-4] com.zaxxer.hikari.HikariConfig           : connectionInitSql................................none
2026-06-23 12:22:40.528 DEBUG 15560 --- [nio-9060-exec-4] com.zaxxer.hikari.HikariConfig           : connectionTestQuery................................"SELECT 1"
2026-06-23 12:22:40.528 DEBUG 15560 --- [nio-9060-exec-4] com.zaxxer.hikari.HikariConfig           : connectionTimeout................................30000
2026-06-23 12:22:40.529 DEBUG 15560 --- [nio-9060-exec-4] com.zaxxer.hikari.HikariConfig           : dataSource................................none
2026-06-23 12:22:40.529 DEBUG 15560 --- [nio-9060-exec-4] com.zaxxer.hikari.HikariConfig           : dataSourceClassName................................none
2026-06-23 12:22:40.530 DEBUG 15560 --- [nio-9060-exec-4] com.zaxxer.hikari.HikariConfig           : dataSourceJNDI................................none
2026-06-23 12:22:40.531 DEBUG 15560 --- [nio-9060-exec-4] com.zaxxer.hikari.HikariConfig           : dataSourceProperties................................{password=<masked>}
2026-06-23 12:22:40.531 DEBUG 15560 --- [nio-9060-exec-4] com.zaxxer.hikari.HikariConfig           : driverClassName................................"net.sourceforge.jtds.jdbc.Driver"
2026-06-23 12:22:40.532 DEBUG 15560 --- [nio-9060-exec-4] com.zaxxer.hikari.HikariConfig           : exceptionOverrideClassName................................none
2026-06-23 12:22:40.532 DEBUG 15560 --- [nio-9060-exec-4] com.zaxxer.hikari.HikariConfig           : healthCheckProperties................................{}
2026-06-23 12:22:40.533 DEBUG 15560 --- [nio-9060-exec-4] com.zaxxer.hikari.HikariConfig           : healthCheckRegistry................................none
2026-06-23 12:22:40.542 DEBUG 15560 --- [nio-9060-exec-4] com.zaxxer.hikari.HikariConfig           : idleTimeout................................600000
2026-06-23 12:22:40.543 DEBUG 15560 --- [nio-9060-exec-4] com.zaxxer.hikari.HikariConfig           : initializationFailTimeout................................-1
2026-06-23 12:22:40.543 DEBUG 15560 --- [nio-9060-exec-4] com.zaxxer.hikari.HikariConfig           : isolateInternalQueries................................false
2026-06-23 12:22:40.544 DEBUG 15560 --- [nio-9060-exec-4] com.zaxxer.hikari.HikariConfig           : jdbcUrl................................jdbc:jtds:sqlserver://tigo.makiro.com.bo/BDSistemaAntenaPM
2026-06-23 12:22:40.545 DEBUG 15560 --- [nio-9060-exec-4] com.zaxxer.hikari.HikariConfig           : keepaliveTime................................0
2026-06-23 12:22:40.546 DEBUG 15560 --- [nio-9060-exec-4] com.zaxxer.hikari.HikariConfig           : leakDetectionThreshold................................0
2026-06-23 12:22:40.548 DEBUG 15560 --- [nio-9060-exec-4] com.zaxxer.hikari.HikariConfig           : maxLifetime................................1800000
2026-06-23 12:22:40.549 DEBUG 15560 --- [nio-9060-exec-4] com.zaxxer.hikari.HikariConfig           : maximumPoolSize................................5
2026-06-23 12:22:40.550 DEBUG 15560 --- [nio-9060-exec-4] com.zaxxer.hikari.HikariConfig           : metricRegistry................................none
2026-06-23 12:22:40.551 DEBUG 15560 --- [nio-9060-exec-4] com.zaxxer.hikari.HikariConfig           : metricsTrackerFactory................................none
2026-06-23 12:22:40.552 DEBUG 15560 --- [nio-9060-exec-4] com.zaxxer.hikari.HikariConfig           : minimumIdle................................0
2026-06-23 12:22:40.553 DEBUG 15560 --- [nio-9060-exec-4] com.zaxxer.hikari.HikariConfig           : password................................<masked>
2026-06-23 12:22:40.554 DEBUG 15560 --- [nio-9060-exec-4] com.zaxxer.hikari.HikariConfig           : poolName................................"ConnDb-boleta-digital-sucursal-9"
2026-06-23 12:22:40.555 DEBUG 15560 --- [nio-9060-exec-4] com.zaxxer.hikari.HikariConfig           : readOnly................................false
2026-06-23 12:22:40.556 DEBUG 15560 --- [nio-9060-exec-4] com.zaxxer.hikari.HikariConfig           : registerMbeans................................false
2026-06-23 12:22:40.556 DEBUG 15560 --- [nio-9060-exec-4] com.zaxxer.hikari.HikariConfig           : scheduledExecutor................................none
2026-06-23 12:22:40.557 DEBUG 15560 --- [nio-9060-exec-4] com.zaxxer.hikari.HikariConfig           : schema................................none
2026-06-23 12:22:40.558 DEBUG 15560 --- [nio-9060-exec-4] com.zaxxer.hikari.HikariConfig           : threadFactory................................internal
2026-06-23 12:22:40.558 DEBUG 15560 --- [nio-9060-exec-4] com.zaxxer.hikari.HikariConfig           : transactionIsolation................................default
2026-06-23 12:22:40.559 DEBUG 15560 --- [nio-9060-exec-4] com.zaxxer.hikari.HikariConfig           : username................................"sistemas"
2026-06-23 12:22:40.559 DEBUG 15560 --- [nio-9060-exec-4] com.zaxxer.hikari.HikariConfig           : validationTimeout................................5000
2026-06-23 12:22:40.560  INFO 15560 --- [nio-9060-exec-4] com.zaxxer.hikari.HikariDataSource       : ConnDb-boleta-digital-sucursal-9 - Starting...
2026-06-23 12:22:40.561  INFO 15560 --- [nio-9060-exec-4] com.zaxxer.hikari.HikariDataSource       : ConnDb-boleta-digital-sucursal-9 - Start completed.
2026-06-23 12:22:40.565 DEBUG 15560 --- [nio-9060-exec-4] o.s.jdbc.core.JdbcTemplate               : Executing prepared SQL query
2026-06-23 12:22:40.565 DEBUG 15560 --- [nio-9060-exec-4] o.s.jdbc.core.JdbcTemplate               : Executing prepared SQL statement [SELECT TOP 1 Id_Venta AS idVenta, CodigoCliente AS codigoCliente, OrdenTrabajo AS ordenTrabajo, Fecha_Ejecucion AS fechaEjecucion, RutaPdf AS rutaPdf FROM dbo.tbl_Venta WHERE Id_Venta = ? AND ISNULL(E_Eliminado, 0) = 0]
2026-06-23 12:22:40.567 DEBUG 15560 --- [nio-9060-exec-4] o.s.jdbc.datasource.DataSourceUtils      : Fetching JDBC Connection from DataSource
2026-06-23 12:22:40.668 DEBUG 15560 --- [l-9 housekeeper] com.zaxxer.hikari.pool.HikariPool        : ConnDb-boleta-digital-sucursal-9 - Before cleanup stats (total=0, active=0, idle=0, waiting=1)
2026-06-23 12:22:40.668 DEBUG 15560 --- [l-9 housekeeper] com.zaxxer.hikari.pool.HikariPool        : ConnDb-boleta-digital-sucursal-9 - After cleanup  stats (total=0, active=0, idle=0, waiting=1)
2026-06-23 12:22:40.669 DEBUG 15560 --- [l-9 housekeeper] com.zaxxer.hikari.pool.HikariPool        : ConnDb-boleta-digital-sucursal-9 - Fill pool skipped, pool is at sufficient level.
2026-06-23 12:22:40.728  INFO 15560 --- [onnection adder] com.zaxxer.hikari.pool.PoolBase          : ConnDb-boleta-digital-sucursal-9 - Driver does not support get/set network timeout for connections. (null)
2026-06-23 12:22:40.764 DEBUG 15560 --- [onnection adder] com.zaxxer.hikari.pool.HikariPool        : ConnDb-boleta-digital-sucursal-9 - Added connection net.sourceforge.jtds.jdbc.JtdsConnection@71126bb7
2026-06-23 12:22:40.936 DEBUG 15560 --- [nio-9060-exec-4] o.s.jdbc.core.JdbcTemplate               : Executing prepared SQL query
2026-06-23 12:22:40.936 DEBUG 15560 --- [nio-9060-exec-4] o.s.jdbc.core.JdbcTemplate               : Executing prepared SQL statement [SELECT TOP 1 cliente_nro, OT, OT_FISICA, Estado FROM dbo.tbl_BO_CITA_MAKIRO_Historial WHERE Vigente = 2   AND OT_FISICA IS NOT NULL   AND cliente_nro = ?   AND OT = ?]
2026-06-23 12:22:40.937 DEBUG 15560 --- [nio-9060-exec-4] o.s.jdbc.datasource.DataSourceUtils      : Fetching JDBC Connection from DataSource
2026-06-23 12:22:41.155  INFO 15560 --- [onnection adder] com.zaxxer.hikari.pool.PoolBase          : CentralHikariPool - Driver does not support get/set network timeout for connections. (null)
2026-06-23 12:22:41.287 DEBUG 15560 --- [onnection adder] com.zaxxer.hikari.pool.HikariPool        : CentralHikariPool - Added connection net.sourceforge.jtds.jdbc.JtdsConnection@980a4a
2026-06-23 12:22:41.685 DEBUG 15560 --- [nio-9060-exec-4] .m.m.a.ExceptionHandlerExceptionResolver : Using @ExceptionHandler com.example.TigoStarSystem.common.GlobalExceptionHandler#handleApiException(ApiException, HttpServletRequest)
2026-06-23 12:22:41.788 DEBUG 15560 --- [nio-9060-exec-4] o.s.w.s.m.m.a.HttpEntityMethodProcessor  : Using 'application/json', given [*/*] and supported [application/json, application/*+json, application/json, application/*+json]
2026-06-23 12:22:41.871 DEBUG 15560 --- [nio-9060-exec-4] o.s.w.s.m.m.a.HttpEntityMethodProcessor  : Writing [com.example.TigoStarSystem.common.ApiError@54bf5827]
2026-06-23 12:22:41.924 DEBUG 15560 --- [nio-9060-exec-4] .m.m.a.ExceptionHandlerExceptionResolver : Resolved [com.example.TigoStarSystem.common.ApiException: No coincide el nombre del PDF con la OT fisica esperada.]
2026-06-23 12:22:41.999 DEBUG 15560 --- [nio-9060-exec-4] o.s.web.servlet.DispatcherServlet        : Completed 409 CONFLICT
2026-06-23 12:22:55.960 DEBUG 15560 --- [ool housekeeper] com.zaxxer.hikari.pool.HikariPool        : CentralHikariPool - Before cleanup stats (total=1, active=0, idle=1, waiting=0)
2026-06-23 12:22:55.967 DEBUG 15560 --- [ool housekeeper] com.zaxxer.hikari.pool.HikariPool        : CentralHikariPool - After cleanup  stats (total=1, active=0, idle=1, waiting=0)
2026-06-23 12:22:55.975 DEBUG 15560 --- [ool housekeeper] com.zaxxer.hikari.pool.HikariPool        : CentralHikariPool - Fill pool skipped, pool is at sufficient level.
2026-06-23 12:22:56.554 DEBUG 15560 --- [ool housekeeper] com.zaxxer.hikari.pool.HikariPool        : TigoHogarHikariPool - Before cleanup stats (total=0, active=0, idle=0, waiting=0)
2026-06-23 12:22:56.555 DEBUG 15560 --- [ool housekeeper] com.zaxxer.hikari.pool.HikariPool        : TigoHogarHikariPool - After cleanup  stats (total=0, active=0, idle=0, waiting=0)
2026-06-23 12:22:56.556 DEBUG 15560 --- [ool housekeeper] com.zaxxer.hikari.pool.HikariPool        : TigoHogarHikariPool - Fill pool skipped, pool is at sufficient level.
2026-06-23 12:22:59.050 DEBUG 15560 --- [l-1 housekeeper] com.zaxxer.hikari.pool.HikariPool        : HikariPool-1 - Before cleanup stats (total=1, active=0, idle=1, waiting=0)
2026-06-23 12:22:59.051 DEBUG 15560 --- [l-1 housekeeper] com.zaxxer.hikari.pool.HikariPool        : HikariPool-1 - After cleanup  stats (total=1, active=0, idle=1, waiting=0)
2026-06-23 12:22:59.060 DEBUG 15560 --- [l-1 housekeeper] com.zaxxer.hikari.pool.HikariPool        : HikariPool-1 - Fill pool skipped, pool is at sufficient level.
2026-06-23 12:23:01.584 DEBUG 15560 --- [ruz housekeeper] com.zaxxer.hikari.pool.HikariPool        : ConnDb-SantaCruz - Before cleanup stats (total=1, active=0, idle=1, waiting=0)
2026-06-23 12:23:01.588 DEBUG 15560 --- [ruz housekeeper] com.zaxxer.hikari.pool.HikariPool        : ConnDb-SantaCruz - After cleanup  stats (total=1, active=0, idle=1, waiting=0)
2026-06-23 12:23:01.596 DEBUG 15560 --- [ruz housekeeper] com.zaxxer.hikari.pool.HikariPool        : ConnDb-SantaCruz - Fill pool skipped, pool is at sufficient level.
2026-06-23 12:23:10.674 DEBUG 15560 --- [l-9 housekeeper] com.zaxxer.hikari.pool.HikariPool        : ConnDb-boleta-digital-sucursal-9 - Before cleanup stats (total=1, active=0, idle=1, waiting=0)
2026-06-23 12:23:10.676 DEBUG 15560 --- [l-9 housekeeper] com.zaxxer.hikari.pool.HikariPool        : ConnDb-boleta-digital-sucursal-9 - After cleanup  stats (total=1, active=0, idle=1, waiting=0)
2026-06-23 12:23:10.678 DEBUG 15560 --- [l-9 housekeeper] com.zaxxer.hikari.pool.HikariPool        : ConnDb-boleta-digital-sucursal-9 - Fill pool skipped, pool is at sufficient level.
2026-06-23 12:23:25.986 DEBUG 15560 --- [ool housekeeper] com.zaxxer.hikari.pool.HikariPool        : CentralHikariPool - Before cleanup stats (total=1, active=0, idle=1, waiting=0)
2026-06-23 12:23:25.987 DEBUG 15560 --- [ool housekeeper] com.zaxxer.hikari.pool.HikariPool        : CentralHikariPool - After cleanup  stats (total=1, active=0, idle=1, waiting=0)
2026-06-23 12:23:25.988 DEBUG 15560 --- [ool housekeeper] com.zaxxer.hikari.pool.HikariPool        : CentralHikariPool - Fill pool skipped, pool is at sufficient level.
2026-06-23 12:23:26.563 DEBUG 15560 --- [ool housekeeper] com.zaxxer.hikari.pool.HikariPool        : TigoHogarHikariPool - Before cleanup stats (total=0, active=0, idle=0, waiting=0)
2026-06-23 12:23:26.565 DEBUG 15560 --- [ool housekeeper] com.zaxxer.hikari.pool.HikariPool        : TigoHogarHikariPool - After cleanup  stats (total=0, active=0, idle=0, waiting=0)
2026-06-23 12:23:26.567 DEBUG 15560 --- [ool housekeeper] com.zaxxer.hikari.pool.HikariPool        : TigoHogarHikariPool - Fill pool skipped, pool is at sufficient level.
2026-06-23 12:23:29.072 DEBUG 15560 --- [l-1 housekeeper] com.zaxxer.hikari.pool.HikariPool        : HikariPool-1 - Before cleanup stats (total=1, active=0, idle=1, waiting=0)
2026-06-23 12:23:29.074 DEBUG 15560 --- [l-1 housekeeper] com.zaxxer.hikari.pool.HikariPool        : HikariPool-1 - After cleanup  stats (total=1, active=0, idle=1, waiting=0)
2026-06-23 12:23:29.075 DEBUG 15560 --- [l-1 housekeeper] com.zaxxer.hikari.pool.HikariPool        : HikariPool-1 - Fill pool skipped, pool is at sufficient level.
2026-06-23 12:23:31.611 DEBUG 15560 --- [ruz housekeeper] com.zaxxer.hikari.pool.HikariPool        : ConnDb-SantaCruz - Before cleanup stats (total=1, active=0, idle=1, waiting=0)
2026-06-23 12:23:31.615 DEBUG 15560 --- [ruz housekeeper] com.zaxxer.hikari.pool.HikariPool        : ConnDb-SantaCruz - After cleanup  stats (total=1, active=0, idle=1, waiting=0)
2026-06-23 12:23:31.616 DEBUG 15560 --- [ruz housekeeper] com.zaxxer.hikari.pool.HikariPool        : ConnDb-SantaCruz - Fill pool skipped, pool is at sufficient level.
2026-06-23 12:23:40.689 DEBUG 15560 --- [l-9 housekeeper] com.zaxxer.hikari.pool.HikariPool        : ConnDb-boleta-digital-sucursal-9 - Before cleanup stats (total=1, active=0, idle=1, waiting=0)
2026-06-23 12:23:40.693 DEBUG 15560 --- [l-9 housekeeper] com.zaxxer.hikari.pool.HikariPool        : ConnDb-boleta-digital-sucursal-9 - After cleanup  stats (total=1, active=0, idle=1, waiting=0)
2026-06-23 12:23:40.694 DEBUG 15560 --- [l-9 housekeeper] com.zaxxer.hikari.pool.HikariPool        : ConnDb-boleta-digital-sucursal-9 - Fill pool skipped, pool is at sufficient level.
2026-06-23 12:23:50.117 DEBUG 15560 --- [nio-9060-exec-6] o.s.web.servlet.DispatcherServlet        : GET "/boleta-digital/ots", parameters={}
2026-06-23 12:23:50.119 DEBUG 15560 --- [nio-9060-exec-6] s.w.s.m.m.a.RequestMappingHandlerMapping : Mapped to com.example.TigoStarSystem.boletadigital.controller.BoletaDigitalController#listar(String)
2026-06-23 12:23:50.136 DEBUG 15560 --- [nio-9060-exec-6] o.s.jdbc.core.JdbcTemplate               : Executing SQL query [EXEC dbo.spx_ObtenerSucursalesConexionWeb]
2026-06-23 12:23:50.138 DEBUG 15560 --- [nio-9060-exec-6] o.s.jdbc.datasource.DataSourceUtils      : Fetching JDBC Connection from DataSource
2026-06-23 12:23:50.154 DEBUG 15560 --- [nio-9060-exec-6] o.s.jdbc.core.JdbcTemplate               : Executing SQL statement [IF OBJECT_ID('dbo.tbl_ventaArchivoDigital', 'U') IS NULL BEGIN CREATE TABLE dbo.tbl_ventaArchivoDigital (id INT IDENTITY(1,1) NOT NULL PRIMARY KEY, id_venta INT NULL, nombreArchivoAnterior NVARCHAR(MAX) NULL, fechaRegistro DATETIME NULL, usuario NVARCHAR(150) NULL); END; IF COL_LENGTH('dbo.tbl_ventaArchivoDigital', 'nombreArchivoNuevo') IS NULL BEGIN ALTER TABLE dbo.tbl_ventaArchivoDigital ADD nombreArchivoNuevo NVARCHAR(MAX) NULL; END; IF COL_LENGTH('dbo.tbl_ventaArchivoDigital', 'comparacion') IS NULL BEGIN ALTER TABLE dbo.tbl_ventaArchivoDigital ADD comparacion NVARCHAR(30) NULL; END;]
2026-06-23 12:23:50.157 DEBUG 15560 --- [nio-9060-exec-6] o.s.jdbc.datasource.DataSourceUtils      : Fetching JDBC Connection from DataSource
2026-06-23 12:23:50.172 DEBUG 15560 --- [nio-9060-exec-6] o.s.jdbc.core.JdbcTemplate               : Executing SQL query [EXEC dbo.spx_EnlistarOtArchivo_web]
2026-06-23 12:23:50.174 DEBUG 15560 --- [nio-9060-exec-6] o.s.jdbc.datasource.DataSourceUtils      : Fetching JDBC Connection from DataSource
2026-06-23 12:23:52.172 DEBUG 15560 --- [nio-9060-exec-6] o.s.jdbc.core.JdbcTemplate               : Executing SQL query [SELECT cliente_nro, OT, OT_FISICA, Estado FROM dbo.tbl_BO_CITA_MAKIRO_Historial WHERE Vigente = 2   AND OT_FISICA IS NOT NULL]
2026-06-23 12:23:52.175 DEBUG 15560 --- [nio-9060-exec-6] o.s.jdbc.datasource.DataSourceUtils      : Fetching JDBC Connection from DataSource
2026-06-23 12:23:53.127 DEBUG 15560 --- [nio-9060-exec-6] o.s.jdbc.core.JdbcTemplate               : Executing SQL statement [IF OBJECT_ID('dbo.tbl_ventaArchivoDigital', 'U') IS NULL BEGIN CREATE TABLE dbo.tbl_ventaArchivoDigital (id INT IDENTITY(1,1) NOT NULL PRIMARY KEY, id_venta INT NULL, nombreArchivoAnterior NVARCHAR(MAX) NULL, fechaRegistro DATETIME NULL, usuario NVARCHAR(150) NULL); END; IF COL_LENGTH('dbo.tbl_ventaArchivoDigital', 'nombreArchivoNuevo') IS NULL BEGIN ALTER TABLE dbo.tbl_ventaArchivoDigital ADD nombreArchivoNuevo NVARCHAR(MAX) NULL; END; IF COL_LENGTH('dbo.tbl_ventaArchivoDigital', 'comparacion') IS NULL BEGIN ALTER TABLE dbo.tbl_ventaArchivoDigital ADD comparacion NVARCHAR(30) NULL; END;]
2026-06-23 12:23:53.128 DEBUG 15560 --- [nio-9060-exec-6] o.s.jdbc.datasource.DataSourceUtils      : Fetching JDBC Connection from DataSource
2026-06-23 12:23:53.190 DEBUG 15560 --- [nio-9060-exec-6] o.s.jdbc.core.JdbcTemplate               : Executing SQL query [WITH ultimos AS (SELECT id_venta, nombreArchivoNuevo, comparacion, ROW_NUMBER() OVER (PARTITION BY id_venta ORDER BY fechaRegistro DESC, id DESC) AS rn FROM dbo.tbl_ventaArchivoDigital WHERE id_venta IS NOT NULL) SELECT id_venta, nombreArchivoNuevo, comparacion FROM ultimos WHERE rn = 1]
2026-06-23 12:23:53.191 DEBUG 15560 --- [nio-9060-exec-6] o.s.jdbc.datasource.DataSourceUtils      : Fetching JDBC Connection from DataSource
2026-06-23 12:23:53.556 DEBUG 15560 --- [nio-9060-exec-6] o.s.w.s.m.m.a.HttpEntityMethodProcessor  : Using 'application/json', given [application/json, text/plain, */*] and supported [application/json, application/*+json, application/json, application/*+json]
2026-06-23 12:23:53.560 DEBUG 15560 --- [nio-9060-exec-6] o.s.w.s.m.m.a.HttpEntityMethodProcessor  : Writing [com.example.TigoStarSystem.common.ApiResponse@2ace0980]
2026-06-23 12:23:54.030 DEBUG 15560 --- [nio-9060-exec-6] o.s.web.servlet.DispatcherServlet        : Completed 200 OK
2026-06-23 12:23:55.999 DEBUG 15560 --- [ool housekeeper] com.zaxxer.hikari.pool.HikariPool        : CentralHikariPool - Before cleanup stats (total=1, active=0, idle=1, waiting=0)
2026-06-23 12:23:56.001 DEBUG 15560 --- [ool housekeeper] com.zaxxer.hikari.pool.HikariPool        : CentralHikariPool - After cleanup  stats (total=1, active=0, idle=1, waiting=0)
2026-06-23 12:23:56.002 DEBUG 15560 --- [ool housekeeper] com.zaxxer.hikari.pool.HikariPool        : CentralHikariPool - Fill pool skipped, pool is at sufficient level.
2026-06-23 12:23:56.581 DEBUG 15560 --- [ool housekeeper] com.zaxxer.hikari.pool.HikariPool        : TigoHogarHikariPool - Before cleanup stats (total=0, active=0, idle=0, waiting=0)
2026-06-23 12:23:56.582 DEBUG 15560 --- [ool housekeeper] com.zaxxer.hikari.pool.HikariPool        : TigoHogarHikariPool - After cleanup  stats (total=0, active=0, idle=0, waiting=0)
2026-06-23 12:23:56.582 DEBUG 15560 --- [ool housekeeper] com.zaxxer.hikari.pool.HikariPool        : TigoHogarHikariPool - Fill pool skipped, pool is at sufficient level.
2026-06-23 12:23:58.654 DEBUG 15560 --- [l-1 housekeeper] com.zaxxer.hikari.pool.HikariPool        : HikariPool-1 - keepalive: connection net.sourceforge.jtds.jdbc.JtdsConnection@74342802 is alive
2026-06-23 12:23:59.079 DEBUG 15560 --- [l-1 housekeeper] com.zaxxer.hikari.pool.HikariPool        : HikariPool-1 - Before cleanup stats (total=1, active=0, idle=1, waiting=0)
2026-06-23 12:23:59.081 DEBUG 15560 --- [l-1 housekeeper] com.zaxxer.hikari.pool.HikariPool        : HikariPool-1 - After cleanup  stats (total=1, active=0, idle=1, waiting=0)
2026-06-23 12:23:59.082 DEBUG 15560 --- [l-1 housekeeper] com.zaxxer.hikari.pool.HikariPool        : HikariPool-1 - Fill pool skipped, pool is at sufficient level.
2026-06-23 12:24:01.471 DEBUG 15560 --- [nio-9060-exec-7] o.s.web.servlet.DispatcherServlet        : GET "/boleta-digital/ots", parameters={}
2026-06-23 12:24:01.473 DEBUG 15560 --- [nio-9060-exec-7] s.w.s.m.m.a.RequestMappingHandlerMapping : Mapped to com.example.TigoStarSystem.boletadigital.controller.BoletaDigitalController#listar(String)
2026-06-23 12:24:01.485 DEBUG 15560 --- [nio-9060-exec-7] o.s.jdbc.core.JdbcTemplate               : Executing SQL query [EXEC dbo.spx_ObtenerSucursalesConexionWeb]
2026-06-23 12:24:01.486 DEBUG 15560 --- [nio-9060-exec-7] o.s.jdbc.datasource.DataSourceUtils      : Fetching JDBC Connection from DataSource
2026-06-23 12:24:01.571 DEBUG 15560 --- [nio-9060-exec-7] o.s.jdbc.core.JdbcTemplate               : Executing SQL statement [IF OBJECT_ID('dbo.tbl_ventaArchivoDigital', 'U') IS NULL BEGIN CREATE TABLE dbo.tbl_ventaArchivoDigital (id INT IDENTITY(1,1) NOT NULL PRIMARY KEY, id_venta INT NULL, nombreArchivoAnterior NVARCHAR(MAX) NULL, fechaRegistro DATETIME NULL, usuario NVARCHAR(150) NULL); END; IF COL_LENGTH('dbo.tbl_ventaArchivoDigital', 'nombreArchivoNuevo') IS NULL BEGIN ALTER TABLE dbo.tbl_ventaArchivoDigital ADD nombreArchivoNuevo NVARCHAR(MAX) NULL; END; IF COL_LENGTH('dbo.tbl_ventaArchivoDigital', 'comparacion') IS NULL BEGIN ALTER TABLE dbo.tbl_ventaArchivoDigital ADD comparacion NVARCHAR(30) NULL; END;]
2026-06-23 12:24:01.572 DEBUG 15560 --- [nio-9060-exec-7] o.s.jdbc.datasource.DataSourceUtils      : Fetching JDBC Connection from DataSource
2026-06-23 12:24:01.618 DEBUG 15560 --- [ruz housekeeper] com.zaxxer.hikari.pool.HikariPool        : ConnDb-SantaCruz - Before cleanup stats (total=1, active=0, idle=1, waiting=0)
2026-06-23 12:24:01.619 DEBUG 15560 --- [ruz housekeeper] com.zaxxer.hikari.pool.HikariPool        : ConnDb-SantaCruz - After cleanup  stats (total=1, active=0, idle=1, waiting=0)
2026-06-23 12:24:01.620 DEBUG 15560 --- [ruz housekeeper] com.zaxxer.hikari.pool.HikariPool        : ConnDb-SantaCruz - Fill pool skipped, pool is at sufficient level.
2026-06-23 12:24:01.676 DEBUG 15560 --- [nio-9060-exec-7] o.s.jdbc.core.JdbcTemplate               : Executing SQL query [EXEC dbo.spx_EnlistarOtArchivo_web]
2026-06-23 12:24:01.676 DEBUG 15560 --- [nio-9060-exec-7] o.s.jdbc.datasource.DataSourceUtils      : Fetching JDBC Connection from DataSource
2026-06-23 12:24:03.449 DEBUG 15560 --- [nio-9060-exec-7] o.s.jdbc.core.JdbcTemplate               : Executing SQL query [SELECT cliente_nro, OT, OT_FISICA, Estado FROM dbo.tbl_BO_CITA_MAKIRO_Historial WHERE Vigente = 2   AND OT_FISICA IS NOT NULL]
2026-06-23 12:24:03.450 DEBUG 15560 --- [nio-9060-exec-7] o.s.jdbc.datasource.DataSourceUtils      : Fetching JDBC Connection from DataSource
2026-06-23 12:24:04.555 DEBUG 15560 --- [nio-9060-exec-7] o.s.jdbc.core.JdbcTemplate               : Executing SQL statement [IF OBJECT_ID('dbo.tbl_ventaArchivoDigital', 'U') IS NULL BEGIN CREATE TABLE dbo.tbl_ventaArchivoDigital (id INT IDENTITY(1,1) NOT NULL PRIMARY KEY, id_venta INT NULL, nombreArchivoAnterior NVARCHAR(MAX) NULL, fechaRegistro DATETIME NULL, usuario NVARCHAR(150) NULL); END; IF COL_LENGTH('dbo.tbl_ventaArchivoDigital', 'nombreArchivoNuevo') IS NULL BEGIN ALTER TABLE dbo.tbl_ventaArchivoDigital ADD nombreArchivoNuevo NVARCHAR(MAX) NULL; END; IF COL_LENGTH('dbo.tbl_ventaArchivoDigital', 'comparacion') IS NULL BEGIN ALTER TABLE dbo.tbl_ventaArchivoDigital ADD comparacion NVARCHAR(30) NULL; END;]
2026-06-23 12:24:04.556 DEBUG 15560 --- [nio-9060-exec-7] o.s.jdbc.datasource.DataSourceUtils      : Fetching JDBC Connection from DataSource
2026-06-23 12:24:04.607 DEBUG 15560 --- [nio-9060-exec-7] o.s.jdbc.core.JdbcTemplate               : Executing SQL query [WITH ultimos AS (SELECT id_venta, nombreArchivoNuevo, comparacion, ROW_NUMBER() OVER (PARTITION BY id_venta ORDER BY fechaRegistro DESC, id DESC) AS rn FROM dbo.tbl_ventaArchivoDigital WHERE id_venta IS NOT NULL) SELECT id_venta, nombreArchivoNuevo, comparacion FROM ultimos WHERE rn = 1]
2026-06-23 12:24:04.608 DEBUG 15560 --- [nio-9060-exec-7] o.s.jdbc.datasource.DataSourceUtils      : Fetching JDBC Connection from DataSource
2026-06-23 12:24:04.778 DEBUG 15560 --- [nio-9060-exec-7] o.s.w.s.m.m.a.HttpEntityMethodProcessor  : Using 'application/json', given [application/json, text/plain, */*] and supported [application/json, application/*+json, application/json, application/*+json]
2026-06-23 12:24:04.780 DEBUG 15560 --- [nio-9060-exec-7] o.s.w.s.m.m.a.HttpEntityMethodProcessor  : Writing [com.example.TigoStarSystem.common.ApiResponse@69de21f]
2026-06-23 12:24:05.051 DEBUG 15560 --- [nio-9060-exec-7] o.s.web.servlet.DispatcherServlet        : Completed 200 OK
2026-06-23 12:24:09.728 DEBUG 15560 --- [io-9060-exec-10] o.s.web.servlet.DispatcherServlet        : GET "/boleta-digital/ots", parameters={}
2026-06-23 12:24:09.730 DEBUG 15560 --- [io-9060-exec-10] s.w.s.m.m.a.RequestMappingHandlerMapping : Mapped to com.example.TigoStarSystem.boletadigital.controller.BoletaDigitalController#listar(String)
2026-06-23 12:24:09.737 DEBUG 15560 --- [io-9060-exec-10] o.s.jdbc.core.JdbcTemplate               : Executing SQL query [EXEC dbo.spx_ObtenerSucursalesConexionWeb]
2026-06-23 12:24:09.738 DEBUG 15560 --- [io-9060-exec-10] o.s.jdbc.datasource.DataSourceUtils      : Fetching JDBC Connection from DataSource
2026-06-23 12:24:10.007 DEBUG 15560 --- [io-9060-exec-10] o.s.jdbc.core.JdbcTemplate               : Executing SQL statement [IF OBJECT_ID('dbo.tbl_ventaArchivoDigital', 'U') IS NULL BEGIN CREATE TABLE dbo.tbl_ventaArchivoDigital (id INT IDENTITY(1,1) NOT NULL PRIMARY KEY, id_venta INT NULL, nombreArchivoAnterior NVARCHAR(MAX) NULL, fechaRegistro DATETIME NULL, usuario NVARCHAR(150) NULL); END; IF COL_LENGTH('dbo.tbl_ventaArchivoDigital', 'nombreArchivoNuevo') IS NULL BEGIN ALTER TABLE dbo.tbl_ventaArchivoDigital ADD nombreArchivoNuevo NVARCHAR(MAX) NULL; END; IF COL_LENGTH('dbo.tbl_ventaArchivoDigital', 'comparacion') IS NULL BEGIN ALTER TABLE dbo.tbl_ventaArchivoDigital ADD comparacion NVARCHAR(30) NULL; END;]
2026-06-23 12:24:10.008 DEBUG 15560 --- [io-9060-exec-10] o.s.jdbc.datasource.DataSourceUtils      : Fetching JDBC Connection from DataSource
2026-06-23 12:24:10.118 DEBUG 15560 --- [io-9060-exec-10] o.s.jdbc.core.JdbcTemplate               : Executing SQL query [EXEC dbo.spx_EnlistarOtArchivo_web]
2026-06-23 12:24:10.120 DEBUG 15560 --- [io-9060-exec-10] o.s.jdbc.datasource.DataSourceUtils      : Fetching JDBC Connection from DataSource
2026-06-23 12:24:10.707 DEBUG 15560 --- [l-9 housekeeper] com.zaxxer.hikari.pool.HikariPool        : ConnDb-boleta-digital-sucursal-9 - Before cleanup stats (total=1, active=1, idle=0, waiting=0)
2026-06-23 12:24:10.707 DEBUG 15560 --- [l-9 housekeeper] com.zaxxer.hikari.pool.HikariPool        : ConnDb-boleta-digital-sucursal-9 - After cleanup  stats (total=1, active=1, idle=0, waiting=0)
2026-06-23 12:24:10.709 DEBUG 15560 --- [l-9 housekeeper] com.zaxxer.hikari.pool.HikariPool        : ConnDb-boleta-digital-sucursal-9 - Fill pool skipped, pool is at sufficient level.
2026-06-23 12:24:11.087 DEBUG 15560 --- [io-9060-exec-10] o.s.jdbc.core.JdbcTemplate               : Executing SQL query [SELECT cliente_nro, OT, OT_FISICA, Estado FROM dbo.tbl_BO_CITA_MAKIRO_Historial WHERE Vigente = 2   AND OT_FISICA IS NOT NULL]
2026-06-23 12:24:11.088 DEBUG 15560 --- [io-9060-exec-10] o.s.jdbc.datasource.DataSourceUtils      : Fetching JDBC Connection from DataSource
2026-06-23 12:24:11.852 DEBUG 15560 --- [io-9060-exec-10] o.s.jdbc.core.JdbcTemplate               : Executing SQL statement [IF OBJECT_ID('dbo.tbl_ventaArchivoDigital', 'U') IS NULL BEGIN CREATE TABLE dbo.tbl_ventaArchivoDigital (id INT IDENTITY(1,1) NOT NULL PRIMARY KEY, id_venta INT NULL, nombreArchivoAnterior NVARCHAR(MAX) NULL, fechaRegistro DATETIME NULL, usuario NVARCHAR(150) NULL); END; IF COL_LENGTH('dbo.tbl_ventaArchivoDigital', 'nombreArchivoNuevo') IS NULL BEGIN ALTER TABLE dbo.tbl_ventaArchivoDigital ADD nombreArchivoNuevo NVARCHAR(MAX) NULL; END; IF COL_LENGTH('dbo.tbl_ventaArchivoDigital', 'comparacion') IS NULL BEGIN ALTER TABLE dbo.tbl_ventaArchivoDigital ADD comparacion NVARCHAR(30) NULL; END;]
2026-06-23 12:24:11.853 DEBUG 15560 --- [io-9060-exec-10] o.s.jdbc.datasource.DataSourceUtils      : Fetching JDBC Connection from DataSource
2026-06-23 12:24:11.910 DEBUG 15560 --- [io-9060-exec-10] o.s.jdbc.core.JdbcTemplate               : Executing SQL query [WITH ultimos AS (SELECT id_venta, nombreArchivoNuevo, comparacion, ROW_NUMBER() OVER (PARTITION BY id_venta ORDER BY fechaRegistro DESC, id DESC) AS rn FROM dbo.tbl_ventaArchivoDigital WHERE id_venta IS NOT NULL) SELECT id_venta, nombreArchivoNuevo, comparacion FROM ultimos WHERE rn = 1]
2026-06-23 12:24:11.911 DEBUG 15560 --- [io-9060-exec-10] o.s.jdbc.datasource.DataSourceUtils      : Fetching JDBC Connection from DataSource
2026-06-23 12:24:12.043 DEBUG 15560 --- [io-9060-exec-10] o.s.w.s.m.m.a.HttpEntityMethodProcessor  : Using 'application/json', given [application/json, text/plain, */*] and supported [application/json, application/*+json, application/json, application/*+json]
2026-06-23 12:24:12.044 DEBUG 15560 --- [io-9060-exec-10] o.s.w.s.m.m.a.HttpEntityMethodProcessor  : Writing [com.example.TigoStarSystem.common.ApiResponse@30907b2e]
2026-06-23 12:24:12.292 DEBUG 15560 --- [io-9060-exec-10] o.s.web.servlet.DispatcherServlet        : Completed 200 OK
2026-06-23 12:24:16.776 DEBUG 15560 --- [nio-9060-exec-9] o.s.web.servlet.DispatcherServlet        : GET "/boleta-digital/ots", parameters={}
2026-06-23 12:24:16.778 DEBUG 15560 --- [nio-9060-exec-9] s.w.s.m.m.a.RequestMappingHandlerMapping : Mapped to com.example.TigoStarSystem.boletadigital.controller.BoletaDigitalController#listar(String)
2026-06-23 12:24:16.786 DEBUG 15560 --- [nio-9060-exec-9] o.s.jdbc.core.JdbcTemplate               : Executing SQL query [EXEC dbo.spx_ObtenerSucursalesConexionWeb]
2026-06-23 12:24:16.787 DEBUG 15560 --- [nio-9060-exec-9] o.s.jdbc.datasource.DataSourceUtils      : Fetching JDBC Connection from DataSource
2026-06-23 12:24:17.002 DEBUG 15560 --- [nio-9060-exec-9] o.s.jdbc.core.JdbcTemplate               : Executing SQL statement [IF OBJECT_ID('dbo.tbl_ventaArchivoDigital', 'U') IS NULL BEGIN CREATE TABLE dbo.tbl_ventaArchivoDigital (id INT IDENTITY(1,1) NOT NULL PRIMARY KEY, id_venta INT NULL, nombreArchivoAnterior NVARCHAR(MAX) NULL, fechaRegistro DATETIME NULL, usuario NVARCHAR(150) NULL); END; IF COL_LENGTH('dbo.tbl_ventaArchivoDigital', 'nombreArchivoNuevo') IS NULL BEGIN ALTER TABLE dbo.tbl_ventaArchivoDigital ADD nombreArchivoNuevo NVARCHAR(MAX) NULL; END; IF COL_LENGTH('dbo.tbl_ventaArchivoDigital', 'comparacion') IS NULL BEGIN ALTER TABLE dbo.tbl_ventaArchivoDigital ADD comparacion NVARCHAR(30) NULL; END;]
2026-06-23 12:24:17.003 DEBUG 15560 --- [nio-9060-exec-9] o.s.jdbc.datasource.DataSourceUtils      : Fetching JDBC Connection from DataSource
2026-06-23 12:24:17.054 DEBUG 15560 --- [nio-9060-exec-9] o.s.jdbc.core.JdbcTemplate               : Executing SQL query [EXEC dbo.spx_EnlistarOtArchivo_web]
2026-06-23 12:24:17.055 DEBUG 15560 --- [nio-9060-exec-9] o.s.jdbc.datasource.DataSourceUtils      : Fetching JDBC Connection from DataSource
2026-06-23 12:24:19.077 DEBUG 15560 --- [nio-9060-exec-9] o.s.jdbc.core.JdbcTemplate               : Executing SQL query [SELECT cliente_nro, OT, OT_FISICA, Estado FROM dbo.tbl_BO_CITA_MAKIRO_Historial WHERE Vigente = 2   AND OT_FISICA IS NOT NULL]
2026-06-23 12:24:19.078 DEBUG 15560 --- [nio-9060-exec-9] o.s.jdbc.datasource.DataSourceUtils      : Fetching JDBC Connection from DataSource
2026-06-23 12:24:23.447 DEBUG 15560 --- [nio-9060-exec-9] o.s.jdbc.core.JdbcTemplate               : Executing SQL statement [IF OBJECT_ID('dbo.tbl_ventaArchivoDigital', 'U') IS NULL BEGIN CREATE TABLE dbo.tbl_ventaArchivoDigital (id INT IDENTITY(1,1) NOT NULL PRIMARY KEY, id_venta INT NULL, nombreArchivoAnterior NVARCHAR(MAX) NULL, fechaRegistro DATETIME NULL, usuario NVARCHAR(150) NULL); END; IF COL_LENGTH('dbo.tbl_ventaArchivoDigital', 'nombreArchivoNuevo') IS NULL BEGIN ALTER TABLE dbo.tbl_ventaArchivoDigital ADD nombreArchivoNuevo NVARCHAR(MAX) NULL; END; IF COL_LENGTH('dbo.tbl_ventaArchivoDigital', 'comparacion') IS NULL BEGIN ALTER TABLE dbo.tbl_ventaArchivoDigital ADD comparacion NVARCHAR(30) NULL; END;]
2026-06-23 12:24:23.448 DEBUG 15560 --- [nio-9060-exec-9] o.s.jdbc.datasource.DataSourceUtils      : Fetching JDBC Connection from DataSource
2026-06-23 12:24:23.520 DEBUG 15560 --- [nio-9060-exec-9] o.s.jdbc.core.JdbcTemplate               : Executing SQL query [WITH ultimos AS (SELECT id_venta, nombreArchivoNuevo, comparacion, ROW_NUMBER() OVER (PARTITION BY id_venta ORDER BY fechaRegistro DESC, id DESC) AS rn FROM dbo.tbl_ventaArchivoDigital WHERE id_venta IS NOT NULL) SELECT id_venta, nombreArchivoNuevo, comparacion FROM ultimos WHERE rn = 1]
2026-06-23 12:24:23.520 DEBUG 15560 --- [nio-9060-exec-9] o.s.jdbc.datasource.DataSourceUtils      : Fetching JDBC Connection from DataSource
2026-06-23 12:24:23.862 DEBUG 15560 --- [nio-9060-exec-9] o.s.w.s.m.m.a.HttpEntityMethodProcessor  : Using 'application/json', given [application/json, text/plain, */*] and supported [application/json, application/*+json, application/json, application/*+json]
2026-06-23 12:24:23.863 DEBUG 15560 --- [nio-9060-exec-9] o.s.w.s.m.m.a.HttpEntityMethodProcessor  : Writing [com.example.TigoStarSystem.common.ApiResponse@235af37b]
2026-06-23 12:24:24.662 DEBUG 15560 --- [nio-9060-exec-9] o.s.web.servlet.DispatcherServlet        : Completed 200 OK
2026-06-23 12:24:26.013 DEBUG 15560 --- [ool housekeeper] com.zaxxer.hikari.pool.HikariPool        : CentralHikariPool - Before cleanup stats (total=1, active=0, idle=1, waiting=0)
2026-06-23 12:24:26.015 DEBUG 15560 --- [ool housekeeper] com.zaxxer.hikari.pool.HikariPool        : CentralHikariPool - After cleanup  stats (total=1, active=0, idle=1, waiting=0)
2026-06-23 12:24:26.017 DEBUG 15560 --- [ool housekeeper] com.zaxxer.hikari.pool.HikariPool        : CentralHikariPool - Fill pool skipped, pool is at sufficient level.
2026-06-23 12:24:26.589 DEBUG 15560 --- [ool housekeeper] com.zaxxer.hikari.pool.HikariPool        : TigoHogarHikariPool - Before cleanup stats (total=0, active=0, idle=0, waiting=0)
2026-06-23 12:24:26.590 DEBUG 15560 --- [ool housekeeper] com.zaxxer.hikari.pool.HikariPool        : TigoHogarHikariPool - After cleanup  stats (total=0, active=0, idle=0, waiting=0)
2026-06-23 12:24:26.592 DEBUG 15560 --- [ool housekeeper] com.zaxxer.hikari.pool.HikariPool        : TigoHogarHikariPool - Fill pool skipped, pool is at sufficient level.
2026-06-23 12:24:29.098 DEBUG 15560 --- [l-1 housekeeper] com.zaxxer.hikari.pool.HikariPool        : HikariPool-1 - Before cleanup stats (total=1, active=0, idle=1, waiting=0)
2026-06-23 12:24:29.100 DEBUG 15560 --- [l-1 housekeeper] com.zaxxer.hikari.pool.HikariPool        : HikariPool-1 - After cleanup  stats (total=1, active=0, idle=1, waiting=0)
2026-06-23 12:24:29.101 DEBUG 15560 --- [l-1 housekeeper] com.zaxxer.hikari.pool.HikariPool        : HikariPool-1 - Fill pool skipped, pool is at sufficient level.
2026-06-23 12:24:29.664 DEBUG 15560 --- [ool housekeeper] com.zaxxer.hikari.pool.HikariPool        : CentralHikariPool - keepalive: connection net.sourceforge.jtds.jdbc.JtdsConnection@980a4a is alive
2026-06-23 12:24:31.633 DEBUG 15560 --- [ruz housekeeper] com.zaxxer.hikari.pool.HikariPool        : ConnDb-SantaCruz - Before cleanup stats (total=1, active=0, idle=1, waiting=0)
2026-06-23 12:24:31.636 DEBUG 15560 --- [ruz housekeeper] com.zaxxer.hikari.pool.HikariPool        : ConnDb-SantaCruz - After cleanup  stats (total=1, active=0, idle=1, waiting=0)
2026-06-23 12:24:31.637 DEBUG 15560 --- [ruz housekeeper] com.zaxxer.hikari.pool.HikariPool        : ConnDb-SantaCruz - Fill pool skipped, pool is at sufficient level.
2026-06-23 12:24:40.713 DEBUG 15560 --- [l-9 housekeeper] com.zaxxer.hikari.pool.HikariPool        : ConnDb-boleta-digital-sucursal-9 - Before cleanup stats (total=1, active=0, idle=1, waiting=0)
2026-06-23 12:24:40.717 DEBUG 15560 --- [l-9 housekeeper] com.zaxxer.hikari.pool.HikariPool        : ConnDb-boleta-digital-sucursal-9 - After cleanup  stats (total=1, active=0, idle=1, waiting=0)
2026-06-23 12:24:40.718 DEBUG 15560 --- [l-9 housekeeper] com.zaxxer.hikari.pool.HikariPool        : ConnDb-boleta-digital-sucursal-9 - Fill pool skipped, pool is at sufficient level.
2026-06-23 12:24:41.904 DEBUG 15560 --- [nio-9060-exec-5] o.s.web.servlet.DispatcherServlet        : GET "/auth/permisos", parameters={}
2026-06-23 12:24:41.907 DEBUG 15560 --- [nio-9060-exec-5] s.w.s.m.m.a.RequestMappingHandlerMapping : Mapped to com.example.TigoStarSystem.auth.controller.AuthPermisosController#permisos(String)
2026-06-23 12:24:41.925 DEBUG 15560 --- [nio-9060-exec-5] o.s.jdbc.core.JdbcTemplate               : Executing prepared SQL query
2026-06-23 12:24:41.926 DEBUG 15560 --- [nio-9060-exec-5] o.s.jdbc.core.JdbcTemplate               : Executing prepared SQL statement [SELECT TOP 1 CAST(ut.id AS INT) AS id_usuario_tecnico FROM dbo.tbl_UsuarioTecnico ut WHERE (ut.id_usuario = ? OR ut.idusuario = ? OR ut.id_tecnico = ? OR ut.idtecnico = ?)   AND ISNULL(ut.e_eliminado, 0) = 0]
2026-06-23 12:24:41.927 DEBUG 15560 --- [nio-9060-exec-5] o.s.jdbc.datasource.DataSourceUtils      : Fetching JDBC Connection from DataSource
2026-06-23 12:24:42.023  INFO 15560 --- [onnection adder] com.zaxxer.hikari.pool.PoolBase          : TigoHogarHikariPool - Driver does not support get/set network timeout for connections. (null)
2026-06-23 12:24:42.103 DEBUG 15560 --- [onnection adder] com.zaxxer.hikari.pool.HikariPool        : TigoHogarHikariPool - Added connection net.sourceforge.jtds.jdbc.JtdsConnection@c488eff
2026-06-23 12:24:42.385 DEBUG 15560 --- [nio-9060-exec-5] o.s.jdbc.datasource.DataSourceUtils      : Fetching JDBC Connection from DataSource
2026-06-23 12:24:42.397 DEBUG 15560 --- [nio-9060-exec-5] o.s.jdbc.core.JdbcTemplate               : Executing prepared SQL query
2026-06-23 12:24:42.398 DEBUG 15560 --- [nio-9060-exec-5] o.s.jdbc.core.JdbcTemplate               : Executing prepared SQL statement [SELECT TOP 1 CAST(ut.Id AS INT) AS id_usuario_tecnico FROM dbo.tbl_UsuarioTecnico ut WHERE (ut.Id_Usuario = ? OR ut.IdUsuario = ? OR ut.Id_Tecnico = ? OR ut.IdTecnico = ?)   AND ISNULL(ut.E_Eliminado, 0) = 0]
2026-06-23 12:24:42.399 DEBUG 15560 --- [nio-9060-exec-5] o.s.jdbc.datasource.DataSourceUtils      : Fetching JDBC Connection from DataSource
2026-06-23 12:24:42.477 DEBUG 15560 --- [nio-9060-exec-5] o.s.jdbc.core.JdbcTemplate               : Executing prepared SQL query
2026-06-23 12:24:42.478 DEBUG 15560 --- [nio-9060-exec-5] o.s.jdbc.core.JdbcTemplate               : Executing prepared SQL statement [SELECT TOP 1 CAST(ut.id AS INT) AS id_usuario_tecnico FROM dbo.tbl_usuariotecnico ut WHERE (ut.id_usuario = ? OR ut.idusuario = ? OR ut.id_tecnico = ? OR ut.idtecnico = ?)   AND ISNULL(ut.e_eliminado, 0) = 0]
2026-06-23 12:24:42.479 DEBUG 15560 --- [nio-9060-exec-5] o.s.jdbc.datasource.DataSourceUtils      : Fetching JDBC Connection from DataSource
2026-06-23 12:24:42.584 DEBUG 15560 --- [nio-9060-exec-5] o.s.jdbc.core.JdbcTemplate               : Executing prepared SQL query
2026-06-23 12:24:42.585 DEBUG 15560 --- [nio-9060-exec-5] o.s.jdbc.core.JdbcTemplate               : Executing prepared SQL statement [SELECT TOP 1 CAST(ut.id AS INT) AS id_usuario_tecnico FROM dbo.tbl_usuaritecnico ut WHERE (ut.id_usuario = ? OR ut.idusuario = ? OR ut.id_tecnico = ? OR ut.idtecnico = ?)   AND ISNULL(ut.e_eliminado, 0) = 0]
2026-06-23 12:24:42.585 DEBUG 15560 --- [nio-9060-exec-5] o.s.jdbc.datasource.DataSourceUtils      : Fetching JDBC Connection from DataSource
2026-06-23 12:24:42.641 DEBUG 15560 --- [nio-9060-exec-5] o.s.jdbc.core.JdbcTemplate               : Executing prepared SQL query
2026-06-23 12:24:42.641 DEBUG 15560 --- [nio-9060-exec-5] o.s.jdbc.core.JdbcTemplate               : Executing prepared SQL statement [SELECT TOP 1 CAST(ut.id_vendedor AS INT) AS id_vendedor FROM dbo.tbl_UsuarioTecnico ut WHERE (ut.id_usuario = ? OR ut.idusuario = ? OR ut.id = ? OR ut.id_tecnico = ? OR ut.idtecnico = ?)   AND ISNULL(ut.e_eliminado, 0) = 0 AND ut.id_vendedor IS NOT NULL]
2026-06-23 12:24:42.642 DEBUG 15560 --- [nio-9060-exec-5] o.s.jdbc.datasource.DataSourceUtils      : Fetching JDBC Connection from DataSource
2026-06-23 12:24:42.717 DEBUG 15560 --- [nio-9060-exec-5] o.s.jdbc.core.JdbcTemplate               : Executing prepared SQL query
2026-06-23 12:24:42.717 DEBUG 15560 --- [nio-9060-exec-5] o.s.jdbc.core.JdbcTemplate               : Executing prepared SQL statement [SELECT TOP 1 CAST(ut.Id_Vendedor AS INT) AS id_vendedor FROM dbo.tbl_UsuarioTecnico ut WHERE (ut.Id_Usuario = ? OR ut.IdUsuario = ? OR ut.Id = ? OR ut.Id_Tecnico = ? OR ut.IdTecnico = ?)   AND ISNULL(ut.E_Eliminado, 0) = 0 AND ut.Id_Vendedor IS NOT NULL]
2026-06-23 12:24:42.718 DEBUG 15560 --- [nio-9060-exec-5] o.s.jdbc.datasource.DataSourceUtils      : Fetching JDBC Connection from DataSource
2026-06-23 12:24:42.784 DEBUG 15560 --- [nio-9060-exec-5] o.s.jdbc.core.JdbcTemplate               : Executing prepared SQL query
2026-06-23 12:24:42.785 DEBUG 15560 --- [nio-9060-exec-5] o.s.jdbc.core.JdbcTemplate               : Executing prepared SQL statement [SELECT TOP 1 CAST(ut.idvendedor AS INT) AS id_vendedor FROM dbo.tbl_usuariotecnico ut WHERE (ut.id_usuario = ? OR ut.idusuario = ? OR ut.id = ? OR ut.id_tecnico = ? OR ut.idtecnico = ?)   AND ISNULL(ut.e_eliminado, 0) = 0 AND ut.idvendedor IS NOT NULL]
2026-06-23 12:24:42.786 DEBUG 15560 --- [nio-9060-exec-5] o.s.jdbc.datasource.DataSourceUtils      : Fetching JDBC Connection from DataSource
2026-06-23 12:24:42.879 DEBUG 15560 --- [nio-9060-exec-5] o.s.jdbc.core.JdbcTemplate               : Executing prepared SQL query
2026-06-23 12:24:42.879 DEBUG 15560 --- [nio-9060-exec-5] o.s.jdbc.core.JdbcTemplate               : Executing prepared SQL statement [SELECT TOP 1 g.id_grupo, ISNULL(g.supervisor_ausente, 0) AS supervisor_ausente, gb.id_grupo_backup, gb.id_usuario_tecnico_temporal, ISNULL(gb.e_activo, 0) AS backup_activo, gb.fecha_inicio, gs.id_usuario AS id_usuario_supervisor FROM dbo.tbl_Grupo g LEFT JOIN dbo.tbl_GrupoSup gs ON gs.id_grupo = g.id_grupo LEFT JOIN dbo.tbl_GrupoBackup gb        ON gb.id_grupo = g.id_grupo       AND ISNULL(gb.e_activo, 0) = 1 WHERE ISNULL(g.e_eliminado, 0) = 0   AND (gs.id_usuario = ? OR gb.id_usuario_tecnico_temporal = ? OR gb.id_usuario_tecnico_temporal = ? OR gb.id_usuario_tecnico_temporal = ?) ORDER BY CASE WHEN gb.id_usuario_tecnico_temporal = ? THEN 0               WHEN gb.id_usuario_tecnico_temporal = ? THEN 1               WHEN gb.id_usuario_tecnico_temporal = ? THEN 2 ELSE 3 END,          gb.id_grupo_backup DESC, g.id_grupo DESC]
2026-06-23 12:24:42.880 DEBUG 15560 --- [nio-9060-exec-5] o.s.jdbc.datasource.DataSourceUtils      : Fetching JDBC Connection from DataSource
2026-06-23 12:24:43.077 DEBUG 15560 --- [nio-9060-exec-5] o.s.jdbc.core.JdbcTemplate               : Executing prepared SQL query
2026-06-23 12:24:43.078 DEBUG 15560 --- [nio-9060-exec-5] o.s.jdbc.core.JdbcTemplate               : Executing prepared SQL statement [SELECT TOP 1 CAST(ut.id AS INT) AS id_usuario_tecnico FROM dbo.tbl_UsuarioTecnico ut WHERE (ut.id_usuario = ? OR ut.idusuario = ? OR ut.id_tecnico = ? OR ut.idtecnico = ?)   AND ISNULL(ut.e_eliminado, 0) = 0]
2026-06-23 12:24:43.078 DEBUG 15560 --- [nio-9060-exec-5] o.s.jdbc.datasource.DataSourceUtils      : Fetching JDBC Connection from DataSource
2026-06-23 12:24:43.217 DEBUG 15560 --- [nio-9060-exec-5] o.s.jdbc.datasource.DataSourceUtils      : Fetching JDBC Connection from DataSource
2026-06-23 12:24:43.218 DEBUG 15560 --- [nio-9060-exec-5] o.s.jdbc.core.JdbcTemplate               : Executing prepared SQL query
2026-06-23 12:24:43.218 DEBUG 15560 --- [nio-9060-exec-5] o.s.jdbc.core.JdbcTemplate               : Executing prepared SQL statement [SELECT TOP 1 CAST(ut.Id AS INT) AS id_usuario_tecnico FROM dbo.tbl_UsuarioTecnico ut WHERE (ut.Id_Usuario = ? OR ut.IdUsuario = ? OR ut.Id_Tecnico = ? OR ut.IdTecnico = ?)   AND ISNULL(ut.E_Eliminado, 0) = 0]
2026-06-23 12:24:43.219 DEBUG 15560 --- [nio-9060-exec-5] o.s.jdbc.datasource.DataSourceUtils      : Fetching JDBC Connection from DataSource
2026-06-23 12:24:43.363 DEBUG 15560 --- [nio-9060-exec-5] o.s.jdbc.core.JdbcTemplate               : Executing prepared SQL query
2026-06-23 12:24:43.364 DEBUG 15560 --- [nio-9060-exec-5] o.s.jdbc.core.JdbcTemplate               : Executing prepared SQL statement [SELECT TOP 1 CAST(ut.id AS INT) AS id_usuario_tecnico FROM dbo.tbl_usuariotecnico ut WHERE (ut.id_usuario = ? OR ut.idusuario = ? OR ut.id_tecnico = ? OR ut.idtecnico = ?)   AND ISNULL(ut.e_eliminado, 0) = 0]
2026-06-23 12:24:43.365 DEBUG 15560 --- [nio-9060-exec-5] o.s.jdbc.datasource.DataSourceUtils      : Fetching JDBC Connection from DataSource
2026-06-23 12:24:43.395 DEBUG 15560 --- [nio-9060-exec-5] o.s.jdbc.core.JdbcTemplate               : Executing prepared SQL query
2026-06-23 12:24:43.396 DEBUG 15560 --- [nio-9060-exec-5] o.s.jdbc.core.JdbcTemplate               : Executing prepared SQL statement [SELECT TOP 1 CAST(ut.id AS INT) AS id_usuario_tecnico FROM dbo.tbl_usuaritecnico ut WHERE (ut.id_usuario = ? OR ut.idusuario = ? OR ut.id_tecnico = ? OR ut.idtecnico = ?)   AND ISNULL(ut.e_eliminado, 0) = 0]
2026-06-23 12:24:43.397 DEBUG 15560 --- [nio-9060-exec-5] o.s.jdbc.datasource.DataSourceUtils      : Fetching JDBC Connection from DataSource
2026-06-23 12:24:43.442 DEBUG 15560 --- [nio-9060-exec-5] o.s.jdbc.core.JdbcTemplate               : Executing prepared SQL query
2026-06-23 12:24:43.443 DEBUG 15560 --- [nio-9060-exec-5] o.s.jdbc.core.JdbcTemplate               : Executing prepared SQL statement [SELECT TOP 1 CAST(ut.id_vendedor AS INT) AS id_vendedor FROM dbo.tbl_UsuarioTecnico ut WHERE (ut.id_usuario = ? OR ut.idusuario = ? OR ut.id = ? OR ut.id_tecnico = ? OR ut.idtecnico = ?)   AND ISNULL(ut.e_eliminado, 0) = 0 AND ut.id_vendedor IS NOT NULL]
2026-06-23 12:24:43.444 DEBUG 15560 --- [nio-9060-exec-5] o.s.jdbc.datasource.DataSourceUtils      : Fetching JDBC Connection from DataSource
2026-06-23 12:24:43.677 DEBUG 15560 --- [nio-9060-exec-5] o.s.jdbc.core.JdbcTemplate               : Executing prepared SQL query
2026-06-23 12:24:43.678 DEBUG 15560 --- [nio-9060-exec-5] o.s.jdbc.core.JdbcTemplate               : Executing prepared SQL statement [SELECT TOP 1 CAST(ut.Id_Vendedor AS INT) AS id_vendedor FROM dbo.tbl_UsuarioTecnico ut WHERE (ut.Id_Usuario = ? OR ut.IdUsuario = ? OR ut.Id = ? OR ut.Id_Tecnico = ? OR ut.IdTecnico = ?)   AND ISNULL(ut.E_Eliminado, 0) = 0 AND ut.Id_Vendedor IS NOT NULL]
2026-06-23 12:24:43.679 DEBUG 15560 --- [nio-9060-exec-5] o.s.jdbc.datasource.DataSourceUtils      : Fetching JDBC Connection from DataSource
2026-06-23 12:24:43.695 DEBUG 15560 --- [nio-9060-exec-5] o.s.jdbc.core.JdbcTemplate               : Executing prepared SQL query
2026-06-23 12:24:43.696 DEBUG 15560 --- [nio-9060-exec-5] o.s.jdbc.core.JdbcTemplate               : Executing prepared SQL statement [SELECT TOP 1 CAST(ut.idvendedor AS INT) AS id_vendedor FROM dbo.tbl_usuariotecnico ut WHERE (ut.id_usuario = ? OR ut.idusuario = ? OR ut.id = ? OR ut.id_tecnico = ? OR ut.idtecnico = ?)   AND ISNULL(ut.e_eliminado, 0) = 0 AND ut.idvendedor IS NOT NULL]
2026-06-23 12:24:43.697 DEBUG 15560 --- [nio-9060-exec-5] o.s.jdbc.datasource.DataSourceUtils      : Fetching JDBC Connection from DataSource
2026-06-23 12:24:43.713 DEBUG 15560 --- [nio-9060-exec-5] o.s.jdbc.core.JdbcTemplate               : Executing prepared SQL query
2026-06-23 12:24:43.714 DEBUG 15560 --- [nio-9060-exec-5] o.s.jdbc.core.JdbcTemplate               : Executing prepared SQL statement [SELECT TOP 1 g.id_grupo, ISNULL(g.supervisor_ausente, 0) AS supervisor_ausente, gb.id_grupo_backup, gb.id_usuario_tecnico_temporal, ISNULL(gb.e_activo, 0) AS backup_activo, gb.fecha_inicio, gs.id_usuario AS id_usuario_supervisor FROM dbo.tbl_Grupo g LEFT JOIN dbo.tbl_GrupoSup gs ON gs.id_grupo = g.id_grupo LEFT JOIN dbo.tbl_GrupoBackup gb        ON gb.id_grupo = g.id_grupo       AND ISNULL(gb.e_activo, 0) = 1 WHERE ISNULL(g.e_eliminado, 0) = 0   AND (gs.id_usuario = ? OR gb.id_usuario_tecnico_temporal = ? OR gb.id_usuario_tecnico_temporal = ? OR gb.id_usuario_tecnico_temporal = ?) ORDER BY CASE WHEN gb.id_usuario_tecnico_temporal = ? THEN 0               WHEN gb.id_usuario_tecnico_temporal = ? THEN 1               WHEN gb.id_usuario_tecnico_temporal = ? THEN 2 ELSE 3 END,          gb.id_grupo_backup DESC, g.id_grupo DESC]
2026-06-23 12:24:43.715 DEBUG 15560 --- [nio-9060-exec-5] o.s.jdbc.datasource.DataSourceUtils      : Fetching JDBC Connection from DataSource
2026-06-23 12:24:43.799 DEBUG 15560 --- [nio-9060-exec-5] o.s.jdbc.core.JdbcTemplate               : Executing SQL update [IF OBJECT_ID('dbo.backup_temporal', 'U') IS NULL BEGIN CREATE TABLE dbo.backup_temporal (id_backup_temporal INT IDENTITY(1,1) NOT NULL PRIMARY KEY, id_usuario INT NOT NULL, id_grupo INT NULL, id_rol_temporal INT NOT NULL, e_activo BIT NOT NULL CONSTRAINT DF_backup_temporal_e_activo DEFAULT(1), fecha_inicio DATETIME NOT NULL CONSTRAINT DF_backup_temporal_fecha_inicio DEFAULT(GETDATE()), fecha_fin DATETIME NULL, fecha_registro DATETIME NOT NULL CONSTRAINT DF_backup_temporal_fecha_registro DEFAULT(GETDATE()), fecha_actualizacion DATETIME NULL); END]
2026-06-23 12:24:43.801 DEBUG 15560 --- [nio-9060-exec-5] o.s.jdbc.datasource.DataSourceUtils      : Fetching JDBC Connection from DataSource
2026-06-23 12:24:43.837 DEBUG 15560 --- [nio-9060-exec-5] o.s.jdbc.core.JdbcTemplate               : Executing SQL update [IF COL_LENGTH('dbo.backup_temporal', 'id_grupo') IS NULL BEGIN ALTER TABLE dbo.backup_temporal ADD id_grupo INT NULL; END]
2026-06-23 12:24:43.838 DEBUG 15560 --- [nio-9060-exec-5] o.s.jdbc.datasource.DataSourceUtils      : Fetching JDBC Connection from DataSource
2026-06-23 12:24:43.889 DEBUG 15560 --- [nio-9060-exec-5] o.s.jdbc.core.JdbcTemplate               : Executing SQL update [IF NOT EXISTS (SELECT 1 FROM sys.indexes WHERE object_id = OBJECT_ID('dbo.backup_temporal')   AND name = 'IX_backup_temporal_usuario_activo') BEGIN CREATE INDEX IX_backup_temporal_usuario_activo ON dbo.backup_temporal(id_usuario, e_activo, fecha_fin); END]
2026-06-23 12:24:43.890 DEBUG 15560 --- [nio-9060-exec-5] o.s.jdbc.datasource.DataSourceUtils      : Fetching JDBC Connection from DataSource
2026-06-23 12:24:43.935 DEBUG 15560 --- [nio-9060-exec-5] o.s.jdbc.core.JdbcTemplate               : Executing prepared SQL query
2026-06-23 12:24:43.936 DEBUG 15560 --- [nio-9060-exec-5] o.s.jdbc.core.JdbcTemplate               : Executing prepared SQL statement [SELECT TOP 1 CAST(ut.id AS INT) AS alt_id FROM dbo.tbl_UsuarioTecnico ut WHERE (ut.id_usuario = ? OR ut.idusuario = ? OR ut.id_tecnico = ? OR ut.idtecnico = ?)   AND ISNULL(ut.e_eliminado, 0) = 0]
2026-06-23 12:24:43.937 DEBUG 15560 --- [nio-9060-exec-5] o.s.jdbc.datasource.DataSourceUtils      : Fetching JDBC Connection from DataSource
2026-06-23 12:24:44.044 DEBUG 15560 --- [nio-9060-exec-5] o.s.jdbc.core.JdbcTemplate               : Executing prepared SQL query
2026-06-23 12:24:44.045 DEBUG 15560 --- [nio-9060-exec-5] o.s.jdbc.core.JdbcTemplate               : Executing prepared SQL statement [SELECT TOP 1 CAST(ut.id_vendedor AS INT) AS alt_id FROM dbo.tbl_UsuarioTecnico ut WHERE (ut.id_usuario = ? OR ut.idusuario = ? OR ut.id_tecnico = ? OR ut.idtecnico = ?)   AND ISNULL(ut.e_eliminado, 0) = 0   AND ut.id_vendedor IS NOT NULL]
2026-06-23 12:24:44.046 DEBUG 15560 --- [nio-9060-exec-5] o.s.jdbc.datasource.DataSourceUtils      : Fetching JDBC Connection from DataSource
2026-06-23 12:24:44.171 DEBUG 15560 --- [nio-9060-exec-5] o.s.jdbc.core.JdbcTemplate               : Executing prepared SQL query
2026-06-23 12:24:44.172 DEBUG 15560 --- [nio-9060-exec-5] o.s.jdbc.core.JdbcTemplate               : Executing prepared SQL statement [SELECT TOP 1 CAST(ut.Id AS INT) AS alt_id FROM dbo.tbl_UsuarioTecnico ut WHERE (ut.Id_Usuario = ? OR ut.IdUsuario = ? OR ut.Id_Tecnico = ? OR ut.IdTecnico = ?)   AND ISNULL(ut.E_Eliminado, 0) = 0]
2026-06-23 12:24:44.173 DEBUG 15560 --- [nio-9060-exec-5] o.s.jdbc.datasource.DataSourceUtils      : Fetching JDBC Connection from DataSource
2026-06-23 12:24:44.321 DEBUG 15560 --- [nio-9060-exec-5] o.s.jdbc.core.JdbcTemplate               : Executing prepared SQL query
2026-06-23 12:24:44.321 DEBUG 15560 --- [nio-9060-exec-5] o.s.jdbc.core.JdbcTemplate               : Executing prepared SQL statement [SELECT TOP 1 CAST(ut.Id_Vendedor AS INT) AS alt_id FROM dbo.tbl_UsuarioTecnico ut WHERE (ut.Id_Usuario = ? OR ut.IdUsuario = ? OR ut.Id_Tecnico = ? OR ut.IdTecnico = ?)   AND ISNULL(ut.E_Eliminado, 0) = 0   AND ut.Id_Vendedor IS NOT NULL]
2026-06-23 12:24:44.322 DEBUG 15560 --- [nio-9060-exec-5] o.s.jdbc.datasource.DataSourceUtils      : Fetching JDBC Connection from DataSource
2026-06-23 12:24:44.427 DEBUG 15560 --- [nio-9060-exec-5] o.s.jdbc.core.JdbcTemplate               : Executing prepared SQL query
2026-06-23 12:24:44.428 DEBUG 15560 --- [nio-9060-exec-5] o.s.jdbc.core.JdbcTemplate               : Executing prepared SQL statement [SELECT TOP 1 CAST(ut.id AS INT) AS alt_id FROM dbo.tbl_usuariotecnico ut WHERE (ut.id_usuario = ? OR ut.idusuario = ? OR ut.id_tecnico = ? OR ut.idtecnico = ?)   AND ISNULL(ut.e_eliminado, 0) = 0]
2026-06-23 12:24:44.429 DEBUG 15560 --- [nio-9060-exec-5] o.s.jdbc.datasource.DataSourceUtils      : Fetching JDBC Connection from DataSource
2026-06-23 12:24:44.517 DEBUG 15560 --- [nio-9060-exec-5] o.s.jdbc.core.JdbcTemplate               : Executing prepared SQL query
2026-06-23 12:24:44.518 DEBUG 15560 --- [nio-9060-exec-5] o.s.jdbc.core.JdbcTemplate               : Executing prepared SQL statement [SELECT TOP 1 CAST(ut.id_vendedor AS INT) AS alt_id FROM dbo.tbl_usuariotecnico ut WHERE (ut.id_usuario = ? OR ut.idusuario = ? OR ut.id_tecnico = ? OR ut.idtecnico = ?)   AND ISNULL(ut.e_eliminado, 0) = 0   AND ut.id_vendedor IS NOT NULL]
2026-06-23 12:24:44.518 DEBUG 15560 --- [nio-9060-exec-5] o.s.jdbc.datasource.DataSourceUtils      : Fetching JDBC Connection from DataSource
2026-06-23 12:24:45.041 DEBUG 15560 --- [nio-9060-exec-5] o.s.jdbc.core.JdbcTemplate               : Executing prepared SQL query
2026-06-23 12:24:45.042 DEBUG 15560 --- [nio-9060-exec-5] o.s.jdbc.core.JdbcTemplate               : Executing prepared SQL statement [SELECT TOP 1 CAST(ut.id AS INT) AS alt_id FROM dbo.tbl_UsuarioTecnico ut WHERE (ut.id_usuario = ? OR ut.idusuario = ? OR ut.id_tecnico = ? OR ut.idtecnico = ?)   AND ISNULL(ut.e_eliminado, 0) = 0]
2026-06-23 12:24:45.043 DEBUG 15560 --- [nio-9060-exec-5] o.s.jdbc.datasource.DataSourceUtils      : Fetching JDBC Connection from DataSource
2026-06-23 12:24:45.196 DEBUG 15560 --- [nio-9060-exec-5] o.s.jdbc.core.JdbcTemplate               : Executing prepared SQL query
2026-06-23 12:24:45.196 DEBUG 15560 --- [nio-9060-exec-5] o.s.jdbc.core.JdbcTemplate               : Executing prepared SQL statement [SELECT TOP 1 CAST(ut.id_vendedor AS INT) AS alt_id FROM dbo.tbl_UsuarioTecnico ut WHERE (ut.id_usuario = ? OR ut.idusuario = ? OR ut.id_tecnico = ? OR ut.idtecnico = ?)   AND ISNULL(ut.e_eliminado, 0) = 0   AND ut.id_vendedor IS NOT NULL]
2026-06-23 12:24:45.197 DEBUG 15560 --- [nio-9060-exec-5] o.s.jdbc.datasource.DataSourceUtils      : Fetching JDBC Connection from DataSource
2026-06-23 12:24:45.229 DEBUG 15560 --- [nio-9060-exec-5] o.s.jdbc.core.JdbcTemplate               : Executing prepared SQL query
2026-06-23 12:24:45.230 DEBUG 15560 --- [nio-9060-exec-5] o.s.jdbc.core.JdbcTemplate               : Executing prepared SQL statement [SELECT TOP 1 CAST(ut.Id AS INT) AS alt_id FROM dbo.tbl_UsuarioTecnico ut WHERE (ut.Id_Usuario = ? OR ut.IdUsuario = ? OR ut.Id_Tecnico = ? OR ut.IdTecnico = ?)   AND ISNULL(ut.E_Eliminado, 0) = 0]
2026-06-23 12:24:45.231 DEBUG 15560 --- [nio-9060-exec-5] o.s.jdbc.datasource.DataSourceUtils      : Fetching JDBC Connection from DataSource
2026-06-23 12:24:45.264 DEBUG 15560 --- [nio-9060-exec-5] o.s.jdbc.core.JdbcTemplate               : Executing prepared SQL query
2026-06-23 12:24:45.265 DEBUG 15560 --- [nio-9060-exec-5] o.s.jdbc.core.JdbcTemplate               : Executing prepared SQL statement [SELECT TOP 1 CAST(ut.Id_Vendedor AS INT) AS alt_id FROM dbo.tbl_UsuarioTecnico ut WHERE (ut.Id_Usuario = ? OR ut.IdUsuario = ? OR ut.Id_Tecnico = ? OR ut.IdTecnico = ?)   AND ISNULL(ut.E_Eliminado, 0) = 0   AND ut.Id_Vendedor IS NOT NULL]
2026-06-23 12:24:45.266 DEBUG 15560 --- [nio-9060-exec-5] o.s.jdbc.datasource.DataSourceUtils      : Fetching JDBC Connection from DataSource
2026-06-23 12:24:45.365 DEBUG 15560 --- [nio-9060-exec-5] o.s.jdbc.core.JdbcTemplate               : Executing prepared SQL query
2026-06-23 12:24:45.366 DEBUG 15560 --- [nio-9060-exec-5] o.s.jdbc.core.JdbcTemplate               : Executing prepared SQL statement [SELECT TOP 1 CAST(ut.id AS INT) AS alt_id FROM dbo.tbl_usuariotecnico ut WHERE (ut.id_usuario = ? OR ut.idusuario = ? OR ut.id_tecnico = ? OR ut.idtecnico = ?)   AND ISNULL(ut.e_eliminado, 0) = 0]
2026-06-23 12:24:45.366 DEBUG 15560 --- [nio-9060-exec-5] o.s.jdbc.datasource.DataSourceUtils      : Fetching JDBC Connection from DataSource
2026-06-23 12:24:45.407 DEBUG 15560 --- [nio-9060-exec-5] o.s.jdbc.core.JdbcTemplate               : Executing prepared SQL query
2026-06-23 12:24:45.408 DEBUG 15560 --- [nio-9060-exec-5] o.s.jdbc.core.JdbcTemplate               : Executing prepared SQL statement [SELECT TOP 1 CAST(ut.id_vendedor AS INT) AS alt_id FROM dbo.tbl_usuariotecnico ut WHERE (ut.id_usuario = ? OR ut.idusuario = ? OR ut.id_tecnico = ? OR ut.idtecnico = ?)   AND ISNULL(ut.e_eliminado, 0) = 0   AND ut.id_vendedor IS NOT NULL]
2026-06-23 12:24:45.409 DEBUG 15560 --- [nio-9060-exec-5] o.s.jdbc.datasource.DataSourceUtils      : Fetching JDBC Connection from DataSource
2026-06-23 12:24:45.444 DEBUG 15560 --- [nio-9060-exec-5] o.s.jdbc.core.JdbcTemplate               : Executing prepared SQL query
2026-06-23 12:24:45.444 DEBUG 15560 --- [nio-9060-exec-5] o.s.jdbc.core.JdbcTemplate               : Executing prepared SQL statement [SELECT TOP 1 CAST(ut.id AS INT) AS alt_id FROM dbo.tbl_UsuarioTecnico ut WHERE (ut.id_usuario = ? OR ut.idusuario = ? OR ut.id_tecnico = ? OR ut.idtecnico = ?)   AND ISNULL(ut.e_eliminado, 0) = 0]
2026-06-23 12:24:45.445 DEBUG 15560 --- [nio-9060-exec-5] o.s.jdbc.datasource.DataSourceUtils      : Fetching JDBC Connection from DataSource
2026-06-23 12:24:45.707 DEBUG 15560 --- [nio-9060-exec-5] o.s.jdbc.core.JdbcTemplate               : Executing prepared SQL query
2026-06-23 12:24:45.708 DEBUG 15560 --- [nio-9060-exec-5] o.s.jdbc.core.JdbcTemplate               : Executing prepared SQL statement [SELECT TOP 1 CAST(ut.id_vendedor AS INT) AS alt_id FROM dbo.tbl_UsuarioTecnico ut WHERE (ut.id_usuario = ? OR ut.idusuario = ? OR ut.id_tecnico = ? OR ut.idtecnico = ?)   AND ISNULL(ut.e_eliminado, 0) = 0   AND ut.id_vendedor IS NOT NULL]
2026-06-23 12:24:45.709 DEBUG 15560 --- [nio-9060-exec-5] o.s.jdbc.datasource.DataSourceUtils      : Fetching JDBC Connection from DataSource
2026-06-23 12:24:45.764 DEBUG 15560 --- [nio-9060-exec-5] o.s.jdbc.core.JdbcTemplate               : Executing prepared SQL query
2026-06-23 12:24:45.765 DEBUG 15560 --- [nio-9060-exec-5] o.s.jdbc.core.JdbcTemplate               : Executing prepared SQL statement [SELECT TOP 1 CAST(ut.Id AS INT) AS alt_id FROM dbo.tbl_UsuarioTecnico ut WHERE (ut.Id_Usuario = ? OR ut.IdUsuario = ? OR ut.Id_Tecnico = ? OR ut.IdTecnico = ?)   AND ISNULL(ut.E_Eliminado, 0) = 0]
2026-06-23 12:24:45.765 DEBUG 15560 --- [nio-9060-exec-5] o.s.jdbc.datasource.DataSourceUtils      : Fetching JDBC Connection from DataSource
2026-06-23 12:24:45.831 DEBUG 15560 --- [nio-9060-exec-5] o.s.jdbc.core.JdbcTemplate               : Executing prepared SQL query
2026-06-23 12:24:45.832 DEBUG 15560 --- [nio-9060-exec-5] o.s.jdbc.core.JdbcTemplate               : Executing prepared SQL statement [SELECT TOP 1 CAST(ut.Id_Vendedor AS INT) AS alt_id FROM dbo.tbl_UsuarioTecnico ut WHERE (ut.Id_Usuario = ? OR ut.IdUsuario = ? OR ut.Id_Tecnico = ? OR ut.IdTecnico = ?)   AND ISNULL(ut.E_Eliminado, 0) = 0   AND ut.Id_Vendedor IS NOT NULL]
2026-06-23 12:24:45.833 DEBUG 15560 --- [nio-9060-exec-5] o.s.jdbc.datasource.DataSourceUtils      : Fetching JDBC Connection from DataSource
2026-06-23 12:24:45.934 DEBUG 15560 --- [nio-9060-exec-5] o.s.jdbc.core.JdbcTemplate               : Executing prepared SQL query
2026-06-23 12:24:45.934 DEBUG 15560 --- [nio-9060-exec-5] o.s.jdbc.core.JdbcTemplate               : Executing prepared SQL statement [SELECT TOP 1 CAST(ut.id AS INT) AS alt_id FROM dbo.tbl_usuariotecnico ut WHERE (ut.id_usuario = ? OR ut.idusuario = ? OR ut.id_tecnico = ? OR ut.idtecnico = ?)   AND ISNULL(ut.e_eliminado, 0) = 0]
2026-06-23 12:24:45.934 DEBUG 15560 --- [nio-9060-exec-5] o.s.jdbc.datasource.DataSourceUtils      : Fetching JDBC Connection from DataSource
2026-06-23 12:24:46.008 DEBUG 15560 --- [nio-9060-exec-5] o.s.jdbc.core.JdbcTemplate               : Executing prepared SQL query
2026-06-23 12:24:46.009 DEBUG 15560 --- [nio-9060-exec-5] o.s.jdbc.core.JdbcTemplate               : Executing prepared SQL statement [SELECT TOP 1 CAST(ut.id_vendedor AS INT) AS alt_id FROM dbo.tbl_usuariotecnico ut WHERE (ut.id_usuario = ? OR ut.idusuario = ? OR ut.id_tecnico = ? OR ut.idtecnico = ?)   AND ISNULL(ut.e_eliminado, 0) = 0   AND ut.id_vendedor IS NOT NULL]
2026-06-23 12:24:46.009 DEBUG 15560 --- [nio-9060-exec-5] o.s.jdbc.datasource.DataSourceUtils      : Fetching JDBC Connection from DataSource
2026-06-23 12:24:46.111 DEBUG 15560 --- [nio-9060-exec-5] o.s.jdbc.core.JdbcTemplate               : Executing prepared SQL query
2026-06-23 12:24:46.112 DEBUG 15560 --- [nio-9060-exec-5] o.s.jdbc.core.JdbcTemplate               : Executing prepared SQL statement [SELECT TOP 1 1 AS ok FROM dbo.backup_temporal bt WHERE bt.id_usuario = ?   AND ISNULL(bt.e_activo, 1) = 1   AND (bt.fecha_fin IS NULL OR bt.fecha_fin > GETDATE()) ORDER BY bt.id_backup_temporal DESC]
2026-06-23 12:24:46.113 DEBUG 15560 --- [nio-9060-exec-5] o.s.jdbc.datasource.DataSourceUtils      : Fetching JDBC Connection from DataSource
2026-06-23 12:24:46.270  INFO 15560 --- [nio-9060-exec-5] c.e.T.p.service.PrivilegioService        : [PERMISOS] idUsuarioSesion=82, rolSesion=BackOffice_v, backupContexto=false, backupTemporal=false, idGrupo=null, idSupervisorContexto=null, idRolPermisos=6, idUsuarioPermisos=82
2026-06-23 12:24:46.272 DEBUG 15560 --- [nio-9060-exec-5] o.s.jdbc.core.JdbcTemplate               : Executing SQL query [EXEC dbo.spx_ObtenerPrivilegiosRoles]
2026-06-23 12:24:46.273 DEBUG 15560 --- [nio-9060-exec-5] o.s.jdbc.datasource.DataSourceUtils      : Fetching JDBC Connection from DataSource
2026-06-23 12:24:46.371 DEBUG 15560 --- [nio-9060-exec-5] .m.m.a.ExceptionHandlerExceptionResolver : Using @ExceptionHandler com.example.TigoStarSystem.common.GlobalExceptionHandler#handleGeneric(Exception, HttpServletRequest)
2026-06-23 12:24:46.388 ERROR 15560 --- [nio-9060-exec-5] c.e.T.common.GlobalExceptionHandler      : Unhandled error on GET /auth/permisos

org.springframework.web.util.NestedServletException: Handler dispatch failed; nested exception is java.lang.NoClassDefFoundError: com/example/TigoStarSystem/privilegios/dto/PrivilegioRolResponse
	at org.springframework.web.servlet.DispatcherServlet.doDispatch(DispatcherServlet.java:1087) ~[spring-webmvc-5.3.31.jar:5.3.31]
	at org.springframework.web.servlet.DispatcherServlet.doService(DispatcherServlet.java:965) ~[spring-webmvc-5.3.31.jar:5.3.31]
	at org.springframework.web.servlet.FrameworkServlet.processRequest(FrameworkServlet.java:1006) ~[spring-webmvc-5.3.31.jar:5.3.31]
	at org.springframework.web.servlet.FrameworkServlet.doGet(FrameworkServlet.java:898) ~[spring-webmvc-5.3.31.jar:5.3.31]
	at javax.servlet.http.HttpServlet.service(HttpServlet.java:529) ~[tomcat-embed-core-9.0.83.jar:4.0.FR]
	at org.springframework.web.servlet.FrameworkServlet.service(FrameworkServlet.java:883) ~[spring-webmvc-5.3.31.jar:5.3.31]
	at javax.servlet.http.HttpServlet.service(HttpServlet.java:623) ~[tomcat-embed-core-9.0.83.jar:4.0.FR]
	at org.apache.catalina.core.ApplicationFilterChain.internalDoFilter(ApplicationFilterChain.java:209) ~[tomcat-embed-core-9.0.83.jar:9.0.83]
	at org.apache.catalina.core.ApplicationFilterChain.doFilter(ApplicationFilterChain.java:153) ~[tomcat-embed-core-9.0.83.jar:9.0.83]
	at org.apache.tomcat.websocket.server.WsFilter.doFilter(WsFilter.java:51) ~[tomcat-embed-websocket-9.0.83.jar:9.0.83]
	at org.apache.catalina.core.ApplicationFilterChain.internalDoFilter(ApplicationFilterChain.java:178) ~[tomcat-embed-core-9.0.83.jar:9.0.83]
	at org.apache.catalina.core.ApplicationFilterChain.doFilter(ApplicationFilterChain.java:153) ~[tomcat-embed-core-9.0.83.jar:9.0.83]
	at org.springframework.web.filter.RequestContextFilter.doFilterInternal(RequestContextFilter.java:100) ~[spring-web-5.3.31.jar:5.3.31]
	at org.springframework.web.filter.OncePerRequestFilter.doFilter(OncePerRequestFilter.java:117) ~[spring-web-5.3.31.jar:5.3.31]
	at org.apache.catalina.core.ApplicationFilterChain.internalDoFilter(ApplicationFilterChain.java:178) ~[tomcat-embed-core-9.0.83.jar:9.0.83]
	at org.apache.catalina.core.ApplicationFilterChain.doFilter(ApplicationFilterChain.java:153) ~[tomcat-embed-core-9.0.83.jar:9.0.83]
	at org.springframework.web.filter.FormContentFilter.doFilterInternal(FormContentFilter.java:93) ~[spring-web-5.3.31.jar:5.3.31]
	at org.springframework.web.filter.OncePerRequestFilter.doFilter(OncePerRequestFilter.java:117) ~[spring-web-5.3.31.jar:5.3.31]
	at org.apache.catalina.core.ApplicationFilterChain.internalDoFilter(ApplicationFilterChain.java:178) ~[tomcat-embed-core-9.0.83.jar:9.0.83]
	at org.apache.catalina.core.ApplicationFilterChain.doFilter(ApplicationFilterChain.java:153) ~[tomcat-embed-core-9.0.83.jar:9.0.83]
	at org.springframework.web.filter.CharacterEncodingFilter.doFilterInternal(CharacterEncodingFilter.java:201) ~[spring-web-5.3.31.jar:5.3.31]
	at org.springframework.web.filter.OncePerRequestFilter.doFilter(OncePerRequestFilter.java:117) ~[spring-web-5.3.31.jar:5.3.31]
	at org.apache.catalina.core.ApplicationFilterChain.internalDoFilter(ApplicationFilterChain.java:178) ~[tomcat-embed-core-9.0.83.jar:9.0.83]
	at org.apache.catalina.core.ApplicationFilterChain.doFilter(ApplicationFilterChain.java:153) ~[tomcat-embed-core-9.0.83.jar:9.0.83]
	at org.springframework.web.filter.CorsFilter.doFilterInternal(CorsFilter.java:91) ~[spring-web-5.3.31.jar:5.3.31]
	at org.springframework.web.filter.OncePerRequestFilter.doFilter(OncePerRequestFilter.java:117) ~[spring-web-5.3.31.jar:5.3.31]
	at org.apache.catalina.core.ApplicationFilterChain.internalDoFilter(ApplicationFilterChain.java:178) ~[tomcat-embed-core-9.0.83.jar:9.0.83]
	at org.apache.catalina.core.ApplicationFilterChain.doFilter(ApplicationFilterChain.java:153) ~[tomcat-embed-core-9.0.83.jar:9.0.83]
	at org.apache.catalina.core.StandardWrapperValve.invoke(StandardWrapperValve.java:168) ~[tomcat-embed-core-9.0.83.jar:9.0.83]
	at org.apache.catalina.core.StandardContextValve.invoke(StandardContextValve.java:90) ~[tomcat-embed-core-9.0.83.jar:9.0.83]
	at org.apache.catalina.authenticator.AuthenticatorBase.invoke(AuthenticatorBase.java:481) ~[tomcat-embed-core-9.0.83.jar:9.0.83]
	at org.apache.catalina.core.StandardHostValve.invoke(StandardHostValve.java:130) ~[tomcat-embed-core-9.0.83.jar:9.0.83]
	at org.apache.catalina.valves.ErrorReportValve.invoke(ErrorReportValve.java:93) ~[tomcat-embed-core-9.0.83.jar:9.0.83]
	at org.apache.catalina.core.StandardEngineValve.invoke(StandardEngineValve.java:74) ~[tomcat-embed-core-9.0.83.jar:9.0.83]
	at org.apache.catalina.connector.CoyoteAdapter.service(CoyoteAdapter.java:342) ~[tomcat-embed-core-9.0.83.jar:9.0.83]
	at org.apache.coyote.http11.Http11Processor.service(Http11Processor.java:390) ~[tomcat-embed-core-9.0.83.jar:9.0.83]
	at org.apache.coyote.AbstractProcessorLight.process(AbstractProcessorLight.java:63) ~[tomcat-embed-core-9.0.83.jar:9.0.83]
	at org.apache.coyote.AbstractProtocol$ConnectionHandler.process(AbstractProtocol.java:928) ~[tomcat-embed-core-9.0.83.jar:9.0.83]
	at org.apache.tomcat.util.net.NioEndpoint$SocketProcessor.doRun(NioEndpoint.java:1794) ~[tomcat-embed-core-9.0.83.jar:9.0.83]
	at org.apache.tomcat.util.net.SocketProcessorBase.run(SocketProcessorBase.java:52) ~[tomcat-embed-core-9.0.83.jar:9.0.83]
	at org.apache.tomcat.util.threads.ThreadPoolExecutor.runWorker(ThreadPoolExecutor.java:1191) ~[tomcat-embed-core-9.0.83.jar:9.0.83]
	at org.apache.tomcat.util.threads.ThreadPoolExecutor$Worker.run(ThreadPoolExecutor.java:659) ~[tomcat-embed-core-9.0.83.jar:9.0.83]
	at org.apache.tomcat.util.threads.TaskThread$WrappingRunnable.run(TaskThread.java:61) ~[tomcat-embed-core-9.0.83.jar:9.0.83]
	at java.base/java.lang.Thread.run(Thread.java:1583) ~[na:na]
Caused by: java.lang.NoClassDefFoundError: com/example/TigoStarSystem/privilegios/dto/PrivilegioRolResponse
	at com.example.TigoStarSystem.privilegios.service.PrivilegioService.listarRoles(PrivilegioService.java:66) ~[classes/:na]
	at com.example.TigoStarSystem.privilegios.service.PrivilegioService.resolverNombreRol(PrivilegioService.java:473) ~[classes/:na]
	at com.example.TigoStarSystem.privilegios.service.PrivilegioService.obtenerPrivilegiosPorRol(PrivilegioService.java:79) ~[classes/:na]
	at com.example.TigoStarSystem.privilegios.service.PrivilegioService.obtenerPermisosUsuario(PrivilegioService.java:228) ~[classes/:na]
	at com.example.TigoStarSystem.auth.controller.AuthPermisosController.permisos(AuthPermisosController.java:30) ~[classes/:na]
	at java.base/jdk.internal.reflect.DirectMethodHandleAccessor.invoke(DirectMethodHandleAccessor.java:103) ~[na:na]
	at java.base/java.lang.reflect.Method.invoke(Method.java:580) ~[na:na]
	at org.springframework.web.method.support.InvocableHandlerMethod.doInvoke(InvocableHandlerMethod.java:205) ~[spring-web-5.3.31.jar:5.3.31]
	at org.springframework.web.method.support.InvocableHandlerMethod.invokeForRequest(InvocableHandlerMethod.java:150) ~[spring-web-5.3.31.jar:5.3.31]
	at org.springframework.web.servlet.mvc.method.annotation.ServletInvocableHandlerMethod.invokeAndHandle(ServletInvocableHandlerMethod.java:117) ~[spring-webmvc-5.3.31.jar:5.3.31]
	at org.springframework.web.servlet.mvc.method.annotation.RequestMappingHandlerAdapter.invokeHandlerMethod(RequestMappingHandlerAdapter.java:895) ~[spring-webmvc-5.3.31.jar:5.3.31]
	at org.springframework.web.servlet.mvc.method.annotation.RequestMappingHandlerAdapter.handleInternal(RequestMappingHandlerAdapter.java:808) ~[spring-webmvc-5.3.31.jar:5.3.31]
	at org.springframework.web.servlet.mvc.method.AbstractHandlerMethodAdapter.handle(AbstractHandlerMethodAdapter.java:87) ~[spring-webmvc-5.3.31.jar:5.3.31]
	at org.springframework.web.servlet.DispatcherServlet.doDispatch(DispatcherServlet.java:1072) ~[spring-webmvc-5.3.31.jar:5.3.31]
	... 43 common frames omitted
Caused by: java.lang.ClassNotFoundException: com.example.TigoStarSystem.privilegios.dto.PrivilegioRolResponse
	at java.base/jdk.internal.loader.BuiltinClassLoader.loadClass(BuiltinClassLoader.java:641) ~[na:na]
	at java.base/jdk.internal.loader.ClassLoaders$AppClassLoader.loadClass(ClassLoaders.java:188) ~[na:na]
	at java.base/java.lang.ClassLoader.loadClass(ClassLoader.java:526) ~[na:na]
	... 57 common frames omitted

2026-06-23 12:24:46.390 DEBUG 15560 --- [nio-9060-exec-5] o.s.w.s.m.m.a.HttpEntityMethodProcessor  : Using 'application/json', given [application/json, text/plain, */*] and supported [application/json, application/*+json, application/json, application/*+json]
2026-06-23 12:24:46.391 DEBUG 15560 --- [nio-9060-exec-5] o.s.w.s.m.m.a.HttpEntityMethodProcessor  : Writing [com.example.TigoStarSystem.common.ApiError@726960bc]
2026-06-23 12:24:46.393 DEBUG 15560 --- [nio-9060-exec-5] .m.m.a.ExceptionHandlerExceptionResolver : Resolved [org.springframework.web.util.NestedServletException: Handler dispatch failed; nested exception is java.lang.NoClassDefFoundError: com/example/TigoStarSystem/privilegios/dto/PrivilegioRolResponse]
2026-06-23 12:24:46.395 DEBUG 15560 --- [nio-9060-exec-5] o.s.web.servlet.DispatcherServlet        : Completed 500 INTERNAL_SERVER_ERROR
2026-06-23 12:24:46.406 DEBUG 15560 --- [nio-9060-exec-1] o.s.web.servlet.DispatcherServlet        : GET "/auth/permisos", parameters={}
2026-06-23 12:24:46.407 DEBUG 15560 --- [nio-9060-exec-1] s.w.s.m.m.a.RequestMappingHandlerMapping : Mapped to com.example.TigoStarSystem.auth.controller.AuthPermisosController#permisos(String)
2026-06-23 12:24:46.414 DEBUG 15560 --- [nio-9060-exec-1] o.s.jdbc.core.JdbcTemplate               : Executing prepared SQL query
2026-06-23 12:24:46.415 DEBUG 15560 --- [nio-9060-exec-1] o.s.jdbc.core.JdbcTemplate               : Executing prepared SQL statement [SELECT TOP 1 CAST(ut.id AS INT) AS id_usuario_tecnico FROM dbo.tbl_UsuarioTecnico ut WHERE (ut.id_usuario = ? OR ut.idusuario = ? OR ut.id_tecnico = ? OR ut.idtecnico = ?)   AND ISNULL(ut.e_eliminado, 0) = 0]
2026-06-23 12:24:46.415 DEBUG 15560 --- [nio-9060-exec-1] o.s.jdbc.datasource.DataSourceUtils      : Fetching JDBC Connection from DataSource
2026-06-23 12:24:46.447 DEBUG 15560 --- [nio-9060-exec-1] o.s.jdbc.core.JdbcTemplate               : Executing prepared SQL query
2026-06-23 12:24:46.448 DEBUG 15560 --- [nio-9060-exec-1] o.s.jdbc.core.JdbcTemplate               : Executing prepared SQL statement [SELECT TOP 1 CAST(ut.Id AS INT) AS id_usuario_tecnico FROM dbo.tbl_UsuarioTecnico ut WHERE (ut.Id_Usuario = ? OR ut.IdUsuario = ? OR ut.Id_Tecnico = ? OR ut.IdTecnico = ?)   AND ISNULL(ut.E_Eliminado, 0) = 0]
2026-06-23 12:24:46.449 DEBUG 15560 --- [nio-9060-exec-1] o.s.jdbc.datasource.DataSourceUtils      : Fetching JDBC Connection from DataSource
2026-06-23 12:24:46.557 DEBUG 15560 --- [nio-9060-exec-1] o.s.jdbc.core.JdbcTemplate               : Executing prepared SQL query
2026-06-23 12:24:46.558 DEBUG 15560 --- [nio-9060-exec-1] o.s.jdbc.core.JdbcTemplate               : Executing prepared SQL statement [SELECT TOP 1 CAST(ut.id AS INT) AS id_usuario_tecnico FROM dbo.tbl_usuariotecnico ut WHERE (ut.id_usuario = ? OR ut.idusuario = ? OR ut.id_tecnico = ? OR ut.idtecnico = ?)   AND ISNULL(ut.e_eliminado, 0) = 0]
2026-06-23 12:24:46.559 DEBUG 15560 --- [nio-9060-exec-1] o.s.jdbc.datasource.DataSourceUtils      : Fetching JDBC Connection from DataSource
2026-06-23 12:24:46.650 DEBUG 15560 --- [nio-9060-exec-1] o.s.jdbc.core.JdbcTemplate               : Executing prepared SQL query
2026-06-23 12:24:46.651 DEBUG 15560 --- [nio-9060-exec-1] o.s.jdbc.core.JdbcTemplate               : Executing prepared SQL statement [SELECT TOP 1 CAST(ut.id AS INT) AS id_usuario_tecnico FROM dbo.tbl_usuaritecnico ut WHERE (ut.id_usuario = ? OR ut.idusuario = ? OR ut.id_tecnico = ? OR ut.idtecnico = ?)   AND ISNULL(ut.e_eliminado, 0) = 0]
2026-06-23 12:24:46.652 DEBUG 15560 --- [nio-9060-exec-1] o.s.jdbc.datasource.DataSourceUtils      : Fetching JDBC Connection from DataSource
2026-06-23 12:24:46.697 DEBUG 15560 --- [nio-9060-exec-1] o.s.jdbc.core.JdbcTemplate               : Executing prepared SQL query
2026-06-23 12:24:46.698 DEBUG 15560 --- [nio-9060-exec-1] o.s.jdbc.core.JdbcTemplate               : Executing prepared SQL statement [SELECT TOP 1 CAST(ut.id_vendedor AS INT) AS id_vendedor FROM dbo.tbl_UsuarioTecnico ut WHERE (ut.id_usuario = ? OR ut.idusuario = ? OR ut.id = ? OR ut.id_tecnico = ? OR ut.idtecnico = ?)   AND ISNULL(ut.e_eliminado, 0) = 0 AND ut.id_vendedor IS NOT NULL]
2026-06-23 12:24:46.699 DEBUG 15560 --- [nio-9060-exec-1] o.s.jdbc.datasource.DataSourceUtils      : Fetching JDBC Connection from DataSource
2026-06-23 12:24:46.738 DEBUG 15560 --- [nio-9060-exec-1] o.s.jdbc.core.JdbcTemplate               : Executing prepared SQL query
2026-06-23 12:24:46.739 DEBUG 15560 --- [nio-9060-exec-1] o.s.jdbc.core.JdbcTemplate               : Executing prepared SQL statement [SELECT TOP 1 CAST(ut.Id_Vendedor AS INT) AS id_vendedor FROM dbo.tbl_UsuarioTecnico ut WHERE (ut.Id_Usuario = ? OR ut.IdUsuario = ? OR ut.Id = ? OR ut.Id_Tecnico = ? OR ut.IdTecnico = ?)   AND ISNULL(ut.E_Eliminado, 0) = 0 AND ut.Id_Vendedor IS NOT NULL]
2026-06-23 12:24:46.740 DEBUG 15560 --- [nio-9060-exec-1] o.s.jdbc.datasource.DataSourceUtils      : Fetching JDBC Connection from DataSource
2026-06-23 12:24:46.815 DEBUG 15560 --- [nio-9060-exec-1] o.s.jdbc.core.JdbcTemplate               : Executing prepared SQL query
2026-06-23 12:24:46.816 DEBUG 15560 --- [nio-9060-exec-1] o.s.jdbc.core.JdbcTemplate               : Executing prepared SQL statement [SELECT TOP 1 CAST(ut.idvendedor AS INT) AS id_vendedor FROM dbo.tbl_usuariotecnico ut WHERE (ut.id_usuario = ? OR ut.idusuario = ? OR ut.id = ? OR ut.id_tecnico = ? OR ut.idtecnico = ?)   AND ISNULL(ut.e_eliminado, 0) = 0 AND ut.idvendedor IS NOT NULL]
2026-06-23 12:24:46.817 DEBUG 15560 --- [nio-9060-exec-1] o.s.jdbc.datasource.DataSourceUtils      : Fetching JDBC Connection from DataSource
2026-06-23 12:24:46.833 DEBUG 15560 --- [nio-9060-exec-1] o.s.jdbc.core.JdbcTemplate               : Executing prepared SQL query
2026-06-23 12:24:46.834 DEBUG 15560 --- [nio-9060-exec-1] o.s.jdbc.core.JdbcTemplate               : Executing prepared SQL statement [SELECT TOP 1 g.id_grupo, ISNULL(g.supervisor_ausente, 0) AS supervisor_ausente, gb.id_grupo_backup, gb.id_usuario_tecnico_temporal, ISNULL(gb.e_activo, 0) AS backup_activo, gb.fecha_inicio, gs.id_usuario AS id_usuario_supervisor FROM dbo.tbl_Grupo g LEFT JOIN dbo.tbl_GrupoSup gs ON gs.id_grupo = g.id_grupo LEFT JOIN dbo.tbl_GrupoBackup gb        ON gb.id_grupo = g.id_grupo       AND ISNULL(gb.e_activo, 0) = 1 WHERE ISNULL(g.e_eliminado, 0) = 0   AND (gs.id_usuario = ? OR gb.id_usuario_tecnico_temporal = ? OR gb.id_usuario_tecnico_temporal = ? OR gb.id_usuario_tecnico_temporal = ?) ORDER BY CASE WHEN gb.id_usuario_tecnico_temporal = ? THEN 0               WHEN gb.id_usuario_tecnico_temporal = ? THEN 1               WHEN gb.id_usuario_tecnico_temporal = ? THEN 2 ELSE 3 END,          gb.id_grupo_backup DESC, g.id_grupo DESC]
2026-06-23 12:24:46.835 DEBUG 15560 --- [nio-9060-exec-1] o.s.jdbc.datasource.DataSourceUtils      : Fetching JDBC Connection from DataSource
2026-06-23 12:24:46.899 DEBUG 15560 --- [nio-9060-exec-1] o.s.jdbc.core.JdbcTemplate               : Executing prepared SQL query
2026-06-23 12:24:46.900 DEBUG 15560 --- [nio-9060-exec-1] o.s.jdbc.core.JdbcTemplate               : Executing prepared SQL statement [SELECT TOP 1 CAST(ut.id AS INT) AS id_usuario_tecnico FROM dbo.tbl_UsuarioTecnico ut WHERE (ut.id_usuario = ? OR ut.idusuario = ? OR ut.id_tecnico = ? OR ut.idtecnico = ?)   AND ISNULL(ut.e_eliminado, 0) = 0]
2026-06-23 12:24:46.901 DEBUG 15560 --- [nio-9060-exec-1] o.s.jdbc.datasource.DataSourceUtils      : Fetching JDBC Connection from DataSource
2026-06-23 12:24:47.013 DEBUG 15560 --- [nio-9060-exec-1] o.s.jdbc.core.JdbcTemplate               : Executing prepared SQL query
2026-06-23 12:24:47.014 DEBUG 15560 --- [nio-9060-exec-1] o.s.jdbc.core.JdbcTemplate               : Executing prepared SQL statement [SELECT TOP 1 CAST(ut.Id AS INT) AS id_usuario_tecnico FROM dbo.tbl_UsuarioTecnico ut WHERE (ut.Id_Usuario = ? OR ut.IdUsuario = ? OR ut.Id_Tecnico = ? OR ut.IdTecnico = ?)   AND ISNULL(ut.E_Eliminado, 0) = 0]
2026-06-23 12:24:47.015 DEBUG 15560 --- [nio-9060-exec-1] o.s.jdbc.datasource.DataSourceUtils      : Fetching JDBC Connection from DataSource
2026-06-23 12:24:47.089 DEBUG 15560 --- [nio-9060-exec-1] o.s.jdbc.core.JdbcTemplate               : Executing prepared SQL query
2026-06-23 12:24:47.089 DEBUG 15560 --- [nio-9060-exec-1] o.s.jdbc.core.JdbcTemplate               : Executing prepared SQL statement [SELECT TOP 1 CAST(ut.id AS INT) AS id_usuario_tecnico FROM dbo.tbl_usuariotecnico ut WHERE (ut.id_usuario = ? OR ut.idusuario = ? OR ut.id_tecnico = ? OR ut.idtecnico = ?)   AND ISNULL(ut.e_eliminado, 0) = 0]
2026-06-23 12:24:47.090 DEBUG 15560 --- [nio-9060-exec-1] o.s.jdbc.datasource.DataSourceUtils      : Fetching JDBC Connection from DataSource
2026-06-23 12:24:47.114 DEBUG 15560 --- [nio-9060-exec-1] o.s.jdbc.core.JdbcTemplate               : Executing prepared SQL query
2026-06-23 12:24:47.115 DEBUG 15560 --- [nio-9060-exec-1] o.s.jdbc.core.JdbcTemplate               : Executing prepared SQL statement [SELECT TOP 1 CAST(ut.id AS INT) AS id_usuario_tecnico FROM dbo.tbl_usuaritecnico ut WHERE (ut.id_usuario = ? OR ut.idusuario = ? OR ut.id_tecnico = ? OR ut.idtecnico = ?)   AND ISNULL(ut.e_eliminado, 0) = 0]
2026-06-23 12:24:47.115 DEBUG 15560 --- [nio-9060-exec-1] o.s.jdbc.datasource.DataSourceUtils      : Fetching JDBC Connection from DataSource
2026-06-23 12:24:47.265 DEBUG 15560 --- [nio-9060-exec-1] o.s.jdbc.core.JdbcTemplate               : Executing prepared SQL query
2026-06-23 12:24:47.266 DEBUG 15560 --- [nio-9060-exec-1] o.s.jdbc.core.JdbcTemplate               : Executing prepared SQL statement [SELECT TOP 1 CAST(ut.id_vendedor AS INT) AS id_vendedor FROM dbo.tbl_UsuarioTecnico ut WHERE (ut.id_usuario = ? OR ut.idusuario = ? OR ut.id = ? OR ut.id_tecnico = ? OR ut.idtecnico = ?)   AND ISNULL(ut.e_eliminado, 0) = 0 AND ut.id_vendedor IS NOT NULL]
2026-06-23 12:24:47.266 DEBUG 15560 --- [nio-9060-exec-1] o.s.jdbc.datasource.DataSourceUtils      : Fetching JDBC Connection from DataSource
2026-06-23 12:24:47.415 DEBUG 15560 --- [nio-9060-exec-1] o.s.jdbc.core.JdbcTemplate               : Executing prepared SQL query
2026-06-23 12:24:47.416 DEBUG 15560 --- [nio-9060-exec-1] o.s.jdbc.core.JdbcTemplate               : Executing prepared SQL statement [SELECT TOP 1 CAST(ut.Id_Vendedor AS INT) AS id_vendedor FROM dbo.tbl_UsuarioTecnico ut WHERE (ut.Id_Usuario = ? OR ut.IdUsuario = ? OR ut.Id = ? OR ut.Id_Tecnico = ? OR ut.IdTecnico = ?)   AND ISNULL(ut.E_Eliminado, 0) = 0 AND ut.Id_Vendedor IS NOT NULL]
2026-06-23 12:24:47.417 DEBUG 15560 --- [nio-9060-exec-1] o.s.jdbc.datasource.DataSourceUtils      : Fetching JDBC Connection from DataSource
2026-06-23 12:24:47.535 DEBUG 15560 --- [nio-9060-exec-1] o.s.jdbc.core.JdbcTemplate               : Executing prepared SQL query
2026-06-23 12:24:47.536 DEBUG 15560 --- [nio-9060-exec-1] o.s.jdbc.core.JdbcTemplate               : Executing prepared SQL statement [SELECT TOP 1 CAST(ut.idvendedor AS INT) AS id_vendedor FROM dbo.tbl_usuariotecnico ut WHERE (ut.id_usuario = ? OR ut.idusuario = ? OR ut.id = ? OR ut.id_tecnico = ? OR ut.idtecnico = ?)   AND ISNULL(ut.e_eliminado, 0) = 0 AND ut.idvendedor IS NOT NULL]
2026-06-23 12:24:47.536 DEBUG 15560 --- [nio-9060-exec-1] o.s.jdbc.datasource.DataSourceUtils      : Fetching JDBC Connection from DataSource
2026-06-23 12:24:47.564 DEBUG 15560 --- [nio-9060-exec-1] o.s.jdbc.core.JdbcTemplate               : Executing prepared SQL query
2026-06-23 12:24:47.565 DEBUG 15560 --- [nio-9060-exec-1] o.s.jdbc.core.JdbcTemplate               : Executing prepared SQL statement [SELECT TOP 1 g.id_grupo, ISNULL(g.supervisor_ausente, 0) AS supervisor_ausente, gb.id_grupo_backup, gb.id_usuario_tecnico_temporal, ISNULL(gb.e_activo, 0) AS backup_activo, gb.fecha_inicio, gs.id_usuario AS id_usuario_supervisor FROM dbo.tbl_Grupo g LEFT JOIN dbo.tbl_GrupoSup gs ON gs.id_grupo = g.id_grupo LEFT JOIN dbo.tbl_GrupoBackup gb        ON gb.id_grupo = g.id_grupo       AND ISNULL(gb.e_activo, 0) = 1 WHERE ISNULL(g.e_eliminado, 0) = 0   AND (gs.id_usuario = ? OR gb.id_usuario_tecnico_temporal = ? OR gb.id_usuario_tecnico_temporal = ? OR gb.id_usuario_tecnico_temporal = ?) ORDER BY CASE WHEN gb.id_usuario_tecnico_temporal = ? THEN 0               WHEN gb.id_usuario_tecnico_temporal = ? THEN 1               WHEN gb.id_usuario_tecnico_temporal = ? THEN 2 ELSE 3 END,          gb.id_grupo_backup DESC, g.id_grupo DESC]
2026-06-23 12:24:47.566 DEBUG 15560 --- [nio-9060-exec-1] o.s.jdbc.datasource.DataSourceUtils      : Fetching JDBC Connection from DataSource
2026-06-23 12:24:47.600 DEBUG 15560 --- [nio-9060-exec-1] o.s.jdbc.core.JdbcTemplate               : Executing SQL update [IF OBJECT_ID('dbo.backup_temporal', 'U') IS NULL BEGIN CREATE TABLE dbo.backup_temporal (id_backup_temporal INT IDENTITY(1,1) NOT NULL PRIMARY KEY, id_usuario INT NOT NULL, id_grupo INT NULL, id_rol_temporal INT NOT NULL, e_activo BIT NOT NULL CONSTRAINT DF_backup_temporal_e_activo DEFAULT(1), fecha_inicio DATETIME NOT NULL CONSTRAINT DF_backup_temporal_fecha_inicio DEFAULT(GETDATE()), fecha_fin DATETIME NULL, fecha_registro DATETIME NOT NULL CONSTRAINT DF_backup_temporal_fecha_registro DEFAULT(GETDATE()), fecha_actualizacion DATETIME NULL); END]
2026-06-23 12:24:47.601 DEBUG 15560 --- [nio-9060-exec-1] o.s.jdbc.datasource.DataSourceUtils      : Fetching JDBC Connection from DataSource
2026-06-23 12:24:47.627 DEBUG 15560 --- [nio-9060-exec-1] o.s.jdbc.core.JdbcTemplate               : Executing SQL update [IF COL_LENGTH('dbo.backup_temporal', 'id_grupo') IS NULL BEGIN ALTER TABLE dbo.backup_temporal ADD id_grupo INT NULL; END]
2026-06-23 12:24:47.628 DEBUG 15560 --- [nio-9060-exec-1] o.s.jdbc.datasource.DataSourceUtils      : Fetching JDBC Connection from DataSource
2026-06-23 12:24:47.651 DEBUG 15560 --- [nio-9060-exec-1] o.s.jdbc.core.JdbcTemplate               : Executing SQL update [IF NOT EXISTS (SELECT 1 FROM sys.indexes WHERE object_id = OBJECT_ID('dbo.backup_temporal')   AND name = 'IX_backup_temporal_usuario_activo') BEGIN CREATE INDEX IX_backup_temporal_usuario_activo ON dbo.backup_temporal(id_usuario, e_activo, fecha_fin); END]
2026-06-23 12:24:47.651 DEBUG 15560 --- [nio-9060-exec-1] o.s.jdbc.datasource.DataSourceUtils      : Fetching JDBC Connection from DataSource
2026-06-23 12:24:47.716 DEBUG 15560 --- [nio-9060-exec-1] o.s.jdbc.core.JdbcTemplate               : Executing prepared SQL query
2026-06-23 12:24:47.717 DEBUG 15560 --- [nio-9060-exec-1] o.s.jdbc.core.JdbcTemplate               : Executing prepared SQL statement [SELECT TOP 1 CAST(ut.id AS INT) AS alt_id FROM dbo.tbl_UsuarioTecnico ut WHERE (ut.id_usuario = ? OR ut.idusuario = ? OR ut.id_tecnico = ? OR ut.idtecnico = ?)   AND ISNULL(ut.e_eliminado, 0) = 0]
2026-06-23 12:24:47.717 DEBUG 15560 --- [nio-9060-exec-1] o.s.jdbc.datasource.DataSourceUtils      : Fetching JDBC Connection from DataSource
2026-06-23 12:24:47.808 DEBUG 15560 --- [nio-9060-exec-1] o.s.jdbc.core.JdbcTemplate               : Executing prepared SQL query
2026-06-23 12:24:47.809 DEBUG 15560 --- [nio-9060-exec-1] o.s.jdbc.core.JdbcTemplate               : Executing prepared SQL statement [SELECT TOP 1 CAST(ut.id_vendedor AS INT) AS alt_id FROM dbo.tbl_UsuarioTecnico ut WHERE (ut.id_usuario = ? OR ut.idusuario = ? OR ut.id_tecnico = ? OR ut.idtecnico = ?)   AND ISNULL(ut.e_eliminado, 0) = 0   AND ut.id_vendedor IS NOT NULL]
2026-06-23 12:24:47.809 DEBUG 15560 --- [nio-9060-exec-1] o.s.jdbc.datasource.DataSourceUtils      : Fetching JDBC Connection from DataSource
2026-06-23 12:24:47.893 DEBUG 15560 --- [nio-9060-exec-1] o.s.jdbc.core.JdbcTemplate               : Executing prepared SQL query
2026-06-23 12:24:47.894 DEBUG 15560 --- [nio-9060-exec-1] o.s.jdbc.core.JdbcTemplate               : Executing prepared SQL statement [SELECT TOP 1 CAST(ut.Id AS INT) AS alt_id FROM dbo.tbl_UsuarioTecnico ut WHERE (ut.Id_Usuario = ? OR ut.IdUsuario = ? OR ut.Id_Tecnico = ? OR ut.IdTecnico = ?)   AND ISNULL(ut.E_Eliminado, 0) = 0]
2026-06-23 12:24:47.895 DEBUG 15560 --- [nio-9060-exec-1] o.s.jdbc.datasource.DataSourceUtils      : Fetching JDBC Connection from DataSource
2026-06-23 12:24:47.957 DEBUG 15560 --- [nio-9060-exec-1] o.s.jdbc.core.JdbcTemplate               : Executing prepared SQL query
2026-06-23 12:24:47.958 DEBUG 15560 --- [nio-9060-exec-1] o.s.jdbc.core.JdbcTemplate               : Executing prepared SQL statement [SELECT TOP 1 CAST(ut.Id_Vendedor AS INT) AS alt_id FROM dbo.tbl_UsuarioTecnico ut WHERE (ut.Id_Usuario = ? OR ut.IdUsuario = ? OR ut.Id_Tecnico = ? OR ut.IdTecnico = ?)   AND ISNULL(ut.E_Eliminado, 0) = 0   AND ut.Id_Vendedor IS NOT NULL]
2026-06-23 12:24:47.959 DEBUG 15560 --- [nio-9060-exec-1] o.s.jdbc.datasource.DataSourceUtils      : Fetching JDBC Connection from DataSource
2026-06-23 12:24:48.095 DEBUG 15560 --- [nio-9060-exec-1] o.s.jdbc.core.JdbcTemplate               : Executing prepared SQL query
2026-06-23 12:24:48.097 DEBUG 15560 --- [nio-9060-exec-1] o.s.jdbc.core.JdbcTemplate               : Executing prepared SQL statement [SELECT TOP 1 CAST(ut.id AS INT) AS alt_id FROM dbo.tbl_usuariotecnico ut WHERE (ut.id_usuario = ? OR ut.idusuario = ? OR ut.id_tecnico = ? OR ut.idtecnico = ?)   AND ISNULL(ut.e_eliminado, 0) = 0]
2026-06-23 12:24:48.098 DEBUG 15560 --- [nio-9060-exec-1] o.s.jdbc.datasource.DataSourceUtils      : Fetching JDBC Connection from DataSource
2026-06-23 12:24:48.128 DEBUG 15560 --- [nio-9060-exec-1] o.s.jdbc.core.JdbcTemplate               : Executing prepared SQL query
2026-06-23 12:24:48.129 DEBUG 15560 --- [nio-9060-exec-1] o.s.jdbc.core.JdbcTemplate               : Executing prepared SQL statement [SELECT TOP 1 CAST(ut.id_vendedor AS INT) AS alt_id FROM dbo.tbl_usuariotecnico ut WHERE (ut.id_usuario = ? OR ut.idusuario = ? OR ut.id_tecnico = ? OR ut.idtecnico = ?)   AND ISNULL(ut.e_eliminado, 0) = 0   AND ut.id_vendedor IS NOT NULL]
2026-06-23 12:24:48.129 DEBUG 15560 --- [nio-9060-exec-1] o.s.jdbc.datasource.DataSourceUtils      : Fetching JDBC Connection from DataSource
2026-06-23 12:24:48.318 DEBUG 15560 --- [nio-9060-exec-1] o.s.jdbc.core.JdbcTemplate               : Executing prepared SQL query
2026-06-23 12:24:48.319 DEBUG 15560 --- [nio-9060-exec-1] o.s.jdbc.core.JdbcTemplate               : Executing prepared SQL statement [SELECT TOP 1 CAST(ut.id AS INT) AS alt_id FROM dbo.tbl_UsuarioTecnico ut WHERE (ut.id_usuario = ? OR ut.idusuario = ? OR ut.id_tecnico = ? OR ut.idtecnico = ?)   AND ISNULL(ut.e_eliminado, 0) = 0]
2026-06-23 12:24:48.320 DEBUG 15560 --- [nio-9060-exec-1] o.s.jdbc.datasource.DataSourceUtils      : Fetching JDBC Connection from DataSource
2026-06-23 12:24:48.551 DEBUG 15560 --- [nio-9060-exec-1] o.s.jdbc.core.JdbcTemplate               : Executing prepared SQL query
2026-06-23 12:24:48.551 DEBUG 15560 --- [nio-9060-exec-1] o.s.jdbc.core.JdbcTemplate               : Executing prepared SQL statement [SELECT TOP 1 CAST(ut.id_vendedor AS INT) AS alt_id FROM dbo.tbl_UsuarioTecnico ut WHERE (ut.id_usuario = ? OR ut.idusuario = ? OR ut.id_tecnico = ? OR ut.idtecnico = ?)   AND ISNULL(ut.e_eliminado, 0) = 0   AND ut.id_vendedor IS NOT NULL]
2026-06-23 12:24:48.552 DEBUG 15560 --- [nio-9060-exec-1] o.s.jdbc.datasource.DataSourceUtils      : Fetching JDBC Connection from DataSource
2026-06-23 12:24:48.631 DEBUG 15560 --- [nio-9060-exec-1] o.s.jdbc.core.JdbcTemplate               : Executing prepared SQL query
2026-06-23 12:24:48.632 DEBUG 15560 --- [nio-9060-exec-1] o.s.jdbc.core.JdbcTemplate               : Executing prepared SQL statement [SELECT TOP 1 CAST(ut.Id AS INT) AS alt_id FROM dbo.tbl_UsuarioTecnico ut WHERE (ut.Id_Usuario = ? OR ut.IdUsuario = ? OR ut.Id_Tecnico = ? OR ut.IdTecnico = ?)   AND ISNULL(ut.E_Eliminado, 0) = 0]
2026-06-23 12:24:48.633 DEBUG 15560 --- [nio-9060-exec-1] o.s.jdbc.datasource.DataSourceUtils      : Fetching JDBC Connection from DataSource
2026-06-23 12:24:48.665 DEBUG 15560 --- [nio-9060-exec-1] o.s.jdbc.core.JdbcTemplate               : Executing prepared SQL query
2026-06-23 12:24:48.666 DEBUG 15560 --- [nio-9060-exec-1] o.s.jdbc.core.JdbcTemplate               : Executing prepared SQL statement [SELECT TOP 1 CAST(ut.Id_Vendedor AS INT) AS alt_id FROM dbo.tbl_UsuarioTecnico ut WHERE (ut.Id_Usuario = ? OR ut.IdUsuario = ? OR ut.Id_Tecnico = ? OR ut.IdTecnico = ?)   AND ISNULL(ut.E_Eliminado, 0) = 0   AND ut.Id_Vendedor IS NOT NULL]
2026-06-23 12:24:48.667 DEBUG 15560 --- [nio-9060-exec-1] o.s.jdbc.datasource.DataSourceUtils      : Fetching JDBC Connection from DataSource
2026-06-23 12:24:48.693 DEBUG 15560 --- [nio-9060-exec-1] o.s.jdbc.core.JdbcTemplate               : Executing prepared SQL query
2026-06-23 12:24:48.694 DEBUG 15560 --- [nio-9060-exec-1] o.s.jdbc.core.JdbcTemplate               : Executing prepared SQL statement [SELECT TOP 1 CAST(ut.id AS INT) AS alt_id FROM dbo.tbl_usuariotecnico ut WHERE (ut.id_usuario = ? OR ut.idusuario = ? OR ut.id_tecnico = ? OR ut.idtecnico = ?)   AND ISNULL(ut.e_eliminado, 0) = 0]
2026-06-23 12:24:48.695 DEBUG 15560 --- [nio-9060-exec-1] o.s.jdbc.datasource.DataSourceUtils      : Fetching JDBC Connection from DataSource
2026-06-23 12:24:48.735 DEBUG 15560 --- [nio-9060-exec-1] o.s.jdbc.core.JdbcTemplate               : Executing prepared SQL query
2026-06-23 12:24:48.736 DEBUG 15560 --- [nio-9060-exec-1] o.s.jdbc.core.JdbcTemplate               : Executing prepared SQL statement [SELECT TOP 1 CAST(ut.id_vendedor AS INT) AS alt_id FROM dbo.tbl_usuariotecnico ut WHERE (ut.id_usuario = ? OR ut.idusuario = ? OR ut.id_tecnico = ? OR ut.idtecnico = ?)   AND ISNULL(ut.e_eliminado, 0) = 0   AND ut.id_vendedor IS NOT NULL]
2026-06-23 12:24:48.737 DEBUG 15560 --- [nio-9060-exec-1] o.s.jdbc.datasource.DataSourceUtils      : Fetching JDBC Connection from DataSource
2026-06-23 12:24:48.751 DEBUG 15560 --- [nio-9060-exec-1] o.s.jdbc.core.JdbcTemplate               : Executing prepared SQL query
2026-06-23 12:24:48.752 DEBUG 15560 --- [nio-9060-exec-1] o.s.jdbc.core.JdbcTemplate               : Executing prepared SQL statement [SELECT TOP 1 CAST(ut.id AS INT) AS alt_id FROM dbo.tbl_UsuarioTecnico ut WHERE (ut.id_usuario = ? OR ut.idusuario = ? OR ut.id_tecnico = ? OR ut.idtecnico = ?)   AND ISNULL(ut.e_eliminado, 0) = 0]
2026-06-23 12:24:48.753 DEBUG 15560 --- [nio-9060-exec-1] o.s.jdbc.datasource.DataSourceUtils      : Fetching JDBC Connection from DataSource
2026-06-23 12:24:48.772 DEBUG 15560 --- [nio-9060-exec-1] o.s.jdbc.core.JdbcTemplate               : Executing prepared SQL query
2026-06-23 12:24:48.772 DEBUG 15560 --- [nio-9060-exec-1] o.s.jdbc.core.JdbcTemplate               : Executing prepared SQL statement [SELECT TOP 1 CAST(ut.id_vendedor AS INT) AS alt_id FROM dbo.tbl_UsuarioTecnico ut WHERE (ut.id_usuario = ? OR ut.idusuario = ? OR ut.id_tecnico = ? OR ut.idtecnico = ?)   AND ISNULL(ut.e_eliminado, 0) = 0   AND ut.id_vendedor IS NOT NULL]
2026-06-23 12:24:48.773 DEBUG 15560 --- [nio-9060-exec-1] o.s.jdbc.datasource.DataSourceUtils      : Fetching JDBC Connection from DataSource
2026-06-23 12:24:48.839 DEBUG 15560 --- [nio-9060-exec-1] o.s.jdbc.core.JdbcTemplate               : Executing prepared SQL query
2026-06-23 12:24:48.840 DEBUG 15560 --- [nio-9060-exec-1] o.s.jdbc.core.JdbcTemplate               : Executing prepared SQL statement [SELECT TOP 1 CAST(ut.Id AS INT) AS alt_id FROM dbo.tbl_UsuarioTecnico ut WHERE (ut.Id_Usuario = ? OR ut.IdUsuario = ? OR ut.Id_Tecnico = ? OR ut.IdTecnico = ?)   AND ISNULL(ut.E_Eliminado, 0) = 0]
2026-06-23 12:24:48.841 DEBUG 15560 --- [nio-9060-exec-1] o.s.jdbc.datasource.DataSourceUtils      : Fetching JDBC Connection from DataSource
2026-06-23 12:24:48.858 DEBUG 15560 --- [nio-9060-exec-1] o.s.jdbc.core.JdbcTemplate               : Executing prepared SQL query
2026-06-23 12:24:48.859 DEBUG 15560 --- [nio-9060-exec-1] o.s.jdbc.core.JdbcTemplate               : Executing prepared SQL statement [SELECT TOP 1 CAST(ut.Id_Vendedor AS INT) AS alt_id FROM dbo.tbl_UsuarioTecnico ut WHERE (ut.Id_Usuario = ? OR ut.IdUsuario = ? OR ut.Id_Tecnico = ? OR ut.IdTecnico = ?)   AND ISNULL(ut.E_Eliminado, 0) = 0   AND ut.Id_Vendedor IS NOT NULL]
2026-06-23 12:24:48.860 DEBUG 15560 --- [nio-9060-exec-1] o.s.jdbc.datasource.DataSourceUtils      : Fetching JDBC Connection from DataSource
2026-06-23 12:24:48.879 DEBUG 15560 --- [nio-9060-exec-1] o.s.jdbc.core.JdbcTemplate               : Executing prepared SQL query
2026-06-23 12:24:48.880 DEBUG 15560 --- [nio-9060-exec-1] o.s.jdbc.core.JdbcTemplate               : Executing prepared SQL statement [SELECT TOP 1 CAST(ut.id AS INT) AS alt_id FROM dbo.tbl_usuariotecnico ut WHERE (ut.id_usuario = ? OR ut.idusuario = ? OR ut.id_tecnico = ? OR ut.idtecnico = ?)   AND ISNULL(ut.e_eliminado, 0) = 0]
2026-06-23 12:24:48.881 DEBUG 15560 --- [nio-9060-exec-1] o.s.jdbc.datasource.DataSourceUtils      : Fetching JDBC Connection from DataSource
2026-06-23 12:24:48.887 DEBUG 15560 --- [nio-9060-exec-1] o.s.jdbc.core.JdbcTemplate               : Executing prepared SQL query
2026-06-23 12:24:48.889 DEBUG 15560 --- [nio-9060-exec-1] o.s.jdbc.core.JdbcTemplate               : Executing prepared SQL statement [SELECT TOP 1 CAST(ut.id_vendedor AS INT) AS alt_id FROM dbo.tbl_usuariotecnico ut WHERE (ut.id_usuario = ? OR ut.idusuario = ? OR ut.id_tecnico = ? OR ut.idtecnico = ?)   AND ISNULL(ut.e_eliminado, 0) = 0   AND ut.id_vendedor IS NOT NULL]
2026-06-23 12:24:48.890 DEBUG 15560 --- [nio-9060-exec-1] o.s.jdbc.datasource.DataSourceUtils      : Fetching JDBC Connection from DataSource
2026-06-23 12:24:48.896 DEBUG 15560 --- [nio-9060-exec-1] o.s.jdbc.core.JdbcTemplate               : Executing prepared SQL query
2026-06-23 12:24:48.898 DEBUG 15560 --- [nio-9060-exec-1] o.s.jdbc.core.JdbcTemplate               : Executing prepared SQL statement [SELECT TOP 1 1 AS ok FROM dbo.backup_temporal bt WHERE bt.id_usuario = ?   AND ISNULL(bt.e_activo, 1) = 1   AND (bt.fecha_fin IS NULL OR bt.fecha_fin > GETDATE()) ORDER BY bt.id_backup_temporal DESC]
2026-06-23 12:24:48.898 DEBUG 15560 --- [nio-9060-exec-1] o.s.jdbc.datasource.DataSourceUtils      : Fetching JDBC Connection from DataSource
2026-06-23 12:24:48.904  INFO 15560 --- [nio-9060-exec-1] c.e.T.p.service.PrivilegioService        : [PERMISOS] idUsuarioSesion=82, rolSesion=BackOffice_v, backupContexto=false, backupTemporal=false, idGrupo=null, idSupervisorContexto=null, idRolPermisos=6, idUsuarioPermisos=82
2026-06-23 12:24:48.905 DEBUG 15560 --- [nio-9060-exec-1] o.s.jdbc.core.JdbcTemplate               : Executing SQL query [EXEC dbo.spx_ObtenerPrivilegiosRoles]
2026-06-23 12:24:48.906 DEBUG 15560 --- [nio-9060-exec-1] o.s.jdbc.datasource.DataSourceUtils      : Fetching JDBC Connection from DataSource
2026-06-23 12:24:48.921 DEBUG 15560 --- [nio-9060-exec-1] .m.m.a.ExceptionHandlerExceptionResolver : Using @ExceptionHandler com.example.TigoStarSystem.common.GlobalExceptionHandler#handleGeneric(Exception, HttpServletRequest)
2026-06-23 12:24:48.924 ERROR 15560 --- [nio-9060-exec-1] c.e.T.common.GlobalExceptionHandler      : Unhandled error on GET /auth/permisos

org.springframework.web.util.NestedServletException: Handler dispatch failed; nested exception is java.lang.NoClassDefFoundError: com/example/TigoStarSystem/privilegios/dto/PrivilegioRolResponse
	at org.springframework.web.servlet.DispatcherServlet.doDispatch(DispatcherServlet.java:1087) ~[spring-webmvc-5.3.31.jar:5.3.31]
	at org.springframework.web.servlet.DispatcherServlet.doService(DispatcherServlet.java:965) ~[spring-webmvc-5.3.31.jar:5.3.31]
	at org.springframework.web.servlet.FrameworkServlet.processRequest(FrameworkServlet.java:1006) ~[spring-webmvc-5.3.31.jar:5.3.31]
	at org.springframework.web.servlet.FrameworkServlet.doGet(FrameworkServlet.java:898) ~[spring-webmvc-5.3.31.jar:5.3.31]
	at javax.servlet.http.HttpServlet.service(HttpServlet.java:529) ~[tomcat-embed-core-9.0.83.jar:4.0.FR]
	at org.springframework.web.servlet.FrameworkServlet.service(FrameworkServlet.java:883) ~[spring-webmvc-5.3.31.jar:5.3.31]
	at javax.servlet.http.HttpServlet.service(HttpServlet.java:623) ~[tomcat-embed-core-9.0.83.jar:4.0.FR]
	at org.apache.catalina.core.ApplicationFilterChain.internalDoFilter(ApplicationFilterChain.java:209) ~[tomcat-embed-core-9.0.83.jar:9.0.83]
	at org.apache.catalina.core.ApplicationFilterChain.doFilter(ApplicationFilterChain.java:153) ~[tomcat-embed-core-9.0.83.jar:9.0.83]
	at org.apache.tomcat.websocket.server.WsFilter.doFilter(WsFilter.java:51) ~[tomcat-embed-websocket-9.0.83.jar:9.0.83]
	at org.apache.catalina.core.ApplicationFilterChain.internalDoFilter(ApplicationFilterChain.java:178) ~[tomcat-embed-core-9.0.83.jar:9.0.83]
	at org.apache.catalina.core.ApplicationFilterChain.doFilter(ApplicationFilterChain.java:153) ~[tomcat-embed-core-9.0.83.jar:9.0.83]
	at org.springframework.web.filter.RequestContextFilter.doFilterInternal(RequestContextFilter.java:100) ~[spring-web-5.3.31.jar:5.3.31]
	at org.springframework.web.filter.OncePerRequestFilter.doFilter(OncePerRequestFilter.java:117) ~[spring-web-5.3.31.jar:5.3.31]
	at org.apache.catalina.core.ApplicationFilterChain.internalDoFilter(ApplicationFilterChain.java:178) ~[tomcat-embed-core-9.0.83.jar:9.0.83]
	at org.apache.catalina.core.ApplicationFilterChain.doFilter(ApplicationFilterChain.java:153) ~[tomcat-embed-core-9.0.83.jar:9.0.83]
	at org.springframework.web.filter.FormContentFilter.doFilterInternal(FormContentFilter.java:93) ~[spring-web-5.3.31.jar:5.3.31]
	at org.springframework.web.filter.OncePerRequestFilter.doFilter(OncePerRequestFilter.java:117) ~[spring-web-5.3.31.jar:5.3.31]
	at org.apache.catalina.core.ApplicationFilterChain.internalDoFilter(ApplicationFilterChain.java:178) ~[tomcat-embed-core-9.0.83.jar:9.0.83]
	at org.apache.catalina.core.ApplicationFilterChain.doFilter(ApplicationFilterChain.java:153) ~[tomcat-embed-core-9.0.83.jar:9.0.83]
	at org.springframework.web.filter.CharacterEncodingFilter.doFilterInternal(CharacterEncodingFilter.java:201) ~[spring-web-5.3.31.jar:5.3.31]
	at org.springframework.web.filter.OncePerRequestFilter.doFilter(OncePerRequestFilter.java:117) ~[spring-web-5.3.31.jar:5.3.31]
	at org.apache.catalina.core.ApplicationFilterChain.internalDoFilter(ApplicationFilterChain.java:178) ~[tomcat-embed-core-9.0.83.jar:9.0.83]
	at org.apache.catalina.core.ApplicationFilterChain.doFilter(ApplicationFilterChain.java:153) ~[tomcat-embed-core-9.0.83.jar:9.0.83]
	at org.springframework.web.filter.CorsFilter.doFilterInternal(CorsFilter.java:91) ~[spring-web-5.3.31.jar:5.3.31]
	at org.springframework.web.filter.OncePerRequestFilter.doFilter(OncePerRequestFilter.java:117) ~[spring-web-5.3.31.jar:5.3.31]
	at org.apache.catalina.core.ApplicationFilterChain.internalDoFilter(ApplicationFilterChain.java:178) ~[tomcat-embed-core-9.0.83.jar:9.0.83]
	at org.apache.catalina.core.ApplicationFilterChain.doFilter(ApplicationFilterChain.java:153) ~[tomcat-embed-core-9.0.83.jar:9.0.83]
	at org.apache.catalina.core.StandardWrapperValve.invoke(StandardWrapperValve.java:168) ~[tomcat-embed-core-9.0.83.jar:9.0.83]
	at org.apache.catalina.core.StandardContextValve.invoke(StandardContextValve.java:90) ~[tomcat-embed-core-9.0.83.jar:9.0.83]
	at org.apache.catalina.authenticator.AuthenticatorBase.invoke(AuthenticatorBase.java:481) ~[tomcat-embed-core-9.0.83.jar:9.0.83]
	at org.apache.catalina.core.StandardHostValve.invoke(StandardHostValve.java:130) ~[tomcat-embed-core-9.0.83.jar:9.0.83]
	at org.apache.catalina.valves.ErrorReportValve.invoke(ErrorReportValve.java:93) ~[tomcat-embed-core-9.0.83.jar:9.0.83]
	at org.apache.catalina.core.StandardEngineValve.invoke(StandardEngineValve.java:74) ~[tomcat-embed-core-9.0.83.jar:9.0.83]
	at org.apache.catalina.connector.CoyoteAdapter.service(CoyoteAdapter.java:342) ~[tomcat-embed-core-9.0.83.jar:9.0.83]
	at org.apache.coyote.http11.Http11Processor.service(Http11Processor.java:390) ~[tomcat-embed-core-9.0.83.jar:9.0.83]
	at org.apache.coyote.AbstractProcessorLight.process(AbstractProcessorLight.java:63) ~[tomcat-embed-core-9.0.83.jar:9.0.83]
	at org.apache.coyote.AbstractProtocol$ConnectionHandler.process(AbstractProtocol.java:928) ~[tomcat-embed-core-9.0.83.jar:9.0.83]
	at org.apache.tomcat.util.net.NioEndpoint$SocketProcessor.doRun(NioEndpoint.java:1794) ~[tomcat-embed-core-9.0.83.jar:9.0.83]
	at org.apache.tomcat.util.net.SocketProcessorBase.run(SocketProcessorBase.java:52) ~[tomcat-embed-core-9.0.83.jar:9.0.83]
	at org.apache.tomcat.util.threads.ThreadPoolExecutor.runWorker(ThreadPoolExecutor.java:1191) ~[tomcat-embed-core-9.0.83.jar:9.0.83]
	at org.apache.tomcat.util.threads.ThreadPoolExecutor$Worker.run(ThreadPoolExecutor.java:659) ~[tomcat-embed-core-9.0.83.jar:9.0.83]
	at org.apache.tomcat.util.threads.TaskThread$WrappingRunnable.run(TaskThread.java:61) ~[tomcat-embed-core-9.0.83.jar:9.0.83]
	at java.base/java.lang.Thread.run(Thread.java:1583) ~[na:na]
Caused by: java.lang.NoClassDefFoundError: com/example/TigoStarSystem/privilegios/dto/PrivilegioRolResponse
	at com.example.TigoStarSystem.privilegios.service.PrivilegioService.listarRoles(PrivilegioService.java:66) ~[classes/:na]
	at com.example.TigoStarSystem.privilegios.service.PrivilegioService.resolverNombreRol(PrivilegioService.java:473) ~[classes/:na]
	at com.example.TigoStarSystem.privilegios.service.PrivilegioService.obtenerPrivilegiosPorRol(PrivilegioService.java:79) ~[classes/:na]
	at com.example.TigoStarSystem.privilegios.service.PrivilegioService.obtenerPermisosUsuario(PrivilegioService.java:228) ~[classes/:na]
	at com.example.TigoStarSystem.auth.controller.AuthPermisosController.permisos(AuthPermisosController.java:30) ~[classes/:na]
	at java.base/jdk.internal.reflect.DirectMethodHandleAccessor.invoke(DirectMethodHandleAccessor.java:103) ~[na:na]
	at java.base/java.lang.reflect.Method.invoke(Method.java:580) ~[na:na]
	at org.springframework.web.method.support.InvocableHandlerMethod.doInvoke(InvocableHandlerMethod.java:205) ~[spring-web-5.3.31.jar:5.3.31]
	at org.springframework.web.method.support.InvocableHandlerMethod.invokeForRequest(InvocableHandlerMethod.java:150) ~[spring-web-5.3.31.jar:5.3.31]
	at org.springframework.web.servlet.mvc.method.annotation.ServletInvocableHandlerMethod.invokeAndHandle(ServletInvocableHandlerMethod.java:117) ~[spring-webmvc-5.3.31.jar:5.3.31]
	at org.springframework.web.servlet.mvc.method.annotation.RequestMappingHandlerAdapter.invokeHandlerMethod(RequestMappingHandlerAdapter.java:895) ~[spring-webmvc-5.3.31.jar:5.3.31]
	at org.springframework.web.servlet.mvc.method.annotation.RequestMappingHandlerAdapter.handleInternal(RequestMappingHandlerAdapter.java:808) ~[spring-webmvc-5.3.31.jar:5.3.31]
	at org.springframework.web.servlet.mvc.method.AbstractHandlerMethodAdapter.handle(AbstractHandlerMethodAdapter.java:87) ~[spring-webmvc-5.3.31.jar:5.3.31]
	at org.springframework.web.servlet.DispatcherServlet.doDispatch(DispatcherServlet.java:1072) ~[spring-webmvc-5.3.31.jar:5.3.31]
	... 43 common frames omitted
Caused by: java.lang.ClassNotFoundException: com.example.TigoStarSystem.privilegios.dto.PrivilegioRolResponse
	... 57 common frames omitted

2026-06-23 12:24:48.927 DEBUG 15560 --- [nio-9060-exec-1] o.s.w.s.m.m.a.HttpEntityMethodProcessor  : Using 'application/json', given [application/json, text/plain, */*] and supported [application/json, application/*+json, application/json, application/*+json]
2026-06-23 12:24:48.928 DEBUG 15560 --- [nio-9060-exec-1] o.s.w.s.m.m.a.HttpEntityMethodProcessor  : Writing [com.example.TigoStarSystem.common.ApiError@3574452f]
2026-06-23 12:24:48.932 DEBUG 15560 --- [nio-9060-exec-1] .m.m.a.ExceptionHandlerExceptionResolver : Resolved [org.springframework.web.util.NestedServletException: Handler dispatch failed; nested exception is java.lang.NoClassDefFoundError: com/example/TigoStarSystem/privilegios/dto/PrivilegioRolResponse]
2026-06-23 12:24:48.933 DEBUG 15560 --- [nio-9060-exec-1] o.s.web.servlet.DispatcherServlet        : Completed 500 INTERNAL_SERVER_ERROR
2026-06-23 12:24:51.836 DEBUG 15560 --- [nio-9060-exec-2] o.s.web.servlet.DispatcherServlet        : GET "/auth/sucursales", parameters={}
2026-06-23 12:24:51.839 DEBUG 15560 --- [nio-9060-exec-2] s.w.s.m.m.a.RequestMappingHandlerMapping : Mapped to com.example.TigoStarSystem.auth.controller.AuthController#listarSucursales()
2026-06-23 12:24:51.850  INFO 15560 --- [nio-9060-exec-2] c.e.T.auth.controller.AuthController     : Request GET /auth/sucursales
2026-06-23 12:24:51.853 DEBUG 15560 --- [nio-9060-exec-2] o.s.jdbc.core.JdbcTemplate               : Executing SQL query [EXEC dbo.spx_ObtenerSucursalesConexionWeb]
2026-06-23 12:24:51.857 DEBUG 15560 --- [nio-9060-exec-2] o.s.jdbc.datasource.DataSourceUtils      : Fetching JDBC Connection from DataSource
2026-06-23 12:24:51.968 DEBUG 15560 --- [nio-9060-exec-2] o.s.w.s.m.m.a.HttpEntityMethodProcessor  : Using 'application/json', given [application/json, text/plain, */*] and supported [application/json, application/*+json, application/json, application/*+json]
2026-06-23 12:24:51.970 DEBUG 15560 --- [nio-9060-exec-2] o.s.w.s.m.m.a.HttpEntityMethodProcessor  : Writing [com.example.TigoStarSystem.common.ApiResponse@41cf09ee]
2026-06-23 12:24:51.973 DEBUG 15560 --- [nio-9060-exec-2] o.s.web.servlet.DispatcherServlet        : Completed 200 OK
2026-06-23 12:24:56.025 DEBUG 15560 --- [ool housekeeper] com.zaxxer.hikari.pool.HikariPool        : CentralHikariPool - Before cleanup stats (total=1, active=0, idle=1, waiting=0)
2026-06-23 12:24:56.026 DEBUG 15560 --- [ool housekeeper] com.zaxxer.hikari.pool.HikariPool        : CentralHikariPool - After cleanup  stats (total=1, active=0, idle=1, waiting=0)
2026-06-23 12:24:56.026 DEBUG 15560 --- [ool housekeeper] com.zaxxer.hikari.pool.HikariPool        : CentralHikariPool - Fill pool skipped, pool is at sufficient level.
2026-06-23 12:24:56.163 DEBUG 15560 --- [nio-9060-exec-3] o.s.web.servlet.DispatcherServlet        : POST "/auth/login", parameters={}
2026-06-23 12:24:56.164 DEBUG 15560 --- [nio-9060-exec-3] s.w.s.m.m.a.RequestMappingHandlerMapping : Mapped to com.example.TigoStarSystem.auth.controller.AuthController#login(AuthLoginRequest)
2026-06-23 12:24:56.167 DEBUG 15560 --- [nio-9060-exec-3] m.m.a.RequestResponseBodyMethodProcessor : Read "application/json;charset=UTF-8" to [com.example.TigoStarSystem.auth.dto.AuthLoginRequest@39f8e805]
2026-06-23 12:24:56.172  INFO 15560 --- [nio-9060-exec-3] c.e.T.auth.service.AuthService           : Login attempt usuario=gcoca, idSucursal=9, validarSucursal=false
2026-06-23 12:24:56.173 DEBUG 15560 --- [nio-9060-exec-3] o.s.jdbc.core.JdbcTemplate               : Executing SQL query [EXEC dbo.spx_ObtenerSucursalesConexionWeb]
2026-06-23 12:24:56.173 DEBUG 15560 --- [nio-9060-exec-3] o.s.jdbc.datasource.DataSourceUtils      : Fetching JDBC Connection from DataSource
2026-06-23 12:24:56.285 DEBUG 15560 --- [nio-9060-exec-3] c.e.T.auth.service.AuthService           : Sucursal resolved idSucursal=9, host=tigo.makiro.com.bo, baseDeDatos=BDSistemaAntenaPM
2026-06-23 12:24:56.286 DEBUG 15560 --- [nio-9060-exec-3] c.e.T.auth.service.AuthService           : Login target attempt=1 idSucursal=9, sucursal=SantaCruz, host=tigo.makiro.com.bo, baseDeDatos=BDSistemaAntenaPM
2026-06-23 12:24:56.287 DEBUG 15560 --- [nio-9060-exec-3] c.e.T.auth.service.AuthService           : Creating JDBC connection for sucursal host=tigo.makiro.com.bo baseDeDatos=BDSistemaAntenaPM
2026-06-23 12:24:56.287 DEBUG 15560 --- [nio-9060-exec-3] c.e.T.auth.service.AuthService           : Calling SP dbo.spx_ValidarUsuario
2026-06-23 12:24:56.288 DEBUG 15560 --- [nio-9060-exec-3] o.s.jdbc.core.JdbcTemplate               : Executing prepared SQL query
2026-06-23 12:24:56.288 DEBUG 15560 --- [nio-9060-exec-3] o.s.jdbc.core.JdbcTemplate               : Executing prepared SQL statement [EXEC dbo.spx_ValidarUsuario ?, ?]
2026-06-23 12:24:56.289 DEBUG 15560 --- [nio-9060-exec-3] o.s.jdbc.datasource.DataSourceUtils      : Fetching JDBC Connection from DataSource
2026-06-23 12:24:56.415 DEBUG 15560 --- [nio-9060-exec-3] c.e.T.auth.service.AuthService           : Login SP returned 1 rows
2026-06-23 12:24:56.418  INFO 15560 --- [nio-9060-exec-3] c.e.T.auth.controller.AuthController     : User {} logged in successfully.
2026-06-23 12:24:56.419 DEBUG 15560 --- [nio-9060-exec-3] o.s.w.s.m.m.a.HttpEntityMethodProcessor  : Using 'application/json', given [application/json, text/plain, */*] and supported [application/json, application/*+json, application/json, application/*+json]
2026-06-23 12:24:56.419 DEBUG 15560 --- [nio-9060-exec-3] o.s.w.s.m.m.a.HttpEntityMethodProcessor  : Writing [com.example.TigoStarSystem.common.ApiResponse@37e9d35e]
2026-06-23 12:24:56.420 DEBUG 15560 --- [nio-9060-exec-3] o.s.web.servlet.DispatcherServlet        : Completed 200 OK
2026-06-23 12:24:56.465 DEBUG 15560 --- [nio-9060-exec-4] o.s.web.servlet.DispatcherServlet        : GET "/auth/sucursales", parameters={}
2026-06-23 12:24:56.466 DEBUG 15560 --- [nio-9060-exec-4] s.w.s.m.m.a.RequestMappingHandlerMapping : Mapped to com.example.TigoStarSystem.auth.controller.AuthController#listarSucursales()
2026-06-23 12:24:56.467  INFO 15560 --- [nio-9060-exec-4] c.e.T.auth.controller.AuthController     : Request GET /auth/sucursales
2026-06-23 12:24:56.467 DEBUG 15560 --- [nio-9060-exec-4] o.s.jdbc.core.JdbcTemplate               : Executing SQL query [EXEC dbo.spx_ObtenerSucursalesConexionWeb]
2026-06-23 12:24:56.467 DEBUG 15560 --- [nio-9060-exec-4] o.s.jdbc.datasource.DataSourceUtils      : Fetching JDBC Connection from DataSource
2026-06-23 12:24:56.544 DEBUG 15560 --- [nio-9060-exec-4] o.s.w.s.m.m.a.HttpEntityMethodProcessor  : Using 'application/json', given [application/json, text/plain, */*] and supported [application/json, application/*+json, application/json, application/*+json]
2026-06-23 12:24:56.545 DEBUG 15560 --- [nio-9060-exec-4] o.s.w.s.m.m.a.HttpEntityMethodProcessor  : Writing [com.example.TigoStarSystem.common.ApiResponse@12b264bb]
2026-06-23 12:24:56.546 DEBUG 15560 --- [nio-9060-exec-4] o.s.web.servlet.DispatcherServlet        : Completed 200 OK
2026-06-23 12:24:56.601 DEBUG 15560 --- [ool housekeeper] com.zaxxer.hikari.pool.HikariPool        : TigoHogarHikariPool - Before cleanup stats (total=1, active=0, idle=1, waiting=0)
2026-06-23 12:24:56.601 DEBUG 15560 --- [ool housekeeper] com.zaxxer.hikari.pool.HikariPool        : TigoHogarHikariPool - After cleanup  stats (total=1, active=0, idle=1, waiting=0)
2026-06-23 12:24:56.602 DEBUG 15560 --- [ool housekeeper] com.zaxxer.hikari.pool.HikariPool        : TigoHogarHikariPool - Fill pool skipped, pool is at sufficient level.
2026-06-23 12:24:56.743 DEBUG 15560 --- [nio-9060-exec-8] o.s.web.servlet.DispatcherServlet        : GET "/auth/me", parameters={}
2026-06-23 12:24:56.744 DEBUG 15560 --- [nio-9060-exec-8] s.w.s.m.m.a.RequestMappingHandlerMapping : Mapped to com.example.TigoStarSystem.auth.controller.AuthController#me(String)
2026-06-23 12:24:56.751 DEBUG 15560 --- [nio-9060-exec-8] o.s.w.s.m.m.a.HttpEntityMethodProcessor  : Using 'application/json', given [application/json, text/plain, */*] and supported [application/json, application/*+json, application/json, application/*+json]
2026-06-23 12:24:56.752 DEBUG 15560 --- [nio-9060-exec-8] o.s.w.s.m.m.a.HttpEntityMethodProcessor  : Writing [com.example.TigoStarSystem.common.ApiResponse@5721d4c0]
2026-06-23 12:24:56.754 DEBUG 15560 --- [nio-9060-exec-8] o.s.web.servlet.DispatcherServlet        : Completed 200 OK
2026-06-23 12:24:57.072 DEBUG 15560 --- [nio-9060-exec-6] o.s.web.servlet.DispatcherServlet        : GET "/auth/permisos", parameters={}
2026-06-23 12:24:57.073 DEBUG 15560 --- [nio-9060-exec-6] s.w.s.m.m.a.RequestMappingHandlerMapping : Mapped to com.example.TigoStarSystem.auth.controller.AuthPermisosController#permisos(String)
2026-06-23 12:24:57.077 DEBUG 15560 --- [nio-9060-exec-6] o.s.jdbc.core.JdbcTemplate               : Executing prepared SQL query
2026-06-23 12:24:57.078 DEBUG 15560 --- [nio-9060-exec-6] o.s.jdbc.core.JdbcTemplate               : Executing prepared SQL statement [SELECT TOP 1 CAST(ut.id AS INT) AS id_usuario_tecnico FROM dbo.tbl_UsuarioTecnico ut WHERE (ut.id_usuario = ? OR ut.idusuario = ? OR ut.id_tecnico = ? OR ut.idtecnico = ?)   AND ISNULL(ut.e_eliminado, 0) = 0]
2026-06-23 12:24:57.078 DEBUG 15560 --- [nio-9060-exec-6] o.s.jdbc.datasource.DataSourceUtils      : Fetching JDBC Connection from DataSource
2026-06-23 12:24:57.152 DEBUG 15560 --- [nio-9060-exec-6] o.s.jdbc.core.JdbcTemplate               : Executing prepared SQL query
2026-06-23 12:24:57.153 DEBUG 15560 --- [nio-9060-exec-6] o.s.jdbc.core.JdbcTemplate               : Executing prepared SQL statement [SELECT TOP 1 CAST(ut.Id AS INT) AS id_usuario_tecnico FROM dbo.tbl_UsuarioTecnico ut WHERE (ut.Id_Usuario = ? OR ut.IdUsuario = ? OR ut.Id_Tecnico = ? OR ut.IdTecnico = ?)   AND ISNULL(ut.E_Eliminado, 0) = 0]
2026-06-23 12:24:57.153 DEBUG 15560 --- [nio-9060-exec-6] o.s.jdbc.datasource.DataSourceUtils      : Fetching JDBC Connection from DataSource
2026-06-23 12:24:57.203 DEBUG 15560 --- [nio-9060-exec-6] o.s.jdbc.core.JdbcTemplate               : Executing prepared SQL query
2026-06-23 12:24:57.204 DEBUG 15560 --- [nio-9060-exec-6] o.s.jdbc.core.JdbcTemplate               : Executing prepared SQL statement [SELECT TOP 1 CAST(ut.id AS INT) AS id_usuario_tecnico FROM dbo.tbl_usuariotecnico ut WHERE (ut.id_usuario = ? OR ut.idusuario = ? OR ut.id_tecnico = ? OR ut.idtecnico = ?)   AND ISNULL(ut.e_eliminado, 0) = 0]
2026-06-23 12:24:57.204 DEBUG 15560 --- [nio-9060-exec-6] o.s.jdbc.datasource.DataSourceUtils      : Fetching JDBC Connection from DataSource
2026-06-23 12:24:57.315 DEBUG 15560 --- [nio-9060-exec-6] o.s.jdbc.core.JdbcTemplate               : Executing prepared SQL query
2026-06-23 12:24:57.316 DEBUG 15560 --- [nio-9060-exec-6] o.s.jdbc.core.JdbcTemplate               : Executing prepared SQL statement [SELECT TOP 1 CAST(ut.id AS INT) AS id_usuario_tecnico FROM dbo.tbl_usuaritecnico ut WHERE (ut.id_usuario = ? OR ut.idusuario = ? OR ut.id_tecnico = ? OR ut.idtecnico = ?)   AND ISNULL(ut.e_eliminado, 0) = 0]
2026-06-23 12:24:57.316 DEBUG 15560 --- [nio-9060-exec-6] o.s.jdbc.datasource.DataSourceUtils      : Fetching JDBC Connection from DataSource
2026-06-23 12:24:57.366 DEBUG 15560 --- [nio-9060-exec-6] o.s.jdbc.core.JdbcTemplate               : Executing prepared SQL query
2026-06-23 12:24:57.367 DEBUG 15560 --- [nio-9060-exec-6] o.s.jdbc.core.JdbcTemplate               : Executing prepared SQL statement [SELECT TOP 1 CAST(ut.id_vendedor AS INT) AS id_vendedor FROM dbo.tbl_UsuarioTecnico ut WHERE (ut.id_usuario = ? OR ut.idusuario = ? OR ut.id = ? OR ut.id_tecnico = ? OR ut.idtecnico = ?)   AND ISNULL(ut.e_eliminado, 0) = 0 AND ut.id_vendedor IS NOT NULL]
2026-06-23 12:24:57.367 DEBUG 15560 --- [nio-9060-exec-6] o.s.jdbc.datasource.DataSourceUtils      : Fetching JDBC Connection from DataSource
2026-06-23 12:24:57.430 DEBUG 15560 --- [nio-9060-exec-6] o.s.jdbc.core.JdbcTemplate               : Executing prepared SQL query
2026-06-23 12:24:57.430 DEBUG 15560 --- [nio-9060-exec-6] o.s.jdbc.core.JdbcTemplate               : Executing prepared SQL statement [SELECT TOP 1 CAST(ut.Id_Vendedor AS INT) AS id_vendedor FROM dbo.tbl_UsuarioTecnico ut WHERE (ut.Id_Usuario = ? OR ut.IdUsuario = ? OR ut.Id = ? OR ut.Id_Tecnico = ? OR ut.IdTecnico = ?)   AND ISNULL(ut.E_Eliminado, 0) = 0 AND ut.Id_Vendedor IS NOT NULL]
2026-06-23 12:24:57.431 DEBUG 15560 --- [nio-9060-exec-6] o.s.jdbc.datasource.DataSourceUtils      : Fetching JDBC Connection from DataSource
2026-06-23 12:24:57.558 DEBUG 15560 --- [nio-9060-exec-6] o.s.jdbc.core.JdbcTemplate               : Executing prepared SQL query
2026-06-23 12:24:57.559 DEBUG 15560 --- [nio-9060-exec-6] o.s.jdbc.core.JdbcTemplate               : Executing prepared SQL statement [SELECT TOP 1 CAST(ut.idvendedor AS INT) AS id_vendedor FROM dbo.tbl_usuariotecnico ut WHERE (ut.id_usuario = ? OR ut.idusuario = ? OR ut.id = ? OR ut.id_tecnico = ? OR ut.idtecnico = ?)   AND ISNULL(ut.e_eliminado, 0) = 0 AND ut.idvendedor IS NOT NULL]
2026-06-23 12:24:57.559 DEBUG 15560 --- [nio-9060-exec-6] o.s.jdbc.datasource.DataSourceUtils      : Fetching JDBC Connection from DataSource
2026-06-23 12:24:57.580 DEBUG 15560 --- [nio-9060-exec-6] o.s.jdbc.core.JdbcTemplate               : Executing prepared SQL query
2026-06-23 12:24:57.581 DEBUG 15560 --- [nio-9060-exec-6] o.s.jdbc.core.JdbcTemplate               : Executing prepared SQL statement [SELECT TOP 1 g.id_grupo, ISNULL(g.supervisor_ausente, 0) AS supervisor_ausente, gb.id_grupo_backup, gb.id_usuario_tecnico_temporal, ISNULL(gb.e_activo, 0) AS backup_activo, gb.fecha_inicio, gs.id_usuario AS id_usuario_supervisor FROM dbo.tbl_Grupo g LEFT JOIN dbo.tbl_GrupoSup gs ON gs.id_grupo = g.id_grupo LEFT JOIN dbo.tbl_GrupoBackup gb        ON gb.id_grupo = g.id_grupo       AND ISNULL(gb.e_activo, 0) = 1 WHERE ISNULL(g.e_eliminado, 0) = 0   AND (gs.id_usuario = ? OR gb.id_usuario_tecnico_temporal = ? OR gb.id_usuario_tecnico_temporal = ? OR gb.id_usuario_tecnico_temporal = ?) ORDER BY CASE WHEN gb.id_usuario_tecnico_temporal = ? THEN 0               WHEN gb.id_usuario_tecnico_temporal = ? THEN 1               WHEN gb.id_usuario_tecnico_temporal = ? THEN 2 ELSE 3 END,          gb.id_grupo_backup DESC, g.id_grupo DESC]
2026-06-23 12:24:57.581 DEBUG 15560 --- [nio-9060-exec-6] o.s.jdbc.datasource.DataSourceUtils      : Fetching JDBC Connection from DataSource
2026-06-23 12:24:57.676 DEBUG 15560 --- [nio-9060-exec-6] o.s.jdbc.core.JdbcTemplate               : Executing prepared SQL query
2026-06-23 12:24:57.677 DEBUG 15560 --- [nio-9060-exec-6] o.s.jdbc.core.JdbcTemplate               : Executing prepared SQL statement [SELECT TOP 1 CAST(ut.id AS INT) AS id_usuario_tecnico FROM dbo.tbl_UsuarioTecnico ut WHERE (ut.id_usuario = ? OR ut.idusuario = ? OR ut.id_tecnico = ? OR ut.idtecnico = ?)   AND ISNULL(ut.e_eliminado, 0) = 0]
2026-06-23 12:24:57.677 DEBUG 15560 --- [nio-9060-exec-6] o.s.jdbc.datasource.DataSourceUtils      : Fetching JDBC Connection from DataSource
2026-06-23 12:24:57.778 DEBUG 15560 --- [nio-9060-exec-6] o.s.jdbc.core.JdbcTemplate               : Executing prepared SQL query
2026-06-23 12:24:57.779 DEBUG 15560 --- [nio-9060-exec-6] o.s.jdbc.core.JdbcTemplate               : Executing prepared SQL statement [SELECT TOP 1 CAST(ut.Id AS INT) AS id_usuario_tecnico FROM dbo.tbl_UsuarioTecnico ut WHERE (ut.Id_Usuario = ? OR ut.IdUsuario = ? OR ut.Id_Tecnico = ? OR ut.IdTecnico = ?)   AND ISNULL(ut.E_Eliminado, 0) = 0]
2026-06-23 12:24:57.779 DEBUG 15560 --- [nio-9060-exec-6] o.s.jdbc.datasource.DataSourceUtils      : Fetching JDBC Connection from DataSource
2026-06-23 12:24:57.807 DEBUG 15560 --- [nio-9060-exec-6] o.s.jdbc.core.JdbcTemplate               : Executing prepared SQL query
2026-06-23 12:24:57.808 DEBUG 15560 --- [nio-9060-exec-6] o.s.jdbc.core.JdbcTemplate               : Executing prepared SQL statement [SELECT TOP 1 CAST(ut.id AS INT) AS id_usuario_tecnico FROM dbo.tbl_usuariotecnico ut WHERE (ut.id_usuario = ? OR ut.idusuario = ? OR ut.id_tecnico = ? OR ut.idtecnico = ?)   AND ISNULL(ut.e_eliminado, 0) = 0]
2026-06-23 12:24:57.808 DEBUG 15560 --- [nio-9060-exec-6] o.s.jdbc.datasource.DataSourceUtils      : Fetching JDBC Connection from DataSource
2026-06-23 12:24:57.834 DEBUG 15560 --- [nio-9060-exec-6] o.s.jdbc.core.JdbcTemplate               : Executing prepared SQL query
2026-06-23 12:24:57.835 DEBUG 15560 --- [nio-9060-exec-6] o.s.jdbc.core.JdbcTemplate               : Executing prepared SQL statement [SELECT TOP 1 CAST(ut.id AS INT) AS id_usuario_tecnico FROM dbo.tbl_usuaritecnico ut WHERE (ut.id_usuario = ? OR ut.idusuario = ? OR ut.id_tecnico = ? OR ut.idtecnico = ?)   AND ISNULL(ut.e_eliminado, 0) = 0]
2026-06-23 12:24:57.835 DEBUG 15560 --- [nio-9060-exec-6] o.s.jdbc.datasource.DataSourceUtils      : Fetching JDBC Connection from DataSource
2026-06-23 12:24:57.956 DEBUG 15560 --- [nio-9060-exec-6] o.s.jdbc.core.JdbcTemplate               : Executing prepared SQL query
2026-06-23 12:24:57.957 DEBUG 15560 --- [nio-9060-exec-6] o.s.jdbc.core.JdbcTemplate               : Executing prepared SQL statement [SELECT TOP 1 CAST(ut.id_vendedor AS INT) AS id_vendedor FROM dbo.tbl_UsuarioTecnico ut WHERE (ut.id_usuario = ? OR ut.idusuario = ? OR ut.id = ? OR ut.id_tecnico = ? OR ut.idtecnico = ?)   AND ISNULL(ut.e_eliminado, 0) = 0 AND ut.id_vendedor IS NOT NULL]
2026-06-23 12:24:57.958 DEBUG 15560 --- [nio-9060-exec-6] o.s.jdbc.datasource.DataSourceUtils      : Fetching JDBC Connection from DataSource
2026-06-23 12:24:58.150 DEBUG 15560 --- [nio-9060-exec-6] o.s.jdbc.core.JdbcTemplate               : Executing prepared SQL query
2026-06-23 12:24:58.151 DEBUG 15560 --- [nio-9060-exec-6] o.s.jdbc.core.JdbcTemplate               : Executing prepared SQL statement [SELECT TOP 1 CAST(ut.Id_Vendedor AS INT) AS id_vendedor FROM dbo.tbl_UsuarioTecnico ut WHERE (ut.Id_Usuario = ? OR ut.IdUsuario = ? OR ut.Id = ? OR ut.Id_Tecnico = ? OR ut.IdTecnico = ?)   AND ISNULL(ut.E_Eliminado, 0) = 0 AND ut.Id_Vendedor IS NOT NULL]
2026-06-23 12:24:58.152 DEBUG 15560 --- [nio-9060-exec-6] o.s.jdbc.datasource.DataSourceUtils      : Fetching JDBC Connection from DataSource
2026-06-23 12:24:58.223 DEBUG 15560 --- [nio-9060-exec-6] o.s.jdbc.core.JdbcTemplate               : Executing prepared SQL query
2026-06-23 12:24:58.223 DEBUG 15560 --- [nio-9060-exec-6] o.s.jdbc.core.JdbcTemplate               : Executing prepared SQL statement [SELECT TOP 1 CAST(ut.idvendedor AS INT) AS id_vendedor FROM dbo.tbl_usuariotecnico ut WHERE (ut.id_usuario = ? OR ut.idusuario = ? OR ut.id = ? OR ut.id_tecnico = ? OR ut.idtecnico = ?)   AND ISNULL(ut.e_eliminado, 0) = 0 AND ut.idvendedor IS NOT NULL]
2026-06-23 12:24:58.224 DEBUG 15560 --- [nio-9060-exec-6] o.s.jdbc.datasource.DataSourceUtils      : Fetching JDBC Connection from DataSource
2026-06-23 12:24:58.232 DEBUG 15560 --- [nio-9060-exec-6] o.s.jdbc.core.JdbcTemplate               : Executing prepared SQL query
2026-06-23 12:24:58.233 DEBUG 15560 --- [nio-9060-exec-6] o.s.jdbc.core.JdbcTemplate               : Executing prepared SQL statement [SELECT TOP 1 g.id_grupo, ISNULL(g.supervisor_ausente, 0) AS supervisor_ausente, gb.id_grupo_backup, gb.id_usuario_tecnico_temporal, ISNULL(gb.e_activo, 0) AS backup_activo, gb.fecha_inicio, gs.id_usuario AS id_usuario_supervisor FROM dbo.tbl_Grupo g LEFT JOIN dbo.tbl_GrupoSup gs ON gs.id_grupo = g.id_grupo LEFT JOIN dbo.tbl_GrupoBackup gb        ON gb.id_grupo = g.id_grupo       AND ISNULL(gb.e_activo, 0) = 1 WHERE ISNULL(g.e_eliminado, 0) = 0   AND (gs.id_usuario = ? OR gb.id_usuario_tecnico_temporal = ? OR gb.id_usuario_tecnico_temporal = ? OR gb.id_usuario_tecnico_temporal = ?) ORDER BY CASE WHEN gb.id_usuario_tecnico_temporal = ? THEN 0               WHEN gb.id_usuario_tecnico_temporal = ? THEN 1               WHEN gb.id_usuario_tecnico_temporal = ? THEN 2 ELSE 3 END,          gb.id_grupo_backup DESC, g.id_grupo DESC]
2026-06-23 12:24:58.233 DEBUG 15560 --- [nio-9060-exec-6] o.s.jdbc.datasource.DataSourceUtils      : Fetching JDBC Connection from DataSource
2026-06-23 12:24:58.295 DEBUG 15560 --- [nio-9060-exec-6] o.s.jdbc.core.JdbcTemplate               : Executing SQL update [IF OBJECT_ID('dbo.backup_temporal', 'U') IS NULL BEGIN CREATE TABLE dbo.backup_temporal (id_backup_temporal INT IDENTITY(1,1) NOT NULL PRIMARY KEY, id_usuario INT NOT NULL, id_grupo INT NULL, id_rol_temporal INT NOT NULL, e_activo BIT NOT NULL CONSTRAINT DF_backup_temporal_e_activo DEFAULT(1), fecha_inicio DATETIME NOT NULL CONSTRAINT DF_backup_temporal_fecha_inicio DEFAULT(GETDATE()), fecha_fin DATETIME NULL, fecha_registro DATETIME NOT NULL CONSTRAINT DF_backup_temporal_fecha_registro DEFAULT(GETDATE()), fecha_actualizacion DATETIME NULL); END]
2026-06-23 12:24:58.296 DEBUG 15560 --- [nio-9060-exec-6] o.s.jdbc.datasource.DataSourceUtils      : Fetching JDBC Connection from DataSource
2026-06-23 12:24:58.400 DEBUG 15560 --- [nio-9060-exec-6] o.s.jdbc.core.JdbcTemplate               : Executing SQL update [IF COL_LENGTH('dbo.backup_temporal', 'id_grupo') IS NULL BEGIN ALTER TABLE dbo.backup_temporal ADD id_grupo INT NULL; END]
2026-06-23 12:24:58.400 DEBUG 15560 --- [nio-9060-exec-6] o.s.jdbc.datasource.DataSourceUtils      : Fetching JDBC Connection from DataSource
2026-06-23 12:24:58.447 DEBUG 15560 --- [nio-9060-exec-6] o.s.jdbc.core.JdbcTemplate               : Executing SQL update [IF NOT EXISTS (SELECT 1 FROM sys.indexes WHERE object_id = OBJECT_ID('dbo.backup_temporal')   AND name = 'IX_backup_temporal_usuario_activo') BEGIN CREATE INDEX IX_backup_temporal_usuario_activo ON dbo.backup_temporal(id_usuario, e_activo, fecha_fin); END]
2026-06-23 12:24:58.447 DEBUG 15560 --- [nio-9060-exec-6] o.s.jdbc.datasource.DataSourceUtils      : Fetching JDBC Connection from DataSource
2026-06-23 12:24:58.483 DEBUG 15560 --- [nio-9060-exec-6] o.s.jdbc.core.JdbcTemplate               : Executing prepared SQL query
2026-06-23 12:24:58.483 DEBUG 15560 --- [nio-9060-exec-6] o.s.jdbc.core.JdbcTemplate               : Executing prepared SQL statement [SELECT TOP 1 CAST(ut.id AS INT) AS alt_id FROM dbo.tbl_UsuarioTecnico ut WHERE (ut.id_usuario = ? OR ut.idusuario = ? OR ut.id_tecnico = ? OR ut.idtecnico = ?)   AND ISNULL(ut.e_eliminado, 0) = 0]
2026-06-23 12:24:58.483 DEBUG 15560 --- [nio-9060-exec-6] o.s.jdbc.datasource.DataSourceUtils      : Fetching JDBC Connection from DataSource
2026-06-23 12:24:58.521 DEBUG 15560 --- [nio-9060-exec-6] o.s.jdbc.core.JdbcTemplate               : Executing prepared SQL query
2026-06-23 12:24:58.522 DEBUG 15560 --- [nio-9060-exec-6] o.s.jdbc.core.JdbcTemplate               : Executing prepared SQL statement [SELECT TOP 1 CAST(ut.id_vendedor AS INT) AS alt_id FROM dbo.tbl_UsuarioTecnico ut WHERE (ut.id_usuario = ? OR ut.idusuario = ? OR ut.id_tecnico = ? OR ut.idtecnico = ?)   AND ISNULL(ut.e_eliminado, 0) = 0   AND ut.id_vendedor IS NOT NULL]
2026-06-23 12:24:58.522 DEBUG 15560 --- [nio-9060-exec-6] o.s.jdbc.datasource.DataSourceUtils      : Fetching JDBC Connection from DataSource
2026-06-23 12:24:58.541 DEBUG 15560 --- [nio-9060-exec-6] o.s.jdbc.core.JdbcTemplate               : Executing prepared SQL query
2026-06-23 12:24:58.542 DEBUG 15560 --- [nio-9060-exec-6] o.s.jdbc.core.JdbcTemplate               : Executing prepared SQL statement [SELECT TOP 1 CAST(ut.Id AS INT) AS alt_id FROM dbo.tbl_UsuarioTecnico ut WHERE (ut.Id_Usuario = ? OR ut.IdUsuario = ? OR ut.Id_Tecnico = ? OR ut.IdTecnico = ?)   AND ISNULL(ut.E_Eliminado, 0) = 0]
2026-06-23 12:24:58.542 DEBUG 15560 --- [nio-9060-exec-6] o.s.jdbc.datasource.DataSourceUtils      : Fetching JDBC Connection from DataSource
2026-06-23 12:24:58.594 DEBUG 15560 --- [nio-9060-exec-6] o.s.jdbc.core.JdbcTemplate               : Executing prepared SQL query
2026-06-23 12:24:58.595 DEBUG 15560 --- [nio-9060-exec-6] o.s.jdbc.core.JdbcTemplate               : Executing prepared SQL statement [SELECT TOP 1 CAST(ut.Id_Vendedor AS INT) AS alt_id FROM dbo.tbl_UsuarioTecnico ut WHERE (ut.Id_Usuario = ? OR ut.IdUsuario = ? OR ut.Id_Tecnico = ? OR ut.IdTecnico = ?)   AND ISNULL(ut.E_Eliminado, 0) = 0   AND ut.Id_Vendedor IS NOT NULL]
2026-06-23 12:24:58.595 DEBUG 15560 --- [nio-9060-exec-6] o.s.jdbc.datasource.DataSourceUtils      : Fetching JDBC Connection from DataSource
2026-06-23 12:24:58.639 DEBUG 15560 --- [nio-9060-exec-6] o.s.jdbc.core.JdbcTemplate               : Executing prepared SQL query
2026-06-23 12:24:58.639 DEBUG 15560 --- [nio-9060-exec-6] o.s.jdbc.core.JdbcTemplate               : Executing prepared SQL statement [SELECT TOP 1 CAST(ut.id AS INT) AS alt_id FROM dbo.tbl_usuariotecnico ut WHERE (ut.id_usuario = ? OR ut.idusuario = ? OR ut.id_tecnico = ? OR ut.idtecnico = ?)   AND ISNULL(ut.e_eliminado, 0) = 0]
2026-06-23 12:24:58.640 DEBUG 15560 --- [nio-9060-exec-6] o.s.jdbc.datasource.DataSourceUtils      : Fetching JDBC Connection from DataSource
2026-06-23 12:24:58.770 DEBUG 15560 --- [nio-9060-exec-6] o.s.jdbc.core.JdbcTemplate               : Executing prepared SQL query
2026-06-23 12:24:58.771 DEBUG 15560 --- [nio-9060-exec-6] o.s.jdbc.core.JdbcTemplate               : Executing prepared SQL statement [SELECT TOP 1 CAST(ut.id_vendedor AS INT) AS alt_id FROM dbo.tbl_usuariotecnico ut WHERE (ut.id_usuario = ? OR ut.idusuario = ? OR ut.id_tecnico = ? OR ut.idtecnico = ?)   AND ISNULL(ut.e_eliminado, 0) = 0   AND ut.id_vendedor IS NOT NULL]
2026-06-23 12:24:58.771 DEBUG 15560 --- [nio-9060-exec-6] o.s.jdbc.datasource.DataSourceUtils      : Fetching JDBC Connection from DataSource
2026-06-23 12:24:58.792 DEBUG 15560 --- [nio-9060-exec-6] o.s.jdbc.core.JdbcTemplate               : Executing prepared SQL query
2026-06-23 12:24:58.793 DEBUG 15560 --- [nio-9060-exec-6] o.s.jdbc.core.JdbcTemplate               : Executing prepared SQL statement [SELECT TOP 1 CAST(ut.id AS INT) AS alt_id FROM dbo.tbl_UsuarioTecnico ut WHERE (ut.id_usuario = ? OR ut.idusuario = ? OR ut.id_tecnico = ? OR ut.idtecnico = ?)   AND ISNULL(ut.e_eliminado, 0) = 0]
2026-06-23 12:24:58.793 DEBUG 15560 --- [nio-9060-exec-6] o.s.jdbc.datasource.DataSourceUtils      : Fetching JDBC Connection from DataSource
2026-06-23 12:24:58.827 DEBUG 15560 --- [nio-9060-exec-6] o.s.jdbc.core.JdbcTemplate               : Executing prepared SQL query
2026-06-23 12:24:58.828 DEBUG 15560 --- [nio-9060-exec-6] o.s.jdbc.core.JdbcTemplate               : Executing prepared SQL statement [SELECT TOP 1 CAST(ut.id_vendedor AS INT) AS alt_id FROM dbo.tbl_UsuarioTecnico ut WHERE (ut.id_usuario = ? OR ut.idusuario = ? OR ut.id_tecnico = ? OR ut.idtecnico = ?)   AND ISNULL(ut.e_eliminado, 0) = 0   AND ut.id_vendedor IS NOT NULL]
2026-06-23 12:24:58.828 DEBUG 15560 --- [nio-9060-exec-6] o.s.jdbc.datasource.DataSourceUtils      : Fetching JDBC Connection from DataSource
2026-06-23 12:24:58.931 DEBUG 15560 --- [nio-9060-exec-6] o.s.jdbc.core.JdbcTemplate               : Executing prepared SQL query
2026-06-23 12:24:58.931 DEBUG 15560 --- [nio-9060-exec-6] o.s.jdbc.core.JdbcTemplate               : Executing prepared SQL statement [SELECT TOP 1 CAST(ut.Id AS INT) AS alt_id FROM dbo.tbl_UsuarioTecnico ut WHERE (ut.Id_Usuario = ? OR ut.IdUsuario = ? OR ut.Id_Tecnico = ? OR ut.IdTecnico = ?)   AND ISNULL(ut.E_Eliminado, 0) = 0]
2026-06-23 12:24:58.931 DEBUG 15560 --- [nio-9060-exec-6] o.s.jdbc.datasource.DataSourceUtils      : Fetching JDBC Connection from DataSource
2026-06-23 12:24:58.960 DEBUG 15560 --- [nio-9060-exec-6] o.s.jdbc.core.JdbcTemplate               : Executing prepared SQL query
2026-06-23 12:24:58.960 DEBUG 15560 --- [nio-9060-exec-6] o.s.jdbc.core.JdbcTemplate               : Executing prepared SQL statement [SELECT TOP 1 CAST(ut.Id_Vendedor AS INT) AS alt_id FROM dbo.tbl_UsuarioTecnico ut WHERE (ut.Id_Usuario = ? OR ut.IdUsuario = ? OR ut.Id_Tecnico = ? OR ut.IdTecnico = ?)   AND ISNULL(ut.E_Eliminado, 0) = 0   AND ut.Id_Vendedor IS NOT NULL]
2026-06-23 12:24:58.960 DEBUG 15560 --- [nio-9060-exec-6] o.s.jdbc.datasource.DataSourceUtils      : Fetching JDBC Connection from DataSource
2026-06-23 12:24:58.978 DEBUG 15560 --- [nio-9060-exec-6] o.s.jdbc.core.JdbcTemplate               : Executing prepared SQL query
2026-06-23 12:24:58.979 DEBUG 15560 --- [nio-9060-exec-6] o.s.jdbc.core.JdbcTemplate               : Executing prepared SQL statement [SELECT TOP 1 CAST(ut.id AS INT) AS alt_id FROM dbo.tbl_usuariotecnico ut WHERE (ut.id_usuario = ? OR ut.idusuario = ? OR ut.id_tecnico = ? OR ut.idtecnico = ?)   AND ISNULL(ut.e_eliminado, 0) = 0]
2026-06-23 12:24:58.979 DEBUG 15560 --- [nio-9060-exec-6] o.s.jdbc.datasource.DataSourceUtils      : Fetching JDBC Connection from DataSource
2026-06-23 12:24:59.013 DEBUG 15560 --- [nio-9060-exec-6] o.s.jdbc.core.JdbcTemplate               : Executing prepared SQL query
2026-06-23 12:24:59.013 DEBUG 15560 --- [nio-9060-exec-6] o.s.jdbc.core.JdbcTemplate               : Executing prepared SQL statement [SELECT TOP 1 CAST(ut.id_vendedor AS INT) AS alt_id FROM dbo.tbl_usuariotecnico ut WHERE (ut.id_usuario = ? OR ut.idusuario = ? OR ut.id_tecnico = ? OR ut.idtecnico = ?)   AND ISNULL(ut.e_eliminado, 0) = 0   AND ut.id_vendedor IS NOT NULL]
2026-06-23 12:24:59.014 DEBUG 15560 --- [nio-9060-exec-6] o.s.jdbc.datasource.DataSourceUtils      : Fetching JDBC Connection from DataSource
2026-06-23 12:24:59.107 DEBUG 15560 --- [l-1 housekeeper] com.zaxxer.hikari.pool.HikariPool        : HikariPool-1 - Before cleanup stats (total=1, active=1, idle=0, waiting=0)
2026-06-23 12:24:59.107 DEBUG 15560 --- [l-1 housekeeper] com.zaxxer.hikari.pool.HikariPool        : HikariPool-1 - After cleanup  stats (total=1, active=1, idle=0, waiting=0)
2026-06-23 12:24:59.108 DEBUG 15560 --- [l-1 housekeeper] com.zaxxer.hikari.pool.HikariPool        : HikariPool-1 - Fill pool skipped, pool is at sufficient level.
2026-06-23 12:24:59.131 DEBUG 15560 --- [nio-9060-exec-6] o.s.jdbc.core.JdbcTemplate               : Executing prepared SQL query
2026-06-23 12:24:59.132 DEBUG 15560 --- [nio-9060-exec-6] o.s.jdbc.core.JdbcTemplate               : Executing prepared SQL statement [SELECT TOP 1 CAST(ut.id AS INT) AS alt_id FROM dbo.tbl_UsuarioTecnico ut WHERE (ut.id_usuario = ? OR ut.idusuario = ? OR ut.id_tecnico = ? OR ut.idtecnico = ?)   AND ISNULL(ut.e_eliminado, 0) = 0]
2026-06-23 12:24:59.132 DEBUG 15560 --- [nio-9060-exec-6] o.s.jdbc.datasource.DataSourceUtils      : Fetching JDBC Connection from DataSource
2026-06-23 12:24:59.193 DEBUG 15560 --- [nio-9060-exec-6] o.s.jdbc.core.JdbcTemplate               : Executing prepared SQL query
2026-06-23 12:24:59.194 DEBUG 15560 --- [nio-9060-exec-6] o.s.jdbc.core.JdbcTemplate               : Executing prepared SQL statement [SELECT TOP 1 CAST(ut.id_vendedor AS INT) AS alt_id FROM dbo.tbl_UsuarioTecnico ut WHERE (ut.id_usuario = ? OR ut.idusuario = ? OR ut.id_tecnico = ? OR ut.idtecnico = ?)   AND ISNULL(ut.e_eliminado, 0) = 0   AND ut.id_vendedor IS NOT NULL]
2026-06-23 12:24:59.194 DEBUG 15560 --- [nio-9060-exec-6] o.s.jdbc.datasource.DataSourceUtils      : Fetching JDBC Connection from DataSource
2026-06-23 12:24:59.237 DEBUG 15560 --- [nio-9060-exec-6] o.s.jdbc.core.JdbcTemplate               : Executing prepared SQL query
2026-06-23 12:24:59.237 DEBUG 15560 --- [nio-9060-exec-6] o.s.jdbc.core.JdbcTemplate               : Executing prepared SQL statement [SELECT TOP 1 CAST(ut.Id AS INT) AS alt_id FROM dbo.tbl_UsuarioTecnico ut WHERE (ut.Id_Usuario = ? OR ut.IdUsuario = ? OR ut.Id_Tecnico = ? OR ut.IdTecnico = ?)   AND ISNULL(ut.E_Eliminado, 0) = 0]
2026-06-23 12:24:59.238 DEBUG 15560 --- [nio-9060-exec-6] o.s.jdbc.datasource.DataSourceUtils      : Fetching JDBC Connection from DataSource
2026-06-23 12:24:59.279 DEBUG 15560 --- [nio-9060-exec-6] o.s.jdbc.core.JdbcTemplate               : Executing prepared SQL query
2026-06-23 12:24:59.279 DEBUG 15560 --- [nio-9060-exec-6] o.s.jdbc.core.JdbcTemplate               : Executing prepared SQL statement [SELECT TOP 1 CAST(ut.Id_Vendedor AS INT) AS alt_id FROM dbo.tbl_UsuarioTecnico ut WHERE (ut.Id_Usuario = ? OR ut.IdUsuario = ? OR ut.Id_Tecnico = ? OR ut.IdTecnico = ?)   AND ISNULL(ut.E_Eliminado, 0) = 0   AND ut.Id_Vendedor IS NOT NULL]
2026-06-23 12:24:59.280 DEBUG 15560 --- [nio-9060-exec-6] o.s.jdbc.datasource.DataSourceUtils      : Fetching JDBC Connection from DataSource
2026-06-23 12:24:59.321 DEBUG 15560 --- [nio-9060-exec-6] o.s.jdbc.core.JdbcTemplate               : Executing prepared SQL query
2026-06-23 12:24:59.322 DEBUG 15560 --- [nio-9060-exec-6] o.s.jdbc.core.JdbcTemplate               : Executing prepared SQL statement [SELECT TOP 1 CAST(ut.id AS INT) AS alt_id FROM dbo.tbl_usuariotecnico ut WHERE (ut.id_usuario = ? OR ut.idusuario = ? OR ut.id_tecnico = ? OR ut.idtecnico = ?)   AND ISNULL(ut.e_eliminado, 0) = 0]
2026-06-23 12:24:59.322 DEBUG 15560 --- [nio-9060-exec-6] o.s.jdbc.datasource.DataSourceUtils      : Fetching JDBC Connection from DataSource
2026-06-23 12:24:59.499 DEBUG 15560 --- [nio-9060-exec-6] o.s.jdbc.core.JdbcTemplate               : Executing prepared SQL query
2026-06-23 12:24:59.500 DEBUG 15560 --- [nio-9060-exec-6] o.s.jdbc.core.JdbcTemplate               : Executing prepared SQL statement [SELECT TOP 1 CAST(ut.id_vendedor AS INT) AS alt_id FROM dbo.tbl_usuariotecnico ut WHERE (ut.id_usuario = ? OR ut.idusuario = ? OR ut.id_tecnico = ? OR ut.idtecnico = ?)   AND ISNULL(ut.e_eliminado, 0) = 0   AND ut.id_vendedor IS NOT NULL]
2026-06-23 12:24:59.500 DEBUG 15560 --- [nio-9060-exec-6] o.s.jdbc.datasource.DataSourceUtils      : Fetching JDBC Connection from DataSource
2026-06-23 12:24:59.794 DEBUG 15560 --- [nio-9060-exec-6] o.s.jdbc.core.JdbcTemplate               : Executing prepared SQL query
2026-06-23 12:24:59.794 DEBUG 15560 --- [nio-9060-exec-6] o.s.jdbc.core.JdbcTemplate               : Executing prepared SQL statement [SELECT TOP 1 1 AS ok FROM dbo.backup_temporal bt WHERE bt.id_usuario = ?   AND ISNULL(bt.e_activo, 1) = 1   AND (bt.fecha_fin IS NULL OR bt.fecha_fin > GETDATE()) ORDER BY bt.id_backup_temporal DESC]
2026-06-23 12:24:59.794 DEBUG 15560 --- [nio-9060-exec-6] o.s.jdbc.datasource.DataSourceUtils      : Fetching JDBC Connection from DataSource
2026-06-23 12:24:59.937  INFO 15560 --- [nio-9060-exec-6] c.e.T.p.service.PrivilegioService        : [PERMISOS] idUsuarioSesion=82, rolSesion=BackOffice_v, backupContexto=false, backupTemporal=false, idGrupo=null, idSupervisorContexto=null, idRolPermisos=6, idUsuarioPermisos=82
2026-06-23 12:24:59.938 DEBUG 15560 --- [nio-9060-exec-6] o.s.jdbc.core.JdbcTemplate               : Executing SQL query [EXEC dbo.spx_ObtenerPrivilegiosRoles]
2026-06-23 12:24:59.938 DEBUG 15560 --- [nio-9060-exec-6] o.s.jdbc.datasource.DataSourceUtils      : Fetching JDBC Connection from DataSource
2026-06-23 12:24:59.947 DEBUG 15560 --- [nio-9060-exec-6] .m.m.a.ExceptionHandlerExceptionResolver : Using @ExceptionHandler com.example.TigoStarSystem.common.GlobalExceptionHandler#handleGeneric(Exception, HttpServletRequest)
2026-06-23 12:24:59.949 ERROR 15560 --- [nio-9060-exec-6] c.e.T.common.GlobalExceptionHandler      : Unhandled error on GET /auth/permisos

org.springframework.web.util.NestedServletException: Handler dispatch failed; nested exception is java.lang.NoClassDefFoundError: com/example/TigoStarSystem/privilegios/dto/PrivilegioRolResponse
	at org.springframework.web.servlet.DispatcherServlet.doDispatch(DispatcherServlet.java:1087) ~[spring-webmvc-5.3.31.jar:5.3.31]
	at org.springframework.web.servlet.DispatcherServlet.doService(DispatcherServlet.java:965) ~[spring-webmvc-5.3.31.jar:5.3.31]
	at org.springframework.web.servlet.FrameworkServlet.processRequest(FrameworkServlet.java:1006) ~[spring-webmvc-5.3.31.jar:5.3.31]
	at org.springframework.web.servlet.FrameworkServlet.doGet(FrameworkServlet.java:898) ~[spring-webmvc-5.3.31.jar:5.3.31]
	at javax.servlet.http.HttpServlet.service(HttpServlet.java:529) ~[tomcat-embed-core-9.0.83.jar:4.0.FR]
	at org.springframework.web.servlet.FrameworkServlet.service(FrameworkServlet.java:883) ~[spring-webmvc-5.3.31.jar:5.3.31]
	at javax.servlet.http.HttpServlet.service(HttpServlet.java:623) ~[tomcat-embed-core-9.0.83.jar:4.0.FR]
	at org.apache.catalina.core.ApplicationFilterChain.internalDoFilter(ApplicationFilterChain.java:209) ~[tomcat-embed-core-9.0.83.jar:9.0.83]
	at org.apache.catalina.core.ApplicationFilterChain.doFilter(ApplicationFilterChain.java:153) ~[tomcat-embed-core-9.0.83.jar:9.0.83]
	at org.apache.tomcat.websocket.server.WsFilter.doFilter(WsFilter.java:51) ~[tomcat-embed-websocket-9.0.83.jar:9.0.83]
	at org.apache.catalina.core.ApplicationFilterChain.internalDoFilter(ApplicationFilterChain.java:178) ~[tomcat-embed-core-9.0.83.jar:9.0.83]
	at org.apache.catalina.core.ApplicationFilterChain.doFilter(ApplicationFilterChain.java:153) ~[tomcat-embed-core-9.0.83.jar:9.0.83]
	at org.springframework.web.filter.RequestContextFilter.doFilterInternal(RequestContextFilter.java:100) ~[spring-web-5.3.31.jar:5.3.31]
	at org.springframework.web.filter.OncePerRequestFilter.doFilter(OncePerRequestFilter.java:117) ~[spring-web-5.3.31.jar:5.3.31]
	at org.apache.catalina.core.ApplicationFilterChain.internalDoFilter(ApplicationFilterChain.java:178) ~[tomcat-embed-core-9.0.83.jar:9.0.83]
	at org.apache.catalina.core.ApplicationFilterChain.doFilter(ApplicationFilterChain.java:153) ~[tomcat-embed-core-9.0.83.jar:9.0.83]
	at org.springframework.web.filter.FormContentFilter.doFilterInternal(FormContentFilter.java:93) ~[spring-web-5.3.31.jar:5.3.31]
	at org.springframework.web.filter.OncePerRequestFilter.doFilter(OncePerRequestFilter.java:117) ~[spring-web-5.3.31.jar:5.3.31]
	at org.apache.catalina.core.ApplicationFilterChain.internalDoFilter(ApplicationFilterChain.java:178) ~[tomcat-embed-core-9.0.83.jar:9.0.83]
	at org.apache.catalina.core.ApplicationFilterChain.doFilter(ApplicationFilterChain.java:153) ~[tomcat-embed-core-9.0.83.jar:9.0.83]
	at org.springframework.web.filter.CharacterEncodingFilter.doFilterInternal(CharacterEncodingFilter.java:201) ~[spring-web-5.3.31.jar:5.3.31]
	at org.springframework.web.filter.OncePerRequestFilter.doFilter(OncePerRequestFilter.java:117) ~[spring-web-5.3.31.jar:5.3.31]
	at org.apache.catalina.core.ApplicationFilterChain.internalDoFilter(ApplicationFilterChain.java:178) ~[tomcat-embed-core-9.0.83.jar:9.0.83]
	at org.apache.catalina.core.ApplicationFilterChain.doFilter(ApplicationFilterChain.java:153) ~[tomcat-embed-core-9.0.83.jar:9.0.83]
	at org.springframework.web.filter.CorsFilter.doFilterInternal(CorsFilter.java:91) ~[spring-web-5.3.31.jar:5.3.31]
	at org.springframework.web.filter.OncePerRequestFilter.doFilter(OncePerRequestFilter.java:117) ~[spring-web-5.3.31.jar:5.3.31]
	at org.apache.catalina.core.ApplicationFilterChain.internalDoFilter(ApplicationFilterChain.java:178) ~[tomcat-embed-core-9.0.83.jar:9.0.83]
	at org.apache.catalina.core.ApplicationFilterChain.doFilter(ApplicationFilterChain.java:153) ~[tomcat-embed-core-9.0.83.jar:9.0.83]
	at org.apache.catalina.core.StandardWrapperValve.invoke(StandardWrapperValve.java:168) ~[tomcat-embed-core-9.0.83.jar:9.0.83]
	at org.apache.catalina.core.StandardContextValve.invoke(StandardContextValve.java:90) ~[tomcat-embed-core-9.0.83.jar:9.0.83]
	at org.apache.catalina.authenticator.AuthenticatorBase.invoke(AuthenticatorBase.java:481) ~[tomcat-embed-core-9.0.83.jar:9.0.83]
	at org.apache.catalina.core.StandardHostValve.invoke(StandardHostValve.java:130) ~[tomcat-embed-core-9.0.83.jar:9.0.83]
	at org.apache.catalina.valves.ErrorReportValve.invoke(ErrorReportValve.java:93) ~[tomcat-embed-core-9.0.83.jar:9.0.83]
	at org.apache.catalina.core.StandardEngineValve.invoke(StandardEngineValve.java:74) ~[tomcat-embed-core-9.0.83.jar:9.0.83]
	at org.apache.catalina.connector.CoyoteAdapter.service(CoyoteAdapter.java:342) ~[tomcat-embed-core-9.0.83.jar:9.0.83]
	at org.apache.coyote.http11.Http11Processor.service(Http11Processor.java:390) ~[tomcat-embed-core-9.0.83.jar:9.0.83]
	at org.apache.coyote.AbstractProcessorLight.process(AbstractProcessorLight.java:63) ~[tomcat-embed-core-9.0.83.jar:9.0.83]
	at org.apache.coyote.AbstractProtocol$ConnectionHandler.process(AbstractProtocol.java:928) ~[tomcat-embed-core-9.0.83.jar:9.0.83]
	at org.apache.tomcat.util.net.NioEndpoint$SocketProcessor.doRun(NioEndpoint.java:1794) ~[tomcat-embed-core-9.0.83.jar:9.0.83]
	at org.apache.tomcat.util.net.SocketProcessorBase.run(SocketProcessorBase.java:52) ~[tomcat-embed-core-9.0.83.jar:9.0.83]
	at org.apache.tomcat.util.threads.ThreadPoolExecutor.runWorker(ThreadPoolExecutor.java:1191) ~[tomcat-embed-core-9.0.83.jar:9.0.83]
	at org.apache.tomcat.util.threads.ThreadPoolExecutor$Worker.run(ThreadPoolExecutor.java:659) ~[tomcat-embed-core-9.0.83.jar:9.0.83]
	at org.apache.tomcat.util.threads.TaskThread$WrappingRunnable.run(TaskThread.java:61) ~[tomcat-embed-core-9.0.83.jar:9.0.83]
	at java.base/java.lang.Thread.run(Thread.java:1583) ~[na:na]
Caused by: java.lang.NoClassDefFoundError: com/example/TigoStarSystem/privilegios/dto/PrivilegioRolResponse
	at com.example.TigoStarSystem.privilegios.service.PrivilegioService.listarRoles(PrivilegioService.java:66) ~[classes/:na]
	at com.example.TigoStarSystem.privilegios.service.PrivilegioService.resolverNombreRol(PrivilegioService.java:473) ~[classes/:na]
	at com.example.TigoStarSystem.privilegios.service.PrivilegioService.obtenerPrivilegiosPorRol(PrivilegioService.java:79) ~[classes/:na]
	at com.example.TigoStarSystem.privilegios.service.PrivilegioService.obtenerPermisosUsuario(PrivilegioService.java:228) ~[classes/:na]
	at com.example.TigoStarSystem.auth.controller.AuthPermisosController.permisos(AuthPermisosController.java:30) ~[classes/:na]
	at java.base/jdk.internal.reflect.DirectMethodHandleAccessor.invoke(DirectMethodHandleAccessor.java:103) ~[na:na]
	at java.base/java.lang.reflect.Method.invoke(Method.java:580) ~[na:na]
	at org.springframework.web.method.support.InvocableHandlerMethod.doInvoke(InvocableHandlerMethod.java:205) ~[spring-web-5.3.31.jar:5.3.31]
	at org.springframework.web.method.support.InvocableHandlerMethod.invokeForRequest(InvocableHandlerMethod.java:150) ~[spring-web-5.3.31.jar:5.3.31]
	at org.springframework.web.servlet.mvc.method.annotation.ServletInvocableHandlerMethod.invokeAndHandle(ServletInvocableHandlerMethod.java:117) ~[spring-webmvc-5.3.31.jar:5.3.31]
	at org.springframework.web.servlet.mvc.method.annotation.RequestMappingHandlerAdapter.invokeHandlerMethod(RequestMappingHandlerAdapter.java:895) ~[spring-webmvc-5.3.31.jar:5.3.31]
	at org.springframework.web.servlet.mvc.method.annotation.RequestMappingHandlerAdapter.handleInternal(RequestMappingHandlerAdapter.java:808) ~[spring-webmvc-5.3.31.jar:5.3.31]
	at org.springframework.web.servlet.mvc.method.AbstractHandlerMethodAdapter.handle(AbstractHandlerMethodAdapter.java:87) ~[spring-webmvc-5.3.31.jar:5.3.31]
	at org.springframework.web.servlet.DispatcherServlet.doDispatch(DispatcherServlet.java:1072) ~[spring-webmvc-5.3.31.jar:5.3.31]
	... 43 common frames omitted
Caused by: java.lang.ClassNotFoundException: com.example.TigoStarSystem.privilegios.dto.PrivilegioRolResponse
	... 57 common frames omitted

2026-06-23 12:24:59.951 DEBUG 15560 --- [nio-9060-exec-6] o.s.w.s.m.m.a.HttpEntityMethodProcessor  : Using 'application/json', given [application/json, text/plain, */*] and supported [application/json, application/*+json, application/json, application/*+json]
2026-06-23 12:24:59.952 DEBUG 15560 --- [nio-9060-exec-6] o.s.w.s.m.m.a.HttpEntityMethodProcessor  : Writing [com.example.TigoStarSystem.common.ApiError@6acdfe81]
2026-06-23 12:24:59.953 DEBUG 15560 --- [nio-9060-exec-6] .m.m.a.ExceptionHandlerExceptionResolver : Resolved [org.springframework.web.util.NestedServletException: Handler dispatch failed; nested exception is java.lang.NoClassDefFoundError: com/example/TigoStarSystem/privilegios/dto/PrivilegioRolResponse]
2026-06-23 12:24:59.954 DEBUG 15560 --- [nio-9060-exec-6] o.s.web.servlet.DispatcherServlet        : Completed 500 INTERNAL_SERVER_ERROR
2026-06-23 12:25:00.001 DEBUG 15560 --- [nio-9060-exec-7] o.s.web.servlet.DispatcherServlet        : GET "/auth/permisos", parameters={}
2026-06-23 12:25:00.003 DEBUG 15560 --- [nio-9060-exec-7] s.w.s.m.m.a.RequestMappingHandlerMapping : Mapped to com.example.TigoStarSystem.auth.controller.AuthPermisosController#permisos(String)
2026-06-23 12:25:00.010 DEBUG 15560 --- [nio-9060-exec-7] o.s.jdbc.core.JdbcTemplate               : Executing prepared SQL query
2026-06-23 12:25:00.014 DEBUG 15560 --- [nio-9060-exec-7] o.s.jdbc.core.JdbcTemplate               : Executing prepared SQL statement [SELECT TOP 1 CAST(ut.id AS INT) AS id_usuario_tecnico FROM dbo.tbl_UsuarioTecnico ut WHERE (ut.id_usuario = ? OR ut.idusuario = ? OR ut.id_tecnico = ? OR ut.idtecnico = ?)   AND ISNULL(ut.e_eliminado, 0) = 0]
2026-06-23 12:25:00.016 DEBUG 15560 --- [nio-9060-exec-7] o.s.jdbc.datasource.DataSourceUtils      : Fetching JDBC Connection from DataSource
2026-06-23 12:25:00.070 DEBUG 15560 --- [nio-9060-exec-7] o.s.jdbc.core.JdbcTemplate               : Executing prepared SQL query
2026-06-23 12:25:00.071 DEBUG 15560 --- [nio-9060-exec-7] o.s.jdbc.core.JdbcTemplate               : Executing prepared SQL statement [SELECT TOP 1 CAST(ut.Id AS INT) AS id_usuario_tecnico FROM dbo.tbl_UsuarioTecnico ut WHERE (ut.Id_Usuario = ? OR ut.IdUsuario = ? OR ut.Id_Tecnico = ? OR ut.IdTecnico = ?)   AND ISNULL(ut.E_Eliminado, 0) = 0]
2026-06-23 12:25:00.072 DEBUG 15560 --- [nio-9060-exec-7] o.s.jdbc.datasource.DataSourceUtils      : Fetching JDBC Connection from DataSource
2026-06-23 12:25:00.119 DEBUG 15560 --- [nio-9060-exec-7] o.s.jdbc.core.JdbcTemplate               : Executing prepared SQL query
2026-06-23 12:25:00.120 DEBUG 15560 --- [nio-9060-exec-7] o.s.jdbc.core.JdbcTemplate               : Executing prepared SQL statement [SELECT TOP 1 CAST(ut.id AS INT) AS id_usuario_tecnico FROM dbo.tbl_usuariotecnico ut WHERE (ut.id_usuario = ? OR ut.idusuario = ? OR ut.id_tecnico = ? OR ut.idtecnico = ?)   AND ISNULL(ut.e_eliminado, 0) = 0]
2026-06-23 12:25:00.120 DEBUG 15560 --- [nio-9060-exec-7] o.s.jdbc.datasource.DataSourceUtils      : Fetching JDBC Connection from DataSource
2026-06-23 12:25:00.139 DEBUG 15560 --- [nio-9060-exec-7] o.s.jdbc.core.JdbcTemplate               : Executing prepared SQL query
2026-06-23 12:25:00.139 DEBUG 15560 --- [nio-9060-exec-7] o.s.jdbc.core.JdbcTemplate               : Executing prepared SQL statement [SELECT TOP 1 CAST(ut.id AS INT) AS id_usuario_tecnico FROM dbo.tbl_usuaritecnico ut WHERE (ut.id_usuario = ? OR ut.idusuario = ? OR ut.id_tecnico = ? OR ut.idtecnico = ?)   AND ISNULL(ut.e_eliminado, 0) = 0]
2026-06-23 12:25:00.140 DEBUG 15560 --- [nio-9060-exec-7] o.s.jdbc.datasource.DataSourceUtils      : Fetching JDBC Connection from DataSource
2026-06-23 12:25:00.236 DEBUG 15560 --- [nio-9060-exec-7] o.s.jdbc.core.JdbcTemplate               : Executing prepared SQL query
2026-06-23 12:25:00.237 DEBUG 15560 --- [nio-9060-exec-7] o.s.jdbc.core.JdbcTemplate               : Executing prepared SQL statement [SELECT TOP 1 CAST(ut.id_vendedor AS INT) AS id_vendedor FROM dbo.tbl_UsuarioTecnico ut WHERE (ut.id_usuario = ? OR ut.idusuario = ? OR ut.id = ? OR ut.id_tecnico = ? OR ut.idtecnico = ?)   AND ISNULL(ut.e_eliminado, 0) = 0 AND ut.id_vendedor IS NOT NULL]
2026-06-23 12:25:00.237 DEBUG 15560 --- [nio-9060-exec-7] o.s.jdbc.datasource.DataSourceUtils      : Fetching JDBC Connection from DataSource
2026-06-23 12:25:00.294 DEBUG 15560 --- [nio-9060-exec-7] o.s.jdbc.core.JdbcTemplate               : Executing prepared SQL query
2026-06-23 12:25:00.294 DEBUG 15560 --- [nio-9060-exec-7] o.s.jdbc.core.JdbcTemplate               : Executing prepared SQL statement [SELECT TOP 1 CAST(ut.Id_Vendedor AS INT) AS id_vendedor FROM dbo.tbl_UsuarioTecnico ut WHERE (ut.Id_Usuario = ? OR ut.IdUsuario = ? OR ut.Id = ? OR ut.Id_Tecnico = ? OR ut.IdTecnico = ?)   AND ISNULL(ut.E_Eliminado, 0) = 0 AND ut.Id_Vendedor IS NOT NULL]
2026-06-23 12:25:00.295 DEBUG 15560 --- [nio-9060-exec-7] o.s.jdbc.datasource.DataSourceUtils      : Fetching JDBC Connection from DataSource
2026-06-23 12:25:00.326 DEBUG 15560 --- [nio-9060-exec-7] o.s.jdbc.core.JdbcTemplate               : Executing prepared SQL query
2026-06-23 12:25:00.326 DEBUG 15560 --- [nio-9060-exec-7] o.s.jdbc.core.JdbcTemplate               : Executing prepared SQL statement [SELECT TOP 1 CAST(ut.idvendedor AS INT) AS id_vendedor FROM dbo.tbl_usuariotecnico ut WHERE (ut.id_usuario = ? OR ut.idusuario = ? OR ut.id = ? OR ut.id_tecnico = ? OR ut.idtecnico = ?)   AND ISNULL(ut.e_eliminado, 0) = 0 AND ut.idvendedor IS NOT NULL]
2026-06-23 12:25:00.327 DEBUG 15560 --- [nio-9060-exec-7] o.s.jdbc.datasource.DataSourceUtils      : Fetching JDBC Connection from DataSource
2026-06-23 12:25:00.385 DEBUG 15560 --- [nio-9060-exec-7] o.s.jdbc.core.JdbcTemplate               : Executing prepared SQL query
2026-06-23 12:25:00.386 DEBUG 15560 --- [nio-9060-exec-7] o.s.jdbc.core.JdbcTemplate               : Executing prepared SQL statement [SELECT TOP 1 g.id_grupo, ISNULL(g.supervisor_ausente, 0) AS supervisor_ausente, gb.id_grupo_backup, gb.id_usuario_tecnico_temporal, ISNULL(gb.e_activo, 0) AS backup_activo, gb.fecha_inicio, gs.id_usuario AS id_usuario_supervisor FROM dbo.tbl_Grupo g LEFT JOIN dbo.tbl_GrupoSup gs ON gs.id_grupo = g.id_grupo LEFT JOIN dbo.tbl_GrupoBackup gb        ON gb.id_grupo = g.id_grupo       AND ISNULL(gb.e_activo, 0) = 1 WHERE ISNULL(g.e_eliminado, 0) = 0   AND (gs.id_usuario = ? OR gb.id_usuario_tecnico_temporal = ? OR gb.id_usuario_tecnico_temporal = ? OR gb.id_usuario_tecnico_temporal = ?) ORDER BY CASE WHEN gb.id_usuario_tecnico_temporal = ? THEN 0               WHEN gb.id_usuario_tecnico_temporal = ? THEN 1               WHEN gb.id_usuario_tecnico_temporal = ? THEN 2 ELSE 3 END,          gb.id_grupo_backup DESC, g.id_grupo DESC]
2026-06-23 12:25:00.387 DEBUG 15560 --- [nio-9060-exec-7] o.s.jdbc.datasource.DataSourceUtils      : Fetching JDBC Connection from DataSource
2026-06-23 12:25:00.398 DEBUG 15560 --- [nio-9060-exec-7] o.s.jdbc.core.JdbcTemplate               : Executing prepared SQL query
2026-06-23 12:25:00.399 DEBUG 15560 --- [nio-9060-exec-7] o.s.jdbc.core.JdbcTemplate               : Executing prepared SQL statement [SELECT TOP 1 CAST(ut.id AS INT) AS id_usuario_tecnico FROM dbo.tbl_UsuarioTecnico ut WHERE (ut.id_usuario = ? OR ut.idusuario = ? OR ut.id_tecnico = ? OR ut.idtecnico = ?)   AND ISNULL(ut.e_eliminado, 0) = 0]
2026-06-23 12:25:00.399 DEBUG 15560 --- [nio-9060-exec-7] o.s.jdbc.datasource.DataSourceUtils      : Fetching JDBC Connection from DataSource
2026-06-23 12:25:00.429 DEBUG 15560 --- [nio-9060-exec-7] o.s.jdbc.core.JdbcTemplate               : Executing prepared SQL query
2026-06-23 12:25:00.430 DEBUG 15560 --- [nio-9060-exec-7] o.s.jdbc.core.JdbcTemplate               : Executing prepared SQL statement [SELECT TOP 1 CAST(ut.Id AS INT) AS id_usuario_tecnico FROM dbo.tbl_UsuarioTecnico ut WHERE (ut.Id_Usuario = ? OR ut.IdUsuario = ? OR ut.Id_Tecnico = ? OR ut.IdTecnico = ?)   AND ISNULL(ut.E_Eliminado, 0) = 0]
2026-06-23 12:25:00.431 DEBUG 15560 --- [nio-9060-exec-7] o.s.jdbc.datasource.DataSourceUtils      : Fetching JDBC Connection from DataSource
2026-06-23 12:25:00.447 DEBUG 15560 --- [nio-9060-exec-7] o.s.jdbc.core.JdbcTemplate               : Executing prepared SQL query
2026-06-23 12:25:00.447 DEBUG 15560 --- [nio-9060-exec-7] o.s.jdbc.core.JdbcTemplate               : Executing prepared SQL statement [SELECT TOP 1 CAST(ut.id AS INT) AS id_usuario_tecnico FROM dbo.tbl_usuariotecnico ut WHERE (ut.id_usuario = ? OR ut.idusuario = ? OR ut.id_tecnico = ? OR ut.idtecnico = ?)   AND ISNULL(ut.e_eliminado, 0) = 0]
2026-06-23 12:25:00.448 DEBUG 15560 --- [nio-9060-exec-7] o.s.jdbc.datasource.DataSourceUtils      : Fetching JDBC Connection from DataSource
2026-06-23 12:25:00.496 DEBUG 15560 --- [nio-9060-exec-7] o.s.jdbc.core.JdbcTemplate               : Executing prepared SQL query
2026-06-23 12:25:00.496 DEBUG 15560 --- [nio-9060-exec-7] o.s.jdbc.core.JdbcTemplate               : Executing prepared SQL statement [SELECT TOP 1 CAST(ut.id AS INT) AS id_usuario_tecnico FROM dbo.tbl_usuaritecnico ut WHERE (ut.id_usuario = ? OR ut.idusuario = ? OR ut.id_tecnico = ? OR ut.idtecnico = ?)   AND ISNULL(ut.e_eliminado, 0) = 0]
2026-06-23 12:25:00.496 DEBUG 15560 --- [nio-9060-exec-7] o.s.jdbc.datasource.DataSourceUtils      : Fetching JDBC Connection from DataSource
2026-06-23 12:25:00.532 DEBUG 15560 --- [nio-9060-exec-7] o.s.jdbc.core.JdbcTemplate               : Executing prepared SQL query
2026-06-23 12:25:00.533 DEBUG 15560 --- [nio-9060-exec-7] o.s.jdbc.core.JdbcTemplate               : Executing prepared SQL statement [SELECT TOP 1 CAST(ut.id_vendedor AS INT) AS id_vendedor FROM dbo.tbl_UsuarioTecnico ut WHERE (ut.id_usuario = ? OR ut.idusuario = ? OR ut.id = ? OR ut.id_tecnico = ? OR ut.idtecnico = ?)   AND ISNULL(ut.e_eliminado, 0) = 0 AND ut.id_vendedor IS NOT NULL]
2026-06-23 12:25:00.533 DEBUG 15560 --- [nio-9060-exec-7] o.s.jdbc.datasource.DataSourceUtils      : Fetching JDBC Connection from DataSource
2026-06-23 12:25:00.638 DEBUG 15560 --- [nio-9060-exec-7] o.s.jdbc.core.JdbcTemplate               : Executing prepared SQL query
2026-06-23 12:25:00.639 DEBUG 15560 --- [nio-9060-exec-7] o.s.jdbc.core.JdbcTemplate               : Executing prepared SQL statement [SELECT TOP 1 CAST(ut.Id_Vendedor AS INT) AS id_vendedor FROM dbo.tbl_UsuarioTecnico ut WHERE (ut.Id_Usuario = ? OR ut.IdUsuario = ? OR ut.Id = ? OR ut.Id_Tecnico = ? OR ut.IdTecnico = ?)   AND ISNULL(ut.E_Eliminado, 0) = 0 AND ut.Id_Vendedor IS NOT NULL]
2026-06-23 12:25:00.639 DEBUG 15560 --- [nio-9060-exec-7] o.s.jdbc.datasource.DataSourceUtils      : Fetching JDBC Connection from DataSource
2026-06-23 12:25:00.723 DEBUG 15560 --- [nio-9060-exec-7] o.s.jdbc.core.JdbcTemplate               : Executing prepared SQL query
2026-06-23 12:25:00.724 DEBUG 15560 --- [nio-9060-exec-7] o.s.jdbc.core.JdbcTemplate               : Executing prepared SQL statement [SELECT TOP 1 CAST(ut.idvendedor AS INT) AS id_vendedor FROM dbo.tbl_usuariotecnico ut WHERE (ut.id_usuario = ? OR ut.idusuario = ? OR ut.id = ? OR ut.id_tecnico = ? OR ut.idtecnico = ?)   AND ISNULL(ut.e_eliminado, 0) = 0 AND ut.idvendedor IS NOT NULL]
2026-06-23 12:25:00.724 DEBUG 15560 --- [nio-9060-exec-7] o.s.jdbc.datasource.DataSourceUtils      : Fetching JDBC Connection from DataSource
2026-06-23 12:25:00.788 DEBUG 15560 --- [nio-9060-exec-7] o.s.jdbc.core.JdbcTemplate               : Executing prepared SQL query
2026-06-23 12:25:00.788 DEBUG 15560 --- [nio-9060-exec-7] o.s.jdbc.core.JdbcTemplate               : Executing prepared SQL statement [SELECT TOP 1 g.id_grupo, ISNULL(g.supervisor_ausente, 0) AS supervisor_ausente, gb.id_grupo_backup, gb.id_usuario_tecnico_temporal, ISNULL(gb.e_activo, 0) AS backup_activo, gb.fecha_inicio, gs.id_usuario AS id_usuario_supervisor FROM dbo.tbl_Grupo g LEFT JOIN dbo.tbl_GrupoSup gs ON gs.id_grupo = g.id_grupo LEFT JOIN dbo.tbl_GrupoBackup gb        ON gb.id_grupo = g.id_grupo       AND ISNULL(gb.e_activo, 0) = 1 WHERE ISNULL(g.e_eliminado, 0) = 0   AND (gs.id_usuario = ? OR gb.id_usuario_tecnico_temporal = ? OR gb.id_usuario_tecnico_temporal = ? OR gb.id_usuario_tecnico_temporal = ?) ORDER BY CASE WHEN gb.id_usuario_tecnico_temporal = ? THEN 0               WHEN gb.id_usuario_tecnico_temporal = ? THEN 1               WHEN gb.id_usuario_tecnico_temporal = ? THEN 2 ELSE 3 END,          gb.id_grupo_backup DESC, g.id_grupo DESC]
2026-06-23 12:25:00.789 DEBUG 15560 --- [nio-9060-exec-7] o.s.jdbc.datasource.DataSourceUtils      : Fetching JDBC Connection from DataSource
2026-06-23 12:25:00.810 DEBUG 15560 --- [nio-9060-exec-7] o.s.jdbc.core.JdbcTemplate               : Executing SQL update [IF OBJECT_ID('dbo.backup_temporal', 'U') IS NULL BEGIN CREATE TABLE dbo.backup_temporal (id_backup_temporal INT IDENTITY(1,1) NOT NULL PRIMARY KEY, id_usuario INT NOT NULL, id_grupo INT NULL, id_rol_temporal INT NOT NULL, e_activo BIT NOT NULL CONSTRAINT DF_backup_temporal_e_activo DEFAULT(1), fecha_inicio DATETIME NOT NULL CONSTRAINT DF_backup_temporal_fecha_inicio DEFAULT(GETDATE()), fecha_fin DATETIME NULL, fecha_registro DATETIME NOT NULL CONSTRAINT DF_backup_temporal_fecha_registro DEFAULT(GETDATE()), fecha_actualizacion DATETIME NULL); END]
2026-06-23 12:25:00.810 DEBUG 15560 --- [nio-9060-exec-7] o.s.jdbc.datasource.DataSourceUtils      : Fetching JDBC Connection from DataSource
2026-06-23 12:25:00.840 DEBUG 15560 --- [nio-9060-exec-7] o.s.jdbc.core.JdbcTemplate               : Executing SQL update [IF COL_LENGTH('dbo.backup_temporal', 'id_grupo') IS NULL BEGIN ALTER TABLE dbo.backup_temporal ADD id_grupo INT NULL; END]
2026-06-23 12:25:00.840 DEBUG 15560 --- [nio-9060-exec-7] o.s.jdbc.datasource.DataSourceUtils      : Fetching JDBC Connection from DataSource
2026-06-23 12:25:00.863 DEBUG 15560 --- [nio-9060-exec-7] o.s.jdbc.core.JdbcTemplate               : Executing SQL update [IF NOT EXISTS (SELECT 1 FROM sys.indexes WHERE object_id = OBJECT_ID('dbo.backup_temporal')   AND name = 'IX_backup_temporal_usuario_activo') BEGIN CREATE INDEX IX_backup_temporal_usuario_activo ON dbo.backup_temporal(id_usuario, e_activo, fecha_fin); END]
2026-06-23 12:25:00.863 DEBUG 15560 --- [nio-9060-exec-7] o.s.jdbc.datasource.DataSourceUtils      : Fetching JDBC Connection from DataSource
2026-06-23 12:25:00.969 DEBUG 15560 --- [nio-9060-exec-7] o.s.jdbc.core.JdbcTemplate               : Executing prepared SQL query
2026-06-23 12:25:00.969 DEBUG 15560 --- [nio-9060-exec-7] o.s.jdbc.core.JdbcTemplate               : Executing prepared SQL statement [SELECT TOP 1 CAST(ut.id AS INT) AS alt_id FROM dbo.tbl_UsuarioTecnico ut WHERE (ut.id_usuario = ? OR ut.idusuario = ? OR ut.id_tecnico = ? OR ut.idtecnico = ?)   AND ISNULL(ut.e_eliminado, 0) = 0]
2026-06-23 12:25:00.970 DEBUG 15560 --- [nio-9060-exec-7] o.s.jdbc.datasource.DataSourceUtils      : Fetching JDBC Connection from DataSource
2026-06-23 12:25:01.000 DEBUG 15560 --- [nio-9060-exec-7] o.s.jdbc.core.JdbcTemplate               : Executing prepared SQL query
2026-06-23 12:25:01.001 DEBUG 15560 --- [nio-9060-exec-7] o.s.jdbc.core.JdbcTemplate               : Executing prepared SQL statement [SELECT TOP 1 CAST(ut.id_vendedor AS INT) AS alt_id FROM dbo.tbl_UsuarioTecnico ut WHERE (ut.id_usuario = ? OR ut.idusuario = ? OR ut.id_tecnico = ? OR ut.idtecnico = ?)   AND ISNULL(ut.e_eliminado, 0) = 0   AND ut.id_vendedor IS NOT NULL]
2026-06-23 12:25:01.001 DEBUG 15560 --- [nio-9060-exec-7] o.s.jdbc.datasource.DataSourceUtils      : Fetching JDBC Connection from DataSource
2026-06-23 12:25:01.074 DEBUG 15560 --- [nio-9060-exec-7] o.s.jdbc.core.JdbcTemplate               : Executing prepared SQL query
2026-06-23 12:25:01.076 DEBUG 15560 --- [nio-9060-exec-7] o.s.jdbc.core.JdbcTemplate               : Executing prepared SQL statement [SELECT TOP 1 CAST(ut.Id AS INT) AS alt_id FROM dbo.tbl_UsuarioTecnico ut WHERE (ut.Id_Usuario = ? OR ut.IdUsuario = ? OR ut.Id_Tecnico = ? OR ut.IdTecnico = ?)   AND ISNULL(ut.E_Eliminado, 0) = 0]
2026-06-23 12:25:01.077 DEBUG 15560 --- [nio-9060-exec-7] o.s.jdbc.datasource.DataSourceUtils      : Fetching JDBC Connection from DataSource
2026-06-23 12:25:01.117 DEBUG 15560 --- [nio-9060-exec-7] o.s.jdbc.core.JdbcTemplate               : Executing prepared SQL query
2026-06-23 12:25:01.118 DEBUG 15560 --- [nio-9060-exec-7] o.s.jdbc.core.JdbcTemplate               : Executing prepared SQL statement [SELECT TOP 1 CAST(ut.Id_Vendedor AS INT) AS alt_id FROM dbo.tbl_UsuarioTecnico ut WHERE (ut.Id_Usuario = ? OR ut.IdUsuario = ? OR ut.Id_Tecnico = ? OR ut.IdTecnico = ?)   AND ISNULL(ut.E_Eliminado, 0) = 0   AND ut.Id_Vendedor IS NOT NULL]
2026-06-23 12:25:01.118 DEBUG 15560 --- [nio-9060-exec-7] o.s.jdbc.datasource.DataSourceUtils      : Fetching JDBC Connection from DataSource
2026-06-23 12:25:01.147 DEBUG 15560 --- [nio-9060-exec-7] o.s.jdbc.core.JdbcTemplate               : Executing prepared SQL query
2026-06-23 12:25:01.147 DEBUG 15560 --- [nio-9060-exec-7] o.s.jdbc.core.JdbcTemplate               : Executing prepared SQL statement [SELECT TOP 1 CAST(ut.id AS INT) AS alt_id FROM dbo.tbl_usuariotecnico ut WHERE (ut.id_usuario = ? OR ut.idusuario = ? OR ut.id_tecnico = ? OR ut.idtecnico = ?)   AND ISNULL(ut.e_eliminado, 0) = 0]
2026-06-23 12:25:01.148 DEBUG 15560 --- [nio-9060-exec-7] o.s.jdbc.datasource.DataSourceUtils      : Fetching JDBC Connection from DataSource
2026-06-23 12:25:01.190 DEBUG 15560 --- [nio-9060-exec-7] o.s.jdbc.core.JdbcTemplate               : Executing prepared SQL query
2026-06-23 12:25:01.191 DEBUG 15560 --- [nio-9060-exec-7] o.s.jdbc.core.JdbcTemplate               : Executing prepared SQL statement [SELECT TOP 1 CAST(ut.id_vendedor AS INT) AS alt_id FROM dbo.tbl_usuariotecnico ut WHERE (ut.id_usuario = ? OR ut.idusuario = ? OR ut.id_tecnico = ? OR ut.idtecnico = ?)   AND ISNULL(ut.e_eliminado, 0) = 0   AND ut.id_vendedor IS NOT NULL]
2026-06-23 12:25:01.191 DEBUG 15560 --- [nio-9060-exec-7] o.s.jdbc.datasource.DataSourceUtils      : Fetching JDBC Connection from DataSource
2026-06-23 12:25:01.220 DEBUG 15560 --- [nio-9060-exec-7] o.s.jdbc.core.JdbcTemplate               : Executing prepared SQL query
2026-06-23 12:25:01.221 DEBUG 15560 --- [nio-9060-exec-7] o.s.jdbc.core.JdbcTemplate               : Executing prepared SQL statement [SELECT TOP 1 CAST(ut.id AS INT) AS alt_id FROM dbo.tbl_UsuarioTecnico ut WHERE (ut.id_usuario = ? OR ut.idusuario = ? OR ut.id_tecnico = ? OR ut.idtecnico = ?)   AND ISNULL(ut.e_eliminado, 0) = 0]
2026-06-23 12:25:01.222 DEBUG 15560 --- [nio-9060-exec-7] o.s.jdbc.datasource.DataSourceUtils      : Fetching JDBC Connection from DataSource
2026-06-23 12:25:01.337 DEBUG 15560 --- [nio-9060-exec-7] o.s.jdbc.core.JdbcTemplate               : Executing prepared SQL query
2026-06-23 12:25:01.338 DEBUG 15560 --- [nio-9060-exec-7] o.s.jdbc.core.JdbcTemplate               : Executing prepared SQL statement [SELECT TOP 1 CAST(ut.id_vendedor AS INT) AS alt_id FROM dbo.tbl_UsuarioTecnico ut WHERE (ut.id_usuario = ? OR ut.idusuario = ? OR ut.id_tecnico = ? OR ut.idtecnico = ?)   AND ISNULL(ut.e_eliminado, 0) = 0   AND ut.id_vendedor IS NOT NULL]
2026-06-23 12:25:01.338 DEBUG 15560 --- [nio-9060-exec-7] o.s.jdbc.datasource.DataSourceUtils      : Fetching JDBC Connection from DataSource
2026-06-23 12:25:01.385 DEBUG 15560 --- [nio-9060-exec-7] o.s.jdbc.core.JdbcTemplate               : Executing prepared SQL query
2026-06-23 12:25:01.385 DEBUG 15560 --- [nio-9060-exec-7] o.s.jdbc.core.JdbcTemplate               : Executing prepared SQL statement [SELECT TOP 1 CAST(ut.Id AS INT) AS alt_id FROM dbo.tbl_UsuarioTecnico ut WHERE (ut.Id_Usuario = ? OR ut.IdUsuario = ? OR ut.Id_Tecnico = ? OR ut.IdTecnico = ?)   AND ISNULL(ut.E_Eliminado, 0) = 0]
2026-06-23 12:25:01.386 DEBUG 15560 --- [nio-9060-exec-7] o.s.jdbc.datasource.DataSourceUtils      : Fetching JDBC Connection from DataSource
2026-06-23 12:25:01.413 DEBUG 15560 --- [nio-9060-exec-7] o.s.jdbc.core.JdbcTemplate               : Executing prepared SQL query
2026-06-23 12:25:01.413 DEBUG 15560 --- [nio-9060-exec-7] o.s.jdbc.core.JdbcTemplate               : Executing prepared SQL statement [SELECT TOP 1 CAST(ut.Id_Vendedor AS INT) AS alt_id FROM dbo.tbl_UsuarioTecnico ut WHERE (ut.Id_Usuario = ? OR ut.IdUsuario = ? OR ut.Id_Tecnico = ? OR ut.IdTecnico = ?)   AND ISNULL(ut.E_Eliminado, 0) = 0   AND ut.Id_Vendedor IS NOT NULL]
2026-06-23 12:25:01.413 DEBUG 15560 --- [nio-9060-exec-7] o.s.jdbc.datasource.DataSourceUtils      : Fetching JDBC Connection from DataSource
2026-06-23 12:25:01.559 DEBUG 15560 --- [nio-9060-exec-7] o.s.jdbc.core.JdbcTemplate               : Executing prepared SQL query
2026-06-23 12:25:01.560 DEBUG 15560 --- [nio-9060-exec-7] o.s.jdbc.core.JdbcTemplate               : Executing prepared SQL statement [SELECT TOP 1 CAST(ut.id AS INT) AS alt_id FROM dbo.tbl_usuariotecnico ut WHERE (ut.id_usuario = ? OR ut.idusuario = ? OR ut.id_tecnico = ? OR ut.idtecnico = ?)   AND ISNULL(ut.e_eliminado, 0) = 0]
2026-06-23 12:25:01.561 DEBUG 15560 --- [nio-9060-exec-7] o.s.jdbc.datasource.DataSourceUtils      : Fetching JDBC Connection from DataSource
2026-06-23 12:25:01.598 DEBUG 15560 --- [nio-9060-exec-7] o.s.jdbc.core.JdbcTemplate               : Executing prepared SQL query
2026-06-23 12:25:01.598 DEBUG 15560 --- [nio-9060-exec-7] o.s.jdbc.core.JdbcTemplate               : Executing prepared SQL statement [SELECT TOP 1 CAST(ut.id_vendedor AS INT) AS alt_id FROM dbo.tbl_usuariotecnico ut WHERE (ut.id_usuario = ? OR ut.idusuario = ? OR ut.id_tecnico = ? OR ut.idtecnico = ?)   AND ISNULL(ut.e_eliminado, 0) = 0   AND ut.id_vendedor IS NOT NULL]
2026-06-23 12:25:01.598 DEBUG 15560 --- [nio-9060-exec-7] o.s.jdbc.datasource.DataSourceUtils      : Fetching JDBC Connection from DataSource
2026-06-23 12:25:01.628 DEBUG 15560 --- [nio-9060-exec-7] o.s.jdbc.core.JdbcTemplate               : Executing prepared SQL query
2026-06-23 12:25:01.629 DEBUG 15560 --- [nio-9060-exec-7] o.s.jdbc.core.JdbcTemplate               : Executing prepared SQL statement [SELECT TOP 1 CAST(ut.id AS INT) AS alt_id FROM dbo.tbl_UsuarioTecnico ut WHERE (ut.id_usuario = ? OR ut.idusuario = ? OR ut.id_tecnico = ? OR ut.idtecnico = ?)   AND ISNULL(ut.e_eliminado, 0) = 0]
2026-06-23 12:25:01.630 DEBUG 15560 --- [nio-9060-exec-7] o.s.jdbc.datasource.DataSourceUtils      : Fetching JDBC Connection from DataSource
2026-06-23 12:25:01.650 DEBUG 15560 --- [ruz housekeeper] com.zaxxer.hikari.pool.HikariPool        : ConnDb-SantaCruz - Before cleanup stats (total=1, active=0, idle=1, waiting=0)
2026-06-23 12:25:01.651 DEBUG 15560 --- [ruz housekeeper] com.zaxxer.hikari.pool.HikariPool        : ConnDb-SantaCruz - After cleanup  stats (total=1, active=0, idle=1, waiting=0)
2026-06-23 12:25:01.651 DEBUG 15560 --- [ruz housekeeper] com.zaxxer.hikari.pool.HikariPool        : ConnDb-SantaCruz - Fill pool skipped, pool is at sufficient level.
2026-06-23 12:25:01.700 DEBUG 15560 --- [nio-9060-exec-7] o.s.jdbc.core.JdbcTemplate               : Executing prepared SQL query
2026-06-23 12:25:01.700 DEBUG 15560 --- [nio-9060-exec-7] o.s.jdbc.core.JdbcTemplate               : Executing prepared SQL statement [SELECT TOP 1 CAST(ut.id_vendedor AS INT) AS alt_id FROM dbo.tbl_UsuarioTecnico ut WHERE (ut.id_usuario = ? OR ut.idusuario = ? OR ut.id_tecnico = ? OR ut.idtecnico = ?)   AND ISNULL(ut.e_eliminado, 0) = 0   AND ut.id_vendedor IS NOT NULL]
2026-06-23 12:25:01.701 DEBUG 15560 --- [nio-9060-exec-7] o.s.jdbc.datasource.DataSourceUtils      : Fetching JDBC Connection from DataSource
2026-06-23 12:25:01.731 DEBUG 15560 --- [nio-9060-exec-7] o.s.jdbc.core.JdbcTemplate               : Executing prepared SQL query
2026-06-23 12:25:01.732 DEBUG 15560 --- [nio-9060-exec-7] o.s.jdbc.core.JdbcTemplate               : Executing prepared SQL statement [SELECT TOP 1 CAST(ut.Id AS INT) AS alt_id FROM dbo.tbl_UsuarioTecnico ut WHERE (ut.Id_Usuario = ? OR ut.IdUsuario = ? OR ut.Id_Tecnico = ? OR ut.IdTecnico = ?)   AND ISNULL(ut.E_Eliminado, 0) = 0]
2026-06-23 12:25:01.733 DEBUG 15560 --- [nio-9060-exec-7] o.s.jdbc.datasource.DataSourceUtils      : Fetching JDBC Connection from DataSource
2026-06-23 12:25:01.751 DEBUG 15560 --- [nio-9060-exec-7] o.s.jdbc.core.JdbcTemplate               : Executing prepared SQL query
2026-06-23 12:25:01.751 DEBUG 15560 --- [nio-9060-exec-7] o.s.jdbc.core.JdbcTemplate               : Executing prepared SQL statement [SELECT TOP 1 CAST(ut.Id_Vendedor AS INT) AS alt_id FROM dbo.tbl_UsuarioTecnico ut WHERE (ut.Id_Usuario = ? OR ut.IdUsuario = ? OR ut.Id_Tecnico = ? OR ut.IdTecnico = ?)   AND ISNULL(ut.E_Eliminado, 0) = 0   AND ut.Id_Vendedor IS NOT NULL]
2026-06-23 12:25:01.752 DEBUG 15560 --- [nio-9060-exec-7] o.s.jdbc.datasource.DataSourceUtils      : Fetching JDBC Connection from DataSource
2026-06-23 12:25:01.792 DEBUG 15560 --- [nio-9060-exec-7] o.s.jdbc.core.JdbcTemplate               : Executing prepared SQL query
2026-06-23 12:25:01.793 DEBUG 15560 --- [nio-9060-exec-7] o.s.jdbc.core.JdbcTemplate               : Executing prepared SQL statement [SELECT TOP 1 CAST(ut.id AS INT) AS alt_id FROM dbo.tbl_usuariotecnico ut WHERE (ut.id_usuario = ? OR ut.idusuario = ? OR ut.id_tecnico = ? OR ut.idtecnico = ?)   AND ISNULL(ut.e_eliminado, 0) = 0]
2026-06-23 12:25:01.793 DEBUG 15560 --- [nio-9060-exec-7] o.s.jdbc.datasource.DataSourceUtils      : Fetching JDBC Connection from DataSource
2026-06-23 12:25:01.830 DEBUG 15560 --- [nio-9060-exec-7] o.s.jdbc.core.JdbcTemplate               : Executing prepared SQL query
2026-06-23 12:25:01.831 DEBUG 15560 --- [nio-9060-exec-7] o.s.jdbc.core.JdbcTemplate               : Executing prepared SQL statement [SELECT TOP 1 CAST(ut.id_vendedor AS INT) AS alt_id FROM dbo.tbl_usuariotecnico ut WHERE (ut.id_usuario = ? OR ut.idusuario = ? OR ut.id_tecnico = ? OR ut.idtecnico = ?)   AND ISNULL(ut.e_eliminado, 0) = 0   AND ut.id_vendedor IS NOT NULL]
2026-06-23 12:25:01.831 DEBUG 15560 --- [nio-9060-exec-7] o.s.jdbc.datasource.DataSourceUtils      : Fetching JDBC Connection from DataSource
2026-06-23 12:25:01.928 DEBUG 15560 --- [nio-9060-exec-7] o.s.jdbc.core.JdbcTemplate               : Executing prepared SQL query
2026-06-23 12:25:01.929 DEBUG 15560 --- [nio-9060-exec-7] o.s.jdbc.core.JdbcTemplate               : Executing prepared SQL statement [SELECT TOP 1 1 AS ok FROM dbo.backup_temporal bt WHERE bt.id_usuario = ?   AND ISNULL(bt.e_activo, 1) = 1   AND (bt.fecha_fin IS NULL OR bt.fecha_fin > GETDATE()) ORDER BY bt.id_backup_temporal DESC]
2026-06-23 12:25:01.929 DEBUG 15560 --- [nio-9060-exec-7] o.s.jdbc.datasource.DataSourceUtils      : Fetching JDBC Connection from DataSource
2026-06-23 12:25:01.957  INFO 15560 --- [nio-9060-exec-7] c.e.T.p.service.PrivilegioService        : [PERMISOS] idUsuarioSesion=82, rolSesion=BackOffice_v, backupContexto=false, backupTemporal=false, idGrupo=null, idSupervisorContexto=null, idRolPermisos=6, idUsuarioPermisos=82
2026-06-23 12:25:01.958 DEBUG 15560 --- [nio-9060-exec-7] o.s.jdbc.core.JdbcTemplate               : Executing SQL query [EXEC dbo.spx_ObtenerPrivilegiosRoles]
2026-06-23 12:25:01.958 DEBUG 15560 --- [nio-9060-exec-7] o.s.jdbc.datasource.DataSourceUtils      : Fetching JDBC Connection from DataSource
2026-06-23 12:25:02.153 DEBUG 15560 --- [nio-9060-exec-7] .m.m.a.ExceptionHandlerExceptionResolver : Using @ExceptionHandler com.example.TigoStarSystem.common.GlobalExceptionHandler#handleGeneric(Exception, HttpServletRequest)
2026-06-23 12:25:02.154 ERROR 15560 --- [nio-9060-exec-7] c.e.T.common.GlobalExceptionHandler      : Unhandled error on GET /auth/permisos

org.springframework.web.util.NestedServletException: Handler dispatch failed; nested exception is java.lang.NoClassDefFoundError: com/example/TigoStarSystem/privilegios/dto/PrivilegioRolResponse
	at org.springframework.web.servlet.DispatcherServlet.doDispatch(DispatcherServlet.java:1087) ~[spring-webmvc-5.3.31.jar:5.3.31]
	at org.springframework.web.servlet.DispatcherServlet.doService(DispatcherServlet.java:965) ~[spring-webmvc-5.3.31.jar:5.3.31]
	at org.springframework.web.servlet.FrameworkServlet.processRequest(FrameworkServlet.java:1006) ~[spring-webmvc-5.3.31.jar:5.3.31]
	at org.springframework.web.servlet.FrameworkServlet.doGet(FrameworkServlet.java:898) ~[spring-webmvc-5.3.31.jar:5.3.31]
	at javax.servlet.http.HttpServlet.service(HttpServlet.java:529) ~[tomcat-embed-core-9.0.83.jar:4.0.FR]
	at org.springframework.web.servlet.FrameworkServlet.service(FrameworkServlet.java:883) ~[spring-webmvc-5.3.31.jar:5.3.31]
	at javax.servlet.http.HttpServlet.service(HttpServlet.java:623) ~[tomcat-embed-core-9.0.83.jar:4.0.FR]
	at org.apache.catalina.core.ApplicationFilterChain.internalDoFilter(ApplicationFilterChain.java:209) ~[tomcat-embed-core-9.0.83.jar:9.0.83]
	at org.apache.catalina.core.ApplicationFilterChain.doFilter(ApplicationFilterChain.java:153) ~[tomcat-embed-core-9.0.83.jar:9.0.83]
	at org.apache.tomcat.websocket.server.WsFilter.doFilter(WsFilter.java:51) ~[tomcat-embed-websocket-9.0.83.jar:9.0.83]
	at org.apache.catalina.core.ApplicationFilterChain.internalDoFilter(ApplicationFilterChain.java:178) ~[tomcat-embed-core-9.0.83.jar:9.0.83]
	at org.apache.catalina.core.ApplicationFilterChain.doFilter(ApplicationFilterChain.java:153) ~[tomcat-embed-core-9.0.83.jar:9.0.83]
	at org.springframework.web.filter.RequestContextFilter.doFilterInternal(RequestContextFilter.java:100) ~[spring-web-5.3.31.jar:5.3.31]
	at org.springframework.web.filter.OncePerRequestFilter.doFilter(OncePerRequestFilter.java:117) ~[spring-web-5.3.31.jar:5.3.31]
	at org.apache.catalina.core.ApplicationFilterChain.internalDoFilter(ApplicationFilterChain.java:178) ~[tomcat-embed-core-9.0.83.jar:9.0.83]
	at org.apache.catalina.core.ApplicationFilterChain.doFilter(ApplicationFilterChain.java:153) ~[tomcat-embed-core-9.0.83.jar:9.0.83]
	at org.springframework.web.filter.FormContentFilter.doFilterInternal(FormContentFilter.java:93) ~[spring-web-5.3.31.jar:5.3.31]
	at org.springframework.web.filter.OncePerRequestFilter.doFilter(OncePerRequestFilter.java:117) ~[spring-web-5.3.31.jar:5.3.31]
	at org.apache.catalina.core.ApplicationFilterChain.internalDoFilter(ApplicationFilterChain.java:178) ~[tomcat-embed-core-9.0.83.jar:9.0.83]
	at org.apache.catalina.core.ApplicationFilterChain.doFilter(ApplicationFilterChain.java:153) ~[tomcat-embed-core-9.0.83.jar:9.0.83]
	at org.springframework.web.filter.CharacterEncodingFilter.doFilterInternal(CharacterEncodingFilter.java:201) ~[spring-web-5.3.31.jar:5.3.31]
	at org.springframework.web.filter.OncePerRequestFilter.doFilter(OncePerRequestFilter.java:117) ~[spring-web-5.3.31.jar:5.3.31]
	at org.apache.catalina.core.ApplicationFilterChain.internalDoFilter(ApplicationFilterChain.java:178) ~[tomcat-embed-core-9.0.83.jar:9.0.83]
	at org.apache.catalina.core.ApplicationFilterChain.doFilter(ApplicationFilterChain.java:153) ~[tomcat-embed-core-9.0.83.jar:9.0.83]
	at org.springframework.web.filter.CorsFilter.doFilterInternal(CorsFilter.java:91) ~[spring-web-5.3.31.jar:5.3.31]
	at org.springframework.web.filter.OncePerRequestFilter.doFilter(OncePerRequestFilter.java:117) ~[spring-web-5.3.31.jar:5.3.31]
	at org.apache.catalina.core.ApplicationFilterChain.internalDoFilter(ApplicationFilterChain.java:178) ~[tomcat-embed-core-9.0.83.jar:9.0.83]
	at org.apache.catalina.core.ApplicationFilterChain.doFilter(ApplicationFilterChain.java:153) ~[tomcat-embed-core-9.0.83.jar:9.0.83]
	at org.apache.catalina.core.StandardWrapperValve.invoke(StandardWrapperValve.java:168) ~[tomcat-embed-core-9.0.83.jar:9.0.83]
	at org.apache.catalina.core.StandardContextValve.invoke(StandardContextValve.java:90) ~[tomcat-embed-core-9.0.83.jar:9.0.83]
	at org.apache.catalina.authenticator.AuthenticatorBase.invoke(AuthenticatorBase.java:481) ~[tomcat-embed-core-9.0.83.jar:9.0.83]
	at org.apache.catalina.core.StandardHostValve.invoke(StandardHostValve.java:130) ~[tomcat-embed-core-9.0.83.jar:9.0.83]
	at org.apache.catalina.valves.ErrorReportValve.invoke(ErrorReportValve.java:93) ~[tomcat-embed-core-9.0.83.jar:9.0.83]
	at org.apache.catalina.core.StandardEngineValve.invoke(StandardEngineValve.java:74) ~[tomcat-embed-core-9.0.83.jar:9.0.83]
	at org.apache.catalina.connector.CoyoteAdapter.service(CoyoteAdapter.java:342) ~[tomcat-embed-core-9.0.83.jar:9.0.83]
	at org.apache.coyote.http11.Http11Processor.service(Http11Processor.java:390) ~[tomcat-embed-core-9.0.83.jar:9.0.83]
	at org.apache.coyote.AbstractProcessorLight.process(AbstractProcessorLight.java:63) ~[tomcat-embed-core-9.0.83.jar:9.0.83]
	at org.apache.coyote.AbstractProtocol$ConnectionHandler.process(AbstractProtocol.java:928) ~[tomcat-embed-core-9.0.83.jar:9.0.83]
	at org.apache.tomcat.util.net.NioEndpoint$SocketProcessor.doRun(NioEndpoint.java:1794) ~[tomcat-embed-core-9.0.83.jar:9.0.83]
	at org.apache.tomcat.util.net.SocketProcessorBase.run(SocketProcessorBase.java:52) ~[tomcat-embed-core-9.0.83.jar:9.0.83]
	at org.apache.tomcat.util.threads.ThreadPoolExecutor.runWorker(ThreadPoolExecutor.java:1191) ~[tomcat-embed-core-9.0.83.jar:9.0.83]
	at org.apache.tomcat.util.threads.ThreadPoolExecutor$Worker.run(ThreadPoolExecutor.java:659) ~[tomcat-embed-core-9.0.83.jar:9.0.83]
	at org.apache.tomcat.util.threads.TaskThread$WrappingRunnable.run(TaskThread.java:61) ~[tomcat-embed-core-9.0.83.jar:9.0.83]
	at java.base/java.lang.Thread.run(Thread.java:1583) ~[na:na]
Caused by: java.lang.NoClassDefFoundError: com/example/TigoStarSystem/privilegios/dto/PrivilegioRolResponse
	at com.example.TigoStarSystem.privilegios.service.PrivilegioService.listarRoles(PrivilegioService.java:66) ~[classes/:na]
	at com.example.TigoStarSystem.privilegios.service.PrivilegioService.resolverNombreRol(PrivilegioService.java:473) ~[classes/:na]
	at com.example.TigoStarSystem.privilegios.service.PrivilegioService.obtenerPrivilegiosPorRol(PrivilegioService.java:79) ~[classes/:na]
	at com.example.TigoStarSystem.privilegios.service.PrivilegioService.obtenerPermisosUsuario(PrivilegioService.java:228) ~[classes/:na]
	at com.example.TigoStarSystem.auth.controller.AuthPermisosController.permisos(AuthPermisosController.java:30) ~[classes/:na]
	at java.base/jdk.internal.reflect.DirectMethodHandleAccessor.invoke(DirectMethodHandleAccessor.java:103) ~[na:na]
	at java.base/java.lang.reflect.Method.invoke(Method.java:580) ~[na:na]
	at org.springframework.web.method.support.InvocableHandlerMethod.doInvoke(InvocableHandlerMethod.java:205) ~[spring-web-5.3.31.jar:5.3.31]
	at org.springframework.web.method.support.InvocableHandlerMethod.invokeForRequest(InvocableHandlerMethod.java:150) ~[spring-web-5.3.31.jar:5.3.31]
	at org.springframework.web.servlet.mvc.method.annotation.ServletInvocableHandlerMethod.invokeAndHandle(ServletInvocableHandlerMethod.java:117) ~[spring-webmvc-5.3.31.jar:5.3.31]
	at org.springframework.web.servlet.mvc.method.annotation.RequestMappingHandlerAdapter.invokeHandlerMethod(RequestMappingHandlerAdapter.java:895) ~[spring-webmvc-5.3.31.jar:5.3.31]
	at org.springframework.web.servlet.mvc.method.annotation.RequestMappingHandlerAdapter.handleInternal(RequestMappingHandlerAdapter.java:808) ~[spring-webmvc-5.3.31.jar:5.3.31]
	at org.springframework.web.servlet.mvc.method.AbstractHandlerMethodAdapter.handle(AbstractHandlerMethodAdapter.java:87) ~[spring-webmvc-5.3.31.jar:5.3.31]
	at org.springframework.web.servlet.DispatcherServlet.doDispatch(DispatcherServlet.java:1072) ~[spring-webmvc-5.3.31.jar:5.3.31]
	... 43 common frames omitted
Caused by: java.lang.ClassNotFoundException: com.example.TigoStarSystem.privilegios.dto.PrivilegioRolResponse
	... 57 common frames omitted

2026-06-23 12:25:02.155 DEBUG 15560 --- [nio-9060-exec-7] o.s.w.s.m.m.a.HttpEntityMethodProcessor  : Using 'application/json', given [application/json, text/plain, */*] and supported [application/json, application/*+json, application/json, application/*+json]
2026-06-23 12:25:02.156 DEBUG 15560 --- [nio-9060-exec-7] o.s.w.s.m.m.a.HttpEntityMethodProcessor  : Writing [com.example.TigoStarSystem.common.ApiError@da0d0af]
2026-06-23 12:25:02.157 DEBUG 15560 --- [nio-9060-exec-7] .m.m.a.ExceptionHandlerExceptionResolver : Resolved [org.springframework.web.util.NestedServletException: Handler dispatch failed; nested exception is java.lang.NoClassDefFoundError: com/example/TigoStarSystem/privilegios/dto/PrivilegioRolResponse]
2026-06-23 12:25:02.158 DEBUG 15560 --- [nio-9060-exec-7] o.s.web.servlet.DispatcherServlet        : Completed 500 INTERNAL_SERVER_ERROR
2026-06-23 12:25:10.722 DEBUG 15560 --- [l-9 housekeeper] com.zaxxer.hikari.pool.HikariPool        : ConnDb-boleta-digital-sucursal-9 - Before cleanup stats (total=1, active=0, idle=1, waiting=0)
2026-06-23 12:25:10.722 DEBUG 15560 --- [l-9 housekeeper] com.zaxxer.hikari.pool.HikariPool        : ConnDb-boleta-digital-sucursal-9 - After cleanup  stats (total=1, active=0, idle=1, waiting=0)
2026-06-23 12:25:10.723 DEBUG 15560 --- [l-9 housekeeper] com.zaxxer.hikari.pool.HikariPool        : ConnDb-boleta-digital-sucursal-9 - Fill pool skipped, pool is at sufficient level.
2026-06-23 12:25:11.584 DEBUG 15560 --- [io-9060-exec-10] o.s.web.servlet.DispatcherServlet        : GET "/auth/sucursales", parameters={}
2026-06-23 12:25:11.586 DEBUG 15560 --- [io-9060-exec-10] s.w.s.m.m.a.RequestMappingHandlerMapping : Mapped to com.example.TigoStarSystem.auth.controller.AuthController#listarSucursales()
2026-06-23 12:25:11.586  INFO 15560 --- [io-9060-exec-10] c.e.T.auth.controller.AuthController     : Request GET /auth/sucursales
2026-06-23 12:25:11.587 DEBUG 15560 --- [io-9060-exec-10] o.s.jdbc.core.JdbcTemplate               : Executing SQL query [EXEC dbo.spx_ObtenerSucursalesConexionWeb]
2026-06-23 12:25:11.587 DEBUG 15560 --- [io-9060-exec-10] o.s.jdbc.datasource.DataSourceUtils      : Fetching JDBC Connection from DataSource
2026-06-23 12:25:11.702 DEBUG 15560 --- [io-9060-exec-10] o.s.w.s.m.m.a.HttpEntityMethodProcessor  : Using 'application/json', given [application/json, text/plain, */*] and supported [application/json, application/*+json, application/json, application/*+json]
2026-06-23 12:25:11.703 DEBUG 15560 --- [io-9060-exec-10] o.s.w.s.m.m.a.HttpEntityMethodProcessor  : Writing [com.example.TigoStarSystem.common.ApiResponse@c4b3d0a]
2026-06-23 12:25:11.704 DEBUG 15560 --- [io-9060-exec-10] o.s.web.servlet.DispatcherServlet        : Completed 200 OK
[INFO] ------------------------------------------------------------------------
[INFO] BUILD FAILURE
[INFO] ------------------------------------------------------------------------
[INFO] Total time:  03:38 min
[INFO] Finished at: 2026-06-23T12:25:15-04:00
[INFO] ------------------------------------------------------------------------
[ERROR] Failed to execute goal org.springframework.boot:spring-boot-maven-plugin:2.7.18:run (default-cli) on project TigoStarSystem: Application finished with exit code: -1 -> [Help 1]
[ERROR] 
[ERROR] To see the full stack trace of the errors, re-run Maven with the -e switch.
[ERROR] Re-run Maven using the -X switch to enable full debug logging.
[ERROR] 
[ERROR] For more information about the errors and possible solutions, please read the following articles:
[ERROR] [Help 1] http://cwiki.apache.org/confluence/display/MAVEN/MojoExecutionException
