[INFO] Scanning for projects...
[INFO] 
[INFO] ---------------------< com.example:TigoStarSystem >---------------------
[INFO] Building TigoStarSystem 0.0.1-SNAPSHOT
[INFO]   from pom.xml
[INFO] --------------------------------[ jar ]---------------------------------
[INFO] 
[INFO] >>> spring-boot:2.7.18:run (default-cli) > test-compile @ TigoStarSystem >>>
[INFO] 
[INFO] --- resources:3.2.0:resources (default-resources) @ TigoStarSystem ---
[INFO] Using 'UTF-8' encoding to copy filtered resources.
[INFO] Using 'UTF-8' encoding to copy filtered properties files.
[INFO] Copying 2 resources
[INFO] Copying 0 resource
[INFO] 
[INFO] --- compiler:3.10.1:compile (default-compile) @ TigoStarSystem ---
[INFO] Nothing to compile - all classes are up to date
[INFO] 
[INFO] --- resources:3.2.0:testResources (default-testResources) @ TigoStarSystem ---
[INFO] Using 'UTF-8' encoding to copy filtered resources.
[INFO] Using 'UTF-8' encoding to copy filtered properties files.
[INFO] skip non existing resourceDirectory C:\Users\JOSUE CABRERA\Downloads\backot-back01062026\src\test\resources
[INFO] 
[INFO] --- compiler:3.10.1:testCompile (default-testCompile) @ TigoStarSystem ---
[INFO] Nothing to compile - all classes are up to date
[INFO] 
[INFO] <<< spring-boot:2.7.18:run (default-cli) < test-compile @ TigoStarSystem <<<
[INFO] 
[INFO] 
[INFO] --- spring-boot:2.7.18:run (default-cli) @ TigoStarSystem ---
[INFO] Attaching agents: []

  .   ____          _            __ _ _
 /\\ / ___'_ __ _ _(_)_ __  __ _ \ \ \ \
( ( )\___ | '_ | '_| | '_ \/ _` | \ \ \ \
 \\/  ___)| |_)| | | | | || (_| |  ) ) ) )
  '  |____| .__|_| |_|_| |_\__, | / / / /
 =========|_|==============|___/=/_/_/_/
 :: Spring Boot ::               (v2.7.18)

2026-06-23 12:25:25.508  INFO 21044 --- [           main] c.e.T.TigoStarSystemApplication          : Starting TigoStarSystemApplication using Java 21.0.8 on JOSUEUPB with PID 21044 (C:\Users\JOSUE CABRERA\Downloads\backot-back01062026\target\classes started by JOSUE CABRERA in C:\Users\JOSUE CABRERA\Downloads\backot-back01062026)
2026-06-23 12:25:25.512 DEBUG 21044 --- [           main] c.e.T.TigoStarSystemApplication          : Running with Spring Boot v2.7.18, Spring v5.3.31
2026-06-23 12:25:25.513  INFO 21044 --- [           main] c.e.T.TigoStarSystemApplication          : No active profile set, falling back to 1 default profile: "default"
2026-06-23 12:25:25.514 DEBUG 21044 --- [           main] o.s.boot.SpringApplication               : Loading source class com.example.TigoStarSystem.TigoStarSystemApplication
2026-06-23 12:25:25.569 DEBUG 21044 --- [           main] ConfigServletWebServerApplicationContext : Refreshing org.springframework.boot.web.servlet.context.AnnotationConfigServletWebServerApplicationContext@3e0e1046
2026-06-23 12:25:27.137 DEBUG 21044 --- [           main] .s.b.w.e.t.TomcatServletWebServerFactory : Code archive: C:\Users\JOSUE CABRERA\.m2\repository\org\springframework\boot\spring-boot\2.7.18\spring-boot-2.7.18.jar
2026-06-23 12:25:27.138 DEBUG 21044 --- [           main] .s.b.w.e.t.TomcatServletWebServerFactory : Code archive: C:\Users\JOSUE CABRERA\.m2\repository\org\springframework\boot\spring-boot\2.7.18\spring-boot-2.7.18.jar
2026-06-23 12:25:27.139 DEBUG 21044 --- [           main] .s.b.w.e.t.TomcatServletWebServerFactory : None of the document roots [src/main/webapp, public, static] point to a directory and will be ignored.
2026-06-23 12:25:27.166  INFO 21044 --- [           main] o.s.b.w.embedded.tomcat.TomcatWebServer  : Tomcat initialized with port(s): 9060 (http)
2026-06-23 12:25:27.181  INFO 21044 --- [           main] o.apache.catalina.core.StandardService   : Starting service [Tomcat]
2026-06-23 12:25:27.182  INFO 21044 --- [           main] org.apache.catalina.core.StandardEngine  : Starting Servlet engine: [Apache Tomcat/9.0.83]
2026-06-23 12:25:27.332  INFO 21044 --- [           main] o.a.c.c.C.[Tomcat].[localhost].[/]       : Initializing Spring embedded WebApplicationContext
2026-06-23 12:25:27.332 DEBUG 21044 --- [           main] w.s.c.ServletWebServerApplicationContext : Published root WebApplicationContext as ServletContext attribute with name [org.springframework.web.context.WebApplicationContext.ROOT]
2026-06-23 12:25:27.333  INFO 21044 --- [           main] w.s.c.ServletWebServerApplicationContext : Root WebApplicationContext: initialization completed in 1764 ms
2026-06-23 12:25:27.381 DEBUG 21044 --- [           main] o.s.b.w.s.ServletContextInitializerBeans : Mapping filters: filterRegistrationBean urls=[/*] order=-2147483648, characterEncodingFilter urls=[/*] order=-2147483648, formContentFilter urls=[/*] order=-9900, requestContextFilter urls=[/*] order=-105
2026-06-23 12:25:27.382 DEBUG 21044 --- [           main] o.s.b.w.s.ServletContextInitializerBeans : Mapping servlets: dispatcherServlet urls=[/]
2026-06-23 12:25:27.406 DEBUG 21044 --- [           main] o.s.b.w.s.f.OrderedRequestContextFilter  : Filter 'requestContextFilter' configured for use
2026-06-23 12:25:27.406 DEBUG 21044 --- [           main] o.springframework.web.filter.CorsFilter  : Filter 'corsFilter' configured for use
2026-06-23 12:25:27.407 DEBUG 21044 --- [           main] s.b.w.s.f.OrderedCharacterEncodingFilter : Filter 'characterEncodingFilter' configured for use
2026-06-23 12:25:27.408 DEBUG 21044 --- [           main] o.s.b.w.s.f.OrderedFormContentFilter     : Filter 'formContentFilter' configured for use
2026-06-23 12:25:27.438 DEBUG 21044 --- [           main] com.zaxxer.hikari.HikariConfig           : Driver class net.sourceforge.jtds.jdbc.Driver found in Thread context class loader jdk.internal.loader.ClassLoaders$AppClassLoader@70dea4e
2026-06-23 12:25:27.511 DEBUG 21044 --- [           main] com.zaxxer.hikari.HikariConfig           : Driver class net.sourceforge.jtds.jdbc.Driver found in Thread context class loader jdk.internal.loader.ClassLoaders$AppClassLoader@70dea4e
2026-06-23 12:25:27.512 DEBUG 21044 --- [           main] com.zaxxer.hikari.HikariConfig           : CentralHikariPool - configuration:
2026-06-23 12:25:27.514 DEBUG 21044 --- [           main] com.zaxxer.hikari.HikariConfig           : allowPoolSuspension................................false
2026-06-23 12:25:27.515 DEBUG 21044 --- [           main] com.zaxxer.hikari.HikariConfig           : autoCommit................................true
2026-06-23 12:25:27.515 DEBUG 21044 --- [           main] com.zaxxer.hikari.HikariConfig           : catalog................................none
2026-06-23 12:25:27.516 DEBUG 21044 --- [           main] com.zaxxer.hikari.HikariConfig           : connectionInitSql................................none
2026-06-23 12:25:27.516 DEBUG 21044 --- [           main] com.zaxxer.hikari.HikariConfig           : connectionTestQuery................................"SELECT 1"
2026-06-23 12:25:27.517 DEBUG 21044 --- [           main] com.zaxxer.hikari.HikariConfig           : connectionTimeout................................15000
2026-06-23 12:25:27.519 DEBUG 21044 --- [           main] com.zaxxer.hikari.HikariConfig           : dataSource................................none
2026-06-23 12:25:27.520 DEBUG 21044 --- [           main] com.zaxxer.hikari.HikariConfig           : dataSourceClassName................................none
2026-06-23 12:25:27.520 DEBUG 21044 --- [           main] com.zaxxer.hikari.HikariConfig           : dataSourceJNDI................................none
2026-06-23 12:25:27.521 DEBUG 21044 --- [           main] com.zaxxer.hikari.HikariConfig           : dataSourceProperties................................{password=<masked>}
2026-06-23 12:25:27.522 DEBUG 21044 --- [           main] com.zaxxer.hikari.HikariConfig           : driverClassName................................"net.sourceforge.jtds.jdbc.Driver"
2026-06-23 12:25:27.522 DEBUG 21044 --- [           main] com.zaxxer.hikari.HikariConfig           : exceptionOverrideClassName................................none
2026-06-23 12:25:27.523 DEBUG 21044 --- [           main] com.zaxxer.hikari.HikariConfig           : healthCheckProperties................................{}
2026-06-23 12:25:27.523 DEBUG 21044 --- [           main] com.zaxxer.hikari.HikariConfig           : healthCheckRegistry................................none
2026-06-23 12:25:27.524 DEBUG 21044 --- [           main] com.zaxxer.hikari.HikariConfig           : idleTimeout................................300000
2026-06-23 12:25:27.525 DEBUG 21044 --- [           main] com.zaxxer.hikari.HikariConfig           : initializationFailTimeout................................-1
2026-06-23 12:25:27.525 DEBUG 21044 --- [           main] com.zaxxer.hikari.HikariConfig           : isolateInternalQueries................................false
2026-06-23 12:25:27.526 DEBUG 21044 --- [           main] com.zaxxer.hikari.HikariConfig           : jdbcUrl................................jdbc:jtds:sqlserver://172.16.0.13/BDControlOrdenes
2026-06-23 12:25:27.527 DEBUG 21044 --- [           main] com.zaxxer.hikari.HikariConfig           : keepaliveTime................................120000
2026-06-23 12:25:27.527 DEBUG 21044 --- [           main] com.zaxxer.hikari.HikariConfig           : leakDetectionThreshold................................0
2026-06-23 12:25:27.527 DEBUG 21044 --- [           main] com.zaxxer.hikari.HikariConfig           : maxLifetime................................900000
2026-06-23 12:25:27.528 DEBUG 21044 --- [           main] com.zaxxer.hikari.HikariConfig           : maximumPoolSize................................80
2026-06-23 12:25:27.528 DEBUG 21044 --- [           main] com.zaxxer.hikari.HikariConfig           : metricRegistry................................none
2026-06-23 12:25:27.529 DEBUG 21044 --- [           main] com.zaxxer.hikari.HikariConfig           : metricsTrackerFactory................................none
2026-06-23 12:25:27.529 DEBUG 21044 --- [           main] com.zaxxer.hikari.HikariConfig           : minimumIdle................................0
2026-06-23 12:25:27.530 DEBUG 21044 --- [           main] com.zaxxer.hikari.HikariConfig           : password................................<masked>
2026-06-23 12:25:27.530 DEBUG 21044 --- [           main] com.zaxxer.hikari.HikariConfig           : poolName................................"CentralHikariPool"
2026-06-23 12:25:27.531 DEBUG 21044 --- [           main] com.zaxxer.hikari.HikariConfig           : readOnly................................false
2026-06-23 12:25:27.532 DEBUG 21044 --- [           main] com.zaxxer.hikari.HikariConfig           : registerMbeans................................false
2026-06-23 12:25:27.533 DEBUG 21044 --- [           main] com.zaxxer.hikari.HikariConfig           : scheduledExecutor................................none
2026-06-23 12:25:27.533 DEBUG 21044 --- [           main] com.zaxxer.hikari.HikariConfig           : schema................................none
2026-06-23 12:25:27.534 DEBUG 21044 --- [           main] com.zaxxer.hikari.HikariConfig           : threadFactory................................internal
2026-06-23 12:25:27.534 DEBUG 21044 --- [           main] com.zaxxer.hikari.HikariConfig           : transactionIsolation................................default
2026-06-23 12:25:27.534 DEBUG 21044 --- [           main] com.zaxxer.hikari.HikariConfig           : username................................"sistemas"
2026-06-23 12:25:27.534 DEBUG 21044 --- [           main] com.zaxxer.hikari.HikariConfig           : validationTimeout................................5000
2026-06-23 12:25:27.538  INFO 21044 --- [           main] com.zaxxer.hikari.HikariDataSource       : CentralHikariPool - Starting...
2026-06-23 12:25:27.640  INFO 21044 --- [           main] com.zaxxer.hikari.HikariDataSource       : CentralHikariPool - Start completed.
2026-06-23 12:25:27.682 DEBUG 21044 --- [           main] com.zaxxer.hikari.HikariConfig           : Driver class net.sourceforge.jtds.jdbc.Driver found in Thread context class loader jdk.internal.loader.ClassLoaders$AppClassLoader@70dea4e
2026-06-23 12:25:27.683 DEBUG 21044 --- [           main] com.zaxxer.hikari.HikariConfig           : TigoHogarHikariPool - configuration:
2026-06-23 12:25:27.684 DEBUG 21044 --- [           main] com.zaxxer.hikari.HikariConfig           : allowPoolSuspension................................false
2026-06-23 12:25:27.685 DEBUG 21044 --- [           main] com.zaxxer.hikari.HikariConfig           : autoCommit................................true
2026-06-23 12:25:27.686 DEBUG 21044 --- [           main] com.zaxxer.hikari.HikariConfig           : catalog................................none
2026-06-23 12:25:27.686 DEBUG 21044 --- [           main] com.zaxxer.hikari.HikariConfig           : connectionInitSql................................none
2026-06-23 12:25:27.686 DEBUG 21044 --- [           main] com.zaxxer.hikari.HikariConfig           : connectionTestQuery................................"SELECT 1"
2026-06-23 12:25:27.687 DEBUG 21044 --- [           main] com.zaxxer.hikari.HikariConfig           : connectionTimeout................................15000
2026-06-23 12:25:27.687 DEBUG 21044 --- [           main] com.zaxxer.hikari.HikariConfig           : dataSource................................none
2026-06-23 12:25:27.687 DEBUG 21044 --- [           main] com.zaxxer.hikari.HikariConfig           : dataSourceClassName................................none
2026-06-23 12:25:27.687 DEBUG 21044 --- [           main] com.zaxxer.hikari.HikariConfig           : dataSourceJNDI................................none
2026-06-23 12:25:27.688 DEBUG 21044 --- [           main] com.zaxxer.hikari.HikariConfig           : dataSourceProperties................................{password=<masked>}
2026-06-23 12:25:27.688 DEBUG 21044 --- [           main] com.zaxxer.hikari.HikariConfig           : driverClassName................................"net.sourceforge.jtds.jdbc.Driver"
2026-06-23 12:25:27.688 DEBUG 21044 --- [           main] com.zaxxer.hikari.HikariConfig           : exceptionOverrideClassName................................none
2026-06-23 12:25:27.688 DEBUG 21044 --- [           main] com.zaxxer.hikari.HikariConfig           : healthCheckProperties................................{}
2026-06-23 12:25:27.689 DEBUG 21044 --- [           main] com.zaxxer.hikari.HikariConfig           : healthCheckRegistry................................none
2026-06-23 12:25:27.689 DEBUG 21044 --- [           main] com.zaxxer.hikari.HikariConfig           : idleTimeout................................300000
2026-06-23 12:25:27.689 DEBUG 21044 --- [           main] com.zaxxer.hikari.HikariConfig           : initializationFailTimeout................................-1
2026-06-23 12:25:27.690 DEBUG 21044 --- [           main] com.zaxxer.hikari.HikariConfig           : isolateInternalQueries................................false
2026-06-23 12:25:27.690 DEBUG 21044 --- [           main] com.zaxxer.hikari.HikariConfig           : jdbcUrl................................jdbc:jtds:sqlserver://181.188.148.59/BD_TigoHogar
2026-06-23 12:25:27.690 DEBUG 21044 --- [           main] com.zaxxer.hikari.HikariConfig           : keepaliveTime................................120000
2026-06-23 12:25:27.691 DEBUG 21044 --- [           main] com.zaxxer.hikari.HikariConfig           : leakDetectionThreshold................................0
2026-06-23 12:25:27.691 DEBUG 21044 --- [           main] com.zaxxer.hikari.HikariConfig           : maxLifetime................................900000
2026-06-23 12:25:27.691 DEBUG 21044 --- [           main] com.zaxxer.hikari.HikariConfig           : maximumPoolSize................................10
2026-06-23 12:25:27.692 DEBUG 21044 --- [           main] com.zaxxer.hikari.HikariConfig           : metricRegistry................................none
2026-06-23 12:25:27.693 DEBUG 21044 --- [           main] com.zaxxer.hikari.HikariConfig           : metricsTrackerFactory................................none
2026-06-23 12:25:27.693 DEBUG 21044 --- [           main] com.zaxxer.hikari.HikariConfig           : minimumIdle................................0
2026-06-23 12:25:27.693 DEBUG 21044 --- [           main] com.zaxxer.hikari.HikariConfig           : password................................<masked>
2026-06-23 12:25:27.693 DEBUG 21044 --- [           main] com.zaxxer.hikari.HikariConfig           : poolName................................"TigoHogarHikariPool"
2026-06-23 12:25:27.693 DEBUG 21044 --- [           main] com.zaxxer.hikari.HikariConfig           : readOnly................................false
2026-06-23 12:25:27.694 DEBUG 21044 --- [           main] com.zaxxer.hikari.HikariConfig           : registerMbeans................................false
2026-06-23 12:25:27.694 DEBUG 21044 --- [           main] com.zaxxer.hikari.HikariConfig           : scheduledExecutor................................none
2026-06-23 12:25:27.694 DEBUG 21044 --- [           main] com.zaxxer.hikari.HikariConfig           : schema................................none
2026-06-23 12:25:27.694 DEBUG 21044 --- [           main] com.zaxxer.hikari.HikariConfig           : threadFactory................................internal
2026-06-23 12:25:27.695 DEBUG 21044 --- [           main] com.zaxxer.hikari.HikariConfig           : transactionIsolation................................default
2026-06-23 12:25:27.695 DEBUG 21044 --- [           main] com.zaxxer.hikari.HikariConfig           : username................................"lolivares"
2026-06-23 12:25:27.695 DEBUG 21044 --- [           main] com.zaxxer.hikari.HikariConfig           : validationTimeout................................5000
2026-06-23 12:25:27.696  INFO 21044 --- [           main] com.zaxxer.hikari.HikariDataSource       : TigoHogarHikariPool - Starting...
2026-06-23 12:25:27.696  INFO 21044 --- [           main] com.zaxxer.hikari.HikariDataSource       : TigoHogarHikariPool - Start completed.
2026-06-23 12:25:27.746 DEBUG 21044 --- [ool housekeeper] com.zaxxer.hikari.pool.HikariPool        : CentralHikariPool - Before cleanup stats (total=0, active=0, idle=0, waiting=0)
2026-06-23 12:25:27.747 DEBUG 21044 --- [ool housekeeper] com.zaxxer.hikari.pool.HikariPool        : CentralHikariPool - After cleanup  stats (total=0, active=0, idle=0, waiting=0)
2026-06-23 12:25:27.748 DEBUG 21044 --- [ool housekeeper] com.zaxxer.hikari.pool.HikariPool        : CentralHikariPool - Fill pool skipped, pool is at sufficient level.
2026-06-23 12:25:27.809 DEBUG 21044 --- [ool housekeeper] com.zaxxer.hikari.pool.HikariPool        : TigoHogarHikariPool - Before cleanup stats (total=0, active=0, idle=0, waiting=0)
2026-06-23 12:25:27.810 DEBUG 21044 --- [ool housekeeper] com.zaxxer.hikari.pool.HikariPool        : TigoHogarHikariPool - After cleanup  stats (total=0, active=0, idle=0, waiting=0)
2026-06-23 12:25:27.810 DEBUG 21044 --- [ool housekeeper] com.zaxxer.hikari.pool.HikariPool        : TigoHogarHikariPool - Fill pool skipped, pool is at sufficient level.
2026-06-23 12:25:28.211 DEBUG 21044 --- [           main] o.s.b.a.AutoConfigurationPackages        : @EnableAutoConfiguration was declared on a class in the package 'com.example.TigoStarSystem'. Automatic @Repository and @Entity scanning is enabled.
2026-06-23 12:25:28.287 DEBUG 21044 --- [           main] s.w.s.m.m.a.RequestMappingHandlerAdapter : ControllerAdvice beans: 0 @ModelAttribute, 0 @InitBinder, 1 RequestBodyAdvice, 1 ResponseBodyAdvice
2026-06-23 12:25:28.396 DEBUG 21044 --- [           main] s.w.s.m.m.a.RequestMappingHandlerMapping : 152 mappings in 'requestMappingHandlerMapping'
2026-06-23 12:25:28.413 DEBUG 21044 --- [           main] o.s.w.s.handler.SimpleUrlHandlerMapping  : Patterns [/webjars/**, /**, /swagger-ui*/*swagger-initializer.js, /swagger-ui*/**] in 'resourceHandlerMapping'
2026-06-23 12:25:28.423 DEBUG 21044 --- [           main] .m.m.a.ExceptionHandlerExceptionResolver : ControllerAdvice beans: 2 @ExceptionHandler, 1 ResponseBodyAdvice
2026-06-23 12:25:28.592  INFO 21044 --- [           main] o.s.b.w.embedded.tomcat.TomcatWebServer  : Tomcat started on port(s): 9060 (http) with context path ''
2026-06-23 12:25:28.605 DEBUG 21044 --- [           main] ConditionEvaluationReportLoggingListener : 


============================
CONDITIONS EVALUATION REPORT
============================


Positive matches:
-----------------

   AopAutoConfiguration matched:
      - @ConditionalOnProperty (spring.aop.auto=true) matched (OnPropertyCondition)

   AopAutoConfiguration.ClassProxyingConfiguration matched:
      - @ConditionalOnMissingClass did not find unwanted class 'org.aspectj.weaver.Advice' (OnClassCondition)
      - @ConditionalOnProperty (spring.aop.proxy-target-class=true) matched (OnPropertyCondition)

   ApplicationAvailabilityAutoConfiguration#applicationAvailability matched:
      - @ConditionalOnMissingBean (types: org.springframework.boot.availability.ApplicationAvailability; SearchStrategy: all) did not find any beans (OnBeanCondition)

   DataSourceAutoConfiguration matched:
      - @ConditionalOnClass found required classes 'javax.sql.DataSource', 'org.springframework.jdbc.datasource.embedded.EmbeddedDatabaseType' (OnClassCondition)
      - @ConditionalOnMissingBean (types: io.r2dbc.spi.ConnectionFactory; SearchStrategy: all) did not find any beans (OnBeanCondition)

   DataSourceAutoConfiguration.PooledDataSourceConfiguration matched:
      - AnyNestedCondition 1 matched 1 did not; NestedCondition on DataSourceAutoConfiguration.PooledDataSourceCondition.PooledDataSourceAvailable PooledDataSource found supported DataSource; NestedCondition on DataSourceAutoConfiguration.PooledDataSourceCondition.ExplicitType @ConditionalOnProperty (spring.datasource.type) did not find property 'type' (DataSourceAutoConfiguration.PooledDataSourceCondition)
      - @ConditionalOnMissingBean (types: javax.sql.DataSource,javax.sql.XADataSource; SearchStrategy: all) did not find any beans (OnBeanCondition)

   DataSourceConfiguration.Hikari matched:
      - @ConditionalOnClass found required class 'com.zaxxer.hikari.HikariDataSource' (OnClassCondition)
      - @ConditionalOnProperty (spring.datasource.type=com.zaxxer.hikari.HikariDataSource) matched (OnPropertyCondition)
      - @ConditionalOnMissingBean (types: javax.sql.DataSource; SearchStrategy: all) did not find any beans (OnBeanCondition)

   DataSourceInitializationConfiguration matched:
      - @ConditionalOnClass found required class 'org.springframework.jdbc.datasource.init.DatabasePopulator' (OnClassCondition)
      - @ConditionalOnSingleCandidate (types: javax.sql.DataSource; SearchStrategy: all) found a single bean 'dataSource'; @ConditionalOnMissingBean (types: org.springframework.boot.autoconfigure.sql.init.SqlDataSourceScriptDatabaseInitializer,org.springframework.boot.autoconfigure.sql.init.SqlR2dbcScriptDatabaseInitializer; SearchStrategy: all) did not find any beans (OnBeanCondition)

   DataSourceJmxConfiguration matched:
      - @ConditionalOnProperty (spring.jmx.enabled=true) matched (OnPropertyCondition)

   DataSourceJmxConfiguration.Hikari matched:
      - @ConditionalOnClass found required class 'com.zaxxer.hikari.HikariDataSource' (OnClassCondition)
      - @ConditionalOnSingleCandidate (types: javax.sql.DataSource; SearchStrategy: all) found a single bean 'dataSource' (OnBeanCondition)

   DataSourcePoolMetadataProvidersConfiguration.HikariPoolDataSourceMetadataProviderConfiguration matched:
      - @ConditionalOnClass found required class 'com.zaxxer.hikari.HikariDataSource' (OnClassCondition)

   DataSourceTransactionManagerAutoConfiguration matched:
      - @ConditionalOnClass found required classes 'org.springframework.jdbc.core.JdbcTemplate', 'org.springframework.transaction.TransactionManager' (OnClassCondition)

   DataSourceTransactionManagerAutoConfiguration.JdbcTransactionManagerConfiguration matched:
      - @ConditionalOnSingleCandidate (types: javax.sql.DataSource; SearchStrategy: all) found a single bean 'dataSource' (OnBeanCondition)

   DataSourceTransactionManagerAutoConfiguration.JdbcTransactionManagerConfiguration#transactionManager matched:
      - @ConditionalOnMissingBean (types: org.springframework.transaction.TransactionManager; SearchStrategy: all) did not find any beans (OnBeanCondition)

   DispatcherServletAutoConfiguration matched:
      - @ConditionalOnClass found required class 'org.springframework.web.servlet.DispatcherServlet' (OnClassCondition)
      - found 'session' scope (OnWebApplicationCondition)

   DispatcherServletAutoConfiguration.DispatcherServletConfiguration matched:
      - @ConditionalOnClass found required class 'javax.servlet.ServletRegistration' (OnClassCondition)
      - Default DispatcherServlet did not find dispatcher servlet beans (DispatcherServletAutoConfiguration.DefaultDispatcherServletCondition)

   DispatcherServletAutoConfiguration.DispatcherServletRegistrationConfiguration matched:
      - @ConditionalOnClass found required class 'javax.servlet.ServletRegistration' (OnClassCondition)
      - DispatcherServlet Registration did not find servlet registration bean (DispatcherServletAutoConfiguration.DispatcherServletRegistrationCondition)

   DispatcherServletAutoConfiguration.DispatcherServletRegistrationConfiguration#dispatcherServletRegistration matched:
      - @ConditionalOnBean (names: dispatcherServlet types: org.springframework.web.servlet.DispatcherServlet; SearchStrategy: all) found bean 'dispatcherServlet' (OnBeanCondition)

   EmbeddedWebServerFactoryCustomizerAutoConfiguration matched:
      - @ConditionalOnWebApplication (required) found 'session' scope (OnWebApplicationCondition)
      - @ConditionalOnWarDeployment the application is not deployed as a WAR file. (OnWarDeploymentCondition)

   EmbeddedWebServerFactoryCustomizerAutoConfiguration.TomcatWebServerFactoryCustomizerConfiguration matched:
      - @ConditionalOnClass found required classes 'org.apache.catalina.startup.Tomcat', 'org.apache.coyote.UpgradeProtocol' (OnClassCondition)

   ErrorMvcAutoConfiguration matched:
      - @ConditionalOnClass found required classes 'javax.servlet.Servlet', 'org.springframework.web.servlet.DispatcherServlet' (OnClassCondition)
      - found 'session' scope (OnWebApplicationCondition)

   ErrorMvcAutoConfiguration#basicErrorController matched:
      - @ConditionalOnMissingBean (types: org.springframework.boot.web.servlet.error.ErrorController; SearchStrategy: current) did not find any beans (OnBeanCondition)

   ErrorMvcAutoConfiguration#errorAttributes matched:
      - @ConditionalOnMissingBean (types: org.springframework.boot.web.servlet.error.ErrorAttributes; SearchStrategy: current) did not find any beans (OnBeanCondition)

   ErrorMvcAutoConfiguration.DefaultErrorViewResolverConfiguration#conventionErrorViewResolver matched:
      - @ConditionalOnBean (types: org.springframework.web.servlet.DispatcherServlet; SearchStrategy: all) found bean 'dispatcherServlet'; @ConditionalOnMissingBean (types: org.springframework.boot.autoconfigure.web.servlet.error.ErrorViewResolver; SearchStrategy: all) did not find any beans (OnBeanCondition)

   ErrorMvcAutoConfiguration.WhitelabelErrorViewConfiguration matched:
      - @ConditionalOnProperty (server.error.whitelabel.enabled) matched (OnPropertyCondition)
      - ErrorTemplate Missing did not find error template view (ErrorMvcAutoConfiguration.ErrorTemplateMissingCondition)

   ErrorMvcAutoConfiguration.WhitelabelErrorViewConfiguration#beanNameViewResolver matched:
      - @ConditionalOnMissingBean (types: org.springframework.web.servlet.view.BeanNameViewResolver; SearchStrategy: all) did not find any beans (OnBeanCondition)

   ErrorMvcAutoConfiguration.WhitelabelErrorViewConfiguration#defaultErrorView matched:
      - @ConditionalOnMissingBean (names: error; SearchStrategy: all) did not find any beans (OnBeanCondition)

   GenericCacheConfiguration matched:
      - Cache org.springframework.boot.autoconfigure.cache.GenericCacheConfiguration automatic cache type (CacheCondition)

   HttpEncodingAutoConfiguration matched:
      - @ConditionalOnClass found required class 'org.springframework.web.filter.CharacterEncodingFilter' (OnClassCondition)
      - found 'session' scope (OnWebApplicationCondition)
      - @ConditionalOnProperty (server.servlet.encoding.enabled) matched (OnPropertyCondition)

   HttpEncodingAutoConfiguration#characterEncodingFilter matched:
      - @ConditionalOnMissingBean (types: org.springframework.web.filter.CharacterEncodingFilter; SearchStrategy: all) did not find any beans (OnBeanCondition)

   HttpMessageConvertersAutoConfiguration matched:
      - @ConditionalOnClass found required class 'org.springframework.http.converter.HttpMessageConverter' (OnClassCondition)
      - NoneNestedConditions 0 matched 1 did not; NestedCondition on HttpMessageConvertersAutoConfiguration.NotReactiveWebApplicationCondition.ReactiveWebApplication did not find reactive web application classes (HttpMessageConvertersAutoConfiguration.NotReactiveWebApplicationCondition)

   HttpMessageConvertersAutoConfiguration#messageConverters matched:
      - @ConditionalOnMissingBean (types: org.springframework.boot.autoconfigure.http.HttpMessageConverters; SearchStrategy: all) did not find any beans (OnBeanCondition)

   HttpMessageConvertersAutoConfiguration.StringHttpMessageConverterConfiguration matched:
      - @ConditionalOnClass found required class 'org.springframework.http.converter.StringHttpMessageConverter' (OnClassCondition)

   HttpMessageConvertersAutoConfiguration.StringHttpMessageConverterConfiguration#stringHttpMessageConverter matched:
      - @ConditionalOnMissingBean (types: org.springframework.http.converter.StringHttpMessageConverter; SearchStrategy: all) did not find any beans (OnBeanCondition)

   JacksonAutoConfiguration matched:
      - @ConditionalOnClass found required class 'com.fasterxml.jackson.databind.ObjectMapper' (OnClassCondition)

   JacksonAutoConfiguration.Jackson2ObjectMapperBuilderCustomizerConfiguration matched:
      - @ConditionalOnClass found required class 'org.springframework.http.converter.json.Jackson2ObjectMapperBuilder' (OnClassCondition)

   JacksonAutoConfiguration.JacksonObjectMapperBuilderConfiguration matched:
      - @ConditionalOnClass found required class 'org.springframework.http.converter.json.Jackson2ObjectMapperBuilder' (OnClassCondition)

   JacksonAutoConfiguration.JacksonObjectMapperBuilderConfiguration#jacksonObjectMapperBuilder matched:
      - @ConditionalOnMissingBean (types: org.springframework.http.converter.json.Jackson2ObjectMapperBuilder; SearchStrategy: all) did not find any beans (OnBeanCondition)

   JacksonAutoConfiguration.JacksonObjectMapperConfiguration matched:
      - @ConditionalOnClass found required class 'org.springframework.http.converter.json.Jackson2ObjectMapperBuilder' (OnClassCondition)

   JacksonAutoConfiguration.JacksonObjectMapperConfiguration#jacksonObjectMapper matched:
      - @ConditionalOnMissingBean (types: com.fasterxml.jackson.databind.ObjectMapper; SearchStrategy: all) did not find any beans (OnBeanCondition)

   JacksonAutoConfiguration.ParameterNamesModuleConfiguration matched:
      - @ConditionalOnClass found required class 'com.fasterxml.jackson.module.paramnames.ParameterNamesModule' (OnClassCondition)

   JacksonAutoConfiguration.ParameterNamesModuleConfiguration#parameterNamesModule matched:
      - @ConditionalOnMissingBean (types: com.fasterxml.jackson.module.paramnames.ParameterNamesModule; SearchStrategy: all) did not find any beans (OnBeanCondition)

   JacksonHttpMessageConvertersConfiguration.MappingJackson2HttpMessageConverterConfiguration matched:
      - @ConditionalOnClass found required class 'com.fasterxml.jackson.databind.ObjectMapper' (OnClassCondition)
      - @ConditionalOnProperty (spring.mvc.converters.preferred-json-mapper=jackson) matched (OnPropertyCondition)
      - @ConditionalOnBean (types: com.fasterxml.jackson.databind.ObjectMapper; SearchStrategy: all) found bean 'jacksonObjectMapper' (OnBeanCondition)

   JacksonHttpMessageConvertersConfiguration.MappingJackson2HttpMessageConverterConfiguration#mappingJackson2HttpMessageConverter matched:
      - @ConditionalOnMissingBean (types: org.springframework.http.converter.json.MappingJackson2HttpMessageConverter ignored: org.springframework.hateoas.server.mvc.TypeConstrainedMappingJackson2HttpMessageConverter,org.springframework.data.rest.webmvc.alps.AlpsJsonHttpMessageConverter; SearchStrategy: all) did not find any beans (OnBeanCondition)

   JdbcTemplateAutoConfiguration matched:
      - @ConditionalOnClass found required classes 'javax.sql.DataSource', 'org.springframework.jdbc.core.JdbcTemplate' (OnClassCondition)
      - @ConditionalOnSingleCandidate (types: javax.sql.DataSource; SearchStrategy: all) found a single bean 'dataSource' (OnBeanCondition)

   LifecycleAutoConfiguration#defaultLifecycleProcessor matched:
      - @ConditionalOnMissingBean (names: lifecycleProcessor; SearchStrategy: current) did not find any beans (OnBeanCondition)

   MailSenderAutoConfiguration matched:
      - @ConditionalOnClass found required classes 'javax.mail.internet.MimeMessage', 'javax.activation.MimeType', 'org.springframework.mail.MailSender' (OnClassCondition)
      - AnyNestedCondition 1 matched 1 did not; NestedCondition on MailSenderAutoConfiguration.MailSenderCondition.JndiNameProperty @ConditionalOnProperty (spring.mail.jndi-name) did not find property 'jndi-name'; NestedCondition on MailSenderAutoConfiguration.MailSenderCondition.HostProperty @ConditionalOnProperty (spring.mail.host) matched (MailSenderAutoConfiguration.MailSenderCondition)
      - @ConditionalOnMissingBean (types: org.springframework.mail.MailSender; SearchStrategy: all) did not find any beans (OnBeanCondition)

   MailSenderPropertiesConfiguration matched:
      - @ConditionalOnProperty (spring.mail.host) matched (OnPropertyCondition)

   MailSenderPropertiesConfiguration#mailSender matched:
      - @ConditionalOnMissingBean (types: org.springframework.mail.javamail.JavaMailSender; SearchStrategy: all) did not find any beans (OnBeanCondition)

   MultipartAutoConfiguration matched:
      - @ConditionalOnClass found required classes 'javax.servlet.Servlet', 'org.springframework.web.multipart.support.StandardServletMultipartResolver', 'javax.servlet.MultipartConfigElement' (OnClassCondition)
      - found 'session' scope (OnWebApplicationCondition)
      - @ConditionalOnProperty (spring.servlet.multipart.enabled) matched (OnPropertyCondition)

   MultipartAutoConfiguration#multipartConfigElement matched:
      - @ConditionalOnMissingBean (types: javax.servlet.MultipartConfigElement,org.springframework.web.multipart.commons.CommonsMultipartResolver; SearchStrategy: all) did not find any beans (OnBeanCondition)

   MultipartAutoConfiguration#multipartResolver matched:
      - @ConditionalOnMissingBean (types: org.springframework.web.multipart.MultipartResolver; SearchStrategy: all) did not find any beans (OnBeanCondition)

   NamedParameterJdbcTemplateConfiguration matched:
      - @ConditionalOnSingleCandidate (types: org.springframework.jdbc.core.JdbcTemplate; SearchStrategy: all) found a single primary bean 'jdbcTemplate' from beans 'jdbcTemplate', 'tigohogarJdbcTemplate', 'centralJdbcTemplate'; @ConditionalOnMissingBean (types: org.springframework.jdbc.core.namedparam.NamedParameterJdbcOperations; SearchStrategy: all) did not find any beans (OnBeanCondition)

   NoOpCacheConfiguration matched:
      - Cache org.springframework.boot.autoconfigure.cache.NoOpCacheConfiguration automatic cache type (CacheCondition)

   PersistenceExceptionTranslationAutoConfiguration matched:
      - @ConditionalOnClass found required class 'org.springframework.dao.annotation.PersistenceExceptionTranslationPostProcessor' (OnClassCondition)

   PersistenceExceptionTranslationAutoConfiguration#persistenceExceptionTranslationPostProcessor matched:
      - @ConditionalOnProperty (spring.dao.exceptiontranslation.enabled) matched (OnPropertyCondition)
      - @ConditionalOnMissingBean (types: org.springframework.dao.annotation.PersistenceExceptionTranslationPostProcessor; SearchStrategy: all) did not find any beans (OnBeanCondition)

   PropertyPlaceholderAutoConfiguration#propertySourcesPlaceholderConfigurer matched:
      - @ConditionalOnMissingBean (types: org.springframework.context.support.PropertySourcesPlaceholderConfigurer; SearchStrategy: current) did not find any beans (OnBeanCondition)

   RestTemplateAutoConfiguration matched:
      - @ConditionalOnClass found required class 'org.springframework.web.client.RestTemplate' (OnClassCondition)
      - NoneNestedConditions 0 matched 1 did not; NestedCondition on RestTemplateAutoConfiguration.NotReactiveWebApplicationCondition.ReactiveWebApplication did not find reactive web application classes (RestTemplateAutoConfiguration.NotReactiveWebApplicationCondition)

   RestTemplateAutoConfiguration#restTemplateBuilder matched:
      - @ConditionalOnMissingBean (types: org.springframework.boot.web.client.RestTemplateBuilder; SearchStrategy: all) did not find any beans (OnBeanCondition)

   RestTemplateAutoConfiguration#restTemplateBuilderConfigurer matched:
      - @ConditionalOnMissingBean (types: org.springframework.boot.autoconfigure.web.client.RestTemplateBuilderConfigurer; SearchStrategy: all) did not find any beans (OnBeanCondition)

   ServletWebServerFactoryAutoConfiguration matched:
      - @ConditionalOnClass found required class 'javax.servlet.ServletRequest' (OnClassCondition)
      - found 'session' scope (OnWebApplicationCondition)

   ServletWebServerFactoryAutoConfiguration#tomcatServletWebServerFactoryCustomizer matched:
      - @ConditionalOnClass found required class 'org.apache.catalina.startup.Tomcat' (OnClassCondition)

   ServletWebServerFactoryConfiguration.EmbeddedTomcat matched:
      - @ConditionalOnClass found required classes 'javax.servlet.Servlet', 'org.apache.catalina.startup.Tomcat', 'org.apache.coyote.UpgradeProtocol' (OnClassCondition)
      - @ConditionalOnMissingBean (types: org.springframework.boot.web.servlet.server.ServletWebServerFactory; SearchStrategy: current) did not find any beans (OnBeanCondition)

   SimpleCacheConfiguration matched:
      - Cache org.springframework.boot.autoconfigure.cache.SimpleCacheConfiguration automatic cache type (CacheCondition)

   SpringDocConfigProperties matched:
      - @ConditionalOnProperty (springdoc.api-docs.enabled) matched (OnPropertyCondition)

   SpringDocConfiguration matched:
      - @ConditionalOnWebApplication (required) found 'session' scope (OnWebApplicationCondition)
      - @ConditionalOnProperty (springdoc.api-docs.enabled) matched (OnPropertyCondition)

   SpringDocConfiguration#fileSupportConverter matched:
      - @ConditionalOnMissingBean (types: org.springdoc.core.converters.FileSupportConverter; SearchStrategy: all) did not find any beans (OnBeanCondition)

   SpringDocConfiguration#openAPIBuilder matched:
      - @ConditionalOnMissingBean (types: org.springdoc.core.OpenAPIService; SearchStrategy: all) did not find any beans (OnBeanCondition)

   SpringDocConfiguration#operationBuilder matched:
      - @ConditionalOnMissingBean (types: org.springdoc.core.OperationService; SearchStrategy: all) did not find any beans (OnBeanCondition)

   SpringDocConfiguration#parameterBuilder matched:
      - @ConditionalOnMissingBean (types: org.springdoc.core.GenericParameterService; SearchStrategy: all) did not find any beans (OnBeanCondition)

   SpringDocConfiguration#polymorphicModelConverter matched:
      - @ConditionalOnProperty (springdoc.model-converters.polymorphic-converter.enabled) matched (OnPropertyCondition)
      - @ConditionalOnMissingBean (types: org.springdoc.core.converters.PolymorphicModelConverter; SearchStrategy: all) did not find any beans (OnBeanCondition)

   SpringDocConfiguration#requestBodyBuilder matched:
      - @ConditionalOnMissingBean (types: org.springdoc.core.RequestBodyService; SearchStrategy: all) did not find any beans (OnBeanCondition)

   SpringDocConfiguration#responseSupportConverter matched:
      - @ConditionalOnMissingBean (types: org.springdoc.core.converters.ResponseSupportConverter; SearchStrategy: all) did not find any beans (OnBeanCondition)

   SpringDocConfiguration#schemaPropertyDeprecatingConverter matched:
      - @ConditionalOnProperty (springdoc.model-converters.deprecating-converter.enabled) matched (OnPropertyCondition)
      - @ConditionalOnMissingBean (types: org.springdoc.core.converters.SchemaPropertyDeprecatingConverter; SearchStrategy: all) did not find any beans (OnBeanCondition)

   SpringDocConfiguration#securityParser matched:
      - @ConditionalOnMissingBean (types: org.springdoc.core.SecurityService; SearchStrategy: all) did not find any beans (OnBeanCondition)

   SpringDocConfiguration#springDocCustomizers matched:
      - @ConditionalOnMissingBean (types: org.springdoc.core.customizers.SpringDocCustomizers; SearchStrategy: all) did not find any beans (OnBeanCondition)

   SpringDocConfiguration#springDocObjectMapperProvider matched:
      - @ConditionalOnMissingBean (types: org.springdoc.core.providers.ObjectMapperProvider; SearchStrategy: all) did not find any beans (OnBeanCondition)

   SpringDocConfiguration#springDocProviders matched:
      - @ConditionalOnMissingBean (types: org.springdoc.core.SpringDocProviders; SearchStrategy: all) did not find any beans (OnBeanCondition)

   SpringDocConfiguration.SpringDocSpringDataWebPropertiesProvider matched:
      - @ConditionalOnClass found required class 'org.springframework.boot.autoconfigure.data.web.SpringDataWebProperties' (OnClassCondition)

   SpringDocConfiguration.SpringDocSpringDataWebPropertiesProvider#springDataWebPropertiesProvider matched:
      - @ConditionalOnMissingBean (types: org.springdoc.core.providers.SpringDataWebPropertiesProvider; SearchStrategy: all) did not find any beans (OnBeanCondition)

   SpringDocConfiguration.WebConversionServiceConfiguration matched:
      - @ConditionalOnClass found required class 'org.springframework.boot.autoconfigure.web.format.WebConversionService' (OnClassCondition)

   SpringDocUIConfiguration matched:
      - @ConditionalOnWebApplication (required) found 'session' scope (OnWebApplicationCondition)
      - @ConditionalOnExpression (#{${springdoc.api-docs.enabled:true}}) resulted in true (OnExpressionCondition)
      - @ConditionalOnBean (types: org.springdoc.core.SpringDocConfiguration; SearchStrategy: all) found bean 'org.springdoc.core.SpringDocConfiguration' (OnBeanCondition)

   SpringDocWebMvcConfiguration matched:
      - found 'session' scope (OnWebApplicationCondition)
      - @ConditionalOnProperty (springdoc.api-docs.enabled) matched (OnPropertyCondition)
      - @ConditionalOnBean (types: org.springdoc.core.SpringDocConfiguration; SearchStrategy: all) found bean 'org.springdoc.core.SpringDocConfiguration' (OnBeanCondition)

   SpringDocWebMvcConfiguration#openApiResource matched:
      - @ConditionalOnProperty (springdoc.use-management-port=false) matched (OnPropertyCondition)
      - @ConditionalOnMissingBean (types: org.springdoc.webmvc.api.OpenApiWebMvcResource; SearchStrategy: all) did not find any beans (OnBeanCondition)

   SpringDocWebMvcConfiguration#requestBuilder matched:
      - @ConditionalOnMissingBean (types: org.springdoc.webmvc.core.RequestService; SearchStrategy: all) did not find any beans (OnBeanCondition)

   SpringDocWebMvcConfiguration#responseBuilder matched:
      - @ConditionalOnMissingBean (types: org.springdoc.core.GenericResponseService; SearchStrategy: all) did not find any beans (OnBeanCondition)

   SpringDocWebMvcConfiguration#springWebProvider matched:
      - @ConditionalOnMissingBean (types: org.springdoc.core.providers.SpringWebProvider; SearchStrategy: all) did not find any beans (OnBeanCondition)

   SpringDocWebMvcConfiguration.SpringDocWebMvcRouterConfiguration matched:
      - @ConditionalOnClass found required class 'org.springframework.web.servlet.function.RouterFunction' (OnClassCondition)

   SpringDocWebMvcConfiguration.SpringDocWebMvcRouterConfiguration#routerFunctionProvider matched:
      - @ConditionalOnMissingBean (types: org.springdoc.webmvc.core.RouterFunctionWebMvcProvider; SearchStrategy: all) did not find any beans (OnBeanCondition)

   SqlInitializationAutoConfiguration matched:
      - @ConditionalOnProperty (spring.sql.init.enabled) matched (OnPropertyCondition)
      - NoneNestedConditions 0 matched 1 did not; NestedCondition on SqlInitializationAutoConfiguration.SqlInitializationModeCondition.ModeIsNever @ConditionalOnProperty (spring.sql.init.mode=never) did not find property 'mode' (SqlInitializationAutoConfiguration.SqlInitializationModeCondition)

   SwaggerConfig matched:
      - found 'session' scope (OnWebApplicationCondition)
      - @ConditionalOnProperty (springdoc.swagger-ui.enabled) matched (OnPropertyCondition)
      - @ConditionalOnBean (types: org.springdoc.core.SpringDocConfiguration; SearchStrategy: all) found bean 'org.springdoc.core.SpringDocConfiguration' (OnBeanCondition)

   SwaggerConfig#indexPageTransformer matched:
      - @ConditionalOnMissingBean (types: org.springdoc.webmvc.ui.SwaggerIndexTransformer; SearchStrategy: all) did not find any beans (OnBeanCondition)

   SwaggerConfig#swaggerConfigResource matched:
      - @ConditionalOnProperty (springdoc.use-management-port=false) matched (OnPropertyCondition)
      - @ConditionalOnMissingBean (types: org.springdoc.webmvc.ui.SwaggerConfigResource; SearchStrategy: all) did not find any beans (OnBeanCondition)

   SwaggerConfig#swaggerResourceResolver matched:
      - @ConditionalOnMissingBean (types: org.springdoc.webmvc.ui.SwaggerResourceResolver; SearchStrategy: all) did not find any beans (OnBeanCondition)

   SwaggerConfig#swaggerWebMvcConfigurer matched:
      - @ConditionalOnMissingBean (types: org.springdoc.webmvc.ui.SwaggerWebMvcConfigurer; SearchStrategy: all) did not find any beans (OnBeanCondition)

   SwaggerConfig#swaggerWelcome matched:
      - @ConditionalOnProperty (springdoc.use-management-port=false) matched (OnPropertyCondition)
      - @ConditionalOnMissingBean (types: org.springdoc.webmvc.ui.SwaggerWelcomeWebMvc; SearchStrategy: all) did not find any beans (OnBeanCondition)

   SwaggerUiConfigParameters matched:
      - @ConditionalOnProperty (springdoc.swagger-ui.enabled) matched (OnPropertyCondition)
      - @ConditionalOnBean (types: org.springdoc.core.SpringDocConfiguration; SearchStrategy: all) found bean 'org.springdoc.core.SpringDocConfiguration' (OnBeanCondition)

   SwaggerUiConfigProperties matched:
      - @ConditionalOnProperty (springdoc.swagger-ui.enabled) matched (OnPropertyCondition)
      - @ConditionalOnBean (types: org.springdoc.core.SpringDocConfiguration; SearchStrategy: all) found bean 'org.springdoc.core.SpringDocConfiguration' (OnBeanCondition)

   SwaggerUiOAuthProperties matched:
      - @ConditionalOnProperty (springdoc.swagger-ui.enabled) matched (OnPropertyCondition)
      - @ConditionalOnBean (types: org.springdoc.core.SpringDocConfiguration; SearchStrategy: all) found bean 'org.springdoc.core.SpringDocConfiguration' (OnBeanCondition)

   TaskExecutionAutoConfiguration matched:
      - @ConditionalOnClass found required class 'org.springframework.scheduling.concurrent.ThreadPoolTaskExecutor' (OnClassCondition)

   TaskExecutionAutoConfiguration#applicationTaskExecutor matched:
      - @ConditionalOnMissingBean (types: java.util.concurrent.Executor; SearchStrategy: all) did not find any beans (OnBeanCondition)

   TaskExecutionAutoConfiguration#taskExecutorBuilder matched:
      - @ConditionalOnMissingBean (types: org.springframework.boot.task.TaskExecutorBuilder; SearchStrategy: all) did not find any beans (OnBeanCondition)

   TaskSchedulingAutoConfiguration matched:
      - @ConditionalOnClass found required class 'org.springframework.scheduling.concurrent.ThreadPoolTaskScheduler' (OnClassCondition)

   TaskSchedulingAutoConfiguration#taskSchedulerBuilder matched:
      - @ConditionalOnMissingBean (types: org.springframework.boot.task.TaskSchedulerBuilder; SearchStrategy: all) did not find any beans (OnBeanCondition)

   TransactionAutoConfiguration matched:
      - @ConditionalOnClass found required class 'org.springframework.transaction.PlatformTransactionManager' (OnClassCondition)

   TransactionAutoConfiguration#platformTransactionManagerCustomizers matched:
      - @ConditionalOnMissingBean (types: org.springframework.boot.autoconfigure.transaction.TransactionManagerCustomizers; SearchStrategy: all) did not find any beans (OnBeanCondition)

   TransactionAutoConfiguration.EnableTransactionManagementConfiguration matched:
      - @ConditionalOnBean (types: org.springframework.transaction.TransactionManager; SearchStrategy: all) found bean 'transactionManager'; @ConditionalOnMissingBean (types: org.springframework.transaction.annotation.AbstractTransactionManagementConfiguration; SearchStrategy: all) did not find any beans (OnBeanCondition)

   TransactionAutoConfiguration.EnableTransactionManagementConfiguration.CglibAutoProxyConfiguration matched:
      - @ConditionalOnProperty (spring.aop.proxy-target-class=true) matched (OnPropertyCondition)

   TransactionAutoConfiguration.TransactionTemplateConfiguration matched:
      - @ConditionalOnSingleCandidate (types: org.springframework.transaction.PlatformTransactionManager; SearchStrategy: all) found a single bean 'transactionManager' (OnBeanCondition)

   TransactionAutoConfiguration.TransactionTemplateConfiguration#transactionTemplate matched:
      - @ConditionalOnMissingBean (types: org.springframework.transaction.support.TransactionOperations; SearchStrategy: all) did not find any beans (OnBeanCondition)

   ValidationAutoConfiguration matched:
      - @ConditionalOnClass found required class 'javax.validation.executable.ExecutableValidator' (OnClassCondition)
      - @ConditionalOnResource found location classpath:META-INF/services/javax.validation.spi.ValidationProvider (OnResourceCondition)

   ValidationAutoConfiguration#defaultValidator matched:
      - @ConditionalOnMissingBean (types: javax.validation.Validator; SearchStrategy: all) did not find any beans (OnBeanCondition)

   ValidationAutoConfiguration#methodValidationPostProcessor matched:
      - @ConditionalOnMissingBean (types: org.springframework.validation.beanvalidation.MethodValidationPostProcessor; SearchStrategy: current) did not find any beans (OnBeanCondition)

   WebMvcAutoConfiguration matched:
      - @ConditionalOnClass found required classes 'javax.servlet.Servlet', 'org.springframework.web.servlet.DispatcherServlet', 'org.springframework.web.servlet.config.annotation.WebMvcConfigurer' (OnClassCondition)
      - found 'session' scope (OnWebApplicationCondition)
      - @ConditionalOnMissingBean (types: org.springframework.web.servlet.config.annotation.WebMvcConfigurationSupport; SearchStrategy: all) did not find any beans (OnBeanCondition)

   WebMvcAutoConfiguration#formContentFilter matched:
      - @ConditionalOnProperty (spring.mvc.formcontent.filter.enabled) matched (OnPropertyCondition)
      - @ConditionalOnMissingBean (types: org.springframework.web.filter.FormContentFilter; SearchStrategy: all) did not find any beans (OnBeanCondition)

   WebMvcAutoConfiguration.EnableWebMvcConfiguration#flashMapManager matched:
      - @ConditionalOnMissingBean (names: flashMapManager; SearchStrategy: all) did not find any beans (OnBeanCondition)

   WebMvcAutoConfiguration.EnableWebMvcConfiguration#localeResolver matched:
      - @ConditionalOnMissingBean (names: localeResolver; SearchStrategy: all) did not find any beans (OnBeanCondition)

   WebMvcAutoConfiguration.EnableWebMvcConfiguration#themeResolver matched:
      - @ConditionalOnMissingBean (names: themeResolver; SearchStrategy: all) did not find any beans (OnBeanCondition)

   WebMvcAutoConfiguration.WebMvcAutoConfigurationAdapter#defaultViewResolver matched:
      - @ConditionalOnMissingBean (types: org.springframework.web.servlet.view.InternalResourceViewResolver; SearchStrategy: all) did not find any beans (OnBeanCondition)

   WebMvcAutoConfiguration.WebMvcAutoConfigurationAdapter#requestContextFilter matched:
      - @ConditionalOnMissingBean (types: org.springframework.web.context.request.RequestContextListener,org.springframework.web.filter.RequestContextFilter; SearchStrategy: all) did not find any beans (OnBeanCondition)

   WebMvcAutoConfiguration.WebMvcAutoConfigurationAdapter#viewResolver matched:
      - @ConditionalOnBean (types: org.springframework.web.servlet.ViewResolver; SearchStrategy: all) found beans 'defaultViewResolver', 'beanNameViewResolver', 'mvcViewResolver'; @ConditionalOnMissingBean (names: viewResolver types: org.springframework.web.servlet.view.ContentNegotiatingViewResolver; SearchStrategy: all) did not find any beans (OnBeanCondition)

   WebSocketServletAutoConfiguration matched:
      - @ConditionalOnClass found required classes 'javax.servlet.Servlet', 'javax.websocket.server.ServerContainer' (OnClassCondition)
      - found 'session' scope (OnWebApplicationCondition)

   WebSocketServletAutoConfiguration.TomcatWebSocketConfiguration matched:
      - @ConditionalOnClass found required classes 'org.apache.catalina.startup.Tomcat', 'org.apache.tomcat.websocket.server.WsSci' (OnClassCondition)

   WebSocketServletAutoConfiguration.TomcatWebSocketConfiguration#websocketServletWebServerCustomizer matched:
      - @ConditionalOnMissingBean (names: websocketServletWebServerCustomizer; SearchStrategy: all) did not find any beans (OnBeanCondition)


Negative matches:
-----------------

   ActiveMQAutoConfiguration:
      Did not match:
         - @ConditionalOnClass did not find required class 'javax.jms.ConnectionFactory' (OnClassCondition)

   AopAutoConfiguration.AspectJAutoProxyingConfiguration:
      Did not match:
         - @ConditionalOnClass did not find required class 'org.aspectj.weaver.Advice' (OnClassCondition)

   ArtemisAutoConfiguration:
      Did not match:
         - @ConditionalOnClass did not find required class 'javax.jms.ConnectionFactory' (OnClassCondition)

   BatchAutoConfiguration:
      Did not match:
         - @ConditionalOnClass did not find required class 'org.springframework.batch.core.launch.JobLauncher' (OnClassCondition)

   Cache2kCacheConfiguration:
      Did not match:
         - @ConditionalOnClass did not find required class 'org.cache2k.Cache2kBuilder' (OnClassCondition)

   CacheAutoConfiguration:
      Did not match:
         - @ConditionalOnBean (types: org.springframework.cache.interceptor.CacheAspectSupport; SearchStrategy: all) did not find any beans of type org.springframework.cache.interceptor.CacheAspectSupport (OnBeanCondition)
      Matched:
         - @ConditionalOnClass found required class 'org.springframework.cache.CacheManager' (OnClassCondition)

   CacheAutoConfiguration.CacheManagerEntityManagerFactoryDependsOnPostProcessor:
      Did not match:
         - @ConditionalOnClass did not find required class 'org.springframework.orm.jpa.LocalContainerEntityManagerFactoryBean' (OnClassCondition)
         - Ancestor org.springframework.boot.autoconfigure.cache.CacheAutoConfiguration did not match (ConditionEvaluationReport.AncestorsMatchedCondition)

   CaffeineCacheConfiguration:
      Did not match:
         - @ConditionalOnClass did not find required class 'com.github.benmanes.caffeine.cache.Caffeine' (OnClassCondition)

   CassandraAutoConfiguration:
      Did not match:
         - @ConditionalOnClass did not find required class 'com.datastax.oss.driver.api.core.CqlSession' (OnClassCondition)

   CassandraDataAutoConfiguration:
      Did not match:
         - @ConditionalOnClass did not find required class 'com.datastax.oss.driver.api.core.CqlSession' (OnClassCondition)

   CassandraReactiveDataAutoConfiguration:
      Did not match:
         - @ConditionalOnClass did not find required class 'com.datastax.oss.driver.api.core.CqlSession' (OnClassCondition)

   CassandraReactiveRepositoriesAutoConfiguration:
      Did not match:
         - @ConditionalOnClass did not find required class 'org.springframework.data.cassandra.ReactiveSession' (OnClassCondition)

   CassandraRepositoriesAutoConfiguration:
      Did not match:
         - @ConditionalOnClass did not find required class 'com.datastax.oss.driver.api.core.CqlSession' (OnClassCondition)

   ClientHttpConnectorAutoConfiguration:
      Did not match:
         - @ConditionalOnClass did not find required class 'org.springframework.web.reactive.function.client.WebClient' (OnClassCondition)

   CodecsAutoConfiguration:
      Did not match:
         - @ConditionalOnClass did not find required class 'org.springframework.web.reactive.function.client.WebClient' (OnClassCondition)

   CouchbaseAutoConfiguration:
      Did not match:
         - @ConditionalOnClass did not find required class 'com.couchbase.client.java.Cluster' (OnClassCondition)

   CouchbaseCacheConfiguration:
      Did not match:
         - @ConditionalOnClass did not find required class 'com.couchbase.client.java.Cluster' (OnClassCondition)

   CouchbaseDataAutoConfiguration:
      Did not match:
         - @ConditionalOnClass did not find required class 'com.couchbase.client.java.Bucket' (OnClassCondition)

   CouchbaseReactiveDataAutoConfiguration:
      Did not match:
         - @ConditionalOnClass did not find required class 'com.couchbase.client.java.Cluster' (OnClassCondition)

   CouchbaseReactiveRepositoriesAutoConfiguration:
      Did not match:
         - @ConditionalOnClass did not find required class 'com.couchbase.client.java.Cluster' (OnClassCondition)

   CouchbaseRepositoriesAutoConfiguration:
      Did not match:
         - @ConditionalOnClass did not find required class 'com.couchbase.client.java.Bucket' (OnClassCondition)

   DataSourceAutoConfiguration.EmbeddedDatabaseConfiguration:
      Did not match:
         - EmbeddedDataSource spring.datasource.url is set (DataSourceAutoConfiguration.EmbeddedDatabaseCondition)

   DataSourceConfiguration.Dbcp2:
      Did not match:
         - @ConditionalOnClass did not find required class 'org.apache.commons.dbcp2.BasicDataSource' (OnClassCondition)

   DataSourceConfiguration.Generic:
      Did not match:
         - @ConditionalOnProperty (spring.datasource.type) did not find property 'spring.datasource.type' (OnPropertyCondition)

   DataSourceConfiguration.OracleUcp:
      Did not match:
         - @ConditionalOnClass did not find required classes 'oracle.ucp.jdbc.PoolDataSourceImpl', 'oracle.jdbc.OracleConnection' (OnClassCondition)

   DataSourceConfiguration.Tomcat:
      Did not match:
         - @ConditionalOnClass did not find required class 'org.apache.tomcat.jdbc.pool.DataSource' (OnClassCondition)

   DataSourceJmxConfiguration.TomcatDataSourceJmxConfiguration:
      Did not match:
         - @ConditionalOnClass did not find required class 'org.apache.tomcat.jdbc.pool.DataSourceProxy' (OnClassCondition)

   DataSourcePoolMetadataProvidersConfiguration.CommonsDbcp2PoolDataSourceMetadataProviderConfiguration:
      Did not match:
         - @ConditionalOnClass did not find required class 'org.apache.commons.dbcp2.BasicDataSource' (OnClassCondition)

   DataSourcePoolMetadataProvidersConfiguration.OracleUcpPoolDataSourceMetadataProviderConfiguration:
      Did not match:
         - @ConditionalOnClass did not find required classes 'oracle.ucp.jdbc.PoolDataSource', 'oracle.jdbc.OracleConnection' (OnClassCondition)

   DataSourcePoolMetadataProvidersConfiguration.TomcatDataSourcePoolMetadataProviderConfiguration:
      Did not match:
         - @ConditionalOnClass did not find required class 'org.apache.tomcat.jdbc.pool.DataSource' (OnClassCondition)

   DispatcherServletAutoConfiguration.DispatcherServletConfiguration#multipartResolver:
      Did not match:
         - @ConditionalOnBean (types: org.springframework.web.multipart.MultipartResolver; SearchStrategy: all) did not find any beans of type org.springframework.web.multipart.MultipartResolver (OnBeanCondition)

   EhCacheCacheConfiguration:
      Did not match:
         - @ConditionalOnClass did not find required class 'net.sf.ehcache.Cache' (OnClassCondition)

   ElasticsearchDataAutoConfiguration:
      Did not match:
         - @ConditionalOnClass did not find required class 'org.springframework.data.elasticsearch.core.ElasticsearchRestTemplate' (OnClassCondition)

   ElasticsearchRepositoriesAutoConfiguration:
      Did not match:
         - @ConditionalOnClass did not find required class 'org.elasticsearch.client.Client' (OnClassCondition)

   ElasticsearchRestClientAutoConfiguration:
      Did not match:
         - @ConditionalOnClass did not find required class 'org.elasticsearch.client.RestClientBuilder' (OnClassCondition)

   EmbeddedLdapAutoConfiguration:
      Did not match:
         - @ConditionalOnClass did not find required class 'com.unboundid.ldap.listener.InMemoryDirectoryServer' (OnClassCondition)

   EmbeddedMongoAutoConfiguration:
      Did not match:
         - @ConditionalOnClass did not find required class 'com.mongodb.MongoClientSettings' (OnClassCondition)

   EmbeddedWebServerFactoryCustomizerAutoConfiguration.JettyWebServerFactoryCustomizerConfiguration:
      Did not match:
         - @ConditionalOnClass did not find required classes 'org.eclipse.jetty.server.Server', 'org.eclipse.jetty.util.Loader', 'org.eclipse.jetty.webapp.WebAppContext' (OnClassCondition)

   EmbeddedWebServerFactoryCustomizerAutoConfiguration.NettyWebServerFactoryCustomizerConfiguration:
      Did not match:
         - @ConditionalOnClass did not find required class 'reactor.netty.http.server.HttpServer' (OnClassCondition)

   EmbeddedWebServerFactoryCustomizerAutoConfiguration.UndertowWebServerFactoryCustomizerConfiguration:
      Did not match:
         - @ConditionalOnClass did not find required classes 'io.undertow.Undertow', 'org.xnio.SslClientAuthMode' (OnClassCondition)

   ErrorWebFluxAutoConfiguration:
      Did not match:
         - @ConditionalOnClass did not find required class 'org.springframework.web.reactive.config.WebFluxConfigurer' (OnClassCondition)

   FlywayAutoConfiguration:
      Did not match:
         - @ConditionalOnClass did not find required class 'org.flywaydb.core.Flyway' (OnClassCondition)

   FreeMarkerAutoConfiguration:
      Did not match:
         - @ConditionalOnClass did not find required class 'freemarker.template.Configuration' (OnClassCondition)

   GraphQlAutoConfiguration:
      Did not match:
         - @ConditionalOnClass did not find required class 'graphql.GraphQL' (OnClassCondition)

   GraphQlQueryByExampleAutoConfiguration:
      Did not match:
         - @ConditionalOnClass did not find required class 'graphql.GraphQL' (OnClassCondition)

   GraphQlQuerydslAutoConfiguration:
      Did not match:
         - @ConditionalOnClass did not find required class 'graphql.GraphQL' (OnClassCondition)

   GraphQlRSocketAutoConfiguration:
      Did not match:
         - @ConditionalOnClass did not find required class 'graphql.GraphQL' (OnClassCondition)

   GraphQlReactiveQueryByExampleAutoConfiguration:
      Did not match:
         - @ConditionalOnClass did not find required class 'graphql.GraphQL' (OnClassCondition)

   GraphQlReactiveQuerydslAutoConfiguration:
      Did not match:
         - @ConditionalOnClass did not find required class 'graphql.GraphQL' (OnClassCondition)

   GraphQlWebFluxAutoConfiguration:
      Did not match:
         - @ConditionalOnClass did not find required class 'graphql.GraphQL' (OnClassCondition)

   GraphQlWebFluxSecurityAutoConfiguration:
      Did not match:
         - @ConditionalOnClass did not find required class 'graphql.GraphQL' (OnClassCondition)

   GraphQlWebMvcAutoConfiguration:
      Did not match:
         - @ConditionalOnClass did not find required class 'graphql.GraphQL' (OnClassCondition)

   GraphQlWebMvcSecurityAutoConfiguration:
      Did not match:
         - @ConditionalOnClass did not find required class 'graphql.GraphQL' (OnClassCondition)

   GroovyTemplateAutoConfiguration:
      Did not match:
         - @ConditionalOnClass did not find required class 'groovy.text.markup.MarkupTemplateEngine' (OnClassCondition)

   GsonAutoConfiguration:
      Did not match:
         - @ConditionalOnClass did not find required class 'com.google.gson.Gson' (OnClassCondition)

   GsonHttpMessageConvertersConfiguration:
      Did not match:
         - @ConditionalOnClass did not find required class 'com.google.gson.Gson' (OnClassCondition)

   H2ConsoleAutoConfiguration:
      Did not match:
         - @ConditionalOnClass did not find required class 'org.h2.server.web.WebServlet' (OnClassCondition)

   HazelcastAutoConfiguration:
      Did not match:
         - @ConditionalOnClass did not find required class 'com.hazelcast.core.HazelcastInstance' (OnClassCondition)

   HazelcastCacheConfiguration:
      Did not match:
         - @ConditionalOnClass did not find required class 'com.hazelcast.core.HazelcastInstance' (OnClassCondition)

   HazelcastJpaDependencyAutoConfiguration:
      Did not match:
         - @ConditionalOnClass did not find required class 'com.hazelcast.core.HazelcastInstance' (OnClassCondition)

   HibernateJpaAutoConfiguration:
      Did not match:
         - @ConditionalOnClass did not find required class 'javax.persistence.EntityManager' (OnClassCondition)

   HttpHandlerAutoConfiguration:
      Did not match:
         - @ConditionalOnClass did not find required class 'org.springframework.web.reactive.DispatcherHandler' (OnClassCondition)

   HypermediaAutoConfiguration:
      Did not match:
         - @ConditionalOnClass did not find required class 'org.springframework.hateoas.EntityModel' (OnClassCondition)

   InfinispanCacheConfiguration:
      Did not match:
         - @ConditionalOnClass did not find required class 'org.infinispan.spring.embedded.provider.SpringEmbeddedCacheManager' (OnClassCondition)

   InfluxDbAutoConfiguration:
      Did not match:
         - @ConditionalOnClass did not find required class 'org.influxdb.InfluxDB' (OnClassCondition)

   IntegrationAutoConfiguration:
      Did not match:
         - @ConditionalOnClass did not find required class 'org.springframework.integration.config.EnableIntegration' (OnClassCondition)

   JCacheCacheConfiguration:
      Did not match:
         - @ConditionalOnClass did not find required class 'javax.cache.Caching' (OnClassCondition)

   JacksonHttpMessageConvertersConfiguration.MappingJackson2XmlHttpMessageConverterConfiguration:
      Did not match:
         - @ConditionalOnClass did not find required class 'com.fasterxml.jackson.dataformat.xml.XmlMapper' (OnClassCondition)

   JdbcRepositoriesAutoConfiguration:
      Did not match:
         - @ConditionalOnClass did not find required class 'org.springframework.data.jdbc.repository.config.AbstractJdbcConfiguration' (OnClassCondition)

   JdbcTemplateConfiguration:
      Did not match:
         - @ConditionalOnMissingBean (types: org.springframework.jdbc.core.JdbcOperations; SearchStrategy: all) found beans of type 'org.springframework.jdbc.core.JdbcOperations' jdbcTemplate, centralJdbcTemplate, tigohogarJdbcTemplate (OnBeanCondition)

   JerseyAutoConfiguration:
      Did not match:
         - @ConditionalOnClass did not find required class 'org.glassfish.jersey.server.spring.SpringComponentProvider' (OnClassCondition)

   JmsAutoConfiguration:
      Did not match:
         - @ConditionalOnClass did not find required class 'javax.jms.Message' (OnClassCondition)

   JmxAutoConfiguration:
      Did not match:
         - @ConditionalOnProperty (spring.jmx.enabled=true) did not find property 'enabled' (OnPropertyCondition)
      Matched:
         - @ConditionalOnClass found required class 'org.springframework.jmx.export.MBeanExporter' (OnClassCondition)

   JndiConnectionFactoryAutoConfiguration:
      Did not match:
         - @ConditionalOnClass did not find required class 'org.springframework.jms.core.JmsTemplate' (OnClassCondition)

   JndiDataSourceAutoConfiguration:
      Did not match:
         - @ConditionalOnProperty (spring.datasource.jndi-name) did not find property 'jndi-name' (OnPropertyCondition)
      Matched:
         - @ConditionalOnClass found required classes 'javax.sql.DataSource', 'org.springframework.jdbc.datasource.embedded.EmbeddedDatabaseType' (OnClassCondition)

   JooqAutoConfiguration:
      Did not match:
         - @ConditionalOnClass did not find required class 'org.jooq.DSLContext' (OnClassCondition)

   JpaRepositoriesAutoConfiguration:
      Did not match:
         - @ConditionalOnClass did not find required class 'org.springframework.data.jpa.repository.JpaRepository' (OnClassCondition)

   JsonbAutoConfiguration:
      Did not match:
         - @ConditionalOnClass did not find required class 'javax.json.bind.Jsonb' (OnClassCondition)

   JsonbHttpMessageConvertersConfiguration:
      Did not match:
         - @ConditionalOnClass did not find required class 'javax.json.bind.Jsonb' (OnClassCondition)

   JtaAutoConfiguration:
      Did not match:
         - @ConditionalOnClass did not find required class 'javax.transaction.Transaction' (OnClassCondition)

   KafkaAutoConfiguration:
      Did not match:
         - @ConditionalOnClass did not find required class 'org.springframework.kafka.core.KafkaTemplate' (OnClassCondition)

   LdapAutoConfiguration:
      Did not match:
         - @ConditionalOnClass did not find required class 'org.springframework.ldap.core.ContextSource' (OnClassCondition)

   LdapRepositoriesAutoConfiguration:
      Did not match:
         - @ConditionalOnClass did not find required class 'org.springframework.data.ldap.repository.LdapRepository' (OnClassCondition)

   LiquibaseAutoConfiguration:
      Did not match:
         - @ConditionalOnClass did not find required class 'liquibase.change.DatabaseChange' (OnClassCondition)

   MailSenderJndiConfiguration:
      Did not match:
         - @ConditionalOnProperty (spring.mail.jndi-name) did not find property 'jndi-name' (OnPropertyCondition)
      Matched:
         - @ConditionalOnClass found required class 'javax.mail.Session' (OnClassCondition)

   MailSenderValidatorAutoConfiguration:
      Did not match:
         - @ConditionalOnProperty (spring.mail.test-connection) did not find property 'test-connection' (OnPropertyCondition)

   MessageSourceAutoConfiguration:
      Did not match:
         - ResourceBundle did not find bundle with basename messages (MessageSourceAutoConfiguration.ResourceBundleCondition)

   MongoAutoConfiguration:
      Did not match:
         - @ConditionalOnClass did not find required class 'com.mongodb.client.MongoClient' (OnClassCondition)

   MongoDataAutoConfiguration:
      Did not match:
         - @ConditionalOnClass did not find required class 'com.mongodb.client.MongoClient' (OnClassCondition)

   MongoReactiveAutoConfiguration:
      Did not match:
         - @ConditionalOnClass did not find required class 'com.mongodb.reactivestreams.client.MongoClient' (OnClassCondition)

   MongoReactiveDataAutoConfiguration:
      Did not match:
         - @ConditionalOnClass did not find required class 'com.mongodb.reactivestreams.client.MongoClient' (OnClassCondition)

   MongoReactiveRepositoriesAutoConfiguration:
      Did not match:
         - @ConditionalOnClass did not find required class 'com.mongodb.reactivestreams.client.MongoClient' (OnClassCondition)

   MongoRepositoriesAutoConfiguration:
      Did not match:
         - @ConditionalOnClass did not find required class 'com.mongodb.client.MongoClient' (OnClassCondition)

   MultipleOpenApiSupportConfiguration:
      Did not match:
         - AnyNestedCondition 0 matched 2 did not; NestedCondition on MultipleOpenApiSupportCondition.OnActuatorDifferentPort @ConditionalOnProperty (springdoc.show-actuator) did not find property 'springdoc.show-actuator'; NestedCondition on MultipleOpenApiSupportCondition.OnMultipleOpenApiSupportCondition AnyNestedCondition 0 matched 2 did not; NestedCondition on MultipleOpenApiGroupsCondition.OnGroupConfigProperty @ConditionalOnProperty (springdoc.group-configs[0].group) did not find property 'springdoc.group-configs[0].group'; NestedCondition on MultipleOpenApiGroupsCondition.OnGroupedOpenApiBean @ConditionalOnBean (types: org.springdoc.core.GroupedOpenApi; SearchStrategy: all) did not find any beans of type org.springdoc.core.GroupedOpenApi (MultipleOpenApiSupportCondition)
      Matched:
         - found 'session' scope (OnWebApplicationCondition)
         - @ConditionalOnProperty (springdoc.api-docs.enabled) matched (OnPropertyCondition)

   MultipleOpenApiSupportConfiguration.SpringDocWebMvcActuatorDifferentConfiguration:
      Did not match:
         - @ConditionalOnClass did not find required class 'org.springframework.boot.actuate.endpoint.web.servlet.WebMvcEndpointHandlerMapping' (OnClassCondition)
         - Ancestor org.springdoc.webmvc.core.MultipleOpenApiSupportConfiguration did not match (ConditionEvaluationReport.AncestorsMatchedCondition)

   MustacheAutoConfiguration:
      Did not match:
         - @ConditionalOnClass did not find required class 'com.samskivert.mustache.Mustache' (OnClassCondition)

   Neo4jAutoConfiguration:
      Did not match:
         - @ConditionalOnClass did not find required class 'org.neo4j.driver.Driver' (OnClassCondition)

   Neo4jDataAutoConfiguration:
      Did not match:
         - @ConditionalOnClass did not find required class 'org.neo4j.driver.Driver' (OnClassCondition)

   Neo4jReactiveDataAutoConfiguration:
      Did not match:
         - @ConditionalOnClass did not find required class 'org.neo4j.driver.Driver' (OnClassCondition)

   Neo4jReactiveRepositoriesAutoConfiguration:
      Did not match:
         - @ConditionalOnClass did not find required class 'org.neo4j.driver.Driver' (OnClassCondition)

   Neo4jRepositoriesAutoConfiguration:
      Did not match:
         - @ConditionalOnClass did not find required class 'org.neo4j.driver.Driver' (OnClassCondition)

   NettyAutoConfiguration:
      Did not match:
         - @ConditionalOnClass did not find required class 'io.netty.util.NettyRuntime' (OnClassCondition)

   OAuth2ClientAutoConfiguration:
      Did not match:
         - @ConditionalOnClass did not find required class 'org.springframework.security.config.annotation.web.configuration.EnableWebSecurity' (OnClassCondition)

   OAuth2ResourceServerAutoConfiguration:
      Did not match:
         - @ConditionalOnClass did not find required class 'org.springframework.security.oauth2.server.resource.BearerTokenAuthenticationToken' (OnClassCondition)

   ProjectInfoAutoConfiguration#buildProperties:
      Did not match:
         - @ConditionalOnResource did not find resource '${spring.info.build.location:classpath:META-INF/build-info.properties}' (OnResourceCondition)

   ProjectInfoAutoConfiguration#gitProperties:
      Did not match:
         - GitResource did not find git info at classpath:git.properties (ProjectInfoAutoConfiguration.GitResourceAvailableCondition)

   QuartzAutoConfiguration:
      Did not match:
         - @ConditionalOnClass did not find required class 'org.quartz.Scheduler' (OnClassCondition)

   R2dbcAutoConfiguration:
      Did not match:
         - @ConditionalOnClass did not find required class 'io.r2dbc.spi.ConnectionFactory' (OnClassCondition)

   R2dbcDataAutoConfiguration:
      Did not match:
         - @ConditionalOnClass did not find required class 'org.springframework.data.r2dbc.core.R2dbcEntityTemplate' (OnClassCondition)

   R2dbcInitializationConfiguration:
      Did not match:
         - @ConditionalOnClass did not find required classes 'io.r2dbc.spi.ConnectionFactory', 'org.springframework.r2dbc.connection.init.DatabasePopulator' (OnClassCondition)

   R2dbcRepositoriesAutoConfiguration:
      Did not match:
         - @ConditionalOnClass did not find required class 'io.r2dbc.spi.ConnectionFactory' (OnClassCondition)

   R2dbcTransactionManagerAutoConfiguration:
      Did not match:
         - @ConditionalOnClass did not find required class 'org.springframework.r2dbc.connection.R2dbcTransactionManager' (OnClassCondition)

   RSocketGraphQlClientAutoConfiguration:
      Did not match:
         - @ConditionalOnClass did not find required class 'graphql.GraphQL' (OnClassCondition)

   RSocketMessagingAutoConfiguration:
      Did not match:
         - @ConditionalOnClass did not find required class 'io.rsocket.RSocket' (OnClassCondition)

   RSocketRequesterAutoConfiguration:
      Did not match:
         - @ConditionalOnClass did not find required class 'io.rsocket.RSocket' (OnClassCondition)

   RSocketSecurityAutoConfiguration:
      Did not match:
         - @ConditionalOnClass did not find required class 'org.springframework.security.rsocket.core.SecuritySocketAcceptorInterceptor' (OnClassCondition)

   RSocketServerAutoConfiguration:
      Did not match:
         - @ConditionalOnClass did not find required class 'io.rsocket.core.RSocketServer' (OnClassCondition)

   RSocketStrategiesAutoConfiguration:
      Did not match:
         - @ConditionalOnClass did not find required class 'io.netty.buffer.PooledByteBufAllocator' (OnClassCondition)

   RabbitAutoConfiguration:
      Did not match:
         - @ConditionalOnClass did not find required class 'com.rabbitmq.client.Channel' (OnClassCondition)

   ReactiveElasticsearchRepositoriesAutoConfiguration:
      Did not match:
         - @ConditionalOnClass did not find required class 'org.springframework.data.elasticsearch.client.reactive.ReactiveElasticsearchClient' (OnClassCondition)

   ReactiveElasticsearchRestClientAutoConfiguration:
      Did not match:
         - @ConditionalOnClass did not find required class 'reactor.netty.http.client.HttpClient' (OnClassCondition)

   ReactiveMultipartAutoConfiguration:
      Did not match:
         - @ConditionalOnClass did not find required class 'org.springframework.web.reactive.config.WebFluxConfigurer' (OnClassCondition)

   ReactiveOAuth2ClientAutoConfiguration:
      Did not match:
         - @ConditionalOnClass did not find required class 'reactor.core.publisher.Flux' (OnClassCondition)

   ReactiveOAuth2ResourceServerAutoConfiguration:
      Did not match:
         - @ConditionalOnClass did not find required class 'org.springframework.security.config.annotation.web.reactive.EnableWebFluxSecurity' (OnClassCondition)

   ReactiveSecurityAutoConfiguration:
      Did not match:
         - @ConditionalOnClass did not find required class 'reactor.core.publisher.Flux' (OnClassCondition)

   ReactiveUserDetailsServiceAutoConfiguration:
      Did not match:
         - @ConditionalOnClass did not find required class 'org.springframework.security.authentication.ReactiveAuthenticationManager' (OnClassCondition)

   ReactiveWebServerFactoryAutoConfiguration:
      Did not match:
         - @ConditionalOnWebApplication did not find reactive web application classes (OnWebApplicationCondition)

   RedisAutoConfiguration:
      Did not match:
         - @ConditionalOnClass did not find required class 'org.springframework.data.redis.core.RedisOperations' (OnClassCondition)

   RedisCacheConfiguration:
      Did not match:
         - @ConditionalOnClass did not find required class 'org.springframework.data.redis.connection.RedisConnectionFactory' (OnClassCondition)

   RedisReactiveAutoConfiguration:
      Did not match:
         - @ConditionalOnClass did not find required class 'reactor.core.publisher.Flux' (OnClassCondition)

   RedisRepositoriesAutoConfiguration:
      Did not match:
         - @ConditionalOnClass did not find required class 'org.springframework.data.redis.repository.configuration.EnableRedisRepositories' (OnClassCondition)

   RepositoryRestMvcAutoConfiguration:
      Did not match:
         - @ConditionalOnClass did not find required class 'org.springframework.data.rest.webmvc.config.RepositoryRestMvcConfiguration' (OnClassCondition)

   Saml2RelyingPartyAutoConfiguration:
      Did not match:
         - @ConditionalOnClass did not find required class 'org.springframework.security.saml2.provider.service.registration.RelyingPartyRegistrationRepository' (OnClassCondition)

   SecurityAutoConfiguration:
      Did not match:
         - @ConditionalOnClass did not find required class 'org.springframework.security.authentication.DefaultAuthenticationEventPublisher' (OnClassCondition)

   SecurityFilterAutoConfiguration:
      Did not match:
         - @ConditionalOnClass did not find required class 'org.springframework.security.config.http.SessionCreationPolicy' (OnClassCondition)

   SendGridAutoConfiguration:
      Did not match:
         - @ConditionalOnClass did not find required class 'com.sendgrid.SendGrid' (OnClassCondition)

   ServletWebServerFactoryAutoConfiguration.ForwardedHeaderFilterConfiguration:
      Did not match:
         - @ConditionalOnProperty (server.forward-headers-strategy=framework) did not find property 'server.forward-headers-strategy' (OnPropertyCondition)

   ServletWebServerFactoryConfiguration.EmbeddedJetty:
      Did not match:
         - @ConditionalOnClass did not find required classes 'org.eclipse.jetty.server.Server', 'org.eclipse.jetty.util.Loader', 'org.eclipse.jetty.webapp.WebAppContext' (OnClassCondition)

   ServletWebServerFactoryConfiguration.EmbeddedUndertow:
      Did not match:
         - @ConditionalOnClass did not find required classes 'io.undertow.Undertow', 'org.xnio.SslClientAuthMode' (OnClassCondition)

   SessionAutoConfiguration:
      Did not match:
         - @ConditionalOnClass did not find required class 'org.springframework.session.Session' (OnClassCondition)

   SolrAutoConfiguration:
      Did not match:
         - @ConditionalOnClass did not find required class 'org.apache.solr.client.solrj.impl.CloudSolrClient' (OnClassCondition)

   SpringApplicationAdminJmxAutoConfiguration:
      Did not match:
         - @ConditionalOnProperty (spring.application.admin.enabled=true) did not find property 'enabled' (OnPropertyCondition)

   SpringDataWebAutoConfiguration:
      Did not match:
         - @ConditionalOnClass did not find required class 'org.springframework.data.web.PageableHandlerMethodArgumentResolver' (OnClassCondition)

   SpringDocConfiguration#propertiesResolverForSchema:
      Did not match:
         - @ConditionalOnProperty (springdoc.api-docs.resolve-schema-properties) did not find property 'springdoc.api-docs.resolve-schema-properties' (OnPropertyCondition)

   SpringDocConfiguration#propertyCustomizingConverter:
      Did not match:
         - @ConditionalOnBean (types: org.springdoc.core.customizers.PropertyCustomizer; SearchStrategy: all) did not find any beans of type org.springdoc.core.customizers.PropertyCustomizer (OnBeanCondition)

   SpringDocConfiguration#springdocBeanFactoryPostProcessor:
      Did not match:
         - AnyNestedCondition 0 matched 2 did not; NestedCondition on CacheOrGroupedOpenApiCondition.OnCacheDisabled found non-matching nested conditions @ConditionalOnProperty (springdoc.cache.disabled) did not find property 'springdoc.cache.disabled'; NestedCondition on CacheOrGroupedOpenApiCondition.OnMultipleOpenApiSupportCondition AnyNestedCondition 0 matched 2 did not; NestedCondition on MultipleOpenApiSupportCondition.OnActuatorDifferentPort @ConditionalOnProperty (springdoc.show-actuator) did not find property 'springdoc.show-actuator'; NestedCondition on MultipleOpenApiSupportCondition.OnMultipleOpenApiSupportCondition AnyNestedCondition 0 matched 2 did not; NestedCondition on MultipleOpenApiGroupsCondition.OnGroupConfigProperty @ConditionalOnProperty (springdoc.group-configs[0].group) did not find property 'springdoc.group-configs[0].group'; NestedCondition on MultipleOpenApiGroupsCondition.OnGroupedOpenApiBean @ConditionalOnBean (types: org.springdoc.core.GroupedOpenApi; SearchStrategy: all) did not find any beans of type org.springdoc.core.GroupedOpenApi (CacheOrGroupedOpenApiCondition)
      Matched:
         - @ConditionalOnClass found required class 'org.springframework.boot.context.properties.bind.BindResult' (OnClassCondition)

   SpringDocConfiguration#springdocBeanFactoryPostProcessor2:
      Did not match:
         - @ConditionalOnMissingClass found unwanted class 'org.springframework.boot.context.properties.bind.BindResult' (OnClassCondition)

   SpringDocConfiguration.SpringDocActuatorConfiguration:
      Did not match:
         - @ConditionalOnClass did not find required class 'org.springframework.boot.actuate.autoconfigure.endpoint.web.WebEndpointProperties' (OnClassCondition)

   SpringDocConfiguration.SpringDocFunctionCatalogConfiguration:
      Did not match:
         - @ConditionalOnClass did not find required class 'org.springframework.cloud.function.web.function.FunctionEndpointInitializer' (OnClassCondition)

   SpringDocConfiguration.SpringDocPageableConfiguration:
      Did not match:
         - @ConditionalOnClass did not find required class 'org.springframework.data.domain.Pageable' (OnClassCondition)

   SpringDocConfiguration.SpringDocRepositoryRestConfiguration:
      Did not match:
         - @ConditionalOnClass did not find required class 'org.springframework.data.rest.core.config.RepositoryRestConfiguration' (OnClassCondition)

   SpringDocConfiguration.SpringDocSortConfiguration:
      Did not match:
         - @ConditionalOnClass did not find required class 'org.springframework.data.domain.Sort' (OnClassCondition)

   SpringDocConfiguration.SpringDocWebFluxSupportConfiguration:
      Did not match:
         - @ConditionalOnClass did not find required class 'reactor.core.publisher.Flux' (OnClassCondition)

   SpringDocWebMvcConfiguration.SpringDocWebMvcActuatorConfiguration:
      Did not match:
         - @ConditionalOnClass did not find required class 'org.springframework.boot.actuate.endpoint.web.servlet.WebMvcEndpointHandlerMapping' (OnClassCondition)

   SwaggerConfig#springWebProvider:
      Did not match:
         - @ConditionalOnMissingBean (types: org.springdoc.core.providers.SpringWebProvider; SearchStrategy: all) found beans of type 'org.springdoc.core.providers.SpringWebProvider' springWebProvider (OnBeanCondition)

   SwaggerConfig#swaggerUiConfigParameters:
      Did not match:
         - @ConditionalOnMissingBean (types: org.springdoc.core.SwaggerUiConfigParameters; SearchStrategy: all) found beans of type 'org.springdoc.core.SwaggerUiConfigParameters' org.springdoc.core.SwaggerUiConfigParameters (OnBeanCondition)

   SwaggerConfig#swaggerUiHome:
      Did not match:
         - @ConditionalOnProperty (springdoc.swagger-ui.use-root-path=true) did not find property 'springdoc.swagger-ui.use-root-path' (OnPropertyCondition)

   SwaggerConfig.SwaggerActuatorWelcomeConfiguration:
      Did not match:
         - @ConditionalOnClass did not find required class 'org.springframework.boot.actuate.endpoint.web.servlet.WebMvcEndpointHandlerMapping' (OnClassCondition)

   TaskSchedulingAutoConfiguration#scheduledBeanLazyInitializationExcludeFilter:
      Did not match:
         - @ConditionalOnBean (names: org.springframework.context.annotation.internalScheduledAnnotationProcessor; SearchStrategy: all) did not find any beans named org.springframework.context.annotation.internalScheduledAnnotationProcessor (OnBeanCondition)

   TaskSchedulingAutoConfiguration#taskScheduler:
      Did not match:
         - @ConditionalOnBean (names: org.springframework.context.annotation.internalScheduledAnnotationProcessor; SearchStrategy: all) did not find any beans named org.springframework.context.annotation.internalScheduledAnnotationProcessor (OnBeanCondition)

   ThymeleafAutoConfiguration:
      Did not match:
         - @ConditionalOnClass did not find required class 'org.thymeleaf.spring5.SpringTemplateEngine' (OnClassCondition)

   TransactionAutoConfiguration#transactionalOperator:
      Did not match:
         - @ConditionalOnSingleCandidate (types: org.springframework.transaction.ReactiveTransactionManager; SearchStrategy: all) did not find any beans (OnBeanCondition)

   TransactionAutoConfiguration.AspectJTransactionManagementConfiguration:
      Did not match:
         - @ConditionalOnBean did not find required type 'org.springframework.transaction.aspectj.AbstractTransactionAspect' (OnBeanCondition)
         - @ConditionalOnBean (types: org.springframework.transaction.aspectj.AbstractTransactionAspect; SearchStrategy: all) did not find any beans of type org.springframework.transaction.aspectj.AbstractTransactionAspect (OnBeanCondition)

   TransactionAutoConfiguration.EnableTransactionManagementConfiguration.JdkDynamicAutoProxyConfiguration:
      Did not match:
         - @ConditionalOnProperty (spring.aop.proxy-target-class=false) did not find property 'proxy-target-class' (OnPropertyCondition)

   UserDetailsServiceAutoConfiguration:
      Did not match:
         - @ConditionalOnClass did not find required class 'org.springframework.security.authentication.AuthenticationManager' (OnClassCondition)

   WebClientAutoConfiguration:
      Did not match:
         - @ConditionalOnClass did not find required class 'org.springframework.web.reactive.function.client.WebClient' (OnClassCondition)

   WebFluxAutoConfiguration:
      Did not match:
         - @ConditionalOnClass did not find required class 'org.springframework.web.reactive.config.WebFluxConfigurer' (OnClassCondition)

   WebMvcAutoConfiguration#hiddenHttpMethodFilter:
      Did not match:
         - @ConditionalOnProperty (spring.mvc.hiddenmethod.filter.enabled) did not find property 'enabled' (OnPropertyCondition)

   WebMvcAutoConfiguration.ResourceChainCustomizerConfiguration:
      Did not match:
         - @ConditionalOnEnabledResourceChain did not find class org.webjars.WebJarAssetLocator (OnEnabledResourceChainCondition)

   WebMvcAutoConfiguration.WebMvcAutoConfigurationAdapter#beanNameViewResolver:
      Did not match:
         - @ConditionalOnMissingBean (types: org.springframework.web.servlet.view.BeanNameViewResolver; SearchStrategy: all) found beans of type 'org.springframework.web.servlet.view.BeanNameViewResolver' beanNameViewResolver (OnBeanCondition)

   WebServiceTemplateAutoConfiguration:
      Did not match:
         - @ConditionalOnClass did not find required class 'org.springframework.oxm.Marshaller' (OnClassCondition)

   WebServicesAutoConfiguration:
      Did not match:
         - @ConditionalOnClass did not find required class 'org.springframework.ws.transport.http.MessageDispatcherServlet' (OnClassCondition)

   WebSessionIdResolverAutoConfiguration:
      Did not match:
         - @ConditionalOnClass did not find required class 'reactor.core.publisher.Mono' (OnClassCondition)

   WebSocketMessagingAutoConfiguration:
      Did not match:
         - @ConditionalOnClass did not find required class 'org.springframework.web.socket.config.annotation.WebSocketMessageBrokerConfigurer' (OnClassCondition)

   WebSocketReactiveAutoConfiguration:
      Did not match:
         - @ConditionalOnWebApplication did not find reactive web application classes (OnWebApplicationCondition)

   WebSocketServletAutoConfiguration.Jetty10WebSocketConfiguration:
      Did not match:
         - @ConditionalOnClass did not find required classes 'org.eclipse.jetty.websocket.javax.server.internal.JavaxWebSocketServerContainer', 'org.eclipse.jetty.websocket.server.JettyWebSocketServerContainer' (OnClassCondition)

   WebSocketServletAutoConfiguration.JettyWebSocketConfiguration:
      Did not match:
         - @ConditionalOnClass did not find required class 'org.eclipse.jetty.websocket.jsr356.server.deploy.WebSocketServerContainerInitializer' (OnClassCondition)

   WebSocketServletAutoConfiguration.UndertowWebSocketConfiguration:
      Did not match:
         - @ConditionalOnClass did not find required class 'io.undertow.websockets.jsr.Bootstrap' (OnClassCondition)

   XADataSourceAutoConfiguration:
      Did not match:
         - @ConditionalOnClass did not find required class 'javax.transaction.TransactionManager' (OnClassCondition)


Exclusions:
-----------

    None


Unconditional classes:
----------------------

    org.springframework.boot.autoconfigure.context.ConfigurationPropertiesAutoConfiguration

    org.springframework.boot.autoconfigure.context.LifecycleAutoConfiguration

    org.springframework.boot.autoconfigure.context.PropertyPlaceholderAutoConfiguration

    org.springframework.boot.autoconfigure.availability.ApplicationAvailabilityAutoConfiguration

    org.springframework.boot.autoconfigure.info.ProjectInfoAutoConfiguration



2026-06-23 12:25:28.610  INFO 21044 --- [           main] c.e.T.TigoStarSystemApplication          : Started TigoStarSystemApplication in 3.656 seconds (JVM running for 4.173)
2026-06-23 12:25:28.611 DEBUG 21044 --- [           main] o.s.b.a.ApplicationAvailabilityBean      : Application availability state LivenessState changed to CORRECT
2026-06-23 12:25:28.612  INFO 21044 --- [           main] c.e.T.config.StartupInfoLogger           : spring.profiles.active=[]
2026-06-23 12:25:28.612  INFO 21044 --- [           main] c.e.T.config.StartupInfoLogger           : spring.datasource.url=jdbc:jtds:sqlserver://tigo.makiro.com.bo/BDSistemaAntenaPM
2026-06-23 12:25:28.613  INFO 21044 --- [           main] c.e.T.config.StartupInfoLogger           : spring.datasource.driver-class-name=net.sourceforge.jtds.jdbc.Driver
2026-06-23 12:25:28.613  INFO 21044 --- [           main] c.e.T.config.StartupInfoLogger           : app.central.datasource.url=jdbc:jtds:sqlserver://172.16.0.13/BDControlOrdenes
2026-06-23 12:25:28.613  INFO 21044 --- [           main] c.e.T.config.StartupInfoLogger           : app.central.datasource.driver-class-name=net.sourceforge.jtds.jdbc.Driver
2026-06-23 12:25:28.614  INFO 21044 --- [           main] c.e.T.config.StartupInfoLogger           : app.cuadrilla.mail.enabled=true
2026-06-23 12:25:28.614  INFO 21044 --- [           main] c.e.T.config.StartupInfoLogger           : app.cuadrilla.mail.to=cabrerajosue715@gmail.com
2026-06-23 12:25:28.614  INFO 21044 --- [           main] c.e.T.config.StartupInfoLogger           : app.cuadrilla.mail.from=sistemas_sc@makiro.com.bo
2026-06-23 12:25:28.615  INFO 21044 --- [           main] c.e.T.config.StartupInfoLogger           : spring.mail.host=vps-1537170-x.dattaweb.com
2026-06-23 12:25:28.616  INFO 21044 --- [           main] c.e.T.config.StartupInfoLogger           : spring.mail.port=587
2026-06-23 12:25:28.616  INFO 21044 --- [           main] c.e.T.config.StartupInfoLogger           : java.version=21.0.8
2026-06-23 12:25:28.616  INFO 21044 --- [           main] c.e.T.config.StartupInfoLogger           : java.home=C:\Program Files\Java\jdk-21
2026-06-23 12:25:28.616  INFO 21044 --- [           main] c.e.T.config.StartupInfoLogger           : java.security.properties=null
2026-06-23 12:25:28.617  INFO 21044 --- [           main] c.e.T.config.StartupInfoLogger           : jdk.tls.client.protocols=null
2026-06-23 12:25:28.617  INFO 21044 --- [           main] c.e.T.config.StartupInfoLogger           : https.protocols=null
2026-06-23 12:25:28.618  INFO 21044 --- [           main] c.e.T.config.StartupInfoLogger           : jdk.tls.disabledAlgorithms=SSLv3, TLSv1.1, DTLSv1.0, RC4, DES, MD5withRSA, DH keySize < 1024, EC keySize < 224, 3DES_EDE_CBC, anon, NULL, ECDH
2026-06-23 12:25:28.619 DEBUG 21044 --- [           main] o.s.b.a.ApplicationAvailabilityBean      : Application availability state ReadinessState changed to ACCEPTING_TRAFFIC
2026-06-23 12:25:32.564  INFO 21044 --- [nio-9060-exec-1] o.a.c.c.C.[Tomcat].[localhost].[/]       : Initializing Spring DispatcherServlet 'dispatcherServlet'
2026-06-23 12:25:32.565  INFO 21044 --- [nio-9060-exec-1] o.s.web.servlet.DispatcherServlet        : Initializing Servlet 'dispatcherServlet'
2026-06-23 12:25:32.565 DEBUG 21044 --- [nio-9060-exec-1] o.s.web.servlet.DispatcherServlet        : Detected StandardServletMultipartResolver
2026-06-23 12:25:32.566 DEBUG 21044 --- [nio-9060-exec-1] o.s.web.servlet.DispatcherServlet        : Detected AcceptHeaderLocaleResolver
2026-06-23 12:25:32.567 DEBUG 21044 --- [nio-9060-exec-1] o.s.web.servlet.DispatcherServlet        : Detected FixedThemeResolver
2026-06-23 12:25:32.568 DEBUG 21044 --- [nio-9060-exec-1] o.s.web.servlet.DispatcherServlet        : Detected org.springframework.web.servlet.view.DefaultRequestToViewNameTranslator@284b6660
2026-06-23 12:25:32.569 DEBUG 21044 --- [nio-9060-exec-1] o.s.web.servlet.DispatcherServlet        : Detected org.springframework.web.servlet.support.SessionFlashMapManager@3f61cb84
2026-06-23 12:25:32.569 DEBUG 21044 --- [nio-9060-exec-1] o.s.web.servlet.DispatcherServlet        : enableLoggingRequestDetails='false': request parameters and headers will be masked to prevent unsafe logging of potentially sensitive data
2026-06-23 12:25:32.569  INFO 21044 --- [nio-9060-exec-1] o.s.web.servlet.DispatcherServlet        : Completed initialization in 4 ms
2026-06-23 12:25:32.582 DEBUG 21044 --- [nio-9060-exec-1] o.s.web.servlet.DispatcherServlet        : GET "/auth/sucursales", parameters={}
2026-06-23 12:25:32.586 DEBUG 21044 --- [nio-9060-exec-1] s.w.s.m.m.a.RequestMappingHandlerMapping : Mapped to com.example.TigoStarSystem.auth.controller.AuthController#listarSucursales()
2026-06-23 12:25:32.627  INFO 21044 --- [nio-9060-exec-1] c.e.T.auth.controller.AuthController     : Request GET /auth/sucursales
2026-06-23 12:25:32.631 DEBUG 21044 --- [nio-9060-exec-1] o.s.jdbc.core.JdbcTemplate               : Executing SQL query [EXEC dbo.spx_ObtenerSucursalesConexionWeb]
2026-06-23 12:25:32.634 DEBUG 21044 --- [nio-9060-exec-1] o.s.jdbc.datasource.DataSourceUtils      : Fetching JDBC Connection from DataSource
2026-06-23 12:25:32.635 DEBUG 21044 --- [nio-9060-exec-1] com.zaxxer.hikari.HikariConfig           : HikariPool-1 - configuration:
2026-06-23 12:25:32.637 DEBUG 21044 --- [nio-9060-exec-1] com.zaxxer.hikari.HikariConfig           : allowPoolSuspension................................false
2026-06-23 12:25:32.637 DEBUG 21044 --- [nio-9060-exec-1] com.zaxxer.hikari.HikariConfig           : autoCommit................................true
2026-06-23 12:25:32.638 DEBUG 21044 --- [nio-9060-exec-1] com.zaxxer.hikari.HikariConfig           : catalog................................none
2026-06-23 12:25:32.638 DEBUG 21044 --- [nio-9060-exec-1] com.zaxxer.hikari.HikariConfig           : connectionInitSql................................none
2026-06-23 12:25:32.639 DEBUG 21044 --- [nio-9060-exec-1] com.zaxxer.hikari.HikariConfig           : connectionTestQuery................................"SELECT 1"
2026-06-23 12:25:32.639 DEBUG 21044 --- [nio-9060-exec-1] com.zaxxer.hikari.HikariConfig           : connectionTimeout................................15000
2026-06-23 12:25:32.639 DEBUG 21044 --- [nio-9060-exec-1] com.zaxxer.hikari.HikariConfig           : dataSource................................none
2026-06-23 12:25:32.639 DEBUG 21044 --- [nio-9060-exec-1] com.zaxxer.hikari.HikariConfig           : dataSourceClassName................................none
2026-06-23 12:25:32.640 DEBUG 21044 --- [nio-9060-exec-1] com.zaxxer.hikari.HikariConfig           : dataSourceJNDI................................none
2026-06-23 12:25:32.640 DEBUG 21044 --- [nio-9060-exec-1] com.zaxxer.hikari.HikariConfig           : dataSourceProperties................................{password=<masked>}
2026-06-23 12:25:32.640 DEBUG 21044 --- [nio-9060-exec-1] com.zaxxer.hikari.HikariConfig           : driverClassName................................"net.sourceforge.jtds.jdbc.Driver"
2026-06-23 12:25:32.641 DEBUG 21044 --- [nio-9060-exec-1] com.zaxxer.hikari.HikariConfig           : exceptionOverrideClassName................................none
2026-06-23 12:25:32.641 DEBUG 21044 --- [nio-9060-exec-1] com.zaxxer.hikari.HikariConfig           : healthCheckProperties................................{}
2026-06-23 12:25:32.641 DEBUG 21044 --- [nio-9060-exec-1] com.zaxxer.hikari.HikariConfig           : healthCheckRegistry................................none
2026-06-23 12:25:32.642 DEBUG 21044 --- [nio-9060-exec-1] com.zaxxer.hikari.HikariConfig           : idleTimeout................................300000
2026-06-23 12:25:32.642 DEBUG 21044 --- [nio-9060-exec-1] com.zaxxer.hikari.HikariConfig           : initializationFailTimeout................................-1
2026-06-23 12:25:32.643 DEBUG 21044 --- [nio-9060-exec-1] com.zaxxer.hikari.HikariConfig           : isolateInternalQueries................................false
2026-06-23 12:25:32.643 DEBUG 21044 --- [nio-9060-exec-1] com.zaxxer.hikari.HikariConfig           : jdbcUrl................................jdbc:jtds:sqlserver://tigo.makiro.com.bo/BDSistemaAntenaPM
2026-06-23 12:25:32.644 DEBUG 21044 --- [nio-9060-exec-1] com.zaxxer.hikari.HikariConfig           : keepaliveTime................................120000
2026-06-23 12:25:32.644 DEBUG 21044 --- [nio-9060-exec-1] com.zaxxer.hikari.HikariConfig           : leakDetectionThreshold................................0
2026-06-23 12:25:32.644 DEBUG 21044 --- [nio-9060-exec-1] com.zaxxer.hikari.HikariConfig           : maxLifetime................................900000
2026-06-23 12:25:32.644 DEBUG 21044 --- [nio-9060-exec-1] com.zaxxer.hikari.HikariConfig           : maximumPoolSize................................10
2026-06-23 12:25:32.644 DEBUG 21044 --- [nio-9060-exec-1] com.zaxxer.hikari.HikariConfig           : metricRegistry................................none
2026-06-23 12:25:32.645 DEBUG 21044 --- [nio-9060-exec-1] com.zaxxer.hikari.HikariConfig           : metricsTrackerFactory................................none
2026-06-23 12:25:32.645 DEBUG 21044 --- [nio-9060-exec-1] com.zaxxer.hikari.HikariConfig           : minimumIdle................................0
2026-06-23 12:25:32.645 DEBUG 21044 --- [nio-9060-exec-1] com.zaxxer.hikari.HikariConfig           : password................................<masked>
2026-06-23 12:25:32.645 DEBUG 21044 --- [nio-9060-exec-1] com.zaxxer.hikari.HikariConfig           : poolName................................"HikariPool-1"
2026-06-23 12:25:32.646 DEBUG 21044 --- [nio-9060-exec-1] com.zaxxer.hikari.HikariConfig           : readOnly................................false
2026-06-23 12:25:32.646 DEBUG 21044 --- [nio-9060-exec-1] com.zaxxer.hikari.HikariConfig           : registerMbeans................................false
2026-06-23 12:25:32.646 DEBUG 21044 --- [nio-9060-exec-1] com.zaxxer.hikari.HikariConfig           : scheduledExecutor................................none
2026-06-23 12:25:32.646 DEBUG 21044 --- [nio-9060-exec-1] com.zaxxer.hikari.HikariConfig           : schema................................none
2026-06-23 12:25:32.647 DEBUG 21044 --- [nio-9060-exec-1] com.zaxxer.hikari.HikariConfig           : threadFactory................................internal
2026-06-23 12:25:32.647 DEBUG 21044 --- [nio-9060-exec-1] com.zaxxer.hikari.HikariConfig           : transactionIsolation................................default
2026-06-23 12:25:32.647 DEBUG 21044 --- [nio-9060-exec-1] com.zaxxer.hikari.HikariConfig           : username................................"sistemas"
2026-06-23 12:25:32.647 DEBUG 21044 --- [nio-9060-exec-1] com.zaxxer.hikari.HikariConfig           : validationTimeout................................5000
2026-06-23 12:25:32.648  INFO 21044 --- [nio-9060-exec-1] com.zaxxer.hikari.HikariDataSource       : HikariPool-1 - Starting...
2026-06-23 12:25:32.648  INFO 21044 --- [nio-9060-exec-1] com.zaxxer.hikari.HikariDataSource       : HikariPool-1 - Start completed.
2026-06-23 12:25:32.759 DEBUG 21044 --- [l-1 housekeeper] com.zaxxer.hikari.pool.HikariPool        : HikariPool-1 - Before cleanup stats (total=0, active=0, idle=0, waiting=1)
2026-06-23 12:25:32.760 DEBUG 21044 --- [l-1 housekeeper] com.zaxxer.hikari.pool.HikariPool        : HikariPool-1 - After cleanup  stats (total=0, active=0, idle=0, waiting=1)
2026-06-23 12:25:32.760 DEBUG 21044 --- [l-1 housekeeper] com.zaxxer.hikari.pool.HikariPool        : HikariPool-1 - Fill pool skipped, pool is at sufficient level.
2026-06-23 12:25:32.839  INFO 21044 --- [onnection adder] com.zaxxer.hikari.pool.PoolBase          : HikariPool-1 - Driver does not support get/set network timeout for connections. (null)
2026-06-23 12:25:32.868 DEBUG 21044 --- [onnection adder] com.zaxxer.hikari.pool.HikariPool        : HikariPool-1 - Added connection net.sourceforge.jtds.jdbc.JtdsConnection@423f9f5e
2026-06-23 12:25:32.978 DEBUG 21044 --- [nio-9060-exec-1] o.s.w.s.m.m.a.HttpEntityMethodProcessor  : Using 'application/json', given [*/*] and supported [application/json, application/*+json, application/json, application/*+json]
2026-06-23 12:25:32.978 DEBUG 21044 --- [nio-9060-exec-1] o.s.w.s.m.m.a.HttpEntityMethodProcessor  : Writing [com.example.TigoStarSystem.common.ApiResponse@67f867f2]
2026-06-23 12:25:32.996 DEBUG 21044 --- [nio-9060-exec-1] o.s.web.servlet.DispatcherServlet        : Completed 200 OK
2026-06-23 12:25:33.065 DEBUG 21044 --- [nio-9060-exec-2] o.s.web.servlet.DispatcherServlet        : POST "/auth/login", parameters={}
2026-06-23 12:25:33.066 DEBUG 21044 --- [nio-9060-exec-2] s.w.s.m.m.a.RequestMappingHandlerMapping : Mapped to com.example.TigoStarSystem.auth.controller.AuthController#login(AuthLoginRequest)
2026-06-23 12:25:33.100 DEBUG 21044 --- [nio-9060-exec-2] m.m.a.RequestResponseBodyMethodProcessor : Read "application/json;charset=UTF-8" to [com.example.TigoStarSystem.auth.dto.AuthLoginRequest@757f695e]
2026-06-23 12:25:33.131  INFO 21044 --- [nio-9060-exec-2] c.e.T.auth.service.AuthService           : Login attempt usuario=juyuni, idSucursal=9, validarSucursal=false
2026-06-23 12:25:33.132 DEBUG 21044 --- [nio-9060-exec-2] o.s.jdbc.core.JdbcTemplate               : Executing SQL query [EXEC dbo.spx_ObtenerSucursalesConexionWeb]
2026-06-23 12:25:33.132 DEBUG 21044 --- [nio-9060-exec-2] o.s.jdbc.datasource.DataSourceUtils      : Fetching JDBC Connection from DataSource
2026-06-23 12:25:33.192 DEBUG 21044 --- [nio-9060-exec-2] c.e.T.auth.service.AuthService           : Sucursal resolved idSucursal=9, host=tigo.makiro.com.bo, baseDeDatos=BDSistemaAntenaPM
2026-06-23 12:25:33.193 DEBUG 21044 --- [nio-9060-exec-2] c.e.T.auth.service.AuthService           : Login target attempt=1 idSucursal=9, sucursal=SantaCruz, host=tigo.makiro.com.bo, baseDeDatos=BDSistemaAntenaPM
2026-06-23 12:25:33.194 DEBUG 21044 --- [nio-9060-exec-2] c.e.T.auth.service.AuthService           : Creating JDBC connection for sucursal host=tigo.makiro.com.bo baseDeDatos=BDSistemaAntenaPM
2026-06-23 12:25:33.194 DEBUG 21044 --- [nio-9060-exec-2] com.zaxxer.hikari.HikariConfig           : Driver class net.sourceforge.jtds.jdbc.Driver found in Thread context class loader TomcatEmbeddedWebappClassLoader
  context: ROOT
  delegate: true
----------> Parent Classloader:
jdk.internal.loader.ClassLoaders$AppClassLoader@70dea4e

2026-06-23 12:25:33.195 DEBUG 21044 --- [nio-9060-exec-2] com.zaxxer.hikari.HikariConfig           : ConnDb-SantaCruz - configuration:
2026-06-23 12:25:33.196 DEBUG 21044 --- [nio-9060-exec-2] com.zaxxer.hikari.HikariConfig           : allowPoolSuspension................................false
2026-06-23 12:25:33.200 DEBUG 21044 --- [nio-9060-exec-2] com.zaxxer.hikari.HikariConfig           : autoCommit................................true
2026-06-23 12:25:33.202 DEBUG 21044 --- [nio-9060-exec-2] com.zaxxer.hikari.HikariConfig           : catalog................................none
2026-06-23 12:25:33.202 DEBUG 21044 --- [nio-9060-exec-2] com.zaxxer.hikari.HikariConfig           : connectionInitSql................................none
2026-06-23 12:25:33.202 DEBUG 21044 --- [nio-9060-exec-2] com.zaxxer.hikari.HikariConfig           : connectionTestQuery................................"SELECT 1"
2026-06-23 12:25:33.203 DEBUG 21044 --- [nio-9060-exec-2] com.zaxxer.hikari.HikariConfig           : connectionTimeout................................30000
2026-06-23 12:25:33.203 DEBUG 21044 --- [nio-9060-exec-2] com.zaxxer.hikari.HikariConfig           : dataSource................................none
2026-06-23 12:25:33.203 DEBUG 21044 --- [nio-9060-exec-2] com.zaxxer.hikari.HikariConfig           : dataSourceClassName................................none
2026-06-23 12:25:33.204 DEBUG 21044 --- [nio-9060-exec-2] com.zaxxer.hikari.HikariConfig           : dataSourceJNDI................................none
2026-06-23 12:25:33.204 DEBUG 21044 --- [nio-9060-exec-2] com.zaxxer.hikari.HikariConfig           : dataSourceProperties................................{password=<masked>}
2026-06-23 12:25:33.204 DEBUG 21044 --- [nio-9060-exec-2] com.zaxxer.hikari.HikariConfig           : driverClassName................................"net.sourceforge.jtds.jdbc.Driver"
2026-06-23 12:25:33.205 DEBUG 21044 --- [nio-9060-exec-2] com.zaxxer.hikari.HikariConfig           : exceptionOverrideClassName................................none
2026-06-23 12:25:33.205 DEBUG 21044 --- [nio-9060-exec-2] com.zaxxer.hikari.HikariConfig           : healthCheckProperties................................{}
2026-06-23 12:25:33.206 DEBUG 21044 --- [nio-9060-exec-2] com.zaxxer.hikari.HikariConfig           : healthCheckRegistry................................none
2026-06-23 12:25:33.207 DEBUG 21044 --- [nio-9060-exec-2] com.zaxxer.hikari.HikariConfig           : idleTimeout................................600000
2026-06-23 12:25:33.207 DEBUG 21044 --- [nio-9060-exec-2] com.zaxxer.hikari.HikariConfig           : initializationFailTimeout................................-1
2026-06-23 12:25:33.207 DEBUG 21044 --- [nio-9060-exec-2] com.zaxxer.hikari.HikariConfig           : isolateInternalQueries................................false
2026-06-23 12:25:33.208 DEBUG 21044 --- [nio-9060-exec-2] com.zaxxer.hikari.HikariConfig           : jdbcUrl................................jdbc:jtds:sqlserver://tigo.makiro.com.bo/BDSistemaAntenaPM
2026-06-23 12:25:33.208 DEBUG 21044 --- [nio-9060-exec-2] com.zaxxer.hikari.HikariConfig           : keepaliveTime................................0
2026-06-23 12:25:33.208 DEBUG 21044 --- [nio-9060-exec-2] com.zaxxer.hikari.HikariConfig           : leakDetectionThreshold................................0
2026-06-23 12:25:33.209 DEBUG 21044 --- [nio-9060-exec-2] com.zaxxer.hikari.HikariConfig           : maxLifetime................................1800000
2026-06-23 12:25:33.209 DEBUG 21044 --- [nio-9060-exec-2] com.zaxxer.hikari.HikariConfig           : maximumPoolSize................................5
2026-06-23 12:25:33.209 DEBUG 21044 --- [nio-9060-exec-2] com.zaxxer.hikari.HikariConfig           : metricRegistry................................none
2026-06-23 12:25:33.209 DEBUG 21044 --- [nio-9060-exec-2] com.zaxxer.hikari.HikariConfig           : metricsTrackerFactory................................none
2026-06-23 12:25:33.209 DEBUG 21044 --- [nio-9060-exec-2] com.zaxxer.hikari.HikariConfig           : minimumIdle................................0
2026-06-23 12:25:33.210 DEBUG 21044 --- [nio-9060-exec-2] com.zaxxer.hikari.HikariConfig           : password................................<masked>
2026-06-23 12:25:33.210 DEBUG 21044 --- [nio-9060-exec-2] com.zaxxer.hikari.HikariConfig           : poolName................................"ConnDb-SantaCruz"
2026-06-23 12:25:33.210 DEBUG 21044 --- [nio-9060-exec-2] com.zaxxer.hikari.HikariConfig           : readOnly................................false
2026-06-23 12:25:33.210 DEBUG 21044 --- [nio-9060-exec-2] com.zaxxer.hikari.HikariConfig           : registerMbeans................................false
2026-06-23 12:25:33.211 DEBUG 21044 --- [nio-9060-exec-2] com.zaxxer.hikari.HikariConfig           : scheduledExecutor................................none
2026-06-23 12:25:33.211 DEBUG 21044 --- [nio-9060-exec-2] com.zaxxer.hikari.HikariConfig           : schema................................none
2026-06-23 12:25:33.211 DEBUG 21044 --- [nio-9060-exec-2] com.zaxxer.hikari.HikariConfig           : threadFactory................................internal
2026-06-23 12:25:33.211 DEBUG 21044 --- [nio-9060-exec-2] com.zaxxer.hikari.HikariConfig           : transactionIsolation................................default
2026-06-23 12:25:33.212 DEBUG 21044 --- [nio-9060-exec-2] com.zaxxer.hikari.HikariConfig           : username................................"sistemas"
2026-06-23 12:25:33.212 DEBUG 21044 --- [nio-9060-exec-2] com.zaxxer.hikari.HikariConfig           : validationTimeout................................5000
2026-06-23 12:25:33.213  INFO 21044 --- [nio-9060-exec-2] com.zaxxer.hikari.HikariDataSource       : ConnDb-SantaCruz - Starting...
2026-06-23 12:25:33.214  INFO 21044 --- [nio-9060-exec-2] com.zaxxer.hikari.HikariDataSource       : ConnDb-SantaCruz - Start completed.
2026-06-23 12:25:33.214 DEBUG 21044 --- [nio-9060-exec-2] c.e.T.auth.service.AuthService           : Calling SP dbo.spx_ValidarUsuario
2026-06-23 12:25:33.218 DEBUG 21044 --- [nio-9060-exec-2] o.s.jdbc.core.JdbcTemplate               : Executing prepared SQL query
2026-06-23 12:25:33.219 DEBUG 21044 --- [nio-9060-exec-2] o.s.jdbc.core.JdbcTemplate               : Executing prepared SQL statement [EXEC dbo.spx_ValidarUsuario ?, ?]
2026-06-23 12:25:33.219 DEBUG 21044 --- [nio-9060-exec-2] o.s.jdbc.datasource.DataSourceUtils      : Fetching JDBC Connection from DataSource
2026-06-23 12:25:33.319 DEBUG 21044 --- [ruz housekeeper] com.zaxxer.hikari.pool.HikariPool        : ConnDb-SantaCruz - Before cleanup stats (total=0, active=0, idle=0, waiting=1)
2026-06-23 12:25:33.320 DEBUG 21044 --- [ruz housekeeper] com.zaxxer.hikari.pool.HikariPool        : ConnDb-SantaCruz - After cleanup  stats (total=0, active=0, idle=0, waiting=1)
2026-06-23 12:25:33.320 DEBUG 21044 --- [ruz housekeeper] com.zaxxer.hikari.pool.HikariPool        : ConnDb-SantaCruz - Fill pool skipped, pool is at sufficient level.
2026-06-23 12:25:33.439  INFO 21044 --- [onnection adder] com.zaxxer.hikari.pool.PoolBase          : ConnDb-SantaCruz - Driver does not support get/set network timeout for connections. (null)
2026-06-23 12:25:33.469 DEBUG 21044 --- [onnection adder] com.zaxxer.hikari.pool.HikariPool        : ConnDb-SantaCruz - Added connection net.sourceforge.jtds.jdbc.JtdsConnection@2208dfee
2026-06-23 12:25:33.555 DEBUG 21044 --- [nio-9060-exec-2] c.e.T.auth.service.AuthService           : Login SP returned 1 rows
2026-06-23 12:25:33.586  INFO 21044 --- [nio-9060-exec-2] c.e.T.auth.controller.AuthController     : User {} logged in successfully.
2026-06-23 12:25:33.588 DEBUG 21044 --- [nio-9060-exec-2] o.s.w.s.m.m.a.HttpEntityMethodProcessor  : Using 'application/json', given [*/*] and supported [application/json, application/*+json, application/json, application/*+json]
2026-06-23 12:25:33.589 DEBUG 21044 --- [nio-9060-exec-2] o.s.w.s.m.m.a.HttpEntityMethodProcessor  : Writing [com.example.TigoStarSystem.common.ApiResponse@1aba9500]
2026-06-23 12:25:33.591 DEBUG 21044 --- [nio-9060-exec-2] o.s.web.servlet.DispatcherServlet        : Completed 200 OK
2026-06-23 12:25:33.603 DEBUG 21044 --- [nio-9060-exec-3] o.s.web.servlet.DispatcherServlet        : GET "/boleta-digital/ots", parameters={}
2026-06-23 12:25:33.604 DEBUG 21044 --- [nio-9060-exec-3] s.w.s.m.m.a.RequestMappingHandlerMapping : Mapped to com.example.TigoStarSystem.boletadigital.controller.BoletaDigitalController#listar(String)
2026-06-23 12:25:33.629 DEBUG 21044 --- [nio-9060-exec-3] o.s.jdbc.core.JdbcTemplate               : Executing SQL query [EXEC dbo.spx_ObtenerSucursalesConexionWeb]
2026-06-23 12:25:33.630 DEBUG 21044 --- [nio-9060-exec-3] o.s.jdbc.datasource.DataSourceUtils      : Fetching JDBC Connection from DataSource
2026-06-23 12:25:33.702 DEBUG 21044 --- [nio-9060-exec-3] com.zaxxer.hikari.HikariConfig           : Driver class net.sourceforge.jtds.jdbc.Driver found in Thread context class loader TomcatEmbeddedWebappClassLoader
  context: ROOT
  delegate: true
----------> Parent Classloader:
jdk.internal.loader.ClassLoaders$AppClassLoader@70dea4e

2026-06-23 12:25:33.703 DEBUG 21044 --- [nio-9060-exec-3] com.zaxxer.hikari.HikariConfig           : ConnDb-boleta-digital-sucursal-9 - configuration:
2026-06-23 12:25:33.704 DEBUG 21044 --- [nio-9060-exec-3] com.zaxxer.hikari.HikariConfig           : allowPoolSuspension................................false
2026-06-23 12:25:33.704 DEBUG 21044 --- [nio-9060-exec-3] com.zaxxer.hikari.HikariConfig           : autoCommit................................true
2026-06-23 12:25:33.705 DEBUG 21044 --- [nio-9060-exec-3] com.zaxxer.hikari.HikariConfig           : catalog................................none
2026-06-23 12:25:33.705 DEBUG 21044 --- [nio-9060-exec-3] com.zaxxer.hikari.HikariConfig           : connectionInitSql................................none
2026-06-23 12:25:33.705 DEBUG 21044 --- [nio-9060-exec-3] com.zaxxer.hikari.HikariConfig           : connectionTestQuery................................"SELECT 1"
2026-06-23 12:25:33.706 DEBUG 21044 --- [nio-9060-exec-3] com.zaxxer.hikari.HikariConfig           : connectionTimeout................................30000
2026-06-23 12:25:33.706 DEBUG 21044 --- [nio-9060-exec-3] com.zaxxer.hikari.HikariConfig           : dataSource................................none
2026-06-23 12:25:33.707 DEBUG 21044 --- [nio-9060-exec-3] com.zaxxer.hikari.HikariConfig           : dataSourceClassName................................none
2026-06-23 12:25:33.707 DEBUG 21044 --- [nio-9060-exec-3] com.zaxxer.hikari.HikariConfig           : dataSourceJNDI................................none
2026-06-23 12:25:33.707 DEBUG 21044 --- [nio-9060-exec-3] com.zaxxer.hikari.HikariConfig           : dataSourceProperties................................{password=<masked>}
2026-06-23 12:25:33.707 DEBUG 21044 --- [nio-9060-exec-3] com.zaxxer.hikari.HikariConfig           : driverClassName................................"net.sourceforge.jtds.jdbc.Driver"
2026-06-23 12:25:33.708 DEBUG 21044 --- [nio-9060-exec-3] com.zaxxer.hikari.HikariConfig           : exceptionOverrideClassName................................none
2026-06-23 12:25:33.708 DEBUG 21044 --- [nio-9060-exec-3] com.zaxxer.hikari.HikariConfig           : healthCheckProperties................................{}
2026-06-23 12:25:33.709 DEBUG 21044 --- [nio-9060-exec-3] com.zaxxer.hikari.HikariConfig           : healthCheckRegistry................................none
2026-06-23 12:25:33.709 DEBUG 21044 --- [nio-9060-exec-3] com.zaxxer.hikari.HikariConfig           : idleTimeout................................600000
2026-06-23 12:25:33.709 DEBUG 21044 --- [nio-9060-exec-3] com.zaxxer.hikari.HikariConfig           : initializationFailTimeout................................-1
2026-06-23 12:25:33.709 DEBUG 21044 --- [nio-9060-exec-3] com.zaxxer.hikari.HikariConfig           : isolateInternalQueries................................false
2026-06-23 12:25:33.709 DEBUG 21044 --- [nio-9060-exec-3] com.zaxxer.hikari.HikariConfig           : jdbcUrl................................jdbc:jtds:sqlserver://tigo.makiro.com.bo/BDSistemaAntenaPM
2026-06-23 12:25:33.710 DEBUG 21044 --- [nio-9060-exec-3] com.zaxxer.hikari.HikariConfig           : keepaliveTime................................0
2026-06-23 12:25:33.710 DEBUG 21044 --- [nio-9060-exec-3] com.zaxxer.hikari.HikariConfig           : leakDetectionThreshold................................0
2026-06-23 12:25:33.710 DEBUG 21044 --- [nio-9060-exec-3] com.zaxxer.hikari.HikariConfig           : maxLifetime................................1800000
2026-06-23 12:25:33.710 DEBUG 21044 --- [nio-9060-exec-3] com.zaxxer.hikari.HikariConfig           : maximumPoolSize................................5
2026-06-23 12:25:33.711 DEBUG 21044 --- [nio-9060-exec-3] com.zaxxer.hikari.HikariConfig           : metricRegistry................................none
2026-06-23 12:25:33.711 DEBUG 21044 --- [nio-9060-exec-3] com.zaxxer.hikari.HikariConfig           : metricsTrackerFactory................................none
2026-06-23 12:25:33.711 DEBUG 21044 --- [nio-9060-exec-3] com.zaxxer.hikari.HikariConfig           : minimumIdle................................0
2026-06-23 12:25:33.711 DEBUG 21044 --- [nio-9060-exec-3] com.zaxxer.hikari.HikariConfig           : password................................<masked>
2026-06-23 12:25:33.712 DEBUG 21044 --- [nio-9060-exec-3] com.zaxxer.hikari.HikariConfig           : poolName................................"ConnDb-boleta-digital-sucursal-9"
2026-06-23 12:25:33.712 DEBUG 21044 --- [nio-9060-exec-3] com.zaxxer.hikari.HikariConfig           : readOnly................................false
2026-06-23 12:25:33.713 DEBUG 21044 --- [nio-9060-exec-3] com.zaxxer.hikari.HikariConfig           : registerMbeans................................false
2026-06-23 12:25:33.713 DEBUG 21044 --- [nio-9060-exec-3] com.zaxxer.hikari.HikariConfig           : scheduledExecutor................................none
2026-06-23 12:25:33.713 DEBUG 21044 --- [nio-9060-exec-3] com.zaxxer.hikari.HikariConfig           : schema................................none
2026-06-23 12:25:33.713 DEBUG 21044 --- [nio-9060-exec-3] com.zaxxer.hikari.HikariConfig           : threadFactory................................internal
2026-06-23 12:25:33.713 DEBUG 21044 --- [nio-9060-exec-3] com.zaxxer.hikari.HikariConfig           : transactionIsolation................................default
2026-06-23 12:25:33.714 DEBUG 21044 --- [nio-9060-exec-3] com.zaxxer.hikari.HikariConfig           : username................................"sistemas"
2026-06-23 12:25:33.714 DEBUG 21044 --- [nio-9060-exec-3] com.zaxxer.hikari.HikariConfig           : validationTimeout................................5000
2026-06-23 12:25:33.714  INFO 21044 --- [nio-9060-exec-3] com.zaxxer.hikari.HikariDataSource       : ConnDb-boleta-digital-sucursal-9 - Starting...
2026-06-23 12:25:33.715  INFO 21044 --- [nio-9060-exec-3] com.zaxxer.hikari.HikariDataSource       : ConnDb-boleta-digital-sucursal-9 - Start completed.
2026-06-23 12:25:33.717 DEBUG 21044 --- [nio-9060-exec-3] o.s.jdbc.core.JdbcTemplate               : Executing SQL statement [IF OBJECT_ID('dbo.tbl_ventaArchivoDigital', 'U') IS NULL BEGIN CREATE TABLE dbo.tbl_ventaArchivoDigital (id INT IDENTITY(1,1) NOT NULL PRIMARY KEY, id_venta INT NULL, nombreArchivoAnterior NVARCHAR(MAX) NULL, fechaRegistro DATETIME NULL, usuario NVARCHAR(150) NULL); END; IF COL_LENGTH('dbo.tbl_ventaArchivoDigital', 'nombreArchivoNuevo') IS NULL BEGIN ALTER TABLE dbo.tbl_ventaArchivoDigital ADD nombreArchivoNuevo NVARCHAR(MAX) NULL; END; IF COL_LENGTH('dbo.tbl_ventaArchivoDigital', 'comparacion') IS NULL BEGIN ALTER TABLE dbo.tbl_ventaArchivoDigital ADD comparacion NVARCHAR(30) NULL; END;]
2026-06-23 12:25:33.718 DEBUG 21044 --- [nio-9060-exec-3] o.s.jdbc.datasource.DataSourceUtils      : Fetching JDBC Connection from DataSource
2026-06-23 12:25:33.816 DEBUG 21044 --- [l-9 housekeeper] com.zaxxer.hikari.pool.HikariPool        : ConnDb-boleta-digital-sucursal-9 - Before cleanup stats (total=0, active=0, idle=0, waiting=1)
2026-06-23 12:25:33.817 DEBUG 21044 --- [l-9 housekeeper] com.zaxxer.hikari.pool.HikariPool        : ConnDb-boleta-digital-sucursal-9 - After cleanup  stats (total=0, active=0, idle=0, waiting=1)
2026-06-23 12:25:33.817 DEBUG 21044 --- [l-9 housekeeper] com.zaxxer.hikari.pool.HikariPool        : ConnDb-boleta-digital-sucursal-9 - Fill pool skipped, pool is at sufficient level.
2026-06-23 12:25:33.880  INFO 21044 --- [onnection adder] com.zaxxer.hikari.pool.PoolBase          : ConnDb-boleta-digital-sucursal-9 - Driver does not support get/set network timeout for connections. (null)
2026-06-23 12:25:33.902 DEBUG 21044 --- [onnection adder] com.zaxxer.hikari.pool.HikariPool        : ConnDb-boleta-digital-sucursal-9 - Added connection net.sourceforge.jtds.jdbc.JtdsConnection@7d62a09
2026-06-23 12:25:33.935 DEBUG 21044 --- [nio-9060-exec-3] o.s.jdbc.core.JdbcTemplate               : Executing SQL query [EXEC dbo.spx_EnlistarOtArchivo_web]
2026-06-23 12:25:33.936 DEBUG 21044 --- [nio-9060-exec-3] o.s.jdbc.datasource.DataSourceUtils      : Fetching JDBC Connection from DataSource
2026-06-23 12:25:35.340 DEBUG 21044 --- [nio-9060-exec-3] o.s.jdbc.core.JdbcTemplate               : Executing SQL query [SELECT cliente_nro, OT, OT_FISICA, Estado FROM dbo.tbl_BO_CITA_MAKIRO_Historial WHERE Vigente = 2   AND OT_FISICA IS NOT NULL]
2026-06-23 12:25:35.341 DEBUG 21044 --- [nio-9060-exec-3] o.s.jdbc.datasource.DataSourceUtils      : Fetching JDBC Connection from DataSource
2026-06-23 12:25:35.468  INFO 21044 --- [onnection adder] com.zaxxer.hikari.pool.PoolBase          : CentralHikariPool - Driver does not support get/set network timeout for connections. (null)
2026-06-23 12:25:35.524 DEBUG 21044 --- [onnection adder] com.zaxxer.hikari.pool.HikariPool        : CentralHikariPool - Added connection net.sourceforge.jtds.jdbc.JtdsConnection@2a0ff6c
2026-06-23 12:25:36.506 DEBUG 21044 --- [nio-9060-exec-3] o.s.jdbc.core.JdbcTemplate               : Executing SQL statement [IF OBJECT_ID('dbo.tbl_ventaArchivoDigital', 'U') IS NULL BEGIN CREATE TABLE dbo.tbl_ventaArchivoDigital (id INT IDENTITY(1,1) NOT NULL PRIMARY KEY, id_venta INT NULL, nombreArchivoAnterior NVARCHAR(MAX) NULL, fechaRegistro DATETIME NULL, usuario NVARCHAR(150) NULL); END; IF COL_LENGTH('dbo.tbl_ventaArchivoDigital', 'nombreArchivoNuevo') IS NULL BEGIN ALTER TABLE dbo.tbl_ventaArchivoDigital ADD nombreArchivoNuevo NVARCHAR(MAX) NULL; END; IF COL_LENGTH('dbo.tbl_ventaArchivoDigital', 'comparacion') IS NULL BEGIN ALTER TABLE dbo.tbl_ventaArchivoDigital ADD comparacion NVARCHAR(30) NULL; END;]
2026-06-23 12:25:36.507 DEBUG 21044 --- [nio-9060-exec-3] o.s.jdbc.datasource.DataSourceUtils      : Fetching JDBC Connection from DataSource
2026-06-23 12:25:36.626 DEBUG 21044 --- [nio-9060-exec-3] o.s.jdbc.core.JdbcTemplate               : Executing SQL query [WITH ultimos AS (SELECT id_venta, nombreArchivoNuevo, comparacion, ROW_NUMBER() OVER (PARTITION BY id_venta ORDER BY fechaRegistro DESC, id DESC) AS rn FROM dbo.tbl_ventaArchivoDigital WHERE id_venta IS NOT NULL) SELECT id_venta, nombreArchivoNuevo, comparacion FROM ultimos WHERE rn = 1]
2026-06-23 12:25:36.626 DEBUG 21044 --- [nio-9060-exec-3] o.s.jdbc.datasource.DataSourceUtils      : Fetching JDBC Connection from DataSource
2026-06-23 12:25:36.741 DEBUG 21044 --- [nio-9060-exec-3] o.s.w.s.m.m.a.HttpEntityMethodProcessor  : Using 'application/json', given [*/*] and supported [application/json, application/*+json, application/json, application/*+json]
2026-06-23 12:25:36.742 DEBUG 21044 --- [nio-9060-exec-3] o.s.w.s.m.m.a.HttpEntityMethodProcessor  : Writing [com.example.TigoStarSystem.common.ApiResponse@61e82ab5]
2026-06-23 12:25:36.871 DEBUG 21044 --- [nio-9060-exec-3] o.s.web.servlet.DispatcherServlet        : Completed 200 OK
2026-06-23 12:25:46.751 DEBUG 21044 --- [nio-9060-exec-9] o.s.web.servlet.DispatcherServlet        : POST "/auth/login", parameters={}
2026-06-23 12:25:46.753 DEBUG 21044 --- [nio-9060-exec-9] s.w.s.m.m.a.RequestMappingHandlerMapping : Mapped to com.example.TigoStarSystem.auth.controller.AuthController#login(AuthLoginRequest)
2026-06-23 12:25:46.755 DEBUG 21044 --- [nio-9060-exec-9] m.m.a.RequestResponseBodyMethodProcessor : Read "application/json;charset=UTF-8" to [com.example.TigoStarSystem.auth.dto.AuthLoginRequest@17b52824]
2026-06-23 12:25:46.756  INFO 21044 --- [nio-9060-exec-9] c.e.T.auth.service.AuthService           : Login attempt usuario=gcoca, idSucursal=9, validarSucursal=false
2026-06-23 12:25:46.757 DEBUG 21044 --- [nio-9060-exec-9] o.s.jdbc.core.JdbcTemplate               : Executing SQL query [EXEC dbo.spx_ObtenerSucursalesConexionWeb]
2026-06-23 12:25:46.757 DEBUG 21044 --- [nio-9060-exec-9] o.s.jdbc.datasource.DataSourceUtils      : Fetching JDBC Connection from DataSource
2026-06-23 12:25:46.903 DEBUG 21044 --- [nio-9060-exec-9] c.e.T.auth.service.AuthService           : Sucursal resolved idSucursal=9, host=tigo.makiro.com.bo, baseDeDatos=BDSistemaAntenaPM
2026-06-23 12:25:46.904 DEBUG 21044 --- [nio-9060-exec-9] c.e.T.auth.service.AuthService           : Login target attempt=1 idSucursal=9, sucursal=SantaCruz, host=tigo.makiro.com.bo, baseDeDatos=BDSistemaAntenaPM
2026-06-23 12:25:46.904 DEBUG 21044 --- [nio-9060-exec-9] c.e.T.auth.service.AuthService           : Creating JDBC connection for sucursal host=tigo.makiro.com.bo baseDeDatos=BDSistemaAntenaPM
2026-06-23 12:25:46.904 DEBUG 21044 --- [nio-9060-exec-9] c.e.T.auth.service.AuthService           : Calling SP dbo.spx_ValidarUsuario
2026-06-23 12:25:46.905 DEBUG 21044 --- [nio-9060-exec-9] o.s.jdbc.core.JdbcTemplate               : Executing prepared SQL query
2026-06-23 12:25:46.905 DEBUG 21044 --- [nio-9060-exec-9] o.s.jdbc.core.JdbcTemplate               : Executing prepared SQL statement [EXEC dbo.spx_ValidarUsuario ?, ?]
2026-06-23 12:25:46.906 DEBUG 21044 --- [nio-9060-exec-9] o.s.jdbc.datasource.DataSourceUtils      : Fetching JDBC Connection from DataSource
2026-06-23 12:25:47.012 DEBUG 21044 --- [nio-9060-exec-9] c.e.T.auth.service.AuthService           : Login SP returned 1 rows
2026-06-23 12:25:47.014  INFO 21044 --- [nio-9060-exec-9] c.e.T.auth.controller.AuthController     : User {} logged in successfully.
2026-06-23 12:25:47.015 DEBUG 21044 --- [nio-9060-exec-9] o.s.w.s.m.m.a.HttpEntityMethodProcessor  : Using 'application/json', given [application/json, text/plain, */*] and supported [application/json, application/*+json, application/json, application/*+json]
2026-06-23 12:25:47.016 DEBUG 21044 --- [nio-9060-exec-9] o.s.w.s.m.m.a.HttpEntityMethodProcessor  : Writing [com.example.TigoStarSystem.common.ApiResponse@75f60d91]
2026-06-23 12:25:47.017 DEBUG 21044 --- [nio-9060-exec-9] o.s.web.servlet.DispatcherServlet        : Completed 200 OK
2026-06-23 12:25:47.056 DEBUG 21044 --- [io-9060-exec-10] o.s.web.servlet.DispatcherServlet        : GET "/auth/sucursales", parameters={}
2026-06-23 12:25:47.057 DEBUG 21044 --- [io-9060-exec-10] s.w.s.m.m.a.RequestMappingHandlerMapping : Mapped to com.example.TigoStarSystem.auth.controller.AuthController#listarSucursales()
2026-06-23 12:25:47.058  INFO 21044 --- [io-9060-exec-10] c.e.T.auth.controller.AuthController     : Request GET /auth/sucursales
2026-06-23 12:25:47.058 DEBUG 21044 --- [io-9060-exec-10] o.s.jdbc.core.JdbcTemplate               : Executing SQL query [EXEC dbo.spx_ObtenerSucursalesConexionWeb]
2026-06-23 12:25:47.058 DEBUG 21044 --- [io-9060-exec-10] o.s.jdbc.datasource.DataSourceUtils      : Fetching JDBC Connection from DataSource
2026-06-23 12:25:47.084 DEBUG 21044 --- [io-9060-exec-10] o.s.w.s.m.m.a.HttpEntityMethodProcessor  : Using 'application/json', given [application/json, text/plain, */*] and supported [application/json, application/*+json, application/json, application/*+json]
2026-06-23 12:25:47.085 DEBUG 21044 --- [io-9060-exec-10] o.s.w.s.m.m.a.HttpEntityMethodProcessor  : Writing [com.example.TigoStarSystem.common.ApiResponse@220f03a8]
2026-06-23 12:25:47.085 DEBUG 21044 --- [io-9060-exec-10] o.s.web.servlet.DispatcherServlet        : Completed 200 OK
2026-06-23 12:25:47.339 DEBUG 21044 --- [nio-9060-exec-7] o.s.web.servlet.DispatcherServlet        : GET "/auth/me", parameters={}
2026-06-23 12:25:47.340 DEBUG 21044 --- [nio-9060-exec-7] s.w.s.m.m.a.RequestMappingHandlerMapping : Mapped to com.example.TigoStarSystem.auth.controller.AuthController#me(String)
2026-06-23 12:25:47.345 DEBUG 21044 --- [nio-9060-exec-7] o.s.w.s.m.m.a.HttpEntityMethodProcessor  : Using 'application/json', given [application/json, text/plain, */*] and supported [application/json, application/*+json, application/json, application/*+json]
2026-06-23 12:25:47.345 DEBUG 21044 --- [nio-9060-exec-7] o.s.w.s.m.m.a.HttpEntityMethodProcessor  : Writing [com.example.TigoStarSystem.common.ApiResponse@b89aa25]
2026-06-23 12:25:47.347 DEBUG 21044 --- [nio-9060-exec-7] o.s.web.servlet.DispatcherServlet        : Completed 200 OK
2026-06-23 12:25:47.655 DEBUG 21044 --- [nio-9060-exec-8] o.s.web.servlet.DispatcherServlet        : GET "/auth/permisos", parameters={}
2026-06-23 12:25:47.655 DEBUG 21044 --- [nio-9060-exec-8] s.w.s.m.m.a.RequestMappingHandlerMapping : Mapped to com.example.TigoStarSystem.auth.controller.AuthPermisosController#permisos(String)
2026-06-23 12:25:47.658 DEBUG 21044 --- [nio-9060-exec-8] o.s.jdbc.core.JdbcTemplate               : Executing prepared SQL query
2026-06-23 12:25:47.658 DEBUG 21044 --- [nio-9060-exec-8] o.s.jdbc.core.JdbcTemplate               : Executing prepared SQL statement [SELECT TOP 1 CAST(ut.id AS INT) AS id_usuario_tecnico FROM dbo.tbl_UsuarioTecnico ut WHERE (ut.id_usuario = ? OR ut.idusuario = ? OR ut.id_tecnico = ? OR ut.idtecnico = ?)   AND ISNULL(ut.e_eliminado, 0) = 0]
2026-06-23 12:25:47.658 DEBUG 21044 --- [nio-9060-exec-8] o.s.jdbc.datasource.DataSourceUtils      : Fetching JDBC Connection from DataSource
2026-06-23 12:25:47.891  INFO 21044 --- [onnection adder] com.zaxxer.hikari.pool.PoolBase          : TigoHogarHikariPool - Driver does not support get/set network timeout for connections. (null)
2026-06-23 12:25:47.915 DEBUG 21044 --- [onnection adder] com.zaxxer.hikari.pool.HikariPool        : TigoHogarHikariPool - Added connection net.sourceforge.jtds.jdbc.JtdsConnection@586e76fc
2026-06-23 12:25:48.081 DEBUG 21044 --- [nio-9060-exec-8] o.s.jdbc.datasource.DataSourceUtils      : Fetching JDBC Connection from DataSource
2026-06-23 12:25:48.088 DEBUG 21044 --- [nio-9060-exec-8] o.s.jdbc.core.JdbcTemplate               : Executing prepared SQL query
2026-06-23 12:25:48.088 DEBUG 21044 --- [nio-9060-exec-8] o.s.jdbc.core.JdbcTemplate               : Executing prepared SQL statement [SELECT TOP 1 CAST(ut.Id AS INT) AS id_usuario_tecnico FROM dbo.tbl_UsuarioTecnico ut WHERE (ut.Id_Usuario = ? OR ut.IdUsuario = ? OR ut.Id_Tecnico = ? OR ut.IdTecnico = ?)   AND ISNULL(ut.E_Eliminado, 0) = 0]
2026-06-23 12:25:48.089 DEBUG 21044 --- [nio-9060-exec-8] o.s.jdbc.datasource.DataSourceUtils      : Fetching JDBC Connection from DataSource
2026-06-23 12:25:48.159 DEBUG 21044 --- [nio-9060-exec-8] o.s.jdbc.core.JdbcTemplate               : Executing prepared SQL query
2026-06-23 12:25:48.160 DEBUG 21044 --- [nio-9060-exec-8] o.s.jdbc.core.JdbcTemplate               : Executing prepared SQL statement [SELECT TOP 1 CAST(ut.id AS INT) AS id_usuario_tecnico FROM dbo.tbl_usuariotecnico ut WHERE (ut.id_usuario = ? OR ut.idusuario = ? OR ut.id_tecnico = ? OR ut.idtecnico = ?)   AND ISNULL(ut.e_eliminado, 0) = 0]
2026-06-23 12:25:48.160 DEBUG 21044 --- [nio-9060-exec-8] o.s.jdbc.datasource.DataSourceUtils      : Fetching JDBC Connection from DataSource
2026-06-23 12:25:48.208 DEBUG 21044 --- [nio-9060-exec-8] o.s.jdbc.core.JdbcTemplate               : Executing prepared SQL query
2026-06-23 12:25:48.208 DEBUG 21044 --- [nio-9060-exec-8] o.s.jdbc.core.JdbcTemplate               : Executing prepared SQL statement [SELECT TOP 1 CAST(ut.id AS INT) AS id_usuario_tecnico FROM dbo.tbl_usuaritecnico ut WHERE (ut.id_usuario = ? OR ut.idusuario = ? OR ut.id_tecnico = ? OR ut.idtecnico = ?)   AND ISNULL(ut.e_eliminado, 0) = 0]
2026-06-23 12:25:48.209 DEBUG 21044 --- [nio-9060-exec-8] o.s.jdbc.datasource.DataSourceUtils      : Fetching JDBC Connection from DataSource
2026-06-23 12:25:48.291 DEBUG 21044 --- [nio-9060-exec-8] o.s.jdbc.core.JdbcTemplate               : Executing prepared SQL query
2026-06-23 12:25:48.292 DEBUG 21044 --- [nio-9060-exec-8] o.s.jdbc.core.JdbcTemplate               : Executing prepared SQL statement [SELECT TOP 1 CAST(ut.id_vendedor AS INT) AS id_vendedor FROM dbo.tbl_UsuarioTecnico ut WHERE (ut.id_usuario = ? OR ut.idusuario = ? OR ut.id = ? OR ut.id_tecnico = ? OR ut.idtecnico = ?)   AND ISNULL(ut.e_eliminado, 0) = 0 AND ut.id_vendedor IS NOT NULL]
2026-06-23 12:25:48.292 DEBUG 21044 --- [nio-9060-exec-8] o.s.jdbc.datasource.DataSourceUtils      : Fetching JDBC Connection from DataSource
2026-06-23 12:25:48.435 DEBUG 21044 --- [nio-9060-exec-8] o.s.jdbc.core.JdbcTemplate               : Executing prepared SQL query
2026-06-23 12:25:48.436 DEBUG 21044 --- [nio-9060-exec-8] o.s.jdbc.core.JdbcTemplate               : Executing prepared SQL statement [SELECT TOP 1 CAST(ut.Id_Vendedor AS INT) AS id_vendedor FROM dbo.tbl_UsuarioTecnico ut WHERE (ut.Id_Usuario = ? OR ut.IdUsuario = ? OR ut.Id = ? OR ut.Id_Tecnico = ? OR ut.IdTecnico = ?)   AND ISNULL(ut.E_Eliminado, 0) = 0 AND ut.Id_Vendedor IS NOT NULL]
2026-06-23 12:25:48.436 DEBUG 21044 --- [nio-9060-exec-8] o.s.jdbc.datasource.DataSourceUtils      : Fetching JDBC Connection from DataSource
2026-06-23 12:25:48.648 DEBUG 21044 --- [nio-9060-exec-8] o.s.jdbc.core.JdbcTemplate               : Executing prepared SQL query
2026-06-23 12:25:48.648 DEBUG 21044 --- [nio-9060-exec-8] o.s.jdbc.core.JdbcTemplate               : Executing prepared SQL statement [SELECT TOP 1 CAST(ut.idvendedor AS INT) AS id_vendedor FROM dbo.tbl_usuariotecnico ut WHERE (ut.id_usuario = ? OR ut.idusuario = ? OR ut.id = ? OR ut.id_tecnico = ? OR ut.idtecnico = ?)   AND ISNULL(ut.e_eliminado, 0) = 0 AND ut.idvendedor IS NOT NULL]
2026-06-23 12:25:48.649 DEBUG 21044 --- [nio-9060-exec-8] o.s.jdbc.datasource.DataSourceUtils      : Fetching JDBC Connection from DataSource
2026-06-23 12:25:48.804 DEBUG 21044 --- [nio-9060-exec-8] o.s.jdbc.core.JdbcTemplate               : Executing prepared SQL query
2026-06-23 12:25:48.805 DEBUG 21044 --- [nio-9060-exec-8] o.s.jdbc.core.JdbcTemplate               : Executing prepared SQL statement [SELECT TOP 1 g.id_grupo, ISNULL(g.supervisor_ausente, 0) AS supervisor_ausente, gb.id_grupo_backup, gb.id_usuario_tecnico_temporal, ISNULL(gb.e_activo, 0) AS backup_activo, gb.fecha_inicio, gs.id_usuario AS id_usuario_supervisor FROM dbo.tbl_Grupo g LEFT JOIN dbo.tbl_GrupoSup gs ON gs.id_grupo = g.id_grupo LEFT JOIN dbo.tbl_GrupoBackup gb        ON gb.id_grupo = g.id_grupo       AND ISNULL(gb.e_activo, 0) = 1 WHERE ISNULL(g.e_eliminado, 0) = 0   AND (gs.id_usuario = ? OR gb.id_usuario_tecnico_temporal = ? OR gb.id_usuario_tecnico_temporal = ? OR gb.id_usuario_tecnico_temporal = ?) ORDER BY CASE WHEN gb.id_usuario_tecnico_temporal = ? THEN 0               WHEN gb.id_usuario_tecnico_temporal = ? THEN 1               WHEN gb.id_usuario_tecnico_temporal = ? THEN 2 ELSE 3 END,          gb.id_grupo_backup DESC, g.id_grupo DESC]
2026-06-23 12:25:48.805 DEBUG 21044 --- [nio-9060-exec-8] o.s.jdbc.datasource.DataSourceUtils      : Fetching JDBC Connection from DataSource
2026-06-23 12:25:48.860 DEBUG 21044 --- [nio-9060-exec-8] o.s.jdbc.core.JdbcTemplate               : Executing prepared SQL query
2026-06-23 12:25:48.861 DEBUG 21044 --- [nio-9060-exec-8] o.s.jdbc.core.JdbcTemplate               : Executing prepared SQL statement [SELECT TOP 1 CAST(ut.id AS INT) AS id_usuario_tecnico FROM dbo.tbl_UsuarioTecnico ut WHERE (ut.id_usuario = ? OR ut.idusuario = ? OR ut.id_tecnico = ? OR ut.idtecnico = ?)   AND ISNULL(ut.e_eliminado, 0) = 0]
2026-06-23 12:25:48.861 DEBUG 21044 --- [nio-9060-exec-8] o.s.jdbc.datasource.DataSourceUtils      : Fetching JDBC Connection from DataSource
2026-06-23 12:25:48.951 DEBUG 21044 --- [nio-9060-exec-8] o.s.jdbc.datasource.DataSourceUtils      : Fetching JDBC Connection from DataSource
2026-06-23 12:25:48.951 DEBUG 21044 --- [nio-9060-exec-8] o.s.jdbc.core.JdbcTemplate               : Executing prepared SQL query
2026-06-23 12:25:48.951 DEBUG 21044 --- [nio-9060-exec-8] o.s.jdbc.core.JdbcTemplate               : Executing prepared SQL statement [SELECT TOP 1 CAST(ut.Id AS INT) AS id_usuario_tecnico FROM dbo.tbl_UsuarioTecnico ut WHERE (ut.Id_Usuario = ? OR ut.IdUsuario = ? OR ut.Id_Tecnico = ? OR ut.IdTecnico = ?)   AND ISNULL(ut.E_Eliminado, 0) = 0]
2026-06-23 12:25:48.952 DEBUG 21044 --- [nio-9060-exec-8] o.s.jdbc.datasource.DataSourceUtils      : Fetching JDBC Connection from DataSource
2026-06-23 12:25:49.165 DEBUG 21044 --- [nio-9060-exec-8] o.s.jdbc.core.JdbcTemplate               : Executing prepared SQL query
2026-06-23 12:25:49.166 DEBUG 21044 --- [nio-9060-exec-8] o.s.jdbc.core.JdbcTemplate               : Executing prepared SQL statement [SELECT TOP 1 CAST(ut.id AS INT) AS id_usuario_tecnico FROM dbo.tbl_usuariotecnico ut WHERE (ut.id_usuario = ? OR ut.idusuario = ? OR ut.id_tecnico = ? OR ut.idtecnico = ?)   AND ISNULL(ut.e_eliminado, 0) = 0]
2026-06-23 12:25:49.167 DEBUG 21044 --- [nio-9060-exec-8] o.s.jdbc.datasource.DataSourceUtils      : Fetching JDBC Connection from DataSource
2026-06-23 12:25:49.258 DEBUG 21044 --- [nio-9060-exec-8] o.s.jdbc.core.JdbcTemplate               : Executing prepared SQL query
2026-06-23 12:25:49.258 DEBUG 21044 --- [nio-9060-exec-8] o.s.jdbc.core.JdbcTemplate               : Executing prepared SQL statement [SELECT TOP 1 CAST(ut.id AS INT) AS id_usuario_tecnico FROM dbo.tbl_usuaritecnico ut WHERE (ut.id_usuario = ? OR ut.idusuario = ? OR ut.id_tecnico = ? OR ut.idtecnico = ?)   AND ISNULL(ut.e_eliminado, 0) = 0]
2026-06-23 12:25:49.259 DEBUG 21044 --- [nio-9060-exec-8] o.s.jdbc.datasource.DataSourceUtils      : Fetching JDBC Connection from DataSource
2026-06-23 12:25:49.334 DEBUG 21044 --- [nio-9060-exec-8] o.s.jdbc.core.JdbcTemplate               : Executing prepared SQL query
2026-06-23 12:25:49.335 DEBUG 21044 --- [nio-9060-exec-8] o.s.jdbc.core.JdbcTemplate               : Executing prepared SQL statement [SELECT TOP 1 CAST(ut.id_vendedor AS INT) AS id_vendedor FROM dbo.tbl_UsuarioTecnico ut WHERE (ut.id_usuario = ? OR ut.idusuario = ? OR ut.id = ? OR ut.id_tecnico = ? OR ut.idtecnico = ?)   AND ISNULL(ut.e_eliminado, 0) = 0 AND ut.id_vendedor IS NOT NULL]
2026-06-23 12:25:49.335 DEBUG 21044 --- [nio-9060-exec-8] o.s.jdbc.datasource.DataSourceUtils      : Fetching JDBC Connection from DataSource
2026-06-23 12:25:49.489 DEBUG 21044 --- [nio-9060-exec-8] o.s.jdbc.core.JdbcTemplate               : Executing prepared SQL query
2026-06-23 12:25:49.490 DEBUG 21044 --- [nio-9060-exec-8] o.s.jdbc.core.JdbcTemplate               : Executing prepared SQL statement [SELECT TOP 1 CAST(ut.Id_Vendedor AS INT) AS id_vendedor FROM dbo.tbl_UsuarioTecnico ut WHERE (ut.Id_Usuario = ? OR ut.IdUsuario = ? OR ut.Id = ? OR ut.Id_Tecnico = ? OR ut.IdTecnico = ?)   AND ISNULL(ut.E_Eliminado, 0) = 0 AND ut.Id_Vendedor IS NOT NULL]
2026-06-23 12:25:49.490 DEBUG 21044 --- [nio-9060-exec-8] o.s.jdbc.datasource.DataSourceUtils      : Fetching JDBC Connection from DataSource
2026-06-23 12:25:49.760 DEBUG 21044 --- [nio-9060-exec-8] o.s.jdbc.core.JdbcTemplate               : Executing prepared SQL query
2026-06-23 12:25:49.761 DEBUG 21044 --- [nio-9060-exec-8] o.s.jdbc.core.JdbcTemplate               : Executing prepared SQL statement [SELECT TOP 1 CAST(ut.idvendedor AS INT) AS id_vendedor FROM dbo.tbl_usuariotecnico ut WHERE (ut.id_usuario = ? OR ut.idusuario = ? OR ut.id = ? OR ut.id_tecnico = ? OR ut.idtecnico = ?)   AND ISNULL(ut.e_eliminado, 0) = 0 AND ut.idvendedor IS NOT NULL]
2026-06-23 12:25:49.761 DEBUG 21044 --- [nio-9060-exec-8] o.s.jdbc.datasource.DataSourceUtils      : Fetching JDBC Connection from DataSource
2026-06-23 12:25:49.885 DEBUG 21044 --- [nio-9060-exec-8] o.s.jdbc.core.JdbcTemplate               : Executing prepared SQL query
2026-06-23 12:25:49.886 DEBUG 21044 --- [nio-9060-exec-8] o.s.jdbc.core.JdbcTemplate               : Executing prepared SQL statement [SELECT TOP 1 g.id_grupo, ISNULL(g.supervisor_ausente, 0) AS supervisor_ausente, gb.id_grupo_backup, gb.id_usuario_tecnico_temporal, ISNULL(gb.e_activo, 0) AS backup_activo, gb.fecha_inicio, gs.id_usuario AS id_usuario_supervisor FROM dbo.tbl_Grupo g LEFT JOIN dbo.tbl_GrupoSup gs ON gs.id_grupo = g.id_grupo LEFT JOIN dbo.tbl_GrupoBackup gb        ON gb.id_grupo = g.id_grupo       AND ISNULL(gb.e_activo, 0) = 1 WHERE ISNULL(g.e_eliminado, 0) = 0   AND (gs.id_usuario = ? OR gb.id_usuario_tecnico_temporal = ? OR gb.id_usuario_tecnico_temporal = ? OR gb.id_usuario_tecnico_temporal = ?) ORDER BY CASE WHEN gb.id_usuario_tecnico_temporal = ? THEN 0               WHEN gb.id_usuario_tecnico_temporal = ? THEN 1               WHEN gb.id_usuario_tecnico_temporal = ? THEN 2 ELSE 3 END,          gb.id_grupo_backup DESC, g.id_grupo DESC]
2026-06-23 12:25:49.886 DEBUG 21044 --- [nio-9060-exec-8] o.s.jdbc.datasource.DataSourceUtils      : Fetching JDBC Connection from DataSource
2026-06-23 12:25:49.953 DEBUG 21044 --- [nio-9060-exec-8] o.s.jdbc.core.JdbcTemplate               : Executing SQL update [IF OBJECT_ID('dbo.backup_temporal', 'U') IS NULL BEGIN CREATE TABLE dbo.backup_temporal (id_backup_temporal INT IDENTITY(1,1) NOT NULL PRIMARY KEY, id_usuario INT NOT NULL, id_grupo INT NULL, id_rol_temporal INT NOT NULL, e_activo BIT NOT NULL CONSTRAINT DF_backup_temporal_e_activo DEFAULT(1), fecha_inicio DATETIME NOT NULL CONSTRAINT DF_backup_temporal_fecha_inicio DEFAULT(GETDATE()), fecha_fin DATETIME NULL, fecha_registro DATETIME NOT NULL CONSTRAINT DF_backup_temporal_fecha_registro DEFAULT(GETDATE()), fecha_actualizacion DATETIME NULL); END]
2026-06-23 12:25:49.954 DEBUG 21044 --- [nio-9060-exec-8] o.s.jdbc.datasource.DataSourceUtils      : Fetching JDBC Connection from DataSource
2026-06-23 12:25:50.042 DEBUG 21044 --- [nio-9060-exec-8] o.s.jdbc.core.JdbcTemplate               : Executing SQL update [IF COL_LENGTH('dbo.backup_temporal', 'id_grupo') IS NULL BEGIN ALTER TABLE dbo.backup_temporal ADD id_grupo INT NULL; END]
2026-06-23 12:25:50.043 DEBUG 21044 --- [nio-9060-exec-8] o.s.jdbc.datasource.DataSourceUtils      : Fetching JDBC Connection from DataSource
2026-06-23 12:25:50.102 DEBUG 21044 --- [nio-9060-exec-8] o.s.jdbc.core.JdbcTemplate               : Executing SQL update [IF NOT EXISTS (SELECT 1 FROM sys.indexes WHERE object_id = OBJECT_ID('dbo.backup_temporal')   AND name = 'IX_backup_temporal_usuario_activo') BEGIN CREATE INDEX IX_backup_temporal_usuario_activo ON dbo.backup_temporal(id_usuario, e_activo, fecha_fin); END]
2026-06-23 12:25:50.103 DEBUG 21044 --- [nio-9060-exec-8] o.s.jdbc.datasource.DataSourceUtils      : Fetching JDBC Connection from DataSource
2026-06-23 12:25:50.125 DEBUG 21044 --- [nio-9060-exec-8] o.s.jdbc.core.JdbcTemplate               : Executing prepared SQL query
2026-06-23 12:25:50.125 DEBUG 21044 --- [nio-9060-exec-8] o.s.jdbc.core.JdbcTemplate               : Executing prepared SQL statement [SELECT TOP 1 CAST(ut.id AS INT) AS alt_id FROM dbo.tbl_UsuarioTecnico ut WHERE (ut.id_usuario = ? OR ut.idusuario = ? OR ut.id_tecnico = ? OR ut.idtecnico = ?)   AND ISNULL(ut.e_eliminado, 0) = 0]
2026-06-23 12:25:50.125 DEBUG 21044 --- [nio-9060-exec-8] o.s.jdbc.datasource.DataSourceUtils      : Fetching JDBC Connection from DataSource
2026-06-23 12:25:50.135 DEBUG 21044 --- [nio-9060-exec-8] o.s.jdbc.core.JdbcTemplate               : Executing prepared SQL query
2026-06-23 12:25:50.135 DEBUG 21044 --- [nio-9060-exec-8] o.s.jdbc.core.JdbcTemplate               : Executing prepared SQL statement [SELECT TOP 1 CAST(ut.id_vendedor AS INT) AS alt_id FROM dbo.tbl_UsuarioTecnico ut WHERE (ut.id_usuario = ? OR ut.idusuario = ? OR ut.id_tecnico = ? OR ut.idtecnico = ?)   AND ISNULL(ut.e_eliminado, 0) = 0   AND ut.id_vendedor IS NOT NULL]
2026-06-23 12:25:50.135 DEBUG 21044 --- [nio-9060-exec-8] o.s.jdbc.datasource.DataSourceUtils      : Fetching JDBC Connection from DataSource
2026-06-23 12:25:50.145 DEBUG 21044 --- [nio-9060-exec-8] o.s.jdbc.core.JdbcTemplate               : Executing prepared SQL query
2026-06-23 12:25:50.146 DEBUG 21044 --- [nio-9060-exec-8] o.s.jdbc.core.JdbcTemplate               : Executing prepared SQL statement [SELECT TOP 1 CAST(ut.Id AS INT) AS alt_id FROM dbo.tbl_UsuarioTecnico ut WHERE (ut.Id_Usuario = ? OR ut.IdUsuario = ? OR ut.Id_Tecnico = ? OR ut.IdTecnico = ?)   AND ISNULL(ut.E_Eliminado, 0) = 0]
2026-06-23 12:25:50.146 DEBUG 21044 --- [nio-9060-exec-8] o.s.jdbc.datasource.DataSourceUtils      : Fetching JDBC Connection from DataSource
2026-06-23 12:25:50.403 DEBUG 21044 --- [nio-9060-exec-8] o.s.jdbc.core.JdbcTemplate               : Executing prepared SQL query
2026-06-23 12:25:50.403 DEBUG 21044 --- [nio-9060-exec-8] o.s.jdbc.core.JdbcTemplate               : Executing prepared SQL statement [SELECT TOP 1 CAST(ut.Id_Vendedor AS INT) AS alt_id FROM dbo.tbl_UsuarioTecnico ut WHERE (ut.Id_Usuario = ? OR ut.IdUsuario = ? OR ut.Id_Tecnico = ? OR ut.IdTecnico = ?)   AND ISNULL(ut.E_Eliminado, 0) = 0   AND ut.Id_Vendedor IS NOT NULL]
2026-06-23 12:25:50.403 DEBUG 21044 --- [nio-9060-exec-8] o.s.jdbc.datasource.DataSourceUtils      : Fetching JDBC Connection from DataSource
2026-06-23 12:25:50.461 DEBUG 21044 --- [nio-9060-exec-8] o.s.jdbc.core.JdbcTemplate               : Executing prepared SQL query
2026-06-23 12:25:50.461 DEBUG 21044 --- [nio-9060-exec-8] o.s.jdbc.core.JdbcTemplate               : Executing prepared SQL statement [SELECT TOP 1 CAST(ut.id AS INT) AS alt_id FROM dbo.tbl_usuariotecnico ut WHERE (ut.id_usuario = ? OR ut.idusuario = ? OR ut.id_tecnico = ? OR ut.idtecnico = ?)   AND ISNULL(ut.e_eliminado, 0) = 0]
2026-06-23 12:25:50.461 DEBUG 21044 --- [nio-9060-exec-8] o.s.jdbc.datasource.DataSourceUtils      : Fetching JDBC Connection from DataSource
2026-06-23 12:25:50.513 DEBUG 21044 --- [nio-9060-exec-8] o.s.jdbc.core.JdbcTemplate               : Executing prepared SQL query
2026-06-23 12:25:50.513 DEBUG 21044 --- [nio-9060-exec-8] o.s.jdbc.core.JdbcTemplate               : Executing prepared SQL statement [SELECT TOP 1 CAST(ut.id_vendedor AS INT) AS alt_id FROM dbo.tbl_usuariotecnico ut WHERE (ut.id_usuario = ? OR ut.idusuario = ? OR ut.id_tecnico = ? OR ut.idtecnico = ?)   AND ISNULL(ut.e_eliminado, 0) = 0   AND ut.id_vendedor IS NOT NULL]
2026-06-23 12:25:50.513 DEBUG 21044 --- [nio-9060-exec-8] o.s.jdbc.datasource.DataSourceUtils      : Fetching JDBC Connection from DataSource
2026-06-23 12:25:50.617 DEBUG 21044 --- [nio-9060-exec-8] o.s.jdbc.core.JdbcTemplate               : Executing prepared SQL query
2026-06-23 12:25:50.618 DEBUG 21044 --- [nio-9060-exec-8] o.s.jdbc.core.JdbcTemplate               : Executing prepared SQL statement [SELECT TOP 1 CAST(ut.id AS INT) AS alt_id FROM dbo.tbl_UsuarioTecnico ut WHERE (ut.id_usuario = ? OR ut.idusuario = ? OR ut.id_tecnico = ? OR ut.idtecnico = ?)   AND ISNULL(ut.e_eliminado, 0) = 0]
2026-06-23 12:25:50.618 DEBUG 21044 --- [nio-9060-exec-8] o.s.jdbc.datasource.DataSourceUtils      : Fetching JDBC Connection from DataSource
2026-06-23 12:25:50.651 DEBUG 21044 --- [nio-9060-exec-8] o.s.jdbc.core.JdbcTemplate               : Executing prepared SQL query
2026-06-23 12:25:50.651 DEBUG 21044 --- [nio-9060-exec-8] o.s.jdbc.core.JdbcTemplate               : Executing prepared SQL statement [SELECT TOP 1 CAST(ut.id_vendedor AS INT) AS alt_id FROM dbo.tbl_UsuarioTecnico ut WHERE (ut.id_usuario = ? OR ut.idusuario = ? OR ut.id_tecnico = ? OR ut.idtecnico = ?)   AND ISNULL(ut.e_eliminado, 0) = 0   AND ut.id_vendedor IS NOT NULL]
2026-06-23 12:25:50.652 DEBUG 21044 --- [nio-9060-exec-8] o.s.jdbc.datasource.DataSourceUtils      : Fetching JDBC Connection from DataSource
2026-06-23 12:25:50.672 DEBUG 21044 --- [nio-9060-exec-8] o.s.jdbc.core.JdbcTemplate               : Executing prepared SQL query
2026-06-23 12:25:50.672 DEBUG 21044 --- [nio-9060-exec-8] o.s.jdbc.core.JdbcTemplate               : Executing prepared SQL statement [SELECT TOP 1 CAST(ut.Id AS INT) AS alt_id FROM dbo.tbl_UsuarioTecnico ut WHERE (ut.Id_Usuario = ? OR ut.IdUsuario = ? OR ut.Id_Tecnico = ? OR ut.IdTecnico = ?)   AND ISNULL(ut.E_Eliminado, 0) = 0]
2026-06-23 12:25:50.673 DEBUG 21044 --- [nio-9060-exec-8] o.s.jdbc.datasource.DataSourceUtils      : Fetching JDBC Connection from DataSource
2026-06-23 12:25:50.693 DEBUG 21044 --- [nio-9060-exec-8] o.s.jdbc.core.JdbcTemplate               : Executing prepared SQL query
2026-06-23 12:25:50.694 DEBUG 21044 --- [nio-9060-exec-8] o.s.jdbc.core.JdbcTemplate               : Executing prepared SQL statement [SELECT TOP 1 CAST(ut.Id_Vendedor AS INT) AS alt_id FROM dbo.tbl_UsuarioTecnico ut WHERE (ut.Id_Usuario = ? OR ut.IdUsuario = ? OR ut.Id_Tecnico = ? OR ut.IdTecnico = ?)   AND ISNULL(ut.E_Eliminado, 0) = 0   AND ut.Id_Vendedor IS NOT NULL]
2026-06-23 12:25:50.694 DEBUG 21044 --- [nio-9060-exec-8] o.s.jdbc.datasource.DataSourceUtils      : Fetching JDBC Connection from DataSource
2026-06-23 12:25:50.719 DEBUG 21044 --- [nio-9060-exec-8] o.s.jdbc.core.JdbcTemplate               : Executing prepared SQL query
2026-06-23 12:25:50.719 DEBUG 21044 --- [nio-9060-exec-8] o.s.jdbc.core.JdbcTemplate               : Executing prepared SQL statement [SELECT TOP 1 CAST(ut.id AS INT) AS alt_id FROM dbo.tbl_usuariotecnico ut WHERE (ut.id_usuario = ? OR ut.idusuario = ? OR ut.id_tecnico = ? OR ut.idtecnico = ?)   AND ISNULL(ut.e_eliminado, 0) = 0]
2026-06-23 12:25:50.719 DEBUG 21044 --- [nio-9060-exec-8] o.s.jdbc.datasource.DataSourceUtils      : Fetching JDBC Connection from DataSource
2026-06-23 12:25:50.776 DEBUG 21044 --- [nio-9060-exec-8] o.s.jdbc.core.JdbcTemplate               : Executing prepared SQL query
2026-06-23 12:25:50.776 DEBUG 21044 --- [nio-9060-exec-8] o.s.jdbc.core.JdbcTemplate               : Executing prepared SQL statement [SELECT TOP 1 CAST(ut.id_vendedor AS INT) AS alt_id FROM dbo.tbl_usuariotecnico ut WHERE (ut.id_usuario = ? OR ut.idusuario = ? OR ut.id_tecnico = ? OR ut.idtecnico = ?)   AND ISNULL(ut.e_eliminado, 0) = 0   AND ut.id_vendedor IS NOT NULL]
2026-06-23 12:25:50.776 DEBUG 21044 --- [nio-9060-exec-8] o.s.jdbc.datasource.DataSourceUtils      : Fetching JDBC Connection from DataSource
2026-06-23 12:25:50.810 DEBUG 21044 --- [nio-9060-exec-8] o.s.jdbc.core.JdbcTemplate               : Executing prepared SQL query
2026-06-23 12:25:50.810 DEBUG 21044 --- [nio-9060-exec-8] o.s.jdbc.core.JdbcTemplate               : Executing prepared SQL statement [SELECT TOP 1 CAST(ut.id AS INT) AS alt_id FROM dbo.tbl_UsuarioTecnico ut WHERE (ut.id_usuario = ? OR ut.idusuario = ? OR ut.id_tecnico = ? OR ut.idtecnico = ?)   AND ISNULL(ut.e_eliminado, 0) = 0]
2026-06-23 12:25:50.810 DEBUG 21044 --- [nio-9060-exec-8] o.s.jdbc.datasource.DataSourceUtils      : Fetching JDBC Connection from DataSource
2026-06-23 12:25:50.985 DEBUG 21044 --- [nio-9060-exec-8] o.s.jdbc.core.JdbcTemplate               : Executing prepared SQL query
2026-06-23 12:25:50.986 DEBUG 21044 --- [nio-9060-exec-8] o.s.jdbc.core.JdbcTemplate               : Executing prepared SQL statement [SELECT TOP 1 CAST(ut.id_vendedor AS INT) AS alt_id FROM dbo.tbl_UsuarioTecnico ut WHERE (ut.id_usuario = ? OR ut.idusuario = ? OR ut.id_tecnico = ? OR ut.idtecnico = ?)   AND ISNULL(ut.e_eliminado, 0) = 0   AND ut.id_vendedor IS NOT NULL]
2026-06-23 12:25:50.986 DEBUG 21044 --- [nio-9060-exec-8] o.s.jdbc.datasource.DataSourceUtils      : Fetching JDBC Connection from DataSource
2026-06-23 12:25:51.034 DEBUG 21044 --- [nio-9060-exec-8] o.s.jdbc.core.JdbcTemplate               : Executing prepared SQL query
2026-06-23 12:25:51.034 DEBUG 21044 --- [nio-9060-exec-8] o.s.jdbc.core.JdbcTemplate               : Executing prepared SQL statement [SELECT TOP 1 CAST(ut.Id AS INT) AS alt_id FROM dbo.tbl_UsuarioTecnico ut WHERE (ut.Id_Usuario = ? OR ut.IdUsuario = ? OR ut.Id_Tecnico = ? OR ut.IdTecnico = ?)   AND ISNULL(ut.E_Eliminado, 0) = 0]
2026-06-23 12:25:51.034 DEBUG 21044 --- [nio-9060-exec-8] o.s.jdbc.datasource.DataSourceUtils      : Fetching JDBC Connection from DataSource
2026-06-23 12:25:51.082 DEBUG 21044 --- [nio-9060-exec-8] o.s.jdbc.core.JdbcTemplate               : Executing prepared SQL query
2026-06-23 12:25:51.082 DEBUG 21044 --- [nio-9060-exec-8] o.s.jdbc.core.JdbcTemplate               : Executing prepared SQL statement [SELECT TOP 1 CAST(ut.Id_Vendedor AS INT) AS alt_id FROM dbo.tbl_UsuarioTecnico ut WHERE (ut.Id_Usuario = ? OR ut.IdUsuario = ? OR ut.Id_Tecnico = ? OR ut.IdTecnico = ?)   AND ISNULL(ut.E_Eliminado, 0) = 0   AND ut.Id_Vendedor IS NOT NULL]
2026-06-23 12:25:51.083 DEBUG 21044 --- [nio-9060-exec-8] o.s.jdbc.datasource.DataSourceUtils      : Fetching JDBC Connection from DataSource
2026-06-23 12:25:51.122 DEBUG 21044 --- [nio-9060-exec-8] o.s.jdbc.core.JdbcTemplate               : Executing prepared SQL query
2026-06-23 12:25:51.123 DEBUG 21044 --- [nio-9060-exec-8] o.s.jdbc.core.JdbcTemplate               : Executing prepared SQL statement [SELECT TOP 1 CAST(ut.id AS INT) AS alt_id FROM dbo.tbl_usuariotecnico ut WHERE (ut.id_usuario = ? OR ut.idusuario = ? OR ut.id_tecnico = ? OR ut.idtecnico = ?)   AND ISNULL(ut.e_eliminado, 0) = 0]
2026-06-23 12:25:51.123 DEBUG 21044 --- [nio-9060-exec-8] o.s.jdbc.datasource.DataSourceUtils      : Fetching JDBC Connection from DataSource
2026-06-23 12:25:51.215 DEBUG 21044 --- [nio-9060-exec-8] o.s.jdbc.core.JdbcTemplate               : Executing prepared SQL query
2026-06-23 12:25:51.216 DEBUG 21044 --- [nio-9060-exec-8] o.s.jdbc.core.JdbcTemplate               : Executing prepared SQL statement [SELECT TOP 1 CAST(ut.id_vendedor AS INT) AS alt_id FROM dbo.tbl_usuariotecnico ut WHERE (ut.id_usuario = ? OR ut.idusuario = ? OR ut.id_tecnico = ? OR ut.idtecnico = ?)   AND ISNULL(ut.e_eliminado, 0) = 0   AND ut.id_vendedor IS NOT NULL]
2026-06-23 12:25:51.216 DEBUG 21044 --- [nio-9060-exec-8] o.s.jdbc.datasource.DataSourceUtils      : Fetching JDBC Connection from DataSource
2026-06-23 12:25:51.346 DEBUG 21044 --- [nio-9060-exec-8] o.s.jdbc.core.JdbcTemplate               : Executing prepared SQL query
2026-06-23 12:25:51.347 DEBUG 21044 --- [nio-9060-exec-8] o.s.jdbc.core.JdbcTemplate               : Executing prepared SQL statement [SELECT TOP 1 1 AS ok FROM dbo.backup_temporal bt WHERE bt.id_usuario = ?   AND ISNULL(bt.e_activo, 1) = 1   AND (bt.fecha_fin IS NULL OR bt.fecha_fin > GETDATE()) ORDER BY bt.id_backup_temporal DESC]
2026-06-23 12:25:51.347 DEBUG 21044 --- [nio-9060-exec-8] o.s.jdbc.datasource.DataSourceUtils      : Fetching JDBC Connection from DataSource
2026-06-23 12:25:51.455  INFO 21044 --- [nio-9060-exec-8] c.e.T.p.service.PrivilegioService        : [PERMISOS] idUsuarioSesion=82, rolSesion=BackOffice_v, backupContexto=false, backupTemporal=false, idGrupo=null, idSupervisorContexto=null, idRolPermisos=6, idUsuarioPermisos=82
2026-06-23 12:25:51.456 DEBUG 21044 --- [nio-9060-exec-8] o.s.jdbc.core.JdbcTemplate               : Executing SQL query [EXEC dbo.spx_ObtenerPrivilegiosRoles]
2026-06-23 12:25:51.457 DEBUG 21044 --- [nio-9060-exec-8] o.s.jdbc.datasource.DataSourceUtils      : Fetching JDBC Connection from DataSource
2026-06-23 12:25:51.498 DEBUG 21044 --- [nio-9060-exec-8] o.s.jdbc.core.JdbcTemplate               : Executing prepared SQL query
2026-06-23 12:25:51.499 DEBUG 21044 --- [nio-9060-exec-8] o.s.jdbc.core.JdbcTemplate               : Executing prepared SQL statement [EXEC dbo.spx_ObtenerPrivilegiosRolDetalle ?]
2026-06-23 12:25:51.499 DEBUG 21044 --- [nio-9060-exec-8] o.s.jdbc.datasource.DataSourceUtils      : Fetching JDBC Connection from DataSource
2026-06-23 12:25:51.579 DEBUG 21044 --- [nio-9060-exec-8] o.s.w.s.m.m.a.HttpEntityMethodProcessor  : Using 'application/json', given [application/json, text/plain, */*] and supported [application/json, application/*+json, application/json, application/*+json]
2026-06-23 12:25:51.580 DEBUG 21044 --- [nio-9060-exec-8] o.s.w.s.m.m.a.HttpEntityMethodProcessor  : Writing [com.example.TigoStarSystem.common.ApiResponse@362225b8]
2026-06-23 12:25:51.584 DEBUG 21044 --- [nio-9060-exec-8] o.s.web.servlet.DispatcherServlet        : Completed 200 OK
2026-06-23 12:25:51.637 DEBUG 21044 --- [nio-9060-exec-5] o.s.web.servlet.DispatcherServlet        : GET "/auth/sucursales", parameters={}
2026-06-23 12:25:51.638 DEBUG 21044 --- [nio-9060-exec-5] s.w.s.m.m.a.RequestMappingHandlerMapping : Mapped to com.example.TigoStarSystem.auth.controller.AuthController#listarSucursales()
2026-06-23 12:25:51.640  INFO 21044 --- [nio-9060-exec-5] c.e.T.auth.controller.AuthController     : Request GET /auth/sucursales
2026-06-23 12:25:51.640 DEBUG 21044 --- [nio-9060-exec-5] o.s.jdbc.core.JdbcTemplate               : Executing SQL query [EXEC dbo.spx_ObtenerSucursalesConexionWeb]
2026-06-23 12:25:51.641 DEBUG 21044 --- [nio-9060-exec-5] o.s.jdbc.datasource.DataSourceUtils      : Fetching JDBC Connection from DataSource
2026-06-23 12:25:51.717 DEBUG 21044 --- [nio-9060-exec-5] o.s.w.s.m.m.a.HttpEntityMethodProcessor  : Using 'application/json', given [application/json, text/plain, */*] and supported [application/json, application/*+json, application/json, application/*+json]
2026-06-23 12:25:51.717 DEBUG 21044 --- [nio-9060-exec-5] o.s.w.s.m.m.a.HttpEntityMethodProcessor  : Writing [com.example.TigoStarSystem.common.ApiResponse@714e530a]
2026-06-23 12:25:51.719 DEBUG 21044 --- [nio-9060-exec-5] o.s.web.servlet.DispatcherServlet        : Completed 200 OK
2026-06-23 12:25:51.946 DEBUG 21044 --- [nio-9060-exec-6] o.s.web.servlet.DispatcherServlet        : GET "/backoffice/supervision/listado?fechaDesde=2026-06-23&fechaHasta=2026-06-23&limite=300&estado=pendiente", parameters={masked}
2026-06-23 12:25:51.947 DEBUG 21044 --- [nio-9060-exec-6] s.w.s.m.m.a.RequestMappingHandlerMapping : Mapped to com.example.TigoStarSystem.supervision.controller.BackOfficeSupervisionController#listarPorEstado(String, String, LocalDate, LocalDate, Integer)
2026-06-23 12:25:51.968 DEBUG 21044 --- [nio-9060-exec-2] o.s.web.servlet.DispatcherServlet        : GET "/backoffice/supervision/listado?fechaDesde=2026-06-23&fechaHasta=2026-06-23&limite=300&estado=completado", parameters={masked}
2026-06-23 12:25:51.968 DEBUG 21044 --- [nio-9060-exec-3] o.s.web.servlet.DispatcherServlet        : GET "/supervisor/supervision/catalogos/tipos-supervision", parameters={}
2026-06-23 12:25:51.968 DEBUG 21044 --- [nio-9060-exec-1] o.s.web.servlet.DispatcherServlet        : GET "/supervisor/supervision/catalogos/tipos-trabajo", parameters={}
2026-06-23 12:25:51.969 DEBUG 21044 --- [nio-9060-exec-4] o.s.web.servlet.DispatcherServlet        : GET "/backoffice/supervision/supervisores", parameters={}
2026-06-23 12:25:51.969 DEBUG 21044 --- [nio-9060-exec-2] s.w.s.m.m.a.RequestMappingHandlerMapping : Mapped to com.example.TigoStarSystem.supervision.controller.BackOfficeSupervisionController#listarPorEstado(String, String, LocalDate, LocalDate, Integer)
2026-06-23 12:25:51.970 DEBUG 21044 --- [nio-9060-exec-3] s.w.s.m.m.a.RequestMappingHandlerMapping : Mapped to com.example.TigoStarSystem.supervision.controller.SupervisionController#listarTiposSupervision(String)
2026-06-23 12:25:51.970 DEBUG 21044 --- [nio-9060-exec-1] s.w.s.m.m.a.RequestMappingHandlerMapping : Mapped to com.example.TigoStarSystem.supervision.controller.SupervisionController#listarTiposTrabajo(String)
2026-06-23 12:25:51.971 DEBUG 21044 --- [nio-9060-exec-4] s.w.s.m.m.a.RequestMappingHandlerMapping : Mapped to com.example.TigoStarSystem.supervision.controller.BackOfficeSupervisionController#listarSupervisores(String, String)
2026-06-23 12:25:51.979 DEBUG 21044 --- [nio-9060-exec-4] o.s.jdbc.core.JdbcTemplate               : Executing SQL query [EXEC dbo.spx_ObtenerSucursalesConexionWeb]
2026-06-23 12:25:51.979 DEBUG 21044 --- [nio-9060-exec-4] o.s.jdbc.datasource.DataSourceUtils      : Fetching JDBC Connection from DataSource
2026-06-23 12:25:51.983 DEBUG 21044 --- [nio-9060-exec-2] o.s.jdbc.core.JdbcTemplate               : Executing prepared SQL query
2026-06-23 12:25:51.983 DEBUG 21044 --- [nio-9060-exec-6] o.s.jdbc.core.JdbcTemplate               : Executing prepared SQL query
2026-06-23 12:25:51.984 DEBUG 21044 --- [nio-9060-exec-2] o.s.jdbc.core.JdbcTemplate               : Executing prepared SQL statement [EXEC dbo.spx_ListarSupervisionPorEstado ?, ?, ?, ?, ?]
2026-06-23 12:25:51.985 DEBUG 21044 --- [nio-9060-exec-6] o.s.jdbc.core.JdbcTemplate               : Executing prepared SQL statement [EXEC dbo.spx_ListarSupervisionPorEstado ?, ?, ?, ?, ?]
2026-06-23 12:25:51.985 DEBUG 21044 --- [nio-9060-exec-2] o.s.jdbc.datasource.DataSourceUtils      : Fetching JDBC Connection from DataSource
2026-06-23 12:25:51.985 DEBUG 21044 --- [nio-9060-exec-6] o.s.jdbc.datasource.DataSourceUtils      : Fetching JDBC Connection from DataSource
2026-06-23 12:25:51.990 DEBUG 21044 --- [nio-9060-exec-3] o.s.jdbc.core.JdbcTemplate               : Executing SQL query [EXEC dbo.SP_Supervision_ListarTiposSupervision]
2026-06-23 12:25:51.990 DEBUG 21044 --- [nio-9060-exec-1] o.s.jdbc.core.JdbcTemplate               : Executing SQL query [EXEC dbo.SP_Supervision_ListarTiposTrabajo]
2026-06-23 12:25:51.991 DEBUG 21044 --- [nio-9060-exec-3] o.s.jdbc.datasource.DataSourceUtils      : Fetching JDBC Connection from DataSource
2026-06-23 12:25:51.991 DEBUG 21044 --- [nio-9060-exec-1] o.s.jdbc.datasource.DataSourceUtils      : Fetching JDBC Connection from DataSource
2026-06-23 12:25:52.025 DEBUG 21044 --- [nio-9060-exec-9] o.s.web.servlet.DispatcherServlet        : GET "/supervisor/supervision/catalogos/tipos-penalizacion", parameters={}
2026-06-23 12:25:52.026 DEBUG 21044 --- [nio-9060-exec-9] s.w.s.m.m.a.RequestMappingHandlerMapping : Mapped to com.example.TigoStarSystem.supervision.controller.SupervisionController#listarTiposPenalizacion(String)
2026-06-23 12:25:52.031 DEBUG 21044 --- [nio-9060-exec-9] o.s.jdbc.core.JdbcTemplate               : Executing SQL query [EXEC dbo.SP_Supervision_ListarTiposPenalizacion]
2026-06-23 12:25:52.032 DEBUG 21044 --- [nio-9060-exec-9] o.s.jdbc.datasource.DataSourceUtils      : Fetching JDBC Connection from DataSource
2026-06-23 12:25:52.089 DEBUG 21044 --- [nio-9060-exec-4] o.s.jdbc.core.JdbcTemplate               : Executing SQL query [EXEC dbo.spx_ObtenerSucursalesConexion]
2026-06-23 12:25:52.089 DEBUG 21044 --- [nio-9060-exec-4] o.s.jdbc.datasource.DataSourceUtils      : Fetching JDBC Connection from DataSource
2026-06-23 12:25:52.140 DEBUG 21044 --- [nio-9060-exec-4] com.zaxxer.hikari.HikariConfig           : Driver class net.sourceforge.jtds.jdbc.Driver found in Thread context class loader TomcatEmbeddedWebappClassLoader
  context: ROOT
  delegate: true
----------> Parent Classloader:
jdk.internal.loader.ClassLoaders$AppClassLoader@70dea4e

2026-06-23 12:25:52.140 DEBUG 21044 --- [nio-9060-exec-4] com.zaxxer.hikari.HikariConfig           : ConnDb-sucursal-9 - configuration:
2026-06-23 12:25:52.141 DEBUG 21044 --- [nio-9060-exec-4] com.zaxxer.hikari.HikariConfig           : allowPoolSuspension................................false
2026-06-23 12:25:52.142 DEBUG 21044 --- [nio-9060-exec-4] com.zaxxer.hikari.HikariConfig           : autoCommit................................true
2026-06-23 12:25:52.142 DEBUG 21044 --- [nio-9060-exec-4] com.zaxxer.hikari.HikariConfig           : catalog................................none
2026-06-23 12:25:52.142 DEBUG 21044 --- [nio-9060-exec-4] com.zaxxer.hikari.HikariConfig           : connectionInitSql................................none
2026-06-23 12:25:52.142 DEBUG 21044 --- [nio-9060-exec-4] com.zaxxer.hikari.HikariConfig           : connectionTestQuery................................"SELECT 1"
2026-06-23 12:25:52.142 DEBUG 21044 --- [nio-9060-exec-4] com.zaxxer.hikari.HikariConfig           : connectionTimeout................................30000
2026-06-23 12:25:52.143 DEBUG 21044 --- [nio-9060-exec-4] com.zaxxer.hikari.HikariConfig           : dataSource................................none
2026-06-23 12:25:52.143 DEBUG 21044 --- [nio-9060-exec-4] com.zaxxer.hikari.HikariConfig           : dataSourceClassName................................none
2026-06-23 12:25:52.143 DEBUG 21044 --- [nio-9060-exec-4] com.zaxxer.hikari.HikariConfig           : dataSourceJNDI................................none
2026-06-23 12:25:52.143 DEBUG 21044 --- [nio-9060-exec-4] com.zaxxer.hikari.HikariConfig           : dataSourceProperties................................{password=<masked>}
2026-06-23 12:25:52.144 DEBUG 21044 --- [nio-9060-exec-4] com.zaxxer.hikari.HikariConfig           : driverClassName................................"net.sourceforge.jtds.jdbc.Driver"
2026-06-23 12:25:52.144 DEBUG 21044 --- [nio-9060-exec-4] com.zaxxer.hikari.HikariConfig           : exceptionOverrideClassName................................none
2026-06-23 12:25:52.144 DEBUG 21044 --- [nio-9060-exec-4] com.zaxxer.hikari.HikariConfig           : healthCheckProperties................................{}
2026-06-23 12:25:52.144 DEBUG 21044 --- [nio-9060-exec-4] com.zaxxer.hikari.HikariConfig           : healthCheckRegistry................................none
2026-06-23 12:25:52.144 DEBUG 21044 --- [nio-9060-exec-4] com.zaxxer.hikari.HikariConfig           : idleTimeout................................600000
2026-06-23 12:25:52.145 DEBUG 21044 --- [nio-9060-exec-4] com.zaxxer.hikari.HikariConfig           : initializationFailTimeout................................-1
2026-06-23 12:25:52.145 DEBUG 21044 --- [nio-9060-exec-4] com.zaxxer.hikari.HikariConfig           : isolateInternalQueries................................false
2026-06-23 12:25:52.145 DEBUG 21044 --- [nio-9060-exec-4] com.zaxxer.hikari.HikariConfig           : jdbcUrl................................jdbc:jtds:sqlserver://tigo.makiro.com.bo/BDSistemaAntenaPM
2026-06-23 12:25:52.146 DEBUG 21044 --- [nio-9060-exec-4] com.zaxxer.hikari.HikariConfig           : keepaliveTime................................0
2026-06-23 12:25:52.146 DEBUG 21044 --- [nio-9060-exec-4] com.zaxxer.hikari.HikariConfig           : leakDetectionThreshold................................0
2026-06-23 12:25:52.147 DEBUG 21044 --- [nio-9060-exec-4] com.zaxxer.hikari.HikariConfig           : maxLifetime................................1800000
2026-06-23 12:25:52.147 DEBUG 21044 --- [nio-9060-exec-4] com.zaxxer.hikari.HikariConfig           : maximumPoolSize................................5
2026-06-23 12:25:52.147 DEBUG 21044 --- [nio-9060-exec-4] com.zaxxer.hikari.HikariConfig           : metricRegistry................................none
2026-06-23 12:25:52.147 DEBUG 21044 --- [nio-9060-exec-4] com.zaxxer.hikari.HikariConfig           : metricsTrackerFactory................................none
2026-06-23 12:25:52.148 DEBUG 21044 --- [nio-9060-exec-4] com.zaxxer.hikari.HikariConfig           : minimumIdle................................0
2026-06-23 12:25:52.148 DEBUG 21044 --- [nio-9060-exec-4] com.zaxxer.hikari.HikariConfig           : password................................<masked>
2026-06-23 12:25:52.148 DEBUG 21044 --- [nio-9060-exec-4] com.zaxxer.hikari.HikariConfig           : poolName................................"ConnDb-sucursal-9"
2026-06-23 12:25:52.148 DEBUG 21044 --- [nio-9060-exec-4] com.zaxxer.hikari.HikariConfig           : readOnly................................false
2026-06-23 12:25:52.149 DEBUG 21044 --- [nio-9060-exec-4] com.zaxxer.hikari.HikariConfig           : registerMbeans................................false
2026-06-23 12:25:52.149 DEBUG 21044 --- [nio-9060-exec-4] com.zaxxer.hikari.HikariConfig           : scheduledExecutor................................none
2026-06-23 12:25:52.149 DEBUG 21044 --- [nio-9060-exec-4] com.zaxxer.hikari.HikariConfig           : schema................................none
2026-06-23 12:25:52.149 DEBUG 21044 --- [nio-9060-exec-4] com.zaxxer.hikari.HikariConfig           : threadFactory................................internal
2026-06-23 12:25:52.149 DEBUG 21044 --- [nio-9060-exec-4] com.zaxxer.hikari.HikariConfig           : transactionIsolation................................default
2026-06-23 12:25:52.150 DEBUG 21044 --- [nio-9060-exec-4] com.zaxxer.hikari.HikariConfig           : username................................"sistemas"
2026-06-23 12:25:52.150 DEBUG 21044 --- [nio-9060-exec-4] com.zaxxer.hikari.HikariConfig           : validationTimeout................................5000
2026-06-23 12:25:52.150  INFO 21044 --- [nio-9060-exec-4] com.zaxxer.hikari.HikariDataSource       : ConnDb-sucursal-9 - Starting...
2026-06-23 12:25:52.151  INFO 21044 --- [nio-9060-exec-4] com.zaxxer.hikari.HikariDataSource       : ConnDb-sucursal-9 - Start completed.
2026-06-23 12:25:52.151 DEBUG 21044 --- [nio-9060-exec-4] o.s.jdbc.core.JdbcTemplate               : Executing SQL query [EXEC dbo.spx_ObtenerSupervisoresConformacionCuadrillaWeb]
2026-06-23 12:25:52.151 DEBUG 21044 --- [nio-9060-exec-4] o.s.jdbc.datasource.DataSourceUtils      : Fetching JDBC Connection from DataSource
2026-06-23 12:25:52.179 DEBUG 21044 --- [onnection adder] com.zaxxer.hikari.pool.HikariPool        : TigoHogarHikariPool - Added connection net.sourceforge.jtds.jdbc.JtdsConnection@56a98381
2026-06-23 12:25:52.180 DEBUG 21044 --- [nio-9060-exec-2] o.s.w.s.m.m.a.HttpEntityMethodProcessor  : Using 'application/json', given [application/json, text/plain, */*] and supported [application/json, application/*+json, application/json, application/*+json]
2026-06-23 12:25:52.181 DEBUG 21044 --- [nio-9060-exec-2] o.s.w.s.m.m.a.HttpEntityMethodProcessor  : Writing [com.example.TigoStarSystem.common.ApiResponse@6b734c2b]
2026-06-23 12:25:52.182 DEBUG 21044 --- [nio-9060-exec-2] o.s.web.servlet.DispatcherServlet        : Completed 200 OK
2026-06-23 12:25:52.207  INFO 21044 --- [onnection adder] com.zaxxer.hikari.pool.PoolBase          : ConnDb-sucursal-9 - Driver does not support get/set network timeout for connections. (null)
2026-06-23 12:25:52.208 DEBUG 21044 --- [nio-9060-exec-3] o.s.w.s.m.m.a.HttpEntityMethodProcessor  : Using 'application/json', given [application/json, text/plain, */*] and supported [application/json, application/*+json, application/json, application/*+json]
2026-06-23 12:25:52.209 DEBUG 21044 --- [nio-9060-exec-3] o.s.w.s.m.m.a.HttpEntityMethodProcessor  : Writing [com.example.TigoStarSystem.common.ApiResponse@68998929]
2026-06-23 12:25:52.212 DEBUG 21044 --- [nio-9060-exec-3] o.s.web.servlet.DispatcherServlet        : Completed 200 OK
2026-06-23 12:25:52.228 DEBUG 21044 --- [onnection adder] com.zaxxer.hikari.pool.HikariPool        : ConnDb-sucursal-9 - Added connection net.sourceforge.jtds.jdbc.JtdsConnection@ca5560f
2026-06-23 12:25:52.229 DEBUG 21044 --- [nio-9060-exec-6] o.s.w.s.m.m.a.HttpEntityMethodProcessor  : Using 'application/json', given [application/json, text/plain, */*] and supported [application/json, application/*+json, application/json, application/*+json]
2026-06-23 12:25:52.229 DEBUG 21044 --- [nio-9060-exec-1] o.s.w.s.m.m.a.HttpEntityMethodProcessor  : Using 'application/json', given [application/json, text/plain, */*] and supported [application/json, application/*+json, application/json, application/*+json]
2026-06-23 12:25:52.229 DEBUG 21044 --- [nio-9060-exec-6] o.s.w.s.m.m.a.HttpEntityMethodProcessor  : Writing [com.example.TigoStarSystem.common.ApiResponse@752c5293]
2026-06-23 12:25:52.229 DEBUG 21044 --- [nio-9060-exec-1] o.s.w.s.m.m.a.HttpEntityMethodProcessor  : Writing [com.example.TigoStarSystem.common.ApiResponse@5617fe6a]
2026-06-23 12:25:52.230 DEBUG 21044 --- [nio-9060-exec-6] o.s.web.servlet.DispatcherServlet        : Completed 200 OK
2026-06-23 12:25:52.230 DEBUG 21044 --- [nio-9060-exec-1] o.s.web.servlet.DispatcherServlet        : Completed 200 OK
2026-06-23 12:25:52.254 DEBUG 21044 --- [l-9 housekeeper] com.zaxxer.hikari.pool.HikariPool        : ConnDb-sucursal-9 - Before cleanup stats (total=1, active=1, idle=0, waiting=0)
2026-06-23 12:25:52.255 DEBUG 21044 --- [l-9 housekeeper] com.zaxxer.hikari.pool.HikariPool        : ConnDb-sucursal-9 - After cleanup  stats (total=1, active=1, idle=0, waiting=0)
2026-06-23 12:25:52.255 DEBUG 21044 --- [l-9 housekeeper] com.zaxxer.hikari.pool.HikariPool        : ConnDb-sucursal-9 - Fill pool skipped, pool is at sufficient level.
2026-06-23 12:25:52.267 DEBUG 21044 --- [onnection adder] com.zaxxer.hikari.pool.HikariPool        : TigoHogarHikariPool - Added connection net.sourceforge.jtds.jdbc.JtdsConnection@52961d8c
2026-06-23 12:25:52.267 DEBUG 21044 --- [nio-9060-exec-9] o.s.w.s.m.m.a.HttpEntityMethodProcessor  : Using 'application/json', given [application/json, text/plain, */*] and supported [application/json, application/*+json, application/json, application/*+json]
2026-06-23 12:25:52.268 DEBUG 21044 --- [nio-9060-exec-4] o.s.w.s.m.m.a.HttpEntityMethodProcessor  : Using 'application/json', given [application/json, text/plain, */*] and supported [application/json, application/*+json, application/json, application/*+json]
2026-06-23 12:25:52.268 DEBUG 21044 --- [nio-9060-exec-9] o.s.w.s.m.m.a.HttpEntityMethodProcessor  : Writing [com.example.TigoStarSystem.common.ApiResponse@4c2eafe3]
2026-06-23 12:25:52.268 DEBUG 21044 --- [nio-9060-exec-4] o.s.w.s.m.m.a.HttpEntityMethodProcessor  : Writing [com.example.TigoStarSystem.common.ApiResponse@1d7fb10b]
2026-06-23 12:25:52.269 DEBUG 21044 --- [nio-9060-exec-9] o.s.web.servlet.DispatcherServlet        : Completed 200 OK
2026-06-23 12:25:52.269 DEBUG 21044 --- [nio-9060-exec-4] o.s.web.servlet.DispatcherServlet        : Completed 200 OK
2026-06-23 12:25:57.758 DEBUG 21044 --- [ool housekeeper] com.zaxxer.hikari.pool.HikariPool        : CentralHikariPool - Before cleanup stats (total=1, active=0, idle=1, waiting=0)
2026-06-23 12:25:57.759 DEBUG 21044 --- [ool housekeeper] com.zaxxer.hikari.pool.HikariPool        : CentralHikariPool - After cleanup  stats (total=1, active=0, idle=1, waiting=0)
2026-06-23 12:25:57.759 DEBUG 21044 --- [ool housekeeper] com.zaxxer.hikari.pool.HikariPool        : CentralHikariPool - Fill pool skipped, pool is at sufficient level.
2026-06-23 12:25:57.822 DEBUG 21044 --- [ool housekeeper] com.zaxxer.hikari.pool.HikariPool        : TigoHogarHikariPool - Before cleanup stats (total=3, active=0, idle=3, waiting=0)
2026-06-23 12:25:57.823 DEBUG 21044 --- [ool housekeeper] com.zaxxer.hikari.pool.HikariPool        : TigoHogarHikariPool - After cleanup  stats (total=3, active=0, idle=3, waiting=0)
2026-06-23 12:25:57.823 DEBUG 21044 --- [ool housekeeper] com.zaxxer.hikari.pool.HikariPool        : TigoHogarHikariPool - Fill pool skipped, pool is at sufficient level.
2026-06-23 12:25:58.075 DEBUG 21044 --- [io-9060-exec-10] o.s.web.servlet.DispatcherServlet        : GET "/boleta-digital/ots", parameters={}
2026-06-23 12:25:58.076 DEBUG 21044 --- [io-9060-exec-10] s.w.s.m.m.a.RequestMappingHandlerMapping : Mapped to com.example.TigoStarSystem.boletadigital.controller.BoletaDigitalController#listar(String)
2026-06-23 12:25:58.079 DEBUG 21044 --- [io-9060-exec-10] o.s.jdbc.core.JdbcTemplate               : Executing SQL query [EXEC dbo.spx_ObtenerSucursalesConexionWeb]
2026-06-23 12:25:58.079 DEBUG 21044 --- [io-9060-exec-10] o.s.jdbc.datasource.DataSourceUtils      : Fetching JDBC Connection from DataSource
2026-06-23 12:25:58.214 DEBUG 21044 --- [io-9060-exec-10] o.s.jdbc.core.JdbcTemplate               : Executing SQL statement [IF OBJECT_ID('dbo.tbl_ventaArchivoDigital', 'U') IS NULL BEGIN CREATE TABLE dbo.tbl_ventaArchivoDigital (id INT IDENTITY(1,1) NOT NULL PRIMARY KEY, id_venta INT NULL, nombreArchivoAnterior NVARCHAR(MAX) NULL, fechaRegistro DATETIME NULL, usuario NVARCHAR(150) NULL); END; IF COL_LENGTH('dbo.tbl_ventaArchivoDigital', 'nombreArchivoNuevo') IS NULL BEGIN ALTER TABLE dbo.tbl_ventaArchivoDigital ADD nombreArchivoNuevo NVARCHAR(MAX) NULL; END; IF COL_LENGTH('dbo.tbl_ventaArchivoDigital', 'comparacion') IS NULL BEGIN ALTER TABLE dbo.tbl_ventaArchivoDigital ADD comparacion NVARCHAR(30) NULL; END;]
2026-06-23 12:25:58.215 DEBUG 21044 --- [io-9060-exec-10] o.s.jdbc.datasource.DataSourceUtils      : Fetching JDBC Connection from DataSource
2026-06-23 12:25:58.295 DEBUG 21044 --- [io-9060-exec-10] o.s.jdbc.core.JdbcTemplate               : Executing SQL query [EXEC dbo.spx_EnlistarOtArchivo_web]
2026-06-23 12:25:58.295 DEBUG 21044 --- [io-9060-exec-10] o.s.jdbc.datasource.DataSourceUtils      : Fetching JDBC Connection from DataSource
2026-06-23 12:25:59.233 DEBUG 21044 --- [io-9060-exec-10] o.s.jdbc.core.JdbcTemplate               : Executing SQL query [SELECT cliente_nro, OT, OT_FISICA, Estado FROM dbo.tbl_BO_CITA_MAKIRO_Historial WHERE Vigente = 2   AND OT_FISICA IS NOT NULL]
2026-06-23 12:25:59.234 DEBUG 21044 --- [io-9060-exec-10] o.s.jdbc.datasource.DataSourceUtils      : Fetching JDBC Connection from DataSource
2026-06-23 12:25:59.833 DEBUG 21044 --- [io-9060-exec-10] o.s.jdbc.core.JdbcTemplate               : Executing SQL statement [IF OBJECT_ID('dbo.tbl_ventaArchivoDigital', 'U') IS NULL BEGIN CREATE TABLE dbo.tbl_ventaArchivoDigital (id INT IDENTITY(1,1) NOT NULL PRIMARY KEY, id_venta INT NULL, nombreArchivoAnterior NVARCHAR(MAX) NULL, fechaRegistro DATETIME NULL, usuario NVARCHAR(150) NULL); END; IF COL_LENGTH('dbo.tbl_ventaArchivoDigital', 'nombreArchivoNuevo') IS NULL BEGIN ALTER TABLE dbo.tbl_ventaArchivoDigital ADD nombreArchivoNuevo NVARCHAR(MAX) NULL; END; IF COL_LENGTH('dbo.tbl_ventaArchivoDigital', 'comparacion') IS NULL BEGIN ALTER TABLE dbo.tbl_ventaArchivoDigital ADD comparacion NVARCHAR(30) NULL; END;]
2026-06-23 12:25:59.834 DEBUG 21044 --- [io-9060-exec-10] o.s.jdbc.datasource.DataSourceUtils      : Fetching JDBC Connection from DataSource
2026-06-23 12:26:00.013 DEBUG 21044 --- [io-9060-exec-10] o.s.jdbc.core.JdbcTemplate               : Executing SQL query [WITH ultimos AS (SELECT id_venta, nombreArchivoNuevo, comparacion, ROW_NUMBER() OVER (PARTITION BY id_venta ORDER BY fechaRegistro DESC, id DESC) AS rn FROM dbo.tbl_ventaArchivoDigital WHERE id_venta IS NOT NULL) SELECT id_venta, nombreArchivoNuevo, comparacion FROM ultimos WHERE rn = 1]
2026-06-23 12:26:00.013 DEBUG 21044 --- [io-9060-exec-10] o.s.jdbc.datasource.DataSourceUtils      : Fetching JDBC Connection from DataSource
2026-06-23 12:26:00.227 DEBUG 21044 --- [io-9060-exec-10] o.s.w.s.m.m.a.HttpEntityMethodProcessor  : Using 'application/json', given [application/json, text/plain, */*] and supported [application/json, application/*+json, application/json, application/*+json]
2026-06-23 12:26:00.228 DEBUG 21044 --- [io-9060-exec-10] o.s.w.s.m.m.a.HttpEntityMethodProcessor  : Writing [com.example.TigoStarSystem.common.ApiResponse@3326af4]
2026-06-23 12:26:00.381 DEBUG 21044 --- [io-9060-exec-10] o.s.web.servlet.DispatcherServlet        : Completed 200 OK
2026-06-23 12:26:02.769 DEBUG 21044 --- [l-1 housekeeper] com.zaxxer.hikari.pool.HikariPool        : HikariPool-1 - Before cleanup stats (total=1, active=0, idle=1, waiting=0)
2026-06-23 12:26:02.770 DEBUG 21044 --- [l-1 housekeeper] com.zaxxer.hikari.pool.HikariPool        : HikariPool-1 - After cleanup  stats (total=1, active=0, idle=1, waiting=0)
2026-06-23 12:26:02.770 DEBUG 21044 --- [l-1 housekeeper] com.zaxxer.hikari.pool.HikariPool        : HikariPool-1 - Fill pool skipped, pool is at sufficient level.
2026-06-23 12:26:03.335 DEBUG 21044 --- [ruz housekeeper] com.zaxxer.hikari.pool.HikariPool        : ConnDb-SantaCruz - Before cleanup stats (total=1, active=0, idle=1, waiting=0)
2026-06-23 12:26:03.336 DEBUG 21044 --- [ruz housekeeper] com.zaxxer.hikari.pool.HikariPool        : ConnDb-SantaCruz - After cleanup  stats (total=1, active=0, idle=1, waiting=0)
2026-06-23 12:26:03.336 DEBUG 21044 --- [ruz housekeeper] com.zaxxer.hikari.pool.HikariPool        : ConnDb-SantaCruz - Fill pool skipped, pool is at sufficient level.
2026-06-23 12:26:03.822 DEBUG 21044 --- [l-9 housekeeper] com.zaxxer.hikari.pool.HikariPool        : ConnDb-boleta-digital-sucursal-9 - Before cleanup stats (total=1, active=0, idle=1, waiting=0)
2026-06-23 12:26:03.823 DEBUG 21044 --- [l-9 housekeeper] com.zaxxer.hikari.pool.HikariPool        : ConnDb-boleta-digital-sucursal-9 - After cleanup  stats (total=1, active=0, idle=1, waiting=0)
2026-06-23 12:26:03.823 DEBUG 21044 --- [l-9 housekeeper] com.zaxxer.hikari.pool.HikariPool        : ConnDb-boleta-digital-sucursal-9 - Fill pool skipped, pool is at sufficient level.
2026-06-23 12:26:22.271 DEBUG 21044 --- [l-9 housekeeper] com.zaxxer.hikari.pool.HikariPool        : ConnDb-sucursal-9 - Before cleanup stats (total=1, active=0, idle=1, waiting=0)
2026-06-23 12:26:22.272 DEBUG 21044 --- [l-9 housekeeper] com.zaxxer.hikari.pool.HikariPool        : ConnDb-sucursal-9 - After cleanup  stats (total=1, active=0, idle=1, waiting=0)
2026-06-23 12:26:22.273 DEBUG 21044 --- [l-9 housekeeper] com.zaxxer.hikari.pool.HikariPool        : ConnDb-sucursal-9 - Fill pool skipped, pool is at sufficient level.
2026-06-23 12:26:27.771 DEBUG 21044 --- [ool housekeeper] com.zaxxer.hikari.pool.HikariPool        : CentralHikariPool - Before cleanup stats (total=1, active=0, idle=1, waiting=0)
2026-06-23 12:26:27.772 DEBUG 21044 --- [ool housekeeper] com.zaxxer.hikari.pool.HikariPool        : CentralHikariPool - After cleanup  stats (total=1, active=0, idle=1, waiting=0)
2026-06-23 12:26:27.773 DEBUG 21044 --- [ool housekeeper] com.zaxxer.hikari.pool.HikariPool        : CentralHikariPool - Fill pool skipped, pool is at sufficient level.
2026-06-23 12:26:27.834 DEBUG 21044 --- [ool housekeeper] com.zaxxer.hikari.pool.HikariPool        : TigoHogarHikariPool - Before cleanup stats (total=3, active=0, idle=3, waiting=0)
2026-06-23 12:26:27.834 DEBUG 21044 --- [ool housekeeper] com.zaxxer.hikari.pool.HikariPool        : TigoHogarHikariPool - After cleanup  stats (total=3, active=0, idle=3, waiting=0)
2026-06-23 12:26:27.835 DEBUG 21044 --- [ool housekeeper] com.zaxxer.hikari.pool.HikariPool        : TigoHogarHikariPool - Fill pool skipped, pool is at sufficient level.
2026-06-23 12:26:28.655 DEBUG 21044 --- [nio-9060-exec-7] o.s.web.servlet.DispatcherServlet        : POST "/boleta-digital/archivo-digital", parameters={multipart}
2026-06-23 12:26:28.722 DEBUG 21044 --- [nio-9060-exec-7] s.w.s.m.m.a.RequestMappingHandlerMapping : Mapped to com.example.TigoStarSystem.boletadigital.controller.BoletaDigitalController#cambiarArchivo(String, Integer, Integer, MultipartFile, MultipartFile)
2026-06-23 12:26:28.879 DEBUG 21044 --- [nio-9060-exec-7] o.s.jdbc.core.JdbcTemplate               : Executing SQL query [EXEC dbo.spx_ObtenerSucursalesConexionWeb]
2026-06-23 12:26:28.911 DEBUG 21044 --- [nio-9060-exec-7] o.s.jdbc.core.JdbcTemplate               : Executing prepared SQL query
2026-06-23 12:26:28.912 DEBUG 21044 --- [nio-9060-exec-7] o.s.jdbc.core.JdbcTemplate               : Executing prepared SQL statement [SELECT TOP 1 Id_Venta AS idVenta, CodigoCliente AS codigoCliente, OrdenTrabajo AS ordenTrabajo, Fecha_Ejecucion AS fechaEjecucion, RutaPdf AS rutaPdf FROM dbo.tbl_Venta WHERE Id_Venta = ? AND ISNULL(E_Eliminado, 0) = 0]
2026-06-23 12:26:28.912 DEBUG 21044 --- [nio-9060-exec-7] o.s.jdbc.datasource.DataSourceUtils      : Fetching JDBC Connection from DataSource
2026-06-23 12:26:28.968 DEBUG 21044 --- [nio-9060-exec-7] o.s.jdbc.core.JdbcTemplate               : Executing prepared SQL query
2026-06-23 12:26:28.969 DEBUG 21044 --- [nio-9060-exec-7] o.s.jdbc.core.JdbcTemplate               : Executing prepared SQL statement [SELECT TOP 1 cliente_nro, OT, OT_FISICA, Estado FROM dbo.tbl_BO_CITA_MAKIRO_Historial WHERE Vigente = 2   AND OT_FISICA IS NOT NULL   AND cliente_nro = ?   AND OT = ?]
2026-06-23 12:26:28.969 DEBUG 21044 --- [nio-9060-exec-7] o.s.jdbc.datasource.DataSourceUtils      : Fetching JDBC Connection from DataSource
2026-06-23 12:26:29.211 DEBUG 21044 --- [nio-9060-exec-7] .m.m.a.ExceptionHandlerExceptionResolver : Using @ExceptionHandler com.example.TigoStarSystem.common.GlobalExceptionHandler#handleApiException(ApiException, HttpServletRequest)
2026-06-23 12:26:29.215 DEBUG 21044 --- [nio-9060-exec-7] o.s.w.s.m.m.a.HttpEntityMethodProcessor  : Using 'application/json', given [application/json, text/plain, */*] and supported [application/json, application/*+json, application/json, application/*+json]
2026-06-23 12:26:29.216 DEBUG 21044 --- [nio-9060-exec-7] o.s.w.s.m.m.a.HttpEntityMethodProcessor  : Writing [com.example.TigoStarSystem.common.ApiError@31c2c414]
2026-06-23 12:26:29.219 DEBUG 21044 --- [nio-9060-exec-7] .m.m.a.ExceptionHandlerExceptionResolver : Resolved [com.example.TigoStarSystem.common.ApiException: No coincide el nombre del PDF con la OT fisica esperada.]
2026-06-23 12:26:29.221 DEBUG 21044 --- [nio-9060-exec-7] o.s.web.servlet.DispatcherServlet        : Completed 409 CONFLICT
2026-06-23 12:26:32.774 DEBUG 21044 --- [l-1 housekeeper] com.zaxxer.hikari.pool.HikariPool        : HikariPool-1 - Before cleanup stats (total=1, active=0, idle=1, waiting=0)
2026-06-23 12:26:32.775 DEBUG 21044 --- [l-1 housekeeper] com.zaxxer.hikari.pool.HikariPool        : HikariPool-1 - After cleanup  stats (total=1, active=0, idle=1, waiting=0)
2026-06-23 12:26:32.775 DEBUG 21044 --- [l-1 housekeeper] com.zaxxer.hikari.pool.HikariPool        : HikariPool-1 - Fill pool skipped, pool is at sufficient level.
2026-06-23 12:26:33.342 DEBUG 21044 --- [ruz housekeeper] com.zaxxer.hikari.pool.HikariPool        : ConnDb-SantaCruz - Before cleanup stats (total=1, active=0, idle=1, waiting=0)
2026-06-23 12:26:33.343 DEBUG 21044 --- [ruz housekeeper] com.zaxxer.hikari.pool.HikariPool        : ConnDb-SantaCruz - After cleanup  stats (total=1, active=0, idle=1, waiting=0)
2026-06-23 12:26:33.343 DEBUG 21044 --- [ruz housekeeper] com.zaxxer.hikari.pool.HikariPool        : ConnDb-SantaCruz - Fill pool skipped, pool is at sufficient level.
2026-06-23 12:26:33.827 DEBUG 21044 --- [l-9 housekeeper] com.zaxxer.hikari.pool.HikariPool        : ConnDb-boleta-digital-sucursal-9 - Before cleanup stats (total=1, active=0, idle=1, waiting=0)
2026-06-23 12:26:33.828 DEBUG 21044 --- [l-9 housekeeper] com.zaxxer.hikari.pool.HikariPool        : ConnDb-boleta-digital-sucursal-9 - After cleanup  stats (total=1, active=0, idle=1, waiting=0)
2026-06-23 12:26:33.828 DEBUG 21044 --- [l-9 housekeeper] com.zaxxer.hikari.pool.HikariPool        : ConnDb-boleta-digital-sucursal-9 - Fill pool skipped, pool is at sufficient level.
2026-06-23 12:26:52.279 DEBUG 21044 --- [l-9 housekeeper] com.zaxxer.hikari.pool.HikariPool        : ConnDb-sucursal-9 - Before cleanup stats (total=1, active=0, idle=1, waiting=0)
2026-06-23 12:26:52.279 DEBUG 21044 --- [l-9 housekeeper] com.zaxxer.hikari.pool.HikariPool        : ConnDb-sucursal-9 - After cleanup  stats (total=1, active=0, idle=1, waiting=0)
2026-06-23 12:26:52.279 DEBUG 21044 --- [l-9 housekeeper] com.zaxxer.hikari.pool.HikariPool        : ConnDb-sucursal-9 - Fill pool skipped, pool is at sufficient level.
2026-06-23 12:26:57.778 DEBUG 21044 --- [ool housekeeper] com.zaxxer.hikari.pool.HikariPool        : CentralHikariPool - Before cleanup stats (total=1, active=0, idle=1, waiting=0)
2026-06-23 12:26:57.778 DEBUG 21044 --- [ool housekeeper] com.zaxxer.hikari.pool.HikariPool        : CentralHikariPool - After cleanup  stats (total=1, active=0, idle=1, waiting=0)
2026-06-23 12:26:57.778 DEBUG 21044 --- [ool housekeeper] com.zaxxer.hikari.pool.HikariPool        : CentralHikariPool - Fill pool skipped, pool is at sufficient level.
2026-06-23 12:26:57.842 DEBUG 21044 --- [ool housekeeper] com.zaxxer.hikari.pool.HikariPool        : TigoHogarHikariPool - Before cleanup stats (total=3, active=0, idle=3, waiting=0)
2026-06-23 12:26:57.842 DEBUG 21044 --- [ool housekeeper] com.zaxxer.hikari.pool.HikariPool        : TigoHogarHikariPool - After cleanup  stats (total=3, active=0, idle=3, waiting=0)
2026-06-23 12:26:57.843 DEBUG 21044 --- [ool housekeeper] com.zaxxer.hikari.pool.HikariPool        : TigoHogarHikariPool - Fill pool skipped, pool is at sufficient level.
2026-06-23 12:27:02.783 DEBUG 21044 --- [l-1 housekeeper] com.zaxxer.hikari.pool.HikariPool        : HikariPool-1 - Before cleanup stats (total=1, active=0, idle=1, waiting=0)
2026-06-23 12:27:02.784 DEBUG 21044 --- [l-1 housekeeper] com.zaxxer.hikari.pool.HikariPool        : HikariPool-1 - After cleanup  stats (total=1, active=0, idle=1, waiting=0)
2026-06-23 12:27:02.785 DEBUG 21044 --- [l-1 housekeeper] com.zaxxer.hikari.pool.HikariPool        : HikariPool-1 - Fill pool skipped, pool is at sufficient level.
2026-06-23 12:27:03.354 DEBUG 21044 --- [ruz housekeeper] com.zaxxer.hikari.pool.HikariPool        : ConnDb-SantaCruz - Before cleanup stats (total=1, active=0, idle=1, waiting=0)
2026-06-23 12:27:03.354 DEBUG 21044 --- [ruz housekeeper] com.zaxxer.hikari.pool.HikariPool        : ConnDb-SantaCruz - After cleanup  stats (total=1, active=0, idle=1, waiting=0)
2026-06-23 12:27:03.355 DEBUG 21044 --- [ruz housekeeper] com.zaxxer.hikari.pool.HikariPool        : ConnDb-SantaCruz - Fill pool skipped, pool is at sufficient level.
2026-06-23 12:27:03.829 DEBUG 21044 --- [l-9 housekeeper] com.zaxxer.hikari.pool.HikariPool        : ConnDb-boleta-digital-sucursal-9 - Before cleanup stats (total=1, active=0, idle=1, waiting=0)
2026-06-23 12:27:03.829 DEBUG 21044 --- [l-9 housekeeper] com.zaxxer.hikari.pool.HikariPool        : ConnDb-boleta-digital-sucursal-9 - After cleanup  stats (total=1, active=0, idle=1, waiting=0)
2026-06-23 12:27:03.830 DEBUG 21044 --- [l-9 housekeeper] com.zaxxer.hikari.pool.HikariPool        : ConnDb-boleta-digital-sucursal-9 - Fill pool skipped, pool is at sufficient level.
2026-06-23 12:27:22.284 DEBUG 21044 --- [l-9 housekeeper] com.zaxxer.hikari.pool.HikariPool        : ConnDb-sucursal-9 - Before cleanup stats (total=1, active=0, idle=1, waiting=0)
2026-06-23 12:27:22.285 DEBUG 21044 --- [l-9 housekeeper] com.zaxxer.hikari.pool.HikariPool        : ConnDb-sucursal-9 - After cleanup  stats (total=1, active=0, idle=1, waiting=0)
2026-06-23 12:27:22.285 DEBUG 21044 --- [l-9 housekeeper] com.zaxxer.hikari.pool.HikariPool        : ConnDb-sucursal-9 - Fill pool skipped, pool is at sufficient level.
2026-06-23 12:27:27.703 DEBUG 21044 --- [l-1 housekeeper] com.zaxxer.hikari.pool.HikariPool        : HikariPool-1 - keepalive: connection net.sourceforge.jtds.jdbc.JtdsConnection@423f9f5e is alive
2026-06-23 12:27:27.781 DEBUG 21044 --- [ool housekeeper] com.zaxxer.hikari.pool.HikariPool        : CentralHikariPool - Before cleanup stats (total=1, active=0, idle=1, waiting=0)
2026-06-23 12:27:27.782 DEBUG 21044 --- [ool housekeeper] com.zaxxer.hikari.pool.HikariPool        : CentralHikariPool - After cleanup  stats (total=1, active=0, idle=1, waiting=0)
2026-06-23 12:27:27.782 DEBUG 21044 --- [ool housekeeper] com.zaxxer.hikari.pool.HikariPool        : CentralHikariPool - Fill pool skipped, pool is at sufficient level.
2026-06-23 12:27:27.845 DEBUG 21044 --- [ool housekeeper] com.zaxxer.hikari.pool.HikariPool        : TigoHogarHikariPool - Before cleanup stats (total=3, active=0, idle=3, waiting=0)
2026-06-23 12:27:27.845 DEBUG 21044 --- [ool housekeeper] com.zaxxer.hikari.pool.HikariPool        : TigoHogarHikariPool - After cleanup  stats (total=3, active=0, idle=3, waiting=0)
2026-06-23 12:27:27.846 DEBUG 21044 --- [ool housekeeper] com.zaxxer.hikari.pool.HikariPool        : TigoHogarHikariPool - Fill pool skipped, pool is at sufficient level.
2026-06-23 12:27:32.792 DEBUG 21044 --- [l-1 housekeeper] com.zaxxer.hikari.pool.HikariPool        : HikariPool-1 - Before cleanup stats (total=1, active=0, idle=1, waiting=0)
2026-06-23 12:27:32.792 DEBUG 21044 --- [l-1 housekeeper] com.zaxxer.hikari.pool.HikariPool        : HikariPool-1 - After cleanup  stats (total=1, active=0, idle=1, waiting=0)
2026-06-23 12:27:32.793 DEBUG 21044 --- [l-1 housekeeper] com.zaxxer.hikari.pool.HikariPool        : HikariPool-1 - Fill pool skipped, pool is at sufficient level.
2026-06-23 12:27:33.365 DEBUG 21044 --- [ruz housekeeper] com.zaxxer.hikari.pool.HikariPool        : ConnDb-SantaCruz - Before cleanup stats (total=1, active=0, idle=1, waiting=0)
2026-06-23 12:27:33.365 DEBUG 21044 --- [ruz housekeeper] com.zaxxer.hikari.pool.HikariPool        : ConnDb-SantaCruz - After cleanup  stats (total=1, active=0, idle=1, waiting=0)
2026-06-23 12:27:33.366 DEBUG 21044 --- [ruz housekeeper] com.zaxxer.hikari.pool.HikariPool        : ConnDb-SantaCruz - Fill pool skipped, pool is at sufficient level.
2026-06-23 12:27:33.842 DEBUG 21044 --- [l-9 housekeeper] com.zaxxer.hikari.pool.HikariPool        : ConnDb-boleta-digital-sucursal-9 - Before cleanup stats (total=1, active=0, idle=1, waiting=0)
2026-06-23 12:27:33.842 DEBUG 21044 --- [l-9 housekeeper] com.zaxxer.hikari.pool.HikariPool        : ConnDb-boleta-digital-sucursal-9 - After cleanup  stats (total=1, active=0, idle=1, waiting=0)
2026-06-23 12:27:33.842 DEBUG 21044 --- [l-9 housekeeper] com.zaxxer.hikari.pool.HikariPool        : ConnDb-boleta-digital-sucursal-9 - Fill pool skipped, pool is at sufficient level.
2026-06-23 12:27:35.520 DEBUG 21044 --- [ool housekeeper] com.zaxxer.hikari.pool.HikariPool        : CentralHikariPool - keepalive: connection net.sourceforge.jtds.jdbc.JtdsConnection@2a0ff6c is alive
2026-06-23 12:27:37.682 DEBUG 21044 --- [ool housekeeper] com.zaxxer.hikari.pool.HikariPool        : TigoHogarHikariPool - keepalive: connection net.sourceforge.jtds.jdbc.JtdsConnection@586e76fc is alive
2026-06-23 12:27:47.614 DEBUG 21044 --- [ool housekeeper] com.zaxxer.hikari.pool.HikariPool        : TigoHogarHikariPool - keepalive: connection net.sourceforge.jtds.jdbc.JtdsConnection@52961d8c is alive
2026-06-23 12:27:50.298 DEBUG 21044 --- [ool housekeeper] com.zaxxer.hikari.pool.HikariPool        : TigoHogarHikariPool - keepalive: connection net.sourceforge.jtds.jdbc.JtdsConnection@56a98381 is alive
2026-06-23 12:27:52.300 DEBUG 21044 --- [l-9 housekeeper] com.zaxxer.hikari.pool.HikariPool        : ConnDb-sucursal-9 - Before cleanup stats (total=1, active=0, idle=1, waiting=0)
2026-06-23 12:27:52.306 DEBUG 21044 --- [l-9 housekeeper] com.zaxxer.hikari.pool.HikariPool        : ConnDb-sucursal-9 - After cleanup  stats (total=1, active=0, idle=1, waiting=0)
2026-06-23 12:27:52.306 DEBUG 21044 --- [l-9 housekeeper] com.zaxxer.hikari.pool.HikariPool        : ConnDb-sucursal-9 - Fill pool skipped, pool is at sufficient level.
2026-06-23 12:27:57.797 DEBUG 21044 --- [ool housekeeper] com.zaxxer.hikari.pool.HikariPool        : CentralHikariPool - Before cleanup stats (total=1, active=0, idle=1, waiting=0)
2026-06-23 12:27:57.798 DEBUG 21044 --- [ool housekeeper] com.zaxxer.hikari.pool.HikariPool        : CentralHikariPool - After cleanup  stats (total=1, active=0, idle=1, waiting=0)
2026-06-23 12:27:57.798 DEBUG 21044 --- [ool housekeeper] com.zaxxer.hikari.pool.HikariPool        : CentralHikariPool - Fill pool skipped, pool is at sufficient level.
2026-06-23 12:27:57.859 DEBUG 21044 --- [ool housekeeper] com.zaxxer.hikari.pool.HikariPool        : TigoHogarHikariPool - Before cleanup stats (total=3, active=0, idle=3, waiting=0)
2026-06-23 12:27:57.865 DEBUG 21044 --- [ool housekeeper] com.zaxxer.hikari.pool.HikariPool        : TigoHogarHikariPool - After cleanup  stats (total=3, active=0, idle=3, waiting=0)
2026-06-23 12:27:57.873 DEBUG 21044 --- [ool housekeeper] com.zaxxer.hikari.pool.HikariPool        : TigoHogarHikariPool - Fill pool skipped, pool is at sufficient level.
2026-06-23 12:28:02.796 DEBUG 21044 --- [l-1 housekeeper] com.zaxxer.hikari.pool.HikariPool        : HikariPool-1 - Before cleanup stats (total=1, active=0, idle=1, waiting=0)
2026-06-23 12:28:02.797 DEBUG 21044 --- [l-1 housekeeper] com.zaxxer.hikari.pool.HikariPool        : HikariPool-1 - After cleanup  stats (total=1, active=0, idle=1, waiting=0)
2026-06-23 12:28:02.798 DEBUG 21044 --- [l-1 housekeeper] com.zaxxer.hikari.pool.HikariPool        : HikariPool-1 - Fill pool skipped, pool is at sufficient level.
2026-06-23 12:28:03.375 DEBUG 21044 --- [ruz housekeeper] com.zaxxer.hikari.pool.HikariPool        : ConnDb-SantaCruz - Before cleanup stats (total=1, active=0, idle=1, waiting=0)
2026-06-23 12:28:03.375 DEBUG 21044 --- [ruz housekeeper] com.zaxxer.hikari.pool.HikariPool        : ConnDb-SantaCruz - After cleanup  stats (total=1, active=0, idle=1, waiting=0)
2026-06-23 12:28:03.376 DEBUG 21044 --- [ruz housekeeper] com.zaxxer.hikari.pool.HikariPool        : ConnDb-SantaCruz - Fill pool skipped, pool is at sufficient level.
2026-06-23 12:28:03.854 DEBUG 21044 --- [l-9 housekeeper] com.zaxxer.hikari.pool.HikariPool        : ConnDb-boleta-digital-sucursal-9 - Before cleanup stats (total=1, active=0, idle=1, waiting=0)
2026-06-23 12:28:04.035 DEBUG 21044 --- [l-9 housekeeper] com.zaxxer.hikari.pool.HikariPool        : ConnDb-boleta-digital-sucursal-9 - After cleanup  stats (total=1, active=0, idle=1, waiting=0)
2026-06-23 12:28:04.253 DEBUG 21044 --- [l-9 housekeeper] com.zaxxer.hikari.pool.HikariPool        : ConnDb-boleta-digital-sucursal-9 - Fill pool skipped, pool is at sufficient level.
2026-06-23 12:28:22.307 DEBUG 21044 --- [l-9 housekeeper] com.zaxxer.hikari.pool.HikariPool        : ConnDb-sucursal-9 - Before cleanup stats (total=1, active=0, idle=1, waiting=0)
2026-06-23 12:28:22.309 DEBUG 21044 --- [l-9 housekeeper] com.zaxxer.hikari.pool.HikariPool        : ConnDb-sucursal-9 - After cleanup  stats (total=1, active=0, idle=1, waiting=0)
2026-06-23 12:28:22.309 DEBUG 21044 --- [l-9 housekeeper] com.zaxxer.hikari.pool.HikariPool        : ConnDb-sucursal-9 - Fill pool skipped, pool is at sufficient level.
2026-06-23 12:28:27.811 DEBUG 21044 --- [ool housekeeper] com.zaxxer.hikari.pool.HikariPool        : CentralHikariPool - Before cleanup stats (total=1, active=0, idle=1, waiting=0)
2026-06-23 12:28:27.812 DEBUG 21044 --- [ool housekeeper] com.zaxxer.hikari.pool.HikariPool        : CentralHikariPool - After cleanup  stats (total=1, active=0, idle=1, waiting=0)
2026-06-23 12:28:27.813 DEBUG 21044 --- [ool housekeeper] com.zaxxer.hikari.pool.HikariPool        : CentralHikariPool - Fill pool skipped, pool is at sufficient level.
2026-06-23 12:28:27.906 DEBUG 21044 --- [ool housekeeper] com.zaxxer.hikari.pool.HikariPool        : TigoHogarHikariPool - Before cleanup stats (total=3, active=0, idle=3, waiting=0)
2026-06-23 12:28:27.912 DEBUG 21044 --- [ool housekeeper] com.zaxxer.hikari.pool.HikariPool        : TigoHogarHikariPool - After cleanup  stats (total=3, active=0, idle=3, waiting=0)
2026-06-23 12:28:27.912 DEBUG 21044 --- [ool housekeeper] com.zaxxer.hikari.pool.HikariPool        : TigoHogarHikariPool - Fill pool skipped, pool is at sufficient level.
2026-06-23 12:28:32.803 DEBUG 21044 --- [l-1 housekeeper] com.zaxxer.hikari.pool.HikariPool        : HikariPool-1 - Before cleanup stats (total=1, active=0, idle=1, waiting=0)
2026-06-23 12:28:32.892 DEBUG 21044 --- [l-1 housekeeper] com.zaxxer.hikari.pool.HikariPool        : HikariPool-1 - After cleanup  stats (total=1, active=0, idle=1, waiting=0)
2026-06-23 12:28:32.918 DEBUG 21044 --- [l-1 housekeeper] com.zaxxer.hikari.pool.HikariPool        : HikariPool-1 - Fill pool skipped, pool is at sufficient level.
2026-06-23 12:28:33.391 DEBUG 21044 --- [ruz housekeeper] com.zaxxer.hikari.pool.HikariPool        : ConnDb-SantaCruz - Before cleanup stats (total=1, active=0, idle=1, waiting=0)
2026-06-23 12:28:33.391 DEBUG 21044 --- [ruz housekeeper] com.zaxxer.hikari.pool.HikariPool        : ConnDb-SantaCruz - After cleanup  stats (total=1, active=0, idle=1, waiting=0)
2026-06-23 12:28:33.392 DEBUG 21044 --- [ruz housekeeper] com.zaxxer.hikari.pool.HikariPool        : ConnDb-SantaCruz - Fill pool skipped, pool is at sufficient level.
2026-06-23 12:28:34.530 DEBUG 21044 --- [l-9 housekeeper] com.zaxxer.hikari.pool.HikariPool        : ConnDb-boleta-digital-sucursal-9 - Before cleanup stats (total=1, active=0, idle=1, waiting=0)
2026-06-23 12:28:34.530 DEBUG 21044 --- [l-9 housekeeper] com.zaxxer.hikari.pool.HikariPool        : ConnDb-boleta-digital-sucursal-9 - After cleanup  stats (total=1, active=0, idle=1, waiting=0)
2026-06-23 12:28:34.530 DEBUG 21044 --- [l-9 housekeeper] com.zaxxer.hikari.pool.HikariPool        : ConnDb-boleta-digital-sucursal-9 - Fill pool skipped, pool is at sufficient level.
2026-06-23 12:28:52.312 DEBUG 21044 --- [l-9 housekeeper] com.zaxxer.hikari.pool.HikariPool        : ConnDb-sucursal-9 - Before cleanup stats (total=1, active=0, idle=1, waiting=0)
2026-06-23 12:28:52.312 DEBUG 21044 --- [l-9 housekeeper] com.zaxxer.hikari.pool.HikariPool        : ConnDb-sucursal-9 - After cleanup  stats (total=1, active=0, idle=1, waiting=0)
2026-06-23 12:28:52.313 DEBUG 21044 --- [l-9 housekeeper] com.zaxxer.hikari.pool.HikariPool        : ConnDb-sucursal-9 - Fill pool skipped, pool is at sufficient level.
2026-06-23 12:28:57.820 DEBUG 21044 --- [ool housekeeper] com.zaxxer.hikari.pool.HikariPool        : CentralHikariPool - Before cleanup stats (total=1, active=0, idle=1, waiting=0)
2026-06-23 12:28:57.820 DEBUG 21044 --- [ool housekeeper] com.zaxxer.hikari.pool.HikariPool        : CentralHikariPool - After cleanup  stats (total=1, active=0, idle=1, waiting=0)
2026-06-23 12:28:57.820 DEBUG 21044 --- [ool housekeeper] com.zaxxer.hikari.pool.HikariPool        : CentralHikariPool - Fill pool skipped, pool is at sufficient level.
2026-06-23 12:28:57.913 DEBUG 21044 --- [ool housekeeper] com.zaxxer.hikari.pool.HikariPool        : TigoHogarHikariPool - Before cleanup stats (total=3, active=0, idle=3, waiting=0)
2026-06-23 12:28:57.914 DEBUG 21044 --- [ool housekeeper] com.zaxxer.hikari.pool.HikariPool        : TigoHogarHikariPool - After cleanup  stats (total=3, active=0, idle=3, waiting=0)
2026-06-23 12:28:57.915 DEBUG 21044 --- [ool housekeeper] com.zaxxer.hikari.pool.HikariPool        : TigoHogarHikariPool - Fill pool skipped, pool is at sufficient level.
2026-06-23 12:29:02.926 DEBUG 21044 --- [l-1 housekeeper] com.zaxxer.hikari.pool.HikariPool        : HikariPool-1 - Before cleanup stats (total=1, active=0, idle=1, waiting=0)
2026-06-23 12:29:02.927 DEBUG 21044 --- [l-1 housekeeper] com.zaxxer.hikari.pool.HikariPool        : HikariPool-1 - After cleanup  stats (total=1, active=0, idle=1, waiting=0)
2026-06-23 12:29:02.927 DEBUG 21044 --- [l-1 housekeeper] com.zaxxer.hikari.pool.HikariPool        : HikariPool-1 - Fill pool skipped, pool is at sufficient level.
2026-06-23 12:29:03.406 DEBUG 21044 --- [ruz housekeeper] com.zaxxer.hikari.pool.HikariPool        : ConnDb-SantaCruz - Before cleanup stats (total=1, active=0, idle=1, waiting=0)
2026-06-23 12:29:03.408 DEBUG 21044 --- [ruz housekeeper] com.zaxxer.hikari.pool.HikariPool        : ConnDb-SantaCruz - After cleanup  stats (total=1, active=0, idle=1, waiting=0)
2026-06-23 12:29:03.408 DEBUG 21044 --- [ruz housekeeper] com.zaxxer.hikari.pool.HikariPool        : ConnDb-SantaCruz - Fill pool skipped, pool is at sufficient level.
2026-06-23 12:29:04.544 DEBUG 21044 --- [l-9 housekeeper] com.zaxxer.hikari.pool.HikariPool        : ConnDb-boleta-digital-sucursal-9 - Before cleanup stats (total=1, active=0, idle=1, waiting=0)
2026-06-23 12:29:04.545 DEBUG 21044 --- [l-9 housekeeper] com.zaxxer.hikari.pool.HikariPool        : ConnDb-boleta-digital-sucursal-9 - After cleanup  stats (total=1, active=0, idle=1, waiting=0)
2026-06-23 12:29:04.545 DEBUG 21044 --- [l-9 housekeeper] com.zaxxer.hikari.pool.HikariPool        : ConnDb-boleta-digital-sucursal-9 - Fill pool skipped, pool is at sufficient level.
2026-06-23 12:29:06.195 DEBUG 21044 --- [nio-9060-exec-8] o.s.web.servlet.DispatcherServlet        : GET "/boleta-digital/ots", parameters={}
2026-06-23 12:29:06.196 DEBUG 21044 --- [nio-9060-exec-8] s.w.s.m.m.a.RequestMappingHandlerMapping : Mapped to com.example.TigoStarSystem.boletadigital.controller.BoletaDigitalController#listar(String)
2026-06-23 12:29:06.200 DEBUG 21044 --- [nio-9060-exec-8] o.s.jdbc.core.JdbcTemplate               : Executing SQL query [EXEC dbo.spx_ObtenerSucursalesConexionWeb]
2026-06-23 12:29:06.201 DEBUG 21044 --- [nio-9060-exec-8] o.s.jdbc.datasource.DataSourceUtils      : Fetching JDBC Connection from DataSource
2026-06-23 12:29:06.338 DEBUG 21044 --- [nio-9060-exec-8] o.s.jdbc.core.JdbcTemplate               : Executing SQL statement [IF OBJECT_ID('dbo.tbl_ventaArchivoDigital', 'U') IS NULL BEGIN CREATE TABLE dbo.tbl_ventaArchivoDigital (id INT IDENTITY(1,1) NOT NULL PRIMARY KEY, id_venta INT NULL, nombreArchivoAnterior NVARCHAR(MAX) NULL, fechaRegistro DATETIME NULL, usuario NVARCHAR(150) NULL); END; IF COL_LENGTH('dbo.tbl_ventaArchivoDigital', 'nombreArchivoNuevo') IS NULL BEGIN ALTER TABLE dbo.tbl_ventaArchivoDigital ADD nombreArchivoNuevo NVARCHAR(MAX) NULL; END; IF COL_LENGTH('dbo.tbl_ventaArchivoDigital', 'comparacion') IS NULL BEGIN ALTER TABLE dbo.tbl_ventaArchivoDigital ADD comparacion NVARCHAR(30) NULL; END;]
2026-06-23 12:29:06.338 DEBUG 21044 --- [nio-9060-exec-8] o.s.jdbc.datasource.DataSourceUtils      : Fetching JDBC Connection from DataSource
2026-06-23 12:29:06.373 DEBUG 21044 --- [nio-9060-exec-8] o.s.jdbc.core.JdbcTemplate               : Executing SQL query [EXEC dbo.spx_EnlistarOtArchivo_web]
2026-06-23 12:29:06.374 DEBUG 21044 --- [nio-9060-exec-8] o.s.jdbc.datasource.DataSourceUtils      : Fetching JDBC Connection from DataSource
2026-06-23 12:29:07.395 DEBUG 21044 --- [nio-9060-exec-8] o.s.jdbc.core.JdbcTemplate               : Executing SQL query [SELECT cliente_nro, OT, OT_FISICA, Estado FROM dbo.tbl_BO_CITA_MAKIRO_Historial WHERE Vigente = 2   AND OT_FISICA IS NOT NULL]
2026-06-23 12:29:07.395 DEBUG 21044 --- [nio-9060-exec-8] o.s.jdbc.datasource.DataSourceUtils      : Fetching JDBC Connection from DataSource
2026-06-23 12:29:07.986 DEBUG 21044 --- [nio-9060-exec-8] o.s.jdbc.core.JdbcTemplate               : Executing SQL statement [IF OBJECT_ID('dbo.tbl_ventaArchivoDigital', 'U') IS NULL BEGIN CREATE TABLE dbo.tbl_ventaArchivoDigital (id INT IDENTITY(1,1) NOT NULL PRIMARY KEY, id_venta INT NULL, nombreArchivoAnterior NVARCHAR(MAX) NULL, fechaRegistro DATETIME NULL, usuario NVARCHAR(150) NULL); END; IF COL_LENGTH('dbo.tbl_ventaArchivoDigital', 'nombreArchivoNuevo') IS NULL BEGIN ALTER TABLE dbo.tbl_ventaArchivoDigital ADD nombreArchivoNuevo NVARCHAR(MAX) NULL; END; IF COL_LENGTH('dbo.tbl_ventaArchivoDigital', 'comparacion') IS NULL BEGIN ALTER TABLE dbo.tbl_ventaArchivoDigital ADD comparacion NVARCHAR(30) NULL; END;]
2026-06-23 12:29:07.987 DEBUG 21044 --- [nio-9060-exec-8] o.s.jdbc.datasource.DataSourceUtils      : Fetching JDBC Connection from DataSource
2026-06-23 12:29:08.087 DEBUG 21044 --- [nio-9060-exec-8] o.s.jdbc.core.JdbcTemplate               : Executing SQL query [WITH ultimos AS (SELECT id_venta, nombreArchivoNuevo, comparacion, ROW_NUMBER() OVER (PARTITION BY id_venta ORDER BY fechaRegistro DESC, id DESC) AS rn FROM dbo.tbl_ventaArchivoDigital WHERE id_venta IS NOT NULL) SELECT id_venta, nombreArchivoNuevo, comparacion FROM ultimos WHERE rn = 1]
2026-06-23 12:29:08.087 DEBUG 21044 --- [nio-9060-exec-8] o.s.jdbc.datasource.DataSourceUtils      : Fetching JDBC Connection from DataSource
2026-06-23 12:29:08.225 DEBUG 21044 --- [nio-9060-exec-8] o.s.w.s.m.m.a.HttpEntityMethodProcessor  : Using 'application/json', given [application/json, text/plain, */*] and supported [application/json, application/*+json, application/json, application/*+json]
2026-06-23 12:29:08.226 DEBUG 21044 --- [nio-9060-exec-8] o.s.w.s.m.m.a.HttpEntityMethodProcessor  : Writing [com.example.TigoStarSystem.common.ApiResponse@5e65198e]
2026-06-23 12:29:08.391 DEBUG 21044 --- [nio-9060-exec-8] o.s.web.servlet.DispatcherServlet        : Completed 200 OK
2026-06-23 12:29:18.896 DEBUG 21044 --- [nio-9060-exec-5] o.s.web.servlet.DispatcherServlet        : GET "/boleta-digital/ots", parameters={}
2026-06-23 12:29:18.897 DEBUG 21044 --- [nio-9060-exec-5] s.w.s.m.m.a.RequestMappingHandlerMapping : Mapped to com.example.TigoStarSystem.boletadigital.controller.BoletaDigitalController#listar(String)
2026-06-23 12:29:18.904 DEBUG 21044 --- [nio-9060-exec-5] o.s.jdbc.core.JdbcTemplate               : Executing SQL query [EXEC dbo.spx_ObtenerSucursalesConexionWeb]
2026-06-23 12:29:18.904 DEBUG 21044 --- [nio-9060-exec-5] o.s.jdbc.datasource.DataSourceUtils      : Fetching JDBC Connection from DataSource
2026-06-23 12:29:19.030 DEBUG 21044 --- [nio-9060-exec-5] o.s.jdbc.core.JdbcTemplate               : Executing SQL statement [IF OBJECT_ID('dbo.tbl_ventaArchivoDigital', 'U') IS NULL BEGIN CREATE TABLE dbo.tbl_ventaArchivoDigital (id INT IDENTITY(1,1) NOT NULL PRIMARY KEY, id_venta INT NULL, nombreArchivoAnterior NVARCHAR(MAX) NULL, fechaRegistro DATETIME NULL, usuario NVARCHAR(150) NULL); END; IF COL_LENGTH('dbo.tbl_ventaArchivoDigital', 'nombreArchivoNuevo') IS NULL BEGIN ALTER TABLE dbo.tbl_ventaArchivoDigital ADD nombreArchivoNuevo NVARCHAR(MAX) NULL; END; IF COL_LENGTH('dbo.tbl_ventaArchivoDigital', 'comparacion') IS NULL BEGIN ALTER TABLE dbo.tbl_ventaArchivoDigital ADD comparacion NVARCHAR(30) NULL; END;]
2026-06-23 12:29:19.031 DEBUG 21044 --- [nio-9060-exec-5] o.s.jdbc.datasource.DataSourceUtils      : Fetching JDBC Connection from DataSource
2026-06-23 12:29:19.060 DEBUG 21044 --- [nio-9060-exec-5] o.s.jdbc.core.JdbcTemplate               : Executing SQL query [EXEC dbo.spx_EnlistarOtArchivo_web]
2026-06-23 12:29:19.060 DEBUG 21044 --- [nio-9060-exec-5] o.s.jdbc.datasource.DataSourceUtils      : Fetching JDBC Connection from DataSource
2026-06-23 12:29:20.695 DEBUG 21044 --- [nio-9060-exec-5] o.s.jdbc.core.JdbcTemplate               : Executing SQL query [SELECT cliente_nro, OT, OT_FISICA, Estado FROM dbo.tbl_BO_CITA_MAKIRO_Historial WHERE Vigente = 2   AND OT_FISICA IS NOT NULL]
2026-06-23 12:29:20.697 DEBUG 21044 --- [nio-9060-exec-5] o.s.jdbc.datasource.DataSourceUtils      : Fetching JDBC Connection from DataSource
2026-06-23 12:29:22.043 DEBUG 21044 --- [nio-9060-exec-5] o.s.jdbc.core.JdbcTemplate               : Executing SQL statement [IF OBJECT_ID('dbo.tbl_ventaArchivoDigital', 'U') IS NULL BEGIN CREATE TABLE dbo.tbl_ventaArchivoDigital (id INT IDENTITY(1,1) NOT NULL PRIMARY KEY, id_venta INT NULL, nombreArchivoAnterior NVARCHAR(MAX) NULL, fechaRegistro DATETIME NULL, usuario NVARCHAR(150) NULL); END; IF COL_LENGTH('dbo.tbl_ventaArchivoDigital', 'nombreArchivoNuevo') IS NULL BEGIN ALTER TABLE dbo.tbl_ventaArchivoDigital ADD nombreArchivoNuevo NVARCHAR(MAX) NULL; END; IF COL_LENGTH('dbo.tbl_ventaArchivoDigital', 'comparacion') IS NULL BEGIN ALTER TABLE dbo.tbl_ventaArchivoDigital ADD comparacion NVARCHAR(30) NULL; END;]
2026-06-23 12:29:22.043 DEBUG 21044 --- [nio-9060-exec-5] o.s.jdbc.datasource.DataSourceUtils      : Fetching JDBC Connection from DataSource
2026-06-23 12:29:22.163 DEBUG 21044 --- [nio-9060-exec-5] o.s.jdbc.core.JdbcTemplate               : Executing SQL query [WITH ultimos AS (SELECT id_venta, nombreArchivoNuevo, comparacion, ROW_NUMBER() OVER (PARTITION BY id_venta ORDER BY fechaRegistro DESC, id DESC) AS rn FROM dbo.tbl_ventaArchivoDigital WHERE id_venta IS NOT NULL) SELECT id_venta, nombreArchivoNuevo, comparacion FROM ultimos WHERE rn = 1]
2026-06-23 12:29:22.164 DEBUG 21044 --- [nio-9060-exec-5] o.s.jdbc.datasource.DataSourceUtils      : Fetching JDBC Connection from DataSource
2026-06-23 12:29:22.308 DEBUG 21044 --- [nio-9060-exec-5] o.s.w.s.m.m.a.HttpEntityMethodProcessor  : Using 'application/json', given [application/json, text/plain, */*] and supported [application/json, application/*+json, application/json, application/*+json]
2026-06-23 12:29:22.309 DEBUG 21044 --- [nio-9060-exec-5] o.s.w.s.m.m.a.HttpEntityMethodProcessor  : Writing [com.example.TigoStarSystem.common.ApiResponse@66d9bc69]
2026-06-23 12:29:22.341 DEBUG 21044 --- [l-9 housekeeper] com.zaxxer.hikari.pool.HikariPool        : ConnDb-sucursal-9 - Before cleanup stats (total=1, active=0, idle=1, waiting=0)
2026-06-23 12:29:22.341 DEBUG 21044 --- [l-9 housekeeper] com.zaxxer.hikari.pool.HikariPool        : ConnDb-sucursal-9 - After cleanup  stats (total=1, active=0, idle=1, waiting=0)
2026-06-23 12:29:22.342 DEBUG 21044 --- [l-9 housekeeper] com.zaxxer.hikari.pool.HikariPool        : ConnDb-sucursal-9 - Fill pool skipped, pool is at sufficient level.
2026-06-23 12:29:22.473 DEBUG 21044 --- [nio-9060-exec-5] o.s.web.servlet.DispatcherServlet        : Completed 200 OK
2026-06-23 12:29:22.534 DEBUG 21044 --- [l-1 housekeeper] com.zaxxer.hikari.pool.HikariPool        : HikariPool-1 - keepalive: connection net.sourceforge.jtds.jdbc.JtdsConnection@423f9f5e is alive
2026-06-23 12:29:27.470 DEBUG 21044 --- [ool housekeeper] com.zaxxer.hikari.pool.HikariPool        : TigoHogarHikariPool - keepalive: connection net.sourceforge.jtds.jdbc.JtdsConnection@586e76fc is alive
2026-06-23 12:29:27.829 DEBUG 21044 --- [ool housekeeper] com.zaxxer.hikari.pool.HikariPool        : CentralHikariPool - Before cleanup stats (total=1, active=0, idle=1, waiting=0)
2026-06-23 12:29:27.830 DEBUG 21044 --- [ool housekeeper] com.zaxxer.hikari.pool.HikariPool        : CentralHikariPool - After cleanup  stats (total=1, active=0, idle=1, waiting=0)
2026-06-23 12:29:27.830 DEBUG 21044 --- [ool housekeeper] com.zaxxer.hikari.pool.HikariPool        : CentralHikariPool - Fill pool skipped, pool is at sufficient level.
2026-06-23 12:29:27.923 DEBUG 21044 --- [ool housekeeper] com.zaxxer.hikari.pool.HikariPool        : TigoHogarHikariPool - Before cleanup stats (total=3, active=0, idle=3, waiting=0)
2026-06-23 12:29:27.924 DEBUG 21044 --- [ool housekeeper] com.zaxxer.hikari.pool.HikariPool        : TigoHogarHikariPool - After cleanup  stats (total=3, active=0, idle=3, waiting=0)
2026-06-23 12:29:27.924 DEBUG 21044 --- [ool housekeeper] com.zaxxer.hikari.pool.HikariPool        : TigoHogarHikariPool - Fill pool skipped, pool is at sufficient level.
2026-06-23 12:29:32.933 DEBUG 21044 --- [l-1 housekeeper] com.zaxxer.hikari.pool.HikariPool        : HikariPool-1 - Before cleanup stats (total=1, active=0, idle=1, waiting=0)
2026-06-23 12:29:32.934 DEBUG 21044 --- [l-1 housekeeper] com.zaxxer.hikari.pool.HikariPool        : HikariPool-1 - After cleanup  stats (total=1, active=0, idle=1, waiting=0)
2026-06-23 12:29:32.935 DEBUG 21044 --- [l-1 housekeeper] com.zaxxer.hikari.pool.HikariPool        : HikariPool-1 - Fill pool skipped, pool is at sufficient level.
2026-06-23 12:29:33.416 DEBUG 21044 --- [ruz housekeeper] com.zaxxer.hikari.pool.HikariPool        : ConnDb-SantaCruz - Before cleanup stats (total=1, active=0, idle=1, waiting=0)
2026-06-23 12:29:33.417 DEBUG 21044 --- [ruz housekeeper] com.zaxxer.hikari.pool.HikariPool        : ConnDb-SantaCruz - After cleanup  stats (total=1, active=0, idle=1, waiting=0)
2026-06-23 12:29:33.417 DEBUG 21044 --- [ruz housekeeper] com.zaxxer.hikari.pool.HikariPool        : ConnDb-SantaCruz - Fill pool skipped, pool is at sufficient level.
2026-06-23 12:29:34.559 DEBUG 21044 --- [l-9 housekeeper] com.zaxxer.hikari.pool.HikariPool        : ConnDb-boleta-digital-sucursal-9 - Before cleanup stats (total=1, active=0, idle=1, waiting=0)
2026-06-23 12:29:34.560 DEBUG 21044 --- [l-9 housekeeper] com.zaxxer.hikari.pool.HikariPool        : ConnDb-boleta-digital-sucursal-9 - After cleanup  stats (total=1, active=0, idle=1, waiting=0)
2026-06-23 12:29:34.560 DEBUG 21044 --- [l-9 housekeeper] com.zaxxer.hikari.pool.HikariPool        : ConnDb-boleta-digital-sucursal-9 - Fill pool skipped, pool is at sufficient level.
2026-06-23 12:29:35.516 DEBUG 21044 --- [ool housekeeper] com.zaxxer.hikari.pool.HikariPool        : CentralHikariPool - keepalive: connection net.sourceforge.jtds.jdbc.JtdsConnection@2a0ff6c is alive
2026-06-23 12:29:40.443 DEBUG 21044 --- [nio-9060-exec-2] o.s.web.servlet.DispatcherServlet        : GET "/boleta-digital/ots", parameters={}
2026-06-23 12:29:40.444 DEBUG 21044 --- [nio-9060-exec-2] s.w.s.m.m.a.RequestMappingHandlerMapping : Mapped to com.example.TigoStarSystem.boletadigital.controller.BoletaDigitalController#listar(String)
2026-06-23 12:29:40.455 DEBUG 21044 --- [nio-9060-exec-2] o.s.jdbc.core.JdbcTemplate               : Executing SQL query [EXEC dbo.spx_ObtenerSucursalesConexionWeb]
2026-06-23 12:29:40.456 DEBUG 21044 --- [nio-9060-exec-2] o.s.jdbc.datasource.DataSourceUtils      : Fetching JDBC Connection from DataSource
2026-06-23 12:29:40.511 DEBUG 21044 --- [nio-9060-exec-2] o.s.jdbc.core.JdbcTemplate               : Executing SQL statement [IF OBJECT_ID('dbo.tbl_ventaArchivoDigital', 'U') IS NULL BEGIN CREATE TABLE dbo.tbl_ventaArchivoDigital (id INT IDENTITY(1,1) NOT NULL PRIMARY KEY, id_venta INT NULL, nombreArchivoAnterior NVARCHAR(MAX) NULL, fechaRegistro DATETIME NULL, usuario NVARCHAR(150) NULL); END; IF COL_LENGTH('dbo.tbl_ventaArchivoDigital', 'nombreArchivoNuevo') IS NULL BEGIN ALTER TABLE dbo.tbl_ventaArchivoDigital ADD nombreArchivoNuevo NVARCHAR(MAX) NULL; END; IF COL_LENGTH('dbo.tbl_ventaArchivoDigital', 'comparacion') IS NULL BEGIN ALTER TABLE dbo.tbl_ventaArchivoDigital ADD comparacion NVARCHAR(30) NULL; END;]
2026-06-23 12:29:40.512 DEBUG 21044 --- [nio-9060-exec-2] o.s.jdbc.datasource.DataSourceUtils      : Fetching JDBC Connection from DataSource
2026-06-23 12:29:40.581 DEBUG 21044 --- [nio-9060-exec-2] o.s.jdbc.core.JdbcTemplate               : Executing SQL query [EXEC dbo.spx_EnlistarOtArchivo_web]
2026-06-23 12:29:40.582 DEBUG 21044 --- [nio-9060-exec-2] o.s.jdbc.datasource.DataSourceUtils      : Fetching JDBC Connection from DataSource
2026-06-23 12:29:42.004 DEBUG 21044 --- [nio-9060-exec-2] o.s.jdbc.core.JdbcTemplate               : Executing SQL query [SELECT cliente_nro, OT, OT_FISICA, Estado FROM dbo.tbl_BO_CITA_MAKIRO_Historial WHERE Vigente = 2   AND OT_FISICA IS NOT NULL]
2026-06-23 12:29:42.005 DEBUG 21044 --- [nio-9060-exec-2] o.s.jdbc.datasource.DataSourceUtils      : Fetching JDBC Connection from DataSource
2026-06-23 12:29:42.480 DEBUG 21044 --- [nio-9060-exec-2] o.s.jdbc.core.JdbcTemplate               : Executing SQL statement [IF OBJECT_ID('dbo.tbl_ventaArchivoDigital', 'U') IS NULL BEGIN CREATE TABLE dbo.tbl_ventaArchivoDigital (id INT IDENTITY(1,1) NOT NULL PRIMARY KEY, id_venta INT NULL, nombreArchivoAnterior NVARCHAR(MAX) NULL, fechaRegistro DATETIME NULL, usuario NVARCHAR(150) NULL); END; IF COL_LENGTH('dbo.tbl_ventaArchivoDigital', 'nombreArchivoNuevo') IS NULL BEGIN ALTER TABLE dbo.tbl_ventaArchivoDigital ADD nombreArchivoNuevo NVARCHAR(MAX) NULL; END; IF COL_LENGTH('dbo.tbl_ventaArchivoDigital', 'comparacion') IS NULL BEGIN ALTER TABLE dbo.tbl_ventaArchivoDigital ADD comparacion NVARCHAR(30) NULL; END;]
2026-06-23 12:29:42.480 DEBUG 21044 --- [nio-9060-exec-2] o.s.jdbc.datasource.DataSourceUtils      : Fetching JDBC Connection from DataSource
2026-06-23 12:29:42.514 DEBUG 21044 --- [nio-9060-exec-2] o.s.jdbc.core.JdbcTemplate               : Executing SQL query [WITH ultimos AS (SELECT id_venta, nombreArchivoNuevo, comparacion, ROW_NUMBER() OVER (PARTITION BY id_venta ORDER BY fechaRegistro DESC, id DESC) AS rn FROM dbo.tbl_ventaArchivoDigital WHERE id_venta IS NOT NULL) SELECT id_venta, nombreArchivoNuevo, comparacion FROM ultimos WHERE rn = 1]
2026-06-23 12:29:42.515 DEBUG 21044 --- [nio-9060-exec-2] o.s.jdbc.datasource.DataSourceUtils      : Fetching JDBC Connection from DataSource
2026-06-23 12:29:42.643 DEBUG 21044 --- [nio-9060-exec-2] o.s.w.s.m.m.a.HttpEntityMethodProcessor  : Using 'application/json', given [application/json, text/plain, */*] and supported [application/json, application/*+json, application/json, application/*+json]
2026-06-23 12:29:42.644 DEBUG 21044 --- [nio-9060-exec-2] o.s.w.s.m.m.a.HttpEntityMethodProcessor  : Writing [com.example.TigoStarSystem.common.ApiResponse@5efde307]
2026-06-23 12:29:42.824 DEBUG 21044 --- [nio-9060-exec-2] o.s.web.servlet.DispatcherServlet        : Completed 200 OK
2026-06-23 12:29:42.971 DEBUG 21044 --- [ool housekeeper] com.zaxxer.hikari.pool.HikariPool        : TigoHogarHikariPool - keepalive: connection net.sourceforge.jtds.jdbc.JtdsConnection@52961d8c is alive
2026-06-23 12:29:48.584 DEBUG 21044 --- [ool housekeeper] com.zaxxer.hikari.pool.HikariPool        : TigoHogarHikariPool - keepalive: connection net.sourceforge.jtds.jdbc.JtdsConnection@56a98381 is alive
2026-06-23 12:29:52.349 DEBUG 21044 --- [l-9 housekeeper] com.zaxxer.hikari.pool.HikariPool        : ConnDb-sucursal-9 - Before cleanup stats (total=1, active=0, idle=1, waiting=0)
2026-06-23 12:29:52.350 DEBUG 21044 --- [l-9 housekeeper] com.zaxxer.hikari.pool.HikariPool        : ConnDb-sucursal-9 - After cleanup  stats (total=1, active=0, idle=1, waiting=0)
2026-06-23 12:29:52.351 DEBUG 21044 --- [l-9 housekeeper] com.zaxxer.hikari.pool.HikariPool        : ConnDb-sucursal-9 - Fill pool skipped, pool is at sufficient level.
2026-06-23 12:29:54.333 DEBUG 21044 --- [nio-9060-exec-3] o.s.web.servlet.DispatcherServlet        : GET "/boleta-digital/ots?fechaInicio=2026-06-01", parameters={masked}
2026-06-23 12:29:54.334 DEBUG 21044 --- [nio-9060-exec-3] s.w.s.m.m.a.RequestMappingHandlerMapping : Mapped to com.example.TigoStarSystem.boletadigital.controller.BoletaDigitalController#listar(String)
2026-06-23 12:29:54.347 DEBUG 21044 --- [nio-9060-exec-3] o.s.jdbc.core.JdbcTemplate               : Executing SQL query [EXEC dbo.spx_ObtenerSucursalesConexionWeb]
2026-06-23 12:29:54.347 DEBUG 21044 --- [nio-9060-exec-3] o.s.jdbc.datasource.DataSourceUtils      : Fetching JDBC Connection from DataSource
2026-06-23 12:29:54.382 DEBUG 21044 --- [nio-9060-exec-3] o.s.jdbc.core.JdbcTemplate               : Executing SQL statement [IF OBJECT_ID('dbo.tbl_ventaArchivoDigital', 'U') IS NULL BEGIN CREATE TABLE dbo.tbl_ventaArchivoDigital (id INT IDENTITY(1,1) NOT NULL PRIMARY KEY, id_venta INT NULL, nombreArchivoAnterior NVARCHAR(MAX) NULL, fechaRegistro DATETIME NULL, usuario NVARCHAR(150) NULL); END; IF COL_LENGTH('dbo.tbl_ventaArchivoDigital', 'nombreArchivoNuevo') IS NULL BEGIN ALTER TABLE dbo.tbl_ventaArchivoDigital ADD nombreArchivoNuevo NVARCHAR(MAX) NULL; END; IF COL_LENGTH('dbo.tbl_ventaArchivoDigital', 'comparacion') IS NULL BEGIN ALTER TABLE dbo.tbl_ventaArchivoDigital ADD comparacion NVARCHAR(30) NULL; END;]
2026-06-23 12:29:54.383 DEBUG 21044 --- [nio-9060-exec-3] o.s.jdbc.datasource.DataSourceUtils      : Fetching JDBC Connection from DataSource
2026-06-23 12:29:54.421 DEBUG 21044 --- [nio-9060-exec-3] o.s.jdbc.core.JdbcTemplate               : Executing SQL query [EXEC dbo.spx_EnlistarOtArchivo_web]
2026-06-23 12:29:54.422 DEBUG 21044 --- [nio-9060-exec-3] o.s.jdbc.datasource.DataSourceUtils      : Fetching JDBC Connection from DataSource
2026-06-23 12:29:57.838 DEBUG 21044 --- [ool housekeeper] com.zaxxer.hikari.pool.HikariPool        : CentralHikariPool - Before cleanup stats (total=1, active=0, idle=1, waiting=0)
2026-06-23 12:29:57.840 DEBUG 21044 --- [ool housekeeper] com.zaxxer.hikari.pool.HikariPool        : CentralHikariPool - After cleanup  stats (total=1, active=0, idle=1, waiting=0)
2026-06-23 12:29:57.841 DEBUG 21044 --- [ool housekeeper] com.zaxxer.hikari.pool.HikariPool        : CentralHikariPool - Fill pool skipped, pool is at sufficient level.
2026-06-23 12:29:57.929 DEBUG 21044 --- [ool housekeeper] com.zaxxer.hikari.pool.HikariPool        : TigoHogarHikariPool - Before cleanup stats (total=3, active=0, idle=3, waiting=0)
2026-06-23 12:29:57.930 DEBUG 21044 --- [ool housekeeper] com.zaxxer.hikari.pool.HikariPool        : TigoHogarHikariPool - After cleanup  stats (total=3, active=0, idle=3, waiting=0)
2026-06-23 12:29:57.932 DEBUG 21044 --- [ool housekeeper] com.zaxxer.hikari.pool.HikariPool        : TigoHogarHikariPool - Fill pool skipped, pool is at sufficient level.
2026-06-23 12:29:58.088 DEBUG 21044 --- [nio-9060-exec-3] o.s.jdbc.core.JdbcTemplate               : Executing SQL query [SELECT cliente_nro, OT, OT_FISICA, Estado FROM dbo.tbl_BO_CITA_MAKIRO_Historial WHERE Vigente = 2   AND OT_FISICA IS NOT NULL]
2026-06-23 12:29:58.090 DEBUG 21044 --- [nio-9060-exec-3] o.s.jdbc.datasource.DataSourceUtils      : Fetching JDBC Connection from DataSource
2026-06-23 12:29:58.746 DEBUG 21044 --- [nio-9060-exec-3] o.s.jdbc.core.JdbcTemplate               : Executing SQL statement [IF OBJECT_ID('dbo.tbl_ventaArchivoDigital', 'U') IS NULL BEGIN CREATE TABLE dbo.tbl_ventaArchivoDigital (id INT IDENTITY(1,1) NOT NULL PRIMARY KEY, id_venta INT NULL, nombreArchivoAnterior NVARCHAR(MAX) NULL, fechaRegistro DATETIME NULL, usuario NVARCHAR(150) NULL); END; IF COL_LENGTH('dbo.tbl_ventaArchivoDigital', 'nombreArchivoNuevo') IS NULL BEGIN ALTER TABLE dbo.tbl_ventaArchivoDigital ADD nombreArchivoNuevo NVARCHAR(MAX) NULL; END; IF COL_LENGTH('dbo.tbl_ventaArchivoDigital', 'comparacion') IS NULL BEGIN ALTER TABLE dbo.tbl_ventaArchivoDigital ADD comparacion NVARCHAR(30) NULL; END;]
2026-06-23 12:29:58.747 DEBUG 21044 --- [nio-9060-exec-3] o.s.jdbc.datasource.DataSourceUtils      : Fetching JDBC Connection from DataSource
2026-06-23 12:29:58.816 DEBUG 21044 --- [nio-9060-exec-3] o.s.jdbc.core.JdbcTemplate               : Executing SQL query [WITH ultimos AS (SELECT id_venta, nombreArchivoNuevo, comparacion, ROW_NUMBER() OVER (PARTITION BY id_venta ORDER BY fechaRegistro DESC, id DESC) AS rn FROM dbo.tbl_ventaArchivoDigital WHERE id_venta IS NOT NULL) SELECT id_venta, nombreArchivoNuevo, comparacion FROM ultimos WHERE rn = 1]
2026-06-23 12:29:58.816 DEBUG 21044 --- [nio-9060-exec-3] o.s.jdbc.datasource.DataSourceUtils      : Fetching JDBC Connection from DataSource
2026-06-23 12:29:59.124 DEBUG 21044 --- [nio-9060-exec-3] o.s.w.s.m.m.a.HttpEntityMethodProcessor  : Using 'application/json', given [application/json, text/plain, */*] and supported [application/json, application/*+json, application/json, application/*+json]
2026-06-23 12:29:59.126 DEBUG 21044 --- [nio-9060-exec-3] o.s.w.s.m.m.a.HttpEntityMethodProcessor  : Writing [com.example.TigoStarSystem.common.ApiResponse@10597bf8]
2026-06-23 12:29:59.364 DEBUG 21044 --- [nio-9060-exec-3] o.s.web.servlet.DispatcherServlet        : Completed 200 OK
2026-06-23 12:30:02.943 DEBUG 21044 --- [l-1 housekeeper] com.zaxxer.hikari.pool.HikariPool        : HikariPool-1 - Before cleanup stats (total=1, active=0, idle=1, waiting=0)
2026-06-23 12:30:02.944 DEBUG 21044 --- [l-1 housekeeper] com.zaxxer.hikari.pool.HikariPool        : HikariPool-1 - After cleanup  stats (total=1, active=0, idle=1, waiting=0)
2026-06-23 12:30:02.944 DEBUG 21044 --- [l-1 housekeeper] com.zaxxer.hikari.pool.HikariPool        : HikariPool-1 - Fill pool skipped, pool is at sufficient level.
2026-06-23 12:30:03.429 DEBUG 21044 --- [ruz housekeeper] com.zaxxer.hikari.pool.HikariPool        : ConnDb-SantaCruz - Before cleanup stats (total=1, active=0, idle=1, waiting=0)
2026-06-23 12:30:03.430 DEBUG 21044 --- [ruz housekeeper] com.zaxxer.hikari.pool.HikariPool        : ConnDb-SantaCruz - After cleanup  stats (total=1, active=0, idle=1, waiting=0)
2026-06-23 12:30:03.431 DEBUG 21044 --- [ruz housekeeper] com.zaxxer.hikari.pool.HikariPool        : ConnDb-SantaCruz - Fill pool skipped, pool is at sufficient level.
2026-06-23 12:30:04.261 DEBUG 21044 --- [nio-9060-exec-6] o.s.web.servlet.DispatcherServlet        : GET "/boleta-digital/ots?fechaInicio=2026-06-01&fechaFin=2026-06-23", parameters={masked}
2026-06-23 12:30:04.263 DEBUG 21044 --- [nio-9060-exec-6] s.w.s.m.m.a.RequestMappingHandlerMapping : Mapped to com.example.TigoStarSystem.boletadigital.controller.BoletaDigitalController#listar(String)
2026-06-23 12:30:04.274 DEBUG 21044 --- [nio-9060-exec-6] o.s.jdbc.core.JdbcTemplate               : Executing SQL query [EXEC dbo.spx_ObtenerSucursalesConexionWeb]
2026-06-23 12:30:04.276 DEBUG 21044 --- [nio-9060-exec-6] o.s.jdbc.datasource.DataSourceUtils      : Fetching JDBC Connection from DataSource
2026-06-23 12:30:04.359 DEBUG 21044 --- [nio-9060-exec-6] o.s.jdbc.core.JdbcTemplate               : Executing SQL statement [IF OBJECT_ID('dbo.tbl_ventaArchivoDigital', 'U') IS NULL BEGIN CREATE TABLE dbo.tbl_ventaArchivoDigital (id INT IDENTITY(1,1) NOT NULL PRIMARY KEY, id_venta INT NULL, nombreArchivoAnterior NVARCHAR(MAX) NULL, fechaRegistro DATETIME NULL, usuario NVARCHAR(150) NULL); END; IF COL_LENGTH('dbo.tbl_ventaArchivoDigital', 'nombreArchivoNuevo') IS NULL BEGIN ALTER TABLE dbo.tbl_ventaArchivoDigital ADD nombreArchivoNuevo NVARCHAR(MAX) NULL; END; IF COL_LENGTH('dbo.tbl_ventaArchivoDigital', 'comparacion') IS NULL BEGIN ALTER TABLE dbo.tbl_ventaArchivoDigital ADD comparacion NVARCHAR(30) NULL; END;]
2026-06-23 12:30:04.360 DEBUG 21044 --- [nio-9060-exec-6] o.s.jdbc.datasource.DataSourceUtils      : Fetching JDBC Connection from DataSource
2026-06-23 12:30:04.449 DEBUG 21044 --- [nio-9060-exec-6] o.s.jdbc.core.JdbcTemplate               : Executing SQL query [EXEC dbo.spx_EnlistarOtArchivo_web]
2026-06-23 12:30:04.450 DEBUG 21044 --- [nio-9060-exec-6] o.s.jdbc.datasource.DataSourceUtils      : Fetching JDBC Connection from DataSource
2026-06-23 12:30:04.566 DEBUG 21044 --- [l-9 housekeeper] com.zaxxer.hikari.pool.HikariPool        : ConnDb-boleta-digital-sucursal-9 - Before cleanup stats (total=1, active=1, idle=0, waiting=0)
2026-06-23 12:30:04.567 DEBUG 21044 --- [l-9 housekeeper] com.zaxxer.hikari.pool.HikariPool        : ConnDb-boleta-digital-sucursal-9 - After cleanup  stats (total=1, active=1, idle=0, waiting=0)
2026-06-23 12:30:04.568 DEBUG 21044 --- [l-9 housekeeper] com.zaxxer.hikari.pool.HikariPool        : ConnDb-boleta-digital-sucursal-9 - Fill pool skipped, pool is at sufficient level.
2026-06-23 12:30:05.302 DEBUG 21044 --- [nio-9060-exec-6] o.s.jdbc.core.JdbcTemplate               : Executing SQL query [SELECT cliente_nro, OT, OT_FISICA, Estado FROM dbo.tbl_BO_CITA_MAKIRO_Historial WHERE Vigente = 2   AND OT_FISICA IS NOT NULL]
2026-06-23 12:30:05.303 DEBUG 21044 --- [nio-9060-exec-6] o.s.jdbc.datasource.DataSourceUtils      : Fetching JDBC Connection from DataSource
2026-06-23 12:30:05.892 DEBUG 21044 --- [nio-9060-exec-6] o.s.jdbc.core.JdbcTemplate               : Executing SQL statement [IF OBJECT_ID('dbo.tbl_ventaArchivoDigital', 'U') IS NULL BEGIN CREATE TABLE dbo.tbl_ventaArchivoDigital (id INT IDENTITY(1,1) NOT NULL PRIMARY KEY, id_venta INT NULL, nombreArchivoAnterior NVARCHAR(MAX) NULL, fechaRegistro DATETIME NULL, usuario NVARCHAR(150) NULL); END; IF COL_LENGTH('dbo.tbl_ventaArchivoDigital', 'nombreArchivoNuevo') IS NULL BEGIN ALTER TABLE dbo.tbl_ventaArchivoDigital ADD nombreArchivoNuevo NVARCHAR(MAX) NULL; END; IF COL_LENGTH('dbo.tbl_ventaArchivoDigital', 'comparacion') IS NULL BEGIN ALTER TABLE dbo.tbl_ventaArchivoDigital ADD comparacion NVARCHAR(30) NULL; END;]
2026-06-23 12:30:05.894 DEBUG 21044 --- [nio-9060-exec-6] o.s.jdbc.datasource.DataSourceUtils      : Fetching JDBC Connection from DataSource
2026-06-23 12:30:05.996 DEBUG 21044 --- [nio-9060-exec-6] o.s.jdbc.core.JdbcTemplate               : Executing SQL query [WITH ultimos AS (SELECT id_venta, nombreArchivoNuevo, comparacion, ROW_NUMBER() OVER (PARTITION BY id_venta ORDER BY fechaRegistro DESC, id DESC) AS rn FROM dbo.tbl_ventaArchivoDigital WHERE id_venta IS NOT NULL) SELECT id_venta, nombreArchivoNuevo, comparacion FROM ultimos WHERE rn = 1]
2026-06-23 12:30:05.997 DEBUG 21044 --- [nio-9060-exec-6] o.s.jdbc.datasource.DataSourceUtils      : Fetching JDBC Connection from DataSource
2026-06-23 12:30:06.233 DEBUG 21044 --- [nio-9060-exec-6] o.s.w.s.m.m.a.HttpEntityMethodProcessor  : Using 'application/json', given [application/json, text/plain, */*] and supported [application/json, application/*+json, application/json, application/*+json]
2026-06-23 12:30:06.234 DEBUG 21044 --- [nio-9060-exec-6] o.s.w.s.m.m.a.HttpEntityMethodProcessor  : Writing [com.example.TigoStarSystem.common.ApiResponse@7f507721]
2026-06-23 12:30:06.591 DEBUG 21044 --- [nio-9060-exec-6] o.s.web.servlet.DispatcherServlet        : Completed 200 OK
2026-06-23 12:30:22.359 DEBUG 21044 --- [l-9 housekeeper] com.zaxxer.hikari.pool.HikariPool        : ConnDb-sucursal-9 - Before cleanup stats (total=1, active=0, idle=1, waiting=0)
2026-06-23 12:30:22.359 DEBUG 21044 --- [l-9 housekeeper] com.zaxxer.hikari.pool.HikariPool        : ConnDb-sucursal-9 - After cleanup  stats (total=1, active=0, idle=1, waiting=0)
2026-06-23 12:30:22.360 DEBUG 21044 --- [l-9 housekeeper] com.zaxxer.hikari.pool.HikariPool        : ConnDb-sucursal-9 - Fill pool skipped, pool is at sufficient level.
2026-06-23 12:30:27.844 DEBUG 21044 --- [ool housekeeper] com.zaxxer.hikari.pool.HikariPool        : CentralHikariPool - Before cleanup stats (total=1, active=0, idle=1, waiting=0)
2026-06-23 12:30:27.845 DEBUG 21044 --- [ool housekeeper] com.zaxxer.hikari.pool.HikariPool        : CentralHikariPool - After cleanup  stats (total=1, active=0, idle=1, waiting=0)
2026-06-23 12:30:27.846 DEBUG 21044 --- [ool housekeeper] com.zaxxer.hikari.pool.HikariPool        : CentralHikariPool - Fill pool skipped, pool is at sufficient level.
2026-06-23 12:30:27.937 DEBUG 21044 --- [ool housekeeper] com.zaxxer.hikari.pool.HikariPool        : TigoHogarHikariPool - Before cleanup stats (total=3, active=0, idle=3, waiting=0)
2026-06-23 12:30:27.938 DEBUG 21044 --- [ool housekeeper] com.zaxxer.hikari.pool.HikariPool        : TigoHogarHikariPool - After cleanup  stats (total=3, active=0, idle=3, waiting=0)
2026-06-23 12:30:27.940 DEBUG 21044 --- [ool housekeeper] com.zaxxer.hikari.pool.HikariPool        : TigoHogarHikariPool - Fill pool skipped, pool is at sufficient level.
2026-06-23 12:30:32.948 DEBUG 21044 --- [l-1 housekeeper] com.zaxxer.hikari.pool.HikariPool        : HikariPool-1 - Before cleanup stats (total=1, active=0, idle=1, waiting=0)
2026-06-23 12:30:32.949 DEBUG 21044 --- [l-1 housekeeper] com.zaxxer.hikari.pool.HikariPool        : HikariPool-1 - After cleanup  stats (total=1, active=0, idle=1, waiting=0)
2026-06-23 12:30:32.949 DEBUG 21044 --- [l-1 housekeeper] com.zaxxer.hikari.pool.HikariPool        : HikariPool-1 - Fill pool skipped, pool is at sufficient level.
2026-06-23 12:30:33.445 DEBUG 21044 --- [ruz housekeeper] com.zaxxer.hikari.pool.HikariPool        : ConnDb-SantaCruz - Before cleanup stats (total=1, active=0, idle=1, waiting=0)
2026-06-23 12:30:33.446 DEBUG 21044 --- [ruz housekeeper] com.zaxxer.hikari.pool.HikariPool        : ConnDb-SantaCruz - After cleanup  stats (total=1, active=0, idle=1, waiting=0)
2026-06-23 12:30:33.447 DEBUG 21044 --- [ruz housekeeper] com.zaxxer.hikari.pool.HikariPool        : ConnDb-SantaCruz - Fill pool skipped, pool is at sufficient level.
2026-06-23 12:30:34.578 DEBUG 21044 --- [l-9 housekeeper] com.zaxxer.hikari.pool.HikariPool        : ConnDb-boleta-digital-sucursal-9 - Before cleanup stats (total=1, active=0, idle=1, waiting=0)
2026-06-23 12:30:34.579 DEBUG 21044 --- [l-9 housekeeper] com.zaxxer.hikari.pool.HikariPool        : ConnDb-boleta-digital-sucursal-9 - After cleanup  stats (total=1, active=0, idle=1, waiting=0)
2026-06-23 12:30:34.580 DEBUG 21044 --- [l-9 housekeeper] com.zaxxer.hikari.pool.HikariPool        : ConnDb-boleta-digital-sucursal-9 - Fill pool skipped, pool is at sufficient level.
[INFO] ------------------------------------------------------------------------
[INFO] BUILD FAILURE
[INFO] ------------------------------------------------------------------------
[INFO] Total time:  05:17 min
[INFO] Finished at: 2026-06-23T12:30:38-04:00
[INFO] ------------------------------------------------------------------------
[ERROR] Failed to execute goal org.springframework.boot:spring-boot-maven-plugin:2.7.18:run (default-cli) on project TigoStarSystem: Application finished with exit code: -1 -> [Help 1]
[ERROR] 
[ERROR] To see the full stack trace of the errors, re-run Maven with the -e switch.
[ERROR] Re-run Maven using the -X switch to enable full debug logging.
[ERROR] 
[ERROR] For more information about the errors and possible solutions, please read the following articles:
[ERROR] [Help 1] http://cwiki.apache.org/confluence/display/MAVEN/MojoExecutionException
