[INFO] Scanning for projects...
[INFO] 
[INFO] ---------------------< com.example:TigoStarSystem >---------------------
[INFO] Building TigoStarSystem 0.0.1-SNAPSHOT
[INFO]   from pom.xml
[INFO] --------------------------------[ jar ]---------------------------------
[INFO] 
[INFO] >>> spring-boot:2.7.18:run (default-cli) > test-compile @ TigoStarSystem >>>
[INFO] 
[INFO] --- resources:3.2.0:resources (default-resources) @ TigoStarSystem ---
[INFO] Using 'UTF-8' encoding to copy filtered resources.
[INFO] Using 'UTF-8' encoding to copy filtered properties files.
[INFO] Copying 2 resources
[INFO] Copying 0 resource
[INFO] 
[INFO] --- compiler:3.10.1:compile (default-compile) @ TigoStarSystem ---
[INFO] Nothing to compile - all classes are up to date
[INFO] 
[INFO] --- resources:3.2.0:testResources (default-testResources) @ TigoStarSystem ---
[INFO] Using 'UTF-8' encoding to copy filtered resources.
[INFO] Using 'UTF-8' encoding to copy filtered properties files.
[INFO] skip non existing resourceDirectory C:\Users\JOSUE CABRERA\Downloads\backot-back01062026\src\test\resources
[INFO] 
[INFO] --- compiler:3.10.1:testCompile (default-testCompile) @ TigoStarSystem ---
[INFO] Nothing to compile - all classes are up to date
[INFO] 
[INFO] <<< spring-boot:2.7.18:run (default-cli) < test-compile @ TigoStarSystem <<<
[INFO] 
[INFO] 
[INFO] --- spring-boot:2.7.18:run (default-cli) @ TigoStarSystem ---
[INFO] Attaching agents: []

  .   ____          _            __ _ _
 /\\ / ___'_ __ _ _(_)_ __  __ _ \ \ \ \
( ( )\___ | '_ | '_| | '_ \/ _` | \ \ \ \
 \\/  ___)| |_)| | | | | || (_| |  ) ) ) )
  '  |____| .__|_| |_|_| |_\__, | / / / /
 =========|_|==============|___/=/_/_/_/
 :: Spring Boot ::               (v2.7.18)

2026-06-23 12:57:58.580  INFO 33512 --- [           main] c.e.T.TigoStarSystemApplication          : Starting TigoStarSystemApplication using Java 21.0.8 on JOSUEUPB with PID 33512 (C:\Users\JOSUE CABRERA\Downloads\backot-back01062026\target\classes started by JOSUE CABRERA in C:\Users\JOSUE CABRERA\Downloads\backot-back01062026)
2026-06-23 12:57:58.585 DEBUG 33512 --- [           main] c.e.T.TigoStarSystemApplication          : Running with Spring Boot v2.7.18, Spring v5.3.31
2026-06-23 12:57:58.586  INFO 33512 --- [           main] c.e.T.TigoStarSystemApplication          : No active profile set, falling back to 1 default profile: "default"
2026-06-23 12:57:58.587 DEBUG 33512 --- [           main] o.s.boot.SpringApplication               : Loading source class com.example.TigoStarSystem.TigoStarSystemApplication
2026-06-23 12:57:58.676 DEBUG 33512 --- [           main] ConfigServletWebServerApplicationContext : Refreshing org.springframework.boot.web.servlet.context.AnnotationConfigServletWebServerApplicationContext@7dc19a70
2026-06-23 12:58:04.322 DEBUG 33512 --- [           main] .s.b.w.e.t.TomcatServletWebServerFactory : Code archive: C:\Users\JOSUE CABRERA\.m2\repository\org\springframework\boot\spring-boot\2.7.18\spring-boot-2.7.18.jar
2026-06-23 12:58:04.322 DEBUG 33512 --- [           main] .s.b.w.e.t.TomcatServletWebServerFactory : Code archive: C:\Users\JOSUE CABRERA\.m2\repository\org\springframework\boot\spring-boot\2.7.18\spring-boot-2.7.18.jar
2026-06-23 12:58:04.323 DEBUG 33512 --- [           main] .s.b.w.e.t.TomcatServletWebServerFactory : None of the document roots [src/main/webapp, public, static] point to a directory and will be ignored.
2026-06-23 12:58:04.367  INFO 33512 --- [           main] o.s.b.w.embedded.tomcat.TomcatWebServer  : Tomcat initialized with port(s): 9060 (http)
2026-06-23 12:58:04.392  INFO 33512 --- [           main] o.apache.catalina.core.StandardService   : Starting service [Tomcat]
2026-06-23 12:58:04.393  INFO 33512 --- [           main] org.apache.catalina.core.StandardEngine  : Starting Servlet engine: [Apache Tomcat/9.0.83]
2026-06-23 12:58:04.715  INFO 33512 --- [           main] o.a.c.c.C.[Tomcat].[localhost].[/]       : Initializing Spring embedded WebApplicationContext
2026-06-23 12:58:04.716 DEBUG 33512 --- [           main] w.s.c.ServletWebServerApplicationContext : Published root WebApplicationContext as ServletContext attribute with name [org.springframework.web.context.WebApplicationContext.ROOT]
2026-06-23 12:58:04.716  INFO 33512 --- [           main] w.s.c.ServletWebServerApplicationContext : Root WebApplicationContext: initialization completed in 6040 ms
2026-06-23 12:58:04.968 DEBUG 33512 --- [           main] o.s.b.w.s.ServletContextInitializerBeans : Mapping filters: filterRegistrationBean urls=[/*] order=-2147483648, characterEncodingFilter urls=[/*] order=-2147483648, formContentFilter urls=[/*] order=-9900, requestContextFilter urls=[/*] order=-105
2026-06-23 12:58:04.969 DEBUG 33512 --- [           main] o.s.b.w.s.ServletContextInitializerBeans : Mapping servlets: dispatcherServlet urls=[/]
2026-06-23 12:58:05.254 DEBUG 33512 --- [           main] o.s.b.w.s.f.OrderedRequestContextFilter  : Filter 'requestContextFilter' configured for use
2026-06-23 12:58:05.255 DEBUG 33512 --- [           main] o.springframework.web.filter.CorsFilter  : Filter 'corsFilter' configured for use
2026-06-23 12:58:05.255 DEBUG 33512 --- [           main] s.b.w.s.f.OrderedCharacterEncodingFilter : Filter 'characterEncodingFilter' configured for use
2026-06-23 12:58:05.255 DEBUG 33512 --- [           main] o.s.b.w.s.f.OrderedFormContentFilter     : Filter 'formContentFilter' configured for use
2026-06-23 12:58:05.411 DEBUG 33512 --- [           main] com.zaxxer.hikari.HikariConfig           : Driver class net.sourceforge.jtds.jdbc.Driver found in Thread context class loader jdk.internal.loader.ClassLoaders$AppClassLoader@70dea4e
2026-06-23 12:58:05.732 DEBUG 33512 --- [           main] com.zaxxer.hikari.HikariConfig           : Driver class net.sourceforge.jtds.jdbc.Driver found in Thread context class loader jdk.internal.loader.ClassLoaders$AppClassLoader@70dea4e
2026-06-23 12:58:05.733 DEBUG 33512 --- [           main] com.zaxxer.hikari.HikariConfig           : CentralHikariPool - configuration:
2026-06-23 12:58:05.745 DEBUG 33512 --- [           main] com.zaxxer.hikari.HikariConfig           : allowPoolSuspension................................false
2026-06-23 12:58:05.746 DEBUG 33512 --- [           main] com.zaxxer.hikari.HikariConfig           : autoCommit................................true
2026-06-23 12:58:05.746 DEBUG 33512 --- [           main] com.zaxxer.hikari.HikariConfig           : catalog................................none
2026-06-23 12:58:05.746 DEBUG 33512 --- [           main] com.zaxxer.hikari.HikariConfig           : connectionInitSql................................none
2026-06-23 12:58:05.746 DEBUG 33512 --- [           main] com.zaxxer.hikari.HikariConfig           : connectionTestQuery................................"SELECT 1"
2026-06-23 12:58:05.746 DEBUG 33512 --- [           main] com.zaxxer.hikari.HikariConfig           : connectionTimeout................................15000
2026-06-23 12:58:05.746 DEBUG 33512 --- [           main] com.zaxxer.hikari.HikariConfig           : dataSource................................none
2026-06-23 12:58:05.747 DEBUG 33512 --- [           main] com.zaxxer.hikari.HikariConfig           : dataSourceClassName................................none
2026-06-23 12:58:05.747 DEBUG 33512 --- [           main] com.zaxxer.hikari.HikariConfig           : dataSourceJNDI................................none
2026-06-23 12:58:05.747 DEBUG 33512 --- [           main] com.zaxxer.hikari.HikariConfig           : dataSourceProperties................................{password=<masked>}
2026-06-23 12:58:05.747 DEBUG 33512 --- [           main] com.zaxxer.hikari.HikariConfig           : driverClassName................................"net.sourceforge.jtds.jdbc.Driver"
2026-06-23 12:58:05.747 DEBUG 33512 --- [           main] com.zaxxer.hikari.HikariConfig           : exceptionOverrideClassName................................none
2026-06-23 12:58:05.747 DEBUG 33512 --- [           main] com.zaxxer.hikari.HikariConfig           : healthCheckProperties................................{}
2026-06-23 12:58:05.747 DEBUG 33512 --- [           main] com.zaxxer.hikari.HikariConfig           : healthCheckRegistry................................none
2026-06-23 12:58:05.748 DEBUG 33512 --- [           main] com.zaxxer.hikari.HikariConfig           : idleTimeout................................300000
2026-06-23 12:58:05.748 DEBUG 33512 --- [           main] com.zaxxer.hikari.HikariConfig           : initializationFailTimeout................................-1
2026-06-23 12:58:05.748 DEBUG 33512 --- [           main] com.zaxxer.hikari.HikariConfig           : isolateInternalQueries................................false
2026-06-23 12:58:05.748 DEBUG 33512 --- [           main] com.zaxxer.hikari.HikariConfig           : jdbcUrl................................jdbc:jtds:sqlserver://172.16.0.13/BDControlOrdenes
2026-06-23 12:58:05.748 DEBUG 33512 --- [           main] com.zaxxer.hikari.HikariConfig           : keepaliveTime................................120000
2026-06-23 12:58:05.748 DEBUG 33512 --- [           main] com.zaxxer.hikari.HikariConfig           : leakDetectionThreshold................................0
2026-06-23 12:58:05.748 DEBUG 33512 --- [           main] com.zaxxer.hikari.HikariConfig           : maxLifetime................................900000
2026-06-23 12:58:05.749 DEBUG 33512 --- [           main] com.zaxxer.hikari.HikariConfig           : maximumPoolSize................................80
2026-06-23 12:58:05.749 DEBUG 33512 --- [           main] com.zaxxer.hikari.HikariConfig           : metricRegistry................................none
2026-06-23 12:58:05.749 DEBUG 33512 --- [           main] com.zaxxer.hikari.HikariConfig           : metricsTrackerFactory................................none
2026-06-23 12:58:05.749 DEBUG 33512 --- [           main] com.zaxxer.hikari.HikariConfig           : minimumIdle................................0
2026-06-23 12:58:05.749 DEBUG 33512 --- [           main] com.zaxxer.hikari.HikariConfig           : password................................<masked>
2026-06-23 12:58:05.749 DEBUG 33512 --- [           main] com.zaxxer.hikari.HikariConfig           : poolName................................"CentralHikariPool"
2026-06-23 12:58:05.749 DEBUG 33512 --- [           main] com.zaxxer.hikari.HikariConfig           : readOnly................................false
2026-06-23 12:58:05.749 DEBUG 33512 --- [           main] com.zaxxer.hikari.HikariConfig           : registerMbeans................................false
2026-06-23 12:58:05.749 DEBUG 33512 --- [           main] com.zaxxer.hikari.HikariConfig           : scheduledExecutor................................none
2026-06-23 12:58:05.750 DEBUG 33512 --- [           main] com.zaxxer.hikari.HikariConfig           : schema................................none
2026-06-23 12:58:05.751 DEBUG 33512 --- [           main] com.zaxxer.hikari.HikariConfig           : threadFactory................................internal
2026-06-23 12:58:05.752 DEBUG 33512 --- [           main] com.zaxxer.hikari.HikariConfig           : transactionIsolation................................default
2026-06-23 12:58:05.753 DEBUG 33512 --- [           main] com.zaxxer.hikari.HikariConfig           : username................................"sistemas"
2026-06-23 12:58:05.753 DEBUG 33512 --- [           main] com.zaxxer.hikari.HikariConfig           : validationTimeout................................5000
2026-06-23 12:58:05.762  INFO 33512 --- [           main] com.zaxxer.hikari.HikariDataSource       : CentralHikariPool - Starting...
2026-06-23 12:58:06.179  INFO 33512 --- [           main] com.zaxxer.hikari.HikariDataSource       : CentralHikariPool - Start completed.
2026-06-23 12:58:06.235 DEBUG 33512 --- [           main] com.zaxxer.hikari.HikariConfig           : Driver class net.sourceforge.jtds.jdbc.Driver found in Thread context class loader jdk.internal.loader.ClassLoaders$AppClassLoader@70dea4e
2026-06-23 12:58:06.235 DEBUG 33512 --- [           main] com.zaxxer.hikari.HikariConfig           : TigoHogarHikariPool - configuration:
2026-06-23 12:58:06.236 DEBUG 33512 --- [           main] com.zaxxer.hikari.HikariConfig           : allowPoolSuspension................................false
2026-06-23 12:58:06.237 DEBUG 33512 --- [           main] com.zaxxer.hikari.HikariConfig           : autoCommit................................true
2026-06-23 12:58:06.237 DEBUG 33512 --- [           main] com.zaxxer.hikari.HikariConfig           : catalog................................none
2026-06-23 12:58:06.237 DEBUG 33512 --- [           main] com.zaxxer.hikari.HikariConfig           : connectionInitSql................................none
2026-06-23 12:58:06.237 DEBUG 33512 --- [           main] com.zaxxer.hikari.HikariConfig           : connectionTestQuery................................"SELECT 1"
2026-06-23 12:58:06.237 DEBUG 33512 --- [           main] com.zaxxer.hikari.HikariConfig           : connectionTimeout................................15000
2026-06-23 12:58:06.237 DEBUG 33512 --- [           main] com.zaxxer.hikari.HikariConfig           : dataSource................................none
2026-06-23 12:58:06.237 DEBUG 33512 --- [           main] com.zaxxer.hikari.HikariConfig           : dataSourceClassName................................none
2026-06-23 12:58:06.237 DEBUG 33512 --- [           main] com.zaxxer.hikari.HikariConfig           : dataSourceJNDI................................none
2026-06-23 12:58:06.237 DEBUG 33512 --- [           main] com.zaxxer.hikari.HikariConfig           : dataSourceProperties................................{password=<masked>}
2026-06-23 12:58:06.237 DEBUG 33512 --- [           main] com.zaxxer.hikari.HikariConfig           : driverClassName................................"net.sourceforge.jtds.jdbc.Driver"
2026-06-23 12:58:06.237 DEBUG 33512 --- [           main] com.zaxxer.hikari.HikariConfig           : exceptionOverrideClassName................................none
2026-06-23 12:58:06.237 DEBUG 33512 --- [           main] com.zaxxer.hikari.HikariConfig           : healthCheckProperties................................{}
2026-06-23 12:58:06.237 DEBUG 33512 --- [           main] com.zaxxer.hikari.HikariConfig           : healthCheckRegistry................................none
2026-06-23 12:58:06.238 DEBUG 33512 --- [           main] com.zaxxer.hikari.HikariConfig           : idleTimeout................................300000
2026-06-23 12:58:06.238 DEBUG 33512 --- [           main] com.zaxxer.hikari.HikariConfig           : initializationFailTimeout................................-1
2026-06-23 12:58:06.238 DEBUG 33512 --- [           main] com.zaxxer.hikari.HikariConfig           : isolateInternalQueries................................false
2026-06-23 12:58:06.238 DEBUG 33512 --- [           main] com.zaxxer.hikari.HikariConfig           : jdbcUrl................................jdbc:jtds:sqlserver://181.188.148.59/BD_TigoHogar
2026-06-23 12:58:06.238 DEBUG 33512 --- [           main] com.zaxxer.hikari.HikariConfig           : keepaliveTime................................120000
2026-06-23 12:58:06.238 DEBUG 33512 --- [           main] com.zaxxer.hikari.HikariConfig           : leakDetectionThreshold................................0
2026-06-23 12:58:06.238 DEBUG 33512 --- [           main] com.zaxxer.hikari.HikariConfig           : maxLifetime................................900000
2026-06-23 12:58:06.238 DEBUG 33512 --- [           main] com.zaxxer.hikari.HikariConfig           : maximumPoolSize................................10
2026-06-23 12:58:06.238 DEBUG 33512 --- [           main] com.zaxxer.hikari.HikariConfig           : metricRegistry................................none
2026-06-23 12:58:06.238 DEBUG 33512 --- [           main] com.zaxxer.hikari.HikariConfig           : metricsTrackerFactory................................none
2026-06-23 12:58:06.238 DEBUG 33512 --- [           main] com.zaxxer.hikari.HikariConfig           : minimumIdle................................0
2026-06-23 12:58:06.239 DEBUG 33512 --- [           main] com.zaxxer.hikari.HikariConfig           : password................................<masked>
2026-06-23 12:58:06.239 DEBUG 33512 --- [           main] com.zaxxer.hikari.HikariConfig           : poolName................................"TigoHogarHikariPool"
2026-06-23 12:58:06.239 DEBUG 33512 --- [           main] com.zaxxer.hikari.HikariConfig           : readOnly................................false
2026-06-23 12:58:06.239 DEBUG 33512 --- [           main] com.zaxxer.hikari.HikariConfig           : registerMbeans................................false
2026-06-23 12:58:06.239 DEBUG 33512 --- [           main] com.zaxxer.hikari.HikariConfig           : scheduledExecutor................................none
2026-06-23 12:58:06.240 DEBUG 33512 --- [           main] com.zaxxer.hikari.HikariConfig           : schema................................none
2026-06-23 12:58:06.240 DEBUG 33512 --- [           main] com.zaxxer.hikari.HikariConfig           : threadFactory................................internal
2026-06-23 12:58:06.240 DEBUG 33512 --- [           main] com.zaxxer.hikari.HikariConfig           : transactionIsolation................................default
2026-06-23 12:58:06.240 DEBUG 33512 --- [           main] com.zaxxer.hikari.HikariConfig           : username................................"lolivares"
2026-06-23 12:58:06.240 DEBUG 33512 --- [           main] com.zaxxer.hikari.HikariConfig           : validationTimeout................................5000
2026-06-23 12:58:06.240  INFO 33512 --- [           main] com.zaxxer.hikari.HikariDataSource       : TigoHogarHikariPool - Starting...
2026-06-23 12:58:06.241  INFO 33512 --- [           main] com.zaxxer.hikari.HikariDataSource       : TigoHogarHikariPool - Start completed.
2026-06-23 12:58:06.282 DEBUG 33512 --- [ool housekeeper] com.zaxxer.hikari.pool.HikariPool        : CentralHikariPool - Before cleanup stats (total=0, active=0, idle=0, waiting=0)
2026-06-23 12:58:06.283 DEBUG 33512 --- [ool housekeeper] com.zaxxer.hikari.pool.HikariPool        : CentralHikariPool - After cleanup  stats (total=0, active=0, idle=0, waiting=0)
2026-06-23 12:58:06.283 DEBUG 33512 --- [ool housekeeper] com.zaxxer.hikari.pool.HikariPool        : CentralHikariPool - Fill pool skipped, pool is at sufficient level.
2026-06-23 12:58:06.346 DEBUG 33512 --- [ool housekeeper] com.zaxxer.hikari.pool.HikariPool        : TigoHogarHikariPool - Before cleanup stats (total=0, active=0, idle=0, waiting=0)
2026-06-23 12:58:06.346 DEBUG 33512 --- [ool housekeeper] com.zaxxer.hikari.pool.HikariPool        : TigoHogarHikariPool - After cleanup  stats (total=0, active=0, idle=0, waiting=0)
2026-06-23 12:58:06.346 DEBUG 33512 --- [ool housekeeper] com.zaxxer.hikari.pool.HikariPool        : TigoHogarHikariPool - Fill pool skipped, pool is at sufficient level.
2026-06-23 12:58:07.453 DEBUG 33512 --- [           main] o.s.b.a.AutoConfigurationPackages        : @EnableAutoConfiguration was declared on a class in the package 'com.example.TigoStarSystem'. Automatic @Repository and @Entity scanning is enabled.
2026-06-23 12:58:07.614 DEBUG 33512 --- [           main] s.w.s.m.m.a.RequestMappingHandlerAdapter : ControllerAdvice beans: 0 @ModelAttribute, 0 @InitBinder, 1 RequestBodyAdvice, 1 ResponseBodyAdvice
2026-06-23 12:58:08.045 DEBUG 33512 --- [           main] s.w.s.m.m.a.RequestMappingHandlerMapping : 154 mappings in 'requestMappingHandlerMapping'
2026-06-23 12:58:08.079 DEBUG 33512 --- [           main] o.s.w.s.handler.SimpleUrlHandlerMapping  : Patterns [/webjars/**, /**, /swagger-ui*/*swagger-initializer.js, /swagger-ui*/**] in 'resourceHandlerMapping'
2026-06-23 12:58:08.094 DEBUG 33512 --- [           main] .m.m.a.ExceptionHandlerExceptionResolver : ControllerAdvice beans: 2 @ExceptionHandler, 1 ResponseBodyAdvice
2026-06-23 12:58:08.346  INFO 33512 --- [           main] o.s.b.w.embedded.tomcat.TomcatWebServer  : Tomcat started on port(s): 9060 (http) with context path ''
2026-06-23 12:58:08.367 DEBUG 33512 --- [           main] ConditionEvaluationReportLoggingListener : 


============================
CONDITIONS EVALUATION REPORT
============================


Positive matches:
-----------------

   AopAutoConfiguration matched:
      - @ConditionalOnProperty (spring.aop.auto=true) matched (OnPropertyCondition)

   AopAutoConfiguration.ClassProxyingConfiguration matched:
      - @ConditionalOnMissingClass did not find unwanted class 'org.aspectj.weaver.Advice' (OnClassCondition)
      - @ConditionalOnProperty (spring.aop.proxy-target-class=true) matched (OnPropertyCondition)

   ApplicationAvailabilityAutoConfiguration#applicationAvailability matched:
      - @ConditionalOnMissingBean (types: org.springframework.boot.availability.ApplicationAvailability; SearchStrategy: all) did not find any beans (OnBeanCondition)

   DataSourceAutoConfiguration matched:
      - @ConditionalOnClass found required classes 'javax.sql.DataSource', 'org.springframework.jdbc.datasource.embedded.EmbeddedDatabaseType' (OnClassCondition)
      - @ConditionalOnMissingBean (types: io.r2dbc.spi.ConnectionFactory; SearchStrategy: all) did not find any beans (OnBeanCondition)

   DataSourceAutoConfiguration.PooledDataSourceConfiguration matched:
      - AnyNestedCondition 1 matched 1 did not; NestedCondition on DataSourceAutoConfiguration.PooledDataSourceCondition.PooledDataSourceAvailable PooledDataSource found supported DataSource; NestedCondition on DataSourceAutoConfiguration.PooledDataSourceCondition.ExplicitType @ConditionalOnProperty (spring.datasource.type) did not find property 'type' (DataSourceAutoConfiguration.PooledDataSourceCondition)
      - @ConditionalOnMissingBean (types: javax.sql.DataSource,javax.sql.XADataSource; SearchStrategy: all) did not find any beans (OnBeanCondition)

   DataSourceConfiguration.Hikari matched:
      - @ConditionalOnClass found required class 'com.zaxxer.hikari.HikariDataSource' (OnClassCondition)
      - @ConditionalOnProperty (spring.datasource.type=com.zaxxer.hikari.HikariDataSource) matched (OnPropertyCondition)
      - @ConditionalOnMissingBean (types: javax.sql.DataSource; SearchStrategy: all) did not find any beans (OnBeanCondition)

   DataSourceInitializationConfiguration matched:
      - @ConditionalOnClass found required class 'org.springframework.jdbc.datasource.init.DatabasePopulator' (OnClassCondition)
      - @ConditionalOnSingleCandidate (types: javax.sql.DataSource; SearchStrategy: all) found a single bean 'dataSource'; @ConditionalOnMissingBean (types: org.springframework.boot.autoconfigure.sql.init.SqlDataSourceScriptDatabaseInitializer,org.springframework.boot.autoconfigure.sql.init.SqlR2dbcScriptDatabaseInitializer; SearchStrategy: all) did not find any beans (OnBeanCondition)

   DataSourceJmxConfiguration matched:
      - @ConditionalOnProperty (spring.jmx.enabled=true) matched (OnPropertyCondition)

   DataSourceJmxConfiguration.Hikari matched:
      - @ConditionalOnClass found required class 'com.zaxxer.hikari.HikariDataSource' (OnClassCondition)
      - @ConditionalOnSingleCandidate (types: javax.sql.DataSource; SearchStrategy: all) found a single bean 'dataSource' (OnBeanCondition)

   DataSourcePoolMetadataProvidersConfiguration.HikariPoolDataSourceMetadataProviderConfiguration matched:
      - @ConditionalOnClass found required class 'com.zaxxer.hikari.HikariDataSource' (OnClassCondition)

   DataSourceTransactionManagerAutoConfiguration matched:
      - @ConditionalOnClass found required classes 'org.springframework.jdbc.core.JdbcTemplate', 'org.springframework.transaction.TransactionManager' (OnClassCondition)

   DataSourceTransactionManagerAutoConfiguration.JdbcTransactionManagerConfiguration matched:
      - @ConditionalOnSingleCandidate (types: javax.sql.DataSource; SearchStrategy: all) found a single bean 'dataSource' (OnBeanCondition)

   DataSourceTransactionManagerAutoConfiguration.JdbcTransactionManagerConfiguration#transactionManager matched:
      - @ConditionalOnMissingBean (types: org.springframework.transaction.TransactionManager; SearchStrategy: all) did not find any beans (OnBeanCondition)

   DispatcherServletAutoConfiguration matched:
      - @ConditionalOnClass found required class 'org.springframework.web.servlet.DispatcherServlet' (OnClassCondition)
      - found 'session' scope (OnWebApplicationCondition)

   DispatcherServletAutoConfiguration.DispatcherServletConfiguration matched:
      - @ConditionalOnClass found required class 'javax.servlet.ServletRegistration' (OnClassCondition)
      - Default DispatcherServlet did not find dispatcher servlet beans (DispatcherServletAutoConfiguration.DefaultDispatcherServletCondition)

   DispatcherServletAutoConfiguration.DispatcherServletRegistrationConfiguration matched:
      - @ConditionalOnClass found required class 'javax.servlet.ServletRegistration' (OnClassCondition)
      - DispatcherServlet Registration did not find servlet registration bean (DispatcherServletAutoConfiguration.DispatcherServletRegistrationCondition)

   DispatcherServletAutoConfiguration.DispatcherServletRegistrationConfiguration#dispatcherServletRegistration matched:
      - @ConditionalOnBean (names: dispatcherServlet types: org.springframework.web.servlet.DispatcherServlet; SearchStrategy: all) found bean 'dispatcherServlet' (OnBeanCondition)

   EmbeddedWebServerFactoryCustomizerAutoConfiguration matched:
      - @ConditionalOnWebApplication (required) found 'session' scope (OnWebApplicationCondition)
      - @ConditionalOnWarDeployment the application is not deployed as a WAR file. (OnWarDeploymentCondition)

   EmbeddedWebServerFactoryCustomizerAutoConfiguration.TomcatWebServerFactoryCustomizerConfiguration matched:
      - @ConditionalOnClass found required classes 'org.apache.catalina.startup.Tomcat', 'org.apache.coyote.UpgradeProtocol' (OnClassCondition)

   ErrorMvcAutoConfiguration matched:
      - @ConditionalOnClass found required classes 'javax.servlet.Servlet', 'org.springframework.web.servlet.DispatcherServlet' (OnClassCondition)
      - found 'session' scope (OnWebApplicationCondition)

   ErrorMvcAutoConfiguration#basicErrorController matched:
      - @ConditionalOnMissingBean (types: org.springframework.boot.web.servlet.error.ErrorController; SearchStrategy: current) did not find any beans (OnBeanCondition)

   ErrorMvcAutoConfiguration#errorAttributes matched:
      - @ConditionalOnMissingBean (types: org.springframework.boot.web.servlet.error.ErrorAttributes; SearchStrategy: current) did not find any beans (OnBeanCondition)

   ErrorMvcAutoConfiguration.DefaultErrorViewResolverConfiguration#conventionErrorViewResolver matched:
      - @ConditionalOnBean (types: org.springframework.web.servlet.DispatcherServlet; SearchStrategy: all) found bean 'dispatcherServlet'; @ConditionalOnMissingBean (types: org.springframework.boot.autoconfigure.web.servlet.error.ErrorViewResolver; SearchStrategy: all) did not find any beans (OnBeanCondition)

   ErrorMvcAutoConfiguration.WhitelabelErrorViewConfiguration matched:
      - @ConditionalOnProperty (server.error.whitelabel.enabled) matched (OnPropertyCondition)
      - ErrorTemplate Missing did not find error template view (ErrorMvcAutoConfiguration.ErrorTemplateMissingCondition)

   ErrorMvcAutoConfiguration.WhitelabelErrorViewConfiguration#beanNameViewResolver matched:
      - @ConditionalOnMissingBean (types: org.springframework.web.servlet.view.BeanNameViewResolver; SearchStrategy: all) did not find any beans (OnBeanCondition)

   ErrorMvcAutoConfiguration.WhitelabelErrorViewConfiguration#defaultErrorView matched:
      - @ConditionalOnMissingBean (names: error; SearchStrategy: all) did not find any beans (OnBeanCondition)

   GenericCacheConfiguration matched:
      - Cache org.springframework.boot.autoconfigure.cache.GenericCacheConfiguration automatic cache type (CacheCondition)

   HttpEncodingAutoConfiguration matched:
      - @ConditionalOnClass found required class 'org.springframework.web.filter.CharacterEncodingFilter' (OnClassCondition)
      - found 'session' scope (OnWebApplicationCondition)
      - @ConditionalOnProperty (server.servlet.encoding.enabled) matched (OnPropertyCondition)

   HttpEncodingAutoConfiguration#characterEncodingFilter matched:
      - @ConditionalOnMissingBean (types: org.springframework.web.filter.CharacterEncodingFilter; SearchStrategy: all) did not find any beans (OnBeanCondition)

   HttpMessageConvertersAutoConfiguration matched:
      - @ConditionalOnClass found required class 'org.springframework.http.converter.HttpMessageConverter' (OnClassCondition)
      - NoneNestedConditions 0 matched 1 did not; NestedCondition on HttpMessageConvertersAutoConfiguration.NotReactiveWebApplicationCondition.ReactiveWebApplication did not find reactive web application classes (HttpMessageConvertersAutoConfiguration.NotReactiveWebApplicationCondition)

   HttpMessageConvertersAutoConfiguration#messageConverters matched:
      - @ConditionalOnMissingBean (types: org.springframework.boot.autoconfigure.http.HttpMessageConverters; SearchStrategy: all) did not find any beans (OnBeanCondition)

   HttpMessageConvertersAutoConfiguration.StringHttpMessageConverterConfiguration matched:
      - @ConditionalOnClass found required class 'org.springframework.http.converter.StringHttpMessageConverter' (OnClassCondition)

   HttpMessageConvertersAutoConfiguration.StringHttpMessageConverterConfiguration#stringHttpMessageConverter matched:
      - @ConditionalOnMissingBean (types: org.springframework.http.converter.StringHttpMessageConverter; SearchStrategy: all) did not find any beans (OnBeanCondition)

   JacksonAutoConfiguration matched:
      - @ConditionalOnClass found required class 'com.fasterxml.jackson.databind.ObjectMapper' (OnClassCondition)

   JacksonAutoConfiguration.Jackson2ObjectMapperBuilderCustomizerConfiguration matched:
      - @ConditionalOnClass found required class 'org.springframework.http.converter.json.Jackson2ObjectMapperBuilder' (OnClassCondition)

   JacksonAutoConfiguration.JacksonObjectMapperBuilderConfiguration matched:
      - @ConditionalOnClass found required class 'org.springframework.http.converter.json.Jackson2ObjectMapperBuilder' (OnClassCondition)

   JacksonAutoConfiguration.JacksonObjectMapperBuilderConfiguration#jacksonObjectMapperBuilder matched:
      - @ConditionalOnMissingBean (types: org.springframework.http.converter.json.Jackson2ObjectMapperBuilder; SearchStrategy: all) did not find any beans (OnBeanCondition)

   JacksonAutoConfiguration.JacksonObjectMapperConfiguration matched:
      - @ConditionalOnClass found required class 'org.springframework.http.converter.json.Jackson2ObjectMapperBuilder' (OnClassCondition)

   JacksonAutoConfiguration.JacksonObjectMapperConfiguration#jacksonObjectMapper matched:
      - @ConditionalOnMissingBean (types: com.fasterxml.jackson.databind.ObjectMapper; SearchStrategy: all) did not find any beans (OnBeanCondition)

   JacksonAutoConfiguration.ParameterNamesModuleConfiguration matched:
      - @ConditionalOnClass found required class 'com.fasterxml.jackson.module.paramnames.ParameterNamesModule' (OnClassCondition)

   JacksonAutoConfiguration.ParameterNamesModuleConfiguration#parameterNamesModule matched:
      - @ConditionalOnMissingBean (types: com.fasterxml.jackson.module.paramnames.ParameterNamesModule; SearchStrategy: all) did not find any beans (OnBeanCondition)

   JacksonHttpMessageConvertersConfiguration.MappingJackson2HttpMessageConverterConfiguration matched:
      - @ConditionalOnClass found required class 'com.fasterxml.jackson.databind.ObjectMapper' (OnClassCondition)
      - @ConditionalOnProperty (spring.mvc.converters.preferred-json-mapper=jackson) matched (OnPropertyCondition)
      - @ConditionalOnBean (types: com.fasterxml.jackson.databind.ObjectMapper; SearchStrategy: all) found bean 'jacksonObjectMapper' (OnBeanCondition)

   JacksonHttpMessageConvertersConfiguration.MappingJackson2HttpMessageConverterConfiguration#mappingJackson2HttpMessageConverter matched:
      - @ConditionalOnMissingBean (types: org.springframework.http.converter.json.MappingJackson2HttpMessageConverter ignored: org.springframework.hateoas.server.mvc.TypeConstrainedMappingJackson2HttpMessageConverter,org.springframework.data.rest.webmvc.alps.AlpsJsonHttpMessageConverter; SearchStrategy: all) did not find any beans (OnBeanCondition)

   JdbcTemplateAutoConfiguration matched:
      - @ConditionalOnClass found required classes 'javax.sql.DataSource', 'org.springframework.jdbc.core.JdbcTemplate' (OnClassCondition)
      - @ConditionalOnSingleCandidate (types: javax.sql.DataSource; SearchStrategy: all) found a single bean 'dataSource' (OnBeanCondition)

   LifecycleAutoConfiguration#defaultLifecycleProcessor matched:
      - @ConditionalOnMissingBean (names: lifecycleProcessor; SearchStrategy: current) did not find any beans (OnBeanCondition)

   MailSenderAutoConfiguration matched:
      - @ConditionalOnClass found required classes 'javax.mail.internet.MimeMessage', 'javax.activation.MimeType', 'org.springframework.mail.MailSender' (OnClassCondition)
      - AnyNestedCondition 1 matched 1 did not; NestedCondition on MailSenderAutoConfiguration.MailSenderCondition.JndiNameProperty @ConditionalOnProperty (spring.mail.jndi-name) did not find property 'jndi-name'; NestedCondition on MailSenderAutoConfiguration.MailSenderCondition.HostProperty @ConditionalOnProperty (spring.mail.host) matched (MailSenderAutoConfiguration.MailSenderCondition)
      - @ConditionalOnMissingBean (types: org.springframework.mail.MailSender; SearchStrategy: all) did not find any beans (OnBeanCondition)

   MailSenderPropertiesConfiguration matched:
      - @ConditionalOnProperty (spring.mail.host) matched (OnPropertyCondition)

   MailSenderPropertiesConfiguration#mailSender matched:
      - @ConditionalOnMissingBean (types: org.springframework.mail.javamail.JavaMailSender; SearchStrategy: all) did not find any beans (OnBeanCondition)

   MultipartAutoConfiguration matched:
      - @ConditionalOnClass found required classes 'javax.servlet.Servlet', 'org.springframework.web.multipart.support.StandardServletMultipartResolver', 'javax.servlet.MultipartConfigElement' (OnClassCondition)
      - found 'session' scope (OnWebApplicationCondition)
      - @ConditionalOnProperty (spring.servlet.multipart.enabled) matched (OnPropertyCondition)

   MultipartAutoConfiguration#multipartConfigElement matched:
      - @ConditionalOnMissingBean (types: javax.servlet.MultipartConfigElement,org.springframework.web.multipart.commons.CommonsMultipartResolver; SearchStrategy: all) did not find any beans (OnBeanCondition)

   MultipartAutoConfiguration#multipartResolver matched:
      - @ConditionalOnMissingBean (types: org.springframework.web.multipart.MultipartResolver; SearchStrategy: all) did not find any beans (OnBeanCondition)

   NamedParameterJdbcTemplateConfiguration matched:
      - @ConditionalOnSingleCandidate (types: org.springframework.jdbc.core.JdbcTemplate; SearchStrategy: all) found a single primary bean 'jdbcTemplate' from beans 'jdbcTemplate', 'tigohogarJdbcTemplate', 'centralJdbcTemplate'; @ConditionalOnMissingBean (types: org.springframework.jdbc.core.namedparam.NamedParameterJdbcOperations; SearchStrategy: all) did not find any beans (OnBeanCondition)

   NoOpCacheConfiguration matched:
      - Cache org.springframework.boot.autoconfigure.cache.NoOpCacheConfiguration automatic cache type (CacheCondition)

   PersistenceExceptionTranslationAutoConfiguration matched:
      - @ConditionalOnClass found required class 'org.springframework.dao.annotation.PersistenceExceptionTranslationPostProcessor' (OnClassCondition)

   PersistenceExceptionTranslationAutoConfiguration#persistenceExceptionTranslationPostProcessor matched:
      - @ConditionalOnProperty (spring.dao.exceptiontranslation.enabled) matched (OnPropertyCondition)
      - @ConditionalOnMissingBean (types: org.springframework.dao.annotation.PersistenceExceptionTranslationPostProcessor; SearchStrategy: all) did not find any beans (OnBeanCondition)

   PropertyPlaceholderAutoConfiguration#propertySourcesPlaceholderConfigurer matched:
      - @ConditionalOnMissingBean (types: org.springframework.context.support.PropertySourcesPlaceholderConfigurer; SearchStrategy: current) did not find any beans (OnBeanCondition)

   RestTemplateAutoConfiguration matched:
      - @ConditionalOnClass found required class 'org.springframework.web.client.RestTemplate' (OnClassCondition)
      - NoneNestedConditions 0 matched 1 did not; NestedCondition on RestTemplateAutoConfiguration.NotReactiveWebApplicationCondition.ReactiveWebApplication did not find reactive web application classes (RestTemplateAutoConfiguration.NotReactiveWebApplicationCondition)

   RestTemplateAutoConfiguration#restTemplateBuilder matched:
      - @ConditionalOnMissingBean (types: org.springframework.boot.web.client.RestTemplateBuilder; SearchStrategy: all) did not find any beans (OnBeanCondition)

   RestTemplateAutoConfiguration#restTemplateBuilderConfigurer matched:
      - @ConditionalOnMissingBean (types: org.springframework.boot.autoconfigure.web.client.RestTemplateBuilderConfigurer; SearchStrategy: all) did not find any beans (OnBeanCondition)

   ServletWebServerFactoryAutoConfiguration matched:
      - @ConditionalOnClass found required class 'javax.servlet.ServletRequest' (OnClassCondition)
      - found 'session' scope (OnWebApplicationCondition)

   ServletWebServerFactoryAutoConfiguration#tomcatServletWebServerFactoryCustomizer matched:
      - @ConditionalOnClass found required class 'org.apache.catalina.startup.Tomcat' (OnClassCondition)

   ServletWebServerFactoryConfiguration.EmbeddedTomcat matched:
      - @ConditionalOnClass found required classes 'javax.servlet.Servlet', 'org.apache.catalina.startup.Tomcat', 'org.apache.coyote.UpgradeProtocol' (OnClassCondition)
      - @ConditionalOnMissingBean (types: org.springframework.boot.web.servlet.server.ServletWebServerFactory; SearchStrategy: current) did not find any beans (OnBeanCondition)

   SimpleCacheConfiguration matched:
      - Cache org.springframework.boot.autoconfigure.cache.SimpleCacheConfiguration automatic cache type (CacheCondition)

   SpringDocConfigProperties matched:
      - @ConditionalOnProperty (springdoc.api-docs.enabled) matched (OnPropertyCondition)

   SpringDocConfiguration matched:
      - @ConditionalOnWebApplication (required) found 'session' scope (OnWebApplicationCondition)
      - @ConditionalOnProperty (springdoc.api-docs.enabled) matched (OnPropertyCondition)

   SpringDocConfiguration#fileSupportConverter matched:
      - @ConditionalOnMissingBean (types: org.springdoc.core.converters.FileSupportConverter; SearchStrategy: all) did not find any beans (OnBeanCondition)

   SpringDocConfiguration#openAPIBuilder matched:
      - @ConditionalOnMissingBean (types: org.springdoc.core.OpenAPIService; SearchStrategy: all) did not find any beans (OnBeanCondition)

   SpringDocConfiguration#operationBuilder matched:
      - @ConditionalOnMissingBean (types: org.springdoc.core.OperationService; SearchStrategy: all) did not find any beans (OnBeanCondition)

   SpringDocConfiguration#parameterBuilder matched:
      - @ConditionalOnMissingBean (types: org.springdoc.core.GenericParameterService; SearchStrategy: all) did not find any beans (OnBeanCondition)

   SpringDocConfiguration#polymorphicModelConverter matched:
      - @ConditionalOnProperty (springdoc.model-converters.polymorphic-converter.enabled) matched (OnPropertyCondition)
      - @ConditionalOnMissingBean (types: org.springdoc.core.converters.PolymorphicModelConverter; SearchStrategy: all) did not find any beans (OnBeanCondition)

   SpringDocConfiguration#requestBodyBuilder matched:
      - @ConditionalOnMissingBean (types: org.springdoc.core.RequestBodyService; SearchStrategy: all) did not find any beans (OnBeanCondition)

   SpringDocConfiguration#responseSupportConverter matched:
      - @ConditionalOnMissingBean (types: org.springdoc.core.converters.ResponseSupportConverter; SearchStrategy: all) did not find any beans (OnBeanCondition)

   SpringDocConfiguration#schemaPropertyDeprecatingConverter matched:
      - @ConditionalOnProperty (springdoc.model-converters.deprecating-converter.enabled) matched (OnPropertyCondition)
      - @ConditionalOnMissingBean (types: org.springdoc.core.converters.SchemaPropertyDeprecatingConverter; SearchStrategy: all) did not find any beans (OnBeanCondition)

   SpringDocConfiguration#securityParser matched:
      - @ConditionalOnMissingBean (types: org.springdoc.core.SecurityService; SearchStrategy: all) did not find any beans (OnBeanCondition)

   SpringDocConfiguration#springDocCustomizers matched:
      - @ConditionalOnMissingBean (types: org.springdoc.core.customizers.SpringDocCustomizers; SearchStrategy: all) did not find any beans (OnBeanCondition)

   SpringDocConfiguration#springDocObjectMapperProvider matched:
      - @ConditionalOnMissingBean (types: org.springdoc.core.providers.ObjectMapperProvider; SearchStrategy: all) did not find any beans (OnBeanCondition)

   SpringDocConfiguration#springDocProviders matched:
      - @ConditionalOnMissingBean (types: org.springdoc.core.SpringDocProviders; SearchStrategy: all) did not find any beans (OnBeanCondition)

   SpringDocConfiguration.SpringDocSpringDataWebPropertiesProvider matched:
      - @ConditionalOnClass found required class 'org.springframework.boot.autoconfigure.data.web.SpringDataWebProperties' (OnClassCondition)

   SpringDocConfiguration.SpringDocSpringDataWebPropertiesProvider#springDataWebPropertiesProvider matched:
      - @ConditionalOnMissingBean (types: org.springdoc.core.providers.SpringDataWebPropertiesProvider; SearchStrategy: all) did not find any beans (OnBeanCondition)

   SpringDocConfiguration.WebConversionServiceConfiguration matched:
      - @ConditionalOnClass found required class 'org.springframework.boot.autoconfigure.web.format.WebConversionService' (OnClassCondition)

   SpringDocUIConfiguration matched:
      - @ConditionalOnWebApplication (required) found 'session' scope (OnWebApplicationCondition)
      - @ConditionalOnExpression (#{${springdoc.api-docs.enabled:true}}) resulted in true (OnExpressionCondition)
      - @ConditionalOnBean (types: org.springdoc.core.SpringDocConfiguration; SearchStrategy: all) found bean 'org.springdoc.core.SpringDocConfiguration' (OnBeanCondition)

   SpringDocWebMvcConfiguration matched:
      - found 'session' scope (OnWebApplicationCondition)
      - @ConditionalOnProperty (springdoc.api-docs.enabled) matched (OnPropertyCondition)
      - @ConditionalOnBean (types: org.springdoc.core.SpringDocConfiguration; SearchStrategy: all) found bean 'org.springdoc.core.SpringDocConfiguration' (OnBeanCondition)

   SpringDocWebMvcConfiguration#openApiResource matched:
      - @ConditionalOnProperty (springdoc.use-management-port=false) matched (OnPropertyCondition)
      - @ConditionalOnMissingBean (types: org.springdoc.webmvc.api.OpenApiWebMvcResource; SearchStrategy: all) did not find any beans (OnBeanCondition)

   SpringDocWebMvcConfiguration#requestBuilder matched:
      - @ConditionalOnMissingBean (types: org.springdoc.webmvc.core.RequestService; SearchStrategy: all) did not find any beans (OnBeanCondition)

   SpringDocWebMvcConfiguration#responseBuilder matched:
      - @ConditionalOnMissingBean (types: org.springdoc.core.GenericResponseService; SearchStrategy: all) did not find any beans (OnBeanCondition)

   SpringDocWebMvcConfiguration#springWebProvider matched:
      - @ConditionalOnMissingBean (types: org.springdoc.core.providers.SpringWebProvider; SearchStrategy: all) did not find any beans (OnBeanCondition)

   SpringDocWebMvcConfiguration.SpringDocWebMvcRouterConfiguration matched:
      - @ConditionalOnClass found required class 'org.springframework.web.servlet.function.RouterFunction' (OnClassCondition)

   SpringDocWebMvcConfiguration.SpringDocWebMvcRouterConfiguration#routerFunctionProvider matched:
      - @ConditionalOnMissingBean (types: org.springdoc.webmvc.core.RouterFunctionWebMvcProvider; SearchStrategy: all) did not find any beans (OnBeanCondition)

   SqlInitializationAutoConfiguration matched:
      - @ConditionalOnProperty (spring.sql.init.enabled) matched (OnPropertyCondition)
      - NoneNestedConditions 0 matched 1 did not; NestedCondition on SqlInitializationAutoConfiguration.SqlInitializationModeCondition.ModeIsNever @ConditionalOnProperty (spring.sql.init.mode=never) did not find property 'mode' (SqlInitializationAutoConfiguration.SqlInitializationModeCondition)

   SwaggerConfig matched:
      - found 'session' scope (OnWebApplicationCondition)
      - @ConditionalOnProperty (springdoc.swagger-ui.enabled) matched (OnPropertyCondition)
      - @ConditionalOnBean (types: org.springdoc.core.SpringDocConfiguration; SearchStrategy: all) found bean 'org.springdoc.core.SpringDocConfiguration' (OnBeanCondition)

   SwaggerConfig#indexPageTransformer matched:
      - @ConditionalOnMissingBean (types: org.springdoc.webmvc.ui.SwaggerIndexTransformer; SearchStrategy: all) did not find any beans (OnBeanCondition)

   SwaggerConfig#swaggerConfigResource matched:
      - @ConditionalOnProperty (springdoc.use-management-port=false) matched (OnPropertyCondition)
      - @ConditionalOnMissingBean (types: org.springdoc.webmvc.ui.SwaggerConfigResource; SearchStrategy: all) did not find any beans (OnBeanCondition)

   SwaggerConfig#swaggerResourceResolver matched:
      - @ConditionalOnMissingBean (types: org.springdoc.webmvc.ui.SwaggerResourceResolver; SearchStrategy: all) did not find any beans (OnBeanCondition)

   SwaggerConfig#swaggerWebMvcConfigurer matched:
      - @ConditionalOnMissingBean (types: org.springdoc.webmvc.ui.SwaggerWebMvcConfigurer; SearchStrategy: all) did not find any beans (OnBeanCondition)

   SwaggerConfig#swaggerWelcome matched:
      - @ConditionalOnProperty (springdoc.use-management-port=false) matched (OnPropertyCondition)
      - @ConditionalOnMissingBean (types: org.springdoc.webmvc.ui.SwaggerWelcomeWebMvc; SearchStrategy: all) did not find any beans (OnBeanCondition)

   SwaggerUiConfigParameters matched:
      - @ConditionalOnProperty (springdoc.swagger-ui.enabled) matched (OnPropertyCondition)
      - @ConditionalOnBean (types: org.springdoc.core.SpringDocConfiguration; SearchStrategy: all) found bean 'org.springdoc.core.SpringDocConfiguration' (OnBeanCondition)

   SwaggerUiConfigProperties matched:
      - @ConditionalOnProperty (springdoc.swagger-ui.enabled) matched (OnPropertyCondition)
      - @ConditionalOnBean (types: org.springdoc.core.SpringDocConfiguration; SearchStrategy: all) found bean 'org.springdoc.core.SpringDocConfiguration' (OnBeanCondition)

   SwaggerUiOAuthProperties matched:
      - @ConditionalOnProperty (springdoc.swagger-ui.enabled) matched (OnPropertyCondition)
      - @ConditionalOnBean (types: org.springdoc.core.SpringDocConfiguration; SearchStrategy: all) found bean 'org.springdoc.core.SpringDocConfiguration' (OnBeanCondition)

   TaskExecutionAutoConfiguration matched:
      - @ConditionalOnClass found required class 'org.springframework.scheduling.concurrent.ThreadPoolTaskExecutor' (OnClassCondition)

   TaskExecutionAutoConfiguration#applicationTaskExecutor matched:
      - @ConditionalOnMissingBean (types: java.util.concurrent.Executor; SearchStrategy: all) did not find any beans (OnBeanCondition)

   TaskExecutionAutoConfiguration#taskExecutorBuilder matched:
      - @ConditionalOnMissingBean (types: org.springframework.boot.task.TaskExecutorBuilder; SearchStrategy: all) did not find any beans (OnBeanCondition)

   TaskSchedulingAutoConfiguration matched:
      - @ConditionalOnClass found required class 'org.springframework.scheduling.concurrent.ThreadPoolTaskScheduler' (OnClassCondition)

   TaskSchedulingAutoConfiguration#taskSchedulerBuilder matched:
      - @ConditionalOnMissingBean (types: org.springframework.boot.task.TaskSchedulerBuilder; SearchStrategy: all) did not find any beans (OnBeanCondition)

   TransactionAutoConfiguration matched:
      - @ConditionalOnClass found required class 'org.springframework.transaction.PlatformTransactionManager' (OnClassCondition)

   TransactionAutoConfiguration#platformTransactionManagerCustomizers matched:
      - @ConditionalOnMissingBean (types: org.springframework.boot.autoconfigure.transaction.TransactionManagerCustomizers; SearchStrategy: all) did not find any beans (OnBeanCondition)

   TransactionAutoConfiguration.EnableTransactionManagementConfiguration matched:
      - @ConditionalOnBean (types: org.springframework.transaction.TransactionManager; SearchStrategy: all) found bean 'transactionManager'; @ConditionalOnMissingBean (types: org.springframework.transaction.annotation.AbstractTransactionManagementConfiguration; SearchStrategy: all) did not find any beans (OnBeanCondition)

   TransactionAutoConfiguration.EnableTransactionManagementConfiguration.CglibAutoProxyConfiguration matched:
      - @ConditionalOnProperty (spring.aop.proxy-target-class=true) matched (OnPropertyCondition)

   TransactionAutoConfiguration.TransactionTemplateConfiguration matched:
      - @ConditionalOnSingleCandidate (types: org.springframework.transaction.PlatformTransactionManager; SearchStrategy: all) found a single bean 'transactionManager' (OnBeanCondition)

   TransactionAutoConfiguration.TransactionTemplateConfiguration#transactionTemplate matched:
      - @ConditionalOnMissingBean (types: org.springframework.transaction.support.TransactionOperations; SearchStrategy: all) did not find any beans (OnBeanCondition)

   ValidationAutoConfiguration matched:
      - @ConditionalOnClass found required class 'javax.validation.executable.ExecutableValidator' (OnClassCondition)
      - @ConditionalOnResource found location classpath:META-INF/services/javax.validation.spi.ValidationProvider (OnResourceCondition)

   ValidationAutoConfiguration#defaultValidator matched:
      - @ConditionalOnMissingBean (types: javax.validation.Validator; SearchStrategy: all) did not find any beans (OnBeanCondition)

   ValidationAutoConfiguration#methodValidationPostProcessor matched:
      - @ConditionalOnMissingBean (types: org.springframework.validation.beanvalidation.MethodValidationPostProcessor; SearchStrategy: current) did not find any beans (OnBeanCondition)

   WebMvcAutoConfiguration matched:
      - @ConditionalOnClass found required classes 'javax.servlet.Servlet', 'org.springframework.web.servlet.DispatcherServlet', 'org.springframework.web.servlet.config.annotation.WebMvcConfigurer' (OnClassCondition)
      - found 'session' scope (OnWebApplicationCondition)
      - @ConditionalOnMissingBean (types: org.springframework.web.servlet.config.annotation.WebMvcConfigurationSupport; SearchStrategy: all) did not find any beans (OnBeanCondition)

   WebMvcAutoConfiguration#formContentFilter matched:
      - @ConditionalOnProperty (spring.mvc.formcontent.filter.enabled) matched (OnPropertyCondition)
      - @ConditionalOnMissingBean (types: org.springframework.web.filter.FormContentFilter; SearchStrategy: all) did not find any beans (OnBeanCondition)

   WebMvcAutoConfiguration.EnableWebMvcConfiguration#flashMapManager matched:
      - @ConditionalOnMissingBean (names: flashMapManager; SearchStrategy: all) did not find any beans (OnBeanCondition)

   WebMvcAutoConfiguration.EnableWebMvcConfiguration#localeResolver matched:
      - @ConditionalOnMissingBean (names: localeResolver; SearchStrategy: all) did not find any beans (OnBeanCondition)

   WebMvcAutoConfiguration.EnableWebMvcConfiguration#themeResolver matched:
      - @ConditionalOnMissingBean (names: themeResolver; SearchStrategy: all) did not find any beans (OnBeanCondition)

   WebMvcAutoConfiguration.WebMvcAutoConfigurationAdapter#defaultViewResolver matched:
      - @ConditionalOnMissingBean (types: org.springframework.web.servlet.view.InternalResourceViewResolver; SearchStrategy: all) did not find any beans (OnBeanCondition)

   WebMvcAutoConfiguration.WebMvcAutoConfigurationAdapter#requestContextFilter matched:
      - @ConditionalOnMissingBean (types: org.springframework.web.context.request.RequestContextListener,org.springframework.web.filter.RequestContextFilter; SearchStrategy: all) did not find any beans (OnBeanCondition)

   WebMvcAutoConfiguration.WebMvcAutoConfigurationAdapter#viewResolver matched:
      - @ConditionalOnBean (types: org.springframework.web.servlet.ViewResolver; SearchStrategy: all) found beans 'defaultViewResolver', 'beanNameViewResolver', 'mvcViewResolver'; @ConditionalOnMissingBean (names: viewResolver types: org.springframework.web.servlet.view.ContentNegotiatingViewResolver; SearchStrategy: all) did not find any beans (OnBeanCondition)

   WebSocketServletAutoConfiguration matched:
      - @ConditionalOnClass found required classes 'javax.servlet.Servlet', 'javax.websocket.server.ServerContainer' (OnClassCondition)
      - found 'session' scope (OnWebApplicationCondition)

   WebSocketServletAutoConfiguration.TomcatWebSocketConfiguration matched:
      - @ConditionalOnClass found required classes 'org.apache.catalina.startup.Tomcat', 'org.apache.tomcat.websocket.server.WsSci' (OnClassCondition)

   WebSocketServletAutoConfiguration.TomcatWebSocketConfiguration#websocketServletWebServerCustomizer matched:
      - @ConditionalOnMissingBean (names: websocketServletWebServerCustomizer; SearchStrategy: all) did not find any beans (OnBeanCondition)


Negative matches:
-----------------

   ActiveMQAutoConfiguration:
      Did not match:
         - @ConditionalOnClass did not find required class 'javax.jms.ConnectionFactory' (OnClassCondition)

   AopAutoConfiguration.AspectJAutoProxyingConfiguration:
      Did not match:
         - @ConditionalOnClass did not find required class 'org.aspectj.weaver.Advice' (OnClassCondition)

   ArtemisAutoConfiguration:
      Did not match:
         - @ConditionalOnClass did not find required class 'javax.jms.ConnectionFactory' (OnClassCondition)

   BatchAutoConfiguration:
      Did not match:
         - @ConditionalOnClass did not find required class 'org.springframework.batch.core.launch.JobLauncher' (OnClassCondition)

   Cache2kCacheConfiguration:
      Did not match:
         - @ConditionalOnClass did not find required class 'org.cache2k.Cache2kBuilder' (OnClassCondition)

   CacheAutoConfiguration:
      Did not match:
         - @ConditionalOnBean (types: org.springframework.cache.interceptor.CacheAspectSupport; SearchStrategy: all) did not find any beans of type org.springframework.cache.interceptor.CacheAspectSupport (OnBeanCondition)
      Matched:
         - @ConditionalOnClass found required class 'org.springframework.cache.CacheManager' (OnClassCondition)

   CacheAutoConfiguration.CacheManagerEntityManagerFactoryDependsOnPostProcessor:
      Did not match:
         - @ConditionalOnClass did not find required class 'org.springframework.orm.jpa.LocalContainerEntityManagerFactoryBean' (OnClassCondition)
         - Ancestor org.springframework.boot.autoconfigure.cache.CacheAutoConfiguration did not match (ConditionEvaluationReport.AncestorsMatchedCondition)

   CaffeineCacheConfiguration:
      Did not match:
         - @ConditionalOnClass did not find required class 'com.github.benmanes.caffeine.cache.Caffeine' (OnClassCondition)

   CassandraAutoConfiguration:
      Did not match:
         - @ConditionalOnClass did not find required class 'com.datastax.oss.driver.api.core.CqlSession' (OnClassCondition)

   CassandraDataAutoConfiguration:
      Did not match:
         - @ConditionalOnClass did not find required class 'com.datastax.oss.driver.api.core.CqlSession' (OnClassCondition)

   CassandraReactiveDataAutoConfiguration:
      Did not match:
         - @ConditionalOnClass did not find required class 'com.datastax.oss.driver.api.core.CqlSession' (OnClassCondition)

   CassandraReactiveRepositoriesAutoConfiguration:
      Did not match:
         - @ConditionalOnClass did not find required class 'org.springframework.data.cassandra.ReactiveSession' (OnClassCondition)

   CassandraRepositoriesAutoConfiguration:
      Did not match:
         - @ConditionalOnClass did not find required class 'com.datastax.oss.driver.api.core.CqlSession' (OnClassCondition)

   ClientHttpConnectorAutoConfiguration:
      Did not match:
         - @ConditionalOnClass did not find required class 'org.springframework.web.reactive.function.client.WebClient' (OnClassCondition)

   CodecsAutoConfiguration:
      Did not match:
         - @ConditionalOnClass did not find required class 'org.springframework.web.reactive.function.client.WebClient' (OnClassCondition)

   CouchbaseAutoConfiguration:
      Did not match:
         - @ConditionalOnClass did not find required class 'com.couchbase.client.java.Cluster' (OnClassCondition)

   CouchbaseCacheConfiguration:
      Did not match:
         - @ConditionalOnClass did not find required class 'com.couchbase.client.java.Cluster' (OnClassCondition)

   CouchbaseDataAutoConfiguration:
      Did not match:
         - @ConditionalOnClass did not find required class 'com.couchbase.client.java.Bucket' (OnClassCondition)

   CouchbaseReactiveDataAutoConfiguration:
      Did not match:
         - @ConditionalOnClass did not find required class 'com.couchbase.client.java.Cluster' (OnClassCondition)

   CouchbaseReactiveRepositoriesAutoConfiguration:
      Did not match:
         - @ConditionalOnClass did not find required class 'com.couchbase.client.java.Cluster' (OnClassCondition)

   CouchbaseRepositoriesAutoConfiguration:
      Did not match:
         - @ConditionalOnClass did not find required class 'com.couchbase.client.java.Bucket' (OnClassCondition)

   DataSourceAutoConfiguration.EmbeddedDatabaseConfiguration:
      Did not match:
         - EmbeddedDataSource spring.datasource.url is set (DataSourceAutoConfiguration.EmbeddedDatabaseCondition)

   DataSourceConfiguration.Dbcp2:
      Did not match:
         - @ConditionalOnClass did not find required class 'org.apache.commons.dbcp2.BasicDataSource' (OnClassCondition)

   DataSourceConfiguration.Generic:
      Did not match:
         - @ConditionalOnProperty (spring.datasource.type) did not find property 'spring.datasource.type' (OnPropertyCondition)

   DataSourceConfiguration.OracleUcp:
      Did not match:
         - @ConditionalOnClass did not find required classes 'oracle.ucp.jdbc.PoolDataSourceImpl', 'oracle.jdbc.OracleConnection' (OnClassCondition)

   DataSourceConfiguration.Tomcat:
      Did not match:
         - @ConditionalOnClass did not find required class 'org.apache.tomcat.jdbc.pool.DataSource' (OnClassCondition)

   DataSourceJmxConfiguration.TomcatDataSourceJmxConfiguration:
      Did not match:
         - @ConditionalOnClass did not find required class 'org.apache.tomcat.jdbc.pool.DataSourceProxy' (OnClassCondition)

   DataSourcePoolMetadataProvidersConfiguration.CommonsDbcp2PoolDataSourceMetadataProviderConfiguration:
      Did not match:
         - @ConditionalOnClass did not find required class 'org.apache.commons.dbcp2.BasicDataSource' (OnClassCondition)

   DataSourcePoolMetadataProvidersConfiguration.OracleUcpPoolDataSourceMetadataProviderConfiguration:
      Did not match:
         - @ConditionalOnClass did not find required classes 'oracle.ucp.jdbc.PoolDataSource', 'oracle.jdbc.OracleConnection' (OnClassCondition)

   DataSourcePoolMetadataProvidersConfiguration.TomcatDataSourcePoolMetadataProviderConfiguration:
      Did not match:
         - @ConditionalOnClass did not find required class 'org.apache.tomcat.jdbc.pool.DataSource' (OnClassCondition)

   DispatcherServletAutoConfiguration.DispatcherServletConfiguration#multipartResolver:
      Did not match:
         - @ConditionalOnBean (types: org.springframework.web.multipart.MultipartResolver; SearchStrategy: all) did not find any beans of type org.springframework.web.multipart.MultipartResolver (OnBeanCondition)

   EhCacheCacheConfiguration:
      Did not match:
         - @ConditionalOnClass did not find required class 'net.sf.ehcache.Cache' (OnClassCondition)

   ElasticsearchDataAutoConfiguration:
      Did not match:
         - @ConditionalOnClass did not find required class 'org.springframework.data.elasticsearch.core.ElasticsearchRestTemplate' (OnClassCondition)

   ElasticsearchRepositoriesAutoConfiguration:
      Did not match:
         - @ConditionalOnClass did not find required class 'org.elasticsearch.client.Client' (OnClassCondition)

   ElasticsearchRestClientAutoConfiguration:
      Did not match:
         - @ConditionalOnClass did not find required class 'org.elasticsearch.client.RestClientBuilder' (OnClassCondition)

   EmbeddedLdapAutoConfiguration:
      Did not match:
         - @ConditionalOnClass did not find required class 'com.unboundid.ldap.listener.InMemoryDirectoryServer' (OnClassCondition)

   EmbeddedMongoAutoConfiguration:
      Did not match:
         - @ConditionalOnClass did not find required class 'com.mongodb.MongoClientSettings' (OnClassCondition)

   EmbeddedWebServerFactoryCustomizerAutoConfiguration.JettyWebServerFactoryCustomizerConfiguration:
      Did not match:
         - @ConditionalOnClass did not find required classes 'org.eclipse.jetty.server.Server', 'org.eclipse.jetty.util.Loader', 'org.eclipse.jetty.webapp.WebAppContext' (OnClassCondition)

   EmbeddedWebServerFactoryCustomizerAutoConfiguration.NettyWebServerFactoryCustomizerConfiguration:
      Did not match:
         - @ConditionalOnClass did not find required class 'reactor.netty.http.server.HttpServer' (OnClassCondition)

   EmbeddedWebServerFactoryCustomizerAutoConfiguration.UndertowWebServerFactoryCustomizerConfiguration:
      Did not match:
         - @ConditionalOnClass did not find required classes 'io.undertow.Undertow', 'org.xnio.SslClientAuthMode' (OnClassCondition)

   ErrorWebFluxAutoConfiguration:
      Did not match:
         - @ConditionalOnClass did not find required class 'org.springframework.web.reactive.config.WebFluxConfigurer' (OnClassCondition)

   FlywayAutoConfiguration:
      Did not match:
         - @ConditionalOnClass did not find required class 'org.flywaydb.core.Flyway' (OnClassCondition)

   FreeMarkerAutoConfiguration:
      Did not match:
         - @ConditionalOnClass did not find required class 'freemarker.template.Configuration' (OnClassCondition)

   GraphQlAutoConfiguration:
      Did not match:
         - @ConditionalOnClass did not find required class 'graphql.GraphQL' (OnClassCondition)

   GraphQlQueryByExampleAutoConfiguration:
      Did not match:
         - @ConditionalOnClass did not find required class 'graphql.GraphQL' (OnClassCondition)

   GraphQlQuerydslAutoConfiguration:
      Did not match:
         - @ConditionalOnClass did not find required class 'graphql.GraphQL' (OnClassCondition)

   GraphQlRSocketAutoConfiguration:
      Did not match:
         - @ConditionalOnClass did not find required class 'graphql.GraphQL' (OnClassCondition)

   GraphQlReactiveQueryByExampleAutoConfiguration:
      Did not match:
         - @ConditionalOnClass did not find required class 'graphql.GraphQL' (OnClassCondition)

   GraphQlReactiveQuerydslAutoConfiguration:
      Did not match:
         - @ConditionalOnClass did not find required class 'graphql.GraphQL' (OnClassCondition)

   GraphQlWebFluxAutoConfiguration:
      Did not match:
         - @ConditionalOnClass did not find required class 'graphql.GraphQL' (OnClassCondition)

   GraphQlWebFluxSecurityAutoConfiguration:
      Did not match:
         - @ConditionalOnClass did not find required class 'graphql.GraphQL' (OnClassCondition)

   GraphQlWebMvcAutoConfiguration:
      Did not match:
         - @ConditionalOnClass did not find required class 'graphql.GraphQL' (OnClassCondition)

   GraphQlWebMvcSecurityAutoConfiguration:
      Did not match:
         - @ConditionalOnClass did not find required class 'graphql.GraphQL' (OnClassCondition)

   GroovyTemplateAutoConfiguration:
      Did not match:
         - @ConditionalOnClass did not find required class 'groovy.text.markup.MarkupTemplateEngine' (OnClassCondition)

   GsonAutoConfiguration:
      Did not match:
         - @ConditionalOnClass did not find required class 'com.google.gson.Gson' (OnClassCondition)

   GsonHttpMessageConvertersConfiguration:
      Did not match:
         - @ConditionalOnClass did not find required class 'com.google.gson.Gson' (OnClassCondition)

   H2ConsoleAutoConfiguration:
      Did not match:
         - @ConditionalOnClass did not find required class 'org.h2.server.web.WebServlet' (OnClassCondition)

   HazelcastAutoConfiguration:
      Did not match:
         - @ConditionalOnClass did not find required class 'com.hazelcast.core.HazelcastInstance' (OnClassCondition)

   HazelcastCacheConfiguration:
      Did not match:
         - @ConditionalOnClass did not find required class 'com.hazelcast.core.HazelcastInstance' (OnClassCondition)

   HazelcastJpaDependencyAutoConfiguration:
      Did not match:
         - @ConditionalOnClass did not find required class 'com.hazelcast.core.HazelcastInstance' (OnClassCondition)

   HibernateJpaAutoConfiguration:
      Did not match:
         - @ConditionalOnClass did not find required class 'javax.persistence.EntityManager' (OnClassCondition)

   HttpHandlerAutoConfiguration:
      Did not match:
         - @ConditionalOnClass did not find required class 'org.springframework.web.reactive.DispatcherHandler' (OnClassCondition)

   HypermediaAutoConfiguration:
      Did not match:
         - @ConditionalOnClass did not find required class 'org.springframework.hateoas.EntityModel' (OnClassCondition)

   InfinispanCacheConfiguration:
      Did not match:
         - @ConditionalOnClass did not find required class 'org.infinispan.spring.embedded.provider.SpringEmbeddedCacheManager' (OnClassCondition)

   InfluxDbAutoConfiguration:
      Did not match:
         - @ConditionalOnClass did not find required class 'org.influxdb.InfluxDB' (OnClassCondition)

   IntegrationAutoConfiguration:
      Did not match:
         - @ConditionalOnClass did not find required class 'org.springframework.integration.config.EnableIntegration' (OnClassCondition)

   JCacheCacheConfiguration:
      Did not match:
         - @ConditionalOnClass did not find required class 'javax.cache.Caching' (OnClassCondition)

   JacksonHttpMessageConvertersConfiguration.MappingJackson2XmlHttpMessageConverterConfiguration:
      Did not match:
         - @ConditionalOnClass did not find required class 'com.fasterxml.jackson.dataformat.xml.XmlMapper' (OnClassCondition)

   JdbcRepositoriesAutoConfiguration:
      Did not match:
         - @ConditionalOnClass did not find required class 'org.springframework.data.jdbc.repository.config.AbstractJdbcConfiguration' (OnClassCondition)

   JdbcTemplateConfiguration:
      Did not match:
         - @ConditionalOnMissingBean (types: org.springframework.jdbc.core.JdbcOperations; SearchStrategy: all) found beans of type 'org.springframework.jdbc.core.JdbcOperations' jdbcTemplate, centralJdbcTemplate, tigohogarJdbcTemplate (OnBeanCondition)

   JerseyAutoConfiguration:
      Did not match:
         - @ConditionalOnClass did not find required class 'org.glassfish.jersey.server.spring.SpringComponentProvider' (OnClassCondition)

   JmsAutoConfiguration:
      Did not match:
         - @ConditionalOnClass did not find required class 'javax.jms.Message' (OnClassCondition)

   JmxAutoConfiguration:
      Did not match:
         - @ConditionalOnProperty (spring.jmx.enabled=true) did not find property 'enabled' (OnPropertyCondition)
      Matched:
         - @ConditionalOnClass found required class 'org.springframework.jmx.export.MBeanExporter' (OnClassCondition)

   JndiConnectionFactoryAutoConfiguration:
      Did not match:
         - @ConditionalOnClass did not find required class 'org.springframework.jms.core.JmsTemplate' (OnClassCondition)

   JndiDataSourceAutoConfiguration:
      Did not match:
         - @ConditionalOnProperty (spring.datasource.jndi-name) did not find property 'jndi-name' (OnPropertyCondition)
      Matched:
         - @ConditionalOnClass found required classes 'javax.sql.DataSource', 'org.springframework.jdbc.datasource.embedded.EmbeddedDatabaseType' (OnClassCondition)

   JooqAutoConfiguration:
      Did not match:
         - @ConditionalOnClass did not find required class 'org.jooq.DSLContext' (OnClassCondition)

   JpaRepositoriesAutoConfiguration:
      Did not match:
         - @ConditionalOnClass did not find required class 'org.springframework.data.jpa.repository.JpaRepository' (OnClassCondition)

   JsonbAutoConfiguration:
      Did not match:
         - @ConditionalOnClass did not find required class 'javax.json.bind.Jsonb' (OnClassCondition)

   JsonbHttpMessageConvertersConfiguration:
      Did not match:
         - @ConditionalOnClass did not find required class 'javax.json.bind.Jsonb' (OnClassCondition)

   JtaAutoConfiguration:
      Did not match:
         - @ConditionalOnClass did not find required class 'javax.transaction.Transaction' (OnClassCondition)

   KafkaAutoConfiguration:
      Did not match:
         - @ConditionalOnClass did not find required class 'org.springframework.kafka.core.KafkaTemplate' (OnClassCondition)

   LdapAutoConfiguration:
      Did not match:
         - @ConditionalOnClass did not find required class 'org.springframework.ldap.core.ContextSource' (OnClassCondition)

   LdapRepositoriesAutoConfiguration:
      Did not match:
         - @ConditionalOnClass did not find required class 'org.springframework.data.ldap.repository.LdapRepository' (OnClassCondition)

   LiquibaseAutoConfiguration:
      Did not match:
         - @ConditionalOnClass did not find required class 'liquibase.change.DatabaseChange' (OnClassCondition)

   MailSenderJndiConfiguration:
      Did not match:
         - @ConditionalOnProperty (spring.mail.jndi-name) did not find property 'jndi-name' (OnPropertyCondition)
      Matched:
         - @ConditionalOnClass found required class 'javax.mail.Session' (OnClassCondition)

   MailSenderValidatorAutoConfiguration:
      Did not match:
         - @ConditionalOnProperty (spring.mail.test-connection) did not find property 'test-connection' (OnPropertyCondition)

   MessageSourceAutoConfiguration:
      Did not match:
         - ResourceBundle did not find bundle with basename messages (MessageSourceAutoConfiguration.ResourceBundleCondition)

   MongoAutoConfiguration:
      Did not match:
         - @ConditionalOnClass did not find required class 'com.mongodb.client.MongoClient' (OnClassCondition)

   MongoDataAutoConfiguration:
      Did not match:
         - @ConditionalOnClass did not find required class 'com.mongodb.client.MongoClient' (OnClassCondition)

   MongoReactiveAutoConfiguration:
      Did not match:
         - @ConditionalOnClass did not find required class 'com.mongodb.reactivestreams.client.MongoClient' (OnClassCondition)

   MongoReactiveDataAutoConfiguration:
      Did not match:
         - @ConditionalOnClass did not find required class 'com.mongodb.reactivestreams.client.MongoClient' (OnClassCondition)

   MongoReactiveRepositoriesAutoConfiguration:
      Did not match:
         - @ConditionalOnClass did not find required class 'com.mongodb.reactivestreams.client.MongoClient' (OnClassCondition)

   MongoRepositoriesAutoConfiguration:
      Did not match:
         - @ConditionalOnClass did not find required class 'com.mongodb.client.MongoClient' (OnClassCondition)

   MultipleOpenApiSupportConfiguration:
      Did not match:
         - AnyNestedCondition 0 matched 2 did not; NestedCondition on MultipleOpenApiSupportCondition.OnActuatorDifferentPort @ConditionalOnProperty (springdoc.show-actuator) did not find property 'springdoc.show-actuator'; NestedCondition on MultipleOpenApiSupportCondition.OnMultipleOpenApiSupportCondition AnyNestedCondition 0 matched 2 did not; NestedCondition on MultipleOpenApiGroupsCondition.OnGroupConfigProperty @ConditionalOnProperty (springdoc.group-configs[0].group) did not find property 'springdoc.group-configs[0].group'; NestedCondition on MultipleOpenApiGroupsCondition.OnGroupedOpenApiBean @ConditionalOnBean (types: org.springdoc.core.GroupedOpenApi; SearchStrategy: all) did not find any beans of type org.springdoc.core.GroupedOpenApi (MultipleOpenApiSupportCondition)
      Matched:
         - found 'session' scope (OnWebApplicationCondition)
         - @ConditionalOnProperty (springdoc.api-docs.enabled) matched (OnPropertyCondition)

   MultipleOpenApiSupportConfiguration.SpringDocWebMvcActuatorDifferentConfiguration:
      Did not match:
         - @ConditionalOnClass did not find required class 'org.springframework.boot.actuate.endpoint.web.servlet.WebMvcEndpointHandlerMapping' (OnClassCondition)
         - Ancestor org.springdoc.webmvc.core.MultipleOpenApiSupportConfiguration did not match (ConditionEvaluationReport.AncestorsMatchedCondition)

   MustacheAutoConfiguration:
      Did not match:
         - @ConditionalOnClass did not find required class 'com.samskivert.mustache.Mustache' (OnClassCondition)

   Neo4jAutoConfiguration:
      Did not match:
         - @ConditionalOnClass did not find required class 'org.neo4j.driver.Driver' (OnClassCondition)

   Neo4jDataAutoConfiguration:
      Did not match:
         - @ConditionalOnClass did not find required class 'org.neo4j.driver.Driver' (OnClassCondition)

   Neo4jReactiveDataAutoConfiguration:
      Did not match:
         - @ConditionalOnClass did not find required class 'org.neo4j.driver.Driver' (OnClassCondition)

   Neo4jReactiveRepositoriesAutoConfiguration:
      Did not match:
         - @ConditionalOnClass did not find required class 'org.neo4j.driver.Driver' (OnClassCondition)

   Neo4jRepositoriesAutoConfiguration:
      Did not match:
         - @ConditionalOnClass did not find required class 'org.neo4j.driver.Driver' (OnClassCondition)

   NettyAutoConfiguration:
      Did not match:
         - @ConditionalOnClass did not find required class 'io.netty.util.NettyRuntime' (OnClassCondition)

   OAuth2ClientAutoConfiguration:
      Did not match:
         - @ConditionalOnClass did not find required class 'org.springframework.security.config.annotation.web.configuration.EnableWebSecurity' (OnClassCondition)

   OAuth2ResourceServerAutoConfiguration:
      Did not match:
         - @ConditionalOnClass did not find required class 'org.springframework.security.oauth2.server.resource.BearerTokenAuthenticationToken' (OnClassCondition)

   ProjectInfoAutoConfiguration#buildProperties:
      Did not match:
         - @ConditionalOnResource did not find resource '${spring.info.build.location:classpath:META-INF/build-info.properties}' (OnResourceCondition)

   ProjectInfoAutoConfiguration#gitProperties:
      Did not match:
         - GitResource did not find git info at classpath:git.properties (ProjectInfoAutoConfiguration.GitResourceAvailableCondition)

   QuartzAutoConfiguration:
      Did not match:
         - @ConditionalOnClass did not find required class 'org.quartz.Scheduler' (OnClassCondition)

   R2dbcAutoConfiguration:
      Did not match:
         - @ConditionalOnClass did not find required class 'io.r2dbc.spi.ConnectionFactory' (OnClassCondition)

   R2dbcDataAutoConfiguration:
      Did not match:
         - @ConditionalOnClass did not find required class 'org.springframework.data.r2dbc.core.R2dbcEntityTemplate' (OnClassCondition)

   R2dbcInitializationConfiguration:
      Did not match:
         - @ConditionalOnClass did not find required classes 'io.r2dbc.spi.ConnectionFactory', 'org.springframework.r2dbc.connection.init.DatabasePopulator' (OnClassCondition)

   R2dbcRepositoriesAutoConfiguration:
      Did not match:
         - @ConditionalOnClass did not find required class 'io.r2dbc.spi.ConnectionFactory' (OnClassCondition)

   R2dbcTransactionManagerAutoConfiguration:
      Did not match:
         - @ConditionalOnClass did not find required class 'org.springframework.r2dbc.connection.R2dbcTransactionManager' (OnClassCondition)

   RSocketGraphQlClientAutoConfiguration:
      Did not match:
         - @ConditionalOnClass did not find required class 'graphql.GraphQL' (OnClassCondition)

   RSocketMessagingAutoConfiguration:
      Did not match:
         - @ConditionalOnClass did not find required class 'io.rsocket.RSocket' (OnClassCondition)

   RSocketRequesterAutoConfiguration:
      Did not match:
         - @ConditionalOnClass did not find required class 'io.rsocket.RSocket' (OnClassCondition)

   RSocketSecurityAutoConfiguration:
      Did not match:
         - @ConditionalOnClass did not find required class 'org.springframework.security.rsocket.core.SecuritySocketAcceptorInterceptor' (OnClassCondition)

   RSocketServerAutoConfiguration:
      Did not match:
         - @ConditionalOnClass did not find required class 'io.rsocket.core.RSocketServer' (OnClassCondition)

   RSocketStrategiesAutoConfiguration:
      Did not match:
         - @ConditionalOnClass did not find required class 'io.netty.buffer.PooledByteBufAllocator' (OnClassCondition)

   RabbitAutoConfiguration:
      Did not match:
         - @ConditionalOnClass did not find required class 'com.rabbitmq.client.Channel' (OnClassCondition)

   ReactiveElasticsearchRepositoriesAutoConfiguration:
      Did not match:
         - @ConditionalOnClass did not find required class 'org.springframework.data.elasticsearch.client.reactive.ReactiveElasticsearchClient' (OnClassCondition)

   ReactiveElasticsearchRestClientAutoConfiguration:
      Did not match:
         - @ConditionalOnClass did not find required class 'reactor.netty.http.client.HttpClient' (OnClassCondition)

   ReactiveMultipartAutoConfiguration:
      Did not match:
         - @ConditionalOnClass did not find required class 'org.springframework.web.reactive.config.WebFluxConfigurer' (OnClassCondition)

   ReactiveOAuth2ClientAutoConfiguration:
      Did not match:
         - @ConditionalOnClass did not find required class 'reactor.core.publisher.Flux' (OnClassCondition)

   ReactiveOAuth2ResourceServerAutoConfiguration:
      Did not match:
         - @ConditionalOnClass did not find required class 'org.springframework.security.config.annotation.web.reactive.EnableWebFluxSecurity' (OnClassCondition)

   ReactiveSecurityAutoConfiguration:
      Did not match:
         - @ConditionalOnClass did not find required class 'reactor.core.publisher.Flux' (OnClassCondition)

   ReactiveUserDetailsServiceAutoConfiguration:
      Did not match:
         - @ConditionalOnClass did not find required class 'org.springframework.security.authentication.ReactiveAuthenticationManager' (OnClassCondition)

   ReactiveWebServerFactoryAutoConfiguration:
      Did not match:
         - @ConditionalOnWebApplication did not find reactive web application classes (OnWebApplicationCondition)

   RedisAutoConfiguration:
      Did not match:
         - @ConditionalOnClass did not find required class 'org.springframework.data.redis.core.RedisOperations' (OnClassCondition)

   RedisCacheConfiguration:
      Did not match:
         - @ConditionalOnClass did not find required class 'org.springframework.data.redis.connection.RedisConnectionFactory' (OnClassCondition)

   RedisReactiveAutoConfiguration:
      Did not match:
         - @ConditionalOnClass did not find required class 'reactor.core.publisher.Flux' (OnClassCondition)

   RedisRepositoriesAutoConfiguration:
      Did not match:
         - @ConditionalOnClass did not find required class 'org.springframework.data.redis.repository.configuration.EnableRedisRepositories' (OnClassCondition)

   RepositoryRestMvcAutoConfiguration:
      Did not match:
         - @ConditionalOnClass did not find required class 'org.springframework.data.rest.webmvc.config.RepositoryRestMvcConfiguration' (OnClassCondition)

   Saml2RelyingPartyAutoConfiguration:
      Did not match:
         - @ConditionalOnClass did not find required class 'org.springframework.security.saml2.provider.service.registration.RelyingPartyRegistrationRepository' (OnClassCondition)

   SecurityAutoConfiguration:
      Did not match:
         - @ConditionalOnClass did not find required class 'org.springframework.security.authentication.DefaultAuthenticationEventPublisher' (OnClassCondition)

   SecurityFilterAutoConfiguration:
      Did not match:
         - @ConditionalOnClass did not find required class 'org.springframework.security.config.http.SessionCreationPolicy' (OnClassCondition)

   SendGridAutoConfiguration:
      Did not match:
         - @ConditionalOnClass did not find required class 'com.sendgrid.SendGrid' (OnClassCondition)

   ServletWebServerFactoryAutoConfiguration.ForwardedHeaderFilterConfiguration:
      Did not match:
         - @ConditionalOnProperty (server.forward-headers-strategy=framework) did not find property 'server.forward-headers-strategy' (OnPropertyCondition)

   ServletWebServerFactoryConfiguration.EmbeddedJetty:
      Did not match:
         - @ConditionalOnClass did not find required classes 'org.eclipse.jetty.server.Server', 'org.eclipse.jetty.util.Loader', 'org.eclipse.jetty.webapp.WebAppContext' (OnClassCondition)

   ServletWebServerFactoryConfiguration.EmbeddedUndertow:
      Did not match:
         - @ConditionalOnClass did not find required classes 'io.undertow.Undertow', 'org.xnio.SslClientAuthMode' (OnClassCondition)

   SessionAutoConfiguration:
      Did not match:
         - @ConditionalOnClass did not find required class 'org.springframework.session.Session' (OnClassCondition)

   SolrAutoConfiguration:
      Did not match:
         - @ConditionalOnClass did not find required class 'org.apache.solr.client.solrj.impl.CloudSolrClient' (OnClassCondition)

   SpringApplicationAdminJmxAutoConfiguration:
      Did not match:
         - @ConditionalOnProperty (spring.application.admin.enabled=true) did not find property 'enabled' (OnPropertyCondition)

   SpringDataWebAutoConfiguration:
      Did not match:
         - @ConditionalOnClass did not find required class 'org.springframework.data.web.PageableHandlerMethodArgumentResolver' (OnClassCondition)

   SpringDocConfiguration#propertiesResolverForSchema:
      Did not match:
         - @ConditionalOnProperty (springdoc.api-docs.resolve-schema-properties) did not find property 'springdoc.api-docs.resolve-schema-properties' (OnPropertyCondition)

   SpringDocConfiguration#propertyCustomizingConverter:
      Did not match:
         - @ConditionalOnBean (types: org.springdoc.core.customizers.PropertyCustomizer; SearchStrategy: all) did not find any beans of type org.springdoc.core.customizers.PropertyCustomizer (OnBeanCondition)

   SpringDocConfiguration#springdocBeanFactoryPostProcessor:
      Did not match:
         - AnyNestedCondition 0 matched 2 did not; NestedCondition on CacheOrGroupedOpenApiCondition.OnCacheDisabled found non-matching nested conditions @ConditionalOnProperty (springdoc.cache.disabled) did not find property 'springdoc.cache.disabled'; NestedCondition on CacheOrGroupedOpenApiCondition.OnMultipleOpenApiSupportCondition AnyNestedCondition 0 matched 2 did not; NestedCondition on MultipleOpenApiSupportCondition.OnActuatorDifferentPort @ConditionalOnProperty (springdoc.show-actuator) did not find property 'springdoc.show-actuator'; NestedCondition on MultipleOpenApiSupportCondition.OnMultipleOpenApiSupportCondition AnyNestedCondition 0 matched 2 did not; NestedCondition on MultipleOpenApiGroupsCondition.OnGroupConfigProperty @ConditionalOnProperty (springdoc.group-configs[0].group) did not find property 'springdoc.group-configs[0].group'; NestedCondition on MultipleOpenApiGroupsCondition.OnGroupedOpenApiBean @ConditionalOnBean (types: org.springdoc.core.GroupedOpenApi; SearchStrategy: all) did not find any beans of type org.springdoc.core.GroupedOpenApi (CacheOrGroupedOpenApiCondition)
      Matched:
         - @ConditionalOnClass found required class 'org.springframework.boot.context.properties.bind.BindResult' (OnClassCondition)

   SpringDocConfiguration#springdocBeanFactoryPostProcessor2:
      Did not match:
         - @ConditionalOnMissingClass found unwanted class 'org.springframework.boot.context.properties.bind.BindResult' (OnClassCondition)

   SpringDocConfiguration.SpringDocActuatorConfiguration:
      Did not match:
         - @ConditionalOnClass did not find required class 'org.springframework.boot.actuate.autoconfigure.endpoint.web.WebEndpointProperties' (OnClassCondition)

   SpringDocConfiguration.SpringDocFunctionCatalogConfiguration:
      Did not match:
         - @ConditionalOnClass did not find required class 'org.springframework.cloud.function.web.function.FunctionEndpointInitializer' (OnClassCondition)

   SpringDocConfiguration.SpringDocPageableConfiguration:
      Did not match:
         - @ConditionalOnClass did not find required class 'org.springframework.data.domain.Pageable' (OnClassCondition)

   SpringDocConfiguration.SpringDocRepositoryRestConfiguration:
      Did not match:
         - @ConditionalOnClass did not find required class 'org.springframework.data.rest.core.config.RepositoryRestConfiguration' (OnClassCondition)

   SpringDocConfiguration.SpringDocSortConfiguration:
      Did not match:
         - @ConditionalOnClass did not find required class 'org.springframework.data.domain.Sort' (OnClassCondition)

   SpringDocConfiguration.SpringDocWebFluxSupportConfiguration:
      Did not match:
         - @ConditionalOnClass did not find required class 'reactor.core.publisher.Flux' (OnClassCondition)

   SpringDocWebMvcConfiguration.SpringDocWebMvcActuatorConfiguration:
      Did not match:
         - @ConditionalOnClass did not find required class 'org.springframework.boot.actuate.endpoint.web.servlet.WebMvcEndpointHandlerMapping' (OnClassCondition)

   SwaggerConfig#springWebProvider:
      Did not match:
         - @ConditionalOnMissingBean (types: org.springdoc.core.providers.SpringWebProvider; SearchStrategy: all) found beans of type 'org.springdoc.core.providers.SpringWebProvider' springWebProvider (OnBeanCondition)

   SwaggerConfig#swaggerUiConfigParameters:
      Did not match:
         - @ConditionalOnMissingBean (types: org.springdoc.core.SwaggerUiConfigParameters; SearchStrategy: all) found beans of type 'org.springdoc.core.SwaggerUiConfigParameters' org.springdoc.core.SwaggerUiConfigParameters (OnBeanCondition)

   SwaggerConfig#swaggerUiHome:
      Did not match:
         - @ConditionalOnProperty (springdoc.swagger-ui.use-root-path=true) did not find property 'springdoc.swagger-ui.use-root-path' (OnPropertyCondition)

   SwaggerConfig.SwaggerActuatorWelcomeConfiguration:
      Did not match:
         - @ConditionalOnClass did not find required class 'org.springframework.boot.actuate.endpoint.web.servlet.WebMvcEndpointHandlerMapping' (OnClassCondition)

   TaskSchedulingAutoConfiguration#scheduledBeanLazyInitializationExcludeFilter:
      Did not match:
         - @ConditionalOnBean (names: org.springframework.context.annotation.internalScheduledAnnotationProcessor; SearchStrategy: all) did not find any beans named org.springframework.context.annotation.internalScheduledAnnotationProcessor (OnBeanCondition)

   TaskSchedulingAutoConfiguration#taskScheduler:
      Did not match:
         - @ConditionalOnBean (names: org.springframework.context.annotation.internalScheduledAnnotationProcessor; SearchStrategy: all) did not find any beans named org.springframework.context.annotation.internalScheduledAnnotationProcessor (OnBeanCondition)

   ThymeleafAutoConfiguration:
      Did not match:
         - @ConditionalOnClass did not find required class 'org.thymeleaf.spring5.SpringTemplateEngine' (OnClassCondition)

   TransactionAutoConfiguration#transactionalOperator:
      Did not match:
         - @ConditionalOnSingleCandidate (types: org.springframework.transaction.ReactiveTransactionManager; SearchStrategy: all) did not find any beans (OnBeanCondition)

   TransactionAutoConfiguration.AspectJTransactionManagementConfiguration:
      Did not match:
         - @ConditionalOnBean did not find required type 'org.springframework.transaction.aspectj.AbstractTransactionAspect' (OnBeanCondition)
         - @ConditionalOnBean (types: org.springframework.transaction.aspectj.AbstractTransactionAspect; SearchStrategy: all) did not find any beans of type org.springframework.transaction.aspectj.AbstractTransactionAspect (OnBeanCondition)

   TransactionAutoConfiguration.EnableTransactionManagementConfiguration.JdkDynamicAutoProxyConfiguration:
      Did not match:
         - @ConditionalOnProperty (spring.aop.proxy-target-class=false) did not find property 'proxy-target-class' (OnPropertyCondition)

   UserDetailsServiceAutoConfiguration:
      Did not match:
         - @ConditionalOnClass did not find required class 'org.springframework.security.authentication.AuthenticationManager' (OnClassCondition)

   WebClientAutoConfiguration:
      Did not match:
         - @ConditionalOnClass did not find required class 'org.springframework.web.reactive.function.client.WebClient' (OnClassCondition)

   WebFluxAutoConfiguration:
      Did not match:
         - @ConditionalOnClass did not find required class 'org.springframework.web.reactive.config.WebFluxConfigurer' (OnClassCondition)

   WebMvcAutoConfiguration#hiddenHttpMethodFilter:
      Did not match:
         - @ConditionalOnProperty (spring.mvc.hiddenmethod.filter.enabled) did not find property 'enabled' (OnPropertyCondition)

   WebMvcAutoConfiguration.ResourceChainCustomizerConfiguration:
      Did not match:
         - @ConditionalOnEnabledResourceChain did not find class org.webjars.WebJarAssetLocator (OnEnabledResourceChainCondition)

   WebMvcAutoConfiguration.WebMvcAutoConfigurationAdapter#beanNameViewResolver:
      Did not match:
         - @ConditionalOnMissingBean (types: org.springframework.web.servlet.view.BeanNameViewResolver; SearchStrategy: all) found beans of type 'org.springframework.web.servlet.view.BeanNameViewResolver' beanNameViewResolver (OnBeanCondition)

   WebServiceTemplateAutoConfiguration:
      Did not match:
         - @ConditionalOnClass did not find required class 'org.springframework.oxm.Marshaller' (OnClassCondition)

   WebServicesAutoConfiguration:
      Did not match:
         - @ConditionalOnClass did not find required class 'org.springframework.ws.transport.http.MessageDispatcherServlet' (OnClassCondition)

   WebSessionIdResolverAutoConfiguration:
      Did not match:
         - @ConditionalOnClass did not find required class 'reactor.core.publisher.Mono' (OnClassCondition)

   WebSocketMessagingAutoConfiguration:
      Did not match:
         - @ConditionalOnClass did not find required class 'org.springframework.web.socket.config.annotation.WebSocketMessageBrokerConfigurer' (OnClassCondition)

   WebSocketReactiveAutoConfiguration:
      Did not match:
         - @ConditionalOnWebApplication did not find reactive web application classes (OnWebApplicationCondition)

   WebSocketServletAutoConfiguration.Jetty10WebSocketConfiguration:
      Did not match:
         - @ConditionalOnClass did not find required classes 'org.eclipse.jetty.websocket.javax.server.internal.JavaxWebSocketServerContainer', 'org.eclipse.jetty.websocket.server.JettyWebSocketServerContainer' (OnClassCondition)

   WebSocketServletAutoConfiguration.JettyWebSocketConfiguration:
      Did not match:
         - @ConditionalOnClass did not find required class 'org.eclipse.jetty.websocket.jsr356.server.deploy.WebSocketServerContainerInitializer' (OnClassCondition)

   WebSocketServletAutoConfiguration.UndertowWebSocketConfiguration:
      Did not match:
         - @ConditionalOnClass did not find required class 'io.undertow.websockets.jsr.Bootstrap' (OnClassCondition)

   XADataSourceAutoConfiguration:
      Did not match:
         - @ConditionalOnClass did not find required class 'javax.transaction.TransactionManager' (OnClassCondition)


Exclusions:
-----------

    None


Unconditional classes:
----------------------

    org.springframework.boot.autoconfigure.context.ConfigurationPropertiesAutoConfiguration

    org.springframework.boot.autoconfigure.context.LifecycleAutoConfiguration

    org.springframework.boot.autoconfigure.context.PropertyPlaceholderAutoConfiguration

    org.springframework.boot.autoconfigure.availability.ApplicationAvailabilityAutoConfiguration

    org.springframework.boot.autoconfigure.info.ProjectInfoAutoConfiguration



2026-06-23 12:58:08.373  INFO 33512 --- [           main] c.e.T.TigoStarSystemApplication          : Started TigoStarSystemApplication in 12.621 seconds (JVM running for 13.384)
2026-06-23 12:58:08.376 DEBUG 33512 --- [           main] o.s.b.a.ApplicationAvailabilityBean      : Application availability state LivenessState changed to CORRECT
2026-06-23 12:58:08.378  INFO 33512 --- [           main] c.e.T.config.StartupInfoLogger           : spring.profiles.active=[]
2026-06-23 12:58:08.378  INFO 33512 --- [           main] c.e.T.config.StartupInfoLogger           : spring.datasource.url=jdbc:jtds:sqlserver://tigo.makiro.com.bo/BDSistemaAntenaPM
2026-06-23 12:58:08.378  INFO 33512 --- [           main] c.e.T.config.StartupInfoLogger           : spring.datasource.driver-class-name=net.sourceforge.jtds.jdbc.Driver
2026-06-23 12:58:08.378  INFO 33512 --- [           main] c.e.T.config.StartupInfoLogger           : app.central.datasource.url=jdbc:jtds:sqlserver://172.16.0.13/BDControlOrdenes
2026-06-23 12:58:08.378  INFO 33512 --- [           main] c.e.T.config.StartupInfoLogger           : app.central.datasource.driver-class-name=net.sourceforge.jtds.jdbc.Driver
2026-06-23 12:58:08.378  INFO 33512 --- [           main] c.e.T.config.StartupInfoLogger           : app.cuadrilla.mail.enabled=true
2026-06-23 12:58:08.378  INFO 33512 --- [           main] c.e.T.config.StartupInfoLogger           : app.cuadrilla.mail.to=cabrerajosue715@gmail.com
2026-06-23 12:58:08.378  INFO 33512 --- [           main] c.e.T.config.StartupInfoLogger           : app.cuadrilla.mail.from=sistemas_sc@makiro.com.bo
2026-06-23 12:58:08.378  INFO 33512 --- [           main] c.e.T.config.StartupInfoLogger           : spring.mail.host=vps-1537170-x.dattaweb.com
2026-06-23 12:58:08.378  INFO 33512 --- [           main] c.e.T.config.StartupInfoLogger           : spring.mail.port=587
2026-06-23 12:58:08.379  INFO 33512 --- [           main] c.e.T.config.StartupInfoLogger           : java.version=21.0.8
2026-06-23 12:58:08.379  INFO 33512 --- [           main] c.e.T.config.StartupInfoLogger           : java.home=C:\Program Files\Java\jdk-21
2026-06-23 12:58:08.379  INFO 33512 --- [           main] c.e.T.config.StartupInfoLogger           : java.security.properties=null
2026-06-23 12:58:08.379  INFO 33512 --- [           main] c.e.T.config.StartupInfoLogger           : jdk.tls.client.protocols=null
2026-06-23 12:58:08.379  INFO 33512 --- [           main] c.e.T.config.StartupInfoLogger           : https.protocols=null
2026-06-23 12:58:08.379  INFO 33512 --- [           main] c.e.T.config.StartupInfoLogger           : jdk.tls.disabledAlgorithms=SSLv3, TLSv1.1, DTLSv1.0, RC4, DES, MD5withRSA, DH keySize < 1024, EC keySize < 224, 3DES_EDE_CBC, anon, NULL, ECDH
2026-06-23 12:58:08.381 DEBUG 33512 --- [           main] o.s.b.a.ApplicationAvailabilityBean      : Application availability state ReadinessState changed to ACCEPTING_TRAFFIC
2026-06-23 12:58:24.136  INFO 33512 --- [nio-9060-exec-1] o.a.c.c.C.[Tomcat].[localhost].[/]       : Initializing Spring DispatcherServlet 'dispatcherServlet'
2026-06-23 12:58:24.136  INFO 33512 --- [nio-9060-exec-1] o.s.web.servlet.DispatcherServlet        : Initializing Servlet 'dispatcherServlet'
2026-06-23 12:58:24.136 DEBUG 33512 --- [nio-9060-exec-1] o.s.web.servlet.DispatcherServlet        : Detected StandardServletMultipartResolver
2026-06-23 12:58:24.136 DEBUG 33512 --- [nio-9060-exec-1] o.s.web.servlet.DispatcherServlet        : Detected AcceptHeaderLocaleResolver
2026-06-23 12:58:24.136 DEBUG 33512 --- [nio-9060-exec-1] o.s.web.servlet.DispatcherServlet        : Detected FixedThemeResolver
2026-06-23 12:58:24.137 DEBUG 33512 --- [nio-9060-exec-1] o.s.web.servlet.DispatcherServlet        : Detected org.springframework.web.servlet.view.DefaultRequestToViewNameTranslator@296bec59
2026-06-23 12:58:24.137 DEBUG 33512 --- [nio-9060-exec-1] o.s.web.servlet.DispatcherServlet        : Detected org.springframework.web.servlet.support.SessionFlashMapManager@15ef24bb
2026-06-23 12:58:24.137 DEBUG 33512 --- [nio-9060-exec-1] o.s.web.servlet.DispatcherServlet        : enableLoggingRequestDetails='false': request parameters and headers will be masked to prevent unsafe logging of potentially sensitive data
2026-06-23 12:58:24.137  INFO 33512 --- [nio-9060-exec-1] o.s.web.servlet.DispatcherServlet        : Completed initialization in 1 ms
2026-06-23 12:58:24.150 DEBUG 33512 --- [nio-9060-exec-1] o.s.web.servlet.DispatcherServlet        : GET "/auth/sucursales", parameters={}
2026-06-23 12:58:24.153 DEBUG 33512 --- [nio-9060-exec-1] s.w.s.m.m.a.RequestMappingHandlerMapping : Mapped to com.example.TigoStarSystem.auth.controller.AuthController#listarSucursales()
2026-06-23 12:58:24.205  INFO 33512 --- [nio-9060-exec-1] c.e.T.auth.controller.AuthController     : Request GET /auth/sucursales
2026-06-23 12:58:24.208 DEBUG 33512 --- [nio-9060-exec-1] o.s.jdbc.core.JdbcTemplate               : Executing SQL query [EXEC dbo.spx_ObtenerSucursalesConexionWeb]
2026-06-23 12:58:24.210 DEBUG 33512 --- [nio-9060-exec-1] o.s.jdbc.datasource.DataSourceUtils      : Fetching JDBC Connection from DataSource
2026-06-23 12:58:24.210 DEBUG 33512 --- [nio-9060-exec-1] com.zaxxer.hikari.HikariConfig           : HikariPool-1 - configuration:
2026-06-23 12:58:24.211 DEBUG 33512 --- [nio-9060-exec-1] com.zaxxer.hikari.HikariConfig           : allowPoolSuspension................................false
2026-06-23 12:58:24.211 DEBUG 33512 --- [nio-9060-exec-1] com.zaxxer.hikari.HikariConfig           : autoCommit................................true
2026-06-23 12:58:24.211 DEBUG 33512 --- [nio-9060-exec-1] com.zaxxer.hikari.HikariConfig           : catalog................................none
2026-06-23 12:58:24.211 DEBUG 33512 --- [nio-9060-exec-1] com.zaxxer.hikari.HikariConfig           : connectionInitSql................................none
2026-06-23 12:58:24.211 DEBUG 33512 --- [nio-9060-exec-1] com.zaxxer.hikari.HikariConfig           : connectionTestQuery................................"SELECT 1"
2026-06-23 12:58:24.211 DEBUG 33512 --- [nio-9060-exec-1] com.zaxxer.hikari.HikariConfig           : connectionTimeout................................15000
2026-06-23 12:58:24.211 DEBUG 33512 --- [nio-9060-exec-1] com.zaxxer.hikari.HikariConfig           : dataSource................................none
2026-06-23 12:58:24.211 DEBUG 33512 --- [nio-9060-exec-1] com.zaxxer.hikari.HikariConfig           : dataSourceClassName................................none
2026-06-23 12:58:24.211 DEBUG 33512 --- [nio-9060-exec-1] com.zaxxer.hikari.HikariConfig           : dataSourceJNDI................................none
2026-06-23 12:58:24.211 DEBUG 33512 --- [nio-9060-exec-1] com.zaxxer.hikari.HikariConfig           : dataSourceProperties................................{password=<masked>}
2026-06-23 12:58:24.211 DEBUG 33512 --- [nio-9060-exec-1] com.zaxxer.hikari.HikariConfig           : driverClassName................................"net.sourceforge.jtds.jdbc.Driver"
2026-06-23 12:58:24.211 DEBUG 33512 --- [nio-9060-exec-1] com.zaxxer.hikari.HikariConfig           : exceptionOverrideClassName................................none
2026-06-23 12:58:24.211 DEBUG 33512 --- [nio-9060-exec-1] com.zaxxer.hikari.HikariConfig           : healthCheckProperties................................{}
2026-06-23 12:58:24.211 DEBUG 33512 --- [nio-9060-exec-1] com.zaxxer.hikari.HikariConfig           : healthCheckRegistry................................none
2026-06-23 12:58:24.211 DEBUG 33512 --- [nio-9060-exec-1] com.zaxxer.hikari.HikariConfig           : idleTimeout................................300000
2026-06-23 12:58:24.211 DEBUG 33512 --- [nio-9060-exec-1] com.zaxxer.hikari.HikariConfig           : initializationFailTimeout................................-1
2026-06-23 12:58:24.212 DEBUG 33512 --- [nio-9060-exec-1] com.zaxxer.hikari.HikariConfig           : isolateInternalQueries................................false
2026-06-23 12:58:24.212 DEBUG 33512 --- [nio-9060-exec-1] com.zaxxer.hikari.HikariConfig           : jdbcUrl................................jdbc:jtds:sqlserver://tigo.makiro.com.bo/BDSistemaAntenaPM
2026-06-23 12:58:24.212 DEBUG 33512 --- [nio-9060-exec-1] com.zaxxer.hikari.HikariConfig           : keepaliveTime................................120000
2026-06-23 12:58:24.212 DEBUG 33512 --- [nio-9060-exec-1] com.zaxxer.hikari.HikariConfig           : leakDetectionThreshold................................0
2026-06-23 12:58:24.212 DEBUG 33512 --- [nio-9060-exec-1] com.zaxxer.hikari.HikariConfig           : maxLifetime................................900000
2026-06-23 12:58:24.212 DEBUG 33512 --- [nio-9060-exec-1] com.zaxxer.hikari.HikariConfig           : maximumPoolSize................................10
2026-06-23 12:58:24.212 DEBUG 33512 --- [nio-9060-exec-1] com.zaxxer.hikari.HikariConfig           : metricRegistry................................none
2026-06-23 12:58:24.212 DEBUG 33512 --- [nio-9060-exec-1] com.zaxxer.hikari.HikariConfig           : metricsTrackerFactory................................none
2026-06-23 12:58:24.212 DEBUG 33512 --- [nio-9060-exec-1] com.zaxxer.hikari.HikariConfig           : minimumIdle................................0
2026-06-23 12:58:24.212 DEBUG 33512 --- [nio-9060-exec-1] com.zaxxer.hikari.HikariConfig           : password................................<masked>
2026-06-23 12:58:24.212 DEBUG 33512 --- [nio-9060-exec-1] com.zaxxer.hikari.HikariConfig           : poolName................................"HikariPool-1"
2026-06-23 12:58:24.212 DEBUG 33512 --- [nio-9060-exec-1] com.zaxxer.hikari.HikariConfig           : readOnly................................false
2026-06-23 12:58:24.212 DEBUG 33512 --- [nio-9060-exec-1] com.zaxxer.hikari.HikariConfig           : registerMbeans................................false
2026-06-23 12:58:24.212 DEBUG 33512 --- [nio-9060-exec-1] com.zaxxer.hikari.HikariConfig           : scheduledExecutor................................none
2026-06-23 12:58:24.212 DEBUG 33512 --- [nio-9060-exec-1] com.zaxxer.hikari.HikariConfig           : schema................................none
2026-06-23 12:58:24.212 DEBUG 33512 --- [nio-9060-exec-1] com.zaxxer.hikari.HikariConfig           : threadFactory................................internal
2026-06-23 12:58:24.212 DEBUG 33512 --- [nio-9060-exec-1] com.zaxxer.hikari.HikariConfig           : transactionIsolation................................default
2026-06-23 12:58:24.212 DEBUG 33512 --- [nio-9060-exec-1] com.zaxxer.hikari.HikariConfig           : username................................"sistemas"
2026-06-23 12:58:24.212 DEBUG 33512 --- [nio-9060-exec-1] com.zaxxer.hikari.HikariConfig           : validationTimeout................................5000
2026-06-23 12:58:24.212  INFO 33512 --- [nio-9060-exec-1] com.zaxxer.hikari.HikariDataSource       : HikariPool-1 - Starting...
2026-06-23 12:58:24.213  INFO 33512 --- [nio-9060-exec-1] com.zaxxer.hikari.HikariDataSource       : HikariPool-1 - Start completed.
2026-06-23 12:58:24.326 DEBUG 33512 --- [l-1 housekeeper] com.zaxxer.hikari.pool.HikariPool        : HikariPool-1 - Before cleanup stats (total=0, active=0, idle=0, waiting=1)
2026-06-23 12:58:24.326 DEBUG 33512 --- [l-1 housekeeper] com.zaxxer.hikari.pool.HikariPool        : HikariPool-1 - After cleanup  stats (total=0, active=0, idle=0, waiting=1)
2026-06-23 12:58:24.326 DEBUG 33512 --- [l-1 housekeeper] com.zaxxer.hikari.pool.HikariPool        : HikariPool-1 - Fill pool skipped, pool is at sufficient level.
2026-06-23 12:58:24.336  INFO 33512 --- [onnection adder] com.zaxxer.hikari.pool.PoolBase          : HikariPool-1 - Driver does not support get/set network timeout for connections. (null)
2026-06-23 12:58:24.343 DEBUG 33512 --- [onnection adder] com.zaxxer.hikari.pool.HikariPool        : HikariPool-1 - Added connection net.sourceforge.jtds.jdbc.JtdsConnection@3719fb21
2026-06-23 12:58:24.427 DEBUG 33512 --- [nio-9060-exec-1] o.s.w.s.m.m.a.HttpEntityMethodProcessor  : Using 'application/json', given [application/json, text/plain, */*] and supported [application/json, application/*+json, application/json, application/*+json]
2026-06-23 12:58:24.428 DEBUG 33512 --- [nio-9060-exec-1] o.s.w.s.m.m.a.HttpEntityMethodProcessor  : Writing [com.example.TigoStarSystem.common.ApiResponse@7ff0a1cd]
2026-06-23 12:58:24.460 DEBUG 33512 --- [nio-9060-exec-1] o.s.web.servlet.DispatcherServlet        : Completed 200 OK
2026-06-23 12:58:26.048 DEBUG 33512 --- [nio-9060-exec-2] o.s.web.servlet.DispatcherServlet        : GET "/auth/sucursales", parameters={}
2026-06-23 12:58:26.049 DEBUG 33512 --- [nio-9060-exec-2] s.w.s.m.m.a.RequestMappingHandlerMapping : Mapped to com.example.TigoStarSystem.auth.controller.AuthController#listarSucursales()
2026-06-23 12:58:26.049  INFO 33512 --- [nio-9060-exec-2] c.e.T.auth.controller.AuthController     : Request GET /auth/sucursales
2026-06-23 12:58:26.049 DEBUG 33512 --- [nio-9060-exec-2] o.s.jdbc.core.JdbcTemplate               : Executing SQL query [EXEC dbo.spx_ObtenerSucursalesConexionWeb]
2026-06-23 12:58:26.050 DEBUG 33512 --- [nio-9060-exec-2] o.s.jdbc.datasource.DataSourceUtils      : Fetching JDBC Connection from DataSource
2026-06-23 12:58:26.056 DEBUG 33512 --- [nio-9060-exec-2] o.s.w.s.m.m.a.HttpEntityMethodProcessor  : Using 'application/json', given [*/*] and supported [application/json, application/*+json, application/json, application/*+json]
2026-06-23 12:58:26.056 DEBUG 33512 --- [nio-9060-exec-2] o.s.w.s.m.m.a.HttpEntityMethodProcessor  : Writing [com.example.TigoStarSystem.common.ApiResponse@b5a8384]
2026-06-23 12:58:26.058 DEBUG 33512 --- [nio-9060-exec-2] o.s.web.servlet.DispatcherServlet        : Completed 200 OK
2026-06-23 12:58:26.129 DEBUG 33512 --- [nio-9060-exec-3] o.s.web.servlet.DispatcherServlet        : POST "/auth/login", parameters={}
2026-06-23 12:58:26.129 DEBUG 33512 --- [nio-9060-exec-3] s.w.s.m.m.a.RequestMappingHandlerMapping : Mapped to com.example.TigoStarSystem.auth.controller.AuthController#login(AuthLoginRequest)
2026-06-23 12:58:26.182 DEBUG 33512 --- [nio-9060-exec-3] m.m.a.RequestResponseBodyMethodProcessor : Read "application/json;charset=utf-8" to [com.example.TigoStarSystem.auth.dto.AuthLoginRequest@9acfcf7]
2026-06-23 12:58:26.224  INFO 33512 --- [nio-9060-exec-3] c.e.T.auth.service.AuthService           : Login attempt usuario=gcoca, idSucursal=9, validarSucursal=false
2026-06-23 12:58:26.224 DEBUG 33512 --- [nio-9060-exec-3] o.s.jdbc.core.JdbcTemplate               : Executing SQL query [EXEC dbo.spx_ObtenerSucursalesConexionWeb]
2026-06-23 12:58:26.224 DEBUG 33512 --- [nio-9060-exec-3] o.s.jdbc.datasource.DataSourceUtils      : Fetching JDBC Connection from DataSource
2026-06-23 12:58:26.229 DEBUG 33512 --- [nio-9060-exec-3] c.e.T.auth.service.AuthService           : Sucursal resolved idSucursal=9, host=tigo.makiro.com.bo, baseDeDatos=BDSistemaAntenaPM
2026-06-23 12:58:26.232 DEBUG 33512 --- [nio-9060-exec-3] c.e.T.auth.service.AuthService           : Login target attempt=1 idSucursal=9, sucursal=SantaCruz, host=tigo.makiro.com.bo, baseDeDatos=BDSistemaAntenaPM
2026-06-23 12:58:26.232 DEBUG 33512 --- [nio-9060-exec-3] c.e.T.auth.service.AuthService           : Creating JDBC connection for sucursal host=tigo.makiro.com.bo baseDeDatos=BDSistemaAntenaPM
2026-06-23 12:58:26.233 DEBUG 33512 --- [nio-9060-exec-3] com.zaxxer.hikari.HikariConfig           : Driver class net.sourceforge.jtds.jdbc.Driver found in Thread context class loader TomcatEmbeddedWebappClassLoader
  context: ROOT
  delegate: true
----------> Parent Classloader:
jdk.internal.loader.ClassLoaders$AppClassLoader@70dea4e

2026-06-23 12:58:26.233 DEBUG 33512 --- [nio-9060-exec-3] com.zaxxer.hikari.HikariConfig           : ConnDb-SantaCruz - configuration:
2026-06-23 12:58:26.234 DEBUG 33512 --- [nio-9060-exec-3] com.zaxxer.hikari.HikariConfig           : allowPoolSuspension................................false
2026-06-23 12:58:26.234 DEBUG 33512 --- [nio-9060-exec-3] com.zaxxer.hikari.HikariConfig           : autoCommit................................true
2026-06-23 12:58:26.234 DEBUG 33512 --- [nio-9060-exec-3] com.zaxxer.hikari.HikariConfig           : catalog................................none
2026-06-23 12:58:26.234 DEBUG 33512 --- [nio-9060-exec-3] com.zaxxer.hikari.HikariConfig           : connectionInitSql................................none
2026-06-23 12:58:26.234 DEBUG 33512 --- [nio-9060-exec-3] com.zaxxer.hikari.HikariConfig           : connectionTestQuery................................"SELECT 1"
2026-06-23 12:58:26.234 DEBUG 33512 --- [nio-9060-exec-3] com.zaxxer.hikari.HikariConfig           : connectionTimeout................................30000
2026-06-23 12:58:26.234 DEBUG 33512 --- [nio-9060-exec-3] com.zaxxer.hikari.HikariConfig           : dataSource................................none
2026-06-23 12:58:26.234 DEBUG 33512 --- [nio-9060-exec-3] com.zaxxer.hikari.HikariConfig           : dataSourceClassName................................none
2026-06-23 12:58:26.234 DEBUG 33512 --- [nio-9060-exec-3] com.zaxxer.hikari.HikariConfig           : dataSourceJNDI................................none
2026-06-23 12:58:26.234 DEBUG 33512 --- [nio-9060-exec-3] com.zaxxer.hikari.HikariConfig           : dataSourceProperties................................{password=<masked>}
2026-06-23 12:58:26.234 DEBUG 33512 --- [nio-9060-exec-3] com.zaxxer.hikari.HikariConfig           : driverClassName................................"net.sourceforge.jtds.jdbc.Driver"
2026-06-23 12:58:26.234 DEBUG 33512 --- [nio-9060-exec-3] com.zaxxer.hikari.HikariConfig           : exceptionOverrideClassName................................none
2026-06-23 12:58:26.234 DEBUG 33512 --- [nio-9060-exec-3] com.zaxxer.hikari.HikariConfig           : healthCheckProperties................................{}
2026-06-23 12:58:26.234 DEBUG 33512 --- [nio-9060-exec-3] com.zaxxer.hikari.HikariConfig           : healthCheckRegistry................................none
2026-06-23 12:58:26.234 DEBUG 33512 --- [nio-9060-exec-3] com.zaxxer.hikari.HikariConfig           : idleTimeout................................600000
2026-06-23 12:58:26.234 DEBUG 33512 --- [nio-9060-exec-3] com.zaxxer.hikari.HikariConfig           : initializationFailTimeout................................-1
2026-06-23 12:58:26.234 DEBUG 33512 --- [nio-9060-exec-3] com.zaxxer.hikari.HikariConfig           : isolateInternalQueries................................false
2026-06-23 12:58:26.234 DEBUG 33512 --- [nio-9060-exec-3] com.zaxxer.hikari.HikariConfig           : jdbcUrl................................jdbc:jtds:sqlserver://tigo.makiro.com.bo/BDSistemaAntenaPM
2026-06-23 12:58:26.235 DEBUG 33512 --- [nio-9060-exec-3] com.zaxxer.hikari.HikariConfig           : keepaliveTime................................0
2026-06-23 12:58:26.235 DEBUG 33512 --- [nio-9060-exec-3] com.zaxxer.hikari.HikariConfig           : leakDetectionThreshold................................0
2026-06-23 12:58:26.235 DEBUG 33512 --- [nio-9060-exec-3] com.zaxxer.hikari.HikariConfig           : maxLifetime................................1800000
2026-06-23 12:58:26.235 DEBUG 33512 --- [nio-9060-exec-3] com.zaxxer.hikari.HikariConfig           : maximumPoolSize................................5
2026-06-23 12:58:26.235 DEBUG 33512 --- [nio-9060-exec-3] com.zaxxer.hikari.HikariConfig           : metricRegistry................................none
2026-06-23 12:58:26.235 DEBUG 33512 --- [nio-9060-exec-3] com.zaxxer.hikari.HikariConfig           : metricsTrackerFactory................................none
2026-06-23 12:58:26.235 DEBUG 33512 --- [nio-9060-exec-3] com.zaxxer.hikari.HikariConfig           : minimumIdle................................0
2026-06-23 12:58:26.235 DEBUG 33512 --- [nio-9060-exec-3] com.zaxxer.hikari.HikariConfig           : password................................<masked>
2026-06-23 12:58:26.235 DEBUG 33512 --- [nio-9060-exec-3] com.zaxxer.hikari.HikariConfig           : poolName................................"ConnDb-SantaCruz"
2026-06-23 12:58:26.236 DEBUG 33512 --- [nio-9060-exec-3] com.zaxxer.hikari.HikariConfig           : readOnly................................false
2026-06-23 12:58:26.236 DEBUG 33512 --- [nio-9060-exec-3] com.zaxxer.hikari.HikariConfig           : registerMbeans................................false
2026-06-23 12:58:26.236 DEBUG 33512 --- [nio-9060-exec-3] com.zaxxer.hikari.HikariConfig           : scheduledExecutor................................none
2026-06-23 12:58:26.236 DEBUG 33512 --- [nio-9060-exec-3] com.zaxxer.hikari.HikariConfig           : schema................................none
2026-06-23 12:58:26.236 DEBUG 33512 --- [nio-9060-exec-3] com.zaxxer.hikari.HikariConfig           : threadFactory................................internal
2026-06-23 12:58:26.236 DEBUG 33512 --- [nio-9060-exec-3] com.zaxxer.hikari.HikariConfig           : transactionIsolation................................default
2026-06-23 12:58:26.236 DEBUG 33512 --- [nio-9060-exec-3] com.zaxxer.hikari.HikariConfig           : username................................"sistemas"
2026-06-23 12:58:26.236 DEBUG 33512 --- [nio-9060-exec-3] com.zaxxer.hikari.HikariConfig           : validationTimeout................................5000
2026-06-23 12:58:26.236  INFO 33512 --- [nio-9060-exec-3] com.zaxxer.hikari.HikariDataSource       : ConnDb-SantaCruz - Starting...
2026-06-23 12:58:26.237  INFO 33512 --- [nio-9060-exec-3] com.zaxxer.hikari.HikariDataSource       : ConnDb-SantaCruz - Start completed.
2026-06-23 12:58:26.238 DEBUG 33512 --- [nio-9060-exec-3] c.e.T.auth.service.AuthService           : Calling SP dbo.spx_ValidarUsuario
2026-06-23 12:58:26.243 DEBUG 33512 --- [nio-9060-exec-3] o.s.jdbc.core.JdbcTemplate               : Executing prepared SQL query
2026-06-23 12:58:26.244 DEBUG 33512 --- [nio-9060-exec-3] o.s.jdbc.core.JdbcTemplate               : Executing prepared SQL statement [EXEC dbo.spx_ValidarUsuario ?, ?]
2026-06-23 12:58:26.244 DEBUG 33512 --- [nio-9060-exec-3] o.s.jdbc.datasource.DataSourceUtils      : Fetching JDBC Connection from DataSource
2026-06-23 12:58:26.258  INFO 33512 --- [onnection adder] com.zaxxer.hikari.pool.PoolBase          : ConnDb-SantaCruz - Driver does not support get/set network timeout for connections. (null)
2026-06-23 12:58:26.261 DEBUG 33512 --- [onnection adder] com.zaxxer.hikari.pool.HikariPool        : ConnDb-SantaCruz - Added connection net.sourceforge.jtds.jdbc.JtdsConnection@734f5dc7
2026-06-23 12:58:26.274 DEBUG 33512 --- [nio-9060-exec-3] c.e.T.auth.service.AuthService           : Login SP returned 1 rows
2026-06-23 12:58:26.349 DEBUG 33512 --- [ruz housekeeper] com.zaxxer.hikari.pool.HikariPool        : ConnDb-SantaCruz - Before cleanup stats (total=1, active=0, idle=1, waiting=0)
2026-06-23 12:58:26.349 DEBUG 33512 --- [ruz housekeeper] com.zaxxer.hikari.pool.HikariPool        : ConnDb-SantaCruz - After cleanup  stats (total=1, active=0, idle=1, waiting=0)
2026-06-23 12:58:26.349 DEBUG 33512 --- [ruz housekeeper] com.zaxxer.hikari.pool.HikariPool        : ConnDb-SantaCruz - Fill pool skipped, pool is at sufficient level.
2026-06-23 12:58:26.412  INFO 33512 --- [nio-9060-exec-3] c.e.T.auth.controller.AuthController     : User {} logged in successfully.
2026-06-23 12:58:26.413 DEBUG 33512 --- [nio-9060-exec-3] o.s.w.s.m.m.a.HttpEntityMethodProcessor  : Using 'application/json', given [*/*] and supported [application/json, application/*+json, application/json, application/*+json]
2026-06-23 12:58:26.413 DEBUG 33512 --- [nio-9060-exec-3] o.s.w.s.m.m.a.HttpEntityMethodProcessor  : Writing [com.example.TigoStarSystem.common.ApiResponse@5039a076]
2026-06-23 12:58:26.416 DEBUG 33512 --- [nio-9060-exec-3] o.s.web.servlet.DispatcherServlet        : Completed 200 OK
2026-06-23 12:58:26.455 DEBUG 33512 --- [nio-9060-exec-4] o.s.web.servlet.DispatcherServlet        : GET "/auth/permisos", parameters={}
2026-06-23 12:58:26.456 DEBUG 33512 --- [nio-9060-exec-4] s.w.s.m.m.a.RequestMappingHandlerMapping : Mapped to com.example.TigoStarSystem.auth.controller.AuthPermisosController#permisos(String)
2026-06-23 12:58:26.482 DEBUG 33512 --- [nio-9060-exec-4] o.s.jdbc.core.JdbcTemplate               : Executing prepared SQL query
2026-06-23 12:58:26.482 DEBUG 33512 --- [nio-9060-exec-4] o.s.jdbc.core.JdbcTemplate               : Executing prepared SQL statement [SELECT TOP 1 CAST(ut.id AS INT) AS id_usuario_tecnico FROM dbo.tbl_UsuarioTecnico ut WHERE (ut.id_usuario = ? OR ut.idusuario = ? OR ut.id_tecnico = ? OR ut.idtecnico = ?)   AND ISNULL(ut.e_eliminado, 0) = 0]
2026-06-23 12:58:26.482 DEBUG 33512 --- [nio-9060-exec-4] o.s.jdbc.datasource.DataSourceUtils      : Fetching JDBC Connection from DataSource
2026-06-23 12:58:26.539  INFO 33512 --- [onnection adder] com.zaxxer.hikari.pool.PoolBase          : TigoHogarHikariPool - Driver does not support get/set network timeout for connections. (null)
2026-06-23 12:58:26.543 DEBUG 33512 --- [onnection adder] com.zaxxer.hikari.pool.HikariPool        : TigoHogarHikariPool - Added connection net.sourceforge.jtds.jdbc.JtdsConnection@56081bb4
2026-06-23 12:58:26.736 DEBUG 33512 --- [nio-9060-exec-4] o.s.jdbc.datasource.DataSourceUtils      : Fetching JDBC Connection from DataSource
2026-06-23 12:58:26.743 DEBUG 33512 --- [nio-9060-exec-4] o.s.jdbc.core.JdbcTemplate               : Executing prepared SQL query
2026-06-23 12:58:26.743 DEBUG 33512 --- [nio-9060-exec-4] o.s.jdbc.core.JdbcTemplate               : Executing prepared SQL statement [SELECT TOP 1 CAST(ut.Id AS INT) AS id_usuario_tecnico FROM dbo.tbl_UsuarioTecnico ut WHERE (ut.Id_Usuario = ? OR ut.IdUsuario = ? OR ut.Id_Tecnico = ? OR ut.IdTecnico = ?)   AND ISNULL(ut.E_Eliminado, 0) = 0]
2026-06-23 12:58:26.744 DEBUG 33512 --- [nio-9060-exec-4] o.s.jdbc.datasource.DataSourceUtils      : Fetching JDBC Connection from DataSource
2026-06-23 12:58:26.755 DEBUG 33512 --- [nio-9060-exec-4] o.s.jdbc.core.JdbcTemplate               : Executing prepared SQL query
2026-06-23 12:58:26.755 DEBUG 33512 --- [nio-9060-exec-4] o.s.jdbc.core.JdbcTemplate               : Executing prepared SQL statement [SELECT TOP 1 CAST(ut.id AS INT) AS id_usuario_tecnico FROM dbo.tbl_usuariotecnico ut WHERE (ut.id_usuario = ? OR ut.idusuario = ? OR ut.id_tecnico = ? OR ut.idtecnico = ?)   AND ISNULL(ut.e_eliminado, 0) = 0]
2026-06-23 12:58:26.755 DEBUG 33512 --- [nio-9060-exec-4] o.s.jdbc.datasource.DataSourceUtils      : Fetching JDBC Connection from DataSource
2026-06-23 12:58:26.762 DEBUG 33512 --- [nio-9060-exec-4] o.s.jdbc.core.JdbcTemplate               : Executing prepared SQL query
2026-06-23 12:58:26.762 DEBUG 33512 --- [nio-9060-exec-4] o.s.jdbc.core.JdbcTemplate               : Executing prepared SQL statement [SELECT TOP 1 CAST(ut.id AS INT) AS id_usuario_tecnico FROM dbo.tbl_usuaritecnico ut WHERE (ut.id_usuario = ? OR ut.idusuario = ? OR ut.id_tecnico = ? OR ut.idtecnico = ?)   AND ISNULL(ut.e_eliminado, 0) = 0]
2026-06-23 12:58:26.762 DEBUG 33512 --- [nio-9060-exec-4] o.s.jdbc.datasource.DataSourceUtils      : Fetching JDBC Connection from DataSource
2026-06-23 12:58:26.771 DEBUG 33512 --- [nio-9060-exec-4] o.s.jdbc.core.JdbcTemplate               : Executing prepared SQL query
2026-06-23 12:58:26.771 DEBUG 33512 --- [nio-9060-exec-4] o.s.jdbc.core.JdbcTemplate               : Executing prepared SQL statement [SELECT TOP 1 CAST(ut.id_vendedor AS INT) AS id_vendedor FROM dbo.tbl_UsuarioTecnico ut WHERE (ut.id_usuario = ? OR ut.idusuario = ? OR ut.id = ? OR ut.id_tecnico = ? OR ut.idtecnico = ?)   AND ISNULL(ut.e_eliminado, 0) = 0 AND ut.id_vendedor IS NOT NULL]
2026-06-23 12:58:26.771 DEBUG 33512 --- [nio-9060-exec-4] o.s.jdbc.datasource.DataSourceUtils      : Fetching JDBC Connection from DataSource
2026-06-23 12:58:26.779 DEBUG 33512 --- [nio-9060-exec-4] o.s.jdbc.core.JdbcTemplate               : Executing prepared SQL query
2026-06-23 12:58:26.779 DEBUG 33512 --- [nio-9060-exec-4] o.s.jdbc.core.JdbcTemplate               : Executing prepared SQL statement [SELECT TOP 1 CAST(ut.Id_Vendedor AS INT) AS id_vendedor FROM dbo.tbl_UsuarioTecnico ut WHERE (ut.Id_Usuario = ? OR ut.IdUsuario = ? OR ut.Id = ? OR ut.Id_Tecnico = ? OR ut.IdTecnico = ?)   AND ISNULL(ut.E_Eliminado, 0) = 0 AND ut.Id_Vendedor IS NOT NULL]
2026-06-23 12:58:26.779 DEBUG 33512 --- [nio-9060-exec-4] o.s.jdbc.datasource.DataSourceUtils      : Fetching JDBC Connection from DataSource
2026-06-23 12:58:26.789 DEBUG 33512 --- [nio-9060-exec-4] o.s.jdbc.core.JdbcTemplate               : Executing prepared SQL query
2026-06-23 12:58:26.789 DEBUG 33512 --- [nio-9060-exec-4] o.s.jdbc.core.JdbcTemplate               : Executing prepared SQL statement [SELECT TOP 1 CAST(ut.idvendedor AS INT) AS id_vendedor FROM dbo.tbl_usuariotecnico ut WHERE (ut.id_usuario = ? OR ut.idusuario = ? OR ut.id = ? OR ut.id_tecnico = ? OR ut.idtecnico = ?)   AND ISNULL(ut.e_eliminado, 0) = 0 AND ut.idvendedor IS NOT NULL]
2026-06-23 12:58:26.789 DEBUG 33512 --- [nio-9060-exec-4] o.s.jdbc.datasource.DataSourceUtils      : Fetching JDBC Connection from DataSource
2026-06-23 12:58:26.807 DEBUG 33512 --- [nio-9060-exec-4] o.s.jdbc.core.JdbcTemplate               : Executing prepared SQL query
2026-06-23 12:58:26.807 DEBUG 33512 --- [nio-9060-exec-4] o.s.jdbc.core.JdbcTemplate               : Executing prepared SQL statement [SELECT TOP 1 g.id_grupo, ISNULL(g.supervisor_ausente, 0) AS supervisor_ausente, gb.id_grupo_backup, gb.id_usuario_tecnico_temporal, ISNULL(gb.e_activo, 0) AS backup_activo, gb.fecha_inicio, gs.id_usuario AS id_usuario_supervisor FROM dbo.tbl_Grupo g LEFT JOIN dbo.tbl_GrupoSup gs ON gs.id_grupo = g.id_grupo LEFT JOIN dbo.tbl_GrupoBackup gb        ON gb.id_grupo = g.id_grupo       AND ISNULL(gb.e_activo, 0) = 1 WHERE ISNULL(g.e_eliminado, 0) = 0   AND (gs.id_usuario = ? OR gb.id_usuario_tecnico_temporal = ? OR gb.id_usuario_tecnico_temporal = ? OR gb.id_usuario_tecnico_temporal = ?) ORDER BY CASE WHEN gb.id_usuario_tecnico_temporal = ? THEN 0               WHEN gb.id_usuario_tecnico_temporal = ? THEN 1               WHEN gb.id_usuario_tecnico_temporal = ? THEN 2 ELSE 3 END,          gb.id_grupo_backup DESC, g.id_grupo DESC]
2026-06-23 12:58:26.807 DEBUG 33512 --- [nio-9060-exec-4] o.s.jdbc.datasource.DataSourceUtils      : Fetching JDBC Connection from DataSource
2026-06-23 12:58:26.838 DEBUG 33512 --- [nio-9060-exec-4] o.s.jdbc.core.JdbcTemplate               : Executing prepared SQL query
2026-06-23 12:58:26.838 DEBUG 33512 --- [nio-9060-exec-4] o.s.jdbc.core.JdbcTemplate               : Executing prepared SQL statement [SELECT TOP 1 CAST(ut.id AS INT) AS id_usuario_tecnico FROM dbo.tbl_UsuarioTecnico ut WHERE (ut.id_usuario = ? OR ut.idusuario = ? OR ut.id_tecnico = ? OR ut.idtecnico = ?)   AND ISNULL(ut.e_eliminado, 0) = 0]
2026-06-23 12:58:26.838 DEBUG 33512 --- [nio-9060-exec-4] o.s.jdbc.datasource.DataSourceUtils      : Fetching JDBC Connection from DataSource
2026-06-23 12:58:26.917 DEBUG 33512 --- [nio-9060-exec-4] o.s.jdbc.datasource.DataSourceUtils      : Fetching JDBC Connection from DataSource
2026-06-23 12:58:26.919 DEBUG 33512 --- [nio-9060-exec-4] o.s.jdbc.core.JdbcTemplate               : Executing prepared SQL query
2026-06-23 12:58:26.919 DEBUG 33512 --- [nio-9060-exec-4] o.s.jdbc.core.JdbcTemplate               : Executing prepared SQL statement [SELECT TOP 1 CAST(ut.Id AS INT) AS id_usuario_tecnico FROM dbo.tbl_UsuarioTecnico ut WHERE (ut.Id_Usuario = ? OR ut.IdUsuario = ? OR ut.Id_Tecnico = ? OR ut.IdTecnico = ?)   AND ISNULL(ut.E_Eliminado, 0) = 0]
2026-06-23 12:58:26.919 DEBUG 33512 --- [nio-9060-exec-4] o.s.jdbc.datasource.DataSourceUtils      : Fetching JDBC Connection from DataSource
2026-06-23 12:58:26.925 DEBUG 33512 --- [nio-9060-exec-4] o.s.jdbc.core.JdbcTemplate               : Executing prepared SQL query
2026-06-23 12:58:26.925 DEBUG 33512 --- [nio-9060-exec-4] o.s.jdbc.core.JdbcTemplate               : Executing prepared SQL statement [SELECT TOP 1 CAST(ut.id AS INT) AS id_usuario_tecnico FROM dbo.tbl_usuariotecnico ut WHERE (ut.id_usuario = ? OR ut.idusuario = ? OR ut.id_tecnico = ? OR ut.idtecnico = ?)   AND ISNULL(ut.e_eliminado, 0) = 0]
2026-06-23 12:58:26.925 DEBUG 33512 --- [nio-9060-exec-4] o.s.jdbc.datasource.DataSourceUtils      : Fetching JDBC Connection from DataSource
2026-06-23 12:58:26.931 DEBUG 33512 --- [nio-9060-exec-4] o.s.jdbc.core.JdbcTemplate               : Executing prepared SQL query
2026-06-23 12:58:26.931 DEBUG 33512 --- [nio-9060-exec-4] o.s.jdbc.core.JdbcTemplate               : Executing prepared SQL statement [SELECT TOP 1 CAST(ut.id AS INT) AS id_usuario_tecnico FROM dbo.tbl_usuaritecnico ut WHERE (ut.id_usuario = ? OR ut.idusuario = ? OR ut.id_tecnico = ? OR ut.idtecnico = ?)   AND ISNULL(ut.e_eliminado, 0) = 0]
2026-06-23 12:58:26.931 DEBUG 33512 --- [nio-9060-exec-4] o.s.jdbc.datasource.DataSourceUtils      : Fetching JDBC Connection from DataSource
2026-06-23 12:58:26.937 DEBUG 33512 --- [nio-9060-exec-4] o.s.jdbc.core.JdbcTemplate               : Executing prepared SQL query
2026-06-23 12:58:26.938 DEBUG 33512 --- [nio-9060-exec-4] o.s.jdbc.core.JdbcTemplate               : Executing prepared SQL statement [SELECT TOP 1 CAST(ut.id_vendedor AS INT) AS id_vendedor FROM dbo.tbl_UsuarioTecnico ut WHERE (ut.id_usuario = ? OR ut.idusuario = ? OR ut.id = ? OR ut.id_tecnico = ? OR ut.idtecnico = ?)   AND ISNULL(ut.e_eliminado, 0) = 0 AND ut.id_vendedor IS NOT NULL]
2026-06-23 12:58:26.938 DEBUG 33512 --- [nio-9060-exec-4] o.s.jdbc.datasource.DataSourceUtils      : Fetching JDBC Connection from DataSource
2026-06-23 12:58:26.944 DEBUG 33512 --- [nio-9060-exec-4] o.s.jdbc.core.JdbcTemplate               : Executing prepared SQL query
2026-06-23 12:58:26.945 DEBUG 33512 --- [nio-9060-exec-4] o.s.jdbc.core.JdbcTemplate               : Executing prepared SQL statement [SELECT TOP 1 CAST(ut.Id_Vendedor AS INT) AS id_vendedor FROM dbo.tbl_UsuarioTecnico ut WHERE (ut.Id_Usuario = ? OR ut.IdUsuario = ? OR ut.Id = ? OR ut.Id_Tecnico = ? OR ut.IdTecnico = ?)   AND ISNULL(ut.E_Eliminado, 0) = 0 AND ut.Id_Vendedor IS NOT NULL]
2026-06-23 12:58:26.945 DEBUG 33512 --- [nio-9060-exec-4] o.s.jdbc.datasource.DataSourceUtils      : Fetching JDBC Connection from DataSource
2026-06-23 12:58:26.956 DEBUG 33512 --- [nio-9060-exec-4] o.s.jdbc.core.JdbcTemplate               : Executing prepared SQL query
2026-06-23 12:58:26.957 DEBUG 33512 --- [nio-9060-exec-4] o.s.jdbc.core.JdbcTemplate               : Executing prepared SQL statement [SELECT TOP 1 CAST(ut.idvendedor AS INT) AS id_vendedor FROM dbo.tbl_usuariotecnico ut WHERE (ut.id_usuario = ? OR ut.idusuario = ? OR ut.id = ? OR ut.id_tecnico = ? OR ut.idtecnico = ?)   AND ISNULL(ut.e_eliminado, 0) = 0 AND ut.idvendedor IS NOT NULL]
2026-06-23 12:58:26.957 DEBUG 33512 --- [nio-9060-exec-4] o.s.jdbc.datasource.DataSourceUtils      : Fetching JDBC Connection from DataSource
2026-06-23 12:58:26.968 DEBUG 33512 --- [nio-9060-exec-4] o.s.jdbc.core.JdbcTemplate               : Executing prepared SQL query
2026-06-23 12:58:26.968 DEBUG 33512 --- [nio-9060-exec-4] o.s.jdbc.core.JdbcTemplate               : Executing prepared SQL statement [SELECT TOP 1 g.id_grupo, ISNULL(g.supervisor_ausente, 0) AS supervisor_ausente, gb.id_grupo_backup, gb.id_usuario_tecnico_temporal, ISNULL(gb.e_activo, 0) AS backup_activo, gb.fecha_inicio, gs.id_usuario AS id_usuario_supervisor FROM dbo.tbl_Grupo g LEFT JOIN dbo.tbl_GrupoSup gs ON gs.id_grupo = g.id_grupo LEFT JOIN dbo.tbl_GrupoBackup gb        ON gb.id_grupo = g.id_grupo       AND ISNULL(gb.e_activo, 0) = 1 WHERE ISNULL(g.e_eliminado, 0) = 0   AND (gs.id_usuario = ? OR gb.id_usuario_tecnico_temporal = ? OR gb.id_usuario_tecnico_temporal = ? OR gb.id_usuario_tecnico_temporal = ?) ORDER BY CASE WHEN gb.id_usuario_tecnico_temporal = ? THEN 0               WHEN gb.id_usuario_tecnico_temporal = ? THEN 1               WHEN gb.id_usuario_tecnico_temporal = ? THEN 2 ELSE 3 END,          gb.id_grupo_backup DESC, g.id_grupo DESC]
2026-06-23 12:58:26.968 DEBUG 33512 --- [nio-9060-exec-4] o.s.jdbc.datasource.DataSourceUtils      : Fetching JDBC Connection from DataSource
2026-06-23 12:58:26.985 DEBUG 33512 --- [nio-9060-exec-4] o.s.jdbc.core.JdbcTemplate               : Executing SQL update [IF OBJECT_ID('dbo.backup_temporal', 'U') IS NULL BEGIN CREATE TABLE dbo.backup_temporal (id_backup_temporal INT IDENTITY(1,1) NOT NULL PRIMARY KEY, id_usuario INT NOT NULL, id_grupo INT NULL, id_rol_temporal INT NOT NULL, e_activo BIT NOT NULL CONSTRAINT DF_backup_temporal_e_activo DEFAULT(1), fecha_inicio DATETIME NOT NULL CONSTRAINT DF_backup_temporal_fecha_inicio DEFAULT(GETDATE()), fecha_fin DATETIME NULL, fecha_registro DATETIME NOT NULL CONSTRAINT DF_backup_temporal_fecha_registro DEFAULT(GETDATE()), fecha_actualizacion DATETIME NULL); END]
2026-06-23 12:58:26.986 DEBUG 33512 --- [nio-9060-exec-4] o.s.jdbc.datasource.DataSourceUtils      : Fetching JDBC Connection from DataSource
2026-06-23 12:58:26.989 DEBUG 33512 --- [nio-9060-exec-4] o.s.jdbc.core.JdbcTemplate               : Executing SQL update [IF COL_LENGTH('dbo.backup_temporal', 'id_grupo') IS NULL BEGIN ALTER TABLE dbo.backup_temporal ADD id_grupo INT NULL; END]
2026-06-23 12:58:26.989 DEBUG 33512 --- [nio-9060-exec-4] o.s.jdbc.datasource.DataSourceUtils      : Fetching JDBC Connection from DataSource
2026-06-23 12:58:26.992 DEBUG 33512 --- [nio-9060-exec-4] o.s.jdbc.core.JdbcTemplate               : Executing SQL update [IF NOT EXISTS (SELECT 1 FROM sys.indexes WHERE object_id = OBJECT_ID('dbo.backup_temporal')   AND name = 'IX_backup_temporal_usuario_activo') BEGIN CREATE INDEX IX_backup_temporal_usuario_activo ON dbo.backup_temporal(id_usuario, e_activo, fecha_fin); END]
2026-06-23 12:58:26.992 DEBUG 33512 --- [nio-9060-exec-4] o.s.jdbc.datasource.DataSourceUtils      : Fetching JDBC Connection from DataSource
2026-06-23 12:58:26.996 DEBUG 33512 --- [nio-9060-exec-4] o.s.jdbc.core.JdbcTemplate               : Executing prepared SQL query
2026-06-23 12:58:26.996 DEBUG 33512 --- [nio-9060-exec-4] o.s.jdbc.core.JdbcTemplate               : Executing prepared SQL statement [SELECT TOP 1 CAST(ut.id AS INT) AS alt_id FROM dbo.tbl_UsuarioTecnico ut WHERE (ut.id_usuario = ? OR ut.idusuario = ? OR ut.id_tecnico = ? OR ut.idtecnico = ?)   AND ISNULL(ut.e_eliminado, 0) = 0]
2026-06-23 12:58:26.996 DEBUG 33512 --- [nio-9060-exec-4] o.s.jdbc.datasource.DataSourceUtils      : Fetching JDBC Connection from DataSource
2026-06-23 12:58:27.007 DEBUG 33512 --- [nio-9060-exec-4] o.s.jdbc.core.JdbcTemplate               : Executing prepared SQL query
2026-06-23 12:58:27.007 DEBUG 33512 --- [nio-9060-exec-4] o.s.jdbc.core.JdbcTemplate               : Executing prepared SQL statement [SELECT TOP 1 CAST(ut.id_vendedor AS INT) AS alt_id FROM dbo.tbl_UsuarioTecnico ut WHERE (ut.id_usuario = ? OR ut.idusuario = ? OR ut.id_tecnico = ? OR ut.idtecnico = ?)   AND ISNULL(ut.e_eliminado, 0) = 0   AND ut.id_vendedor IS NOT NULL]
2026-06-23 12:58:27.007 DEBUG 33512 --- [nio-9060-exec-4] o.s.jdbc.datasource.DataSourceUtils      : Fetching JDBC Connection from DataSource
2026-06-23 12:58:27.016 DEBUG 33512 --- [nio-9060-exec-4] o.s.jdbc.core.JdbcTemplate               : Executing prepared SQL query
2026-06-23 12:58:27.016 DEBUG 33512 --- [nio-9060-exec-4] o.s.jdbc.core.JdbcTemplate               : Executing prepared SQL statement [SELECT TOP 1 CAST(ut.Id AS INT) AS alt_id FROM dbo.tbl_UsuarioTecnico ut WHERE (ut.Id_Usuario = ? OR ut.IdUsuario = ? OR ut.Id_Tecnico = ? OR ut.IdTecnico = ?)   AND ISNULL(ut.E_Eliminado, 0) = 0]
2026-06-23 12:58:27.016 DEBUG 33512 --- [nio-9060-exec-4] o.s.jdbc.datasource.DataSourceUtils      : Fetching JDBC Connection from DataSource
2026-06-23 12:58:27.027 DEBUG 33512 --- [nio-9060-exec-4] o.s.jdbc.core.JdbcTemplate               : Executing prepared SQL query
2026-06-23 12:58:27.027 DEBUG 33512 --- [nio-9060-exec-4] o.s.jdbc.core.JdbcTemplate               : Executing prepared SQL statement [SELECT TOP 1 CAST(ut.Id_Vendedor AS INT) AS alt_id FROM dbo.tbl_UsuarioTecnico ut WHERE (ut.Id_Usuario = ? OR ut.IdUsuario = ? OR ut.Id_Tecnico = ? OR ut.IdTecnico = ?)   AND ISNULL(ut.E_Eliminado, 0) = 0   AND ut.Id_Vendedor IS NOT NULL]
2026-06-23 12:58:27.027 DEBUG 33512 --- [nio-9060-exec-4] o.s.jdbc.datasource.DataSourceUtils      : Fetching JDBC Connection from DataSource
2026-06-23 12:58:27.035 DEBUG 33512 --- [nio-9060-exec-4] o.s.jdbc.core.JdbcTemplate               : Executing prepared SQL query
2026-06-23 12:58:27.036 DEBUG 33512 --- [nio-9060-exec-4] o.s.jdbc.core.JdbcTemplate               : Executing prepared SQL statement [SELECT TOP 1 CAST(ut.id AS INT) AS alt_id FROM dbo.tbl_usuariotecnico ut WHERE (ut.id_usuario = ? OR ut.idusuario = ? OR ut.id_tecnico = ? OR ut.idtecnico = ?)   AND ISNULL(ut.e_eliminado, 0) = 0]
2026-06-23 12:58:27.036 DEBUG 33512 --- [nio-9060-exec-4] o.s.jdbc.datasource.DataSourceUtils      : Fetching JDBC Connection from DataSource
2026-06-23 12:58:27.045 DEBUG 33512 --- [nio-9060-exec-4] o.s.jdbc.core.JdbcTemplate               : Executing prepared SQL query
2026-06-23 12:58:27.045 DEBUG 33512 --- [nio-9060-exec-4] o.s.jdbc.core.JdbcTemplate               : Executing prepared SQL statement [SELECT TOP 1 CAST(ut.id_vendedor AS INT) AS alt_id FROM dbo.tbl_usuariotecnico ut WHERE (ut.id_usuario = ? OR ut.idusuario = ? OR ut.id_tecnico = ? OR ut.idtecnico = ?)   AND ISNULL(ut.e_eliminado, 0) = 0   AND ut.id_vendedor IS NOT NULL]
2026-06-23 12:58:27.045 DEBUG 33512 --- [nio-9060-exec-4] o.s.jdbc.datasource.DataSourceUtils      : Fetching JDBC Connection from DataSource
2026-06-23 12:58:27.052 DEBUG 33512 --- [nio-9060-exec-4] o.s.jdbc.core.JdbcTemplate               : Executing prepared SQL query
2026-06-23 12:58:27.053 DEBUG 33512 --- [nio-9060-exec-4] o.s.jdbc.core.JdbcTemplate               : Executing prepared SQL statement [SELECT TOP 1 CAST(ut.id AS INT) AS alt_id FROM dbo.tbl_UsuarioTecnico ut WHERE (ut.id_usuario = ? OR ut.idusuario = ? OR ut.id_tecnico = ? OR ut.idtecnico = ?)   AND ISNULL(ut.e_eliminado, 0) = 0]
2026-06-23 12:58:27.053 DEBUG 33512 --- [nio-9060-exec-4] o.s.jdbc.datasource.DataSourceUtils      : Fetching JDBC Connection from DataSource
2026-06-23 12:58:27.056 DEBUG 33512 --- [nio-9060-exec-4] o.s.jdbc.core.JdbcTemplate               : Executing prepared SQL query
2026-06-23 12:58:27.056 DEBUG 33512 --- [nio-9060-exec-4] o.s.jdbc.core.JdbcTemplate               : Executing prepared SQL statement [SELECT TOP 1 CAST(ut.id_vendedor AS INT) AS alt_id FROM dbo.tbl_UsuarioTecnico ut WHERE (ut.id_usuario = ? OR ut.idusuario = ? OR ut.id_tecnico = ? OR ut.idtecnico = ?)   AND ISNULL(ut.e_eliminado, 0) = 0   AND ut.id_vendedor IS NOT NULL]
2026-06-23 12:58:27.056 DEBUG 33512 --- [nio-9060-exec-4] o.s.jdbc.datasource.DataSourceUtils      : Fetching JDBC Connection from DataSource
2026-06-23 12:58:27.060 DEBUG 33512 --- [nio-9060-exec-4] o.s.jdbc.core.JdbcTemplate               : Executing prepared SQL query
2026-06-23 12:58:27.060 DEBUG 33512 --- [nio-9060-exec-4] o.s.jdbc.core.JdbcTemplate               : Executing prepared SQL statement [SELECT TOP 1 CAST(ut.Id AS INT) AS alt_id FROM dbo.tbl_UsuarioTecnico ut WHERE (ut.Id_Usuario = ? OR ut.IdUsuario = ? OR ut.Id_Tecnico = ? OR ut.IdTecnico = ?)   AND ISNULL(ut.E_Eliminado, 0) = 0]
2026-06-23 12:58:27.060 DEBUG 33512 --- [nio-9060-exec-4] o.s.jdbc.datasource.DataSourceUtils      : Fetching JDBC Connection from DataSource
2026-06-23 12:58:27.064 DEBUG 33512 --- [nio-9060-exec-4] o.s.jdbc.core.JdbcTemplate               : Executing prepared SQL query
2026-06-23 12:58:27.064 DEBUG 33512 --- [nio-9060-exec-4] o.s.jdbc.core.JdbcTemplate               : Executing prepared SQL statement [SELECT TOP 1 CAST(ut.Id_Vendedor AS INT) AS alt_id FROM dbo.tbl_UsuarioTecnico ut WHERE (ut.Id_Usuario = ? OR ut.IdUsuario = ? OR ut.Id_Tecnico = ? OR ut.IdTecnico = ?)   AND ISNULL(ut.E_Eliminado, 0) = 0   AND ut.Id_Vendedor IS NOT NULL]
2026-06-23 12:58:27.064 DEBUG 33512 --- [nio-9060-exec-4] o.s.jdbc.datasource.DataSourceUtils      : Fetching JDBC Connection from DataSource
2026-06-23 12:58:27.071 DEBUG 33512 --- [nio-9060-exec-4] o.s.jdbc.core.JdbcTemplate               : Executing prepared SQL query
2026-06-23 12:58:27.071 DEBUG 33512 --- [nio-9060-exec-4] o.s.jdbc.core.JdbcTemplate               : Executing prepared SQL statement [SELECT TOP 1 CAST(ut.id AS INT) AS alt_id FROM dbo.tbl_usuariotecnico ut WHERE (ut.id_usuario = ? OR ut.idusuario = ? OR ut.id_tecnico = ? OR ut.idtecnico = ?)   AND ISNULL(ut.e_eliminado, 0) = 0]
2026-06-23 12:58:27.071 DEBUG 33512 --- [nio-9060-exec-4] o.s.jdbc.datasource.DataSourceUtils      : Fetching JDBC Connection from DataSource
2026-06-23 12:58:27.074 DEBUG 33512 --- [nio-9060-exec-4] o.s.jdbc.core.JdbcTemplate               : Executing prepared SQL query
2026-06-23 12:58:27.074 DEBUG 33512 --- [nio-9060-exec-4] o.s.jdbc.core.JdbcTemplate               : Executing prepared SQL statement [SELECT TOP 1 CAST(ut.id_vendedor AS INT) AS alt_id FROM dbo.tbl_usuariotecnico ut WHERE (ut.id_usuario = ? OR ut.idusuario = ? OR ut.id_tecnico = ? OR ut.idtecnico = ?)   AND ISNULL(ut.e_eliminado, 0) = 0   AND ut.id_vendedor IS NOT NULL]
2026-06-23 12:58:27.074 DEBUG 33512 --- [nio-9060-exec-4] o.s.jdbc.datasource.DataSourceUtils      : Fetching JDBC Connection from DataSource
2026-06-23 12:58:27.077 DEBUG 33512 --- [nio-9060-exec-4] o.s.jdbc.core.JdbcTemplate               : Executing prepared SQL query
2026-06-23 12:58:27.077 DEBUG 33512 --- [nio-9060-exec-4] o.s.jdbc.core.JdbcTemplate               : Executing prepared SQL statement [SELECT TOP 1 CAST(ut.id AS INT) AS alt_id FROM dbo.tbl_UsuarioTecnico ut WHERE (ut.id_usuario = ? OR ut.idusuario = ? OR ut.id_tecnico = ? OR ut.idtecnico = ?)   AND ISNULL(ut.e_eliminado, 0) = 0]
2026-06-23 12:58:27.077 DEBUG 33512 --- [nio-9060-exec-4] o.s.jdbc.datasource.DataSourceUtils      : Fetching JDBC Connection from DataSource
2026-06-23 12:58:27.087 DEBUG 33512 --- [nio-9060-exec-4] o.s.jdbc.core.JdbcTemplate               : Executing prepared SQL query
2026-06-23 12:58:27.087 DEBUG 33512 --- [nio-9060-exec-4] o.s.jdbc.core.JdbcTemplate               : Executing prepared SQL statement [SELECT TOP 1 CAST(ut.id_vendedor AS INT) AS alt_id FROM dbo.tbl_UsuarioTecnico ut WHERE (ut.id_usuario = ? OR ut.idusuario = ? OR ut.id_tecnico = ? OR ut.idtecnico = ?)   AND ISNULL(ut.e_eliminado, 0) = 0   AND ut.id_vendedor IS NOT NULL]
2026-06-23 12:58:27.087 DEBUG 33512 --- [nio-9060-exec-4] o.s.jdbc.datasource.DataSourceUtils      : Fetching JDBC Connection from DataSource
2026-06-23 12:58:27.095 DEBUG 33512 --- [nio-9060-exec-4] o.s.jdbc.core.JdbcTemplate               : Executing prepared SQL query
2026-06-23 12:58:27.096 DEBUG 33512 --- [nio-9060-exec-4] o.s.jdbc.core.JdbcTemplate               : Executing prepared SQL statement [SELECT TOP 1 CAST(ut.Id AS INT) AS alt_id FROM dbo.tbl_UsuarioTecnico ut WHERE (ut.Id_Usuario = ? OR ut.IdUsuario = ? OR ut.Id_Tecnico = ? OR ut.IdTecnico = ?)   AND ISNULL(ut.E_Eliminado, 0) = 0]
2026-06-23 12:58:27.096 DEBUG 33512 --- [nio-9060-exec-4] o.s.jdbc.datasource.DataSourceUtils      : Fetching JDBC Connection from DataSource
2026-06-23 12:58:27.107 DEBUG 33512 --- [nio-9060-exec-4] o.s.jdbc.core.JdbcTemplate               : Executing prepared SQL query
2026-06-23 12:58:27.107 DEBUG 33512 --- [nio-9060-exec-4] o.s.jdbc.core.JdbcTemplate               : Executing prepared SQL statement [SELECT TOP 1 CAST(ut.Id_Vendedor AS INT) AS alt_id FROM dbo.tbl_UsuarioTecnico ut WHERE (ut.Id_Usuario = ? OR ut.IdUsuario = ? OR ut.Id_Tecnico = ? OR ut.IdTecnico = ?)   AND ISNULL(ut.E_Eliminado, 0) = 0   AND ut.Id_Vendedor IS NOT NULL]
2026-06-23 12:58:27.107 DEBUG 33512 --- [nio-9060-exec-4] o.s.jdbc.datasource.DataSourceUtils      : Fetching JDBC Connection from DataSource
2026-06-23 12:58:27.115 DEBUG 33512 --- [nio-9060-exec-4] o.s.jdbc.core.JdbcTemplate               : Executing prepared SQL query
2026-06-23 12:58:27.115 DEBUG 33512 --- [nio-9060-exec-4] o.s.jdbc.core.JdbcTemplate               : Executing prepared SQL statement [SELECT TOP 1 CAST(ut.id AS INT) AS alt_id FROM dbo.tbl_usuariotecnico ut WHERE (ut.id_usuario = ? OR ut.idusuario = ? OR ut.id_tecnico = ? OR ut.idtecnico = ?)   AND ISNULL(ut.e_eliminado, 0) = 0]
2026-06-23 12:58:27.115 DEBUG 33512 --- [nio-9060-exec-4] o.s.jdbc.datasource.DataSourceUtils      : Fetching JDBC Connection from DataSource
2026-06-23 12:58:27.129 DEBUG 33512 --- [nio-9060-exec-4] o.s.jdbc.core.JdbcTemplate               : Executing prepared SQL query
2026-06-23 12:58:27.130 DEBUG 33512 --- [nio-9060-exec-4] o.s.jdbc.core.JdbcTemplate               : Executing prepared SQL statement [SELECT TOP 1 CAST(ut.id_vendedor AS INT) AS alt_id FROM dbo.tbl_usuariotecnico ut WHERE (ut.id_usuario = ? OR ut.idusuario = ? OR ut.id_tecnico = ? OR ut.idtecnico = ?)   AND ISNULL(ut.e_eliminado, 0) = 0   AND ut.id_vendedor IS NOT NULL]
2026-06-23 12:58:27.130 DEBUG 33512 --- [nio-9060-exec-4] o.s.jdbc.datasource.DataSourceUtils      : Fetching JDBC Connection from DataSource
2026-06-23 12:58:27.147 DEBUG 33512 --- [nio-9060-exec-4] o.s.jdbc.core.JdbcTemplate               : Executing prepared SQL query
2026-06-23 12:58:27.147 DEBUG 33512 --- [nio-9060-exec-4] o.s.jdbc.core.JdbcTemplate               : Executing prepared SQL statement [SELECT TOP 1 1 AS ok FROM dbo.backup_temporal bt WHERE bt.id_usuario = ?   AND ISNULL(bt.e_activo, 1) = 1   AND (bt.fecha_fin IS NULL OR bt.fecha_fin > GETDATE()) ORDER BY bt.id_backup_temporal DESC]
2026-06-23 12:58:27.147 DEBUG 33512 --- [nio-9060-exec-4] o.s.jdbc.datasource.DataSourceUtils      : Fetching JDBC Connection from DataSource
2026-06-23 12:58:27.181  INFO 33512 --- [nio-9060-exec-4] c.e.T.p.service.PrivilegioService        : [PERMISOS] idUsuarioSesion=82, rolSesion=BackOffice_v, backupContexto=false, backupTemporal=false, idGrupo=null, idSupervisorContexto=null, idRolPermisos=6, idUsuarioPermisos=82
2026-06-23 12:58:27.181 DEBUG 33512 --- [nio-9060-exec-4] o.s.jdbc.core.JdbcTemplate               : Executing SQL query [EXEC dbo.spx_ObtenerPrivilegiosRoles]
2026-06-23 12:58:27.181 DEBUG 33512 --- [nio-9060-exec-4] o.s.jdbc.datasource.DataSourceUtils      : Fetching JDBC Connection from DataSource
2026-06-23 12:58:27.197  INFO 33512 --- [onnection adder] com.zaxxer.hikari.pool.PoolBase          : CentralHikariPool - Driver does not support get/set network timeout for connections. (null)
2026-06-23 12:58:27.201 DEBUG 33512 --- [onnection adder] com.zaxxer.hikari.pool.HikariPool        : CentralHikariPool - Added connection net.sourceforge.jtds.jdbc.JtdsConnection@3c7ebce3
2026-06-23 12:58:27.210 DEBUG 33512 --- [nio-9060-exec-4] o.s.jdbc.core.JdbcTemplate               : Executing prepared SQL query
2026-06-23 12:58:27.210 DEBUG 33512 --- [nio-9060-exec-4] o.s.jdbc.core.JdbcTemplate               : Executing prepared SQL statement [EXEC dbo.spx_ObtenerPrivilegiosRolDetalle ?]
2026-06-23 12:58:27.210 DEBUG 33512 --- [nio-9060-exec-4] o.s.jdbc.datasource.DataSourceUtils      : Fetching JDBC Connection from DataSource
2026-06-23 12:58:27.272 DEBUG 33512 --- [nio-9060-exec-4] o.s.w.s.m.m.a.HttpEntityMethodProcessor  : Using 'application/json', given [*/*] and supported [application/json, application/*+json, application/json, application/*+json]
2026-06-23 12:58:27.272 DEBUG 33512 --- [nio-9060-exec-4] o.s.w.s.m.m.a.HttpEntityMethodProcessor  : Writing [com.example.TigoStarSystem.common.ApiResponse@75858df9]
2026-06-23 12:58:27.278 DEBUG 33512 --- [nio-9060-exec-4] o.s.web.servlet.DispatcherServlet        : Completed 200 OK
2026-06-23 12:58:27.377 DEBUG 33512 --- [nio-9060-exec-5] o.s.web.servlet.DispatcherServlet        : GET "/backoffice/supervision/jornadas/historico?fecha=2026-06-23&sucursal=SantaCruz", parameters={masked}
2026-06-23 12:58:27.377 DEBUG 33512 --- [nio-9060-exec-5] s.w.s.m.m.a.RequestMappingHandlerMapping : Mapped to com.example.TigoStarSystem.supervision.controller.BackOfficeSupervisionController#listarHistoricoJornadas(String, LocalDate, String, Integer)
2026-06-23 12:58:27.404 DEBUG 33512 --- [nio-9060-exec-5] o.s.jdbc.core.JdbcTemplate               : Executing prepared SQL query
2026-06-23 12:58:27.404 DEBUG 33512 --- [nio-9060-exec-5] o.s.jdbc.core.JdbcTemplate               : Executing prepared SQL statement [WITH tecnicos AS (   SELECT c.sucursal, c.grupo, c.idUsuarioSupervisor, c.supervisorACargo, CAST(c.id_tecnico AS INT) AS idTecnico, c.tecnico AS tecnico, c.fecha, c.fechaRegistro, c.id   FROM dbo.tbl_ConformacionCuadrillaDiario c WHERE ISNULL(c.e_eliminado, 0) = 0   AND (? IS NULL OR LOWER(REPLACE(REPLACE(REPLACE(LTRIM(RTRIM(ISNULL(c.sucursal, ''))), '_', ''), '-', ''), ' ', '')) =                   LOWER(REPLACE(REPLACE(REPLACE(?, '_', ''), '-', ''), ' ', '')))   AND (? IS NULL OR CAST(c.idUsuarioSupervisor AS INT) = ?)     AND c.id_tecnico IS NOT NULL AND c.id_tecnico > 0   UNION ALL   SELECT c.sucursal, c.grupo, c.idUsuarioSupervisor, c.supervisorACargo, CAST(c.id_tecnicoAuxiliar AS INT) AS idTecnico, c.auxiliar AS tecnico, c.fecha, c.fechaRegistro, c.id   FROM dbo.tbl_ConformacionCuadrillaDiario c WHERE ISNULL(c.e_eliminado, 0) = 0   AND (? IS NULL OR LOWER(REPLACE(REPLACE(REPLACE(LTRIM(RTRIM(ISNULL(c.sucursal, ''))), '_', ''), '-', ''), ' ', '')) =                   LOWER(REPLACE(REPLACE(REPLACE(?, '_', ''), '-', ''), ' ', '')))   AND (? IS NULL OR CAST(c.idUsuarioSupervisor AS INT) = ?)     AND c.id_tecnicoAuxiliar IS NOT NULL AND c.id_tecnicoAuxiliar > 0 ), ranked AS (   SELECT *, ROW_NUMBER() OVER (PARTITION BY idTecnico ORDER BY ISNULL(fecha, '19000101') DESC, ISNULL(fechaRegistro, '19000101') DESC, id DESC) AS rn   FROM tecnicos ) SELECT CAST(idTecnico AS INT) AS idTecnico, CAST(idTecnico AS INT) AS id_tecnico, tecnico AS tecnicoNombre, tecnico,        sucursal, grupo, CAST(idUsuarioSupervisor AS INT) AS idSupervisor, supervisorACargo AS supervisorNombre FROM ranked WHERE rn = 1 ORDER BY sucursal, grupo, tecnico]
2026-06-23 12:58:27.404 DEBUG 33512 --- [nio-9060-exec-5] o.s.jdbc.datasource.DataSourceUtils      : Fetching JDBC Connection from DataSource
2026-06-23 12:58:27.435 DEBUG 33512 --- [nio-9060-exec-5] o.s.jdbc.core.JdbcTemplate               : Executing prepared SQL query
2026-06-23 12:58:27.435 DEBUG 33512 --- [nio-9060-exec-5] o.s.jdbc.core.JdbcTemplate               : Executing prepared SQL statement [SELECT * FROM dbo.tbl_InicioJornadaAlturas ij WHERE CAST(ij.fecha_registro AS DATE) = ?   AND ISNULL(ij.e_eliminado, 0) = 0  AND ij.id_tecnico IN (?,?,?,?,?,?,?,?,?,?,?,?,?,?,?,?,?,?,?,?,?,?,?,?,?,?,?,?,?,?,?,?,?,?,?,?,?,?,?,?,?,?,?,?,?) ORDER BY ij.fecha_registro ASC, ij.id_inicio ASC]
2026-06-23 12:58:27.435 DEBUG 33512 --- [nio-9060-exec-5] o.s.jdbc.datasource.DataSourceUtils      : Fetching JDBC Connection from DataSource
2026-06-23 12:58:30.564 DEBUG 33512 --- [nio-9060-exec-5] o.s.jdbc.core.JdbcTemplate               : Executing SQL query [EXEC dbo.spx_ObtenerSucursalesConexion]
2026-06-23 12:58:30.565 DEBUG 33512 --- [nio-9060-exec-5] o.s.jdbc.datasource.DataSourceUtils      : Fetching JDBC Connection from DataSource
2026-06-23 12:58:30.588 DEBUG 33512 --- [nio-9060-exec-5] com.zaxxer.hikari.HikariConfig           : Driver class net.sourceforge.jtds.jdbc.Driver found in Thread context class loader TomcatEmbeddedWebappClassLoader
  context: ROOT
  delegate: true
----------> Parent Classloader:
jdk.internal.loader.ClassLoaders$AppClassLoader@70dea4e

2026-06-23 12:58:30.589 DEBUG 33512 --- [nio-9060-exec-5] com.zaxxer.hikari.HikariConfig           : ConnDb-sucursal-9 - configuration:
2026-06-23 12:58:30.592 DEBUG 33512 --- [nio-9060-exec-5] com.zaxxer.hikari.HikariConfig           : allowPoolSuspension................................false
2026-06-23 12:58:30.592 DEBUG 33512 --- [nio-9060-exec-5] com.zaxxer.hikari.HikariConfig           : autoCommit................................true
2026-06-23 12:58:30.592 DEBUG 33512 --- [nio-9060-exec-5] com.zaxxer.hikari.HikariConfig           : catalog................................none
2026-06-23 12:58:30.592 DEBUG 33512 --- [nio-9060-exec-5] com.zaxxer.hikari.HikariConfig           : connectionInitSql................................none
2026-06-23 12:58:30.592 DEBUG 33512 --- [nio-9060-exec-5] com.zaxxer.hikari.HikariConfig           : connectionTestQuery................................"SELECT 1"
2026-06-23 12:58:30.592 DEBUG 33512 --- [nio-9060-exec-5] com.zaxxer.hikari.HikariConfig           : connectionTimeout................................30000
2026-06-23 12:58:30.592 DEBUG 33512 --- [nio-9060-exec-5] com.zaxxer.hikari.HikariConfig           : dataSource................................none
2026-06-23 12:58:30.592 DEBUG 33512 --- [nio-9060-exec-5] com.zaxxer.hikari.HikariConfig           : dataSourceClassName................................none
2026-06-23 12:58:30.593 DEBUG 33512 --- [nio-9060-exec-5] com.zaxxer.hikari.HikariConfig           : dataSourceJNDI................................none
2026-06-23 12:58:30.593 DEBUG 33512 --- [nio-9060-exec-5] com.zaxxer.hikari.HikariConfig           : dataSourceProperties................................{password=<masked>}
2026-06-23 12:58:30.593 DEBUG 33512 --- [nio-9060-exec-5] com.zaxxer.hikari.HikariConfig           : driverClassName................................"net.sourceforge.jtds.jdbc.Driver"
2026-06-23 12:58:30.593 DEBUG 33512 --- [nio-9060-exec-5] com.zaxxer.hikari.HikariConfig           : exceptionOverrideClassName................................none
2026-06-23 12:58:30.593 DEBUG 33512 --- [nio-9060-exec-5] com.zaxxer.hikari.HikariConfig           : healthCheckProperties................................{}
2026-06-23 12:58:30.593 DEBUG 33512 --- [nio-9060-exec-5] com.zaxxer.hikari.HikariConfig           : healthCheckRegistry................................none
2026-06-23 12:58:30.593 DEBUG 33512 --- [nio-9060-exec-5] com.zaxxer.hikari.HikariConfig           : idleTimeout................................600000
2026-06-23 12:58:30.593 DEBUG 33512 --- [nio-9060-exec-5] com.zaxxer.hikari.HikariConfig           : initializationFailTimeout................................-1
2026-06-23 12:58:30.593 DEBUG 33512 --- [nio-9060-exec-5] com.zaxxer.hikari.HikariConfig           : isolateInternalQueries................................false
2026-06-23 12:58:30.594 DEBUG 33512 --- [nio-9060-exec-5] com.zaxxer.hikari.HikariConfig           : jdbcUrl................................jdbc:jtds:sqlserver://tigo.makiro.com.bo/BDSistemaAntenaPM
2026-06-23 12:58:30.594 DEBUG 33512 --- [nio-9060-exec-5] com.zaxxer.hikari.HikariConfig           : keepaliveTime................................0
2026-06-23 12:58:30.594 DEBUG 33512 --- [nio-9060-exec-5] com.zaxxer.hikari.HikariConfig           : leakDetectionThreshold................................0
2026-06-23 12:58:30.595 DEBUG 33512 --- [nio-9060-exec-5] com.zaxxer.hikari.HikariConfig           : maxLifetime................................1800000
2026-06-23 12:58:30.595 DEBUG 33512 --- [nio-9060-exec-5] com.zaxxer.hikari.HikariConfig           : maximumPoolSize................................5
2026-06-23 12:58:30.595 DEBUG 33512 --- [nio-9060-exec-5] com.zaxxer.hikari.HikariConfig           : metricRegistry................................none
2026-06-23 12:58:30.595 DEBUG 33512 --- [nio-9060-exec-5] com.zaxxer.hikari.HikariConfig           : metricsTrackerFactory................................none
2026-06-23 12:58:30.595 DEBUG 33512 --- [nio-9060-exec-5] com.zaxxer.hikari.HikariConfig           : minimumIdle................................0
2026-06-23 12:58:30.595 DEBUG 33512 --- [nio-9060-exec-5] com.zaxxer.hikari.HikariConfig           : password................................<masked>
2026-06-23 12:58:30.595 DEBUG 33512 --- [nio-9060-exec-5] com.zaxxer.hikari.HikariConfig           : poolName................................"ConnDb-sucursal-9"
2026-06-23 12:58:30.595 DEBUG 33512 --- [nio-9060-exec-5] com.zaxxer.hikari.HikariConfig           : readOnly................................false
2026-06-23 12:58:30.595 DEBUG 33512 --- [nio-9060-exec-5] com.zaxxer.hikari.HikariConfig           : registerMbeans................................false
2026-06-23 12:58:30.595 DEBUG 33512 --- [nio-9060-exec-5] com.zaxxer.hikari.HikariConfig           : scheduledExecutor................................none
2026-06-23 12:58:30.595 DEBUG 33512 --- [nio-9060-exec-5] com.zaxxer.hikari.HikariConfig           : schema................................none
2026-06-23 12:58:30.595 DEBUG 33512 --- [nio-9060-exec-5] com.zaxxer.hikari.HikariConfig           : threadFactory................................internal
2026-06-23 12:58:30.595 DEBUG 33512 --- [nio-9060-exec-5] com.zaxxer.hikari.HikariConfig           : transactionIsolation................................default
2026-06-23 12:58:30.595 DEBUG 33512 --- [nio-9060-exec-5] com.zaxxer.hikari.HikariConfig           : username................................"sistemas"
2026-06-23 12:58:30.595 DEBUG 33512 --- [nio-9060-exec-5] com.zaxxer.hikari.HikariConfig           : validationTimeout................................5000
2026-06-23 12:58:30.597  INFO 33512 --- [nio-9060-exec-5] com.zaxxer.hikari.HikariDataSource       : ConnDb-sucursal-9 - Starting...
2026-06-23 12:58:30.598  INFO 33512 --- [nio-9060-exec-5] com.zaxxer.hikari.HikariDataSource       : ConnDb-sucursal-9 - Start completed.
2026-06-23 12:58:30.599 DEBUG 33512 --- [nio-9060-exec-5] o.s.jdbc.core.JdbcTemplate               : Executing SQL query [EXEC dbo.spx_ObtenerSucursalesConexion]
2026-06-23 12:58:30.599 DEBUG 33512 --- [nio-9060-exec-5] o.s.jdbc.datasource.DataSourceUtils      : Fetching JDBC Connection from DataSource
2026-06-23 12:58:30.621 DEBUG 33512 --- [nio-9060-exec-5] o.s.jdbc.core.JdbcTemplate               : Executing SQL query [EXEC dbo.SP_Usuario_ListarActivosBasico]
2026-06-23 12:58:30.621 DEBUG 33512 --- [nio-9060-exec-5] o.s.jdbc.datasource.DataSourceUtils      : Fetching JDBC Connection from DataSource
2026-06-23 12:58:30.640  INFO 33512 --- [onnection adder] com.zaxxer.hikari.pool.PoolBase          : ConnDb-sucursal-9 - Driver does not support get/set network timeout for connections. (null)
2026-06-23 12:58:30.643 DEBUG 33512 --- [onnection adder] com.zaxxer.hikari.pool.HikariPool        : ConnDb-sucursal-9 - Added connection net.sourceforge.jtds.jdbc.JtdsConnection@4aae504b
2026-06-23 12:58:30.651 DEBUG 33512 --- [nio-9060-exec-5] o.s.jdbc.core.JdbcTemplate               : Executing prepared SQL query
2026-06-23 12:58:30.651 DEBUG 33512 --- [nio-9060-exec-5] o.s.jdbc.core.JdbcTemplate               : Executing prepared SQL statement [SELECT * FROM dbo.tbl_InicioJornadaAlturas WHERE id_inicio IN (?)]
2026-06-23 12:58:30.651 DEBUG 33512 --- [nio-9060-exec-5] o.s.jdbc.datasource.DataSourceUtils      : Fetching JDBC Connection from DataSource
2026-06-23 12:58:30.712 DEBUG 33512 --- [l-9 housekeeper] com.zaxxer.hikari.pool.HikariPool        : ConnDb-sucursal-9 - Before cleanup stats (total=1, active=0, idle=1, waiting=0)
2026-06-23 12:58:30.712 DEBUG 33512 --- [l-9 housekeeper] com.zaxxer.hikari.pool.HikariPool        : ConnDb-sucursal-9 - After cleanup  stats (total=1, active=0, idle=1, waiting=0)
2026-06-23 12:58:30.712 DEBUG 33512 --- [l-9 housekeeper] com.zaxxer.hikari.pool.HikariPool        : ConnDb-sucursal-9 - Fill pool skipped, pool is at sufficient level.
2026-06-23 12:58:33.127 DEBUG 33512 --- [nio-9060-exec-5] o.s.w.s.m.m.a.HttpEntityMethodProcessor  : Using 'application/json', given [*/*] and supported [application/json, application/*+json, application/json, application/*+json]
2026-06-23 12:58:33.127 DEBUG 33512 --- [nio-9060-exec-5] o.s.w.s.m.m.a.HttpEntityMethodProcessor  : Writing [com.example.TigoStarSystem.common.ApiResponse@1ae310b7]
2026-06-23 12:58:33.191 DEBUG 33512 --- [nio-9060-exec-5] o.s.web.servlet.DispatcherServlet        : Completed 200 OK
2026-06-23 12:58:33.576 DEBUG 33512 --- [nio-9060-exec-8] o.s.web.servlet.DispatcherServlet        : GET "/auth/sucursales", parameters={}
2026-06-23 12:58:33.577 DEBUG 33512 --- [nio-9060-exec-8] s.w.s.m.m.a.RequestMappingHandlerMapping : Mapped to com.example.TigoStarSystem.auth.controller.AuthController#listarSucursales()
2026-06-23 12:58:33.578  INFO 33512 --- [nio-9060-exec-8] c.e.T.auth.controller.AuthController     : Request GET /auth/sucursales
2026-06-23 12:58:33.578 DEBUG 33512 --- [nio-9060-exec-8] o.s.jdbc.core.JdbcTemplate               : Executing SQL query [EXEC dbo.spx_ObtenerSucursalesConexionWeb]
2026-06-23 12:58:33.578 DEBUG 33512 --- [nio-9060-exec-8] o.s.jdbc.datasource.DataSourceUtils      : Fetching JDBC Connection from DataSource
2026-06-23 12:58:33.584 DEBUG 33512 --- [io-9060-exec-10] o.s.web.servlet.DispatcherServlet        : POST "/auth/login", parameters={}
2026-06-23 12:58:33.585 DEBUG 33512 --- [io-9060-exec-10] s.w.s.m.m.a.RequestMappingHandlerMapping : Mapped to com.example.TigoStarSystem.auth.controller.AuthController#login(AuthLoginRequest)
2026-06-23 12:58:33.586 DEBUG 33512 --- [nio-9060-exec-8] o.s.w.s.m.m.a.HttpEntityMethodProcessor  : Using 'application/json', given [application/json, text/plain, */*] and supported [application/json, application/*+json, application/json, application/*+json]
2026-06-23 12:58:33.586 DEBUG 33512 --- [nio-9060-exec-8] o.s.w.s.m.m.a.HttpEntityMethodProcessor  : Writing [com.example.TigoStarSystem.common.ApiResponse@6e29a783]
2026-06-23 12:58:33.586 DEBUG 33512 --- [io-9060-exec-10] m.m.a.RequestResponseBodyMethodProcessor : Read "application/json;charset=UTF-8" to [com.example.TigoStarSystem.auth.dto.AuthLoginRequest@29af01a0]
2026-06-23 12:58:33.587  INFO 33512 --- [io-9060-exec-10] c.e.T.auth.service.AuthService           : Login attempt usuario=gcoca, idSucursal=9, validarSucursal=false
2026-06-23 12:58:33.587 DEBUG 33512 --- [nio-9060-exec-8] o.s.web.servlet.DispatcherServlet        : Completed 200 OK
2026-06-23 12:58:33.587 DEBUG 33512 --- [io-9060-exec-10] o.s.jdbc.core.JdbcTemplate               : Executing SQL query [EXEC dbo.spx_ObtenerSucursalesConexionWeb]
2026-06-23 12:58:33.587 DEBUG 33512 --- [io-9060-exec-10] o.s.jdbc.datasource.DataSourceUtils      : Fetching JDBC Connection from DataSource
2026-06-23 12:58:33.592 DEBUG 33512 --- [io-9060-exec-10] c.e.T.auth.service.AuthService           : Sucursal resolved idSucursal=9, host=tigo.makiro.com.bo, baseDeDatos=BDSistemaAntenaPM
2026-06-23 12:58:33.592 DEBUG 33512 --- [io-9060-exec-10] c.e.T.auth.service.AuthService           : Login target attempt=1 idSucursal=9, sucursal=SantaCruz, host=tigo.makiro.com.bo, baseDeDatos=BDSistemaAntenaPM
2026-06-23 12:58:33.592 DEBUG 33512 --- [io-9060-exec-10] c.e.T.auth.service.AuthService           : Creating JDBC connection for sucursal host=tigo.makiro.com.bo baseDeDatos=BDSistemaAntenaPM
2026-06-23 12:58:33.592 DEBUG 33512 --- [io-9060-exec-10] c.e.T.auth.service.AuthService           : Calling SP dbo.spx_ValidarUsuario
2026-06-23 12:58:33.592 DEBUG 33512 --- [io-9060-exec-10] o.s.jdbc.core.JdbcTemplate               : Executing prepared SQL query
2026-06-23 12:58:33.592 DEBUG 33512 --- [io-9060-exec-10] o.s.jdbc.core.JdbcTemplate               : Executing prepared SQL statement [EXEC dbo.spx_ValidarUsuario ?, ?]
2026-06-23 12:58:33.592 DEBUG 33512 --- [io-9060-exec-10] o.s.jdbc.datasource.DataSourceUtils      : Fetching JDBC Connection from DataSource
2026-06-23 12:58:33.600 DEBUG 33512 --- [io-9060-exec-10] c.e.T.auth.service.AuthService           : Login SP returned 1 rows
2026-06-23 12:58:33.602  INFO 33512 --- [io-9060-exec-10] c.e.T.auth.controller.AuthController     : User {} logged in successfully.
2026-06-23 12:58:33.603 DEBUG 33512 --- [io-9060-exec-10] o.s.w.s.m.m.a.HttpEntityMethodProcessor  : Using 'application/json', given [application/json, text/plain, */*] and supported [application/json, application/*+json, application/json, application/*+json]
2026-06-23 12:58:33.603 DEBUG 33512 --- [io-9060-exec-10] o.s.w.s.m.m.a.HttpEntityMethodProcessor  : Writing [com.example.TigoStarSystem.common.ApiResponse@6d89a48f]
2026-06-23 12:58:33.605 DEBUG 33512 --- [io-9060-exec-10] o.s.web.servlet.DispatcherServlet        : Completed 200 OK
2026-06-23 12:58:33.838 DEBUG 33512 --- [nio-9060-exec-9] o.s.web.servlet.DispatcherServlet        : GET "/auth/me", parameters={}
2026-06-23 12:58:33.838 DEBUG 33512 --- [nio-9060-exec-9] s.w.s.m.m.a.RequestMappingHandlerMapping : Mapped to com.example.TigoStarSystem.auth.controller.AuthController#me(String)
2026-06-23 12:58:33.844 DEBUG 33512 --- [nio-9060-exec-9] o.s.w.s.m.m.a.HttpEntityMethodProcessor  : Using 'application/json', given [application/json, text/plain, */*] and supported [application/json, application/*+json, application/json, application/*+json]
2026-06-23 12:58:33.844 DEBUG 33512 --- [nio-9060-exec-9] o.s.w.s.m.m.a.HttpEntityMethodProcessor  : Writing [com.example.TigoStarSystem.common.ApiResponse@64c72842]
2026-06-23 12:58:33.846 DEBUG 33512 --- [nio-9060-exec-9] o.s.web.servlet.DispatcherServlet        : Completed 200 OK
2026-06-23 12:58:33.930 DEBUG 33512 --- [nio-9060-exec-7] o.s.web.servlet.DispatcherServlet        : GET "/auth/permisos", parameters={}
2026-06-23 12:58:33.930 DEBUG 33512 --- [nio-9060-exec-7] s.w.s.m.m.a.RequestMappingHandlerMapping : Mapped to com.example.TigoStarSystem.auth.controller.AuthPermisosController#permisos(String)
2026-06-23 12:58:33.933 DEBUG 33512 --- [nio-9060-exec-7] o.s.jdbc.core.JdbcTemplate               : Executing prepared SQL query
2026-06-23 12:58:33.933 DEBUG 33512 --- [nio-9060-exec-7] o.s.jdbc.core.JdbcTemplate               : Executing prepared SQL statement [SELECT TOP 1 CAST(ut.id AS INT) AS id_usuario_tecnico FROM dbo.tbl_UsuarioTecnico ut WHERE (ut.id_usuario = ? OR ut.idusuario = ? OR ut.id_tecnico = ? OR ut.idtecnico = ?)   AND ISNULL(ut.e_eliminado, 0) = 0]
2026-06-23 12:58:33.933 DEBUG 33512 --- [nio-9060-exec-7] o.s.jdbc.datasource.DataSourceUtils      : Fetching JDBC Connection from DataSource
2026-06-23 12:58:33.941 DEBUG 33512 --- [nio-9060-exec-7] o.s.jdbc.core.JdbcTemplate               : Executing prepared SQL query
2026-06-23 12:58:33.941 DEBUG 33512 --- [nio-9060-exec-7] o.s.jdbc.core.JdbcTemplate               : Executing prepared SQL statement [SELECT TOP 1 CAST(ut.Id AS INT) AS id_usuario_tecnico FROM dbo.tbl_UsuarioTecnico ut WHERE (ut.Id_Usuario = ? OR ut.IdUsuario = ? OR ut.Id_Tecnico = ? OR ut.IdTecnico = ?)   AND ISNULL(ut.E_Eliminado, 0) = 0]
2026-06-23 12:58:33.941 DEBUG 33512 --- [nio-9060-exec-7] o.s.jdbc.datasource.DataSourceUtils      : Fetching JDBC Connection from DataSource
2026-06-23 12:58:33.945 DEBUG 33512 --- [nio-9060-exec-7] o.s.jdbc.core.JdbcTemplate               : Executing prepared SQL query
2026-06-23 12:58:33.945 DEBUG 33512 --- [nio-9060-exec-7] o.s.jdbc.core.JdbcTemplate               : Executing prepared SQL statement [SELECT TOP 1 CAST(ut.id AS INT) AS id_usuario_tecnico FROM dbo.tbl_usuariotecnico ut WHERE (ut.id_usuario = ? OR ut.idusuario = ? OR ut.id_tecnico = ? OR ut.idtecnico = ?)   AND ISNULL(ut.e_eliminado, 0) = 0]
2026-06-23 12:58:33.945 DEBUG 33512 --- [nio-9060-exec-7] o.s.jdbc.datasource.DataSourceUtils      : Fetching JDBC Connection from DataSource
2026-06-23 12:58:33.949 DEBUG 33512 --- [nio-9060-exec-7] o.s.jdbc.core.JdbcTemplate               : Executing prepared SQL query
2026-06-23 12:58:33.949 DEBUG 33512 --- [nio-9060-exec-7] o.s.jdbc.core.JdbcTemplate               : Executing prepared SQL statement [SELECT TOP 1 CAST(ut.id AS INT) AS id_usuario_tecnico FROM dbo.tbl_usuaritecnico ut WHERE (ut.id_usuario = ? OR ut.idusuario = ? OR ut.id_tecnico = ? OR ut.idtecnico = ?)   AND ISNULL(ut.e_eliminado, 0) = 0]
2026-06-23 12:58:33.949 DEBUG 33512 --- [nio-9060-exec-7] o.s.jdbc.datasource.DataSourceUtils      : Fetching JDBC Connection from DataSource
2026-06-23 12:58:33.952 DEBUG 33512 --- [nio-9060-exec-7] o.s.jdbc.core.JdbcTemplate               : Executing prepared SQL query
2026-06-23 12:58:33.953 DEBUG 33512 --- [nio-9060-exec-7] o.s.jdbc.core.JdbcTemplate               : Executing prepared SQL statement [SELECT TOP 1 CAST(ut.id_vendedor AS INT) AS id_vendedor FROM dbo.tbl_UsuarioTecnico ut WHERE (ut.id_usuario = ? OR ut.idusuario = ? OR ut.id = ? OR ut.id_tecnico = ? OR ut.idtecnico = ?)   AND ISNULL(ut.e_eliminado, 0) = 0 AND ut.id_vendedor IS NOT NULL]
2026-06-23 12:58:33.953 DEBUG 33512 --- [nio-9060-exec-7] o.s.jdbc.datasource.DataSourceUtils      : Fetching JDBC Connection from DataSource
2026-06-23 12:58:33.956 DEBUG 33512 --- [nio-9060-exec-7] o.s.jdbc.core.JdbcTemplate               : Executing prepared SQL query
2026-06-23 12:58:33.956 DEBUG 33512 --- [nio-9060-exec-7] o.s.jdbc.core.JdbcTemplate               : Executing prepared SQL statement [SELECT TOP 1 CAST(ut.Id_Vendedor AS INT) AS id_vendedor FROM dbo.tbl_UsuarioTecnico ut WHERE (ut.Id_Usuario = ? OR ut.IdUsuario = ? OR ut.Id = ? OR ut.Id_Tecnico = ? OR ut.IdTecnico = ?)   AND ISNULL(ut.E_Eliminado, 0) = 0 AND ut.Id_Vendedor IS NOT NULL]
2026-06-23 12:58:33.956 DEBUG 33512 --- [nio-9060-exec-7] o.s.jdbc.datasource.DataSourceUtils      : Fetching JDBC Connection from DataSource
2026-06-23 12:58:33.961 DEBUG 33512 --- [nio-9060-exec-7] o.s.jdbc.core.JdbcTemplate               : Executing prepared SQL query
2026-06-23 12:58:33.961 DEBUG 33512 --- [nio-9060-exec-7] o.s.jdbc.core.JdbcTemplate               : Executing prepared SQL statement [SELECT TOP 1 CAST(ut.idvendedor AS INT) AS id_vendedor FROM dbo.tbl_usuariotecnico ut WHERE (ut.id_usuario = ? OR ut.idusuario = ? OR ut.id = ? OR ut.id_tecnico = ? OR ut.idtecnico = ?)   AND ISNULL(ut.e_eliminado, 0) = 0 AND ut.idvendedor IS NOT NULL]
2026-06-23 12:58:33.961 DEBUG 33512 --- [nio-9060-exec-7] o.s.jdbc.datasource.DataSourceUtils      : Fetching JDBC Connection from DataSource
2026-06-23 12:58:33.968 DEBUG 33512 --- [nio-9060-exec-7] o.s.jdbc.core.JdbcTemplate               : Executing prepared SQL query
2026-06-23 12:58:33.968 DEBUG 33512 --- [nio-9060-exec-7] o.s.jdbc.core.JdbcTemplate               : Executing prepared SQL statement [SELECT TOP 1 g.id_grupo, ISNULL(g.supervisor_ausente, 0) AS supervisor_ausente, gb.id_grupo_backup, gb.id_usuario_tecnico_temporal, ISNULL(gb.e_activo, 0) AS backup_activo, gb.fecha_inicio, gs.id_usuario AS id_usuario_supervisor FROM dbo.tbl_Grupo g LEFT JOIN dbo.tbl_GrupoSup gs ON gs.id_grupo = g.id_grupo LEFT JOIN dbo.tbl_GrupoBackup gb        ON gb.id_grupo = g.id_grupo       AND ISNULL(gb.e_activo, 0) = 1 WHERE ISNULL(g.e_eliminado, 0) = 0   AND (gs.id_usuario = ? OR gb.id_usuario_tecnico_temporal = ? OR gb.id_usuario_tecnico_temporal = ? OR gb.id_usuario_tecnico_temporal = ?) ORDER BY CASE WHEN gb.id_usuario_tecnico_temporal = ? THEN 0               WHEN gb.id_usuario_tecnico_temporal = ? THEN 1               WHEN gb.id_usuario_tecnico_temporal = ? THEN 2 ELSE 3 END,          gb.id_grupo_backup DESC, g.id_grupo DESC]
2026-06-23 12:58:33.968 DEBUG 33512 --- [nio-9060-exec-7] o.s.jdbc.datasource.DataSourceUtils      : Fetching JDBC Connection from DataSource
2026-06-23 12:58:33.974 DEBUG 33512 --- [nio-9060-exec-7] o.s.jdbc.core.JdbcTemplate               : Executing prepared SQL query
2026-06-23 12:58:33.974 DEBUG 33512 --- [nio-9060-exec-7] o.s.jdbc.core.JdbcTemplate               : Executing prepared SQL statement [SELECT TOP 1 CAST(ut.id AS INT) AS id_usuario_tecnico FROM dbo.tbl_UsuarioTecnico ut WHERE (ut.id_usuario = ? OR ut.idusuario = ? OR ut.id_tecnico = ? OR ut.idtecnico = ?)   AND ISNULL(ut.e_eliminado, 0) = 0]
2026-06-23 12:58:33.974 DEBUG 33512 --- [nio-9060-exec-7] o.s.jdbc.datasource.DataSourceUtils      : Fetching JDBC Connection from DataSource
2026-06-23 12:58:33.978 DEBUG 33512 --- [nio-9060-exec-7] o.s.jdbc.core.JdbcTemplate               : Executing prepared SQL query
2026-06-23 12:58:33.978 DEBUG 33512 --- [nio-9060-exec-7] o.s.jdbc.core.JdbcTemplate               : Executing prepared SQL statement [SELECT TOP 1 CAST(ut.Id AS INT) AS id_usuario_tecnico FROM dbo.tbl_UsuarioTecnico ut WHERE (ut.Id_Usuario = ? OR ut.IdUsuario = ? OR ut.Id_Tecnico = ? OR ut.IdTecnico = ?)   AND ISNULL(ut.E_Eliminado, 0) = 0]
2026-06-23 12:58:33.978 DEBUG 33512 --- [nio-9060-exec-7] o.s.jdbc.datasource.DataSourceUtils      : Fetching JDBC Connection from DataSource
2026-06-23 12:58:33.982 DEBUG 33512 --- [nio-9060-exec-7] o.s.jdbc.core.JdbcTemplate               : Executing prepared SQL query
2026-06-23 12:58:33.982 DEBUG 33512 --- [nio-9060-exec-7] o.s.jdbc.core.JdbcTemplate               : Executing prepared SQL statement [SELECT TOP 1 CAST(ut.id AS INT) AS id_usuario_tecnico FROM dbo.tbl_usuariotecnico ut WHERE (ut.id_usuario = ? OR ut.idusuario = ? OR ut.id_tecnico = ? OR ut.idtecnico = ?)   AND ISNULL(ut.e_eliminado, 0) = 0]
2026-06-23 12:58:33.982 DEBUG 33512 --- [nio-9060-exec-7] o.s.jdbc.datasource.DataSourceUtils      : Fetching JDBC Connection from DataSource
2026-06-23 12:58:33.987 DEBUG 33512 --- [nio-9060-exec-7] o.s.jdbc.core.JdbcTemplate               : Executing prepared SQL query
2026-06-23 12:58:33.987 DEBUG 33512 --- [nio-9060-exec-7] o.s.jdbc.core.JdbcTemplate               : Executing prepared SQL statement [SELECT TOP 1 CAST(ut.id AS INT) AS id_usuario_tecnico FROM dbo.tbl_usuaritecnico ut WHERE (ut.id_usuario = ? OR ut.idusuario = ? OR ut.id_tecnico = ? OR ut.idtecnico = ?)   AND ISNULL(ut.e_eliminado, 0) = 0]
2026-06-23 12:58:33.987 DEBUG 33512 --- [nio-9060-exec-7] o.s.jdbc.datasource.DataSourceUtils      : Fetching JDBC Connection from DataSource
2026-06-23 12:58:33.996 DEBUG 33512 --- [nio-9060-exec-7] o.s.jdbc.core.JdbcTemplate               : Executing prepared SQL query
2026-06-23 12:58:33.996 DEBUG 33512 --- [nio-9060-exec-7] o.s.jdbc.core.JdbcTemplate               : Executing prepared SQL statement [SELECT TOP 1 CAST(ut.id_vendedor AS INT) AS id_vendedor FROM dbo.tbl_UsuarioTecnico ut WHERE (ut.id_usuario = ? OR ut.idusuario = ? OR ut.id = ? OR ut.id_tecnico = ? OR ut.idtecnico = ?)   AND ISNULL(ut.e_eliminado, 0) = 0 AND ut.id_vendedor IS NOT NULL]
2026-06-23 12:58:33.996 DEBUG 33512 --- [nio-9060-exec-7] o.s.jdbc.datasource.DataSourceUtils      : Fetching JDBC Connection from DataSource
2026-06-23 12:58:34.000 DEBUG 33512 --- [nio-9060-exec-7] o.s.jdbc.core.JdbcTemplate               : Executing prepared SQL query
2026-06-23 12:58:34.000 DEBUG 33512 --- [nio-9060-exec-7] o.s.jdbc.core.JdbcTemplate               : Executing prepared SQL statement [SELECT TOP 1 CAST(ut.Id_Vendedor AS INT) AS id_vendedor FROM dbo.tbl_UsuarioTecnico ut WHERE (ut.Id_Usuario = ? OR ut.IdUsuario = ? OR ut.Id = ? OR ut.Id_Tecnico = ? OR ut.IdTecnico = ?)   AND ISNULL(ut.E_Eliminado, 0) = 0 AND ut.Id_Vendedor IS NOT NULL]
2026-06-23 12:58:34.000 DEBUG 33512 --- [nio-9060-exec-7] o.s.jdbc.datasource.DataSourceUtils      : Fetching JDBC Connection from DataSource
2026-06-23 12:58:34.004 DEBUG 33512 --- [nio-9060-exec-7] o.s.jdbc.core.JdbcTemplate               : Executing prepared SQL query
2026-06-23 12:58:34.004 DEBUG 33512 --- [nio-9060-exec-7] o.s.jdbc.core.JdbcTemplate               : Executing prepared SQL statement [SELECT TOP 1 CAST(ut.idvendedor AS INT) AS id_vendedor FROM dbo.tbl_usuariotecnico ut WHERE (ut.id_usuario = ? OR ut.idusuario = ? OR ut.id = ? OR ut.id_tecnico = ? OR ut.idtecnico = ?)   AND ISNULL(ut.e_eliminado, 0) = 0 AND ut.idvendedor IS NOT NULL]
2026-06-23 12:58:34.004 DEBUG 33512 --- [nio-9060-exec-7] o.s.jdbc.datasource.DataSourceUtils      : Fetching JDBC Connection from DataSource
2026-06-23 12:58:34.008 DEBUG 33512 --- [nio-9060-exec-7] o.s.jdbc.core.JdbcTemplate               : Executing prepared SQL query
2026-06-23 12:58:34.008 DEBUG 33512 --- [nio-9060-exec-7] o.s.jdbc.core.JdbcTemplate               : Executing prepared SQL statement [SELECT TOP 1 g.id_grupo, ISNULL(g.supervisor_ausente, 0) AS supervisor_ausente, gb.id_grupo_backup, gb.id_usuario_tecnico_temporal, ISNULL(gb.e_activo, 0) AS backup_activo, gb.fecha_inicio, gs.id_usuario AS id_usuario_supervisor FROM dbo.tbl_Grupo g LEFT JOIN dbo.tbl_GrupoSup gs ON gs.id_grupo = g.id_grupo LEFT JOIN dbo.tbl_GrupoBackup gb        ON gb.id_grupo = g.id_grupo       AND ISNULL(gb.e_activo, 0) = 1 WHERE ISNULL(g.e_eliminado, 0) = 0   AND (gs.id_usuario = ? OR gb.id_usuario_tecnico_temporal = ? OR gb.id_usuario_tecnico_temporal = ? OR gb.id_usuario_tecnico_temporal = ?) ORDER BY CASE WHEN gb.id_usuario_tecnico_temporal = ? THEN 0               WHEN gb.id_usuario_tecnico_temporal = ? THEN 1               WHEN gb.id_usuario_tecnico_temporal = ? THEN 2 ELSE 3 END,          gb.id_grupo_backup DESC, g.id_grupo DESC]
2026-06-23 12:58:34.008 DEBUG 33512 --- [nio-9060-exec-7] o.s.jdbc.datasource.DataSourceUtils      : Fetching JDBC Connection from DataSource
2026-06-23 12:58:34.016 DEBUG 33512 --- [nio-9060-exec-7] o.s.jdbc.core.JdbcTemplate               : Executing SQL update [IF OBJECT_ID('dbo.backup_temporal', 'U') IS NULL BEGIN CREATE TABLE dbo.backup_temporal (id_backup_temporal INT IDENTITY(1,1) NOT NULL PRIMARY KEY, id_usuario INT NOT NULL, id_grupo INT NULL, id_rol_temporal INT NOT NULL, e_activo BIT NOT NULL CONSTRAINT DF_backup_temporal_e_activo DEFAULT(1), fecha_inicio DATETIME NOT NULL CONSTRAINT DF_backup_temporal_fecha_inicio DEFAULT(GETDATE()), fecha_fin DATETIME NULL, fecha_registro DATETIME NOT NULL CONSTRAINT DF_backup_temporal_fecha_registro DEFAULT(GETDATE()), fecha_actualizacion DATETIME NULL); END]
2026-06-23 12:58:34.016 DEBUG 33512 --- [nio-9060-exec-7] o.s.jdbc.datasource.DataSourceUtils      : Fetching JDBC Connection from DataSource
2026-06-23 12:58:34.019 DEBUG 33512 --- [nio-9060-exec-7] o.s.jdbc.core.JdbcTemplate               : Executing SQL update [IF COL_LENGTH('dbo.backup_temporal', 'id_grupo') IS NULL BEGIN ALTER TABLE dbo.backup_temporal ADD id_grupo INT NULL; END]
2026-06-23 12:58:34.019 DEBUG 33512 --- [nio-9060-exec-7] o.s.jdbc.datasource.DataSourceUtils      : Fetching JDBC Connection from DataSource
2026-06-23 12:58:34.022 DEBUG 33512 --- [nio-9060-exec-7] o.s.jdbc.core.JdbcTemplate               : Executing SQL update [IF NOT EXISTS (SELECT 1 FROM sys.indexes WHERE object_id = OBJECT_ID('dbo.backup_temporal')   AND name = 'IX_backup_temporal_usuario_activo') BEGIN CREATE INDEX IX_backup_temporal_usuario_activo ON dbo.backup_temporal(id_usuario, e_activo, fecha_fin); END]
2026-06-23 12:58:34.023 DEBUG 33512 --- [nio-9060-exec-7] o.s.jdbc.datasource.DataSourceUtils      : Fetching JDBC Connection from DataSource
2026-06-23 12:58:34.026 DEBUG 33512 --- [nio-9060-exec-7] o.s.jdbc.core.JdbcTemplate               : Executing prepared SQL query
2026-06-23 12:58:34.026 DEBUG 33512 --- [nio-9060-exec-7] o.s.jdbc.core.JdbcTemplate               : Executing prepared SQL statement [SELECT TOP 1 CAST(ut.id AS INT) AS alt_id FROM dbo.tbl_UsuarioTecnico ut WHERE (ut.id_usuario = ? OR ut.idusuario = ? OR ut.id_tecnico = ? OR ut.idtecnico = ?)   AND ISNULL(ut.e_eliminado, 0) = 0]
2026-06-23 12:58:34.026 DEBUG 33512 --- [nio-9060-exec-7] o.s.jdbc.datasource.DataSourceUtils      : Fetching JDBC Connection from DataSource
2026-06-23 12:58:34.030 DEBUG 33512 --- [nio-9060-exec-7] o.s.jdbc.core.JdbcTemplate               : Executing prepared SQL query
2026-06-23 12:58:34.030 DEBUG 33512 --- [nio-9060-exec-7] o.s.jdbc.core.JdbcTemplate               : Executing prepared SQL statement [SELECT TOP 1 CAST(ut.id_vendedor AS INT) AS alt_id FROM dbo.tbl_UsuarioTecnico ut WHERE (ut.id_usuario = ? OR ut.idusuario = ? OR ut.id_tecnico = ? OR ut.idtecnico = ?)   AND ISNULL(ut.e_eliminado, 0) = 0   AND ut.id_vendedor IS NOT NULL]
2026-06-23 12:58:34.030 DEBUG 33512 --- [nio-9060-exec-7] o.s.jdbc.datasource.DataSourceUtils      : Fetching JDBC Connection from DataSource
2026-06-23 12:58:34.036 DEBUG 33512 --- [nio-9060-exec-7] o.s.jdbc.core.JdbcTemplate               : Executing prepared SQL query
2026-06-23 12:58:34.036 DEBUG 33512 --- [nio-9060-exec-7] o.s.jdbc.core.JdbcTemplate               : Executing prepared SQL statement [SELECT TOP 1 CAST(ut.Id AS INT) AS alt_id FROM dbo.tbl_UsuarioTecnico ut WHERE (ut.Id_Usuario = ? OR ut.IdUsuario = ? OR ut.Id_Tecnico = ? OR ut.IdTecnico = ?)   AND ISNULL(ut.E_Eliminado, 0) = 0]
2026-06-23 12:58:34.036 DEBUG 33512 --- [nio-9060-exec-7] o.s.jdbc.datasource.DataSourceUtils      : Fetching JDBC Connection from DataSource
2026-06-23 12:58:34.039 DEBUG 33512 --- [nio-9060-exec-7] o.s.jdbc.core.JdbcTemplate               : Executing prepared SQL query
2026-06-23 12:58:34.039 DEBUG 33512 --- [nio-9060-exec-7] o.s.jdbc.core.JdbcTemplate               : Executing prepared SQL statement [SELECT TOP 1 CAST(ut.Id_Vendedor AS INT) AS alt_id FROM dbo.tbl_UsuarioTecnico ut WHERE (ut.Id_Usuario = ? OR ut.IdUsuario = ? OR ut.Id_Tecnico = ? OR ut.IdTecnico = ?)   AND ISNULL(ut.E_Eliminado, 0) = 0   AND ut.Id_Vendedor IS NOT NULL]
2026-06-23 12:58:34.039 DEBUG 33512 --- [nio-9060-exec-7] o.s.jdbc.datasource.DataSourceUtils      : Fetching JDBC Connection from DataSource
2026-06-23 12:58:34.043 DEBUG 33512 --- [nio-9060-exec-7] o.s.jdbc.core.JdbcTemplate               : Executing prepared SQL query
2026-06-23 12:58:34.043 DEBUG 33512 --- [nio-9060-exec-7] o.s.jdbc.core.JdbcTemplate               : Executing prepared SQL statement [SELECT TOP 1 CAST(ut.id AS INT) AS alt_id FROM dbo.tbl_usuariotecnico ut WHERE (ut.id_usuario = ? OR ut.idusuario = ? OR ut.id_tecnico = ? OR ut.idtecnico = ?)   AND ISNULL(ut.e_eliminado, 0) = 0]
2026-06-23 12:58:34.043 DEBUG 33512 --- [nio-9060-exec-7] o.s.jdbc.datasource.DataSourceUtils      : Fetching JDBC Connection from DataSource
2026-06-23 12:58:34.047 DEBUG 33512 --- [nio-9060-exec-7] o.s.jdbc.core.JdbcTemplate               : Executing prepared SQL query
2026-06-23 12:58:34.047 DEBUG 33512 --- [nio-9060-exec-7] o.s.jdbc.core.JdbcTemplate               : Executing prepared SQL statement [SELECT TOP 1 CAST(ut.id_vendedor AS INT) AS alt_id FROM dbo.tbl_usuariotecnico ut WHERE (ut.id_usuario = ? OR ut.idusuario = ? OR ut.id_tecnico = ? OR ut.idtecnico = ?)   AND ISNULL(ut.e_eliminado, 0) = 0   AND ut.id_vendedor IS NOT NULL]
2026-06-23 12:58:34.047 DEBUG 33512 --- [nio-9060-exec-7] o.s.jdbc.datasource.DataSourceUtils      : Fetching JDBC Connection from DataSource
2026-06-23 12:58:34.051 DEBUG 33512 --- [nio-9060-exec-7] o.s.jdbc.core.JdbcTemplate               : Executing prepared SQL query
2026-06-23 12:58:34.051 DEBUG 33512 --- [nio-9060-exec-7] o.s.jdbc.core.JdbcTemplate               : Executing prepared SQL statement [SELECT TOP 1 CAST(ut.id AS INT) AS alt_id FROM dbo.tbl_UsuarioTecnico ut WHERE (ut.id_usuario = ? OR ut.idusuario = ? OR ut.id_tecnico = ? OR ut.idtecnico = ?)   AND ISNULL(ut.e_eliminado, 0) = 0]
2026-06-23 12:58:34.051 DEBUG 33512 --- [nio-9060-exec-7] o.s.jdbc.datasource.DataSourceUtils      : Fetching JDBC Connection from DataSource
2026-06-23 12:58:34.055 DEBUG 33512 --- [nio-9060-exec-7] o.s.jdbc.core.JdbcTemplate               : Executing prepared SQL query
2026-06-23 12:58:34.055 DEBUG 33512 --- [nio-9060-exec-7] o.s.jdbc.core.JdbcTemplate               : Executing prepared SQL statement [SELECT TOP 1 CAST(ut.id_vendedor AS INT) AS alt_id FROM dbo.tbl_UsuarioTecnico ut WHERE (ut.id_usuario = ? OR ut.idusuario = ? OR ut.id_tecnico = ? OR ut.idtecnico = ?)   AND ISNULL(ut.e_eliminado, 0) = 0   AND ut.id_vendedor IS NOT NULL]
2026-06-23 12:58:34.055 DEBUG 33512 --- [nio-9060-exec-7] o.s.jdbc.datasource.DataSourceUtils      : Fetching JDBC Connection from DataSource
2026-06-23 12:58:34.060 DEBUG 33512 --- [nio-9060-exec-7] o.s.jdbc.core.JdbcTemplate               : Executing prepared SQL query
2026-06-23 12:58:34.060 DEBUG 33512 --- [nio-9060-exec-7] o.s.jdbc.core.JdbcTemplate               : Executing prepared SQL statement [SELECT TOP 1 CAST(ut.Id AS INT) AS alt_id FROM dbo.tbl_UsuarioTecnico ut WHERE (ut.Id_Usuario = ? OR ut.IdUsuario = ? OR ut.Id_Tecnico = ? OR ut.IdTecnico = ?)   AND ISNULL(ut.E_Eliminado, 0) = 0]
2026-06-23 12:58:34.060 DEBUG 33512 --- [nio-9060-exec-7] o.s.jdbc.datasource.DataSourceUtils      : Fetching JDBC Connection from DataSource
2026-06-23 12:58:34.068 DEBUG 33512 --- [nio-9060-exec-7] o.s.jdbc.core.JdbcTemplate               : Executing prepared SQL query
2026-06-23 12:58:34.069 DEBUG 33512 --- [nio-9060-exec-7] o.s.jdbc.core.JdbcTemplate               : Executing prepared SQL statement [SELECT TOP 1 CAST(ut.Id_Vendedor AS INT) AS alt_id FROM dbo.tbl_UsuarioTecnico ut WHERE (ut.Id_Usuario = ? OR ut.IdUsuario = ? OR ut.Id_Tecnico = ? OR ut.IdTecnico = ?)   AND ISNULL(ut.E_Eliminado, 0) = 0   AND ut.Id_Vendedor IS NOT NULL]
2026-06-23 12:58:34.069 DEBUG 33512 --- [nio-9060-exec-7] o.s.jdbc.datasource.DataSourceUtils      : Fetching JDBC Connection from DataSource
2026-06-23 12:58:34.077 DEBUG 33512 --- [nio-9060-exec-7] o.s.jdbc.core.JdbcTemplate               : Executing prepared SQL query
2026-06-23 12:58:34.077 DEBUG 33512 --- [nio-9060-exec-7] o.s.jdbc.core.JdbcTemplate               : Executing prepared SQL statement [SELECT TOP 1 CAST(ut.id AS INT) AS alt_id FROM dbo.tbl_usuariotecnico ut WHERE (ut.id_usuario = ? OR ut.idusuario = ? OR ut.id_tecnico = ? OR ut.idtecnico = ?)   AND ISNULL(ut.e_eliminado, 0) = 0]
2026-06-23 12:58:34.077 DEBUG 33512 --- [nio-9060-exec-7] o.s.jdbc.datasource.DataSourceUtils      : Fetching JDBC Connection from DataSource
2026-06-23 12:58:34.087 DEBUG 33512 --- [nio-9060-exec-7] o.s.jdbc.core.JdbcTemplate               : Executing prepared SQL query
2026-06-23 12:58:34.087 DEBUG 33512 --- [nio-9060-exec-7] o.s.jdbc.core.JdbcTemplate               : Executing prepared SQL statement [SELECT TOP 1 CAST(ut.id_vendedor AS INT) AS alt_id FROM dbo.tbl_usuariotecnico ut WHERE (ut.id_usuario = ? OR ut.idusuario = ? OR ut.id_tecnico = ? OR ut.idtecnico = ?)   AND ISNULL(ut.e_eliminado, 0) = 0   AND ut.id_vendedor IS NOT NULL]
2026-06-23 12:58:34.087 DEBUG 33512 --- [nio-9060-exec-7] o.s.jdbc.datasource.DataSourceUtils      : Fetching JDBC Connection from DataSource
2026-06-23 12:58:34.092 DEBUG 33512 --- [nio-9060-exec-7] o.s.jdbc.core.JdbcTemplate               : Executing prepared SQL query
2026-06-23 12:58:34.092 DEBUG 33512 --- [nio-9060-exec-7] o.s.jdbc.core.JdbcTemplate               : Executing prepared SQL statement [SELECT TOP 1 CAST(ut.id AS INT) AS alt_id FROM dbo.tbl_UsuarioTecnico ut WHERE (ut.id_usuario = ? OR ut.idusuario = ? OR ut.id_tecnico = ? OR ut.idtecnico = ?)   AND ISNULL(ut.e_eliminado, 0) = 0]
2026-06-23 12:58:34.092 DEBUG 33512 --- [nio-9060-exec-7] o.s.jdbc.datasource.DataSourceUtils      : Fetching JDBC Connection from DataSource
2026-06-23 12:58:34.098 DEBUG 33512 --- [nio-9060-exec-7] o.s.jdbc.core.JdbcTemplate               : Executing prepared SQL query
2026-06-23 12:58:34.098 DEBUG 33512 --- [nio-9060-exec-7] o.s.jdbc.core.JdbcTemplate               : Executing prepared SQL statement [SELECT TOP 1 CAST(ut.id_vendedor AS INT) AS alt_id FROM dbo.tbl_UsuarioTecnico ut WHERE (ut.id_usuario = ? OR ut.idusuario = ? OR ut.id_tecnico = ? OR ut.idtecnico = ?)   AND ISNULL(ut.e_eliminado, 0) = 0   AND ut.id_vendedor IS NOT NULL]
2026-06-23 12:58:34.098 DEBUG 33512 --- [nio-9060-exec-7] o.s.jdbc.datasource.DataSourceUtils      : Fetching JDBC Connection from DataSource
2026-06-23 12:58:34.103 DEBUG 33512 --- [nio-9060-exec-7] o.s.jdbc.core.JdbcTemplate               : Executing prepared SQL query
2026-06-23 12:58:34.103 DEBUG 33512 --- [nio-9060-exec-7] o.s.jdbc.core.JdbcTemplate               : Executing prepared SQL statement [SELECT TOP 1 CAST(ut.Id AS INT) AS alt_id FROM dbo.tbl_UsuarioTecnico ut WHERE (ut.Id_Usuario = ? OR ut.IdUsuario = ? OR ut.Id_Tecnico = ? OR ut.IdTecnico = ?)   AND ISNULL(ut.E_Eliminado, 0) = 0]
2026-06-23 12:58:34.103 DEBUG 33512 --- [nio-9060-exec-7] o.s.jdbc.datasource.DataSourceUtils      : Fetching JDBC Connection from DataSource
2026-06-23 12:58:34.108 DEBUG 33512 --- [nio-9060-exec-7] o.s.jdbc.core.JdbcTemplate               : Executing prepared SQL query
2026-06-23 12:58:34.108 DEBUG 33512 --- [nio-9060-exec-7] o.s.jdbc.core.JdbcTemplate               : Executing prepared SQL statement [SELECT TOP 1 CAST(ut.Id_Vendedor AS INT) AS alt_id FROM dbo.tbl_UsuarioTecnico ut WHERE (ut.Id_Usuario = ? OR ut.IdUsuario = ? OR ut.Id_Tecnico = ? OR ut.IdTecnico = ?)   AND ISNULL(ut.E_Eliminado, 0) = 0   AND ut.Id_Vendedor IS NOT NULL]
2026-06-23 12:58:34.108 DEBUG 33512 --- [nio-9060-exec-7] o.s.jdbc.datasource.DataSourceUtils      : Fetching JDBC Connection from DataSource
2026-06-23 12:58:34.113 DEBUG 33512 --- [nio-9060-exec-7] o.s.jdbc.core.JdbcTemplate               : Executing prepared SQL query
2026-06-23 12:58:34.113 DEBUG 33512 --- [nio-9060-exec-7] o.s.jdbc.core.JdbcTemplate               : Executing prepared SQL statement [SELECT TOP 1 CAST(ut.id AS INT) AS alt_id FROM dbo.tbl_usuariotecnico ut WHERE (ut.id_usuario = ? OR ut.idusuario = ? OR ut.id_tecnico = ? OR ut.idtecnico = ?)   AND ISNULL(ut.e_eliminado, 0) = 0]
2026-06-23 12:58:34.113 DEBUG 33512 --- [nio-9060-exec-7] o.s.jdbc.datasource.DataSourceUtils      : Fetching JDBC Connection from DataSource
2026-06-23 12:58:34.118 DEBUG 33512 --- [nio-9060-exec-7] o.s.jdbc.core.JdbcTemplate               : Executing prepared SQL query
2026-06-23 12:58:34.118 DEBUG 33512 --- [nio-9060-exec-7] o.s.jdbc.core.JdbcTemplate               : Executing prepared SQL statement [SELECT TOP 1 CAST(ut.id_vendedor AS INT) AS alt_id FROM dbo.tbl_usuariotecnico ut WHERE (ut.id_usuario = ? OR ut.idusuario = ? OR ut.id_tecnico = ? OR ut.idtecnico = ?)   AND ISNULL(ut.e_eliminado, 0) = 0   AND ut.id_vendedor IS NOT NULL]
2026-06-23 12:58:34.118 DEBUG 33512 --- [nio-9060-exec-7] o.s.jdbc.datasource.DataSourceUtils      : Fetching JDBC Connection from DataSource
2026-06-23 12:58:34.122 DEBUG 33512 --- [nio-9060-exec-7] o.s.jdbc.core.JdbcTemplate               : Executing prepared SQL query
2026-06-23 12:58:34.122 DEBUG 33512 --- [nio-9060-exec-7] o.s.jdbc.core.JdbcTemplate               : Executing prepared SQL statement [SELECT TOP 1 1 AS ok FROM dbo.backup_temporal bt WHERE bt.id_usuario = ?   AND ISNULL(bt.e_activo, 1) = 1   AND (bt.fecha_fin IS NULL OR bt.fecha_fin > GETDATE()) ORDER BY bt.id_backup_temporal DESC]
2026-06-23 12:58:34.122 DEBUG 33512 --- [nio-9060-exec-7] o.s.jdbc.datasource.DataSourceUtils      : Fetching JDBC Connection from DataSource
2026-06-23 12:58:34.127  INFO 33512 --- [nio-9060-exec-7] c.e.T.p.service.PrivilegioService        : [PERMISOS] idUsuarioSesion=82, rolSesion=BackOffice_v, backupContexto=false, backupTemporal=false, idGrupo=null, idSupervisorContexto=null, idRolPermisos=6, idUsuarioPermisos=82
2026-06-23 12:58:34.127 DEBUG 33512 --- [nio-9060-exec-7] o.s.jdbc.core.JdbcTemplate               : Executing SQL query [EXEC dbo.spx_ObtenerPrivilegiosRoles]
2026-06-23 12:58:34.127 DEBUG 33512 --- [nio-9060-exec-7] o.s.jdbc.datasource.DataSourceUtils      : Fetching JDBC Connection from DataSource
2026-06-23 12:58:34.141 DEBUG 33512 --- [nio-9060-exec-7] o.s.jdbc.core.JdbcTemplate               : Executing prepared SQL query
2026-06-23 12:58:34.141 DEBUG 33512 --- [nio-9060-exec-7] o.s.jdbc.core.JdbcTemplate               : Executing prepared SQL statement [EXEC dbo.spx_ObtenerPrivilegiosRolDetalle ?]
2026-06-23 12:58:34.141 DEBUG 33512 --- [nio-9060-exec-7] o.s.jdbc.datasource.DataSourceUtils      : Fetching JDBC Connection from DataSource
2026-06-23 12:58:34.159 DEBUG 33512 --- [nio-9060-exec-7] o.s.w.s.m.m.a.HttpEntityMethodProcessor  : Using 'application/json', given [application/json, text/plain, */*] and supported [application/json, application/*+json, application/json, application/*+json]
2026-06-23 12:58:34.160 DEBUG 33512 --- [nio-9060-exec-7] o.s.w.s.m.m.a.HttpEntityMethodProcessor  : Writing [com.example.TigoStarSystem.common.ApiResponse@31e0e1cf]
2026-06-23 12:58:34.161 DEBUG 33512 --- [nio-9060-exec-7] o.s.web.servlet.DispatcherServlet        : Completed 200 OK
2026-06-23 12:58:34.224 DEBUG 33512 --- [nio-9060-exec-1] o.s.web.servlet.DispatcherServlet        : GET "/auth/sucursales", parameters={}
2026-06-23 12:58:34.225 DEBUG 33512 --- [nio-9060-exec-1] s.w.s.m.m.a.RequestMappingHandlerMapping : Mapped to com.example.TigoStarSystem.auth.controller.AuthController#listarSucursales()
2026-06-23 12:58:34.225  INFO 33512 --- [nio-9060-exec-1] c.e.T.auth.controller.AuthController     : Request GET /auth/sucursales
2026-06-23 12:58:34.226 DEBUG 33512 --- [nio-9060-exec-1] o.s.jdbc.core.JdbcTemplate               : Executing SQL query [EXEC dbo.spx_ObtenerSucursalesConexionWeb]
2026-06-23 12:58:34.226 DEBUG 33512 --- [nio-9060-exec-1] o.s.jdbc.datasource.DataSourceUtils      : Fetching JDBC Connection from DataSource
2026-06-23 12:58:34.243 DEBUG 33512 --- [nio-9060-exec-1] o.s.w.s.m.m.a.HttpEntityMethodProcessor  : Using 'application/json', given [application/json, text/plain, */*] and supported [application/json, application/*+json, application/json, application/*+json]
2026-06-23 12:58:34.244 DEBUG 33512 --- [nio-9060-exec-1] o.s.w.s.m.m.a.HttpEntityMethodProcessor  : Writing [com.example.TigoStarSystem.common.ApiResponse@7d4574b3]
2026-06-23 12:58:34.245 DEBUG 33512 --- [nio-9060-exec-1] o.s.web.servlet.DispatcherServlet        : Completed 200 OK
2026-06-23 12:58:34.533 DEBUG 33512 --- [nio-9060-exec-2] o.s.web.servlet.DispatcherServlet        : GET "/backoffice/supervision/jornadas/historico?fecha=2026-06-23", parameters={masked}
2026-06-23 12:58:34.533 DEBUG 33512 --- [nio-9060-exec-2] s.w.s.m.m.a.RequestMappingHandlerMapping : Mapped to com.example.TigoStarSystem.supervision.controller.BackOfficeSupervisionController#listarHistoricoJornadas(String, LocalDate, String, Integer)
2026-06-23 12:58:34.537 DEBUG 33512 --- [nio-9060-exec-2] o.s.jdbc.core.JdbcTemplate               : Executing prepared SQL query
2026-06-23 12:58:34.537 DEBUG 33512 --- [nio-9060-exec-2] o.s.jdbc.core.JdbcTemplate               : Executing prepared SQL statement [WITH tecnicos AS (   SELECT c.sucursal, c.grupo, c.idUsuarioSupervisor, c.supervisorACargo, CAST(c.id_tecnico AS INT) AS idTecnico, c.tecnico AS tecnico, c.fecha, c.fechaRegistro, c.id   FROM dbo.tbl_ConformacionCuadrillaDiario c WHERE ISNULL(c.e_eliminado, 0) = 0   AND (? IS NULL OR LOWER(REPLACE(REPLACE(REPLACE(LTRIM(RTRIM(ISNULL(c.sucursal, ''))), '_', ''), '-', ''), ' ', '')) =                   LOWER(REPLACE(REPLACE(REPLACE(?, '_', ''), '-', ''), ' ', '')))   AND (? IS NULL OR CAST(c.idUsuarioSupervisor AS INT) = ?)     AND c.id_tecnico IS NOT NULL AND c.id_tecnico > 0   UNION ALL   SELECT c.sucursal, c.grupo, c.idUsuarioSupervisor, c.supervisorACargo, CAST(c.id_tecnicoAuxiliar AS INT) AS idTecnico, c.auxiliar AS tecnico, c.fecha, c.fechaRegistro, c.id   FROM dbo.tbl_ConformacionCuadrillaDiario c WHERE ISNULL(c.e_eliminado, 0) = 0   AND (? IS NULL OR LOWER(REPLACE(REPLACE(REPLACE(LTRIM(RTRIM(ISNULL(c.sucursal, ''))), '_', ''), '-', ''), ' ', '')) =                   LOWER(REPLACE(REPLACE(REPLACE(?, '_', ''), '-', ''), ' ', '')))   AND (? IS NULL OR CAST(c.idUsuarioSupervisor AS INT) = ?)     AND c.id_tecnicoAuxiliar IS NOT NULL AND c.id_tecnicoAuxiliar > 0 ), ranked AS (   SELECT *, ROW_NUMBER() OVER (PARTITION BY idTecnico ORDER BY ISNULL(fecha, '19000101') DESC, ISNULL(fechaRegistro, '19000101') DESC, id DESC) AS rn   FROM tecnicos ) SELECT CAST(idTecnico AS INT) AS idTecnico, CAST(idTecnico AS INT) AS id_tecnico, tecnico AS tecnicoNombre, tecnico,        sucursal, grupo, CAST(idUsuarioSupervisor AS INT) AS idSupervisor, supervisorACargo AS supervisorNombre FROM ranked WHERE rn = 1 ORDER BY sucursal, grupo, tecnico]
2026-06-23 12:58:34.537 DEBUG 33512 --- [nio-9060-exec-2] o.s.jdbc.datasource.DataSourceUtils      : Fetching JDBC Connection from DataSource
2026-06-23 12:58:34.555 DEBUG 33512 --- [nio-9060-exec-2] o.s.jdbc.core.JdbcTemplate               : Executing prepared SQL query
2026-06-23 12:58:34.556 DEBUG 33512 --- [nio-9060-exec-2] o.s.jdbc.core.JdbcTemplate               : Executing prepared SQL statement [SELECT * FROM dbo.tbl_InicioJornadaAlturas ij WHERE CAST(ij.fecha_registro AS DATE) = ?   AND ISNULL(ij.e_eliminado, 0) = 0  AND ij.id_tecnico IN (?,?,?,?,?,?,?,?,?,?,?,?,?,?,?,?,?,?,?,?,?,?,?,?,?,?,?,?,?,?,?,?,?,?,?,?,?,?,?,?,?,?,?,?,?,?,?,?,?,?,?,?,?,?,?,?,?) ORDER BY ij.fecha_registro ASC, ij.id_inicio ASC]
2026-06-23 12:58:34.556 DEBUG 33512 --- [nio-9060-exec-2] o.s.jdbc.datasource.DataSourceUtils      : Fetching JDBC Connection from DataSource
2026-06-23 12:58:34.565 DEBUG 33512 --- [nio-9060-exec-3] o.s.web.servlet.DispatcherServlet        : GET "/auth/sucursales", parameters={}
2026-06-23 12:58:34.565 DEBUG 33512 --- [nio-9060-exec-3] s.w.s.m.m.a.RequestMappingHandlerMapping : Mapped to com.example.TigoStarSystem.auth.controller.AuthController#listarSucursales()
2026-06-23 12:58:34.565  INFO 33512 --- [nio-9060-exec-3] c.e.T.auth.controller.AuthController     : Request GET /auth/sucursales
2026-06-23 12:58:34.565 DEBUG 33512 --- [nio-9060-exec-3] o.s.jdbc.core.JdbcTemplate               : Executing SQL query [EXEC dbo.spx_ObtenerSucursalesConexionWeb]
2026-06-23 12:58:34.565 DEBUG 33512 --- [nio-9060-exec-3] o.s.jdbc.datasource.DataSourceUtils      : Fetching JDBC Connection from DataSource
2026-06-23 12:58:34.573 DEBUG 33512 --- [nio-9060-exec-3] o.s.w.s.m.m.a.HttpEntityMethodProcessor  : Using 'application/json', given [application/json, text/plain, */*] and supported [application/json, application/*+json, application/json, application/*+json]
2026-06-23 12:58:34.573 DEBUG 33512 --- [nio-9060-exec-3] o.s.w.s.m.m.a.HttpEntityMethodProcessor  : Writing [com.example.TigoStarSystem.common.ApiResponse@16890e9d]
2026-06-23 12:58:34.573 DEBUG 33512 --- [nio-9060-exec-3] o.s.web.servlet.DispatcherServlet        : Completed 200 OK
2026-06-23 12:58:36.294 DEBUG 33512 --- [ool housekeeper] com.zaxxer.hikari.pool.HikariPool        : CentralHikariPool - Before cleanup stats (total=1, active=0, idle=1, waiting=0)
2026-06-23 12:58:36.294 DEBUG 33512 --- [ool housekeeper] com.zaxxer.hikari.pool.HikariPool        : CentralHikariPool - After cleanup  stats (total=1, active=0, idle=1, waiting=0)
2026-06-23 12:58:36.294 DEBUG 33512 --- [ool housekeeper] com.zaxxer.hikari.pool.HikariPool        : CentralHikariPool - Fill pool skipped, pool is at sufficient level.
2026-06-23 12:58:36.355 DEBUG 33512 --- [ool housekeeper] com.zaxxer.hikari.pool.HikariPool        : TigoHogarHikariPool - Before cleanup stats (total=1, active=1, idle=0, waiting=0)
2026-06-23 12:58:36.355 DEBUG 33512 --- [ool housekeeper] com.zaxxer.hikari.pool.HikariPool        : TigoHogarHikariPool - After cleanup  stats (total=1, active=1, idle=0, waiting=0)
2026-06-23 12:58:36.355 DEBUG 33512 --- [ool housekeeper] com.zaxxer.hikari.pool.HikariPool        : TigoHogarHikariPool - Fill pool skipped, pool is at sufficient level.
2026-06-23 12:58:36.808 DEBUG 33512 --- [nio-9060-exec-2] o.s.jdbc.core.JdbcTemplate               : Executing SQL query [EXEC dbo.SP_Usuario_ListarActivosBasico]
2026-06-23 12:58:36.808 DEBUG 33512 --- [nio-9060-exec-2] o.s.jdbc.datasource.DataSourceUtils      : Fetching JDBC Connection from DataSource
2026-06-23 12:58:36.818 DEBUG 33512 --- [nio-9060-exec-2] o.s.jdbc.core.JdbcTemplate               : Executing prepared SQL query
2026-06-23 12:58:36.818 DEBUG 33512 --- [nio-9060-exec-2] o.s.jdbc.core.JdbcTemplate               : Executing prepared SQL statement [SELECT * FROM dbo.tbl_InicioJornadaAlturas WHERE id_inicio IN (?)]
2026-06-23 12:58:36.818 DEBUG 33512 --- [nio-9060-exec-2] o.s.jdbc.datasource.DataSourceUtils      : Fetching JDBC Connection from DataSource
2026-06-23 12:58:39.070 DEBUG 33512 --- [nio-9060-exec-2] o.s.w.s.m.m.a.HttpEntityMethodProcessor  : Using 'application/json', given [application/json, text/plain, */*] and supported [application/json, application/*+json, application/json, application/*+json]
2026-06-23 12:58:39.070 DEBUG 33512 --- [nio-9060-exec-2] o.s.w.s.m.m.a.HttpEntityMethodProcessor  : Writing [com.example.TigoStarSystem.common.ApiResponse@1626dadd]
2026-06-23 12:58:39.154 DEBUG 33512 --- [nio-9060-exec-2] o.s.web.servlet.DispatcherServlet        : Completed 200 OK
2026-06-23 12:58:54.335 DEBUG 33512 --- [l-1 housekeeper] com.zaxxer.hikari.pool.HikariPool        : HikariPool-1 - Before cleanup stats (total=1, active=0, idle=1, waiting=0)
2026-06-23 12:58:54.335 DEBUG 33512 --- [l-1 housekeeper] com.zaxxer.hikari.pool.HikariPool        : HikariPool-1 - After cleanup  stats (total=1, active=0, idle=1, waiting=0)
2026-06-23 12:58:54.335 DEBUG 33512 --- [l-1 housekeeper] com.zaxxer.hikari.pool.HikariPool        : HikariPool-1 - Fill pool skipped, pool is at sufficient level.
2026-06-23 12:58:56.360 DEBUG 33512 --- [ruz housekeeper] com.zaxxer.hikari.pool.HikariPool        : ConnDb-SantaCruz - Before cleanup stats (total=1, active=0, idle=1, waiting=0)
2026-06-23 12:58:56.360 DEBUG 33512 --- [ruz housekeeper] com.zaxxer.hikari.pool.HikariPool        : ConnDb-SantaCruz - After cleanup  stats (total=1, active=0, idle=1, waiting=0)
2026-06-23 12:58:56.360 DEBUG 33512 --- [ruz housekeeper] com.zaxxer.hikari.pool.HikariPool        : ConnDb-SantaCruz - Fill pool skipped, pool is at sufficient level.
2026-06-23 12:58:58.470 DEBUG 33512 --- [nio-9060-exec-4] o.s.web.servlet.DispatcherServlet        : GET "/backoffice/supervision/jornadas/historico?fecha=2026-06-23&sucursal=SantaCruz", parameters={masked}
2026-06-23 12:58:58.471 DEBUG 33512 --- [nio-9060-exec-4] s.w.s.m.m.a.RequestMappingHandlerMapping : Mapped to com.example.TigoStarSystem.supervision.controller.BackOfficeSupervisionController#listarHistoricoJornadas(String, LocalDate, String, Integer)
2026-06-23 12:58:58.475 DEBUG 33512 --- [nio-9060-exec-4] o.s.jdbc.core.JdbcTemplate               : Executing prepared SQL query
2026-06-23 12:58:58.476 DEBUG 33512 --- [nio-9060-exec-4] o.s.jdbc.core.JdbcTemplate               : Executing prepared SQL statement [WITH tecnicos AS (   SELECT c.sucursal, c.grupo, c.idUsuarioSupervisor, c.supervisorACargo, CAST(c.id_tecnico AS INT) AS idTecnico, c.tecnico AS tecnico, c.fecha, c.fechaRegistro, c.id   FROM dbo.tbl_ConformacionCuadrillaDiario c WHERE ISNULL(c.e_eliminado, 0) = 0   AND (? IS NULL OR LOWER(REPLACE(REPLACE(REPLACE(LTRIM(RTRIM(ISNULL(c.sucursal, ''))), '_', ''), '-', ''), ' ', '')) =                   LOWER(REPLACE(REPLACE(REPLACE(?, '_', ''), '-', ''), ' ', '')))   AND (? IS NULL OR CAST(c.idUsuarioSupervisor AS INT) = ?)     AND c.id_tecnico IS NOT NULL AND c.id_tecnico > 0   UNION ALL   SELECT c.sucursal, c.grupo, c.idUsuarioSupervisor, c.supervisorACargo, CAST(c.id_tecnicoAuxiliar AS INT) AS idTecnico, c.auxiliar AS tecnico, c.fecha, c.fechaRegistro, c.id   FROM dbo.tbl_ConformacionCuadrillaDiario c WHERE ISNULL(c.e_eliminado, 0) = 0   AND (? IS NULL OR LOWER(REPLACE(REPLACE(REPLACE(LTRIM(RTRIM(ISNULL(c.sucursal, ''))), '_', ''), '-', ''), ' ', '')) =                   LOWER(REPLACE(REPLACE(REPLACE(?, '_', ''), '-', ''), ' ', '')))   AND (? IS NULL OR CAST(c.idUsuarioSupervisor AS INT) = ?)     AND c.id_tecnicoAuxiliar IS NOT NULL AND c.id_tecnicoAuxiliar > 0 ), ranked AS (   SELECT *, ROW_NUMBER() OVER (PARTITION BY idTecnico ORDER BY ISNULL(fecha, '19000101') DESC, ISNULL(fechaRegistro, '19000101') DESC, id DESC) AS rn   FROM tecnicos ) SELECT CAST(idTecnico AS INT) AS idTecnico, CAST(idTecnico AS INT) AS id_tecnico, tecnico AS tecnicoNombre, tecnico,        sucursal, grupo, CAST(idUsuarioSupervisor AS INT) AS idSupervisor, supervisorACargo AS supervisorNombre FROM ranked WHERE rn = 1 ORDER BY sucursal, grupo, tecnico]
2026-06-23 12:58:58.476 DEBUG 33512 --- [nio-9060-exec-4] o.s.jdbc.datasource.DataSourceUtils      : Fetching JDBC Connection from DataSource
2026-06-23 12:58:58.507 DEBUG 33512 --- [nio-9060-exec-4] o.s.jdbc.core.JdbcTemplate               : Executing prepared SQL query
2026-06-23 12:58:58.507 DEBUG 33512 --- [nio-9060-exec-4] o.s.jdbc.core.JdbcTemplate               : Executing prepared SQL statement [SELECT * FROM dbo.tbl_InicioJornadaAlturas ij WHERE CAST(ij.fecha_registro AS DATE) = ?   AND ISNULL(ij.e_eliminado, 0) = 0  AND ij.id_tecnico IN (?,?,?,?,?,?,?,?,?,?,?,?,?,?,?,?,?,?,?,?,?,?,?,?,?,?,?,?,?,?,?,?,?,?,?,?,?,?,?,?,?,?,?,?,?) ORDER BY ij.fecha_registro ASC, ij.id_inicio ASC]
2026-06-23 12:58:58.507 DEBUG 33512 --- [nio-9060-exec-4] o.s.jdbc.datasource.DataSourceUtils      : Fetching JDBC Connection from DataSource
2026-06-23 12:59:00.723 DEBUG 33512 --- [l-9 housekeeper] com.zaxxer.hikari.pool.HikariPool        : ConnDb-sucursal-9 - Before cleanup stats (total=1, active=0, idle=1, waiting=0)
2026-06-23 12:59:00.723 DEBUG 33512 --- [l-9 housekeeper] com.zaxxer.hikari.pool.HikariPool        : ConnDb-sucursal-9 - After cleanup  stats (total=1, active=0, idle=1, waiting=0)
2026-06-23 12:59:00.723 DEBUG 33512 --- [l-9 housekeeper] com.zaxxer.hikari.pool.HikariPool        : ConnDb-sucursal-9 - Fill pool skipped, pool is at sufficient level.
2026-06-23 12:59:00.989 DEBUG 33512 --- [nio-9060-exec-4] o.s.jdbc.core.JdbcTemplate               : Executing SQL query [EXEC dbo.spx_ObtenerSucursalesConexion]
2026-06-23 12:59:00.989 DEBUG 33512 --- [nio-9060-exec-4] o.s.jdbc.datasource.DataSourceUtils      : Fetching JDBC Connection from DataSource
2026-06-23 12:59:01.002 DEBUG 33512 --- [nio-9060-exec-4] o.s.jdbc.core.JdbcTemplate               : Executing SQL query [EXEC dbo.spx_ObtenerSucursalesConexion]
2026-06-23 12:59:01.002 DEBUG 33512 --- [nio-9060-exec-4] o.s.jdbc.datasource.DataSourceUtils      : Fetching JDBC Connection from DataSource
2026-06-23 12:59:01.008 DEBUG 33512 --- [nio-9060-exec-4] o.s.jdbc.core.JdbcTemplate               : Executing SQL query [EXEC dbo.SP_Usuario_ListarActivosBasico]
2026-06-23 12:59:01.008 DEBUG 33512 --- [nio-9060-exec-4] o.s.jdbc.datasource.DataSourceUtils      : Fetching JDBC Connection from DataSource
2026-06-23 12:59:01.016 DEBUG 33512 --- [nio-9060-exec-4] o.s.jdbc.core.JdbcTemplate               : Executing prepared SQL query
2026-06-23 12:59:01.016 DEBUG 33512 --- [nio-9060-exec-4] o.s.jdbc.core.JdbcTemplate               : Executing prepared SQL statement [SELECT * FROM dbo.tbl_InicioJornadaAlturas WHERE id_inicio IN (?)]
2026-06-23 12:59:01.017 DEBUG 33512 --- [nio-9060-exec-4] o.s.jdbc.datasource.DataSourceUtils      : Fetching JDBC Connection from DataSource
2026-06-23 12:59:03.674 DEBUG 33512 --- [nio-9060-exec-4] o.s.w.s.m.m.a.HttpEntityMethodProcessor  : Using 'application/json', given [application/json, text/plain, */*] and supported [application/json, application/*+json, application/json, application/*+json]
2026-06-23 12:59:03.674 DEBUG 33512 --- [nio-9060-exec-4] o.s.w.s.m.m.a.HttpEntityMethodProcessor  : Writing [com.example.TigoStarSystem.common.ApiResponse@359258db]
2026-06-23 12:59:03.732 DEBUG 33512 --- [nio-9060-exec-4] o.s.web.servlet.DispatcherServlet        : Completed 200 OK
2026-06-23 12:59:06.307 DEBUG 33512 --- [ool housekeeper] com.zaxxer.hikari.pool.HikariPool        : CentralHikariPool - Before cleanup stats (total=1, active=0, idle=1, waiting=0)
2026-06-23 12:59:06.307 DEBUG 33512 --- [ool housekeeper] com.zaxxer.hikari.pool.HikariPool        : CentralHikariPool - After cleanup  stats (total=1, active=0, idle=1, waiting=0)
2026-06-23 12:59:06.307 DEBUG 33512 --- [ool housekeeper] com.zaxxer.hikari.pool.HikariPool        : CentralHikariPool - Fill pool skipped, pool is at sufficient level.
2026-06-23 12:59:06.370 DEBUG 33512 --- [ool housekeeper] com.zaxxer.hikari.pool.HikariPool        : TigoHogarHikariPool - Before cleanup stats (total=1, active=0, idle=1, waiting=0)
2026-06-23 12:59:06.370 DEBUG 33512 --- [ool housekeeper] com.zaxxer.hikari.pool.HikariPool        : TigoHogarHikariPool - After cleanup  stats (total=1, active=0, idle=1, waiting=0)
2026-06-23 12:59:06.370 DEBUG 33512 --- [ool housekeeper] com.zaxxer.hikari.pool.HikariPool        : TigoHogarHikariPool - Fill pool skipped, pool is at sufficient level.
2026-06-23 12:59:24.351 DEBUG 33512 --- [l-1 housekeeper] com.zaxxer.hikari.pool.HikariPool        : HikariPool-1 - Before cleanup stats (total=1, active=0, idle=1, waiting=0)
2026-06-23 12:59:24.351 DEBUG 33512 --- [l-1 housekeeper] com.zaxxer.hikari.pool.HikariPool        : HikariPool-1 - After cleanup  stats (total=1, active=0, idle=1, waiting=0)
2026-06-23 12:59:24.351 DEBUG 33512 --- [l-1 housekeeper] com.zaxxer.hikari.pool.HikariPool        : HikariPool-1 - Fill pool skipped, pool is at sufficient level.
2026-06-23 12:59:26.373 DEBUG 33512 --- [ruz housekeeper] com.zaxxer.hikari.pool.HikariPool        : ConnDb-SantaCruz - Before cleanup stats (total=1, active=0, idle=1, waiting=0)
2026-06-23 12:59:26.373 DEBUG 33512 --- [ruz housekeeper] com.zaxxer.hikari.pool.HikariPool        : ConnDb-SantaCruz - After cleanup  stats (total=1, active=0, idle=1, waiting=0)
2026-06-23 12:59:26.373 DEBUG 33512 --- [ruz housekeeper] com.zaxxer.hikari.pool.HikariPool        : ConnDb-SantaCruz - Fill pool skipped, pool is at sufficient level.
2026-06-23 12:59:30.731 DEBUG 33512 --- [l-9 housekeeper] com.zaxxer.hikari.pool.HikariPool        : ConnDb-sucursal-9 - Before cleanup stats (total=1, active=0, idle=1, waiting=0)
2026-06-23 12:59:30.731 DEBUG 33512 --- [l-9 housekeeper] com.zaxxer.hikari.pool.HikariPool        : ConnDb-sucursal-9 - After cleanup  stats (total=1, active=0, idle=1, waiting=0)
2026-06-23 12:59:30.731 DEBUG 33512 --- [l-9 housekeeper] com.zaxxer.hikari.pool.HikariPool        : ConnDb-sucursal-9 - Fill pool skipped, pool is at sufficient level.
2026-06-23 12:59:36.318 DEBUG 33512 --- [ool housekeeper] com.zaxxer.hikari.pool.HikariPool        : CentralHikariPool - Before cleanup stats (total=1, active=0, idle=1, waiting=0)
2026-06-23 12:59:36.319 DEBUG 33512 --- [ool housekeeper] com.zaxxer.hikari.pool.HikariPool        : CentralHikariPool - After cleanup  stats (total=1, active=0, idle=1, waiting=0)
2026-06-23 12:59:36.319 DEBUG 33512 --- [ool housekeeper] com.zaxxer.hikari.pool.HikariPool        : CentralHikariPool - Fill pool skipped, pool is at sufficient level.
2026-06-23 12:59:36.381 DEBUG 33512 --- [ool housekeeper] com.zaxxer.hikari.pool.HikariPool        : TigoHogarHikariPool - Before cleanup stats (total=1, active=0, idle=1, waiting=0)
2026-06-23 12:59:36.381 DEBUG 33512 --- [ool housekeeper] com.zaxxer.hikari.pool.HikariPool        : TigoHogarHikariPool - After cleanup  stats (total=1, active=0, idle=1, waiting=0)
2026-06-23 12:59:36.381 DEBUG 33512 --- [ool housekeeper] com.zaxxer.hikari.pool.HikariPool        : TigoHogarHikariPool - Fill pool skipped, pool is at sufficient level.
2026-06-23 12:59:53.316 DEBUG 33512 --- [nio-9060-exec-5] o.s.web.servlet.DispatcherServlet        : GET "/backoffice/supervision/jornadas/historico?fecha=2026-06-22&sucursal=SantaCruz", parameters={masked}
2026-06-23 12:59:53.317 DEBUG 33512 --- [nio-9060-exec-5] s.w.s.m.m.a.RequestMappingHandlerMapping : Mapped to com.example.TigoStarSystem.supervision.controller.BackOfficeSupervisionController#listarHistoricoJornadas(String, LocalDate, String, Integer)
2026-06-23 12:59:53.322 DEBUG 33512 --- [nio-9060-exec-5] o.s.jdbc.core.JdbcTemplate               : Executing prepared SQL query
2026-06-23 12:59:53.322 DEBUG 33512 --- [nio-9060-exec-5] o.s.jdbc.core.JdbcTemplate               : Executing prepared SQL statement [WITH tecnicos AS (   SELECT c.sucursal, c.grupo, c.idUsuarioSupervisor, c.supervisorACargo, CAST(c.id_tecnico AS INT) AS idTecnico, c.tecnico AS tecnico, c.fecha, c.fechaRegistro, c.id   FROM dbo.tbl_ConformacionCuadrillaDiario c WHERE ISNULL(c.e_eliminado, 0) = 0   AND (? IS NULL OR LOWER(REPLACE(REPLACE(REPLACE(LTRIM(RTRIM(ISNULL(c.sucursal, ''))), '_', ''), '-', ''), ' ', '')) =                   LOWER(REPLACE(REPLACE(REPLACE(?, '_', ''), '-', ''), ' ', '')))   AND (? IS NULL OR CAST(c.idUsuarioSupervisor AS INT) = ?)     AND c.id_tecnico IS NOT NULL AND c.id_tecnico > 0   UNION ALL   SELECT c.sucursal, c.grupo, c.idUsuarioSupervisor, c.supervisorACargo, CAST(c.id_tecnicoAuxiliar AS INT) AS idTecnico, c.auxiliar AS tecnico, c.fecha, c.fechaRegistro, c.id   FROM dbo.tbl_ConformacionCuadrillaDiario c WHERE ISNULL(c.e_eliminado, 0) = 0   AND (? IS NULL OR LOWER(REPLACE(REPLACE(REPLACE(LTRIM(RTRIM(ISNULL(c.sucursal, ''))), '_', ''), '-', ''), ' ', '')) =                   LOWER(REPLACE(REPLACE(REPLACE(?, '_', ''), '-', ''), ' ', '')))   AND (? IS NULL OR CAST(c.idUsuarioSupervisor AS INT) = ?)     AND c.id_tecnicoAuxiliar IS NOT NULL AND c.id_tecnicoAuxiliar > 0 ), ranked AS (   SELECT *, ROW_NUMBER() OVER (PARTITION BY idTecnico ORDER BY ISNULL(fecha, '19000101') DESC, ISNULL(fechaRegistro, '19000101') DESC, id DESC) AS rn   FROM tecnicos ) SELECT CAST(idTecnico AS INT) AS idTecnico, CAST(idTecnico AS INT) AS id_tecnico, tecnico AS tecnicoNombre, tecnico,        sucursal, grupo, CAST(idUsuarioSupervisor AS INT) AS idSupervisor, supervisorACargo AS supervisorNombre FROM ranked WHERE rn = 1 ORDER BY sucursal, grupo, tecnico]
2026-06-23 12:59:53.322 DEBUG 33512 --- [nio-9060-exec-5] o.s.jdbc.datasource.DataSourceUtils      : Fetching JDBC Connection from DataSource
2026-06-23 12:59:53.338 DEBUG 33512 --- [nio-9060-exec-5] o.s.jdbc.core.JdbcTemplate               : Executing prepared SQL query
2026-06-23 12:59:53.339 DEBUG 33512 --- [nio-9060-exec-5] o.s.jdbc.core.JdbcTemplate               : Executing prepared SQL statement [SELECT * FROM dbo.tbl_InicioJornadaAlturas ij WHERE CAST(ij.fecha_registro AS DATE) = ?   AND ISNULL(ij.e_eliminado, 0) = 0  AND ij.id_tecnico IN (?,?,?,?,?,?,?,?,?,?,?,?,?,?,?,?,?,?,?,?,?,?,?,?,?,?,?,?,?,?,?,?,?,?,?,?,?,?,?,?,?,?,?,?,?) ORDER BY ij.fecha_registro ASC, ij.id_inicio ASC]
2026-06-23 12:59:53.339 DEBUG 33512 --- [nio-9060-exec-5] o.s.jdbc.datasource.DataSourceUtils      : Fetching JDBC Connection from DataSource
2026-06-23 12:59:53.354 DEBUG 33512 --- [nio-9060-exec-5] o.s.w.s.m.m.a.HttpEntityMethodProcessor  : Using 'application/json', given [application/json, text/plain, */*] and supported [application/json, application/*+json, application/json, application/*+json]
2026-06-23 12:59:53.354 DEBUG 33512 --- [nio-9060-exec-5] o.s.w.s.m.m.a.HttpEntityMethodProcessor  : Writing [com.example.TigoStarSystem.common.ApiResponse@7f3d92a0]
2026-06-23 12:59:53.355 DEBUG 33512 --- [nio-9060-exec-5] o.s.web.servlet.DispatcherServlet        : Completed 200 OK
2026-06-23 12:59:54.358 DEBUG 33512 --- [l-1 housekeeper] com.zaxxer.hikari.pool.HikariPool        : HikariPool-1 - Before cleanup stats (total=1, active=0, idle=1, waiting=0)
2026-06-23 12:59:54.358 DEBUG 33512 --- [l-1 housekeeper] com.zaxxer.hikari.pool.HikariPool        : HikariPool-1 - After cleanup  stats (total=1, active=0, idle=1, waiting=0)
2026-06-23 12:59:54.358 DEBUG 33512 --- [l-1 housekeeper] com.zaxxer.hikari.pool.HikariPool        : HikariPool-1 - Fill pool skipped, pool is at sufficient level.
2026-06-23 12:59:56.386 DEBUG 33512 --- [ruz housekeeper] com.zaxxer.hikari.pool.HikariPool        : ConnDb-SantaCruz - Before cleanup stats (total=1, active=0, idle=1, waiting=0)
2026-06-23 12:59:56.386 DEBUG 33512 --- [ruz housekeeper] com.zaxxer.hikari.pool.HikariPool        : ConnDb-SantaCruz - After cleanup  stats (total=1, active=0, idle=1, waiting=0)
2026-06-23 12:59:56.386 DEBUG 33512 --- [ruz housekeeper] com.zaxxer.hikari.pool.HikariPool        : ConnDb-SantaCruz - Fill pool skipped, pool is at sufficient level.
2026-06-23 13:00:00.739 DEBUG 33512 --- [l-9 housekeeper] com.zaxxer.hikari.pool.HikariPool        : ConnDb-sucursal-9 - Before cleanup stats (total=1, active=0, idle=1, waiting=0)
2026-06-23 13:00:00.739 DEBUG 33512 --- [l-9 housekeeper] com.zaxxer.hikari.pool.HikariPool        : ConnDb-sucursal-9 - After cleanup  stats (total=1, active=0, idle=1, waiting=0)
2026-06-23 13:00:00.739 DEBUG 33512 --- [l-9 housekeeper] com.zaxxer.hikari.pool.HikariPool        : ConnDb-sucursal-9 - Fill pool skipped, pool is at sufficient level.
2026-06-23 13:00:06.333 DEBUG 33512 --- [ool housekeeper] com.zaxxer.hikari.pool.HikariPool        : CentralHikariPool - Before cleanup stats (total=1, active=0, idle=1, waiting=0)
2026-06-23 13:00:06.333 DEBUG 33512 --- [ool housekeeper] com.zaxxer.hikari.pool.HikariPool        : CentralHikariPool - After cleanup  stats (total=1, active=0, idle=1, waiting=0)
2026-06-23 13:00:06.333 DEBUG 33512 --- [ool housekeeper] com.zaxxer.hikari.pool.HikariPool        : CentralHikariPool - Fill pool skipped, pool is at sufficient level.
2026-06-23 13:00:06.395 DEBUG 33512 --- [ool housekeeper] com.zaxxer.hikari.pool.HikariPool        : TigoHogarHikariPool - Before cleanup stats (total=1, active=0, idle=1, waiting=0)
2026-06-23 13:00:06.395 DEBUG 33512 --- [ool housekeeper] com.zaxxer.hikari.pool.HikariPool        : TigoHogarHikariPool - After cleanup  stats (total=1, active=0, idle=1, waiting=0)
2026-06-23 13:00:06.395 DEBUG 33512 --- [ool housekeeper] com.zaxxer.hikari.pool.HikariPool        : TigoHogarHikariPool - Fill pool skipped, pool is at sufficient level.
2026-06-23 13:00:13.499 DEBUG 33512 --- [nio-9060-exec-6] o.s.web.servlet.DispatcherServlet        : GET "/backoffice/supervision/jornadas/historico?fecha=2026-06-19&sucursal=SantaCruz", parameters={masked}
2026-06-23 13:00:13.500 DEBUG 33512 --- [nio-9060-exec-6] s.w.s.m.m.a.RequestMappingHandlerMapping : Mapped to com.example.TigoStarSystem.supervision.controller.BackOfficeSupervisionController#listarHistoricoJornadas(String, LocalDate, String, Integer)
2026-06-23 13:00:13.505 DEBUG 33512 --- [nio-9060-exec-6] o.s.jdbc.core.JdbcTemplate               : Executing prepared SQL query
2026-06-23 13:00:13.506 DEBUG 33512 --- [nio-9060-exec-6] o.s.jdbc.core.JdbcTemplate               : Executing prepared SQL statement [WITH tecnicos AS (   SELECT c.sucursal, c.grupo, c.idUsuarioSupervisor, c.supervisorACargo, CAST(c.id_tecnico AS INT) AS idTecnico, c.tecnico AS tecnico, c.fecha, c.fechaRegistro, c.id   FROM dbo.tbl_ConformacionCuadrillaDiario c WHERE ISNULL(c.e_eliminado, 0) = 0   AND (? IS NULL OR LOWER(REPLACE(REPLACE(REPLACE(LTRIM(RTRIM(ISNULL(c.sucursal, ''))), '_', ''), '-', ''), ' ', '')) =                   LOWER(REPLACE(REPLACE(REPLACE(?, '_', ''), '-', ''), ' ', '')))   AND (? IS NULL OR CAST(c.idUsuarioSupervisor AS INT) = ?)     AND c.id_tecnico IS NOT NULL AND c.id_tecnico > 0   UNION ALL   SELECT c.sucursal, c.grupo, c.idUsuarioSupervisor, c.supervisorACargo, CAST(c.id_tecnicoAuxiliar AS INT) AS idTecnico, c.auxiliar AS tecnico, c.fecha, c.fechaRegistro, c.id   FROM dbo.tbl_ConformacionCuadrillaDiario c WHERE ISNULL(c.e_eliminado, 0) = 0   AND (? IS NULL OR LOWER(REPLACE(REPLACE(REPLACE(LTRIM(RTRIM(ISNULL(c.sucursal, ''))), '_', ''), '-', ''), ' ', '')) =                   LOWER(REPLACE(REPLACE(REPLACE(?, '_', ''), '-', ''), ' ', '')))   AND (? IS NULL OR CAST(c.idUsuarioSupervisor AS INT) = ?)     AND c.id_tecnicoAuxiliar IS NOT NULL AND c.id_tecnicoAuxiliar > 0 ), ranked AS (   SELECT *, ROW_NUMBER() OVER (PARTITION BY idTecnico ORDER BY ISNULL(fecha, '19000101') DESC, ISNULL(fechaRegistro, '19000101') DESC, id DESC) AS rn   FROM tecnicos ) SELECT CAST(idTecnico AS INT) AS idTecnico, CAST(idTecnico AS INT) AS id_tecnico, tecnico AS tecnicoNombre, tecnico,        sucursal, grupo, CAST(idUsuarioSupervisor AS INT) AS idSupervisor, supervisorACargo AS supervisorNombre FROM ranked WHERE rn = 1 ORDER BY sucursal, grupo, tecnico]
2026-06-23 13:00:13.506 DEBUG 33512 --- [nio-9060-exec-6] o.s.jdbc.datasource.DataSourceUtils      : Fetching JDBC Connection from DataSource
2026-06-23 13:00:13.546 DEBUG 33512 --- [nio-9060-exec-6] o.s.jdbc.core.JdbcTemplate               : Executing prepared SQL query
2026-06-23 13:00:13.546 DEBUG 33512 --- [nio-9060-exec-6] o.s.jdbc.core.JdbcTemplate               : Executing prepared SQL statement [SELECT * FROM dbo.tbl_InicioJornadaAlturas ij WHERE CAST(ij.fecha_registro AS DATE) = ?   AND ISNULL(ij.e_eliminado, 0) = 0  AND ij.id_tecnico IN (?,?,?,?,?,?,?,?,?,?,?,?,?,?,?,?,?,?,?,?,?,?,?,?,?,?,?,?,?,?,?,?,?,?,?,?,?,?,?,?,?,?,?,?,?) ORDER BY ij.fecha_registro ASC, ij.id_inicio ASC]
2026-06-23 13:00:13.546 DEBUG 33512 --- [nio-9060-exec-6] o.s.jdbc.datasource.DataSourceUtils      : Fetching JDBC Connection from DataSource
2026-06-23 13:00:14.025 DEBUG 33512 --- [nio-9060-exec-6] o.s.jdbc.core.JdbcTemplate               : Executing SQL query [EXEC dbo.spx_ObtenerSucursalesConexion]
2026-06-23 13:00:14.025 DEBUG 33512 --- [nio-9060-exec-6] o.s.jdbc.datasource.DataSourceUtils      : Fetching JDBC Connection from DataSource
2026-06-23 13:00:14.033 DEBUG 33512 --- [nio-9060-exec-6] o.s.jdbc.core.JdbcTemplate               : Executing SQL query [EXEC dbo.spx_ObtenerSucursalesConexion]
2026-06-23 13:00:14.033 DEBUG 33512 --- [nio-9060-exec-6] o.s.jdbc.datasource.DataSourceUtils      : Fetching JDBC Connection from DataSource
2026-06-23 13:00:14.038 DEBUG 33512 --- [nio-9060-exec-6] o.s.jdbc.core.JdbcTemplate               : Executing SQL query [EXEC dbo.SP_Usuario_ListarActivosBasico]
2026-06-23 13:00:14.038 DEBUG 33512 --- [nio-9060-exec-6] o.s.jdbc.datasource.DataSourceUtils      : Fetching JDBC Connection from DataSource
2026-06-23 13:00:14.043 DEBUG 33512 --- [nio-9060-exec-6] o.s.jdbc.core.JdbcTemplate               : Executing prepared SQL query
2026-06-23 13:00:14.043 DEBUG 33512 --- [nio-9060-exec-6] o.s.jdbc.core.JdbcTemplate               : Executing prepared SQL statement [SELECT * FROM dbo.tbl_InicioJornadaAlturas WHERE id_inicio IN (?)]
2026-06-23 13:00:14.044 DEBUG 33512 --- [nio-9060-exec-6] o.s.jdbc.datasource.DataSourceUtils      : Fetching JDBC Connection from DataSource
2026-06-23 13:00:14.500 DEBUG 33512 --- [nio-9060-exec-6] o.s.w.s.m.m.a.HttpEntityMethodProcessor  : Using 'application/json', given [application/json, text/plain, */*] and supported [application/json, application/*+json, application/json, application/*+json]
2026-06-23 13:00:14.500 DEBUG 33512 --- [nio-9060-exec-6] o.s.w.s.m.m.a.HttpEntityMethodProcessor  : Writing [com.example.TigoStarSystem.common.ApiResponse@fb7cd8]
2026-06-23 13:00:14.510 DEBUG 33512 --- [nio-9060-exec-6] o.s.web.servlet.DispatcherServlet        : Completed 200 OK
2026-06-23 13:00:14.836 DEBUG 33512 --- [l-1 housekeeper] com.zaxxer.hikari.pool.HikariPool        : HikariPool-1 - keepalive: connection net.sourceforge.jtds.jdbc.JtdsConnection@3719fb21 is alive
2026-06-23 13:00:15.256 DEBUG 33512 --- [ool housekeeper] com.zaxxer.hikari.pool.HikariPool        : TigoHogarHikariPool - keepalive: connection net.sourceforge.jtds.jdbc.JtdsConnection@56081bb4 is alive
2026-06-23 13:00:24.366 DEBUG 33512 --- [l-1 housekeeper] com.zaxxer.hikari.pool.HikariPool        : HikariPool-1 - Before cleanup stats (total=1, active=0, idle=1, waiting=0)
2026-06-23 13:00:24.366 DEBUG 33512 --- [l-1 housekeeper] com.zaxxer.hikari.pool.HikariPool        : HikariPool-1 - After cleanup  stats (total=1, active=0, idle=1, waiting=0)
2026-06-23 13:00:24.366 DEBUG 33512 --- [l-1 housekeeper] com.zaxxer.hikari.pool.HikariPool        : HikariPool-1 - Fill pool skipped, pool is at sufficient level.
2026-06-23 13:00:26.281 DEBUG 33512 --- [ool housekeeper] com.zaxxer.hikari.pool.HikariPool        : CentralHikariPool - keepalive: connection net.sourceforge.jtds.jdbc.JtdsConnection@3c7ebce3 is alive
2026-06-23 13:00:26.388 DEBUG 33512 --- [ruz housekeeper] com.zaxxer.hikari.pool.HikariPool        : ConnDb-SantaCruz - Before cleanup stats (total=1, active=0, idle=1, waiting=0)
2026-06-23 13:00:26.388 DEBUG 33512 --- [ruz housekeeper] com.zaxxer.hikari.pool.HikariPool        : ConnDb-SantaCruz - After cleanup  stats (total=1, active=0, idle=1, waiting=0)
2026-06-23 13:00:26.388 DEBUG 33512 --- [ruz housekeeper] com.zaxxer.hikari.pool.HikariPool        : ConnDb-SantaCruz - Fill pool skipped, pool is at sufficient level.
2026-06-23 13:00:30.753 DEBUG 33512 --- [l-9 housekeeper] com.zaxxer.hikari.pool.HikariPool        : ConnDb-sucursal-9 - Before cleanup stats (total=1, active=0, idle=1, waiting=0)
2026-06-23 13:00:30.753 DEBUG 33512 --- [l-9 housekeeper] com.zaxxer.hikari.pool.HikariPool        : ConnDb-sucursal-9 - After cleanup  stats (total=1, active=0, idle=1, waiting=0)
2026-06-23 13:00:30.753 DEBUG 33512 --- [l-9 housekeeper] com.zaxxer.hikari.pool.HikariPool        : ConnDb-sucursal-9 - Fill pool skipped, pool is at sufficient level.
2026-06-23 13:00:36.341 DEBUG 33512 --- [ool housekeeper] com.zaxxer.hikari.pool.HikariPool        : CentralHikariPool - Before cleanup stats (total=1, active=0, idle=1, waiting=0)
2026-06-23 13:00:36.341 DEBUG 33512 --- [ool housekeeper] com.zaxxer.hikari.pool.HikariPool        : CentralHikariPool - After cleanup  stats (total=1, active=0, idle=1, waiting=0)
2026-06-23 13:00:36.341 DEBUG 33512 --- [ool housekeeper] com.zaxxer.hikari.pool.HikariPool        : CentralHikariPool - Fill pool skipped, pool is at sufficient level.
2026-06-23 13:00:36.404 DEBUG 33512 --- [ool housekeeper] com.zaxxer.hikari.pool.HikariPool        : TigoHogarHikariPool - Before cleanup stats (total=1, active=0, idle=1, waiting=0)
2026-06-23 13:00:36.404 DEBUG 33512 --- [ool housekeeper] com.zaxxer.hikari.pool.HikariPool        : TigoHogarHikariPool - After cleanup  stats (total=1, active=0, idle=1, waiting=0)
2026-06-23 13:00:36.404 DEBUG 33512 --- [ool housekeeper] com.zaxxer.hikari.pool.HikariPool        : TigoHogarHikariPool - Fill pool skipped, pool is at sufficient level.
2026-06-23 13:00:54.371 DEBUG 33512 --- [l-1 housekeeper] com.zaxxer.hikari.pool.HikariPool        : HikariPool-1 - Before cleanup stats (total=1, active=0, idle=1, waiting=0)
2026-06-23 13:00:54.371 DEBUG 33512 --- [l-1 housekeeper] com.zaxxer.hikari.pool.HikariPool        : HikariPool-1 - After cleanup  stats (total=1, active=0, idle=1, waiting=0)
2026-06-23 13:00:54.371 DEBUG 33512 --- [l-1 housekeeper] com.zaxxer.hikari.pool.HikariPool        : HikariPool-1 - Fill pool skipped, pool is at sufficient level.
2026-06-23 13:00:56.400 DEBUG 33512 --- [ruz housekeeper] com.zaxxer.hikari.pool.HikariPool        : ConnDb-SantaCruz - Before cleanup stats (total=1, active=0, idle=1, waiting=0)
2026-06-23 13:00:56.400 DEBUG 33512 --- [ruz housekeeper] com.zaxxer.hikari.pool.HikariPool        : ConnDb-SantaCruz - After cleanup  stats (total=1, active=0, idle=1, waiting=0)
2026-06-23 13:00:56.400 DEBUG 33512 --- [ruz housekeeper] com.zaxxer.hikari.pool.HikariPool        : ConnDb-SantaCruz - Fill pool skipped, pool is at sufficient level.
2026-06-23 13:01:00.755 DEBUG 33512 --- [l-9 housekeeper] com.zaxxer.hikari.pool.HikariPool        : ConnDb-sucursal-9 - Before cleanup stats (total=1, active=0, idle=1, waiting=0)
2026-06-23 13:01:00.755 DEBUG 33512 --- [l-9 housekeeper] com.zaxxer.hikari.pool.HikariPool        : ConnDb-sucursal-9 - After cleanup  stats (total=1, active=0, idle=1, waiting=0)
2026-06-23 13:01:00.755 DEBUG 33512 --- [l-9 housekeeper] com.zaxxer.hikari.pool.HikariPool        : ConnDb-sucursal-9 - Fill pool skipped, pool is at sufficient level.
2026-06-23 13:01:06.349 DEBUG 33512 --- [ool housekeeper] com.zaxxer.hikari.pool.HikariPool        : CentralHikariPool - Before cleanup stats (total=1, active=0, idle=1, waiting=0)
2026-06-23 13:01:06.349 DEBUG 33512 --- [ool housekeeper] com.zaxxer.hikari.pool.HikariPool        : CentralHikariPool - After cleanup  stats (total=1, active=0, idle=1, waiting=0)
2026-06-23 13:01:06.349 DEBUG 33512 --- [ool housekeeper] com.zaxxer.hikari.pool.HikariPool        : CentralHikariPool - Fill pool skipped, pool is at sufficient level.
2026-06-23 13:01:06.410 DEBUG 33512 --- [ool housekeeper] com.zaxxer.hikari.pool.HikariPool        : TigoHogarHikariPool - Before cleanup stats (total=1, active=0, idle=1, waiting=0)
2026-06-23 13:01:06.410 DEBUG 33512 --- [ool housekeeper] com.zaxxer.hikari.pool.HikariPool        : TigoHogarHikariPool - After cleanup  stats (total=1, active=0, idle=1, waiting=0)
2026-06-23 13:01:06.410 DEBUG 33512 --- [ool housekeeper] com.zaxxer.hikari.pool.HikariPool        : TigoHogarHikariPool - Fill pool skipped, pool is at sufficient level.
2026-06-23 13:01:24.381 DEBUG 33512 --- [l-1 housekeeper] com.zaxxer.hikari.pool.HikariPool        : HikariPool-1 - Before cleanup stats (total=1, active=0, idle=1, waiting=0)
2026-06-23 13:01:24.381 DEBUG 33512 --- [l-1 housekeeper] com.zaxxer.hikari.pool.HikariPool        : HikariPool-1 - After cleanup  stats (total=1, active=0, idle=1, waiting=0)
2026-06-23 13:01:24.381 DEBUG 33512 --- [l-1 housekeeper] com.zaxxer.hikari.pool.HikariPool        : HikariPool-1 - Fill pool skipped, pool is at sufficient level.
2026-06-23 13:01:26.404 DEBUG 33512 --- [ruz housekeeper] com.zaxxer.hikari.pool.HikariPool        : ConnDb-SantaCruz - Before cleanup stats (total=1, active=0, idle=1, waiting=0)
2026-06-23 13:01:26.404 DEBUG 33512 --- [ruz housekeeper] com.zaxxer.hikari.pool.HikariPool        : ConnDb-SantaCruz - After cleanup  stats (total=1, active=0, idle=1, waiting=0)
2026-06-23 13:01:26.404 DEBUG 33512 --- [ruz housekeeper] com.zaxxer.hikari.pool.HikariPool        : ConnDb-SantaCruz - Fill pool skipped, pool is at sufficient level.
2026-06-23 13:01:30.764 DEBUG 33512 --- [l-9 housekeeper] com.zaxxer.hikari.pool.HikariPool        : ConnDb-sucursal-9 - Before cleanup stats (total=1, active=0, idle=1, waiting=0)
2026-06-23 13:01:30.764 DEBUG 33512 --- [l-9 housekeeper] com.zaxxer.hikari.pool.HikariPool        : ConnDb-sucursal-9 - After cleanup  stats (total=1, active=0, idle=1, waiting=0)
2026-06-23 13:01:30.764 DEBUG 33512 --- [l-9 housekeeper] com.zaxxer.hikari.pool.HikariPool        : ConnDb-sucursal-9 - Fill pool skipped, pool is at sufficient level.
2026-06-23 13:01:31.442 DEBUG 33512 --- [nio-9060-exec-8] o.s.web.servlet.DispatcherServlet        : GET "/backoffice/supervision/jornadas/historico?fecha=2026-06-19&sucursal=Montero", parameters={masked}
2026-06-23 13:01:31.442 DEBUG 33512 --- [nio-9060-exec-8] s.w.s.m.m.a.RequestMappingHandlerMapping : Mapped to com.example.TigoStarSystem.supervision.controller.BackOfficeSupervisionController#listarHistoricoJornadas(String, LocalDate, String, Integer)
2026-06-23 13:01:31.445 DEBUG 33512 --- [nio-9060-exec-8] o.s.jdbc.core.JdbcTemplate               : Executing prepared SQL query
2026-06-23 13:01:31.445 DEBUG 33512 --- [nio-9060-exec-8] o.s.jdbc.core.JdbcTemplate               : Executing prepared SQL statement [WITH tecnicos AS (   SELECT c.sucursal, c.grupo, c.idUsuarioSupervisor, c.supervisorACargo, CAST(c.id_tecnico AS INT) AS idTecnico, c.tecnico AS tecnico, c.fecha, c.fechaRegistro, c.id   FROM dbo.tbl_ConformacionCuadrillaDiario c WHERE ISNULL(c.e_eliminado, 0) = 0   AND (? IS NULL OR LOWER(REPLACE(REPLACE(REPLACE(LTRIM(RTRIM(ISNULL(c.sucursal, ''))), '_', ''), '-', ''), ' ', '')) =                   LOWER(REPLACE(REPLACE(REPLACE(?, '_', ''), '-', ''), ' ', '')))   AND (? IS NULL OR CAST(c.idUsuarioSupervisor AS INT) = ?)     AND c.id_tecnico IS NOT NULL AND c.id_tecnico > 0   UNION ALL   SELECT c.sucursal, c.grupo, c.idUsuarioSupervisor, c.supervisorACargo, CAST(c.id_tecnicoAuxiliar AS INT) AS idTecnico, c.auxiliar AS tecnico, c.fecha, c.fechaRegistro, c.id   FROM dbo.tbl_ConformacionCuadrillaDiario c WHERE ISNULL(c.e_eliminado, 0) = 0   AND (? IS NULL OR LOWER(REPLACE(REPLACE(REPLACE(LTRIM(RTRIM(ISNULL(c.sucursal, ''))), '_', ''), '-', ''), ' ', '')) =                   LOWER(REPLACE(REPLACE(REPLACE(?, '_', ''), '-', ''), ' ', '')))   AND (? IS NULL OR CAST(c.idUsuarioSupervisor AS INT) = ?)     AND c.id_tecnicoAuxiliar IS NOT NULL AND c.id_tecnicoAuxiliar > 0 ), ranked AS (   SELECT *, ROW_NUMBER() OVER (PARTITION BY idTecnico ORDER BY ISNULL(fecha, '19000101') DESC, ISNULL(fechaRegistro, '19000101') DESC, id DESC) AS rn   FROM tecnicos ) SELECT CAST(idTecnico AS INT) AS idTecnico, CAST(idTecnico AS INT) AS id_tecnico, tecnico AS tecnicoNombre, tecnico,        sucursal, grupo, CAST(idUsuarioSupervisor AS INT) AS idSupervisor, supervisorACargo AS supervisorNombre FROM ranked WHERE rn = 1 ORDER BY sucursal, grupo, tecnico]
2026-06-23 13:01:31.445 DEBUG 33512 --- [nio-9060-exec-8] o.s.jdbc.datasource.DataSourceUtils      : Fetching JDBC Connection from DataSource
2026-06-23 13:01:31.458 DEBUG 33512 --- [nio-9060-exec-8] o.s.jdbc.core.JdbcTemplate               : Executing prepared SQL query
2026-06-23 13:01:31.458 DEBUG 33512 --- [nio-9060-exec-8] o.s.jdbc.core.JdbcTemplate               : Executing prepared SQL statement [SELECT * FROM dbo.tbl_InicioJornadaAlturas ij WHERE CAST(ij.fecha_registro AS DATE) = ?   AND ISNULL(ij.e_eliminado, 0) = 0  AND ij.id_tecnico IN (?,?,?,?,?,?) ORDER BY ij.fecha_registro ASC, ij.id_inicio ASC]
2026-06-23 13:01:31.458 DEBUG 33512 --- [nio-9060-exec-8] o.s.jdbc.datasource.DataSourceUtils      : Fetching JDBC Connection from DataSource
2026-06-23 13:01:31.477 DEBUG 33512 --- [nio-9060-exec-8] o.s.w.s.m.m.a.HttpEntityMethodProcessor  : Using 'application/json', given [application/json, text/plain, */*] and supported [application/json, application/*+json, application/json, application/*+json]
2026-06-23 13:01:31.477 DEBUG 33512 --- [nio-9060-exec-8] o.s.w.s.m.m.a.HttpEntityMethodProcessor  : Writing [com.example.TigoStarSystem.common.ApiResponse@381ffea3]
2026-06-23 13:01:31.478 DEBUG 33512 --- [nio-9060-exec-8] o.s.web.servlet.DispatcherServlet        : Completed 200 OK
2026-06-23 13:01:35.175 DEBUG 33512 --- [io-9060-exec-10] o.s.web.servlet.DispatcherServlet        : GET "/backoffice/supervision/jornadas/historico?fecha=2026-06-19&sucursal=Tarija", parameters={masked}
2026-06-23 13:01:35.175 DEBUG 33512 --- [io-9060-exec-10] s.w.s.m.m.a.RequestMappingHandlerMapping : Mapped to com.example.TigoStarSystem.supervision.controller.BackOfficeSupervisionController#listarHistoricoJornadas(String, LocalDate, String, Integer)
2026-06-23 13:01:35.182 DEBUG 33512 --- [io-9060-exec-10] o.s.jdbc.core.JdbcTemplate               : Executing prepared SQL query
2026-06-23 13:01:35.182 DEBUG 33512 --- [io-9060-exec-10] o.s.jdbc.core.JdbcTemplate               : Executing prepared SQL statement [WITH tecnicos AS (   SELECT c.sucursal, c.grupo, c.idUsuarioSupervisor, c.supervisorACargo, CAST(c.id_tecnico AS INT) AS idTecnico, c.tecnico AS tecnico, c.fecha, c.fechaRegistro, c.id   FROM dbo.tbl_ConformacionCuadrillaDiario c WHERE ISNULL(c.e_eliminado, 0) = 0   AND (? IS NULL OR LOWER(REPLACE(REPLACE(REPLACE(LTRIM(RTRIM(ISNULL(c.sucursal, ''))), '_', ''), '-', ''), ' ', '')) =                   LOWER(REPLACE(REPLACE(REPLACE(?, '_', ''), '-', ''), ' ', '')))   AND (? IS NULL OR CAST(c.idUsuarioSupervisor AS INT) = ?)     AND c.id_tecnico IS NOT NULL AND c.id_tecnico > 0   UNION ALL   SELECT c.sucursal, c.grupo, c.idUsuarioSupervisor, c.supervisorACargo, CAST(c.id_tecnicoAuxiliar AS INT) AS idTecnico, c.auxiliar AS tecnico, c.fecha, c.fechaRegistro, c.id   FROM dbo.tbl_ConformacionCuadrillaDiario c WHERE ISNULL(c.e_eliminado, 0) = 0   AND (? IS NULL OR LOWER(REPLACE(REPLACE(REPLACE(LTRIM(RTRIM(ISNULL(c.sucursal, ''))), '_', ''), '-', ''), ' ', '')) =                   LOWER(REPLACE(REPLACE(REPLACE(?, '_', ''), '-', ''), ' ', '')))   AND (? IS NULL OR CAST(c.idUsuarioSupervisor AS INT) = ?)     AND c.id_tecnicoAuxiliar IS NOT NULL AND c.id_tecnicoAuxiliar > 0 ), ranked AS (   SELECT *, ROW_NUMBER() OVER (PARTITION BY idTecnico ORDER BY ISNULL(fecha, '19000101') DESC, ISNULL(fechaRegistro, '19000101') DESC, id DESC) AS rn   FROM tecnicos ) SELECT CAST(idTecnico AS INT) AS idTecnico, CAST(idTecnico AS INT) AS id_tecnico, tecnico AS tecnicoNombre, tecnico,        sucursal, grupo, CAST(idUsuarioSupervisor AS INT) AS idSupervisor, supervisorACargo AS supervisorNombre FROM ranked WHERE rn = 1 ORDER BY sucursal, grupo, tecnico]
2026-06-23 13:01:35.182 DEBUG 33512 --- [io-9060-exec-10] o.s.jdbc.datasource.DataSourceUtils      : Fetching JDBC Connection from DataSource
2026-06-23 13:01:35.213 DEBUG 33512 --- [io-9060-exec-10] o.s.jdbc.core.JdbcTemplate               : Executing prepared SQL query
2026-06-23 13:01:35.213 DEBUG 33512 --- [io-9060-exec-10] o.s.jdbc.core.JdbcTemplate               : Executing prepared SQL statement [SELECT * FROM dbo.tbl_InicioJornadaAlturas ij WHERE CAST(ij.fecha_registro AS DATE) = ?   AND ISNULL(ij.e_eliminado, 0) = 0  AND ij.id_tecnico IN (?,?,?,?,?) ORDER BY ij.fecha_registro ASC, ij.id_inicio ASC]
2026-06-23 13:01:35.213 DEBUG 33512 --- [io-9060-exec-10] o.s.jdbc.datasource.DataSourceUtils      : Fetching JDBC Connection from DataSource
2026-06-23 13:01:35.254 DEBUG 33512 --- [io-9060-exec-10] o.s.w.s.m.m.a.HttpEntityMethodProcessor  : Using 'application/json', given [application/json, text/plain, */*] and supported [application/json, application/*+json, application/json, application/*+json]
2026-06-23 13:01:35.255 DEBUG 33512 --- [io-9060-exec-10] o.s.w.s.m.m.a.HttpEntityMethodProcessor  : Writing [com.example.TigoStarSystem.common.ApiResponse@1e3fe26e]
2026-06-23 13:01:35.255 DEBUG 33512 --- [io-9060-exec-10] o.s.web.servlet.DispatcherServlet        : Completed 200 OK
2026-06-23 13:01:36.360 DEBUG 33512 --- [ool housekeeper] com.zaxxer.hikari.pool.HikariPool        : CentralHikariPool - Before cleanup stats (total=1, active=0, idle=1, waiting=0)
2026-06-23 13:01:36.360 DEBUG 33512 --- [ool housekeeper] com.zaxxer.hikari.pool.HikariPool        : CentralHikariPool - After cleanup  stats (total=1, active=0, idle=1, waiting=0)
2026-06-23 13:01:36.360 DEBUG 33512 --- [ool housekeeper] com.zaxxer.hikari.pool.HikariPool        : CentralHikariPool - Fill pool skipped, pool is at sufficient level.
2026-06-23 13:01:36.423 DEBUG 33512 --- [ool housekeeper] com.zaxxer.hikari.pool.HikariPool        : TigoHogarHikariPool - Before cleanup stats (total=1, active=0, idle=1, waiting=0)
2026-06-23 13:01:36.423 DEBUG 33512 --- [ool housekeeper] com.zaxxer.hikari.pool.HikariPool        : TigoHogarHikariPool - After cleanup  stats (total=1, active=0, idle=1, waiting=0)
2026-06-23 13:01:36.423 DEBUG 33512 --- [ool housekeeper] com.zaxxer.hikari.pool.HikariPool        : TigoHogarHikariPool - Fill pool skipped, pool is at sufficient level.
2026-06-23 13:01:42.817 DEBUG 33512 --- [nio-9060-exec-9] o.s.web.servlet.DispatcherServlet        : GET "/backoffice/supervision/jornadas/historico?fecha=2026-06-19&sucursal=SantaCruz", parameters={masked}
2026-06-23 13:01:42.817 DEBUG 33512 --- [nio-9060-exec-9] s.w.s.m.m.a.RequestMappingHandlerMapping : Mapped to com.example.TigoStarSystem.supervision.controller.BackOfficeSupervisionController#listarHistoricoJornadas(String, LocalDate, String, Integer)
2026-06-23 13:01:42.821 DEBUG 33512 --- [nio-9060-exec-9] o.s.jdbc.core.JdbcTemplate               : Executing prepared SQL query
2026-06-23 13:01:42.821 DEBUG 33512 --- [nio-9060-exec-9] o.s.jdbc.core.JdbcTemplate               : Executing prepared SQL statement [WITH tecnicos AS (   SELECT c.sucursal, c.grupo, c.idUsuarioSupervisor, c.supervisorACargo, CAST(c.id_tecnico AS INT) AS idTecnico, c.tecnico AS tecnico, c.fecha, c.fechaRegistro, c.id   FROM dbo.tbl_ConformacionCuadrillaDiario c WHERE ISNULL(c.e_eliminado, 0) = 0   AND (? IS NULL OR LOWER(REPLACE(REPLACE(REPLACE(LTRIM(RTRIM(ISNULL(c.sucursal, ''))), '_', ''), '-', ''), ' ', '')) =                   LOWER(REPLACE(REPLACE(REPLACE(?, '_', ''), '-', ''), ' ', '')))   AND (? IS NULL OR CAST(c.idUsuarioSupervisor AS INT) = ?)     AND c.id_tecnico IS NOT NULL AND c.id_tecnico > 0   UNION ALL   SELECT c.sucursal, c.grupo, c.idUsuarioSupervisor, c.supervisorACargo, CAST(c.id_tecnicoAuxiliar AS INT) AS idTecnico, c.auxiliar AS tecnico, c.fecha, c.fechaRegistro, c.id   FROM dbo.tbl_ConformacionCuadrillaDiario c WHERE ISNULL(c.e_eliminado, 0) = 0   AND (? IS NULL OR LOWER(REPLACE(REPLACE(REPLACE(LTRIM(RTRIM(ISNULL(c.sucursal, ''))), '_', ''), '-', ''), ' ', '')) =                   LOWER(REPLACE(REPLACE(REPLACE(?, '_', ''), '-', ''), ' ', '')))   AND (? IS NULL OR CAST(c.idUsuarioSupervisor AS INT) = ?)     AND c.id_tecnicoAuxiliar IS NOT NULL AND c.id_tecnicoAuxiliar > 0 ), ranked AS (   SELECT *, ROW_NUMBER() OVER (PARTITION BY idTecnico ORDER BY ISNULL(fecha, '19000101') DESC, ISNULL(fechaRegistro, '19000101') DESC, id DESC) AS rn   FROM tecnicos ) SELECT CAST(idTecnico AS INT) AS idTecnico, CAST(idTecnico AS INT) AS id_tecnico, tecnico AS tecnicoNombre, tecnico,        sucursal, grupo, CAST(idUsuarioSupervisor AS INT) AS idSupervisor, supervisorACargo AS supervisorNombre FROM ranked WHERE rn = 1 ORDER BY sucursal, grupo, tecnico]
2026-06-23 13:01:42.821 DEBUG 33512 --- [nio-9060-exec-9] o.s.jdbc.datasource.DataSourceUtils      : Fetching JDBC Connection from DataSource
2026-06-23 13:01:42.836 DEBUG 33512 --- [nio-9060-exec-9] o.s.jdbc.core.JdbcTemplate               : Executing prepared SQL query
2026-06-23 13:01:42.836 DEBUG 33512 --- [nio-9060-exec-9] o.s.jdbc.core.JdbcTemplate               : Executing prepared SQL statement [SELECT * FROM dbo.tbl_InicioJornadaAlturas ij WHERE CAST(ij.fecha_registro AS DATE) = ?   AND ISNULL(ij.e_eliminado, 0) = 0  AND ij.id_tecnico IN (?,?,?,?,?,?,?,?,?,?,?,?,?,?,?,?,?,?,?,?,?,?,?,?,?,?,?,?,?,?,?,?,?,?,?,?,?,?,?,?,?,?,?,?,?) ORDER BY ij.fecha_registro ASC, ij.id_inicio ASC]
2026-06-23 13:01:42.836 DEBUG 33512 --- [nio-9060-exec-9] o.s.jdbc.datasource.DataSourceUtils      : Fetching JDBC Connection from DataSource
2026-06-23 13:01:43.273 DEBUG 33512 --- [nio-9060-exec-9] o.s.jdbc.core.JdbcTemplate               : Executing SQL query [EXEC dbo.spx_ObtenerSucursalesConexion]
2026-06-23 13:01:43.273 DEBUG 33512 --- [nio-9060-exec-9] o.s.jdbc.datasource.DataSourceUtils      : Fetching JDBC Connection from DataSource
2026-06-23 13:01:43.283 DEBUG 33512 --- [nio-9060-exec-9] o.s.jdbc.core.JdbcTemplate               : Executing SQL query [EXEC dbo.spx_ObtenerSucursalesConexion]
2026-06-23 13:01:43.283 DEBUG 33512 --- [nio-9060-exec-9] o.s.jdbc.datasource.DataSourceUtils      : Fetching JDBC Connection from DataSource
2026-06-23 13:01:43.288 DEBUG 33512 --- [nio-9060-exec-9] o.s.jdbc.core.JdbcTemplate               : Executing SQL query [EXEC dbo.SP_Usuario_ListarActivosBasico]
2026-06-23 13:01:43.288 DEBUG 33512 --- [nio-9060-exec-9] o.s.jdbc.datasource.DataSourceUtils      : Fetching JDBC Connection from DataSource
2026-06-23 13:01:43.296 DEBUG 33512 --- [nio-9060-exec-9] o.s.jdbc.core.JdbcTemplate               : Executing prepared SQL query
2026-06-23 13:01:43.296 DEBUG 33512 --- [nio-9060-exec-9] o.s.jdbc.core.JdbcTemplate               : Executing prepared SQL statement [SELECT * FROM dbo.tbl_InicioJornadaAlturas WHERE id_inicio IN (?)]
2026-06-23 13:01:43.296 DEBUG 33512 --- [nio-9060-exec-9] o.s.jdbc.datasource.DataSourceUtils      : Fetching JDBC Connection from DataSource
2026-06-23 13:01:43.736 DEBUG 33512 --- [nio-9060-exec-9] o.s.w.s.m.m.a.HttpEntityMethodProcessor  : Using 'application/json', given [application/json, text/plain, */*] and supported [application/json, application/*+json, application/json, application/*+json]
2026-06-23 13:01:43.737 DEBUG 33512 --- [nio-9060-exec-9] o.s.w.s.m.m.a.HttpEntityMethodProcessor  : Writing [com.example.TigoStarSystem.common.ApiResponse@7518460f]
2026-06-23 13:01:43.771 DEBUG 33512 --- [nio-9060-exec-9] o.s.web.servlet.DispatcherServlet        : Completed 200 OK
2026-06-23 13:01:52.386 DEBUG 33512 --- [nio-9060-exec-7] o.s.web.servlet.DispatcherServlet        : GET "/backoffice/supervision/jornadas/historico?fecha=2026-06-21&sucursal=SantaCruz", parameters={masked}
2026-06-23 13:01:52.386 DEBUG 33512 --- [nio-9060-exec-7] s.w.s.m.m.a.RequestMappingHandlerMapping : Mapped to com.example.TigoStarSystem.supervision.controller.BackOfficeSupervisionController#listarHistoricoJornadas(String, LocalDate, String, Integer)
2026-06-23 13:01:52.395 DEBUG 33512 --- [nio-9060-exec-7] o.s.jdbc.core.JdbcTemplate               : Executing prepared SQL query
2026-06-23 13:01:52.395 DEBUG 33512 --- [nio-9060-exec-7] o.s.jdbc.core.JdbcTemplate               : Executing prepared SQL statement [WITH tecnicos AS (   SELECT c.sucursal, c.grupo, c.idUsuarioSupervisor, c.supervisorACargo, CAST(c.id_tecnico AS INT) AS idTecnico, c.tecnico AS tecnico, c.fecha, c.fechaRegistro, c.id   FROM dbo.tbl_ConformacionCuadrillaDiario c WHERE ISNULL(c.e_eliminado, 0) = 0   AND (? IS NULL OR LOWER(REPLACE(REPLACE(REPLACE(LTRIM(RTRIM(ISNULL(c.sucursal, ''))), '_', ''), '-', ''), ' ', '')) =                   LOWER(REPLACE(REPLACE(REPLACE(?, '_', ''), '-', ''), ' ', '')))   AND (? IS NULL OR CAST(c.idUsuarioSupervisor AS INT) = ?)     AND c.id_tecnico IS NOT NULL AND c.id_tecnico > 0   UNION ALL   SELECT c.sucursal, c.grupo, c.idUsuarioSupervisor, c.supervisorACargo, CAST(c.id_tecnicoAuxiliar AS INT) AS idTecnico, c.auxiliar AS tecnico, c.fecha, c.fechaRegistro, c.id   FROM dbo.tbl_ConformacionCuadrillaDiario c WHERE ISNULL(c.e_eliminado, 0) = 0   AND (? IS NULL OR LOWER(REPLACE(REPLACE(REPLACE(LTRIM(RTRIM(ISNULL(c.sucursal, ''))), '_', ''), '-', ''), ' ', '')) =                   LOWER(REPLACE(REPLACE(REPLACE(?, '_', ''), '-', ''), ' ', '')))   AND (? IS NULL OR CAST(c.idUsuarioSupervisor AS INT) = ?)     AND c.id_tecnicoAuxiliar IS NOT NULL AND c.id_tecnicoAuxiliar > 0 ), ranked AS (   SELECT *, ROW_NUMBER() OVER (PARTITION BY idTecnico ORDER BY ISNULL(fecha, '19000101') DESC, ISNULL(fechaRegistro, '19000101') DESC, id DESC) AS rn   FROM tecnicos ) SELECT CAST(idTecnico AS INT) AS idTecnico, CAST(idTecnico AS INT) AS id_tecnico, tecnico AS tecnicoNombre, tecnico,        sucursal, grupo, CAST(idUsuarioSupervisor AS INT) AS idSupervisor, supervisorACargo AS supervisorNombre FROM ranked WHERE rn = 1 ORDER BY sucursal, grupo, tecnico]
2026-06-23 13:01:52.395 DEBUG 33512 --- [nio-9060-exec-7] o.s.jdbc.datasource.DataSourceUtils      : Fetching JDBC Connection from DataSource
2026-06-23 13:01:52.415 DEBUG 33512 --- [nio-9060-exec-7] o.s.jdbc.core.JdbcTemplate               : Executing prepared SQL query
2026-06-23 13:01:52.415 DEBUG 33512 --- [nio-9060-exec-7] o.s.jdbc.core.JdbcTemplate               : Executing prepared SQL statement [SELECT * FROM dbo.tbl_InicioJornadaAlturas ij WHERE CAST(ij.fecha_registro AS DATE) = ?   AND ISNULL(ij.e_eliminado, 0) = 0  AND ij.id_tecnico IN (?,?,?,?,?,?,?,?,?,?,?,?,?,?,?,?,?,?,?,?,?,?,?,?,?,?,?,?,?,?,?,?,?,?,?,?,?,?,?,?,?,?,?,?,?) ORDER BY ij.fecha_registro ASC, ij.id_inicio ASC]
2026-06-23 13:01:52.415 DEBUG 33512 --- [nio-9060-exec-7] o.s.jdbc.datasource.DataSourceUtils      : Fetching JDBC Connection from DataSource
2026-06-23 13:01:53.534 DEBUG 33512 --- [nio-9060-exec-7] o.s.jdbc.core.JdbcTemplate               : Executing SQL query [EXEC dbo.spx_ObtenerSucursalesConexion]
2026-06-23 13:01:53.535 DEBUG 33512 --- [nio-9060-exec-7] o.s.jdbc.datasource.DataSourceUtils      : Fetching JDBC Connection from DataSource
2026-06-23 13:01:53.549 DEBUG 33512 --- [nio-9060-exec-7] o.s.jdbc.core.JdbcTemplate               : Executing SQL query [EXEC dbo.spx_ObtenerSucursalesConexion]
2026-06-23 13:01:53.549 DEBUG 33512 --- [nio-9060-exec-7] o.s.jdbc.datasource.DataSourceUtils      : Fetching JDBC Connection from DataSource
2026-06-23 13:01:53.554 DEBUG 33512 --- [nio-9060-exec-7] o.s.jdbc.core.JdbcTemplate               : Executing SQL query [EXEC dbo.SP_Usuario_ListarActivosBasico]
2026-06-23 13:01:53.554 DEBUG 33512 --- [nio-9060-exec-7] o.s.jdbc.datasource.DataSourceUtils      : Fetching JDBC Connection from DataSource
2026-06-23 13:01:53.564 DEBUG 33512 --- [nio-9060-exec-7] o.s.jdbc.core.JdbcTemplate               : Executing prepared SQL query
2026-06-23 13:01:53.564 DEBUG 33512 --- [nio-9060-exec-7] o.s.jdbc.core.JdbcTemplate               : Executing prepared SQL statement [SELECT * FROM dbo.tbl_InicioJornadaAlturas WHERE id_inicio IN (?)]
2026-06-23 13:01:53.564 DEBUG 33512 --- [nio-9060-exec-7] o.s.jdbc.datasource.DataSourceUtils      : Fetching JDBC Connection from DataSource
2026-06-23 13:01:54.387 DEBUG 33512 --- [l-1 housekeeper] com.zaxxer.hikari.pool.HikariPool        : HikariPool-1 - Before cleanup stats (total=1, active=0, idle=1, waiting=0)
2026-06-23 13:01:54.389 DEBUG 33512 --- [l-1 housekeeper] com.zaxxer.hikari.pool.HikariPool        : HikariPool-1 - After cleanup  stats (total=1, active=0, idle=1, waiting=0)
2026-06-23 13:01:54.389 DEBUG 33512 --- [l-1 housekeeper] com.zaxxer.hikari.pool.HikariPool        : HikariPool-1 - Fill pool skipped, pool is at sufficient level.
2026-06-23 13:01:54.677 DEBUG 33512 --- [nio-9060-exec-7] o.s.w.s.m.m.a.HttpEntityMethodProcessor  : Using 'application/json', given [application/json, text/plain, */*] and supported [application/json, application/*+json, application/json, application/*+json]
2026-06-23 13:01:54.677 DEBUG 33512 --- [nio-9060-exec-7] o.s.w.s.m.m.a.HttpEntityMethodProcessor  : Writing [com.example.TigoStarSystem.common.ApiResponse@40331ad7]
2026-06-23 13:01:54.713 DEBUG 33512 --- [nio-9060-exec-7] o.s.web.servlet.DispatcherServlet        : Completed 200 OK
2026-06-23 13:01:56.408 DEBUG 33512 --- [ruz housekeeper] com.zaxxer.hikari.pool.HikariPool        : ConnDb-SantaCruz - Before cleanup stats (total=1, active=0, idle=1, waiting=0)
2026-06-23 13:01:56.408 DEBUG 33512 --- [ruz housekeeper] com.zaxxer.hikari.pool.HikariPool        : ConnDb-SantaCruz - After cleanup  stats (total=1, active=0, idle=1, waiting=0)
2026-06-23 13:01:56.408 DEBUG 33512 --- [ruz housekeeper] com.zaxxer.hikari.pool.HikariPool        : ConnDb-SantaCruz - Fill pool skipped, pool is at sufficient level.
2026-06-23 13:02:00.770 DEBUG 33512 --- [l-9 housekeeper] com.zaxxer.hikari.pool.HikariPool        : ConnDb-sucursal-9 - Before cleanup stats (total=1, active=0, idle=1, waiting=0)
2026-06-23 13:02:00.770 DEBUG 33512 --- [l-9 housekeeper] com.zaxxer.hikari.pool.HikariPool        : ConnDb-sucursal-9 - After cleanup  stats (total=1, active=0, idle=1, waiting=0)
2026-06-23 13:02:00.770 DEBUG 33512 --- [l-9 housekeeper] com.zaxxer.hikari.pool.HikariPool        : ConnDb-sucursal-9 - Fill pool skipped, pool is at sufficient level.
2026-06-23 13:02:03.994 DEBUG 33512 --- [ool housekeeper] com.zaxxer.hikari.pool.HikariPool        : TigoHogarHikariPool - keepalive: connection net.sourceforge.jtds.jdbc.JtdsConnection@56081bb4 is alive
2026-06-23 13:02:05.334 DEBUG 33512 --- [l-1 housekeeper] com.zaxxer.hikari.pool.HikariPool        : HikariPool-1 - keepalive: connection net.sourceforge.jtds.jdbc.JtdsConnection@3719fb21 is alive
2026-06-23 13:02:06.373 DEBUG 33512 --- [ool housekeeper] com.zaxxer.hikari.pool.HikariPool        : CentralHikariPool - Before cleanup stats (total=1, active=0, idle=1, waiting=0)
2026-06-23 13:02:06.373 DEBUG 33512 --- [ool housekeeper] com.zaxxer.hikari.pool.HikariPool        : CentralHikariPool - After cleanup  stats (total=1, active=0, idle=1, waiting=0)
2026-06-23 13:02:06.373 DEBUG 33512 --- [ool housekeeper] com.zaxxer.hikari.pool.HikariPool        : CentralHikariPool - Fill pool skipped, pool is at sufficient level.
2026-06-23 13:02:06.436 DEBUG 33512 --- [ool housekeeper] com.zaxxer.hikari.pool.HikariPool        : TigoHogarHikariPool - Before cleanup stats (total=1, active=0, idle=1, waiting=0)
2026-06-23 13:02:06.436 DEBUG 33512 --- [ool housekeeper] com.zaxxer.hikari.pool.HikariPool        : TigoHogarHikariPool - After cleanup  stats (total=1, active=0, idle=1, waiting=0)
2026-06-23 13:02:06.436 DEBUG 33512 --- [ool housekeeper] com.zaxxer.hikari.pool.HikariPool        : TigoHogarHikariPool - Fill pool skipped, pool is at sufficient level.
2026-06-23 13:02:24.402 DEBUG 33512 --- [l-1 housekeeper] com.zaxxer.hikari.pool.HikariPool        : HikariPool-1 - Before cleanup stats (total=1, active=0, idle=1, waiting=0)
2026-06-23 13:02:24.402 DEBUG 33512 --- [l-1 housekeeper] com.zaxxer.hikari.pool.HikariPool        : HikariPool-1 - After cleanup  stats (total=1, active=0, idle=1, waiting=0)
2026-06-23 13:02:24.402 DEBUG 33512 --- [l-1 housekeeper] com.zaxxer.hikari.pool.HikariPool        : HikariPool-1 - Fill pool skipped, pool is at sufficient level.
2026-06-23 13:02:25.366 DEBUG 33512 --- [ool housekeeper] com.zaxxer.hikari.pool.HikariPool        : CentralHikariPool - keepalive: connection net.sourceforge.jtds.jdbc.JtdsConnection@3c7ebce3 is alive
2026-06-23 13:02:25.752 DEBUG 33512 --- [nio-9060-exec-1] o.s.web.servlet.DispatcherServlet        : POST "/auth/login", parameters={}
2026-06-23 13:02:25.752 DEBUG 33512 --- [nio-9060-exec-1] s.w.s.m.m.a.RequestMappingHandlerMapping : Mapped to com.example.TigoStarSystem.auth.controller.AuthController#login(AuthLoginRequest)
2026-06-23 13:02:25.752 DEBUG 33512 --- [nio-9060-exec-1] m.m.a.RequestResponseBodyMethodProcessor : Read "application/json;charset=utf-8" to [com.example.TigoStarSystem.auth.dto.AuthLoginRequest@99364e8]
2026-06-23 13:02:25.753  INFO 33512 --- [nio-9060-exec-1] c.e.T.auth.service.AuthService           : Login attempt usuario=gcoca, idSucursal=9, validarSucursal=false
2026-06-23 13:02:25.753 DEBUG 33512 --- [nio-9060-exec-1] o.s.jdbc.core.JdbcTemplate               : Executing SQL query [EXEC dbo.spx_ObtenerSucursalesConexionWeb]
2026-06-23 13:02:25.753 DEBUG 33512 --- [nio-9060-exec-1] o.s.jdbc.datasource.DataSourceUtils      : Fetching JDBC Connection from DataSource
2026-06-23 13:02:25.761 DEBUG 33512 --- [nio-9060-exec-1] c.e.T.auth.service.AuthService           : Sucursal resolved idSucursal=9, host=tigo.makiro.com.bo, baseDeDatos=BDSistemaAntenaPM
2026-06-23 13:02:25.762 DEBUG 33512 --- [nio-9060-exec-1] c.e.T.auth.service.AuthService           : Login target attempt=1 idSucursal=9, sucursal=SantaCruz, host=tigo.makiro.com.bo, baseDeDatos=BDSistemaAntenaPM
2026-06-23 13:02:25.762 DEBUG 33512 --- [nio-9060-exec-1] c.e.T.auth.service.AuthService           : Creating JDBC connection for sucursal host=tigo.makiro.com.bo baseDeDatos=BDSistemaAntenaPM
2026-06-23 13:02:25.762 DEBUG 33512 --- [nio-9060-exec-1] c.e.T.auth.service.AuthService           : Calling SP dbo.spx_ValidarUsuario
2026-06-23 13:02:25.762 DEBUG 33512 --- [nio-9060-exec-1] o.s.jdbc.core.JdbcTemplate               : Executing prepared SQL query
2026-06-23 13:02:25.762 DEBUG 33512 --- [nio-9060-exec-1] o.s.jdbc.core.JdbcTemplate               : Executing prepared SQL statement [EXEC dbo.spx_ValidarUsuario ?, ?]
2026-06-23 13:02:25.762 DEBUG 33512 --- [nio-9060-exec-1] o.s.jdbc.datasource.DataSourceUtils      : Fetching JDBC Connection from DataSource
2026-06-23 13:02:25.768 DEBUG 33512 --- [nio-9060-exec-1] c.e.T.auth.service.AuthService           : Login SP returned 1 rows
2026-06-23 13:02:25.770  INFO 33512 --- [nio-9060-exec-1] c.e.T.auth.controller.AuthController     : User {} logged in successfully.
2026-06-23 13:02:25.770 DEBUG 33512 --- [nio-9060-exec-1] o.s.w.s.m.m.a.HttpEntityMethodProcessor  : Using 'application/json', given [*/*] and supported [application/json, application/*+json, application/json, application/*+json]
2026-06-23 13:02:25.770 DEBUG 33512 --- [nio-9060-exec-1] o.s.w.s.m.m.a.HttpEntityMethodProcessor  : Writing [com.example.TigoStarSystem.common.ApiResponse@5fc969cd]
2026-06-23 13:02:25.771 DEBUG 33512 --- [nio-9060-exec-1] o.s.web.servlet.DispatcherServlet        : Completed 200 OK
2026-06-23 13:02:25.811 DEBUG 33512 --- [nio-9060-exec-3] o.s.web.servlet.DispatcherServlet        : GET "/backoffice/supervision/jornadas/historico?fecha=2026-06-19&sucursal=SantaCruz", parameters={masked}
2026-06-23 13:02:25.811 DEBUG 33512 --- [nio-9060-exec-3] s.w.s.m.m.a.RequestMappingHandlerMapping : Mapped to com.example.TigoStarSystem.supervision.controller.BackOfficeSupervisionController#listarHistoricoJornadas(String, LocalDate, String, Integer)
2026-06-23 13:02:25.814 DEBUG 33512 --- [nio-9060-exec-3] o.s.jdbc.core.JdbcTemplate               : Executing prepared SQL query
2026-06-23 13:02:25.814 DEBUG 33512 --- [nio-9060-exec-3] o.s.jdbc.core.JdbcTemplate               : Executing prepared SQL statement [WITH tecnicos AS (   SELECT c.sucursal, c.grupo, c.idUsuarioSupervisor, c.supervisorACargo, CAST(c.id_tecnico AS INT) AS idTecnico, c.tecnico AS tecnico, c.fecha, c.fechaRegistro, c.id   FROM dbo.tbl_ConformacionCuadrillaDiario c WHERE ISNULL(c.e_eliminado, 0) = 0   AND (? IS NULL OR LOWER(REPLACE(REPLACE(REPLACE(LTRIM(RTRIM(ISNULL(c.sucursal, ''))), '_', ''), '-', ''), ' ', '')) =                   LOWER(REPLACE(REPLACE(REPLACE(?, '_', ''), '-', ''), ' ', '')))   AND (? IS NULL OR CAST(c.idUsuarioSupervisor AS INT) = ?)     AND c.id_tecnico IS NOT NULL AND c.id_tecnico > 0   UNION ALL   SELECT c.sucursal, c.grupo, c.idUsuarioSupervisor, c.supervisorACargo, CAST(c.id_tecnicoAuxiliar AS INT) AS idTecnico, c.auxiliar AS tecnico, c.fecha, c.fechaRegistro, c.id   FROM dbo.tbl_ConformacionCuadrillaDiario c WHERE ISNULL(c.e_eliminado, 0) = 0   AND (? IS NULL OR LOWER(REPLACE(REPLACE(REPLACE(LTRIM(RTRIM(ISNULL(c.sucursal, ''))), '_', ''), '-', ''), ' ', '')) =                   LOWER(REPLACE(REPLACE(REPLACE(?, '_', ''), '-', ''), ' ', '')))   AND (? IS NULL OR CAST(c.idUsuarioSupervisor AS INT) = ?)     AND c.id_tecnicoAuxiliar IS NOT NULL AND c.id_tecnicoAuxiliar > 0 ), ranked AS (   SELECT *, ROW_NUMBER() OVER (PARTITION BY idTecnico ORDER BY ISNULL(fecha, '19000101') DESC, ISNULL(fechaRegistro, '19000101') DESC, id DESC) AS rn   FROM tecnicos ) SELECT CAST(idTecnico AS INT) AS idTecnico, CAST(idTecnico AS INT) AS id_tecnico, tecnico AS tecnicoNombre, tecnico,        sucursal, grupo, CAST(idUsuarioSupervisor AS INT) AS idSupervisor, supervisorACargo AS supervisorNombre FROM ranked WHERE rn = 1 ORDER BY sucursal, grupo, tecnico]
2026-06-23 13:02:25.814 DEBUG 33512 --- [nio-9060-exec-3] o.s.jdbc.datasource.DataSourceUtils      : Fetching JDBC Connection from DataSource
2026-06-23 13:02:25.833 DEBUG 33512 --- [nio-9060-exec-3] o.s.jdbc.core.JdbcTemplate               : Executing prepared SQL query
2026-06-23 13:02:25.833 DEBUG 33512 --- [nio-9060-exec-3] o.s.jdbc.core.JdbcTemplate               : Executing prepared SQL statement [SELECT * FROM dbo.tbl_InicioJornadaAlturas ij WHERE CAST(ij.fecha_registro AS DATE) = ?   AND ISNULL(ij.e_eliminado, 0) = 0  AND ij.id_tecnico IN (?,?,?,?,?,?,?,?,?,?,?,?,?,?,?,?,?,?,?,?,?,?,?,?,?,?,?,?,?,?,?,?,?,?,?,?,?,?,?,?,?,?,?,?,?) ORDER BY ij.fecha_registro ASC, ij.id_inicio ASC]
2026-06-23 13:02:25.833 DEBUG 33512 --- [nio-9060-exec-3] o.s.jdbc.datasource.DataSourceUtils      : Fetching JDBC Connection from DataSource
2026-06-23 13:02:26.314 DEBUG 33512 --- [nio-9060-exec-3] o.s.jdbc.core.JdbcTemplate               : Executing SQL query [EXEC dbo.spx_ObtenerSucursalesConexion]
2026-06-23 13:02:26.314 DEBUG 33512 --- [nio-9060-exec-3] o.s.jdbc.datasource.DataSourceUtils      : Fetching JDBC Connection from DataSource
2026-06-23 13:02:26.322 DEBUG 33512 --- [nio-9060-exec-3] o.s.jdbc.core.JdbcTemplate               : Executing SQL query [EXEC dbo.spx_ObtenerSucursalesConexion]
2026-06-23 13:02:26.322 DEBUG 33512 --- [nio-9060-exec-3] o.s.jdbc.datasource.DataSourceUtils      : Fetching JDBC Connection from DataSource
2026-06-23 13:02:26.329 DEBUG 33512 --- [nio-9060-exec-3] o.s.jdbc.core.JdbcTemplate               : Executing SQL query [EXEC dbo.SP_Usuario_ListarActivosBasico]
2026-06-23 13:02:26.329 DEBUG 33512 --- [nio-9060-exec-3] o.s.jdbc.datasource.DataSourceUtils      : Fetching JDBC Connection from DataSource
2026-06-23 13:02:26.337 DEBUG 33512 --- [nio-9060-exec-3] o.s.jdbc.core.JdbcTemplate               : Executing prepared SQL query
2026-06-23 13:02:26.337 DEBUG 33512 --- [nio-9060-exec-3] o.s.jdbc.core.JdbcTemplate               : Executing prepared SQL statement [SELECT * FROM dbo.tbl_InicioJornadaAlturas WHERE id_inicio IN (?)]
2026-06-23 13:02:26.337 DEBUG 33512 --- [nio-9060-exec-3] o.s.jdbc.datasource.DataSourceUtils      : Fetching JDBC Connection from DataSource
2026-06-23 13:02:26.416 DEBUG 33512 --- [ruz housekeeper] com.zaxxer.hikari.pool.HikariPool        : ConnDb-SantaCruz - Before cleanup stats (total=1, active=0, idle=1, waiting=0)
2026-06-23 13:02:26.416 DEBUG 33512 --- [ruz housekeeper] com.zaxxer.hikari.pool.HikariPool        : ConnDb-SantaCruz - After cleanup  stats (total=1, active=0, idle=1, waiting=0)
2026-06-23 13:02:26.416 DEBUG 33512 --- [ruz housekeeper] com.zaxxer.hikari.pool.HikariPool        : ConnDb-SantaCruz - Fill pool skipped, pool is at sufficient level.
2026-06-23 13:02:28.227 DEBUG 33512 --- [nio-9060-exec-3] o.s.w.s.m.m.a.HttpEntityMethodProcessor  : Using 'application/json', given [*/*] and supported [application/json, application/*+json, application/json, application/*+json]
2026-06-23 13:02:28.227 DEBUG 33512 --- [nio-9060-exec-3] o.s.w.s.m.m.a.HttpEntityMethodProcessor  : Writing [com.example.TigoStarSystem.common.ApiResponse@775598b6]
2026-06-23 13:02:28.254 DEBUG 33512 --- [nio-9060-exec-3] o.s.web.servlet.DispatcherServlet        : Completed 200 OK
2026-06-23 13:02:30.781 DEBUG 33512 --- [l-9 housekeeper] com.zaxxer.hikari.pool.HikariPool        : ConnDb-sucursal-9 - Before cleanup stats (total=1, active=0, idle=1, waiting=0)
2026-06-23 13:02:30.781 DEBUG 33512 --- [l-9 housekeeper] com.zaxxer.hikari.pool.HikariPool        : ConnDb-sucursal-9 - After cleanup  stats (total=1, active=0, idle=1, waiting=0)
2026-06-23 13:02:30.781 DEBUG 33512 --- [l-9 housekeeper] com.zaxxer.hikari.pool.HikariPool        : ConnDb-sucursal-9 - Fill pool skipped, pool is at sufficient level.
2026-06-23 13:02:36.387 DEBUG 33512 --- [ool housekeeper] com.zaxxer.hikari.pool.HikariPool        : CentralHikariPool - Before cleanup stats (total=1, active=0, idle=1, waiting=0)
2026-06-23 13:02:36.387 DEBUG 33512 --- [ool housekeeper] com.zaxxer.hikari.pool.HikariPool        : CentralHikariPool - After cleanup  stats (total=1, active=0, idle=1, waiting=0)
2026-06-23 13:02:36.387 DEBUG 33512 --- [ool housekeeper] com.zaxxer.hikari.pool.HikariPool        : CentralHikariPool - Fill pool skipped, pool is at sufficient level.
2026-06-23 13:02:36.449 DEBUG 33512 --- [ool housekeeper] com.zaxxer.hikari.pool.HikariPool        : TigoHogarHikariPool - Before cleanup stats (total=1, active=0, idle=1, waiting=0)
2026-06-23 13:02:36.450 DEBUG 33512 --- [ool housekeeper] com.zaxxer.hikari.pool.HikariPool        : TigoHogarHikariPool - After cleanup  stats (total=1, active=0, idle=1, waiting=0)
2026-06-23 13:02:36.450 DEBUG 33512 --- [ool housekeeper] com.zaxxer.hikari.pool.HikariPool        : TigoHogarHikariPool - Fill pool skipped, pool is at sufficient level.
2026-06-23 13:02:37.457 DEBUG 33512 --- [nio-9060-exec-4] o.s.web.servlet.DispatcherServlet        : POST "/auth/login", parameters={}
2026-06-23 13:02:37.458 DEBUG 33512 --- [nio-9060-exec-4] s.w.s.m.m.a.RequestMappingHandlerMapping : Mapped to com.example.TigoStarSystem.auth.controller.AuthController#login(AuthLoginRequest)
2026-06-23 13:02:37.458 DEBUG 33512 --- [nio-9060-exec-4] m.m.a.RequestResponseBodyMethodProcessor : Read "application/json;charset=utf-8" to [com.example.TigoStarSystem.auth.dto.AuthLoginRequest@2134dc2a]
2026-06-23 13:02:37.459  INFO 33512 --- [nio-9060-exec-4] c.e.T.auth.service.AuthService           : Login attempt usuario=gcoca, idSucursal=9, validarSucursal=false
2026-06-23 13:02:37.459 DEBUG 33512 --- [nio-9060-exec-4] o.s.jdbc.core.JdbcTemplate               : Executing SQL query [EXEC dbo.spx_ObtenerSucursalesConexionWeb]
2026-06-23 13:02:37.459 DEBUG 33512 --- [nio-9060-exec-4] o.s.jdbc.datasource.DataSourceUtils      : Fetching JDBC Connection from DataSource
2026-06-23 13:02:37.464 DEBUG 33512 --- [nio-9060-exec-4] c.e.T.auth.service.AuthService           : Sucursal resolved idSucursal=9, host=tigo.makiro.com.bo, baseDeDatos=BDSistemaAntenaPM
2026-06-23 13:02:37.465 DEBUG 33512 --- [nio-9060-exec-4] c.e.T.auth.service.AuthService           : Login target attempt=1 idSucursal=9, sucursal=SantaCruz, host=tigo.makiro.com.bo, baseDeDatos=BDSistemaAntenaPM
2026-06-23 13:02:37.465 DEBUG 33512 --- [nio-9060-exec-4] c.e.T.auth.service.AuthService           : Creating JDBC connection for sucursal host=tigo.makiro.com.bo baseDeDatos=BDSistemaAntenaPM
2026-06-23 13:02:37.465 DEBUG 33512 --- [nio-9060-exec-4] c.e.T.auth.service.AuthService           : Calling SP dbo.spx_ValidarUsuario
2026-06-23 13:02:37.465 DEBUG 33512 --- [nio-9060-exec-4] o.s.jdbc.core.JdbcTemplate               : Executing prepared SQL query
2026-06-23 13:02:37.465 DEBUG 33512 --- [nio-9060-exec-4] o.s.jdbc.core.JdbcTemplate               : Executing prepared SQL statement [EXEC dbo.spx_ValidarUsuario ?, ?]
2026-06-23 13:02:37.465 DEBUG 33512 --- [nio-9060-exec-4] o.s.jdbc.datasource.DataSourceUtils      : Fetching JDBC Connection from DataSource
2026-06-23 13:02:37.477 DEBUG 33512 --- [nio-9060-exec-4] c.e.T.auth.service.AuthService           : Login SP returned 1 rows
2026-06-23 13:02:37.478  INFO 33512 --- [nio-9060-exec-4] c.e.T.auth.controller.AuthController     : User {} logged in successfully.
2026-06-23 13:02:37.479 DEBUG 33512 --- [nio-9060-exec-4] o.s.w.s.m.m.a.HttpEntityMethodProcessor  : Using 'application/json', given [*/*] and supported [application/json, application/*+json, application/json, application/*+json]
2026-06-23 13:02:37.479 DEBUG 33512 --- [nio-9060-exec-4] o.s.w.s.m.m.a.HttpEntityMethodProcessor  : Writing [com.example.TigoStarSystem.common.ApiResponse@232d26c]
2026-06-23 13:02:37.480 DEBUG 33512 --- [nio-9060-exec-4] o.s.web.servlet.DispatcherServlet        : Completed 200 OK
2026-06-23 13:02:37.516 DEBUG 33512 --- [nio-9060-exec-5] o.s.web.servlet.DispatcherServlet        : GET "/backoffice/supervision/jornadas/historico?fecha=2026-06-19&sucursal=SantaCruz", parameters={masked}
2026-06-23 13:02:37.517 DEBUG 33512 --- [nio-9060-exec-5] s.w.s.m.m.a.RequestMappingHandlerMapping : Mapped to com.example.TigoStarSystem.supervision.controller.BackOfficeSupervisionController#listarHistoricoJornadas(String, LocalDate, String, Integer)
2026-06-23 13:02:37.520 DEBUG 33512 --- [nio-9060-exec-5] o.s.jdbc.core.JdbcTemplate               : Executing prepared SQL query
2026-06-23 13:02:37.520 DEBUG 33512 --- [nio-9060-exec-5] o.s.jdbc.core.JdbcTemplate               : Executing prepared SQL statement [WITH tecnicos AS (   SELECT c.sucursal, c.grupo, c.idUsuarioSupervisor, c.supervisorACargo, CAST(c.id_tecnico AS INT) AS idTecnico, c.tecnico AS tecnico, c.fecha, c.fechaRegistro, c.id   FROM dbo.tbl_ConformacionCuadrillaDiario c WHERE ISNULL(c.e_eliminado, 0) = 0   AND (? IS NULL OR LOWER(REPLACE(REPLACE(REPLACE(LTRIM(RTRIM(ISNULL(c.sucursal, ''))), '_', ''), '-', ''), ' ', '')) =                   LOWER(REPLACE(REPLACE(REPLACE(?, '_', ''), '-', ''), ' ', '')))   AND (? IS NULL OR CAST(c.idUsuarioSupervisor AS INT) = ?)     AND c.id_tecnico IS NOT NULL AND c.id_tecnico > 0   UNION ALL   SELECT c.sucursal, c.grupo, c.idUsuarioSupervisor, c.supervisorACargo, CAST(c.id_tecnicoAuxiliar AS INT) AS idTecnico, c.auxiliar AS tecnico, c.fecha, c.fechaRegistro, c.id   FROM dbo.tbl_ConformacionCuadrillaDiario c WHERE ISNULL(c.e_eliminado, 0) = 0   AND (? IS NULL OR LOWER(REPLACE(REPLACE(REPLACE(LTRIM(RTRIM(ISNULL(c.sucursal, ''))), '_', ''), '-', ''), ' ', '')) =                   LOWER(REPLACE(REPLACE(REPLACE(?, '_', ''), '-', ''), ' ', '')))   AND (? IS NULL OR CAST(c.idUsuarioSupervisor AS INT) = ?)     AND c.id_tecnicoAuxiliar IS NOT NULL AND c.id_tecnicoAuxiliar > 0 ), ranked AS (   SELECT *, ROW_NUMBER() OVER (PARTITION BY idTecnico ORDER BY ISNULL(fecha, '19000101') DESC, ISNULL(fechaRegistro, '19000101') DESC, id DESC) AS rn   FROM tecnicos ) SELECT CAST(idTecnico AS INT) AS idTecnico, CAST(idTecnico AS INT) AS id_tecnico, tecnico AS tecnicoNombre, tecnico,        sucursal, grupo, CAST(idUsuarioSupervisor AS INT) AS idSupervisor, supervisorACargo AS supervisorNombre FROM ranked WHERE rn = 1 ORDER BY sucursal, grupo, tecnico]
2026-06-23 13:02:37.520 DEBUG 33512 --- [nio-9060-exec-5] o.s.jdbc.datasource.DataSourceUtils      : Fetching JDBC Connection from DataSource
2026-06-23 13:02:37.538 DEBUG 33512 --- [nio-9060-exec-5] o.s.jdbc.core.JdbcTemplate               : Executing prepared SQL query
2026-06-23 13:02:37.538 DEBUG 33512 --- [nio-9060-exec-5] o.s.jdbc.core.JdbcTemplate               : Executing prepared SQL statement [SELECT * FROM dbo.tbl_InicioJornadaAlturas ij WHERE CAST(ij.fecha_registro AS DATE) = ?   AND ISNULL(ij.e_eliminado, 0) = 0  AND ij.id_tecnico IN (?,?,?,?,?,?,?,?,?,?,?,?,?,?,?,?,?,?,?,?,?,?,?,?,?,?,?,?,?,?,?,?,?,?,?,?,?,?,?,?,?,?,?,?,?) ORDER BY ij.fecha_registro ASC, ij.id_inicio ASC]
2026-06-23 13:02:37.538 DEBUG 33512 --- [nio-9060-exec-5] o.s.jdbc.datasource.DataSourceUtils      : Fetching JDBC Connection from DataSource
2026-06-23 13:02:38.213 DEBUG 33512 --- [nio-9060-exec-5] o.s.jdbc.core.JdbcTemplate               : Executing SQL query [EXEC dbo.spx_ObtenerSucursalesConexion]
2026-06-23 13:02:38.213 DEBUG 33512 --- [nio-9060-exec-5] o.s.jdbc.datasource.DataSourceUtils      : Fetching JDBC Connection from DataSource
2026-06-23 13:02:38.224 DEBUG 33512 --- [nio-9060-exec-5] o.s.jdbc.core.JdbcTemplate               : Executing SQL query [EXEC dbo.spx_ObtenerSucursalesConexion]
2026-06-23 13:02:38.224 DEBUG 33512 --- [nio-9060-exec-5] o.s.jdbc.datasource.DataSourceUtils      : Fetching JDBC Connection from DataSource
2026-06-23 13:02:38.230 DEBUG 33512 --- [nio-9060-exec-5] o.s.jdbc.core.JdbcTemplate               : Executing SQL query [EXEC dbo.SP_Usuario_ListarActivosBasico]
2026-06-23 13:02:38.230 DEBUG 33512 --- [nio-9060-exec-5] o.s.jdbc.datasource.DataSourceUtils      : Fetching JDBC Connection from DataSource
2026-06-23 13:02:38.237 DEBUG 33512 --- [nio-9060-exec-5] o.s.jdbc.core.JdbcTemplate               : Executing prepared SQL query
2026-06-23 13:02:38.237 DEBUG 33512 --- [nio-9060-exec-5] o.s.jdbc.core.JdbcTemplate               : Executing prepared SQL statement [SELECT * FROM dbo.tbl_InicioJornadaAlturas WHERE id_inicio IN (?)]
2026-06-23 13:02:38.237 DEBUG 33512 --- [nio-9060-exec-5] o.s.jdbc.datasource.DataSourceUtils      : Fetching JDBC Connection from DataSource
2026-06-23 13:02:38.780 DEBUG 33512 --- [nio-9060-exec-5] o.s.w.s.m.m.a.HttpEntityMethodProcessor  : Using 'application/json', given [*/*] and supported [application/json, application/*+json, application/json, application/*+json]
2026-06-23 13:02:38.780 DEBUG 33512 --- [nio-9060-exec-5] o.s.w.s.m.m.a.HttpEntityMethodProcessor  : Writing [com.example.TigoStarSystem.common.ApiResponse@3e0208b3]
2026-06-23 13:02:38.812 DEBUG 33512 --- [nio-9060-exec-5] o.s.web.servlet.DispatcherServlet        : Completed 200 OK
2026-06-23 13:02:54.411 DEBUG 33512 --- [l-1 housekeeper] com.zaxxer.hikari.pool.HikariPool        : HikariPool-1 - Before cleanup stats (total=1, active=0, idle=1, waiting=0)
2026-06-23 13:02:54.411 DEBUG 33512 --- [l-1 housekeeper] com.zaxxer.hikari.pool.HikariPool        : HikariPool-1 - After cleanup  stats (total=1, active=0, idle=1, waiting=0)
2026-06-23 13:02:54.411 DEBUG 33512 --- [l-1 housekeeper] com.zaxxer.hikari.pool.HikariPool        : HikariPool-1 - Fill pool skipped, pool is at sufficient level.
2026-06-23 13:02:56.426 DEBUG 33512 --- [ruz housekeeper] com.zaxxer.hikari.pool.HikariPool        : ConnDb-SantaCruz - Before cleanup stats (total=1, active=0, idle=1, waiting=0)
2026-06-23 13:02:56.426 DEBUG 33512 --- [ruz housekeeper] com.zaxxer.hikari.pool.HikariPool        : ConnDb-SantaCruz - After cleanup  stats (total=1, active=0, idle=1, waiting=0)
2026-06-23 13:02:56.426 DEBUG 33512 --- [ruz housekeeper] com.zaxxer.hikari.pool.HikariPool        : ConnDb-SantaCruz - Fill pool skipped, pool is at sufficient level.
2026-06-23 13:03:00.782 DEBUG 33512 --- [l-9 housekeeper] com.zaxxer.hikari.pool.HikariPool        : ConnDb-sucursal-9 - Before cleanup stats (total=1, active=0, idle=1, waiting=0)
2026-06-23 13:03:00.782 DEBUG 33512 --- [l-9 housekeeper] com.zaxxer.hikari.pool.HikariPool        : ConnDb-sucursal-9 - After cleanup  stats (total=1, active=0, idle=1, waiting=0)
2026-06-23 13:03:00.782 DEBUG 33512 --- [l-9 housekeeper] com.zaxxer.hikari.pool.HikariPool        : ConnDb-sucursal-9 - Fill pool skipped, pool is at sufficient level.
2026-06-23 13:03:06.393 DEBUG 33512 --- [ool housekeeper] com.zaxxer.hikari.pool.HikariPool        : CentralHikariPool - Before cleanup stats (total=1, active=0, idle=1, waiting=0)
2026-06-23 13:03:06.393 DEBUG 33512 --- [ool housekeeper] com.zaxxer.hikari.pool.HikariPool        : CentralHikariPool - After cleanup  stats (total=1, active=0, idle=1, waiting=0)
2026-06-23 13:03:06.393 DEBUG 33512 --- [ool housekeeper] com.zaxxer.hikari.pool.HikariPool        : CentralHikariPool - Fill pool skipped, pool is at sufficient level.
2026-06-23 13:03:06.456 DEBUG 33512 --- [ool housekeeper] com.zaxxer.hikari.pool.HikariPool        : TigoHogarHikariPool - Before cleanup stats (total=1, active=0, idle=1, waiting=0)
2026-06-23 13:03:06.456 DEBUG 33512 --- [ool housekeeper] com.zaxxer.hikari.pool.HikariPool        : TigoHogarHikariPool - After cleanup  stats (total=1, active=0, idle=1, waiting=0)
2026-06-23 13:03:06.456 DEBUG 33512 --- [ool housekeeper] com.zaxxer.hikari.pool.HikariPool        : TigoHogarHikariPool - Fill pool skipped, pool is at sufficient level.
2026-06-23 13:03:24.418 DEBUG 33512 --- [l-1 housekeeper] com.zaxxer.hikari.pool.HikariPool        : HikariPool-1 - Before cleanup stats (total=1, active=0, idle=1, waiting=0)
2026-06-23 13:03:24.418 DEBUG 33512 --- [l-1 housekeeper] com.zaxxer.hikari.pool.HikariPool        : HikariPool-1 - After cleanup  stats (total=1, active=0, idle=1, waiting=0)
2026-06-23 13:03:24.418 DEBUG 33512 --- [l-1 housekeeper] com.zaxxer.hikari.pool.HikariPool        : HikariPool-1 - Fill pool skipped, pool is at sufficient level.
2026-06-23 13:03:26.437 DEBUG 33512 --- [ruz housekeeper] com.zaxxer.hikari.pool.HikariPool        : ConnDb-SantaCruz - Before cleanup stats (total=1, active=0, idle=1, waiting=0)
2026-06-23 13:03:26.437 DEBUG 33512 --- [ruz housekeeper] com.zaxxer.hikari.pool.HikariPool        : ConnDb-SantaCruz - After cleanup  stats (total=1, active=0, idle=1, waiting=0)
2026-06-23 13:03:26.437 DEBUG 33512 --- [ruz housekeeper] com.zaxxer.hikari.pool.HikariPool        : ConnDb-SantaCruz - Fill pool skipped, pool is at sufficient level.
2026-06-23 13:03:30.793 DEBUG 33512 --- [l-9 housekeeper] com.zaxxer.hikari.pool.HikariPool        : ConnDb-sucursal-9 - Before cleanup stats (total=1, active=0, idle=1, waiting=0)
2026-06-23 13:03:30.793 DEBUG 33512 --- [l-9 housekeeper] com.zaxxer.hikari.pool.HikariPool        : ConnDb-sucursal-9 - After cleanup  stats (total=1, active=0, idle=1, waiting=0)
2026-06-23 13:03:30.793 DEBUG 33512 --- [l-9 housekeeper] com.zaxxer.hikari.pool.HikariPool        : ConnDb-sucursal-9 - Fill pool skipped, pool is at sufficient level.
2026-06-23 13:03:36.394 DEBUG 33512 --- [ool housekeeper] com.zaxxer.hikari.pool.HikariPool        : CentralHikariPool - Before cleanup stats (total=1, active=0, idle=1, waiting=0)
2026-06-23 13:03:36.394 DEBUG 33512 --- [ool housekeeper] com.zaxxer.hikari.pool.HikariPool        : CentralHikariPool - After cleanup  stats (total=1, active=0, idle=1, waiting=0)
2026-06-23 13:03:36.394 DEBUG 33512 --- [ool housekeeper] com.zaxxer.hikari.pool.HikariPool        : CentralHikariPool - Fill pool skipped, pool is at sufficient level.
2026-06-23 13:03:36.472 DEBUG 33512 --- [ool housekeeper] com.zaxxer.hikari.pool.HikariPool        : TigoHogarHikariPool - Before cleanup stats (total=1, active=0, idle=1, waiting=0)
2026-06-23 13:03:36.472 DEBUG 33512 --- [ool housekeeper] com.zaxxer.hikari.pool.HikariPool        : TigoHogarHikariPool - After cleanup  stats (total=1, active=0, idle=1, waiting=0)
2026-06-23 13:03:36.472 DEBUG 33512 --- [ool housekeeper] com.zaxxer.hikari.pool.HikariPool        : TigoHogarHikariPool - Fill pool skipped, pool is at sufficient level.
2026-06-23 13:03:52.713 DEBUG 33512 --- [ool housekeeper] com.zaxxer.hikari.pool.HikariPool        : TigoHogarHikariPool - keepalive: connection net.sourceforge.jtds.jdbc.JtdsConnection@56081bb4 is alive
2026-06-23 13:03:54.426 DEBUG 33512 --- [l-1 housekeeper] com.zaxxer.hikari.pool.HikariPool        : HikariPool-1 - Before cleanup stats (total=1, active=0, idle=1, waiting=0)
2026-06-23 13:03:54.426 DEBUG 33512 --- [l-1 housekeeper] com.zaxxer.hikari.pool.HikariPool        : HikariPool-1 - After cleanup  stats (total=1, active=0, idle=1, waiting=0)
2026-06-23 13:03:54.426 DEBUG 33512 --- [l-1 housekeeper] com.zaxxer.hikari.pool.HikariPool        : HikariPool-1 - Fill pool skipped, pool is at sufficient level.
2026-06-23 13:03:55.851 DEBUG 33512 --- [l-1 housekeeper] com.zaxxer.hikari.pool.HikariPool        : HikariPool-1 - keepalive: connection net.sourceforge.jtds.jdbc.JtdsConnection@3719fb21 is alive
2026-06-23 13:03:56.437 DEBUG 33512 --- [ruz housekeeper] com.zaxxer.hikari.pool.HikariPool        : ConnDb-SantaCruz - Before cleanup stats (total=1, active=0, idle=1, waiting=0)
2026-06-23 13:03:56.437 DEBUG 33512 --- [ruz housekeeper] com.zaxxer.hikari.pool.HikariPool        : ConnDb-SantaCruz - After cleanup  stats (total=1, active=0, idle=1, waiting=0)
2026-06-23 13:03:56.437 DEBUG 33512 --- [ruz housekeeper] com.zaxxer.hikari.pool.HikariPool        : ConnDb-SantaCruz - Fill pool skipped, pool is at sufficient level.
2026-06-23 13:04:00.802 DEBUG 33512 --- [l-9 housekeeper] com.zaxxer.hikari.pool.HikariPool        : ConnDb-sucursal-9 - Before cleanup stats (total=1, active=0, idle=1, waiting=0)
2026-06-23 13:04:00.802 DEBUG 33512 --- [l-9 housekeeper] com.zaxxer.hikari.pool.HikariPool        : ConnDb-sucursal-9 - After cleanup  stats (total=1, active=0, idle=1, waiting=0)
2026-06-23 13:04:00.802 DEBUG 33512 --- [l-9 housekeeper] com.zaxxer.hikari.pool.HikariPool        : ConnDb-sucursal-9 - Fill pool skipped, pool is at sufficient level.
2026-06-23 13:04:06.410 DEBUG 33512 --- [ool housekeeper] com.zaxxer.hikari.pool.HikariPool        : CentralHikariPool - Before cleanup stats (total=1, active=0, idle=1, waiting=0)
2026-06-23 13:04:06.410 DEBUG 33512 --- [ool housekeeper] com.zaxxer.hikari.pool.HikariPool        : CentralHikariPool - After cleanup  stats (total=1, active=0, idle=1, waiting=0)
2026-06-23 13:04:06.410 DEBUG 33512 --- [ool housekeeper] com.zaxxer.hikari.pool.HikariPool        : CentralHikariPool - Fill pool skipped, pool is at sufficient level.
2026-06-23 13:04:06.473 DEBUG 33512 --- [ool housekeeper] com.zaxxer.hikari.pool.HikariPool        : TigoHogarHikariPool - Before cleanup stats (total=1, active=0, idle=1, waiting=0)
2026-06-23 13:04:06.473 DEBUG 33512 --- [ool housekeeper] com.zaxxer.hikari.pool.HikariPool        : TigoHogarHikariPool - After cleanup  stats (total=1, active=0, idle=1, waiting=0)
2026-06-23 13:04:06.473 DEBUG 33512 --- [ool housekeeper] com.zaxxer.hikari.pool.HikariPool        : TigoHogarHikariPool - Fill pool skipped, pool is at sufficient level.
2026-06-23 13:04:24.431 DEBUG 33512 --- [l-1 housekeeper] com.zaxxer.hikari.pool.HikariPool        : HikariPool-1 - Before cleanup stats (total=1, active=0, idle=1, waiting=0)
2026-06-23 13:04:24.431 DEBUG 33512 --- [l-1 housekeeper] com.zaxxer.hikari.pool.HikariPool        : HikariPool-1 - After cleanup  stats (total=1, active=0, idle=1, waiting=0)
2026-06-23 13:04:24.431 DEBUG 33512 --- [l-1 housekeeper] com.zaxxer.hikari.pool.HikariPool        : HikariPool-1 - Fill pool skipped, pool is at sufficient level.
2026-06-23 13:04:24.433 DEBUG 33512 --- [ool housekeeper] com.zaxxer.hikari.pool.HikariPool        : CentralHikariPool - keepalive: connection net.sourceforge.jtds.jdbc.JtdsConnection@3c7ebce3 is alive
2026-06-23 13:04:26.447 DEBUG 33512 --- [ruz housekeeper] com.zaxxer.hikari.pool.HikariPool        : ConnDb-SantaCruz - Before cleanup stats (total=1, active=0, idle=1, waiting=0)
2026-06-23 13:04:26.447 DEBUG 33512 --- [ruz housekeeper] com.zaxxer.hikari.pool.HikariPool        : ConnDb-SantaCruz - After cleanup  stats (total=1, active=0, idle=1, waiting=0)
2026-06-23 13:04:26.447 DEBUG 33512 --- [ruz housekeeper] com.zaxxer.hikari.pool.HikariPool        : ConnDb-SantaCruz - Fill pool skipped, pool is at sufficient level.
2026-06-23 13:04:30.806 DEBUG 33512 --- [l-9 housekeeper] com.zaxxer.hikari.pool.HikariPool        : ConnDb-sucursal-9 - Before cleanup stats (total=1, active=0, idle=1, waiting=0)
2026-06-23 13:04:30.806 DEBUG 33512 --- [l-9 housekeeper] com.zaxxer.hikari.pool.HikariPool        : ConnDb-sucursal-9 - After cleanup  stats (total=1, active=0, idle=1, waiting=0)
2026-06-23 13:04:30.806 DEBUG 33512 --- [l-9 housekeeper] com.zaxxer.hikari.pool.HikariPool        : ConnDb-sucursal-9 - Fill pool skipped, pool is at sufficient level.
2026-06-23 13:04:36.417 DEBUG 33512 --- [ool housekeeper] com.zaxxer.hikari.pool.HikariPool        : CentralHikariPool - Before cleanup stats (total=1, active=0, idle=1, waiting=0)
2026-06-23 13:04:36.417 DEBUG 33512 --- [ool housekeeper] com.zaxxer.hikari.pool.HikariPool        : CentralHikariPool - After cleanup  stats (total=1, active=0, idle=1, waiting=0)
2026-06-23 13:04:36.417 DEBUG 33512 --- [ool housekeeper] com.zaxxer.hikari.pool.HikariPool        : CentralHikariPool - Fill pool skipped, pool is at sufficient level.
2026-06-23 13:04:36.480 DEBUG 33512 --- [ool housekeeper] com.zaxxer.hikari.pool.HikariPool        : TigoHogarHikariPool - Before cleanup stats (total=1, active=0, idle=1, waiting=0)
2026-06-23 13:04:36.480 DEBUG 33512 --- [ool housekeeper] com.zaxxer.hikari.pool.HikariPool        : TigoHogarHikariPool - After cleanup  stats (total=1, active=0, idle=1, waiting=0)
2026-06-23 13:04:36.480 DEBUG 33512 --- [ool housekeeper] com.zaxxer.hikari.pool.HikariPool        : TigoHogarHikariPool - Fill pool skipped, pool is at sufficient level.
2026-06-23 13:04:54.442 DEBUG 33512 --- [l-1 housekeeper] com.zaxxer.hikari.pool.HikariPool        : HikariPool-1 - Before cleanup stats (total=1, active=0, idle=1, waiting=0)
2026-06-23 13:04:54.442 DEBUG 33512 --- [l-1 housekeeper] com.zaxxer.hikari.pool.HikariPool        : HikariPool-1 - After cleanup  stats (total=1, active=0, idle=1, waiting=0)
2026-06-23 13:04:54.443 DEBUG 33512 --- [l-1 housekeeper] com.zaxxer.hikari.pool.HikariPool        : HikariPool-1 - Fill pool skipped, pool is at sufficient level.
2026-06-23 13:04:56.451 DEBUG 33512 --- [ruz housekeeper] com.zaxxer.hikari.pool.HikariPool        : ConnDb-SantaCruz - Before cleanup stats (total=1, active=0, idle=1, waiting=0)
2026-06-23 13:04:56.451 DEBUG 33512 --- [ruz housekeeper] com.zaxxer.hikari.pool.HikariPool        : ConnDb-SantaCruz - After cleanup  stats (total=1, active=0, idle=1, waiting=0)
2026-06-23 13:04:56.451 DEBUG 33512 --- [ruz housekeeper] com.zaxxer.hikari.pool.HikariPool        : ConnDb-SantaCruz - Fill pool skipped, pool is at sufficient level.
2026-06-23 13:05:00.807 DEBUG 33512 --- [l-9 housekeeper] com.zaxxer.hikari.pool.HikariPool        : ConnDb-sucursal-9 - Before cleanup stats (total=1, active=0, idle=1, waiting=0)
2026-06-23 13:05:00.807 DEBUG 33512 --- [l-9 housekeeper] com.zaxxer.hikari.pool.HikariPool        : ConnDb-sucursal-9 - After cleanup  stats (total=1, active=0, idle=1, waiting=0)
2026-06-23 13:05:00.807 DEBUG 33512 --- [l-9 housekeeper] com.zaxxer.hikari.pool.HikariPool        : ConnDb-sucursal-9 - Fill pool skipped, pool is at sufficient level.
2026-06-23 13:05:06.433 DEBUG 33512 --- [ool housekeeper] com.zaxxer.hikari.pool.HikariPool        : CentralHikariPool - Before cleanup stats (total=1, active=0, idle=1, waiting=0)
2026-06-23 13:05:06.433 DEBUG 33512 --- [ool housekeeper] com.zaxxer.hikari.pool.HikariPool        : CentralHikariPool - After cleanup  stats (total=1, active=0, idle=1, waiting=0)
2026-06-23 13:05:06.433 DEBUG 33512 --- [ool housekeeper] com.zaxxer.hikari.pool.HikariPool        : CentralHikariPool - Fill pool skipped, pool is at sufficient level.
2026-06-23 13:05:06.496 DEBUG 33512 --- [ool housekeeper] com.zaxxer.hikari.pool.HikariPool        : TigoHogarHikariPool - Before cleanup stats (total=1, active=0, idle=1, waiting=0)
2026-06-23 13:05:06.496 DEBUG 33512 --- [ool housekeeper] com.zaxxer.hikari.pool.HikariPool        : TigoHogarHikariPool - After cleanup  stats (total=1, active=0, idle=1, waiting=0)
2026-06-23 13:05:06.496 DEBUG 33512 --- [ool housekeeper] com.zaxxer.hikari.pool.HikariPool        : TigoHogarHikariPool - Fill pool skipped, pool is at sufficient level.
2026-06-23 13:05:24.451 DEBUG 33512 --- [l-1 housekeeper] com.zaxxer.hikari.pool.HikariPool        : HikariPool-1 - Before cleanup stats (total=1, active=0, idle=1, waiting=0)
2026-06-23 13:05:24.451 DEBUG 33512 --- [l-1 housekeeper] com.zaxxer.hikari.pool.HikariPool        : HikariPool-1 - After cleanup  stats (total=1, active=0, idle=1, waiting=0)
2026-06-23 13:05:24.451 DEBUG 33512 --- [l-1 housekeeper] com.zaxxer.hikari.pool.HikariPool        : HikariPool-1 - Fill pool skipped, pool is at sufficient level.
2026-06-23 13:05:26.453 DEBUG 33512 --- [ruz housekeeper] com.zaxxer.hikari.pool.HikariPool        : ConnDb-SantaCruz - Before cleanup stats (total=1, active=0, idle=1, waiting=0)
2026-06-23 13:05:26.453 DEBUG 33512 --- [ruz housekeeper] com.zaxxer.hikari.pool.HikariPool        : ConnDb-SantaCruz - After cleanup  stats (total=1, active=0, idle=1, waiting=0)
2026-06-23 13:05:26.453 DEBUG 33512 --- [ruz housekeeper] com.zaxxer.hikari.pool.HikariPool        : ConnDb-SantaCruz - Fill pool skipped, pool is at sufficient level.
2026-06-23 13:05:30.821 DEBUG 33512 --- [l-9 housekeeper] com.zaxxer.hikari.pool.HikariPool        : ConnDb-sucursal-9 - Before cleanup stats (total=1, active=0, idle=1, waiting=0)
2026-06-23 13:05:30.821 DEBUG 33512 --- [l-9 housekeeper] com.zaxxer.hikari.pool.HikariPool        : ConnDb-sucursal-9 - After cleanup  stats (total=1, active=0, idle=1, waiting=0)
2026-06-23 13:05:30.821 DEBUG 33512 --- [l-9 housekeeper] com.zaxxer.hikari.pool.HikariPool        : ConnDb-sucursal-9 - Fill pool skipped, pool is at sufficient level.
2026-06-23 13:05:36.447 DEBUG 33512 --- [ool housekeeper] com.zaxxer.hikari.pool.HikariPool        : CentralHikariPool - Before cleanup stats (total=1, active=0, idle=1, waiting=0)
2026-06-23 13:05:36.447 DEBUG 33512 --- [ool housekeeper] com.zaxxer.hikari.pool.HikariPool        : CentralHikariPool - After cleanup  stats (total=1, active=0, idle=1, waiting=0)
2026-06-23 13:05:36.447 DEBUG 33512 --- [ool housekeeper] com.zaxxer.hikari.pool.HikariPool        : CentralHikariPool - Fill pool skipped, pool is at sufficient level.
2026-06-23 13:05:36.509 DEBUG 33512 --- [ool housekeeper] com.zaxxer.hikari.pool.HikariPool        : TigoHogarHikariPool - Before cleanup stats (total=1, active=0, idle=1, waiting=0)
2026-06-23 13:05:36.509 DEBUG 33512 --- [ool housekeeper] com.zaxxer.hikari.pool.HikariPool        : TigoHogarHikariPool - After cleanup  stats (total=1, active=0, idle=1, waiting=0)
2026-06-23 13:05:36.509 DEBUG 33512 --- [ool housekeeper] com.zaxxer.hikari.pool.HikariPool        : TigoHogarHikariPool - Fill pool skipped, pool is at sufficient level.
2026-06-23 13:05:41.429 DEBUG 33512 --- [ool housekeeper] com.zaxxer.hikari.pool.HikariPool        : TigoHogarHikariPool - keepalive: connection net.sourceforge.jtds.jdbc.JtdsConnection@56081bb4 is alive
2026-06-23 13:05:46.382 DEBUG 33512 --- [l-1 housekeeper] com.zaxxer.hikari.pool.HikariPool        : HikariPool-1 - keepalive: connection net.sourceforge.jtds.jdbc.JtdsConnection@3719fb21 is alive
2026-06-23 13:05:54.460 DEBUG 33512 --- [l-1 housekeeper] com.zaxxer.hikari.pool.HikariPool        : HikariPool-1 - Before cleanup stats (total=1, active=0, idle=1, waiting=0)
2026-06-23 13:05:54.460 DEBUG 33512 --- [l-1 housekeeper] com.zaxxer.hikari.pool.HikariPool        : HikariPool-1 - After cleanup  stats (total=1, active=0, idle=1, waiting=0)
2026-06-23 13:05:54.460 DEBUG 33512 --- [l-1 housekeeper] com.zaxxer.hikari.pool.HikariPool        : HikariPool-1 - Fill pool skipped, pool is at sufficient level.
2026-06-23 13:05:56.455 DEBUG 33512 --- [ruz housekeeper] com.zaxxer.hikari.pool.HikariPool        : ConnDb-SantaCruz - Before cleanup stats (total=1, active=0, idle=1, waiting=0)
2026-06-23 13:05:56.455 DEBUG 33512 --- [ruz housekeeper] com.zaxxer.hikari.pool.HikariPool        : ConnDb-SantaCruz - After cleanup  stats (total=1, active=0, idle=1, waiting=0)
2026-06-23 13:05:56.455 DEBUG 33512 --- [ruz housekeeper] com.zaxxer.hikari.pool.HikariPool        : ConnDb-SantaCruz - Fill pool skipped, pool is at sufficient level.
2026-06-23 13:06:00.835 DEBUG 33512 --- [l-9 housekeeper] com.zaxxer.hikari.pool.HikariPool        : ConnDb-sucursal-9 - Before cleanup stats (total=1, active=0, idle=1, waiting=0)
2026-06-23 13:06:00.835 DEBUG 33512 --- [l-9 housekeeper] com.zaxxer.hikari.pool.HikariPool        : ConnDb-sucursal-9 - After cleanup  stats (total=1, active=0, idle=1, waiting=0)
2026-06-23 13:06:00.835 DEBUG 33512 --- [l-9 housekeeper] com.zaxxer.hikari.pool.HikariPool        : ConnDb-sucursal-9 - Fill pool skipped, pool is at sufficient level.
2026-06-23 13:06:06.455 DEBUG 33512 --- [ool housekeeper] com.zaxxer.hikari.pool.HikariPool        : CentralHikariPool - Before cleanup stats (total=1, active=0, idle=1, waiting=0)
2026-06-23 13:06:06.455 DEBUG 33512 --- [ool housekeeper] com.zaxxer.hikari.pool.HikariPool        : CentralHikariPool - After cleanup  stats (total=1, active=0, idle=1, waiting=0)
2026-06-23 13:06:06.455 DEBUG 33512 --- [ool housekeeper] com.zaxxer.hikari.pool.HikariPool        : CentralHikariPool - Fill pool skipped, pool is at sufficient level.
2026-06-23 13:06:06.517 DEBUG 33512 --- [ool housekeeper] com.zaxxer.hikari.pool.HikariPool        : TigoHogarHikariPool - Before cleanup stats (total=1, active=0, idle=1, waiting=0)
2026-06-23 13:06:06.517 DEBUG 33512 --- [ool housekeeper] com.zaxxer.hikari.pool.HikariPool        : TigoHogarHikariPool - After cleanup  stats (total=1, active=0, idle=1, waiting=0)
2026-06-23 13:06:06.517 DEBUG 33512 --- [ool housekeeper] com.zaxxer.hikari.pool.HikariPool        : TigoHogarHikariPool - Fill pool skipped, pool is at sufficient level.
2026-06-23 13:06:23.512 DEBUG 33512 --- [ool housekeeper] com.zaxxer.hikari.pool.HikariPool        : CentralHikariPool - keepalive: connection net.sourceforge.jtds.jdbc.JtdsConnection@3c7ebce3 is alive
2026-06-23 13:06:24.474 DEBUG 33512 --- [l-1 housekeeper] com.zaxxer.hikari.pool.HikariPool        : HikariPool-1 - Before cleanup stats (total=1, active=0, idle=1, waiting=0)
2026-06-23 13:06:24.474 DEBUG 33512 --- [l-1 housekeeper] com.zaxxer.hikari.pool.HikariPool        : HikariPool-1 - After cleanup  stats (total=1, active=0, idle=1, waiting=0)
2026-06-23 13:06:24.474 DEBUG 33512 --- [l-1 housekeeper] com.zaxxer.hikari.pool.HikariPool        : HikariPool-1 - Fill pool skipped, pool is at sufficient level.
2026-06-23 13:06:26.470 DEBUG 33512 --- [ruz housekeeper] com.zaxxer.hikari.pool.HikariPool        : ConnDb-SantaCruz - Before cleanup stats (total=1, active=0, idle=1, waiting=0)
2026-06-23 13:06:26.470 DEBUG 33512 --- [ruz housekeeper] com.zaxxer.hikari.pool.HikariPool        : ConnDb-SantaCruz - After cleanup  stats (total=1, active=0, idle=1, waiting=0)
2026-06-23 13:06:26.470 DEBUG 33512 --- [ruz housekeeper] com.zaxxer.hikari.pool.HikariPool        : ConnDb-SantaCruz - Fill pool skipped, pool is at sufficient level.
2026-06-23 13:06:30.843 DEBUG 33512 --- [l-9 housekeeper] com.zaxxer.hikari.pool.HikariPool        : ConnDb-sucursal-9 - Before cleanup stats (total=1, active=0, idle=1, waiting=0)
2026-06-23 13:06:30.843 DEBUG 33512 --- [l-9 housekeeper] com.zaxxer.hikari.pool.HikariPool        : ConnDb-sucursal-9 - After cleanup  stats (total=1, active=0, idle=1, waiting=0)
2026-06-23 13:06:30.843 DEBUG 33512 --- [l-9 housekeeper] com.zaxxer.hikari.pool.HikariPool        : ConnDb-sucursal-9 - Fill pool skipped, pool is at sufficient level.
2026-06-23 13:06:36.466 DEBUG 33512 --- [ool housekeeper] com.zaxxer.hikari.pool.HikariPool        : CentralHikariPool - Before cleanup stats (total=1, active=0, idle=1, waiting=0)
2026-06-23 13:06:36.466 DEBUG 33512 --- [ool housekeeper] com.zaxxer.hikari.pool.HikariPool        : CentralHikariPool - After cleanup  stats (total=1, active=0, idle=1, waiting=0)
2026-06-23 13:06:36.466 DEBUG 33512 --- [ool housekeeper] com.zaxxer.hikari.pool.HikariPool        : CentralHikariPool - Fill pool skipped, pool is at sufficient level.
2026-06-23 13:06:36.526 DEBUG 33512 --- [ool housekeeper] com.zaxxer.hikari.pool.HikariPool        : TigoHogarHikariPool - Before cleanup stats (total=1, active=0, idle=1, waiting=0)
2026-06-23 13:06:36.526 DEBUG 33512 --- [ool housekeeper] com.zaxxer.hikari.pool.HikariPool        : TigoHogarHikariPool - After cleanup  stats (total=1, active=0, idle=1, waiting=0)
2026-06-23 13:06:36.526 DEBUG 33512 --- [ool housekeeper] com.zaxxer.hikari.pool.HikariPool        : TigoHogarHikariPool - Fill pool skipped, pool is at sufficient level.
2026-06-23 13:06:54.476 DEBUG 33512 --- [l-1 housekeeper] com.zaxxer.hikari.pool.HikariPool        : HikariPool-1 - Before cleanup stats (total=1, active=0, idle=1, waiting=0)
2026-06-23 13:06:54.476 DEBUG 33512 --- [l-1 housekeeper] com.zaxxer.hikari.pool.HikariPool        : HikariPool-1 - After cleanup  stats (total=1, active=0, idle=1, waiting=0)
2026-06-23 13:06:54.476 DEBUG 33512 --- [l-1 housekeeper] com.zaxxer.hikari.pool.HikariPool        : HikariPool-1 - Fill pool skipped, pool is at sufficient level.
2026-06-23 13:06:56.473 DEBUG 33512 --- [ruz housekeeper] com.zaxxer.hikari.pool.HikariPool        : ConnDb-SantaCruz - Before cleanup stats (total=1, active=0, idle=1, waiting=0)
2026-06-23 13:06:56.473 DEBUG 33512 --- [ruz housekeeper] com.zaxxer.hikari.pool.HikariPool        : ConnDb-SantaCruz - After cleanup  stats (total=1, active=0, idle=1, waiting=0)
2026-06-23 13:06:56.473 DEBUG 33512 --- [ruz housekeeper] com.zaxxer.hikari.pool.HikariPool        : ConnDb-SantaCruz - Fill pool skipped, pool is at sufficient level.
2026-06-23 13:07:00.858 DEBUG 33512 --- [l-9 housekeeper] com.zaxxer.hikari.pool.HikariPool        : ConnDb-sucursal-9 - Before cleanup stats (total=1, active=0, idle=1, waiting=0)
2026-06-23 13:07:00.858 DEBUG 33512 --- [l-9 housekeeper] com.zaxxer.hikari.pool.HikariPool        : ConnDb-sucursal-9 - After cleanup  stats (total=1, active=0, idle=1, waiting=0)
2026-06-23 13:07:00.858 DEBUG 33512 --- [l-9 housekeeper] com.zaxxer.hikari.pool.HikariPool        : ConnDb-sucursal-9 - Fill pool skipped, pool is at sufficient level.
2026-06-23 13:07:06.481 DEBUG 33512 --- [ool housekeeper] com.zaxxer.hikari.pool.HikariPool        : CentralHikariPool - Before cleanup stats (total=1, active=0, idle=1, waiting=0)
2026-06-23 13:07:06.481 DEBUG 33512 --- [ool housekeeper] com.zaxxer.hikari.pool.HikariPool        : CentralHikariPool - After cleanup  stats (total=1, active=0, idle=1, waiting=0)
2026-06-23 13:07:06.481 DEBUG 33512 --- [ool housekeeper] com.zaxxer.hikari.pool.HikariPool        : CentralHikariPool - Fill pool skipped, pool is at sufficient level.
2026-06-23 13:07:06.528 DEBUG 33512 --- [ool housekeeper] com.zaxxer.hikari.pool.HikariPool        : TigoHogarHikariPool - Before cleanup stats (total=1, active=0, idle=1, waiting=0)
2026-06-23 13:07:06.528 DEBUG 33512 --- [ool housekeeper] com.zaxxer.hikari.pool.HikariPool        : TigoHogarHikariPool - After cleanup  stats (total=1, active=0, idle=1, waiting=0)
2026-06-23 13:07:06.528 DEBUG 33512 --- [ool housekeeper] com.zaxxer.hikari.pool.HikariPool        : TigoHogarHikariPool - Fill pool skipped, pool is at sufficient level.
2026-06-23 13:07:24.477 DEBUG 33512 --- [l-1 housekeeper] com.zaxxer.hikari.pool.HikariPool        : HikariPool-1 - Before cleanup stats (total=1, active=0, idle=1, waiting=0)
2026-06-23 13:07:24.477 DEBUG 33512 --- [l-1 housekeeper] com.zaxxer.hikari.pool.HikariPool        : HikariPool-1 - After cleanup  stats (total=1, active=0, idle=1, waiting=0)
2026-06-23 13:07:24.477 DEBUG 33512 --- [l-1 housekeeper] com.zaxxer.hikari.pool.HikariPool        : HikariPool-1 - Fill pool skipped, pool is at sufficient level.
2026-06-23 13:07:26.476 DEBUG 33512 --- [ruz housekeeper] com.zaxxer.hikari.pool.HikariPool        : ConnDb-SantaCruz - Before cleanup stats (total=1, active=0, idle=1, waiting=0)
2026-06-23 13:07:26.476 DEBUG 33512 --- [ruz housekeeper] com.zaxxer.hikari.pool.HikariPool        : ConnDb-SantaCruz - After cleanup  stats (total=1, active=0, idle=1, waiting=0)
2026-06-23 13:07:26.476 DEBUG 33512 --- [ruz housekeeper] com.zaxxer.hikari.pool.HikariPool        : ConnDb-SantaCruz - Fill pool skipped, pool is at sufficient level.
2026-06-23 13:07:30.175 DEBUG 33512 --- [ool housekeeper] com.zaxxer.hikari.pool.HikariPool        : TigoHogarHikariPool - keepalive: connection net.sourceforge.jtds.jdbc.JtdsConnection@56081bb4 is alive
2026-06-23 13:07:30.864 DEBUG 33512 --- [l-9 housekeeper] com.zaxxer.hikari.pool.HikariPool        : ConnDb-sucursal-9 - Before cleanup stats (total=1, active=0, idle=1, waiting=0)
2026-06-23 13:07:30.864 DEBUG 33512 --- [l-9 housekeeper] com.zaxxer.hikari.pool.HikariPool        : ConnDb-sucursal-9 - After cleanup  stats (total=1, active=0, idle=1, waiting=0)
2026-06-23 13:07:30.864 DEBUG 33512 --- [l-9 housekeeper] com.zaxxer.hikari.pool.HikariPool        : ConnDb-sucursal-9 - Fill pool skipped, pool is at sufficient level.
2026-06-23 13:07:36.483 DEBUG 33512 --- [ool housekeeper] com.zaxxer.hikari.pool.HikariPool        : CentralHikariPool - Before cleanup stats (total=1, active=0, idle=1, waiting=0)
2026-06-23 13:07:36.483 DEBUG 33512 --- [ool housekeeper] com.zaxxer.hikari.pool.HikariPool        : CentralHikariPool - After cleanup  stats (total=1, active=0, idle=1, waiting=0)
2026-06-23 13:07:36.483 DEBUG 33512 --- [ool housekeeper] com.zaxxer.hikari.pool.HikariPool        : CentralHikariPool - Fill pool skipped, pool is at sufficient level.
2026-06-23 13:07:36.529 DEBUG 33512 --- [ool housekeeper] com.zaxxer.hikari.pool.HikariPool        : TigoHogarHikariPool - Before cleanup stats (total=1, active=0, idle=1, waiting=0)
2026-06-23 13:07:36.529 DEBUG 33512 --- [ool housekeeper] com.zaxxer.hikari.pool.HikariPool        : TigoHogarHikariPool - After cleanup  stats (total=1, active=0, idle=1, waiting=0)
2026-06-23 13:07:36.529 DEBUG 33512 --- [ool housekeeper] com.zaxxer.hikari.pool.HikariPool        : TigoHogarHikariPool - Fill pool skipped, pool is at sufficient level.
2026-06-23 13:07:36.874 DEBUG 33512 --- [l-1 housekeeper] com.zaxxer.hikari.pool.HikariPool        : HikariPool-1 - keepalive: connection net.sourceforge.jtds.jdbc.JtdsConnection@3719fb21 is alive
2026-06-23 13:07:54.490 DEBUG 33512 --- [l-1 housekeeper] com.zaxxer.hikari.pool.HikariPool        : HikariPool-1 - Before cleanup stats (total=1, active=0, idle=1, waiting=0)
2026-06-23 13:07:54.491 DEBUG 33512 --- [l-1 housekeeper] com.zaxxer.hikari.pool.HikariPool        : HikariPool-1 - After cleanup  stats (total=0, active=0, idle=0, waiting=0)
2026-06-23 13:07:54.491 DEBUG 33512 --- [l-1 housekeeper] com.zaxxer.hikari.pool.HikariPool        : HikariPool-1 - Fill pool skipped, pool is at sufficient level.
2026-06-23 13:07:54.491 DEBUG 33512 --- [nnection closer] com.zaxxer.hikari.pool.PoolBase          : HikariPool-1 - Closing connection net.sourceforge.jtds.jdbc.JtdsConnection@3719fb21: (connection has passed idleTimeout)
2026-06-23 13:07:54.491 DEBUG 33512 --- [nnection closer] com.zaxxer.hikari.pool.HikariPool        : HikariPool-1 - Fill pool skipped, pool is at sufficient level.
2026-06-23 13:07:56.490 DEBUG 33512 --- [ruz housekeeper] com.zaxxer.hikari.pool.HikariPool        : ConnDb-SantaCruz - Before cleanup stats (total=1, active=0, idle=1, waiting=0)
2026-06-23 13:07:56.490 DEBUG 33512 --- [ruz housekeeper] com.zaxxer.hikari.pool.HikariPool        : ConnDb-SantaCruz - After cleanup  stats (total=1, active=0, idle=1, waiting=0)
2026-06-23 13:07:56.490 DEBUG 33512 --- [ruz housekeeper] com.zaxxer.hikari.pool.HikariPool        : ConnDb-SantaCruz - Fill pool skipped, pool is at sufficient level.
2026-06-23 13:08:00.872 DEBUG 33512 --- [l-9 housekeeper] com.zaxxer.hikari.pool.HikariPool        : ConnDb-sucursal-9 - Before cleanup stats (total=1, active=0, idle=1, waiting=0)
2026-06-23 13:08:00.872 DEBUG 33512 --- [l-9 housekeeper] com.zaxxer.hikari.pool.HikariPool        : ConnDb-sucursal-9 - After cleanup  stats (total=1, active=0, idle=1, waiting=0)
2026-06-23 13:08:00.872 DEBUG 33512 --- [l-9 housekeeper] com.zaxxer.hikari.pool.HikariPool        : ConnDb-sucursal-9 - Fill pool skipped, pool is at sufficient level.
2026-06-23 13:08:06.494 DEBUG 33512 --- [ool housekeeper] com.zaxxer.hikari.pool.HikariPool        : CentralHikariPool - Before cleanup stats (total=1, active=0, idle=1, waiting=0)
2026-06-23 13:08:06.494 DEBUG 33512 --- [ool housekeeper] com.zaxxer.hikari.pool.HikariPool        : CentralHikariPool - After cleanup  stats (total=0, active=0, idle=0, waiting=0)
2026-06-23 13:08:06.494 DEBUG 33512 --- [ool housekeeper] com.zaxxer.hikari.pool.HikariPool        : CentralHikariPool - Fill pool skipped, pool is at sufficient level.
2026-06-23 13:08:06.495 DEBUG 33512 --- [nnection closer] com.zaxxer.hikari.pool.PoolBase          : CentralHikariPool - Closing connection net.sourceforge.jtds.jdbc.JtdsConnection@3c7ebce3: (connection has passed idleTimeout)
2026-06-23 13:08:06.495 DEBUG 33512 --- [nnection closer] com.zaxxer.hikari.pool.HikariPool        : CentralHikariPool - Fill pool skipped, pool is at sufficient level.
2026-06-23 13:08:06.540 DEBUG 33512 --- [ool housekeeper] com.zaxxer.hikari.pool.HikariPool        : TigoHogarHikariPool - Before cleanup stats (total=1, active=0, idle=1, waiting=0)
2026-06-23 13:08:06.540 DEBUG 33512 --- [ool housekeeper] com.zaxxer.hikari.pool.HikariPool        : TigoHogarHikariPool - After cleanup  stats (total=0, active=0, idle=0, waiting=0)
2026-06-23 13:08:06.540 DEBUG 33512 --- [ool housekeeper] com.zaxxer.hikari.pool.HikariPool        : TigoHogarHikariPool - Fill pool skipped, pool is at sufficient level.
2026-06-23 13:08:06.540 DEBUG 33512 --- [nnection closer] com.zaxxer.hikari.pool.PoolBase          : TigoHogarHikariPool - Closing connection net.sourceforge.jtds.jdbc.JtdsConnection@56081bb4: (connection has passed idleTimeout)
2026-06-23 13:08:06.540 DEBUG 33512 --- [nnection closer] com.zaxxer.hikari.pool.HikariPool        : TigoHogarHikariPool - Fill pool skipped, pool is at sufficient level.
2026-06-23 13:08:24.499 DEBUG 33512 --- [l-1 housekeeper] com.zaxxer.hikari.pool.HikariPool        : HikariPool-1 - Before cleanup stats (total=0, active=0, idle=0, waiting=0)
2026-06-23 13:08:24.499 DEBUG 33512 --- [l-1 housekeeper] com.zaxxer.hikari.pool.HikariPool        : HikariPool-1 - After cleanup  stats (total=0, active=0, idle=0, waiting=0)
2026-06-23 13:08:24.499 DEBUG 33512 --- [l-1 housekeeper] com.zaxxer.hikari.pool.HikariPool        : HikariPool-1 - Fill pool skipped, pool is at sufficient level.
2026-06-23 13:08:26.494 DEBUG 33512 --- [ruz housekeeper] com.zaxxer.hikari.pool.HikariPool        : ConnDb-SantaCruz - Before cleanup stats (total=1, active=0, idle=1, waiting=0)
2026-06-23 13:08:26.494 DEBUG 33512 --- [ruz housekeeper] com.zaxxer.hikari.pool.HikariPool        : ConnDb-SantaCruz - After cleanup  stats (total=1, active=0, idle=1, waiting=0)
2026-06-23 13:08:26.494 DEBUG 33512 --- [ruz housekeeper] com.zaxxer.hikari.pool.HikariPool        : ConnDb-SantaCruz - Fill pool skipped, pool is at sufficient level.
2026-06-23 13:08:30.881 DEBUG 33512 --- [l-9 housekeeper] com.zaxxer.hikari.pool.HikariPool        : ConnDb-sucursal-9 - Before cleanup stats (total=1, active=0, idle=1, waiting=0)
2026-06-23 13:08:30.881 DEBUG 33512 --- [l-9 housekeeper] com.zaxxer.hikari.pool.HikariPool        : ConnDb-sucursal-9 - After cleanup  stats (total=1, active=0, idle=1, waiting=0)
2026-06-23 13:08:30.881 DEBUG 33512 --- [l-9 housekeeper] com.zaxxer.hikari.pool.HikariPool        : ConnDb-sucursal-9 - Fill pool skipped, pool is at sufficient level.
2026-06-23 13:08:36.500 DEBUG 33512 --- [ool housekeeper] com.zaxxer.hikari.pool.HikariPool        : CentralHikariPool - Before cleanup stats (total=0, active=0, idle=0, waiting=0)
2026-06-23 13:08:36.500 DEBUG 33512 --- [ool housekeeper] com.zaxxer.hikari.pool.HikariPool        : CentralHikariPool - After cleanup  stats (total=0, active=0, idle=0, waiting=0)
2026-06-23 13:08:36.500 DEBUG 33512 --- [ool housekeeper] com.zaxxer.hikari.pool.HikariPool        : CentralHikariPool - Fill pool skipped, pool is at sufficient level.
2026-06-23 13:08:36.546 DEBUG 33512 --- [ool housekeeper] com.zaxxer.hikari.pool.HikariPool        : TigoHogarHikariPool - Before cleanup stats (total=0, active=0, idle=0, waiting=0)
2026-06-23 13:08:36.546 DEBUG 33512 --- [ool housekeeper] com.zaxxer.hikari.pool.HikariPool        : TigoHogarHikariPool - After cleanup  stats (total=0, active=0, idle=0, waiting=0)
2026-06-23 13:08:36.546 DEBUG 33512 --- [ool housekeeper] com.zaxxer.hikari.pool.HikariPool        : TigoHogarHikariPool - Fill pool skipped, pool is at sufficient level.
2026-06-23 13:08:54.500 DEBUG 33512 --- [l-1 housekeeper] com.zaxxer.hikari.pool.HikariPool        : HikariPool-1 - Before cleanup stats (total=0, active=0, idle=0, waiting=0)
2026-06-23 13:08:54.500 DEBUG 33512 --- [l-1 housekeeper] com.zaxxer.hikari.pool.HikariPool        : HikariPool-1 - After cleanup  stats (total=0, active=0, idle=0, waiting=0)
2026-06-23 13:08:54.500 DEBUG 33512 --- [l-1 housekeeper] com.zaxxer.hikari.pool.HikariPool        : HikariPool-1 - Fill pool skipped, pool is at sufficient level.
2026-06-23 13:08:56.496 DEBUG 33512 --- [ruz housekeeper] com.zaxxer.hikari.pool.HikariPool        : ConnDb-SantaCruz - Before cleanup stats (total=1, active=0, idle=1, waiting=0)
2026-06-23 13:08:56.496 DEBUG 33512 --- [ruz housekeeper] com.zaxxer.hikari.pool.HikariPool        : ConnDb-SantaCruz - After cleanup  stats (total=1, active=0, idle=1, waiting=0)
2026-06-23 13:08:56.496 DEBUG 33512 --- [ruz housekeeper] com.zaxxer.hikari.pool.HikariPool        : ConnDb-SantaCruz - Fill pool skipped, pool is at sufficient level.
2026-06-23 13:09:00.884 DEBUG 33512 --- [l-9 housekeeper] com.zaxxer.hikari.pool.HikariPool        : ConnDb-sucursal-9 - Before cleanup stats (total=1, active=0, idle=1, waiting=0)
2026-06-23 13:09:00.884 DEBUG 33512 --- [l-9 housekeeper] com.zaxxer.hikari.pool.HikariPool        : ConnDb-sucursal-9 - After cleanup  stats (total=1, active=0, idle=1, waiting=0)
2026-06-23 13:09:00.884 DEBUG 33512 --- [l-9 housekeeper] com.zaxxer.hikari.pool.HikariPool        : ConnDb-sucursal-9 - Fill pool skipped, pool is at sufficient level.
2026-06-23 13:09:06.508 DEBUG 33512 --- [ool housekeeper] com.zaxxer.hikari.pool.HikariPool        : CentralHikariPool - Before cleanup stats (total=0, active=0, idle=0, waiting=0)
2026-06-23 13:09:06.508 DEBUG 33512 --- [ool housekeeper] com.zaxxer.hikari.pool.HikariPool        : CentralHikariPool - After cleanup  stats (total=0, active=0, idle=0, waiting=0)
2026-06-23 13:09:06.508 DEBUG 33512 --- [ool housekeeper] com.zaxxer.hikari.pool.HikariPool        : CentralHikariPool - Fill pool skipped, pool is at sufficient level.
2026-06-23 13:09:06.555 DEBUG 33512 --- [ool housekeeper] com.zaxxer.hikari.pool.HikariPool        : TigoHogarHikariPool - Before cleanup stats (total=0, active=0, idle=0, waiting=0)
2026-06-23 13:09:06.555 DEBUG 33512 --- [ool housekeeper] com.zaxxer.hikari.pool.HikariPool        : TigoHogarHikariPool - After cleanup  stats (total=0, active=0, idle=0, waiting=0)
2026-06-23 13:09:06.555 DEBUG 33512 --- [ool housekeeper] com.zaxxer.hikari.pool.HikariPool        : TigoHogarHikariPool - Fill pool skipped, pool is at sufficient level.
2026-06-23 13:09:24.512 DEBUG 33512 --- [l-1 housekeeper] com.zaxxer.hikari.pool.HikariPool        : HikariPool-1 - Before cleanup stats (total=0, active=0, idle=0, waiting=0)
2026-06-23 13:09:24.512 DEBUG 33512 --- [l-1 housekeeper] com.zaxxer.hikari.pool.HikariPool        : HikariPool-1 - After cleanup  stats (total=0, active=0, idle=0, waiting=0)
2026-06-23 13:09:24.512 DEBUG 33512 --- [l-1 housekeeper] com.zaxxer.hikari.pool.HikariPool        : HikariPool-1 - Fill pool skipped, pool is at sufficient level.
2026-06-23 13:09:26.511 DEBUG 33512 --- [ruz housekeeper] com.zaxxer.hikari.pool.HikariPool        : ConnDb-SantaCruz - Before cleanup stats (total=1, active=0, idle=1, waiting=0)
2026-06-23 13:09:26.511 DEBUG 33512 --- [ruz housekeeper] com.zaxxer.hikari.pool.HikariPool        : ConnDb-SantaCruz - After cleanup  stats (total=1, active=0, idle=1, waiting=0)
2026-06-23 13:09:26.511 DEBUG 33512 --- [ruz housekeeper] com.zaxxer.hikari.pool.HikariPool        : ConnDb-SantaCruz - Fill pool skipped, pool is at sufficient level.
2026-06-23 13:09:30.898 DEBUG 33512 --- [l-9 housekeeper] com.zaxxer.hikari.pool.HikariPool        : ConnDb-sucursal-9 - Before cleanup stats (total=1, active=0, idle=1, waiting=0)
2026-06-23 13:09:30.898 DEBUG 33512 --- [l-9 housekeeper] com.zaxxer.hikari.pool.HikariPool        : ConnDb-sucursal-9 - After cleanup  stats (total=1, active=0, idle=1, waiting=0)
2026-06-23 13:09:30.898 DEBUG 33512 --- [l-9 housekeeper] com.zaxxer.hikari.pool.HikariPool        : ConnDb-sucursal-9 - Fill pool skipped, pool is at sufficient level.
2026-06-23 13:09:36.523 DEBUG 33512 --- [ool housekeeper] com.zaxxer.hikari.pool.HikariPool        : CentralHikariPool - Before cleanup stats (total=0, active=0, idle=0, waiting=0)
2026-06-23 13:09:36.523 DEBUG 33512 --- [ool housekeeper] com.zaxxer.hikari.pool.HikariPool        : CentralHikariPool - After cleanup  stats (total=0, active=0, idle=0, waiting=0)
2026-06-23 13:09:36.523 DEBUG 33512 --- [ool housekeeper] com.zaxxer.hikari.pool.HikariPool        : CentralHikariPool - Fill pool skipped, pool is at sufficient level.
2026-06-23 13:09:36.571 DEBUG 33512 --- [ool housekeeper] com.zaxxer.hikari.pool.HikariPool        : TigoHogarHikariPool - Before cleanup stats (total=0, active=0, idle=0, waiting=0)
2026-06-23 13:09:36.571 DEBUG 33512 --- [ool housekeeper] com.zaxxer.hikari.pool.HikariPool        : TigoHogarHikariPool - After cleanup  stats (total=0, active=0, idle=0, waiting=0)
2026-06-23 13:09:36.571 DEBUG 33512 --- [ool housekeeper] com.zaxxer.hikari.pool.HikariPool        : TigoHogarHikariPool - Fill pool skipped, pool is at sufficient level.
2026-06-23 13:09:54.516 DEBUG 33512 --- [l-1 housekeeper] com.zaxxer.hikari.pool.HikariPool        : HikariPool-1 - Before cleanup stats (total=0, active=0, idle=0, waiting=0)
2026-06-23 13:09:54.516 DEBUG 33512 --- [l-1 housekeeper] com.zaxxer.hikari.pool.HikariPool        : HikariPool-1 - After cleanup  stats (total=0, active=0, idle=0, waiting=0)
2026-06-23 13:09:54.516 DEBUG 33512 --- [l-1 housekeeper] com.zaxxer.hikari.pool.HikariPool        : HikariPool-1 - Fill pool skipped, pool is at sufficient level.
2026-06-23 13:09:56.523 DEBUG 33512 --- [ruz housekeeper] com.zaxxer.hikari.pool.HikariPool        : ConnDb-SantaCruz - Before cleanup stats (total=1, active=0, idle=1, waiting=0)
2026-06-23 13:09:56.523 DEBUG 33512 --- [ruz housekeeper] com.zaxxer.hikari.pool.HikariPool        : ConnDb-SantaCruz - After cleanup  stats (total=1, active=0, idle=1, waiting=0)
2026-06-23 13:09:56.523 DEBUG 33512 --- [ruz housekeeper] com.zaxxer.hikari.pool.HikariPool        : ConnDb-SantaCruz - Fill pool skipped, pool is at sufficient level.
2026-06-23 13:10:00.902 DEBUG 33512 --- [l-9 housekeeper] com.zaxxer.hikari.pool.HikariPool        : ConnDb-sucursal-9 - Before cleanup stats (total=1, active=0, idle=1, waiting=0)
2026-06-23 13:10:00.902 DEBUG 33512 --- [l-9 housekeeper] com.zaxxer.hikari.pool.HikariPool        : ConnDb-sucursal-9 - After cleanup  stats (total=1, active=0, idle=1, waiting=0)
2026-06-23 13:10:00.902 DEBUG 33512 --- [l-9 housekeeper] com.zaxxer.hikari.pool.HikariPool        : ConnDb-sucursal-9 - Fill pool skipped, pool is at sufficient level.
2026-06-23 13:10:06.538 DEBUG 33512 --- [ool housekeeper] com.zaxxer.hikari.pool.HikariPool        : CentralHikariPool - Before cleanup stats (total=0, active=0, idle=0, waiting=0)
2026-06-23 13:10:06.538 DEBUG 33512 --- [ool housekeeper] com.zaxxer.hikari.pool.HikariPool        : CentralHikariPool - After cleanup  stats (total=0, active=0, idle=0, waiting=0)
2026-06-23 13:10:06.538 DEBUG 33512 --- [ool housekeeper] com.zaxxer.hikari.pool.HikariPool        : CentralHikariPool - Fill pool skipped, pool is at sufficient level.
2026-06-23 13:10:06.583 DEBUG 33512 --- [ool housekeeper] com.zaxxer.hikari.pool.HikariPool        : TigoHogarHikariPool - Before cleanup stats (total=0, active=0, idle=0, waiting=0)
2026-06-23 13:10:06.583 DEBUG 33512 --- [ool housekeeper] com.zaxxer.hikari.pool.HikariPool        : TigoHogarHikariPool - After cleanup  stats (total=0, active=0, idle=0, waiting=0)
2026-06-23 13:10:06.583 DEBUG 33512 --- [ool housekeeper] com.zaxxer.hikari.pool.HikariPool        : TigoHogarHikariPool - Fill pool skipped, pool is at sufficient level.
2026-06-23 13:10:24.528 DEBUG 33512 --- [l-1 housekeeper] com.zaxxer.hikari.pool.HikariPool        : HikariPool-1 - Before cleanup stats (total=0, active=0, idle=0, waiting=0)
2026-06-23 13:10:24.528 DEBUG 33512 --- [l-1 housekeeper] com.zaxxer.hikari.pool.HikariPool        : HikariPool-1 - After cleanup  stats (total=0, active=0, idle=0, waiting=0)
2026-06-23 13:10:24.528 DEBUG 33512 --- [l-1 housekeeper] com.zaxxer.hikari.pool.HikariPool        : HikariPool-1 - Fill pool skipped, pool is at sufficient level.
2026-06-23 13:10:26.538 DEBUG 33512 --- [ruz housekeeper] com.zaxxer.hikari.pool.HikariPool        : ConnDb-SantaCruz - Before cleanup stats (total=1, active=0, idle=1, waiting=0)
2026-06-23 13:10:26.538 DEBUG 33512 --- [ruz housekeeper] com.zaxxer.hikari.pool.HikariPool        : ConnDb-SantaCruz - After cleanup  stats (total=1, active=0, idle=1, waiting=0)
2026-06-23 13:10:26.538 DEBUG 33512 --- [ruz housekeeper] com.zaxxer.hikari.pool.HikariPool        : ConnDb-SantaCruz - Fill pool skipped, pool is at sufficient level.
2026-06-23 13:10:30.911 DEBUG 33512 --- [l-9 housekeeper] com.zaxxer.hikari.pool.HikariPool        : ConnDb-sucursal-9 - Before cleanup stats (total=1, active=0, idle=1, waiting=0)
2026-06-23 13:10:30.911 DEBUG 33512 --- [l-9 housekeeper] com.zaxxer.hikari.pool.HikariPool        : ConnDb-sucursal-9 - After cleanup  stats (total=1, active=0, idle=1, waiting=0)
2026-06-23 13:10:30.911 DEBUG 33512 --- [l-9 housekeeper] com.zaxxer.hikari.pool.HikariPool        : ConnDb-sucursal-9 - Fill pool skipped, pool is at sufficient level.
2026-06-23 13:10:36.548 DEBUG 33512 --- [ool housekeeper] com.zaxxer.hikari.pool.HikariPool        : CentralHikariPool - Before cleanup stats (total=0, active=0, idle=0, waiting=0)
2026-06-23 13:10:36.548 DEBUG 33512 --- [ool housekeeper] com.zaxxer.hikari.pool.HikariPool        : CentralHikariPool - After cleanup  stats (total=0, active=0, idle=0, waiting=0)
2026-06-23 13:10:36.548 DEBUG 33512 --- [ool housekeeper] com.zaxxer.hikari.pool.HikariPool        : CentralHikariPool - Fill pool skipped, pool is at sufficient level.
2026-06-23 13:10:36.595 DEBUG 33512 --- [ool housekeeper] com.zaxxer.hikari.pool.HikariPool        : TigoHogarHikariPool - Before cleanup stats (total=0, active=0, idle=0, waiting=0)
2026-06-23 13:10:36.595 DEBUG 33512 --- [ool housekeeper] com.zaxxer.hikari.pool.HikariPool        : TigoHogarHikariPool - After cleanup  stats (total=0, active=0, idle=0, waiting=0)
2026-06-23 13:10:36.595 DEBUG 33512 --- [ool housekeeper] com.zaxxer.hikari.pool.HikariPool        : TigoHogarHikariPool - Fill pool skipped, pool is at sufficient level.
2026-06-23 13:10:54.537 DEBUG 33512 --- [l-1 housekeeper] com.zaxxer.hikari.pool.HikariPool        : HikariPool-1 - Before cleanup stats (total=0, active=0, idle=0, waiting=0)
2026-06-23 13:10:54.537 DEBUG 33512 --- [l-1 housekeeper] com.zaxxer.hikari.pool.HikariPool        : HikariPool-1 - After cleanup  stats (total=0, active=0, idle=0, waiting=0)
2026-06-23 13:10:54.537 DEBUG 33512 --- [l-1 housekeeper] com.zaxxer.hikari.pool.HikariPool        : HikariPool-1 - Fill pool skipped, pool is at sufficient level.
2026-06-23 13:10:56.542 DEBUG 33512 --- [ruz housekeeper] com.zaxxer.hikari.pool.HikariPool        : ConnDb-SantaCruz - Before cleanup stats (total=1, active=0, idle=1, waiting=0)
2026-06-23 13:10:56.542 DEBUG 33512 --- [ruz housekeeper] com.zaxxer.hikari.pool.HikariPool        : ConnDb-SantaCruz - After cleanup  stats (total=1, active=0, idle=1, waiting=0)
2026-06-23 13:10:56.542 DEBUG 33512 --- [ruz housekeeper] com.zaxxer.hikari.pool.HikariPool        : ConnDb-SantaCruz - Fill pool skipped, pool is at sufficient level.
2026-06-23 13:11:00.927 DEBUG 33512 --- [l-9 housekeeper] com.zaxxer.hikari.pool.HikariPool        : ConnDb-sucursal-9 - Before cleanup stats (total=1, active=0, idle=1, waiting=0)
2026-06-23 13:11:00.927 DEBUG 33512 --- [l-9 housekeeper] com.zaxxer.hikari.pool.HikariPool        : ConnDb-sucursal-9 - After cleanup  stats (total=1, active=0, idle=1, waiting=0)
2026-06-23 13:11:00.927 DEBUG 33512 --- [l-9 housekeeper] com.zaxxer.hikari.pool.HikariPool        : ConnDb-sucursal-9 - Fill pool skipped, pool is at sufficient level.
2026-06-23 13:11:06.550 DEBUG 33512 --- [ool housekeeper] com.zaxxer.hikari.pool.HikariPool        : CentralHikariPool - Before cleanup stats (total=0, active=0, idle=0, waiting=0)
2026-06-23 13:11:06.550 DEBUG 33512 --- [ool housekeeper] com.zaxxer.hikari.pool.HikariPool        : CentralHikariPool - After cleanup  stats (total=0, active=0, idle=0, waiting=0)
2026-06-23 13:11:06.550 DEBUG 33512 --- [ool housekeeper] com.zaxxer.hikari.pool.HikariPool        : CentralHikariPool - Fill pool skipped, pool is at sufficient level.
2026-06-23 13:11:06.596 DEBUG 33512 --- [ool housekeeper] com.zaxxer.hikari.pool.HikariPool        : TigoHogarHikariPool - Before cleanup stats (total=0, active=0, idle=0, waiting=0)
2026-06-23 13:11:06.596 DEBUG 33512 --- [ool housekeeper] com.zaxxer.hikari.pool.HikariPool        : TigoHogarHikariPool - After cleanup  stats (total=0, active=0, idle=0, waiting=0)
2026-06-23 13:11:06.596 DEBUG 33512 --- [ool housekeeper] com.zaxxer.hikari.pool.HikariPool        : TigoHogarHikariPool - Fill pool skipped, pool is at sufficient level.
2026-06-23 13:11:24.541 DEBUG 33512 --- [l-1 housekeeper] com.zaxxer.hikari.pool.HikariPool        : HikariPool-1 - Before cleanup stats (total=0, active=0, idle=0, waiting=0)
2026-06-23 13:11:24.541 DEBUG 33512 --- [l-1 housekeeper] com.zaxxer.hikari.pool.HikariPool        : HikariPool-1 - After cleanup  stats (total=0, active=0, idle=0, waiting=0)
2026-06-23 13:11:24.541 DEBUG 33512 --- [l-1 housekeeper] com.zaxxer.hikari.pool.HikariPool        : HikariPool-1 - Fill pool skipped, pool is at sufficient level.
2026-06-23 13:11:26.552 DEBUG 33512 --- [ruz housekeeper] com.zaxxer.hikari.pool.HikariPool        : ConnDb-SantaCruz - Before cleanup stats (total=1, active=0, idle=1, waiting=0)
2026-06-23 13:11:26.552 DEBUG 33512 --- [ruz housekeeper] com.zaxxer.hikari.pool.HikariPool        : ConnDb-SantaCruz - After cleanup  stats (total=1, active=0, idle=1, waiting=0)
2026-06-23 13:11:26.552 DEBUG 33512 --- [ruz housekeeper] com.zaxxer.hikari.pool.HikariPool        : ConnDb-SantaCruz - Fill pool skipped, pool is at sufficient level.
2026-06-23 13:11:30.927 DEBUG 33512 --- [l-9 housekeeper] com.zaxxer.hikari.pool.HikariPool        : ConnDb-sucursal-9 - Before cleanup stats (total=1, active=0, idle=1, waiting=0)
2026-06-23 13:11:30.927 DEBUG 33512 --- [l-9 housekeeper] com.zaxxer.hikari.pool.HikariPool        : ConnDb-sucursal-9 - After cleanup  stats (total=1, active=0, idle=1, waiting=0)
2026-06-23 13:11:30.927 DEBUG 33512 --- [l-9 housekeeper] com.zaxxer.hikari.pool.HikariPool        : ConnDb-sucursal-9 - Fill pool skipped, pool is at sufficient level.
2026-06-23 13:11:36.562 DEBUG 33512 --- [ool housekeeper] com.zaxxer.hikari.pool.HikariPool        : CentralHikariPool - Before cleanup stats (total=0, active=0, idle=0, waiting=0)
2026-06-23 13:11:36.562 DEBUG 33512 --- [ool housekeeper] com.zaxxer.hikari.pool.HikariPool        : CentralHikariPool - After cleanup  stats (total=0, active=0, idle=0, waiting=0)
2026-06-23 13:11:36.562 DEBUG 33512 --- [ool housekeeper] com.zaxxer.hikari.pool.HikariPool        : CentralHikariPool - Fill pool skipped, pool is at sufficient level.
2026-06-23 13:11:36.610 DEBUG 33512 --- [ool housekeeper] com.zaxxer.hikari.pool.HikariPool        : TigoHogarHikariPool - Before cleanup stats (total=0, active=0, idle=0, waiting=0)
2026-06-23 13:11:36.610 DEBUG 33512 --- [ool housekeeper] com.zaxxer.hikari.pool.HikariPool        : TigoHogarHikariPool - After cleanup  stats (total=0, active=0, idle=0, waiting=0)
2026-06-23 13:11:36.610 DEBUG 33512 --- [ool housekeeper] com.zaxxer.hikari.pool.HikariPool        : TigoHogarHikariPool - Fill pool skipped, pool is at sufficient level.
2026-06-23 13:11:54.551 DEBUG 33512 --- [l-1 housekeeper] com.zaxxer.hikari.pool.HikariPool        : HikariPool-1 - Before cleanup stats (total=0, active=0, idle=0, waiting=0)
2026-06-23 13:11:54.551 DEBUG 33512 --- [l-1 housekeeper] com.zaxxer.hikari.pool.HikariPool        : HikariPool-1 - After cleanup  stats (total=0, active=0, idle=0, waiting=0)
2026-06-23 13:11:54.551 DEBUG 33512 --- [l-1 housekeeper] com.zaxxer.hikari.pool.HikariPool        : HikariPool-1 - Fill pool skipped, pool is at sufficient level.
2026-06-23 13:11:56.553 DEBUG 33512 --- [ruz housekeeper] com.zaxxer.hikari.pool.HikariPool        : ConnDb-SantaCruz - Before cleanup stats (total=1, active=0, idle=1, waiting=0)
2026-06-23 13:11:56.553 DEBUG 33512 --- [ruz housekeeper] com.zaxxer.hikari.pool.HikariPool        : ConnDb-SantaCruz - After cleanup  stats (total=1, active=0, idle=1, waiting=0)
2026-06-23 13:11:56.553 DEBUG 33512 --- [ruz housekeeper] com.zaxxer.hikari.pool.HikariPool        : ConnDb-SantaCruz - Fill pool skipped, pool is at sufficient level.
2026-06-23 13:12:00.934 DEBUG 33512 --- [l-9 housekeeper] com.zaxxer.hikari.pool.HikariPool        : ConnDb-sucursal-9 - Before cleanup stats (total=1, active=0, idle=1, waiting=0)
2026-06-23 13:12:00.934 DEBUG 33512 --- [l-9 housekeeper] com.zaxxer.hikari.pool.HikariPool        : ConnDb-sucursal-9 - After cleanup  stats (total=1, active=0, idle=1, waiting=0)
2026-06-23 13:12:00.934 DEBUG 33512 --- [l-9 housekeeper] com.zaxxer.hikari.pool.HikariPool        : ConnDb-sucursal-9 - Fill pool skipped, pool is at sufficient level.
2026-06-23 13:12:06.570 DEBUG 33512 --- [ool housekeeper] com.zaxxer.hikari.pool.HikariPool        : CentralHikariPool - Before cleanup stats (total=0, active=0, idle=0, waiting=0)
2026-06-23 13:12:06.570 DEBUG 33512 --- [ool housekeeper] com.zaxxer.hikari.pool.HikariPool        : CentralHikariPool - After cleanup  stats (total=0, active=0, idle=0, waiting=0)
2026-06-23 13:12:06.570 DEBUG 33512 --- [ool housekeeper] com.zaxxer.hikari.pool.HikariPool        : CentralHikariPool - Fill pool skipped, pool is at sufficient level.
2026-06-23 13:12:06.616 DEBUG 33512 --- [ool housekeeper] com.zaxxer.hikari.pool.HikariPool        : TigoHogarHikariPool - Before cleanup stats (total=0, active=0, idle=0, waiting=0)
2026-06-23 13:12:06.616 DEBUG 33512 --- [ool housekeeper] com.zaxxer.hikari.pool.HikariPool        : TigoHogarHikariPool - After cleanup  stats (total=0, active=0, idle=0, waiting=0)
2026-06-23 13:12:06.616 DEBUG 33512 --- [ool housekeeper] com.zaxxer.hikari.pool.HikariPool        : TigoHogarHikariPool - Fill pool skipped, pool is at sufficient level.
2026-06-23 13:12:24.563 DEBUG 33512 --- [l-1 housekeeper] com.zaxxer.hikari.pool.HikariPool        : HikariPool-1 - Before cleanup stats (total=0, active=0, idle=0, waiting=0)
2026-06-23 13:12:24.563 DEBUG 33512 --- [l-1 housekeeper] com.zaxxer.hikari.pool.HikariPool        : HikariPool-1 - After cleanup  stats (total=0, active=0, idle=0, waiting=0)
2026-06-23 13:12:24.563 DEBUG 33512 --- [l-1 housekeeper] com.zaxxer.hikari.pool.HikariPool        : HikariPool-1 - Fill pool skipped, pool is at sufficient level.
2026-06-23 13:12:26.562 DEBUG 33512 --- [ruz housekeeper] com.zaxxer.hikari.pool.HikariPool        : ConnDb-SantaCruz - Before cleanup stats (total=1, active=0, idle=1, waiting=0)
2026-06-23 13:12:26.562 DEBUG 33512 --- [ruz housekeeper] com.zaxxer.hikari.pool.HikariPool        : ConnDb-SantaCruz - After cleanup  stats (total=1, active=0, idle=1, waiting=0)
2026-06-23 13:12:26.562 DEBUG 33512 --- [ruz housekeeper] com.zaxxer.hikari.pool.HikariPool        : ConnDb-SantaCruz - Fill pool skipped, pool is at sufficient level.
2026-06-23 13:12:30.934 DEBUG 33512 --- [l-9 housekeeper] com.zaxxer.hikari.pool.HikariPool        : ConnDb-sucursal-9 - Before cleanup stats (total=1, active=0, idle=1, waiting=0)
2026-06-23 13:12:30.934 DEBUG 33512 --- [l-9 housekeeper] com.zaxxer.hikari.pool.HikariPool        : ConnDb-sucursal-9 - After cleanup  stats (total=1, active=0, idle=1, waiting=0)
2026-06-23 13:12:30.934 DEBUG 33512 --- [l-9 housekeeper] com.zaxxer.hikari.pool.HikariPool        : ConnDb-sucursal-9 - Fill pool skipped, pool is at sufficient level.
2026-06-23 13:12:36.584 DEBUG 33512 --- [ool housekeeper] com.zaxxer.hikari.pool.HikariPool        : CentralHikariPool - Before cleanup stats (total=0, active=0, idle=0, waiting=0)
2026-06-23 13:12:36.584 DEBUG 33512 --- [ool housekeeper] com.zaxxer.hikari.pool.HikariPool        : CentralHikariPool - After cleanup  stats (total=0, active=0, idle=0, waiting=0)
2026-06-23 13:12:36.584 DEBUG 33512 --- [ool housekeeper] com.zaxxer.hikari.pool.HikariPool        : CentralHikariPool - Fill pool skipped, pool is at sufficient level.
2026-06-23 13:12:36.630 DEBUG 33512 --- [ool housekeeper] com.zaxxer.hikari.pool.HikariPool        : TigoHogarHikariPool - Before cleanup stats (total=0, active=0, idle=0, waiting=0)
2026-06-23 13:12:36.630 DEBUG 33512 --- [ool housekeeper] com.zaxxer.hikari.pool.HikariPool        : TigoHogarHikariPool - After cleanup  stats (total=0, active=0, idle=0, waiting=0)
2026-06-23 13:12:36.630 DEBUG 33512 --- [ool housekeeper] com.zaxxer.hikari.pool.HikariPool        : TigoHogarHikariPool - Fill pool skipped, pool is at sufficient level.
2026-06-23 13:12:54.565 DEBUG 33512 --- [l-1 housekeeper] com.zaxxer.hikari.pool.HikariPool        : HikariPool-1 - Before cleanup stats (total=0, active=0, idle=0, waiting=0)
2026-06-23 13:12:54.565 DEBUG 33512 --- [l-1 housekeeper] com.zaxxer.hikari.pool.HikariPool        : HikariPool-1 - After cleanup  stats (total=0, active=0, idle=0, waiting=0)
2026-06-23 13:12:54.565 DEBUG 33512 --- [l-1 housekeeper] com.zaxxer.hikari.pool.HikariPool        : HikariPool-1 - Fill pool skipped, pool is at sufficient level.
2026-06-23 13:12:56.565 DEBUG 33512 --- [ruz housekeeper] com.zaxxer.hikari.pool.HikariPool        : ConnDb-SantaCruz - Before cleanup stats (total=1, active=0, idle=1, waiting=0)
2026-06-23 13:12:56.565 DEBUG 33512 --- [ruz housekeeper] com.zaxxer.hikari.pool.HikariPool        : ConnDb-SantaCruz - After cleanup  stats (total=0, active=0, idle=0, waiting=0)
2026-06-23 13:12:56.565 DEBUG 33512 --- [ruz housekeeper] com.zaxxer.hikari.pool.HikariPool        : ConnDb-SantaCruz - Fill pool skipped, pool is at sufficient level.
2026-06-23 13:12:56.565 DEBUG 33512 --- [nnection closer] com.zaxxer.hikari.pool.PoolBase          : ConnDb-SantaCruz - Closing connection net.sourceforge.jtds.jdbc.JtdsConnection@734f5dc7: (connection has passed idleTimeout)
2026-06-23 13:12:56.566 DEBUG 33512 --- [nnection closer] com.zaxxer.hikari.pool.HikariPool        : ConnDb-SantaCruz - Fill pool skipped, pool is at sufficient level.
2026-06-23 13:13:00.947 DEBUG 33512 --- [l-9 housekeeper] com.zaxxer.hikari.pool.HikariPool        : ConnDb-sucursal-9 - Before cleanup stats (total=1, active=0, idle=1, waiting=0)
2026-06-23 13:13:00.947 DEBUG 33512 --- [l-9 housekeeper] com.zaxxer.hikari.pool.HikariPool        : ConnDb-sucursal-9 - After cleanup  stats (total=0, active=0, idle=0, waiting=0)
2026-06-23 13:13:00.947 DEBUG 33512 --- [l-9 housekeeper] com.zaxxer.hikari.pool.HikariPool        : ConnDb-sucursal-9 - Fill pool skipped, pool is at sufficient level.
2026-06-23 13:13:00.947 DEBUG 33512 --- [nnection closer] com.zaxxer.hikari.pool.PoolBase          : ConnDb-sucursal-9 - Closing connection net.sourceforge.jtds.jdbc.JtdsConnection@4aae504b: (connection has passed idleTimeout)
2026-06-23 13:13:00.948 DEBUG 33512 --- [nnection closer] com.zaxxer.hikari.pool.HikariPool        : ConnDb-sucursal-9 - Fill pool skipped, pool is at sufficient level.
2026-06-23 13:13:06.590 DEBUG 33512 --- [ool housekeeper] com.zaxxer.hikari.pool.HikariPool        : CentralHikariPool - Before cleanup stats (total=0, active=0, idle=0, waiting=0)
2026-06-23 13:13:06.590 DEBUG 33512 --- [ool housekeeper] com.zaxxer.hikari.pool.HikariPool        : CentralHikariPool - After cleanup  stats (total=0, active=0, idle=0, waiting=0)
2026-06-23 13:13:06.590 DEBUG 33512 --- [ool housekeeper] com.zaxxer.hikari.pool.HikariPool        : CentralHikariPool - Fill pool skipped, pool is at sufficient level.
2026-06-23 13:13:06.636 DEBUG 33512 --- [ool housekeeper] com.zaxxer.hikari.pool.HikariPool        : TigoHogarHikariPool - Before cleanup stats (total=0, active=0, idle=0, waiting=0)
2026-06-23 13:13:06.636 DEBUG 33512 --- [ool housekeeper] com.zaxxer.hikari.pool.HikariPool        : TigoHogarHikariPool - After cleanup  stats (total=0, active=0, idle=0, waiting=0)
2026-06-23 13:13:06.636 DEBUG 33512 --- [ool housekeeper] com.zaxxer.hikari.pool.HikariPool        : TigoHogarHikariPool - Fill pool skipped, pool is at sufficient level.
2026-06-23 13:13:24.579 DEBUG 33512 --- [l-1 housekeeper] com.zaxxer.hikari.pool.HikariPool        : HikariPool-1 - Before cleanup stats (total=0, active=0, idle=0, waiting=0)
2026-06-23 13:13:24.579 DEBUG 33512 --- [l-1 housekeeper] com.zaxxer.hikari.pool.HikariPool        : HikariPool-1 - After cleanup  stats (total=0, active=0, idle=0, waiting=0)
2026-06-23 13:13:24.579 DEBUG 33512 --- [l-1 housekeeper] com.zaxxer.hikari.pool.HikariPool        : HikariPool-1 - Fill pool skipped, pool is at sufficient level.
2026-06-23 13:13:26.575 DEBUG 33512 --- [ruz housekeeper] com.zaxxer.hikari.pool.HikariPool        : ConnDb-SantaCruz - Before cleanup stats (total=0, active=0, idle=0, waiting=0)
2026-06-23 13:13:26.575 DEBUG 33512 --- [ruz housekeeper] com.zaxxer.hikari.pool.HikariPool        : ConnDb-SantaCruz - After cleanup  stats (total=0, active=0, idle=0, waiting=0)
2026-06-23 13:13:26.575 DEBUG 33512 --- [ruz housekeeper] com.zaxxer.hikari.pool.HikariPool        : ConnDb-SantaCruz - Fill pool skipped, pool is at sufficient level.
2026-06-23 13:13:28.358 DEBUG 33512 --- [nio-9060-exec-8] o.s.web.servlet.DispatcherServlet        : GET "/auth/sucursales", parameters={}
2026-06-23 13:13:28.359 DEBUG 33512 --- [nio-9060-exec-8] s.w.s.m.m.a.RequestMappingHandlerMapping : Mapped to com.example.TigoStarSystem.auth.controller.AuthController#listarSucursales()
2026-06-23 13:13:28.360  INFO 33512 --- [nio-9060-exec-8] c.e.T.auth.controller.AuthController     : Request GET /auth/sucursales
2026-06-23 13:13:28.360 DEBUG 33512 --- [nio-9060-exec-8] o.s.jdbc.core.JdbcTemplate               : Executing SQL query [EXEC dbo.spx_ObtenerSucursalesConexionWeb]
2026-06-23 13:13:28.360 DEBUG 33512 --- [nio-9060-exec-8] o.s.jdbc.datasource.DataSourceUtils      : Fetching JDBC Connection from DataSource
2026-06-23 13:13:28.374 DEBUG 33512 --- [onnection adder] com.zaxxer.hikari.pool.HikariPool        : HikariPool-1 - Added connection net.sourceforge.jtds.jdbc.JtdsConnection@ed086fe
2026-06-23 13:13:28.380 DEBUG 33512 --- [nio-9060-exec-8] o.s.w.s.m.m.a.HttpEntityMethodProcessor  : Using 'application/json', given [application/json, text/plain, */*] and supported [application/json, application/*+json, application/json, application/*+json]
2026-06-23 13:13:28.380 DEBUG 33512 --- [nio-9060-exec-8] o.s.w.s.m.m.a.HttpEntityMethodProcessor  : Writing [com.example.TigoStarSystem.common.ApiResponse@1c66ca60]
2026-06-23 13:13:28.381 DEBUG 33512 --- [nio-9060-exec-8] o.s.web.servlet.DispatcherServlet        : Completed 200 OK
2026-06-23 13:13:30.948 DEBUG 33512 --- [l-9 housekeeper] com.zaxxer.hikari.pool.HikariPool        : ConnDb-sucursal-9 - Before cleanup stats (total=0, active=0, idle=0, waiting=0)
2026-06-23 13:13:30.948 DEBUG 33512 --- [l-9 housekeeper] com.zaxxer.hikari.pool.HikariPool        : ConnDb-sucursal-9 - After cleanup  stats (total=0, active=0, idle=0, waiting=0)
2026-06-23 13:13:30.948 DEBUG 33512 --- [l-9 housekeeper] com.zaxxer.hikari.pool.HikariPool        : ConnDb-sucursal-9 - Fill pool skipped, pool is at sufficient level.
2026-06-23 13:13:35.726 DEBUG 33512 --- [io-9060-exec-10] o.s.web.servlet.DispatcherServlet        : POST "/auth/login", parameters={}
2026-06-23 13:13:35.728 DEBUG 33512 --- [io-9060-exec-10] s.w.s.m.m.a.RequestMappingHandlerMapping : Mapped to com.example.TigoStarSystem.auth.controller.AuthController#login(AuthLoginRequest)
2026-06-23 13:13:35.729 DEBUG 33512 --- [io-9060-exec-10] m.m.a.RequestResponseBodyMethodProcessor : Read "application/json;charset=UTF-8" to [com.example.TigoStarSystem.auth.dto.AuthLoginRequest@7e4abd44]
2026-06-23 13:13:35.729  INFO 33512 --- [io-9060-exec-10] c.e.T.auth.service.AuthService           : Login attempt usuario=ceguez, idSucursal=9, validarSucursal=false
2026-06-23 13:13:35.729 DEBUG 33512 --- [io-9060-exec-10] o.s.jdbc.core.JdbcTemplate               : Executing SQL query [EXEC dbo.spx_ObtenerSucursalesConexionWeb]
2026-06-23 13:13:35.730 DEBUG 33512 --- [io-9060-exec-10] o.s.jdbc.datasource.DataSourceUtils      : Fetching JDBC Connection from DataSource
2026-06-23 13:13:35.737 DEBUG 33512 --- [io-9060-exec-10] c.e.T.auth.service.AuthService           : Sucursal resolved idSucursal=9, host=tigo.makiro.com.bo, baseDeDatos=BDSistemaAntenaPM
2026-06-23 13:13:35.737 DEBUG 33512 --- [io-9060-exec-10] c.e.T.auth.service.AuthService           : Login target attempt=1 idSucursal=9, sucursal=SantaCruz, host=tigo.makiro.com.bo, baseDeDatos=BDSistemaAntenaPM
2026-06-23 13:13:35.737 DEBUG 33512 --- [io-9060-exec-10] c.e.T.auth.service.AuthService           : Creating JDBC connection for sucursal host=tigo.makiro.com.bo baseDeDatos=BDSistemaAntenaPM
2026-06-23 13:13:35.737 DEBUG 33512 --- [io-9060-exec-10] c.e.T.auth.service.AuthService           : Calling SP dbo.spx_ValidarUsuario
2026-06-23 13:13:35.737 DEBUG 33512 --- [io-9060-exec-10] o.s.jdbc.core.JdbcTemplate               : Executing prepared SQL query
2026-06-23 13:13:35.737 DEBUG 33512 --- [io-9060-exec-10] o.s.jdbc.core.JdbcTemplate               : Executing prepared SQL statement [EXEC dbo.spx_ValidarUsuario ?, ?]
2026-06-23 13:13:35.737 DEBUG 33512 --- [io-9060-exec-10] o.s.jdbc.datasource.DataSourceUtils      : Fetching JDBC Connection from DataSource
2026-06-23 13:13:35.749 DEBUG 33512 --- [onnection adder] com.zaxxer.hikari.pool.HikariPool        : ConnDb-SantaCruz - Added connection net.sourceforge.jtds.jdbc.JtdsConnection@1609e203
2026-06-23 13:13:35.755 DEBUG 33512 --- [io-9060-exec-10] c.e.T.auth.service.AuthService           : Login SP returned 1 rows
2026-06-23 13:13:35.757  INFO 33512 --- [io-9060-exec-10] c.e.T.auth.controller.AuthController     : User {} logged in successfully.
2026-06-23 13:13:35.757 DEBUG 33512 --- [io-9060-exec-10] o.s.w.s.m.m.a.HttpEntityMethodProcessor  : Using 'application/json', given [application/json, text/plain, */*] and supported [application/json, application/*+json, application/json, application/*+json]
2026-06-23 13:13:35.757 DEBUG 33512 --- [io-9060-exec-10] o.s.w.s.m.m.a.HttpEntityMethodProcessor  : Writing [com.example.TigoStarSystem.common.ApiResponse@1ff2ffc8]
2026-06-23 13:13:35.758 DEBUG 33512 --- [io-9060-exec-10] o.s.web.servlet.DispatcherServlet        : Completed 200 OK
2026-06-23 13:13:36.044 DEBUG 33512 --- [nio-9060-exec-9] o.s.web.servlet.DispatcherServlet        : GET "/auth/sucursales", parameters={}
2026-06-23 13:13:36.044 DEBUG 33512 --- [nio-9060-exec-9] s.w.s.m.m.a.RequestMappingHandlerMapping : Mapped to com.example.TigoStarSystem.auth.controller.AuthController#listarSucursales()
2026-06-23 13:13:36.045  INFO 33512 --- [nio-9060-exec-9] c.e.T.auth.controller.AuthController     : Request GET /auth/sucursales
2026-06-23 13:13:36.045 DEBUG 33512 --- [nio-9060-exec-9] o.s.jdbc.core.JdbcTemplate               : Executing SQL query [EXEC dbo.spx_ObtenerSucursalesConexionWeb]
2026-06-23 13:13:36.045 DEBUG 33512 --- [nio-9060-exec-9] o.s.jdbc.datasource.DataSourceUtils      : Fetching JDBC Connection from DataSource
2026-06-23 13:13:36.049 DEBUG 33512 --- [nio-9060-exec-9] o.s.w.s.m.m.a.HttpEntityMethodProcessor  : Using 'application/json', given [application/json, text/plain, */*] and supported [application/json, application/*+json, application/json, application/*+json]
2026-06-23 13:13:36.049 DEBUG 33512 --- [nio-9060-exec-9] o.s.w.s.m.m.a.HttpEntityMethodProcessor  : Writing [com.example.TigoStarSystem.common.ApiResponse@5d8d4821]
2026-06-23 13:13:36.049 DEBUG 33512 --- [nio-9060-exec-9] o.s.web.servlet.DispatcherServlet        : Completed 200 OK
2026-06-23 13:13:36.076 DEBUG 33512 --- [nio-9060-exec-7] o.s.web.servlet.DispatcherServlet        : GET "/auth/me", parameters={}
2026-06-23 13:13:36.076 DEBUG 33512 --- [nio-9060-exec-7] s.w.s.m.m.a.RequestMappingHandlerMapping : Mapped to com.example.TigoStarSystem.auth.controller.AuthController#me(String)
2026-06-23 13:13:36.079 DEBUG 33512 --- [nio-9060-exec-7] o.s.w.s.m.m.a.HttpEntityMethodProcessor  : Using 'application/json', given [application/json, text/plain, */*] and supported [application/json, application/*+json, application/json, application/*+json]
2026-06-23 13:13:36.079 DEBUG 33512 --- [nio-9060-exec-7] o.s.w.s.m.m.a.HttpEntityMethodProcessor  : Writing [com.example.TigoStarSystem.common.ApiResponse@4749368e]
2026-06-23 13:13:36.080 DEBUG 33512 --- [nio-9060-exec-7] o.s.web.servlet.DispatcherServlet        : Completed 200 OK
2026-06-23 13:13:36.401 DEBUG 33512 --- [nio-9060-exec-1] o.s.web.servlet.DispatcherServlet        : GET "/auth/permisos", parameters={}
2026-06-23 13:13:36.401 DEBUG 33512 --- [nio-9060-exec-1] s.w.s.m.m.a.RequestMappingHandlerMapping : Mapped to com.example.TigoStarSystem.auth.controller.AuthPermisosController#permisos(String)
2026-06-23 13:13:36.403 DEBUG 33512 --- [nio-9060-exec-1] o.s.jdbc.core.JdbcTemplate               : Executing prepared SQL query
2026-06-23 13:13:36.403 DEBUG 33512 --- [nio-9060-exec-1] o.s.jdbc.core.JdbcTemplate               : Executing prepared SQL statement [SELECT TOP 1 CAST(ut.id AS INT) AS id_usuario_tecnico FROM dbo.tbl_UsuarioTecnico ut WHERE (ut.id_usuario = ? OR ut.idusuario = ? OR ut.id_tecnico = ? OR ut.idtecnico = ?)   AND ISNULL(ut.e_eliminado, 0) = 0]
2026-06-23 13:13:36.403 DEBUG 33512 --- [nio-9060-exec-1] o.s.jdbc.datasource.DataSourceUtils      : Fetching JDBC Connection from DataSource
2026-06-23 13:13:36.416 DEBUG 33512 --- [onnection adder] com.zaxxer.hikari.pool.HikariPool        : TigoHogarHikariPool - Added connection net.sourceforge.jtds.jdbc.JtdsConnection@29ee7ada
2026-06-23 13:13:36.426 DEBUG 33512 --- [nio-9060-exec-1] o.s.jdbc.core.JdbcTemplate               : Executing prepared SQL query
2026-06-23 13:13:36.426 DEBUG 33512 --- [nio-9060-exec-1] o.s.jdbc.core.JdbcTemplate               : Executing prepared SQL statement [SELECT TOP 1 CAST(ut.Id AS INT) AS id_usuario_tecnico FROM dbo.tbl_UsuarioTecnico ut WHERE (ut.Id_Usuario = ? OR ut.IdUsuario = ? OR ut.Id_Tecnico = ? OR ut.IdTecnico = ?)   AND ISNULL(ut.E_Eliminado, 0) = 0]
2026-06-23 13:13:36.426 DEBUG 33512 --- [nio-9060-exec-1] o.s.jdbc.datasource.DataSourceUtils      : Fetching JDBC Connection from DataSource
2026-06-23 13:13:36.433 DEBUG 33512 --- [nio-9060-exec-1] o.s.jdbc.core.JdbcTemplate               : Executing prepared SQL query
2026-06-23 13:13:36.433 DEBUG 33512 --- [nio-9060-exec-1] o.s.jdbc.core.JdbcTemplate               : Executing prepared SQL statement [SELECT TOP 1 CAST(ut.id AS INT) AS id_usuario_tecnico FROM dbo.tbl_usuariotecnico ut WHERE (ut.id_usuario = ? OR ut.idusuario = ? OR ut.id_tecnico = ? OR ut.idtecnico = ?)   AND ISNULL(ut.e_eliminado, 0) = 0]
2026-06-23 13:13:36.433 DEBUG 33512 --- [nio-9060-exec-1] o.s.jdbc.datasource.DataSourceUtils      : Fetching JDBC Connection from DataSource
2026-06-23 13:13:36.441 DEBUG 33512 --- [nio-9060-exec-1] o.s.jdbc.core.JdbcTemplate               : Executing prepared SQL query
2026-06-23 13:13:36.441 DEBUG 33512 --- [nio-9060-exec-1] o.s.jdbc.core.JdbcTemplate               : Executing prepared SQL statement [SELECT TOP 1 CAST(ut.id AS INT) AS id_usuario_tecnico FROM dbo.tbl_usuaritecnico ut WHERE (ut.id_usuario = ? OR ut.idusuario = ? OR ut.id_tecnico = ? OR ut.idtecnico = ?)   AND ISNULL(ut.e_eliminado, 0) = 0]
2026-06-23 13:13:36.441 DEBUG 33512 --- [nio-9060-exec-1] o.s.jdbc.datasource.DataSourceUtils      : Fetching JDBC Connection from DataSource
2026-06-23 13:13:36.448 DEBUG 33512 --- [nio-9060-exec-1] o.s.jdbc.core.JdbcTemplate               : Executing prepared SQL query
2026-06-23 13:13:36.448 DEBUG 33512 --- [nio-9060-exec-1] o.s.jdbc.core.JdbcTemplate               : Executing prepared SQL statement [SELECT TOP 1 CAST(ut.id_vendedor AS INT) AS id_vendedor FROM dbo.tbl_UsuarioTecnico ut WHERE (ut.id_usuario = ? OR ut.idusuario = ? OR ut.id = ? OR ut.id_tecnico = ? OR ut.idtecnico = ?)   AND ISNULL(ut.e_eliminado, 0) = 0 AND ut.id_vendedor IS NOT NULL]
2026-06-23 13:13:36.448 DEBUG 33512 --- [nio-9060-exec-1] o.s.jdbc.datasource.DataSourceUtils      : Fetching JDBC Connection from DataSource
2026-06-23 13:13:36.456 DEBUG 33512 --- [nio-9060-exec-1] o.s.jdbc.core.JdbcTemplate               : Executing prepared SQL query
2026-06-23 13:13:36.456 DEBUG 33512 --- [nio-9060-exec-1] o.s.jdbc.core.JdbcTemplate               : Executing prepared SQL statement [SELECT TOP 1 CAST(ut.Id_Vendedor AS INT) AS id_vendedor FROM dbo.tbl_UsuarioTecnico ut WHERE (ut.Id_Usuario = ? OR ut.IdUsuario = ? OR ut.Id = ? OR ut.Id_Tecnico = ? OR ut.IdTecnico = ?)   AND ISNULL(ut.E_Eliminado, 0) = 0 AND ut.Id_Vendedor IS NOT NULL]
2026-06-23 13:13:36.456 DEBUG 33512 --- [nio-9060-exec-1] o.s.jdbc.datasource.DataSourceUtils      : Fetching JDBC Connection from DataSource
2026-06-23 13:13:36.463 DEBUG 33512 --- [nio-9060-exec-1] o.s.jdbc.core.JdbcTemplate               : Executing prepared SQL query
2026-06-23 13:13:36.463 DEBUG 33512 --- [nio-9060-exec-1] o.s.jdbc.core.JdbcTemplate               : Executing prepared SQL statement [SELECT TOP 1 CAST(ut.idvendedor AS INT) AS id_vendedor FROM dbo.tbl_usuariotecnico ut WHERE (ut.id_usuario = ? OR ut.idusuario = ? OR ut.id = ? OR ut.id_tecnico = ? OR ut.idtecnico = ?)   AND ISNULL(ut.e_eliminado, 0) = 0 AND ut.idvendedor IS NOT NULL]
2026-06-23 13:13:36.463 DEBUG 33512 --- [nio-9060-exec-1] o.s.jdbc.datasource.DataSourceUtils      : Fetching JDBC Connection from DataSource
2026-06-23 13:13:36.472 DEBUG 33512 --- [nio-9060-exec-1] o.s.jdbc.core.JdbcTemplate               : Executing prepared SQL query
2026-06-23 13:13:36.472 DEBUG 33512 --- [nio-9060-exec-1] o.s.jdbc.core.JdbcTemplate               : Executing prepared SQL statement [SELECT TOP 1 g.id_grupo, ISNULL(g.supervisor_ausente, 0) AS supervisor_ausente, gb.id_grupo_backup, gb.id_usuario_tecnico_temporal, ISNULL(gb.e_activo, 0) AS backup_activo, gb.fecha_inicio, gs.id_usuario AS id_usuario_supervisor FROM dbo.tbl_Grupo g LEFT JOIN dbo.tbl_GrupoSup gs ON gs.id_grupo = g.id_grupo LEFT JOIN dbo.tbl_GrupoBackup gb        ON gb.id_grupo = g.id_grupo       AND ISNULL(gb.e_activo, 0) = 1 WHERE ISNULL(g.e_eliminado, 0) = 0   AND (gs.id_usuario = ? OR gb.id_usuario_tecnico_temporal = ? OR gb.id_usuario_tecnico_temporal = ? OR gb.id_usuario_tecnico_temporal = ?) ORDER BY CASE WHEN gb.id_usuario_tecnico_temporal = ? THEN 0               WHEN gb.id_usuario_tecnico_temporal = ? THEN 1               WHEN gb.id_usuario_tecnico_temporal = ? THEN 2 ELSE 3 END,          gb.id_grupo_backup DESC, g.id_grupo DESC]
2026-06-23 13:13:36.472 DEBUG 33512 --- [nio-9060-exec-1] o.s.jdbc.datasource.DataSourceUtils      : Fetching JDBC Connection from DataSource
2026-06-23 13:13:36.489 DEBUG 33512 --- [nio-9060-exec-1] o.s.jdbc.core.JdbcTemplate               : Executing prepared SQL query
2026-06-23 13:13:36.489 DEBUG 33512 --- [nio-9060-exec-1] o.s.jdbc.core.JdbcTemplate               : Executing prepared SQL statement [SELECT TOP 1 CAST(ut.id AS INT) AS id_usuario_tecnico FROM dbo.tbl_UsuarioTecnico ut WHERE (ut.id_usuario = ? OR ut.idusuario = ? OR ut.id_tecnico = ? OR ut.idtecnico = ?)   AND ISNULL(ut.e_eliminado, 0) = 0]
2026-06-23 13:13:36.489 DEBUG 33512 --- [nio-9060-exec-1] o.s.jdbc.datasource.DataSourceUtils      : Fetching JDBC Connection from DataSource
2026-06-23 13:13:36.495 DEBUG 33512 --- [nio-9060-exec-1] o.s.jdbc.core.JdbcTemplate               : Executing prepared SQL query
2026-06-23 13:13:36.495 DEBUG 33512 --- [nio-9060-exec-1] o.s.jdbc.core.JdbcTemplate               : Executing prepared SQL statement [SELECT TOP 1 CAST(ut.Id AS INT) AS id_usuario_tecnico FROM dbo.tbl_UsuarioTecnico ut WHERE (ut.Id_Usuario = ? OR ut.IdUsuario = ? OR ut.Id_Tecnico = ? OR ut.IdTecnico = ?)   AND ISNULL(ut.E_Eliminado, 0) = 0]
2026-06-23 13:13:36.495 DEBUG 33512 --- [nio-9060-exec-1] o.s.jdbc.datasource.DataSourceUtils      : Fetching JDBC Connection from DataSource
2026-06-23 13:13:36.500 DEBUG 33512 --- [nio-9060-exec-1] o.s.jdbc.core.JdbcTemplate               : Executing prepared SQL query
2026-06-23 13:13:36.500 DEBUG 33512 --- [nio-9060-exec-1] o.s.jdbc.core.JdbcTemplate               : Executing prepared SQL statement [SELECT TOP 1 CAST(ut.id AS INT) AS id_usuario_tecnico FROM dbo.tbl_usuariotecnico ut WHERE (ut.id_usuario = ? OR ut.idusuario = ? OR ut.id_tecnico = ? OR ut.idtecnico = ?)   AND ISNULL(ut.e_eliminado, 0) = 0]
2026-06-23 13:13:36.500 DEBUG 33512 --- [nio-9060-exec-1] o.s.jdbc.datasource.DataSourceUtils      : Fetching JDBC Connection from DataSource
2026-06-23 13:13:36.507 DEBUG 33512 --- [nio-9060-exec-1] o.s.jdbc.core.JdbcTemplate               : Executing prepared SQL query
2026-06-23 13:13:36.507 DEBUG 33512 --- [nio-9060-exec-1] o.s.jdbc.core.JdbcTemplate               : Executing prepared SQL statement [SELECT TOP 1 CAST(ut.id AS INT) AS id_usuario_tecnico FROM dbo.tbl_usuaritecnico ut WHERE (ut.id_usuario = ? OR ut.idusuario = ? OR ut.id_tecnico = ? OR ut.idtecnico = ?)   AND ISNULL(ut.e_eliminado, 0) = 0]
2026-06-23 13:13:36.507 DEBUG 33512 --- [nio-9060-exec-1] o.s.jdbc.datasource.DataSourceUtils      : Fetching JDBC Connection from DataSource
2026-06-23 13:13:36.515 DEBUG 33512 --- [nio-9060-exec-1] o.s.jdbc.core.JdbcTemplate               : Executing prepared SQL query
2026-06-23 13:13:36.515 DEBUG 33512 --- [nio-9060-exec-1] o.s.jdbc.core.JdbcTemplate               : Executing prepared SQL statement [SELECT TOP 1 CAST(ut.id_vendedor AS INT) AS id_vendedor FROM dbo.tbl_UsuarioTecnico ut WHERE (ut.id_usuario = ? OR ut.idusuario = ? OR ut.id = ? OR ut.id_tecnico = ? OR ut.idtecnico = ?)   AND ISNULL(ut.e_eliminado, 0) = 0 AND ut.id_vendedor IS NOT NULL]
2026-06-23 13:13:36.515 DEBUG 33512 --- [nio-9060-exec-1] o.s.jdbc.datasource.DataSourceUtils      : Fetching JDBC Connection from DataSource
2026-06-23 13:13:36.521 DEBUG 33512 --- [nio-9060-exec-1] o.s.jdbc.core.JdbcTemplate               : Executing prepared SQL query
2026-06-23 13:13:36.521 DEBUG 33512 --- [nio-9060-exec-1] o.s.jdbc.core.JdbcTemplate               : Executing prepared SQL statement [SELECT TOP 1 CAST(ut.Id_Vendedor AS INT) AS id_vendedor FROM dbo.tbl_UsuarioTecnico ut WHERE (ut.Id_Usuario = ? OR ut.IdUsuario = ? OR ut.Id = ? OR ut.Id_Tecnico = ? OR ut.IdTecnico = ?)   AND ISNULL(ut.E_Eliminado, 0) = 0 AND ut.Id_Vendedor IS NOT NULL]
2026-06-23 13:13:36.521 DEBUG 33512 --- [nio-9060-exec-1] o.s.jdbc.datasource.DataSourceUtils      : Fetching JDBC Connection from DataSource
2026-06-23 13:13:36.529 DEBUG 33512 --- [nio-9060-exec-1] o.s.jdbc.core.JdbcTemplate               : Executing prepared SQL query
2026-06-23 13:13:36.530 DEBUG 33512 --- [nio-9060-exec-1] o.s.jdbc.core.JdbcTemplate               : Executing prepared SQL statement [SELECT TOP 1 CAST(ut.idvendedor AS INT) AS id_vendedor FROM dbo.tbl_usuariotecnico ut WHERE (ut.id_usuario = ? OR ut.idusuario = ? OR ut.id = ? OR ut.id_tecnico = ? OR ut.idtecnico = ?)   AND ISNULL(ut.e_eliminado, 0) = 0 AND ut.idvendedor IS NOT NULL]
2026-06-23 13:13:36.530 DEBUG 33512 --- [nio-9060-exec-1] o.s.jdbc.datasource.DataSourceUtils      : Fetching JDBC Connection from DataSource
2026-06-23 13:13:36.537 DEBUG 33512 --- [nio-9060-exec-1] o.s.jdbc.core.JdbcTemplate               : Executing prepared SQL query
2026-06-23 13:13:36.537 DEBUG 33512 --- [nio-9060-exec-1] o.s.jdbc.core.JdbcTemplate               : Executing prepared SQL statement [SELECT TOP 1 g.id_grupo, ISNULL(g.supervisor_ausente, 0) AS supervisor_ausente, gb.id_grupo_backup, gb.id_usuario_tecnico_temporal, ISNULL(gb.e_activo, 0) AS backup_activo, gb.fecha_inicio, gs.id_usuario AS id_usuario_supervisor FROM dbo.tbl_Grupo g LEFT JOIN dbo.tbl_GrupoSup gs ON gs.id_grupo = g.id_grupo LEFT JOIN dbo.tbl_GrupoBackup gb        ON gb.id_grupo = g.id_grupo       AND ISNULL(gb.e_activo, 0) = 1 WHERE ISNULL(g.e_eliminado, 0) = 0   AND (gs.id_usuario = ? OR gb.id_usuario_tecnico_temporal = ? OR gb.id_usuario_tecnico_temporal = ? OR gb.id_usuario_tecnico_temporal = ?) ORDER BY CASE WHEN gb.id_usuario_tecnico_temporal = ? THEN 0               WHEN gb.id_usuario_tecnico_temporal = ? THEN 1               WHEN gb.id_usuario_tecnico_temporal = ? THEN 2 ELSE 3 END,          gb.id_grupo_backup DESC, g.id_grupo DESC]
2026-06-23 13:13:36.537 DEBUG 33512 --- [nio-9060-exec-1] o.s.jdbc.datasource.DataSourceUtils      : Fetching JDBC Connection from DataSource
2026-06-23 13:13:36.544 DEBUG 33512 --- [nio-9060-exec-1] o.s.jdbc.core.JdbcTemplate               : Executing SQL update [IF OBJECT_ID('dbo.backup_temporal', 'U') IS NULL BEGIN CREATE TABLE dbo.backup_temporal (id_backup_temporal INT IDENTITY(1,1) NOT NULL PRIMARY KEY, id_usuario INT NOT NULL, id_grupo INT NULL, id_rol_temporal INT NOT NULL, e_activo BIT NOT NULL CONSTRAINT DF_backup_temporal_e_activo DEFAULT(1), fecha_inicio DATETIME NOT NULL CONSTRAINT DF_backup_temporal_fecha_inicio DEFAULT(GETDATE()), fecha_fin DATETIME NULL, fecha_registro DATETIME NOT NULL CONSTRAINT DF_backup_temporal_fecha_registro DEFAULT(GETDATE()), fecha_actualizacion DATETIME NULL); END]
2026-06-23 13:13:36.544 DEBUG 33512 --- [nio-9060-exec-1] o.s.jdbc.datasource.DataSourceUtils      : Fetching JDBC Connection from DataSource
2026-06-23 13:13:36.547 DEBUG 33512 --- [nio-9060-exec-1] o.s.jdbc.core.JdbcTemplate               : Executing SQL update [IF COL_LENGTH('dbo.backup_temporal', 'id_grupo') IS NULL BEGIN ALTER TABLE dbo.backup_temporal ADD id_grupo INT NULL; END]
2026-06-23 13:13:36.547 DEBUG 33512 --- [nio-9060-exec-1] o.s.jdbc.datasource.DataSourceUtils      : Fetching JDBC Connection from DataSource
2026-06-23 13:13:36.549 DEBUG 33512 --- [nio-9060-exec-1] o.s.jdbc.core.JdbcTemplate               : Executing SQL update [IF NOT EXISTS (SELECT 1 FROM sys.indexes WHERE object_id = OBJECT_ID('dbo.backup_temporal')   AND name = 'IX_backup_temporal_usuario_activo') BEGIN CREATE INDEX IX_backup_temporal_usuario_activo ON dbo.backup_temporal(id_usuario, e_activo, fecha_fin); END]
2026-06-23 13:13:36.549 DEBUG 33512 --- [nio-9060-exec-1] o.s.jdbc.datasource.DataSourceUtils      : Fetching JDBC Connection from DataSource
2026-06-23 13:13:36.552 DEBUG 33512 --- [nio-9060-exec-1] o.s.jdbc.core.JdbcTemplate               : Executing prepared SQL query
2026-06-23 13:13:36.552 DEBUG 33512 --- [nio-9060-exec-1] o.s.jdbc.core.JdbcTemplate               : Executing prepared SQL statement [SELECT TOP 1 CAST(ut.id AS INT) AS alt_id FROM dbo.tbl_UsuarioTecnico ut WHERE (ut.id_usuario = ? OR ut.idusuario = ? OR ut.id_tecnico = ? OR ut.idtecnico = ?)   AND ISNULL(ut.e_eliminado, 0) = 0]
2026-06-23 13:13:36.552 DEBUG 33512 --- [nio-9060-exec-1] o.s.jdbc.datasource.DataSourceUtils      : Fetching JDBC Connection from DataSource
2026-06-23 13:13:36.562 DEBUG 33512 --- [nio-9060-exec-1] o.s.jdbc.core.JdbcTemplate               : Executing prepared SQL query
2026-06-23 13:13:36.562 DEBUG 33512 --- [nio-9060-exec-1] o.s.jdbc.core.JdbcTemplate               : Executing prepared SQL statement [SELECT TOP 1 CAST(ut.id_vendedor AS INT) AS alt_id FROM dbo.tbl_UsuarioTecnico ut WHERE (ut.id_usuario = ? OR ut.idusuario = ? OR ut.id_tecnico = ? OR ut.idtecnico = ?)   AND ISNULL(ut.e_eliminado, 0) = 0   AND ut.id_vendedor IS NOT NULL]
2026-06-23 13:13:36.562 DEBUG 33512 --- [nio-9060-exec-1] o.s.jdbc.datasource.DataSourceUtils      : Fetching JDBC Connection from DataSource
2026-06-23 13:13:36.568 DEBUG 33512 --- [nio-9060-exec-1] o.s.jdbc.core.JdbcTemplate               : Executing prepared SQL query
2026-06-23 13:13:36.568 DEBUG 33512 --- [nio-9060-exec-1] o.s.jdbc.core.JdbcTemplate               : Executing prepared SQL statement [SELECT TOP 1 CAST(ut.Id AS INT) AS alt_id FROM dbo.tbl_UsuarioTecnico ut WHERE (ut.Id_Usuario = ? OR ut.IdUsuario = ? OR ut.Id_Tecnico = ? OR ut.IdTecnico = ?)   AND ISNULL(ut.E_Eliminado, 0) = 0]
2026-06-23 13:13:36.568 DEBUG 33512 --- [nio-9060-exec-1] o.s.jdbc.datasource.DataSourceUtils      : Fetching JDBC Connection from DataSource
2026-06-23 13:13:36.578 DEBUG 33512 --- [nio-9060-exec-1] o.s.jdbc.core.JdbcTemplate               : Executing prepared SQL query
2026-06-23 13:13:36.578 DEBUG 33512 --- [nio-9060-exec-1] o.s.jdbc.core.JdbcTemplate               : Executing prepared SQL statement [SELECT TOP 1 CAST(ut.Id_Vendedor AS INT) AS alt_id FROM dbo.tbl_UsuarioTecnico ut WHERE (ut.Id_Usuario = ? OR ut.IdUsuario = ? OR ut.Id_Tecnico = ? OR ut.IdTecnico = ?)   AND ISNULL(ut.E_Eliminado, 0) = 0   AND ut.Id_Vendedor IS NOT NULL]
2026-06-23 13:13:36.578 DEBUG 33512 --- [nio-9060-exec-1] o.s.jdbc.datasource.DataSourceUtils      : Fetching JDBC Connection from DataSource
2026-06-23 13:13:36.584 DEBUG 33512 --- [nio-9060-exec-1] o.s.jdbc.core.JdbcTemplate               : Executing prepared SQL query
2026-06-23 13:13:36.584 DEBUG 33512 --- [nio-9060-exec-1] o.s.jdbc.core.JdbcTemplate               : Executing prepared SQL statement [SELECT TOP 1 CAST(ut.id AS INT) AS alt_id FROM dbo.tbl_usuariotecnico ut WHERE (ut.id_usuario = ? OR ut.idusuario = ? OR ut.id_tecnico = ? OR ut.idtecnico = ?)   AND ISNULL(ut.e_eliminado, 0) = 0]
2026-06-23 13:13:36.584 DEBUG 33512 --- [nio-9060-exec-1] o.s.jdbc.datasource.DataSourceUtils      : Fetching JDBC Connection from DataSource
2026-06-23 13:13:36.599 DEBUG 33512 --- [ool housekeeper] com.zaxxer.hikari.pool.HikariPool        : CentralHikariPool - Before cleanup stats (total=0, active=0, idle=0, waiting=0)
2026-06-23 13:13:36.599 DEBUG 33512 --- [ool housekeeper] com.zaxxer.hikari.pool.HikariPool        : CentralHikariPool - After cleanup  stats (total=0, active=0, idle=0, waiting=0)
2026-06-23 13:13:36.599 DEBUG 33512 --- [ool housekeeper] com.zaxxer.hikari.pool.HikariPool        : CentralHikariPool - Fill pool skipped, pool is at sufficient level.
2026-06-23 13:13:36.634 DEBUG 33512 --- [nio-9060-exec-1] o.s.jdbc.core.JdbcTemplate               : Executing prepared SQL query
2026-06-23 13:13:36.634 DEBUG 33512 --- [nio-9060-exec-1] o.s.jdbc.core.JdbcTemplate               : Executing prepared SQL statement [SELECT TOP 1 CAST(ut.id_vendedor AS INT) AS alt_id FROM dbo.tbl_usuariotecnico ut WHERE (ut.id_usuario = ? OR ut.idusuario = ? OR ut.id_tecnico = ? OR ut.idtecnico = ?)   AND ISNULL(ut.e_eliminado, 0) = 0   AND ut.id_vendedor IS NOT NULL]
2026-06-23 13:13:36.634 DEBUG 33512 --- [nio-9060-exec-1] o.s.jdbc.datasource.DataSourceUtils      : Fetching JDBC Connection from DataSource
2026-06-23 13:13:36.640 DEBUG 33512 --- [nio-9060-exec-1] o.s.jdbc.core.JdbcTemplate               : Executing prepared SQL query
2026-06-23 13:13:36.640 DEBUG 33512 --- [nio-9060-exec-1] o.s.jdbc.core.JdbcTemplate               : Executing prepared SQL statement [SELECT TOP 1 CAST(ut.id AS INT) AS alt_id FROM dbo.tbl_UsuarioTecnico ut WHERE (ut.id_usuario = ? OR ut.idusuario = ? OR ut.id_tecnico = ? OR ut.idtecnico = ?)   AND ISNULL(ut.e_eliminado, 0) = 0]
2026-06-23 13:13:36.640 DEBUG 33512 --- [nio-9060-exec-1] o.s.jdbc.datasource.DataSourceUtils      : Fetching JDBC Connection from DataSource
2026-06-23 13:13:36.644 DEBUG 33512 --- [nio-9060-exec-1] o.s.jdbc.core.JdbcTemplate               : Executing prepared SQL query
2026-06-23 13:13:36.644 DEBUG 33512 --- [nio-9060-exec-1] o.s.jdbc.core.JdbcTemplate               : Executing prepared SQL statement [SELECT TOP 1 CAST(ut.id_vendedor AS INT) AS alt_id FROM dbo.tbl_UsuarioTecnico ut WHERE (ut.id_usuario = ? OR ut.idusuario = ? OR ut.id_tecnico = ? OR ut.idtecnico = ?)   AND ISNULL(ut.e_eliminado, 0) = 0   AND ut.id_vendedor IS NOT NULL]
2026-06-23 13:13:36.644 DEBUG 33512 --- [nio-9060-exec-1] o.s.jdbc.datasource.DataSourceUtils      : Fetching JDBC Connection from DataSource
2026-06-23 13:13:36.645 DEBUG 33512 --- [ool housekeeper] com.zaxxer.hikari.pool.HikariPool        : TigoHogarHikariPool - Before cleanup stats (total=1, active=0, idle=1, waiting=0)
2026-06-23 13:13:36.645 DEBUG 33512 --- [ool housekeeper] com.zaxxer.hikari.pool.HikariPool        : TigoHogarHikariPool - After cleanup  stats (total=1, active=0, idle=1, waiting=0)
2026-06-23 13:13:36.645 DEBUG 33512 --- [ool housekeeper] com.zaxxer.hikari.pool.HikariPool        : TigoHogarHikariPool - Fill pool skipped, pool is at sufficient level.
2026-06-23 13:13:36.647 DEBUG 33512 --- [nio-9060-exec-1] o.s.jdbc.core.JdbcTemplate               : Executing prepared SQL query
2026-06-23 13:13:36.647 DEBUG 33512 --- [nio-9060-exec-1] o.s.jdbc.core.JdbcTemplate               : Executing prepared SQL statement [SELECT TOP 1 CAST(ut.Id AS INT) AS alt_id FROM dbo.tbl_UsuarioTecnico ut WHERE (ut.Id_Usuario = ? OR ut.IdUsuario = ? OR ut.Id_Tecnico = ? OR ut.IdTecnico = ?)   AND ISNULL(ut.E_Eliminado, 0) = 0]
2026-06-23 13:13:36.647 DEBUG 33512 --- [nio-9060-exec-1] o.s.jdbc.datasource.DataSourceUtils      : Fetching JDBC Connection from DataSource
2026-06-23 13:13:36.651 DEBUG 33512 --- [nio-9060-exec-1] o.s.jdbc.core.JdbcTemplate               : Executing prepared SQL query
2026-06-23 13:13:36.651 DEBUG 33512 --- [nio-9060-exec-1] o.s.jdbc.core.JdbcTemplate               : Executing prepared SQL statement [SELECT TOP 1 CAST(ut.Id_Vendedor AS INT) AS alt_id FROM dbo.tbl_UsuarioTecnico ut WHERE (ut.Id_Usuario = ? OR ut.IdUsuario = ? OR ut.Id_Tecnico = ? OR ut.IdTecnico = ?)   AND ISNULL(ut.E_Eliminado, 0) = 0   AND ut.Id_Vendedor IS NOT NULL]
2026-06-23 13:13:36.651 DEBUG 33512 --- [nio-9060-exec-1] o.s.jdbc.datasource.DataSourceUtils      : Fetching JDBC Connection from DataSource
2026-06-23 13:13:36.654 DEBUG 33512 --- [nio-9060-exec-1] o.s.jdbc.core.JdbcTemplate               : Executing prepared SQL query
2026-06-23 13:13:36.654 DEBUG 33512 --- [nio-9060-exec-1] o.s.jdbc.core.JdbcTemplate               : Executing prepared SQL statement [SELECT TOP 1 CAST(ut.id AS INT) AS alt_id FROM dbo.tbl_usuariotecnico ut WHERE (ut.id_usuario = ? OR ut.idusuario = ? OR ut.id_tecnico = ? OR ut.idtecnico = ?)   AND ISNULL(ut.e_eliminado, 0) = 0]
2026-06-23 13:13:36.654 DEBUG 33512 --- [nio-9060-exec-1] o.s.jdbc.datasource.DataSourceUtils      : Fetching JDBC Connection from DataSource
2026-06-23 13:13:36.658 DEBUG 33512 --- [nio-9060-exec-1] o.s.jdbc.core.JdbcTemplate               : Executing prepared SQL query
2026-06-23 13:13:36.658 DEBUG 33512 --- [nio-9060-exec-1] o.s.jdbc.core.JdbcTemplate               : Executing prepared SQL statement [SELECT TOP 1 CAST(ut.id_vendedor AS INT) AS alt_id FROM dbo.tbl_usuariotecnico ut WHERE (ut.id_usuario = ? OR ut.idusuario = ? OR ut.id_tecnico = ? OR ut.idtecnico = ?)   AND ISNULL(ut.e_eliminado, 0) = 0   AND ut.id_vendedor IS NOT NULL]
2026-06-23 13:13:36.658 DEBUG 33512 --- [nio-9060-exec-1] o.s.jdbc.datasource.DataSourceUtils      : Fetching JDBC Connection from DataSource
2026-06-23 13:13:36.662 DEBUG 33512 --- [nio-9060-exec-1] o.s.jdbc.core.JdbcTemplate               : Executing prepared SQL query
2026-06-23 13:13:36.662 DEBUG 33512 --- [nio-9060-exec-1] o.s.jdbc.core.JdbcTemplate               : Executing prepared SQL statement [SELECT TOP 1 CAST(ut.id AS INT) AS alt_id FROM dbo.tbl_UsuarioTecnico ut WHERE (ut.id_usuario = ? OR ut.idusuario = ? OR ut.id_tecnico = ? OR ut.idtecnico = ?)   AND ISNULL(ut.e_eliminado, 0) = 0]
2026-06-23 13:13:36.662 DEBUG 33512 --- [nio-9060-exec-1] o.s.jdbc.datasource.DataSourceUtils      : Fetching JDBC Connection from DataSource
2026-06-23 13:13:36.669 DEBUG 33512 --- [nio-9060-exec-1] o.s.jdbc.core.JdbcTemplate               : Executing prepared SQL query
2026-06-23 13:13:36.669 DEBUG 33512 --- [nio-9060-exec-1] o.s.jdbc.core.JdbcTemplate               : Executing prepared SQL statement [SELECT TOP 1 CAST(ut.id_vendedor AS INT) AS alt_id FROM dbo.tbl_UsuarioTecnico ut WHERE (ut.id_usuario = ? OR ut.idusuario = ? OR ut.id_tecnico = ? OR ut.idtecnico = ?)   AND ISNULL(ut.e_eliminado, 0) = 0   AND ut.id_vendedor IS NOT NULL]
2026-06-23 13:13:36.669 DEBUG 33512 --- [nio-9060-exec-1] o.s.jdbc.datasource.DataSourceUtils      : Fetching JDBC Connection from DataSource
2026-06-23 13:13:36.677 DEBUG 33512 --- [nio-9060-exec-1] o.s.jdbc.core.JdbcTemplate               : Executing prepared SQL query
2026-06-23 13:13:36.677 DEBUG 33512 --- [nio-9060-exec-1] o.s.jdbc.core.JdbcTemplate               : Executing prepared SQL statement [SELECT TOP 1 CAST(ut.Id AS INT) AS alt_id FROM dbo.tbl_UsuarioTecnico ut WHERE (ut.Id_Usuario = ? OR ut.IdUsuario = ? OR ut.Id_Tecnico = ? OR ut.IdTecnico = ?)   AND ISNULL(ut.E_Eliminado, 0) = 0]
2026-06-23 13:13:36.677 DEBUG 33512 --- [nio-9060-exec-1] o.s.jdbc.datasource.DataSourceUtils      : Fetching JDBC Connection from DataSource
2026-06-23 13:13:36.685 DEBUG 33512 --- [nio-9060-exec-1] o.s.jdbc.core.JdbcTemplate               : Executing prepared SQL query
2026-06-23 13:13:36.685 DEBUG 33512 --- [nio-9060-exec-1] o.s.jdbc.core.JdbcTemplate               : Executing prepared SQL statement [SELECT TOP 1 CAST(ut.Id_Vendedor AS INT) AS alt_id FROM dbo.tbl_UsuarioTecnico ut WHERE (ut.Id_Usuario = ? OR ut.IdUsuario = ? OR ut.Id_Tecnico = ? OR ut.IdTecnico = ?)   AND ISNULL(ut.E_Eliminado, 0) = 0   AND ut.Id_Vendedor IS NOT NULL]
2026-06-23 13:13:36.685 DEBUG 33512 --- [nio-9060-exec-1] o.s.jdbc.datasource.DataSourceUtils      : Fetching JDBC Connection from DataSource
2026-06-23 13:13:36.696 DEBUG 33512 --- [nio-9060-exec-1] o.s.jdbc.core.JdbcTemplate               : Executing prepared SQL query
2026-06-23 13:13:36.696 DEBUG 33512 --- [nio-9060-exec-1] o.s.jdbc.core.JdbcTemplate               : Executing prepared SQL statement [SELECT TOP 1 CAST(ut.id AS INT) AS alt_id FROM dbo.tbl_usuariotecnico ut WHERE (ut.id_usuario = ? OR ut.idusuario = ? OR ut.id_tecnico = ? OR ut.idtecnico = ?)   AND ISNULL(ut.e_eliminado, 0) = 0]
2026-06-23 13:13:36.696 DEBUG 33512 --- [nio-9060-exec-1] o.s.jdbc.datasource.DataSourceUtils      : Fetching JDBC Connection from DataSource
2026-06-23 13:13:36.703 DEBUG 33512 --- [nio-9060-exec-1] o.s.jdbc.core.JdbcTemplate               : Executing prepared SQL query
2026-06-23 13:13:36.704 DEBUG 33512 --- [nio-9060-exec-1] o.s.jdbc.core.JdbcTemplate               : Executing prepared SQL statement [SELECT TOP 1 CAST(ut.id_vendedor AS INT) AS alt_id FROM dbo.tbl_usuariotecnico ut WHERE (ut.id_usuario = ? OR ut.idusuario = ? OR ut.id_tecnico = ? OR ut.idtecnico = ?)   AND ISNULL(ut.e_eliminado, 0) = 0   AND ut.id_vendedor IS NOT NULL]
2026-06-23 13:13:36.704 DEBUG 33512 --- [nio-9060-exec-1] o.s.jdbc.datasource.DataSourceUtils      : Fetching JDBC Connection from DataSource
2026-06-23 13:13:36.713 DEBUG 33512 --- [nio-9060-exec-1] o.s.jdbc.core.JdbcTemplate               : Executing prepared SQL query
2026-06-23 13:13:36.713 DEBUG 33512 --- [nio-9060-exec-1] o.s.jdbc.core.JdbcTemplate               : Executing prepared SQL statement [SELECT TOP 1 1 AS ok FROM dbo.backup_temporal bt WHERE bt.id_usuario = ?   AND ISNULL(bt.e_activo, 1) = 1   AND (bt.fecha_fin IS NULL OR bt.fecha_fin > GETDATE()) ORDER BY bt.id_backup_temporal DESC]
2026-06-23 13:13:36.713 DEBUG 33512 --- [nio-9060-exec-1] o.s.jdbc.datasource.DataSourceUtils      : Fetching JDBC Connection from DataSource
2026-06-23 13:13:36.716  INFO 33512 --- [nio-9060-exec-1] c.e.T.p.service.PrivilegioService        : [PERMISOS] idUsuarioSesion=86, rolSesion=Supervisor, backupContexto=false, backupTemporal=false, idGrupo=null, idSupervisorContexto=null, idRolPermisos=9, idUsuarioPermisos=86
2026-06-23 13:13:36.716 DEBUG 33512 --- [nio-9060-exec-1] o.s.jdbc.core.JdbcTemplate               : Executing SQL query [EXEC dbo.spx_ObtenerPrivilegiosRoles]
2026-06-23 13:13:36.716 DEBUG 33512 --- [nio-9060-exec-1] o.s.jdbc.datasource.DataSourceUtils      : Fetching JDBC Connection from DataSource
2026-06-23 13:13:36.743 DEBUG 33512 --- [onnection adder] com.zaxxer.hikari.pool.HikariPool        : CentralHikariPool - Added connection net.sourceforge.jtds.jdbc.JtdsConnection@731fc8bd
2026-06-23 13:13:36.746 DEBUG 33512 --- [nio-9060-exec-1] o.s.jdbc.core.JdbcTemplate               : Executing prepared SQL query
2026-06-23 13:13:36.746 DEBUG 33512 --- [nio-9060-exec-1] o.s.jdbc.core.JdbcTemplate               : Executing prepared SQL statement [EXEC dbo.spx_ObtenerPrivilegiosRolDetalle ?]
2026-06-23 13:13:36.746 DEBUG 33512 --- [nio-9060-exec-1] o.s.jdbc.datasource.DataSourceUtils      : Fetching JDBC Connection from DataSource
2026-06-23 13:13:36.762 DEBUG 33512 --- [nio-9060-exec-1] o.s.w.s.m.m.a.HttpEntityMethodProcessor  : Using 'application/json', given [application/json, text/plain, */*] and supported [application/json, application/*+json, application/json, application/*+json]
2026-06-23 13:13:36.762 DEBUG 33512 --- [nio-9060-exec-1] o.s.w.s.m.m.a.HttpEntityMethodProcessor  : Writing [com.example.TigoStarSystem.common.ApiResponse@41ba8eeb]
2026-06-23 13:13:36.763 DEBUG 33512 --- [nio-9060-exec-1] o.s.web.servlet.DispatcherServlet        : Completed 200 OK
2026-06-23 13:13:36.806 DEBUG 33512 --- [nio-9060-exec-3] o.s.web.servlet.DispatcherServlet        : GET "/auth/sucursales", parameters={}
2026-06-23 13:13:36.806 DEBUG 33512 --- [nio-9060-exec-3] s.w.s.m.m.a.RequestMappingHandlerMapping : Mapped to com.example.TigoStarSystem.auth.controller.AuthController#listarSucursales()
2026-06-23 13:13:36.806  INFO 33512 --- [nio-9060-exec-3] c.e.T.auth.controller.AuthController     : Request GET /auth/sucursales
2026-06-23 13:13:36.806 DEBUG 33512 --- [nio-9060-exec-3] o.s.jdbc.core.JdbcTemplate               : Executing SQL query [EXEC dbo.spx_ObtenerSucursalesConexionWeb]
2026-06-23 13:13:36.806 DEBUG 33512 --- [nio-9060-exec-3] o.s.jdbc.datasource.DataSourceUtils      : Fetching JDBC Connection from DataSource
2026-06-23 13:13:36.814 DEBUG 33512 --- [nio-9060-exec-3] o.s.w.s.m.m.a.HttpEntityMethodProcessor  : Using 'application/json', given [application/json, text/plain, */*] and supported [application/json, application/*+json, application/json, application/*+json]
2026-06-23 13:13:36.814 DEBUG 33512 --- [nio-9060-exec-3] o.s.w.s.m.m.a.HttpEntityMethodProcessor  : Writing [com.example.TigoStarSystem.common.ApiResponse@3835411d]
2026-06-23 13:13:36.816 DEBUG 33512 --- [nio-9060-exec-3] o.s.web.servlet.DispatcherServlet        : Completed 200 OK
2026-06-23 13:13:37.133 DEBUG 33512 --- [nio-9060-exec-4] o.s.web.servlet.DispatcherServlet        : GET "/supervisor/conformacion-cuadrilla-web/catalogos/supervisores", parameters={}
2026-06-23 13:13:37.133 DEBUG 33512 --- [nio-9060-exec-2] o.s.web.servlet.DispatcherServlet        : GET "/supervisor/conformacion-cuadrilla-web/catalogos/digitadores", parameters={}
2026-06-23 13:13:37.133 DEBUG 33512 --- [nio-9060-exec-5] o.s.web.servlet.DispatcherServlet        : GET "/supervisor/conformacion-cuadrilla-web/catalogos/salesforce", parameters={}
2026-06-23 13:13:37.133 DEBUG 33512 --- [nio-9060-exec-4] s.w.s.m.m.a.RequestMappingHandlerMapping : Mapped to com.example.TigoStarSystem.supervisor.controller.ConformacionCuadrillaWebController#listarSupervisores(String, String)
2026-06-23 13:13:37.133 DEBUG 33512 --- [nio-9060-exec-8] o.s.web.servlet.DispatcherServlet        : GET "/supervisor/conformacion-cuadrilla-web/catalogos/actividades", parameters={}
2026-06-23 13:13:37.133 DEBUG 33512 --- [nio-9060-exec-8] s.w.s.m.m.a.RequestMappingHandlerMapping : Mapped to com.example.TigoStarSystem.supervisor.controller.ConformacionCuadrillaWebController#listarActividades(String, String)
2026-06-23 13:13:37.133 DEBUG 33512 --- [nio-9060-exec-2] s.w.s.m.m.a.RequestMappingHandlerMapping : Mapped to com.example.TigoStarSystem.supervisor.controller.ConformacionCuadrillaWebController#listarDigitadores(String, String)
2026-06-23 13:13:37.133 DEBUG 33512 --- [io-9060-exec-10] o.s.web.servlet.DispatcherServlet        : GET "/supervisor/conformacion-cuadrilla-web/catalogos/auxiliares", parameters={}
2026-06-23 13:13:37.133 DEBUG 33512 --- [nio-9060-exec-5] s.w.s.m.m.a.RequestMappingHandlerMapping : Mapped to com.example.TigoStarSystem.supervisor.controller.ConformacionCuadrillaWebController#listarSalesforce(String, String, Integer, String)
2026-06-23 13:13:37.133 DEBUG 33512 --- [nio-9060-exec-6] o.s.web.servlet.DispatcherServlet        : GET "/supervisor/conformacion-cuadrilla-web/catalogos/sucursales", parameters={}
2026-06-23 13:13:37.133 DEBUG 33512 --- [io-9060-exec-10] s.w.s.m.m.a.RequestMappingHandlerMapping : Mapped to com.example.TigoStarSystem.supervisor.controller.ConformacionCuadrillaWebController#listarAuxiliares(String, String)
2026-06-23 13:13:37.133 DEBUG 33512 --- [nio-9060-exec-6] s.w.s.m.m.a.RequestMappingHandlerMapping : Mapped to com.example.TigoStarSystem.supervisor.controller.ConformacionCuadrillaWebController#listarSucursales(String, String)
2026-06-23 13:13:37.155 DEBUG 33512 --- [nio-9060-exec-2] o.s.jdbc.core.JdbcTemplate               : Executing SQL query [EXEC dbo.spx_ObtenerSucursalesConexionWeb]
2026-06-23 13:13:37.155 DEBUG 33512 --- [nio-9060-exec-2] o.s.jdbc.datasource.DataSourceUtils      : Fetching JDBC Connection from DataSource
2026-06-23 13:13:37.156 DEBUG 33512 --- [io-9060-exec-10] o.s.jdbc.core.JdbcTemplate               : Executing SQL query [EXEC dbo.spx_ObtenerSucursalesConexionWeb]
2026-06-23 13:13:37.156 DEBUG 33512 --- [io-9060-exec-10] o.s.jdbc.datasource.DataSourceUtils      : Fetching JDBC Connection from DataSource
2026-06-23 13:13:37.156 DEBUG 33512 --- [nio-9060-exec-6] o.s.jdbc.core.JdbcTemplate               : Executing SQL query [EXEC dbo.spx_ObtenerSucursalesConexionWeb]
2026-06-23 13:13:37.156 DEBUG 33512 --- [nio-9060-exec-6] o.s.jdbc.datasource.DataSourceUtils      : Fetching JDBC Connection from DataSource
2026-06-23 13:13:37.156 DEBUG 33512 --- [nio-9060-exec-5] o.s.jdbc.core.JdbcTemplate               : Executing SQL query [EXEC dbo.spx_ObtenerSucursalesConexionWeb]
2026-06-23 13:13:37.156 DEBUG 33512 --- [nio-9060-exec-5] o.s.jdbc.datasource.DataSourceUtils      : Fetching JDBC Connection from DataSource
2026-06-23 13:13:37.156 DEBUG 33512 --- [nio-9060-exec-8] o.s.jdbc.core.JdbcTemplate               : Executing SQL query [EXEC dbo.spx_ObtenerSucursalesConexionWeb]
2026-06-23 13:13:37.156 DEBUG 33512 --- [nio-9060-exec-8] o.s.jdbc.datasource.DataSourceUtils      : Fetching JDBC Connection from DataSource
2026-06-23 13:13:37.156 DEBUG 33512 --- [nio-9060-exec-4] o.s.jdbc.core.JdbcTemplate               : Executing SQL query [EXEC dbo.spx_ObtenerSucursalesConexionWeb]
2026-06-23 13:13:37.156 DEBUG 33512 --- [nio-9060-exec-4] o.s.jdbc.datasource.DataSourceUtils      : Fetching JDBC Connection from DataSource
2026-06-23 13:13:37.163 DEBUG 33512 --- [nio-9060-exec-2] o.s.jdbc.core.JdbcTemplate               : Executing SQL query [EXEC dbo.spx_ObtenerSucursalesConexionWeb]
2026-06-23 13:13:37.163 DEBUG 33512 --- [nio-9060-exec-6] o.s.jdbc.core.JdbcTemplate               : Executing SQL query [EXEC dbo.spx_ObtenerSucursalesConexionWeb]
2026-06-23 13:13:37.163 DEBUG 33512 --- [nio-9060-exec-2] o.s.jdbc.datasource.DataSourceUtils      : Fetching JDBC Connection from DataSource
2026-06-23 13:13:37.163 DEBUG 33512 --- [nio-9060-exec-6] o.s.jdbc.datasource.DataSourceUtils      : Fetching JDBC Connection from DataSource
2026-06-23 13:13:37.168 DEBUG 33512 --- [nio-9060-exec-8] o.s.jdbc.core.JdbcTemplate               : Executing SQL query [EXEC dbo.spx_ObtenerSucursalesConexionWeb]
2026-06-23 13:13:37.168 DEBUG 33512 --- [nio-9060-exec-8] o.s.jdbc.datasource.DataSourceUtils      : Fetching JDBC Connection from DataSource
2026-06-23 13:13:37.168 DEBUG 33512 --- [nio-9060-exec-8] com.zaxxer.hikari.pool.HikariPool        : HikariPool-1 - Add connection elided, waiting 4, queue 6
2026-06-23 13:13:37.169 DEBUG 33512 --- [onnection adder] com.zaxxer.hikari.pool.HikariPool        : HikariPool-1 - Added connection net.sourceforge.jtds.jdbc.JtdsConnection@7b01e4a2
2026-06-23 13:13:37.170 DEBUG 33512 --- [nio-9060-exec-5] o.s.jdbc.core.JdbcTemplate               : Executing SQL query [EXEC dbo.spx_ObtenerSucursalesConexionWeb]
2026-06-23 13:13:37.170 DEBUG 33512 --- [nio-9060-exec-5] o.s.jdbc.datasource.DataSourceUtils      : Fetching JDBC Connection from DataSource
2026-06-23 13:13:37.170 DEBUG 33512 --- [nio-9060-exec-5] com.zaxxer.hikari.pool.HikariPool        : HikariPool-1 - Add connection elided, waiting 4, queue 5
2026-06-23 13:13:37.171 DEBUG 33512 --- [nio-9060-exec-4] o.s.jdbc.core.JdbcTemplate               : Executing SQL query [EXEC dbo.spx_ObtenerSucursalesConexionWeb]
2026-06-23 13:13:37.171 DEBUG 33512 --- [nio-9060-exec-4] o.s.jdbc.datasource.DataSourceUtils      : Fetching JDBC Connection from DataSource
2026-06-23 13:13:37.171 DEBUG 33512 --- [nio-9060-exec-4] com.zaxxer.hikari.pool.HikariPool        : HikariPool-1 - Add connection elided, waiting 4, queue 5
2026-06-23 13:13:37.173 DEBUG 33512 --- [io-9060-exec-10] o.s.jdbc.core.JdbcTemplate               : Executing SQL query [EXEC dbo.spx_ObtenerSucursalesConexionWeb]
2026-06-23 13:13:37.173 DEBUG 33512 --- [io-9060-exec-10] o.s.jdbc.datasource.DataSourceUtils      : Fetching JDBC Connection from DataSource
2026-06-23 13:13:37.173 DEBUG 33512 --- [io-9060-exec-10] com.zaxxer.hikari.pool.HikariPool        : HikariPool-1 - Add connection elided, waiting 4, queue 5
2026-06-23 13:13:37.175 DEBUG 33512 --- [nio-9060-exec-2] o.s.j.d.DriverManagerDataSource          : Loaded JDBC driver: net.sourceforge.jtds.jdbc.Driver
2026-06-23 13:13:37.175 DEBUG 33512 --- [nio-9060-exec-2] o.s.jdbc.core.JdbcTemplate               : Executing SQL query [EXEC dbo.spx_ObtenerDigitadoresConformacionCuadrillaWeb]
2026-06-23 13:13:37.175 DEBUG 33512 --- [nio-9060-exec-2] o.s.jdbc.datasource.DataSourceUtils      : Fetching JDBC Connection from DataSource
2026-06-23 13:13:37.176 DEBUG 33512 --- [nio-9060-exec-2] o.s.j.d.DriverManagerDataSource          : Creating new JDBC DriverManager Connection to [jdbc:jtds:sqlserver://tigo.makiro.com.bo/BDSistemaAntenaPM]
2026-06-23 13:13:37.177 DEBUG 33512 --- [nio-9060-exec-6] o.s.j.d.DriverManagerDataSource          : Loaded JDBC driver: net.sourceforge.jtds.jdbc.Driver
2026-06-23 13:13:37.177 DEBUG 33512 --- [nio-9060-exec-6] o.s.jdbc.core.JdbcTemplate               : Executing SQL query [EXEC dbo.spx_ObtenerSucursalesConformacionCuadrillaWeb]
2026-06-23 13:13:37.177 DEBUG 33512 --- [nio-9060-exec-6] o.s.jdbc.datasource.DataSourceUtils      : Fetching JDBC Connection from DataSource
2026-06-23 13:13:37.177 DEBUG 33512 --- [nio-9060-exec-6] o.s.j.d.DriverManagerDataSource          : Creating new JDBC DriverManager Connection to [jdbc:jtds:sqlserver://tigo.makiro.com.bo/BDSistemaAntenaPM]
2026-06-23 13:13:37.177 DEBUG 33512 --- [nio-9060-exec-8] o.s.j.d.DriverManagerDataSource          : Loaded JDBC driver: net.sourceforge.jtds.jdbc.Driver
2026-06-23 13:13:37.178 DEBUG 33512 --- [nio-9060-exec-8] o.s.jdbc.core.JdbcTemplate               : Executing SQL query [EXEC dbo.spx_ObtenerActividadesConformacionCuadrillaWeb]
2026-06-23 13:13:37.178 DEBUG 33512 --- [nio-9060-exec-8] o.s.jdbc.datasource.DataSourceUtils      : Fetching JDBC Connection from DataSource
2026-06-23 13:13:37.178 DEBUG 33512 --- [nio-9060-exec-8] o.s.j.d.DriverManagerDataSource          : Creating new JDBC DriverManager Connection to [jdbc:jtds:sqlserver://tigo.makiro.com.bo/BDSistemaAntenaPM]
2026-06-23 13:13:37.180 DEBUG 33512 --- [nio-9060-exec-5] o.s.j.d.DriverManagerDataSource          : Loaded JDBC driver: net.sourceforge.jtds.jdbc.Driver
2026-06-23 13:13:37.180 DEBUG 33512 --- [nio-9060-exec-5] o.s.jdbc.core.JdbcTemplate               : Executing SQL query [SELECT * FROM dbo.tbl_SalesForce]
2026-06-23 13:13:37.180 DEBUG 33512 --- [nio-9060-exec-5] o.s.jdbc.datasource.DataSourceUtils      : Fetching JDBC Connection from DataSource
2026-06-23 13:13:37.180 DEBUG 33512 --- [nio-9060-exec-5] o.s.j.d.DriverManagerDataSource          : Creating new JDBC DriverManager Connection to [jdbc:jtds:sqlserver://tigo.makiro.com.bo/BDSistemaAntenaPM]
2026-06-23 13:13:37.180 DEBUG 33512 --- [onnection adder] com.zaxxer.hikari.pool.HikariPool        : HikariPool-1 - Added connection net.sourceforge.jtds.jdbc.JtdsConnection@75c605b2
2026-06-23 13:13:37.182 DEBUG 33512 --- [nio-9060-exec-4] o.s.j.d.DriverManagerDataSource          : Loaded JDBC driver: net.sourceforge.jtds.jdbc.Driver
2026-06-23 13:13:37.182 DEBUG 33512 --- [nio-9060-exec-4] o.s.jdbc.core.JdbcTemplate               : Executing SQL query [EXEC dbo.spx_ObtenerSupervisoresConformacionCuadrillaWeb]
2026-06-23 13:13:37.182 DEBUG 33512 --- [nio-9060-exec-4] o.s.jdbc.datasource.DataSourceUtils      : Fetching JDBC Connection from DataSource
2026-06-23 13:13:37.182 DEBUG 33512 --- [nio-9060-exec-4] o.s.j.d.DriverManagerDataSource          : Creating new JDBC DriverManager Connection to [jdbc:jtds:sqlserver://tigo.makiro.com.bo/BDSistemaAntenaPM]
2026-06-23 13:13:37.184 DEBUG 33512 --- [io-9060-exec-10] o.s.j.d.DriverManagerDataSource          : Loaded JDBC driver: net.sourceforge.jtds.jdbc.Driver
2026-06-23 13:13:37.184 DEBUG 33512 --- [io-9060-exec-10] o.s.jdbc.core.JdbcTemplate               : Executing SQL query [EXEC dbo.spx_ObtenerAuxiliaresConformacionCuadrillaWeb]
2026-06-23 13:13:37.184 DEBUG 33512 --- [io-9060-exec-10] o.s.jdbc.datasource.DataSourceUtils      : Fetching JDBC Connection from DataSource
2026-06-23 13:13:37.184 DEBUG 33512 --- [io-9060-exec-10] o.s.j.d.DriverManagerDataSource          : Creating new JDBC DriverManager Connection to [jdbc:jtds:sqlserver://tigo.makiro.com.bo/BDSistemaAntenaPM]
2026-06-23 13:13:37.195 DEBUG 33512 --- [nio-9060-exec-6] o.s.w.s.m.m.a.HttpEntityMethodProcessor  : Using 'application/json', given [application/json, text/plain, */*] and supported [application/json, application/*+json, application/json, application/*+json]
2026-06-23 13:13:37.196 DEBUG 33512 --- [nio-9060-exec-6] o.s.w.s.m.m.a.HttpEntityMethodProcessor  : Writing [com.example.TigoStarSystem.common.ApiResponse@15d597f2]
2026-06-23 13:13:37.197 DEBUG 33512 --- [nio-9060-exec-5] o.s.w.s.m.m.a.HttpEntityMethodProcessor  : Using 'application/json', given [application/json, text/plain, */*] and supported [application/json, application/*+json, application/json, application/*+json]
2026-06-23 13:13:37.198 DEBUG 33512 --- [nio-9060-exec-5] o.s.w.s.m.m.a.HttpEntityMethodProcessor  : Writing [com.example.TigoStarSystem.common.ApiResponse@77940b52]
2026-06-23 13:13:37.198 DEBUG 33512 --- [nio-9060-exec-6] o.s.web.servlet.DispatcherServlet        : Completed 200 OK
2026-06-23 13:13:37.199 DEBUG 33512 --- [nio-9060-exec-4] o.s.w.s.m.m.a.HttpEntityMethodProcessor  : Using 'application/json', given [application/json, text/plain, */*] and supported [application/json, application/*+json, application/json, application/*+json]
2026-06-23 13:13:37.200 DEBUG 33512 --- [nio-9060-exec-4] o.s.w.s.m.m.a.HttpEntityMethodProcessor  : Writing [com.example.TigoStarSystem.common.ApiResponse@1164c14]
2026-06-23 13:13:37.200 DEBUG 33512 --- [nio-9060-exec-5] o.s.web.servlet.DispatcherServlet        : Completed 200 OK
2026-06-23 13:13:37.201 DEBUG 33512 --- [nio-9060-exec-4] o.s.web.servlet.DispatcherServlet        : Completed 200 OK
2026-06-23 13:13:37.214 DEBUG 33512 --- [nio-9060-exec-2] o.s.w.s.m.m.a.HttpEntityMethodProcessor  : Using 'application/json', given [application/json, text/plain, */*] and supported [application/json, application/*+json, application/json, application/*+json]
2026-06-23 13:13:37.214 DEBUG 33512 --- [nio-9060-exec-2] o.s.w.s.m.m.a.HttpEntityMethodProcessor  : Writing [com.example.TigoStarSystem.common.ApiResponse@19a6ab7]
2026-06-23 13:13:37.215 DEBUG 33512 --- [nio-9060-exec-2] o.s.web.servlet.DispatcherServlet        : Completed 200 OK
2026-06-23 13:13:37.229 DEBUG 33512 --- [nio-9060-exec-8] o.s.w.s.m.m.a.HttpEntityMethodProcessor  : Using 'application/json', given [application/json, text/plain, */*] and supported [application/json, application/*+json, application/json, application/*+json]
2026-06-23 13:13:37.229 DEBUG 33512 --- [nio-9060-exec-8] o.s.w.s.m.m.a.HttpEntityMethodProcessor  : Writing [com.example.TigoStarSystem.common.ApiResponse@72b10365]
2026-06-23 13:13:37.230 DEBUG 33512 --- [nio-9060-exec-8] o.s.web.servlet.DispatcherServlet        : Completed 200 OK
2026-06-23 13:13:37.232 DEBUG 33512 --- [io-9060-exec-10] o.s.w.s.m.m.a.HttpEntityMethodProcessor  : Using 'application/json', given [application/json, text/plain, */*] and supported [application/json, application/*+json, application/json, application/*+json]
2026-06-23 13:13:37.232 DEBUG 33512 --- [io-9060-exec-10] o.s.w.s.m.m.a.HttpEntityMethodProcessor  : Writing [com.example.TigoStarSystem.common.ApiResponse@4e615618]
2026-06-23 13:13:37.233 DEBUG 33512 --- [io-9060-exec-10] o.s.web.servlet.DispatcherServlet        : Completed 200 OK
2026-06-23 13:13:37.518 DEBUG 33512 --- [nio-9060-exec-7] o.s.web.servlet.DispatcherServlet        : GET "/supervisor/conformacion-cuadrilla-web/catalogos/tecnicos", parameters={}
2026-06-23 13:13:37.518 DEBUG 33512 --- [nio-9060-exec-1] o.s.web.servlet.DispatcherServlet        : GET "/supervisor/conformacion-cuadrilla-web/catalogos/vehiculos", parameters={}
2026-06-23 13:13:37.518 DEBUG 33512 --- [nio-9060-exec-9] o.s.web.servlet.DispatcherServlet        : GET "/supervisor/conformacion-cuadrilla-web?limite=200", parameters={masked}
2026-06-23 13:13:37.518 DEBUG 33512 --- [nio-9060-exec-1] s.w.s.m.m.a.RequestMappingHandlerMapping : Mapped to com.example.TigoStarSystem.supervisor.controller.ConformacionCuadrillaWebController#listarVehiculos(String, String, String)
2026-06-23 13:13:37.518 DEBUG 33512 --- [nio-9060-exec-7] s.w.s.m.m.a.RequestMappingHandlerMapping : Mapped to com.example.TigoStarSystem.supervisor.controller.ConformacionCuadrillaWebController#listarTecnicos(String, String, Integer, String)
2026-06-23 13:13:37.518 DEBUG 33512 --- [nio-9060-exec-9] s.w.s.m.m.a.RequestMappingHandlerMapping : Mapped to com.example.TigoStarSystem.supervisor.controller.ConformacionCuadrillaWebController#listar(String, LocalDate, String, Integer)
2026-06-23 13:13:37.523 DEBUG 33512 --- [nio-9060-exec-9] o.s.jdbc.core.JdbcTemplate               : Executing SQL query [EXEC dbo.spx_ObtenerSucursalesConexionWeb]
2026-06-23 13:13:37.523 DEBUG 33512 --- [nio-9060-exec-1] o.s.jdbc.core.JdbcTemplate               : Executing SQL query [EXEC dbo.spx_ObtenerSucursalesConexionWeb]
2026-06-23 13:13:37.523 DEBUG 33512 --- [nio-9060-exec-9] o.s.jdbc.datasource.DataSourceUtils      : Fetching JDBC Connection from DataSource
2026-06-23 13:13:37.523 DEBUG 33512 --- [nio-9060-exec-7] o.s.jdbc.core.JdbcTemplate               : Executing SQL query [EXEC dbo.spx_ObtenerSucursalesConexionWeb]
2026-06-23 13:13:37.523 DEBUG 33512 --- [nio-9060-exec-1] o.s.jdbc.datasource.DataSourceUtils      : Fetching JDBC Connection from DataSource
2026-06-23 13:13:37.523 DEBUG 33512 --- [nio-9060-exec-7] o.s.jdbc.datasource.DataSourceUtils      : Fetching JDBC Connection from DataSource
2026-06-23 13:13:37.527 DEBUG 33512 --- [nio-9060-exec-9] o.s.jdbc.core.JdbcTemplate               : Executing SQL query [EXEC dbo.spx_ObtenerSucursalesConexionWeb]
2026-06-23 13:13:37.527 DEBUG 33512 --- [nio-9060-exec-9] o.s.jdbc.datasource.DataSourceUtils      : Fetching JDBC Connection from DataSource
2026-06-23 13:13:37.527 DEBUG 33512 --- [nio-9060-exec-7] o.s.jdbc.core.JdbcTemplate               : Executing SQL query [EXEC dbo.spx_ObtenerSucursalesConexionWeb]
2026-06-23 13:13:37.527 DEBUG 33512 --- [nio-9060-exec-7] o.s.jdbc.datasource.DataSourceUtils      : Fetching JDBC Connection from DataSource
2026-06-23 13:13:37.528 DEBUG 33512 --- [nio-9060-exec-3] o.s.web.servlet.DispatcherServlet        : GET "/supervisor/conformacion-cuadrilla/pendientes?fecha=2026-06-23&limit=200&limite=200", parameters={masked}
2026-06-23 13:13:37.528 DEBUG 33512 --- [nio-9060-exec-1] o.s.jdbc.core.JdbcTemplate               : Executing SQL query [EXEC dbo.spx_ObtenerSucursalesConexionWeb]
2026-06-23 13:13:37.528 DEBUG 33512 --- [nio-9060-exec-1] o.s.jdbc.datasource.DataSourceUtils      : Fetching JDBC Connection from DataSource
2026-06-23 13:13:37.528 DEBUG 33512 --- [nio-9060-exec-3] s.w.s.m.m.a.RequestMappingHandlerMapping : Mapped to com.example.TigoStarSystem.supervisor.controller.ConformacionCuadrillaController#listarPendientes(LocalDate, String, String, Integer)
2026-06-23 13:13:37.532 DEBUG 33512 --- [nio-9060-exec-9] o.s.j.d.DriverManagerDataSource          : Loaded JDBC driver: net.sourceforge.jtds.jdbc.Driver
2026-06-23 13:13:37.532 DEBUG 33512 --- [nio-9060-exec-9] o.s.jdbc.core.JdbcTemplate               : Executing SQL query [EXEC dbo.spx_ObtenerRutaXIdTecnico]
2026-06-23 13:13:37.532 DEBUG 33512 --- [nio-9060-exec-9] o.s.jdbc.datasource.DataSourceUtils      : Fetching JDBC Connection from DataSource
2026-06-23 13:13:37.532 DEBUG 33512 --- [nio-9060-exec-9] o.s.j.d.DriverManagerDataSource          : Creating new JDBC DriverManager Connection to [jdbc:jtds:sqlserver://tigo.makiro.com.bo/BDSistemaAntenaPM]
2026-06-23 13:13:37.534 DEBUG 33512 --- [nio-9060-exec-7] o.s.j.d.DriverManagerDataSource          : Loaded JDBC driver: net.sourceforge.jtds.jdbc.Driver
2026-06-23 13:13:37.534 DEBUG 33512 --- [nio-9060-exec-7] o.s.jdbc.core.JdbcTemplate               : Executing SQL query [EXEC dbo.spx_ObtenerTecnicosConformacionCuadrillaWeb]
2026-06-23 13:13:37.534 DEBUG 33512 --- [nio-9060-exec-7] o.s.jdbc.datasource.DataSourceUtils      : Fetching JDBC Connection from DataSource
2026-06-23 13:13:37.534 DEBUG 33512 --- [nio-9060-exec-7] o.s.j.d.DriverManagerDataSource          : Creating new JDBC DriverManager Connection to [jdbc:jtds:sqlserver://tigo.makiro.com.bo/BDSistemaAntenaPM]
2026-06-23 13:13:37.534 DEBUG 33512 --- [nio-9060-exec-1] o.s.j.d.DriverManagerDataSource          : Loaded JDBC driver: net.sourceforge.jtds.jdbc.Driver
2026-06-23 13:13:37.534 DEBUG 33512 --- [nio-9060-exec-1] o.s.jdbc.core.JdbcTemplate               : Executing SQL query [EXEC dbo.spx_ObtenerVehiculosConformacionCuadrillaWeb]
2026-06-23 13:13:37.534 DEBUG 33512 --- [nio-9060-exec-1] o.s.jdbc.datasource.DataSourceUtils      : Fetching JDBC Connection from DataSource
2026-06-23 13:13:37.534 DEBUG 33512 --- [nio-9060-exec-1] o.s.j.d.DriverManagerDataSource          : Creating new JDBC DriverManager Connection to [jdbc:jtds:sqlserver://tigo.makiro.com.bo/BDSistemaAntenaPM]
2026-06-23 13:13:37.541 DEBUG 33512 --- [nio-9060-exec-3] o.s.jdbc.core.JdbcTemplate               : Executing prepared SQL query
2026-06-23 13:13:37.541 DEBUG 33512 --- [nio-9060-exec-3] o.s.jdbc.core.JdbcTemplate               : Executing prepared SQL statement [SELECT * FROM dbo.tbl_ConformacionCuadrillaDiario WHERE 1=1 AND CONVERT(date, fecha) = CONVERT(date, ?) ORDER BY fechaRegistro DESC, id DESC]
2026-06-23 13:13:37.541 DEBUG 33512 --- [nio-9060-exec-3] o.s.jdbc.datasource.DataSourceUtils      : Fetching JDBC Connection from DataSource
2026-06-23 13:13:37.549 DEBUG 33512 --- [nio-9060-exec-9] o.s.jdbc.datasource.DataSourceUtils      : Fetching JDBC Connection from DataSource
2026-06-23 13:13:37.550 DEBUG 33512 --- [nio-9060-exec-9] o.s.j.d.DriverManagerDataSource          : Creating new JDBC DriverManager Connection to [jdbc:jtds:sqlserver://tigo.makiro.com.bo/BDSistemaAntenaPM]
2026-06-23 13:13:37.550 DEBUG 33512 --- [nio-9060-exec-6] o.s.web.servlet.DispatcherServlet        : GET "/supervisor/conformacion-cuadrilla/confirmadas?fecha=2026-06-23&limit=200&limite=200", parameters={masked}
2026-06-23 13:13:37.550 DEBUG 33512 --- [nio-9060-exec-5] o.s.web.servlet.DispatcherServlet        : GET "/supervisor/conformacion-cuadrilla-web/catalogos/digitadores?sucursal=SantaCruz", parameters={masked}
2026-06-23 13:13:37.550 DEBUG 33512 --- [nio-9060-exec-5] s.w.s.m.m.a.RequestMappingHandlerMapping : Mapped to com.example.TigoStarSystem.supervisor.controller.ConformacionCuadrillaWebController#listarDigitadores(String, String)
2026-06-23 13:13:37.550 DEBUG 33512 --- [nio-9060-exec-6] s.w.s.m.m.a.RequestMappingHandlerMapping : Mapped to com.example.TigoStarSystem.supervisor.controller.ConformacionCuadrillaController#listarConfirmadas(LocalDate, String, String, Integer)
2026-06-23 13:13:37.550 DEBUG 33512 --- [nio-9060-exec-5] o.s.jdbc.core.JdbcTemplate               : Executing SQL query [EXEC dbo.spx_ObtenerSucursalesConexionWeb]
2026-06-23 13:13:37.551 DEBUG 33512 --- [nio-9060-exec-5] o.s.jdbc.datasource.DataSourceUtils      : Fetching JDBC Connection from DataSource
2026-06-23 13:13:37.551 DEBUG 33512 --- [nio-9060-exec-6] o.s.jdbc.core.JdbcTemplate               : Executing prepared SQL query
2026-06-23 13:13:37.551 DEBUG 33512 --- [nio-9060-exec-6] o.s.jdbc.core.JdbcTemplate               : Executing prepared SQL statement [SELECT * FROM dbo.tbl_ConformacionCuadrillaDiario WHERE 1=1 AND CONVERT(date, fecha) = CONVERT(date, ?) ORDER BY fechaRegistro DESC, id DESC]
2026-06-23 13:13:37.551 DEBUG 33512 --- [nio-9060-exec-6] o.s.jdbc.datasource.DataSourceUtils      : Fetching JDBC Connection from DataSource
2026-06-23 13:13:37.569 DEBUG 33512 --- [nio-9060-exec-5] o.s.j.d.DriverManagerDataSource          : Loaded JDBC driver: net.sourceforge.jtds.jdbc.Driver
2026-06-23 13:13:37.569 DEBUG 33512 --- [nio-9060-exec-5] o.s.jdbc.core.JdbcTemplate               : Executing SQL query [EXEC dbo.spx_ObtenerDigitadoresConformacionCuadrillaWeb]
2026-06-23 13:13:37.569 DEBUG 33512 --- [nio-9060-exec-5] o.s.jdbc.datasource.DataSourceUtils      : Fetching JDBC Connection from DataSource
2026-06-23 13:13:37.569 DEBUG 33512 --- [nio-9060-exec-5] o.s.j.d.DriverManagerDataSource          : Creating new JDBC DriverManager Connection to [jdbc:jtds:sqlserver://tigo.makiro.com.bo/BDSistemaAntenaPM]
2026-06-23 13:13:37.574 DEBUG 33512 --- [nio-9060-exec-3] o.s.w.s.m.m.a.HttpEntityMethodProcessor  : Using 'application/json', given [application/json, text/plain, */*] and supported [application/json, application/*+json, application/json, application/*+json]
2026-06-23 13:13:37.575 DEBUG 33512 --- [nio-9060-exec-3] o.s.w.s.m.m.a.HttpEntityMethodProcessor  : Writing [com.example.TigoStarSystem.common.ApiResponse@312a9214]
2026-06-23 13:13:37.576 DEBUG 33512 --- [nio-9060-exec-3] o.s.web.servlet.DispatcherServlet        : Completed 200 OK
2026-06-23 13:13:37.577 DEBUG 33512 --- [nio-9060-exec-9] o.s.w.s.m.m.a.HttpEntityMethodProcessor  : Using 'application/json', given [application/json, text/plain, */*] and supported [application/json, application/*+json, application/json, application/*+json]
2026-06-23 13:13:37.577 DEBUG 33512 --- [nio-9060-exec-9] o.s.w.s.m.m.a.HttpEntityMethodProcessor  : Writing [com.example.TigoStarSystem.common.ApiResponse@66a144b1]
2026-06-23 13:13:37.578 DEBUG 33512 --- [nio-9060-exec-9] o.s.web.servlet.DispatcherServlet        : Completed 200 OK
2026-06-23 13:13:37.583 DEBUG 33512 --- [onnection adder] com.zaxxer.hikari.pool.HikariPool        : CentralHikariPool - Added connection net.sourceforge.jtds.jdbc.JtdsConnection@7dd828ae
2026-06-23 13:13:37.584 DEBUG 33512 --- [nio-9060-exec-1] o.s.w.s.m.m.a.HttpEntityMethodProcessor  : Using 'application/json', given [application/json, text/plain, */*] and supported [application/json, application/*+json, application/json, application/*+json]
2026-06-23 13:13:37.584 DEBUG 33512 --- [nio-9060-exec-1] o.s.w.s.m.m.a.HttpEntityMethodProcessor  : Writing [com.example.TigoStarSystem.common.ApiResponse@3a425893]
2026-06-23 13:13:37.585 DEBUG 33512 --- [nio-9060-exec-1] o.s.web.servlet.DispatcherServlet        : Completed 200 OK
2026-06-23 13:13:37.587 DEBUG 33512 --- [nio-9060-exec-6] o.s.w.s.m.m.a.HttpEntityMethodProcessor  : Using 'application/json', given [application/json, text/plain, */*] and supported [application/json, application/*+json, application/json, application/*+json]
2026-06-23 13:13:37.587 DEBUG 33512 --- [nio-9060-exec-5] o.s.w.s.m.m.a.HttpEntityMethodProcessor  : Using 'application/json', given [application/json, text/plain, */*] and supported [application/json, application/*+json, application/json, application/*+json]
2026-06-23 13:13:37.587 DEBUG 33512 --- [nio-9060-exec-6] o.s.w.s.m.m.a.HttpEntityMethodProcessor  : Writing [com.example.TigoStarSystem.common.ApiResponse@23d00cf]
2026-06-23 13:13:37.587 DEBUG 33512 --- [nio-9060-exec-5] o.s.w.s.m.m.a.HttpEntityMethodProcessor  : Writing [com.example.TigoStarSystem.common.ApiResponse@4b8e7fd2]
2026-06-23 13:13:37.588 DEBUG 33512 --- [nio-9060-exec-5] o.s.web.servlet.DispatcherServlet        : Completed 200 OK
2026-06-23 13:13:37.590 DEBUG 33512 --- [nio-9060-exec-6] o.s.web.servlet.DispatcherServlet        : Completed 200 OK
2026-06-23 13:13:37.889 DEBUG 33512 --- [nio-9060-exec-4] o.s.web.servlet.DispatcherServlet        : GET "/supervisor/conformacion-cuadrilla-web?sucursal=SantaCruz&limite=200", parameters={masked}
2026-06-23 13:13:37.889 DEBUG 33512 --- [nio-9060-exec-2] o.s.web.servlet.DispatcherServlet        : GET "/supervisor/conformacion-cuadrilla-web/catalogos/supervisores?sucursal=SantaCruz", parameters={masked}
2026-06-23 13:13:37.890 DEBUG 33512 --- [nio-9060-exec-4] s.w.s.m.m.a.RequestMappingHandlerMapping : Mapped to com.example.TigoStarSystem.supervisor.controller.ConformacionCuadrillaWebController#listar(String, LocalDate, String, Integer)
2026-06-23 13:13:37.890 DEBUG 33512 --- [nio-9060-exec-2] s.w.s.m.m.a.RequestMappingHandlerMapping : Mapped to com.example.TigoStarSystem.supervisor.controller.ConformacionCuadrillaWebController#listarSupervisores(String, String)
2026-06-23 13:13:37.890 DEBUG 33512 --- [nio-9060-exec-2] o.s.jdbc.core.JdbcTemplate               : Executing SQL query [EXEC dbo.spx_ObtenerSucursalesConexionWeb]
2026-06-23 13:13:37.890 DEBUG 33512 --- [nio-9060-exec-2] o.s.jdbc.datasource.DataSourceUtils      : Fetching JDBC Connection from DataSource
2026-06-23 13:13:37.890 DEBUG 33512 --- [nio-9060-exec-4] o.s.jdbc.core.JdbcTemplate               : Executing SQL query [EXEC dbo.spx_ObtenerSucursalesConexionWeb]
2026-06-23 13:13:37.890 DEBUG 33512 --- [nio-9060-exec-4] o.s.jdbc.datasource.DataSourceUtils      : Fetching JDBC Connection from DataSource
2026-06-23 13:13:37.893 DEBUG 33512 --- [nio-9060-exec-2] o.s.j.d.DriverManagerDataSource          : Loaded JDBC driver: net.sourceforge.jtds.jdbc.Driver
2026-06-23 13:13:37.893 DEBUG 33512 --- [nio-9060-exec-2] o.s.jdbc.core.JdbcTemplate               : Executing SQL query [EXEC dbo.spx_ObtenerSupervisoresConformacionCuadrillaWeb]
2026-06-23 13:13:37.893 DEBUG 33512 --- [nio-9060-exec-2] o.s.jdbc.datasource.DataSourceUtils      : Fetching JDBC Connection from DataSource
2026-06-23 13:13:37.893 DEBUG 33512 --- [nio-9060-exec-2] o.s.j.d.DriverManagerDataSource          : Creating new JDBC DriverManager Connection to [jdbc:jtds:sqlserver://tigo.makiro.com.bo/BDSistemaAntenaPM]
2026-06-23 13:13:37.894 DEBUG 33512 --- [nio-9060-exec-4] o.s.j.d.DriverManagerDataSource          : Loaded JDBC driver: net.sourceforge.jtds.jdbc.Driver
2026-06-23 13:13:37.894 DEBUG 33512 --- [nio-9060-exec-4] o.s.jdbc.core.JdbcTemplate               : Executing SQL query [EXEC dbo.spx_ObtenerRutaXIdTecnico]
2026-06-23 13:13:37.894 DEBUG 33512 --- [nio-9060-exec-4] o.s.jdbc.datasource.DataSourceUtils      : Fetching JDBC Connection from DataSource
2026-06-23 13:13:37.894 DEBUG 33512 --- [nio-9060-exec-4] o.s.j.d.DriverManagerDataSource          : Creating new JDBC DriverManager Connection to [jdbc:jtds:sqlserver://tigo.makiro.com.bo/BDSistemaAntenaPM]
2026-06-23 13:13:37.906 DEBUG 33512 --- [io-9060-exec-10] o.s.web.servlet.DispatcherServlet        : GET "/supervisor/conformacion-cuadrilla-web/catalogos/auxiliares?sucursal=SantaCruz", parameters={masked}
2026-06-23 13:13:37.906 DEBUG 33512 --- [nio-9060-exec-8] o.s.web.servlet.DispatcherServlet        : GET "/supervisor/conformacion-cuadrilla-web/catalogos/salesforce?sucursal=SantaCruz", parameters={masked}
2026-06-23 13:13:37.906 DEBUG 33512 --- [nio-9060-exec-3] o.s.web.servlet.DispatcherServlet        : GET "/supervisor/conformacion-cuadrilla-web/catalogos/actividades?sucursal=SantaCruz", parameters={masked}
2026-06-23 13:13:37.906 DEBUG 33512 --- [io-9060-exec-10] s.w.s.m.m.a.RequestMappingHandlerMapping : Mapped to com.example.TigoStarSystem.supervisor.controller.ConformacionCuadrillaWebController#listarAuxiliares(String, String)
2026-06-23 13:13:37.906 DEBUG 33512 --- [nio-9060-exec-8] s.w.s.m.m.a.RequestMappingHandlerMapping : Mapped to com.example.TigoStarSystem.supervisor.controller.ConformacionCuadrillaWebController#listarSalesforce(String, String, Integer, String)
2026-06-23 13:13:37.906 DEBUG 33512 --- [nio-9060-exec-3] s.w.s.m.m.a.RequestMappingHandlerMapping : Mapped to com.example.TigoStarSystem.supervisor.controller.ConformacionCuadrillaWebController#listarActividades(String, String)
2026-06-23 13:13:37.906 DEBUG 33512 --- [io-9060-exec-10] o.s.jdbc.core.JdbcTemplate               : Executing SQL query [EXEC dbo.spx_ObtenerSucursalesConexionWeb]
2026-06-23 13:13:37.907 DEBUG 33512 --- [nio-9060-exec-8] o.s.jdbc.core.JdbcTemplate               : Executing SQL query [EXEC dbo.spx_ObtenerSucursalesConexionWeb]
2026-06-23 13:13:37.907 DEBUG 33512 --- [nio-9060-exec-3] o.s.jdbc.core.JdbcTemplate               : Executing SQL query [EXEC dbo.spx_ObtenerSucursalesConexionWeb]
2026-06-23 13:13:37.907 DEBUG 33512 --- [nio-9060-exec-8] o.s.jdbc.datasource.DataSourceUtils      : Fetching JDBC Connection from DataSource
2026-06-23 13:13:37.907 DEBUG 33512 --- [nio-9060-exec-3] o.s.jdbc.datasource.DataSourceUtils      : Fetching JDBC Connection from DataSource
2026-06-23 13:13:37.907 DEBUG 33512 --- [io-9060-exec-10] o.s.jdbc.datasource.DataSourceUtils      : Fetching JDBC Connection from DataSource
2026-06-23 13:13:37.908 DEBUG 33512 --- [nio-9060-exec-2] o.s.w.s.m.m.a.HttpEntityMethodProcessor  : Using 'application/json', given [application/json, text/plain, */*] and supported [application/json, application/*+json, application/json, application/*+json]
2026-06-23 13:13:37.908 DEBUG 33512 --- [nio-9060-exec-2] o.s.w.s.m.m.a.HttpEntityMethodProcessor  : Writing [com.example.TigoStarSystem.common.ApiResponse@19ee4a13]
2026-06-23 13:13:37.908 DEBUG 33512 --- [nio-9060-exec-2] o.s.web.servlet.DispatcherServlet        : Completed 200 OK
2026-06-23 13:13:37.908 DEBUG 33512 --- [nio-9060-exec-4] o.s.jdbc.datasource.DataSourceUtils      : Fetching JDBC Connection from DataSource
2026-06-23 13:13:37.908 DEBUG 33512 --- [nio-9060-exec-4] o.s.j.d.DriverManagerDataSource          : Creating new JDBC DriverManager Connection to [jdbc:jtds:sqlserver://tigo.makiro.com.bo/BDSistemaAntenaPM]
2026-06-23 13:13:37.909 DEBUG 33512 --- [nio-9060-exec-8] o.s.j.d.DriverManagerDataSource          : Loaded JDBC driver: net.sourceforge.jtds.jdbc.Driver
2026-06-23 13:13:37.909 DEBUG 33512 --- [nio-9060-exec-8] o.s.jdbc.core.JdbcTemplate               : Executing SQL query [SELECT * FROM dbo.tbl_SalesForce]
2026-06-23 13:13:37.909 DEBUG 33512 --- [nio-9060-exec-8] o.s.jdbc.datasource.DataSourceUtils      : Fetching JDBC Connection from DataSource
2026-06-23 13:13:37.909 DEBUG 33512 --- [nio-9060-exec-8] o.s.j.d.DriverManagerDataSource          : Creating new JDBC DriverManager Connection to [jdbc:jtds:sqlserver://tigo.makiro.com.bo/BDSistemaAntenaPM]
2026-06-23 13:13:37.911 DEBUG 33512 --- [nio-9060-exec-3] o.s.j.d.DriverManagerDataSource          : Loaded JDBC driver: net.sourceforge.jtds.jdbc.Driver
2026-06-23 13:13:37.911 DEBUG 33512 --- [nio-9060-exec-3] o.s.jdbc.core.JdbcTemplate               : Executing SQL query [EXEC dbo.spx_ObtenerActividadesConformacionCuadrillaWeb]
2026-06-23 13:13:37.911 DEBUG 33512 --- [nio-9060-exec-3] o.s.jdbc.datasource.DataSourceUtils      : Fetching JDBC Connection from DataSource
2026-06-23 13:13:37.911 DEBUG 33512 --- [nio-9060-exec-3] o.s.j.d.DriverManagerDataSource          : Creating new JDBC DriverManager Connection to [jdbc:jtds:sqlserver://tigo.makiro.com.bo/BDSistemaAntenaPM]
2026-06-23 13:13:37.911 DEBUG 33512 --- [io-9060-exec-10] o.s.j.d.DriverManagerDataSource          : Loaded JDBC driver: net.sourceforge.jtds.jdbc.Driver
2026-06-23 13:13:37.911 DEBUG 33512 --- [io-9060-exec-10] o.s.jdbc.core.JdbcTemplate               : Executing SQL query [EXEC dbo.spx_ObtenerAuxiliaresConformacionCuadrillaWeb]
2026-06-23 13:13:37.911 DEBUG 33512 --- [io-9060-exec-10] o.s.jdbc.datasource.DataSourceUtils      : Fetching JDBC Connection from DataSource
2026-06-23 13:13:37.911 DEBUG 33512 --- [io-9060-exec-10] o.s.j.d.DriverManagerDataSource          : Creating new JDBC DriverManager Connection to [jdbc:jtds:sqlserver://tigo.makiro.com.bo/BDSistemaAntenaPM]
2026-06-23 13:13:37.919 DEBUG 33512 --- [nio-9060-exec-4] o.s.w.s.m.m.a.HttpEntityMethodProcessor  : Using 'application/json', given [application/json, text/plain, */*] and supported [application/json, application/*+json, application/json, application/*+json]
2026-06-23 13:13:37.920 DEBUG 33512 --- [nio-9060-exec-4] o.s.w.s.m.m.a.HttpEntityMethodProcessor  : Writing [com.example.TigoStarSystem.common.ApiResponse@7b017e66]
2026-06-23 13:13:37.920 DEBUG 33512 --- [nio-9060-exec-4] o.s.web.servlet.DispatcherServlet        : Completed 200 OK
2026-06-23 13:13:37.925 DEBUG 33512 --- [nio-9060-exec-8] o.s.w.s.m.m.a.HttpEntityMethodProcessor  : Using 'application/json', given [application/json, text/plain, */*] and supported [application/json, application/*+json, application/json, application/*+json]
2026-06-23 13:13:37.925 DEBUG 33512 --- [nio-9060-exec-8] o.s.w.s.m.m.a.HttpEntityMethodProcessor  : Writing [com.example.TigoStarSystem.common.ApiResponse@686af309]
2026-06-23 13:13:37.925 DEBUG 33512 --- [nio-9060-exec-3] o.s.w.s.m.m.a.HttpEntityMethodProcessor  : Using 'application/json', given [application/json, text/plain, */*] and supported [application/json, application/*+json, application/json, application/*+json]
2026-06-23 13:13:37.925 DEBUG 33512 --- [nio-9060-exec-3] o.s.w.s.m.m.a.HttpEntityMethodProcessor  : Writing [com.example.TigoStarSystem.common.ApiResponse@7b84f911]
2026-06-23 13:13:37.925 DEBUG 33512 --- [nio-9060-exec-8] o.s.web.servlet.DispatcherServlet        : Completed 200 OK
2026-06-23 13:13:37.925 DEBUG 33512 --- [nio-9060-exec-3] o.s.web.servlet.DispatcherServlet        : Completed 200 OK
2026-06-23 13:13:37.928 DEBUG 33512 --- [io-9060-exec-10] o.s.w.s.m.m.a.HttpEntityMethodProcessor  : Using 'application/json', given [application/json, text/plain, */*] and supported [application/json, application/*+json, application/json, application/*+json]
2026-06-23 13:13:37.929 DEBUG 33512 --- [io-9060-exec-10] o.s.w.s.m.m.a.HttpEntityMethodProcessor  : Writing [com.example.TigoStarSystem.common.ApiResponse@63f7bbb6]
2026-06-23 13:13:37.929 DEBUG 33512 --- [io-9060-exec-10] o.s.web.servlet.DispatcherServlet        : Completed 200 OK
2026-06-23 13:13:38.217 DEBUG 33512 --- [nio-9060-exec-9] o.s.web.servlet.DispatcherServlet        : GET "/supervisor/conformacion-cuadrilla-web/catalogos/tecnicos?sucursal=SantaCruz", parameters={masked}
2026-06-23 13:13:38.217 DEBUG 33512 --- [nio-9060-exec-9] s.w.s.m.m.a.RequestMappingHandlerMapping : Mapped to com.example.TigoStarSystem.supervisor.controller.ConformacionCuadrillaWebController#listarTecnicos(String, String, Integer, String)
2026-06-23 13:13:38.217 DEBUG 33512 --- [nio-9060-exec-9] o.s.jdbc.core.JdbcTemplate               : Executing SQL query [EXEC dbo.spx_ObtenerSucursalesConexionWeb]
2026-06-23 13:13:38.217 DEBUG 33512 --- [nio-9060-exec-9] o.s.jdbc.datasource.DataSourceUtils      : Fetching JDBC Connection from DataSource
2026-06-23 13:13:38.225 DEBUG 33512 --- [nio-9060-exec-9] o.s.j.d.DriverManagerDataSource          : Loaded JDBC driver: net.sourceforge.jtds.jdbc.Driver
2026-06-23 13:13:38.225 DEBUG 33512 --- [nio-9060-exec-9] o.s.jdbc.core.JdbcTemplate               : Executing SQL query [EXEC dbo.spx_ObtenerTecnicosConformacionCuadrillaWeb]
2026-06-23 13:13:38.225 DEBUG 33512 --- [nio-9060-exec-9] o.s.jdbc.datasource.DataSourceUtils      : Fetching JDBC Connection from DataSource
2026-06-23 13:13:38.225 DEBUG 33512 --- [nio-9060-exec-9] o.s.j.d.DriverManagerDataSource          : Creating new JDBC DriverManager Connection to [jdbc:jtds:sqlserver://tigo.makiro.com.bo/BDSistemaAntenaPM]
2026-06-23 13:13:38.233 DEBUG 33512 --- [nio-9060-exec-1] o.s.web.servlet.DispatcherServlet        : GET "/supervisor/conformacion-cuadrilla-web/catalogos/vehiculos?sucursal=SantaCruz", parameters={masked}
2026-06-23 13:13:38.233 DEBUG 33512 --- [nio-9060-exec-5] o.s.web.servlet.DispatcherServlet        : GET "/supervisor/conformacion-cuadrilla/pendientes?fecha=2026-06-23&sucursal=SantaCruz&limit=200&limite=200", parameters={masked}
2026-06-23 13:13:38.234 DEBUG 33512 --- [nio-9060-exec-1] s.w.s.m.m.a.RequestMappingHandlerMapping : Mapped to com.example.TigoStarSystem.supervisor.controller.ConformacionCuadrillaWebController#listarVehiculos(String, String, String)
2026-06-23 13:13:38.234 DEBUG 33512 --- [nio-9060-exec-5] s.w.s.m.m.a.RequestMappingHandlerMapping : Mapped to com.example.TigoStarSystem.supervisor.controller.ConformacionCuadrillaController#listarPendientes(LocalDate, String, String, Integer)
2026-06-23 13:13:38.234 DEBUG 33512 --- [nio-9060-exec-1] o.s.jdbc.core.JdbcTemplate               : Executing SQL query [EXEC dbo.spx_ObtenerSucursalesConexionWeb]
2026-06-23 13:13:38.234 DEBUG 33512 --- [nio-9060-exec-1] o.s.jdbc.datasource.DataSourceUtils      : Fetching JDBC Connection from DataSource
2026-06-23 13:13:38.234 DEBUG 33512 --- [nio-9060-exec-5] o.s.jdbc.core.JdbcTemplate               : Executing SQL query [EXEC dbo.spx_ObtenerSucursalesConexionWeb]
2026-06-23 13:13:38.234 DEBUG 33512 --- [nio-9060-exec-5] o.s.jdbc.datasource.DataSourceUtils      : Fetching JDBC Connection from DataSource
2026-06-23 13:13:38.237 DEBUG 33512 --- [nio-9060-exec-1] o.s.j.d.DriverManagerDataSource          : Loaded JDBC driver: net.sourceforge.jtds.jdbc.Driver
2026-06-23 13:13:38.237 DEBUG 33512 --- [nio-9060-exec-1] o.s.jdbc.core.JdbcTemplate               : Executing SQL query [EXEC dbo.spx_ObtenerVehiculosConformacionCuadrillaWeb]
2026-06-23 13:13:38.237 DEBUG 33512 --- [nio-9060-exec-1] o.s.jdbc.datasource.DataSourceUtils      : Fetching JDBC Connection from DataSource
2026-06-23 13:13:38.237 DEBUG 33512 --- [nio-9060-exec-1] o.s.j.d.DriverManagerDataSource          : Creating new JDBC DriverManager Connection to [jdbc:jtds:sqlserver://tigo.makiro.com.bo/BDSistemaAntenaPM]
2026-06-23 13:13:38.238 DEBUG 33512 --- [nio-9060-exec-5] o.s.jdbc.core.JdbcTemplate               : Executing SQL query [EXEC dbo.spx_ObtenerSucursalesConexionWeb]
2026-06-23 13:13:38.238 DEBUG 33512 --- [nio-9060-exec-5] o.s.jdbc.datasource.DataSourceUtils      : Fetching JDBC Connection from DataSource
2026-06-23 13:13:38.242 DEBUG 33512 --- [nio-9060-exec-5] o.s.j.d.DriverManagerDataSource          : Loaded JDBC driver: net.sourceforge.jtds.jdbc.Driver
2026-06-23 13:13:38.242 DEBUG 33512 --- [nio-9060-exec-5] o.s.jdbc.core.JdbcTemplate               : Executing prepared SQL query
2026-06-23 13:13:38.242 DEBUG 33512 --- [nio-9060-exec-5] o.s.jdbc.core.JdbcTemplate               : Executing prepared SQL statement [EXEC dbo.spx_ObtenerConformacionCuadrillaBackOffice ?, ?, ?, ?]
2026-06-23 13:13:38.242 DEBUG 33512 --- [nio-9060-exec-5] o.s.jdbc.datasource.DataSourceUtils      : Fetching JDBC Connection from DataSource
2026-06-23 13:13:38.242 DEBUG 33512 --- [nio-9060-exec-5] o.s.j.d.DriverManagerDataSource          : Creating new JDBC DriverManager Connection to [jdbc:jtds:sqlserver://tigo.makiro.com.bo/BDSistemaAntenaPM]
2026-06-23 13:13:38.248 DEBUG 33512 --- [nio-9060-exec-2] o.s.web.servlet.DispatcherServlet        : GET "/supervisor/conformacion-cuadrilla/pendientes?fecha=2026-06-23&limit=200&limite=200", parameters={masked}
2026-06-23 13:13:38.248 DEBUG 33512 --- [nio-9060-exec-6] o.s.web.servlet.DispatcherServlet        : GET "/supervisor/conformacion-cuadrilla/confirmadas?fecha=2026-06-23&sucursal=SantaCruz&limit=200&limite=200", parameters={masked}
2026-06-23 13:13:38.248 DEBUG 33512 --- [nio-9060-exec-2] s.w.s.m.m.a.RequestMappingHandlerMapping : Mapped to com.example.TigoStarSystem.supervisor.controller.ConformacionCuadrillaController#listarPendientes(LocalDate, String, String, Integer)
2026-06-23 13:13:38.248 DEBUG 33512 --- [nio-9060-exec-6] s.w.s.m.m.a.RequestMappingHandlerMapping : Mapped to com.example.TigoStarSystem.supervisor.controller.ConformacionCuadrillaController#listarConfirmadas(LocalDate, String, String, Integer)
2026-06-23 13:13:38.249 DEBUG 33512 --- [nio-9060-exec-2] o.s.jdbc.core.JdbcTemplate               : Executing prepared SQL query
2026-06-23 13:13:38.249 DEBUG 33512 --- [nio-9060-exec-6] o.s.jdbc.core.JdbcTemplate               : Executing SQL query [EXEC dbo.spx_ObtenerSucursalesConexionWeb]
2026-06-23 13:13:38.249 DEBUG 33512 --- [nio-9060-exec-6] o.s.jdbc.datasource.DataSourceUtils      : Fetching JDBC Connection from DataSource
2026-06-23 13:13:38.249 DEBUG 33512 --- [nio-9060-exec-2] o.s.jdbc.core.JdbcTemplate               : Executing prepared SQL statement [SELECT * FROM dbo.tbl_ConformacionCuadrillaDiario WHERE 1=1 AND CONVERT(date, fecha) = CONVERT(date, ?) ORDER BY fechaRegistro DESC, id DESC]
2026-06-23 13:13:38.249 DEBUG 33512 --- [nio-9060-exec-2] o.s.jdbc.datasource.DataSourceUtils      : Fetching JDBC Connection from DataSource
2026-06-23 13:13:38.251 DEBUG 33512 --- [nio-9060-exec-9] o.s.w.s.m.m.a.HttpEntityMethodProcessor  : Using 'application/json', given [application/json, text/plain, */*] and supported [application/json, application/*+json, application/json, application/*+json]
2026-06-23 13:13:38.251 DEBUG 33512 --- [nio-9060-exec-9] o.s.w.s.m.m.a.HttpEntityMethodProcessor  : Writing [com.example.TigoStarSystem.common.ApiResponse@28945253]
2026-06-23 13:13:38.252 DEBUG 33512 --- [nio-9060-exec-9] o.s.web.servlet.DispatcherServlet        : Completed 200 OK
2026-06-23 13:13:38.252 DEBUG 33512 --- [nio-9060-exec-6] o.s.jdbc.core.JdbcTemplate               : Executing prepared SQL query
2026-06-23 13:13:38.252 DEBUG 33512 --- [nio-9060-exec-6] o.s.jdbc.core.JdbcTemplate               : Executing prepared SQL statement [SELECT * FROM dbo.tbl_ConformacionCuadrillaDiario WHERE 1=1 AND CONVERT(date, fecha) = CONVERT(date, ?) AND LOWER(REPLACE(REPLACE(REPLACE(ISNULL(CAST(sucursal AS VARCHAR(120)), ''), ' ', ''), '_', ''), '-', '')) = LOWER(REPLACE(REPLACE(REPLACE(?, ' ', ''), '_', ''), '-', '')) ORDER BY fechaRegistro DESC, id DESC]
2026-06-23 13:13:38.252 DEBUG 33512 --- [nio-9060-exec-6] o.s.jdbc.datasource.DataSourceUtils      : Fetching JDBC Connection from DataSource
2026-06-23 13:13:38.257 DEBUG 33512 --- [nio-9060-exec-1] o.s.w.s.m.m.a.HttpEntityMethodProcessor  : Using 'application/json', given [application/json, text/plain, */*] and supported [application/json, application/*+json, application/json, application/*+json]
2026-06-23 13:13:38.257 DEBUG 33512 --- [nio-9060-exec-1] o.s.w.s.m.m.a.HttpEntityMethodProcessor  : Writing [com.example.TigoStarSystem.common.ApiResponse@57a35c00]
2026-06-23 13:13:38.257 DEBUG 33512 --- [nio-9060-exec-1] o.s.web.servlet.DispatcherServlet        : Completed 200 OK
2026-06-23 13:13:38.263 DEBUG 33512 --- [nio-9060-exec-2] o.s.w.s.m.m.a.HttpEntityMethodProcessor  : Using 'application/json', given [application/json, text/plain, */*] and supported [application/json, application/*+json, application/json, application/*+json]
2026-06-23 13:13:38.263 DEBUG 33512 --- [nio-9060-exec-2] o.s.w.s.m.m.a.HttpEntityMethodProcessor  : Writing [com.example.TigoStarSystem.common.ApiResponse@745411c9]
2026-06-23 13:13:38.263 DEBUG 33512 --- [nio-9060-exec-2] o.s.web.servlet.DispatcherServlet        : Completed 200 OK
2026-06-23 13:13:38.273 DEBUG 33512 --- [nio-9060-exec-5] o.s.jdbc.datasource.DataSourceUtils      : Fetching JDBC Connection from DataSource
2026-06-23 13:13:38.273 DEBUG 33512 --- [nio-9060-exec-5] o.s.j.d.DriverManagerDataSource          : Creating new JDBC DriverManager Connection to [jdbc:jtds:sqlserver://tigo.makiro.com.bo/BDSistemaAntenaPM]
2026-06-23 13:13:38.280 DEBUG 33512 --- [nio-9060-exec-6] o.s.w.s.m.m.a.HttpEntityMethodProcessor  : Using 'application/json', given [application/json, text/plain, */*] and supported [application/json, application/*+json, application/json, application/*+json]
2026-06-23 13:13:38.280 DEBUG 33512 --- [nio-9060-exec-6] o.s.w.s.m.m.a.HttpEntityMethodProcessor  : Writing [com.example.TigoStarSystem.common.ApiResponse@2d28cd29]
2026-06-23 13:13:38.281 DEBUG 33512 --- [nio-9060-exec-6] o.s.web.servlet.DispatcherServlet        : Completed 200 OK
2026-06-23 13:13:38.289 DEBUG 33512 --- [nio-9060-exec-5] o.s.jdbc.core.JdbcTemplate               : Executing prepared SQL query
2026-06-23 13:13:38.289 DEBUG 33512 --- [nio-9060-exec-5] o.s.jdbc.core.JdbcTemplate               : Executing prepared SQL statement [EXEC dbo.spx_ObtenerConformacionCuadrillaBackOffice ?, ?, ?]
2026-06-23 13:13:38.289 DEBUG 33512 --- [nio-9060-exec-5] o.s.jdbc.datasource.DataSourceUtils      : Fetching JDBC Connection from DataSource
2026-06-23 13:13:38.289 DEBUG 33512 --- [nio-9060-exec-5] o.s.j.d.DriverManagerDataSource          : Creating new JDBC DriverManager Connection to [jdbc:jtds:sqlserver://tigo.makiro.com.bo/BDSistemaAntenaPM]
2026-06-23 13:13:38.318 DEBUG 33512 --- [nio-9060-exec-5] o.s.jdbc.core.JdbcTemplate               : Executing SQL query [EXEC dbo.spx_ObtenerSucursalesConexionWeb]
2026-06-23 13:13:38.318 DEBUG 33512 --- [nio-9060-exec-5] o.s.jdbc.datasource.DataSourceUtils      : Fetching JDBC Connection from DataSource
2026-06-23 13:13:38.322 DEBUG 33512 --- [nio-9060-exec-5] o.s.jdbc.core.JdbcTemplate               : Executing prepared SQL query
2026-06-23 13:13:38.323 DEBUG 33512 --- [nio-9060-exec-5] o.s.jdbc.core.JdbcTemplate               : Executing prepared SQL statement [SELECT * FROM dbo.tbl_ConformacionCuadrillaDiario WHERE 1=1 AND CONVERT(date, fecha) = CONVERT(date, ?) AND LOWER(REPLACE(REPLACE(REPLACE(ISNULL(CAST(sucursal AS VARCHAR(120)), ''), ' ', ''), '_', ''), '-', '')) = LOWER(REPLACE(REPLACE(REPLACE(?, ' ', ''), '_', ''), '-', '')) ORDER BY fechaRegistro DESC, id DESC]
2026-06-23 13:13:38.323 DEBUG 33512 --- [nio-9060-exec-5] o.s.jdbc.datasource.DataSourceUtils      : Fetching JDBC Connection from DataSource
2026-06-23 13:13:38.333 DEBUG 33512 --- [nio-9060-exec-5] o.s.w.s.m.m.a.HttpEntityMethodProcessor  : Using 'application/json', given [application/json, text/plain, */*] and supported [application/json, application/*+json, application/json, application/*+json]
2026-06-23 13:13:38.333 DEBUG 33512 --- [nio-9060-exec-5] o.s.w.s.m.m.a.HttpEntityMethodProcessor  : Writing [com.example.TigoStarSystem.common.ApiResponse@7b5c79ce]
2026-06-23 13:13:38.333 DEBUG 33512 --- [nio-9060-exec-5] o.s.web.servlet.DispatcherServlet        : Completed 200 OK
2026-06-23 13:13:38.560 DEBUG 33512 --- [nio-9060-exec-4] o.s.web.servlet.DispatcherServlet        : GET "/supervisor/conformacion-cuadrilla-web?fecha=2026-06-23&limite=200", parameters={masked}
2026-06-23 13:13:38.561 DEBUG 33512 --- [nio-9060-exec-4] s.w.s.m.m.a.RequestMappingHandlerMapping : Mapped to com.example.TigoStarSystem.supervisor.controller.ConformacionCuadrillaWebController#listar(String, LocalDate, String, Integer)
2026-06-23 13:13:38.563 DEBUG 33512 --- [nio-9060-exec-4] o.s.jdbc.core.JdbcTemplate               : Executing SQL query [EXEC dbo.spx_ObtenerSucursalesConexionWeb]
2026-06-23 13:13:38.563 DEBUG 33512 --- [nio-9060-exec-4] o.s.jdbc.datasource.DataSourceUtils      : Fetching JDBC Connection from DataSource
2026-06-23 13:13:38.568 DEBUG 33512 --- [nio-9060-exec-4] o.s.jdbc.core.JdbcTemplate               : Executing SQL query [EXEC dbo.spx_ObtenerSucursalesConexionWeb]
2026-06-23 13:13:38.568 DEBUG 33512 --- [nio-9060-exec-4] o.s.jdbc.datasource.DataSourceUtils      : Fetching JDBC Connection from DataSource
2026-06-23 13:13:38.573 DEBUG 33512 --- [nio-9060-exec-4] o.s.j.d.DriverManagerDataSource          : Loaded JDBC driver: net.sourceforge.jtds.jdbc.Driver
2026-06-23 13:13:38.573 DEBUG 33512 --- [nio-9060-exec-4] o.s.jdbc.core.JdbcTemplate               : Executing SQL query [EXEC dbo.spx_ObtenerRutaXIdTecnico]
2026-06-23 13:13:38.573 DEBUG 33512 --- [nio-9060-exec-4] o.s.jdbc.datasource.DataSourceUtils      : Fetching JDBC Connection from DataSource
2026-06-23 13:13:38.573 DEBUG 33512 --- [nio-9060-exec-4] o.s.j.d.DriverManagerDataSource          : Creating new JDBC DriverManager Connection to [jdbc:jtds:sqlserver://tigo.makiro.com.bo/BDSistemaAntenaPM]
2026-06-23 13:13:38.574 DEBUG 33512 --- [nio-9060-exec-8] o.s.web.servlet.DispatcherServlet        : GET "/supervisor/conformacion-cuadrilla/confirmadas?fecha=2026-06-23&limit=200&limite=200", parameters={masked}
2026-06-23 13:13:38.574 DEBUG 33512 --- [nio-9060-exec-8] s.w.s.m.m.a.RequestMappingHandlerMapping : Mapped to com.example.TigoStarSystem.supervisor.controller.ConformacionCuadrillaController#listarConfirmadas(LocalDate, String, String, Integer)
2026-06-23 13:13:38.575 DEBUG 33512 --- [nio-9060-exec-8] o.s.jdbc.core.JdbcTemplate               : Executing prepared SQL query
2026-06-23 13:13:38.575 DEBUG 33512 --- [nio-9060-exec-8] o.s.jdbc.core.JdbcTemplate               : Executing prepared SQL statement [SELECT * FROM dbo.tbl_ConformacionCuadrillaDiario WHERE 1=1 AND CONVERT(date, fecha) = CONVERT(date, ?) ORDER BY fechaRegistro DESC, id DESC]
2026-06-23 13:13:38.575 DEBUG 33512 --- [nio-9060-exec-8] o.s.jdbc.datasource.DataSourceUtils      : Fetching JDBC Connection from DataSource
2026-06-23 13:13:38.586 DEBUG 33512 --- [nio-9060-exec-8] o.s.w.s.m.m.a.HttpEntityMethodProcessor  : Using 'application/json', given [application/json, text/plain, */*] and supported [application/json, application/*+json, application/json, application/*+json]
2026-06-23 13:13:38.586 DEBUG 33512 --- [nio-9060-exec-8] o.s.w.s.m.m.a.HttpEntityMethodProcessor  : Writing [com.example.TigoStarSystem.common.ApiResponse@19a6aa2d]
2026-06-23 13:13:38.587 DEBUG 33512 --- [nio-9060-exec-4] o.s.jdbc.datasource.DataSourceUtils      : Fetching JDBC Connection from DataSource
2026-06-23 13:13:38.587 DEBUG 33512 --- [nio-9060-exec-4] o.s.j.d.DriverManagerDataSource          : Creating new JDBC DriverManager Connection to [jdbc:jtds:sqlserver://tigo.makiro.com.bo/BDSistemaAntenaPM]
2026-06-23 13:13:38.588 DEBUG 33512 --- [nio-9060-exec-8] o.s.web.servlet.DispatcherServlet        : Completed 200 OK
2026-06-23 13:13:38.618 DEBUG 33512 --- [nio-9060-exec-4] o.s.w.s.m.m.a.HttpEntityMethodProcessor  : Using 'application/json', given [application/json, text/plain, */*] and supported [application/json, application/*+json, application/json, application/*+json]
2026-06-23 13:13:38.619 DEBUG 33512 --- [nio-9060-exec-4] o.s.w.s.m.m.a.HttpEntityMethodProcessor  : Writing [com.example.TigoStarSystem.common.ApiResponse@5ec9b5ac]
2026-06-23 13:13:38.619 DEBUG 33512 --- [nio-9060-exec-4] o.s.web.servlet.DispatcherServlet        : Completed 200 OK
2026-06-23 13:13:38.641 DEBUG 33512 --- [nio-9060-exec-3] o.s.web.servlet.DispatcherServlet        : GET "/supervisor/conformacion-cuadrilla/pendientes?fecha=2026-06-23&sucursal=SantaCruz&limit=200&limite=200", parameters={masked}
2026-06-23 13:13:38.641 DEBUG 33512 --- [nio-9060-exec-3] s.w.s.m.m.a.RequestMappingHandlerMapping : Mapped to com.example.TigoStarSystem.supervisor.controller.ConformacionCuadrillaController#listarPendientes(LocalDate, String, String, Integer)
2026-06-23 13:13:38.642 DEBUG 33512 --- [nio-9060-exec-3] o.s.jdbc.core.JdbcTemplate               : Executing SQL query [EXEC dbo.spx_ObtenerSucursalesConexionWeb]
2026-06-23 13:13:38.642 DEBUG 33512 --- [nio-9060-exec-3] o.s.jdbc.datasource.DataSourceUtils      : Fetching JDBC Connection from DataSource
2026-06-23 13:13:38.660 DEBUG 33512 --- [nio-9060-exec-3] o.s.jdbc.core.JdbcTemplate               : Executing SQL query [EXEC dbo.spx_ObtenerSucursalesConexionWeb]
2026-06-23 13:13:38.661 DEBUG 33512 --- [nio-9060-exec-3] o.s.jdbc.datasource.DataSourceUtils      : Fetching JDBC Connection from DataSource
2026-06-23 13:13:38.676 DEBUG 33512 --- [nio-9060-exec-3] o.s.j.d.DriverManagerDataSource          : Loaded JDBC driver: net.sourceforge.jtds.jdbc.Driver
2026-06-23 13:13:38.678 DEBUG 33512 --- [nio-9060-exec-3] o.s.jdbc.core.JdbcTemplate               : Executing prepared SQL query
2026-06-23 13:13:38.678 DEBUG 33512 --- [nio-9060-exec-3] o.s.jdbc.core.JdbcTemplate               : Executing prepared SQL statement [EXEC dbo.spx_ObtenerConformacionCuadrillaBackOffice ?, ?, ?, ?]
2026-06-23 13:13:38.678 DEBUG 33512 --- [nio-9060-exec-3] o.s.jdbc.datasource.DataSourceUtils      : Fetching JDBC Connection from DataSource
2026-06-23 13:13:38.678 DEBUG 33512 --- [nio-9060-exec-3] o.s.j.d.DriverManagerDataSource          : Creating new JDBC DriverManager Connection to [jdbc:jtds:sqlserver://tigo.makiro.com.bo/BDSistemaAntenaPM]
2026-06-23 13:13:38.733 DEBUG 33512 --- [nio-9060-exec-3] o.s.jdbc.datasource.DataSourceUtils      : Fetching JDBC Connection from DataSource
2026-06-23 13:13:38.733 DEBUG 33512 --- [nio-9060-exec-3] o.s.j.d.DriverManagerDataSource          : Creating new JDBC DriverManager Connection to [jdbc:jtds:sqlserver://tigo.makiro.com.bo/BDSistemaAntenaPM]
2026-06-23 13:13:38.745 DEBUG 33512 --- [nio-9060-exec-3] o.s.jdbc.core.JdbcTemplate               : Executing prepared SQL query
2026-06-23 13:13:38.745 DEBUG 33512 --- [nio-9060-exec-3] o.s.jdbc.core.JdbcTemplate               : Executing prepared SQL statement [EXEC dbo.spx_ObtenerConformacionCuadrillaBackOffice ?, ?, ?]
2026-06-23 13:13:38.745 DEBUG 33512 --- [nio-9060-exec-3] o.s.jdbc.datasource.DataSourceUtils      : Fetching JDBC Connection from DataSource
2026-06-23 13:13:38.745 DEBUG 33512 --- [nio-9060-exec-3] o.s.j.d.DriverManagerDataSource          : Creating new JDBC DriverManager Connection to [jdbc:jtds:sqlserver://tigo.makiro.com.bo/BDSistemaAntenaPM]
2026-06-23 13:13:38.792 DEBUG 33512 --- [nio-9060-exec-3] o.s.jdbc.core.JdbcTemplate               : Executing SQL query [EXEC dbo.spx_ObtenerSucursalesConexionWeb]
2026-06-23 13:13:38.792 DEBUG 33512 --- [nio-9060-exec-3] o.s.jdbc.datasource.DataSourceUtils      : Fetching JDBC Connection from DataSource
2026-06-23 13:13:38.867 DEBUG 33512 --- [nio-9060-exec-3] o.s.jdbc.core.JdbcTemplate               : Executing prepared SQL query
2026-06-23 13:13:38.867 DEBUG 33512 --- [nio-9060-exec-3] o.s.jdbc.core.JdbcTemplate               : Executing prepared SQL statement [SELECT * FROM dbo.tbl_ConformacionCuadrillaDiario WHERE 1=1 AND CONVERT(date, fecha) = CONVERT(date, ?) AND LOWER(REPLACE(REPLACE(REPLACE(ISNULL(CAST(sucursal AS VARCHAR(120)), ''), ' ', ''), '_', ''), '-', '')) = LOWER(REPLACE(REPLACE(REPLACE(?, ' ', ''), '_', ''), '-', '')) ORDER BY fechaRegistro DESC, id DESC]
2026-06-23 13:13:38.867 DEBUG 33512 --- [nio-9060-exec-3] o.s.jdbc.datasource.DataSourceUtils      : Fetching JDBC Connection from DataSource
2026-06-23 13:13:38.878 DEBUG 33512 --- [nio-9060-exec-3] o.s.w.s.m.m.a.HttpEntityMethodProcessor  : Using 'application/json', given [application/json, text/plain, */*] and supported [application/json, application/*+json, application/json, application/*+json]
2026-06-23 13:13:38.879 DEBUG 33512 --- [nio-9060-exec-3] o.s.w.s.m.m.a.HttpEntityMethodProcessor  : Writing [com.example.TigoStarSystem.common.ApiResponse@6750d86f]
2026-06-23 13:13:38.880 DEBUG 33512 --- [nio-9060-exec-3] o.s.web.servlet.DispatcherServlet        : Completed 200 OK
2026-06-23 13:13:38.902 DEBUG 33512 --- [io-9060-exec-10] o.s.web.servlet.DispatcherServlet        : GET "/supervisor/conformacion-cuadrilla/confirmadas?fecha=2026-06-23&limit=200&limite=200", parameters={masked}
2026-06-23 13:13:38.902 DEBUG 33512 --- [io-9060-exec-10] s.w.s.m.m.a.RequestMappingHandlerMapping : Mapped to com.example.TigoStarSystem.supervisor.controller.ConformacionCuadrillaController#listarConfirmadas(LocalDate, String, String, Integer)
2026-06-23 13:13:38.903 DEBUG 33512 --- [io-9060-exec-10] o.s.jdbc.core.JdbcTemplate               : Executing prepared SQL query
2026-06-23 13:13:38.903 DEBUG 33512 --- [io-9060-exec-10] o.s.jdbc.core.JdbcTemplate               : Executing prepared SQL statement [SELECT * FROM dbo.tbl_ConformacionCuadrillaDiario WHERE 1=1 AND CONVERT(date, fecha) = CONVERT(date, ?) ORDER BY fechaRegistro DESC, id DESC]
2026-06-23 13:13:38.903 DEBUG 33512 --- [io-9060-exec-10] o.s.jdbc.datasource.DataSourceUtils      : Fetching JDBC Connection from DataSource
2026-06-23 13:13:38.916 DEBUG 33512 --- [io-9060-exec-10] o.s.w.s.m.m.a.HttpEntityMethodProcessor  : Using 'application/json', given [application/json, text/plain, */*] and supported [application/json, application/*+json, application/json, application/*+json]
2026-06-23 13:13:38.916 DEBUG 33512 --- [io-9060-exec-10] o.s.w.s.m.m.a.HttpEntityMethodProcessor  : Writing [com.example.TigoStarSystem.common.ApiResponse@4b2639c7]
2026-06-23 13:13:38.918 DEBUG 33512 --- [io-9060-exec-10] o.s.web.servlet.DispatcherServlet        : Completed 200 OK
2026-06-23 13:13:38.935 DEBUG 33512 --- [nio-9060-exec-9] o.s.web.servlet.DispatcherServlet        : GET "/supervisor/conformacion-cuadrilla-web?fecha=2026-06-23&limite=200", parameters={masked}
2026-06-23 13:13:38.935 DEBUG 33512 --- [nio-9060-exec-9] s.w.s.m.m.a.RequestMappingHandlerMapping : Mapped to com.example.TigoStarSystem.supervisor.controller.ConformacionCuadrillaWebController#listar(String, LocalDate, String, Integer)
2026-06-23 13:13:38.937 DEBUG 33512 --- [nio-9060-exec-9] o.s.jdbc.core.JdbcTemplate               : Executing SQL query [EXEC dbo.spx_ObtenerSucursalesConexionWeb]
2026-06-23 13:13:38.938 DEBUG 33512 --- [nio-9060-exec-9] o.s.jdbc.datasource.DataSourceUtils      : Fetching JDBC Connection from DataSource
2026-06-23 13:13:38.951 DEBUG 33512 --- [nio-9060-exec-2] o.s.web.servlet.DispatcherServlet        : GET "/supervisor/supervision/catalogos/tipos-supervision", parameters={}
2026-06-23 13:13:38.951 DEBUG 33512 --- [nio-9060-exec-1] o.s.web.servlet.DispatcherServlet        : GET "/supervisor/supervision/catalogos/tecnicos?limit=2000", parameters={masked}
2026-06-23 13:13:38.951 DEBUG 33512 --- [nio-9060-exec-2] s.w.s.m.m.a.RequestMappingHandlerMapping : Mapped to com.example.TigoStarSystem.supervision.controller.SupervisionController#listarTiposSupervision(String)
2026-06-23 13:13:38.951 DEBUG 33512 --- [nio-9060-exec-1] s.w.s.m.m.a.RequestMappingHandlerMapping : Mapped to com.example.TigoStarSystem.supervision.controller.SupervisionController#listarTecnicosSupervisor(String)
2026-06-23 13:13:38.960 DEBUG 33512 --- [nio-9060-exec-9] o.s.jdbc.core.JdbcTemplate               : Executing SQL query [EXEC dbo.spx_ObtenerSucursalesConexionWeb]
2026-06-23 13:13:38.961 DEBUG 33512 --- [nio-9060-exec-9] o.s.jdbc.datasource.DataSourceUtils      : Fetching JDBC Connection from DataSource
2026-06-23 13:13:38.974 DEBUG 33512 --- [nio-9060-exec-1] o.s.jdbc.core.JdbcTemplate               : Executing SQL query [EXEC dbo.spx_ObtenerSucursalesConexionWeb]
2026-06-23 13:13:38.974 DEBUG 33512 --- [nio-9060-exec-1] o.s.jdbc.datasource.DataSourceUtils      : Fetching JDBC Connection from DataSource
2026-06-23 13:13:38.974 DEBUG 33512 --- [nio-9060-exec-2] o.s.jdbc.core.JdbcTemplate               : Executing SQL query [EXEC dbo.SP_Supervision_ListarTiposSupervision]
2026-06-23 13:13:38.974 DEBUG 33512 --- [nio-9060-exec-2] o.s.jdbc.datasource.DataSourceUtils      : Fetching JDBC Connection from DataSource
2026-06-23 13:13:38.978 DEBUG 33512 --- [nio-9060-exec-9] o.s.j.d.DriverManagerDataSource          : Loaded JDBC driver: net.sourceforge.jtds.jdbc.Driver
2026-06-23 13:13:38.979 DEBUG 33512 --- [nio-9060-exec-9] o.s.jdbc.core.JdbcTemplate               : Executing SQL query [EXEC dbo.spx_ObtenerRutaXIdTecnico]
2026-06-23 13:13:38.979 DEBUG 33512 --- [nio-9060-exec-9] o.s.jdbc.datasource.DataSourceUtils      : Fetching JDBC Connection from DataSource
2026-06-23 13:13:38.979 DEBUG 33512 --- [nio-9060-exec-9] o.s.j.d.DriverManagerDataSource          : Creating new JDBC DriverManager Connection to [jdbc:jtds:sqlserver://tigo.makiro.com.bo/BDSistemaAntenaPM]
2026-06-23 13:13:38.979 DEBUG 33512 --- [nio-9060-exec-1] o.s.jdbc.core.JdbcTemplate               : Executing SQL query [EXEC dbo.spx_ObtenerSucursalesConexion]
2026-06-23 13:13:38.979 DEBUG 33512 --- [nio-9060-exec-1] o.s.jdbc.datasource.DataSourceUtils      : Fetching JDBC Connection from DataSource
2026-06-23 13:13:38.990 DEBUG 33512 --- [nio-9060-exec-1] o.s.jdbc.core.JdbcTemplate               : Executing prepared SQL query
2026-06-23 13:13:38.991 DEBUG 33512 --- [nio-9060-exec-1] o.s.jdbc.core.JdbcTemplate               : Executing prepared SQL statement [SELECT DISTINCT   g.id_grupo,   g.nombre AS grupo,   gs.id_usuario AS idSupervisor,   dg.id_usuario_tecnico AS idUsuarioTecnico,   COALESCE(CAST(v.Id_Vendedor AS INT), CAST(ut.id_Vendedor AS INT), CAST(dg.id_usuario_tecnico AS INT)) AS idTecnico,   COALESCE(NULLIF(LTRIM(RTRIM(v.Nombre)), ''), 'Tecnico ' + CONVERT(NVARCHAR(20), COALESCE(v.Id_Vendedor, ut.id_Vendedor, dg.id_usuario_tecnico))) AS tecnico,   CAST(v.CodEmpleado AS NVARCHAR(100)) AS codigo,   CAST(v.CodEmpleado AS NVARCHAR(100)) AS codEmpleado FROM dbo.tbl_GrupoSup gs INNER JOIN dbo.tbl_Grupo g ON g.id_grupo = gs.id_grupo INNER JOIN dbo.tbl_DetalleGrupo dg ON dg.id_grupo = gs.id_grupo LEFT JOIN dbo.tbl_UsuarioTecnico ut ON ut.id = dg.id_usuario_tecnico AND ISNULL(ut.e_eliminado, 0) = 0 LEFT JOIN dbo.tbl_Vendedor v ON v.Id_Vendedor = ut.id_Vendedor AND ISNULL(v.E_Eliminado, 0) = 0 WHERE gs.id_usuario = ?   AND ISNULL(g.e_eliminado, 0) = 0   AND COALESCE(CAST(v.Id_Vendedor AS INT), CAST(ut.id_Vendedor AS INT), CAST(dg.id_usuario_tecnico AS INT)) > 0 ORDER BY tecnico, idTecnico]
2026-06-23 13:13:38.991 DEBUG 33512 --- [nio-9060-exec-2] o.s.w.s.m.m.a.HttpEntityMethodProcessor  : Using 'application/json', given [application/json, text/plain, */*] and supported [application/json, application/*+json, application/json, application/*+json]
2026-06-23 13:13:38.991 DEBUG 33512 --- [nio-9060-exec-1] o.s.jdbc.datasource.DataSourceUtils      : Fetching JDBC Connection from DataSource
2026-06-23 13:13:38.992 DEBUG 33512 --- [nio-9060-exec-2] o.s.w.s.m.m.a.HttpEntityMethodProcessor  : Writing [com.example.TigoStarSystem.common.ApiResponse@377cab14]
2026-06-23 13:13:38.994 DEBUG 33512 --- [nio-9060-exec-2] o.s.web.servlet.DispatcherServlet        : Completed 200 OK
2026-06-23 13:13:39.006 DEBUG 33512 --- [onnection adder] com.zaxxer.hikari.pool.HikariPool        : ConnDb-sucursal-9 - Added connection net.sourceforge.jtds.jdbc.JtdsConnection@72baa941
2026-06-23 13:13:39.014 DEBUG 33512 --- [nio-9060-exec-9] o.s.jdbc.datasource.DataSourceUtils      : Fetching JDBC Connection from DataSource
2026-06-23 13:13:39.014 DEBUG 33512 --- [nio-9060-exec-9] o.s.j.d.DriverManagerDataSource          : Creating new JDBC DriverManager Connection to [jdbc:jtds:sqlserver://tigo.makiro.com.bo/BDSistemaAntenaPM]
2026-06-23 13:13:39.030 DEBUG 33512 --- [nio-9060-exec-1] o.s.jdbc.datasource.DataSourceUtils      : Fetching JDBC Connection from DataSource
2026-06-23 13:13:39.030 DEBUG 33512 --- [nio-9060-exec-1] o.s.jdbc.core.JdbcTemplate               : Executing prepared SQL query
2026-06-23 13:13:39.030 DEBUG 33512 --- [nio-9060-exec-1] o.s.jdbc.core.JdbcTemplate               : Executing prepared SQL statement [EXEC dbo.SP_TecnicosAgendaSup ?, ?, ?]
2026-06-23 13:13:39.030 DEBUG 33512 --- [nio-9060-exec-1] o.s.jdbc.datasource.DataSourceUtils      : Fetching JDBC Connection from DataSource
2026-06-23 13:13:39.030 DEBUG 33512 --- [nio-9060-exec-9] o.s.w.s.m.m.a.HttpEntityMethodProcessor  : Using 'application/json', given [application/json, text/plain, */*] and supported [application/json, application/*+json, application/json, application/*+json]
2026-06-23 13:13:39.030 DEBUG 33512 --- [nio-9060-exec-9] o.s.w.s.m.m.a.HttpEntityMethodProcessor  : Writing [com.example.TigoStarSystem.common.ApiResponse@f3bb18]
2026-06-23 13:13:39.031 DEBUG 33512 --- [nio-9060-exec-9] o.s.web.servlet.DispatcherServlet        : Completed 200 OK
2026-06-23 13:13:39.046 DEBUG 33512 --- [nio-9060-exec-1] o.s.jdbc.core.JdbcTemplate               : Executing prepared SQL query
2026-06-23 13:13:39.046 DEBUG 33512 --- [nio-9060-exec-1] o.s.jdbc.core.JdbcTemplate               : Executing prepared SQL statement [SELECT TOP 1 Id_Vendedor, Nombre, CodEmpleado FROM dbo.tbl_Vendedor WHERE Id_Vendedor = ? AND ISNULL(E_Eliminado,0)=0]
2026-06-23 13:13:39.046 DEBUG 33512 --- [nio-9060-exec-1] o.s.jdbc.datasource.DataSourceUtils      : Fetching JDBC Connection from DataSource
2026-06-23 13:13:39.062 DEBUG 33512 --- [nio-9060-exec-1] o.s.jdbc.core.JdbcTemplate               : Executing prepared SQL query
2026-06-23 13:13:39.062 DEBUG 33512 --- [nio-9060-exec-1] o.s.jdbc.core.JdbcTemplate               : Executing prepared SQL statement [SELECT TOP 1 Id_Vendedor, Nombre, CodEmpleado FROM dbo.tbl_Vendedor WHERE Id_Vendedor = ? AND ISNULL(E_Eliminado,0)=0]
2026-06-23 13:13:39.062 DEBUG 33512 --- [nio-9060-exec-1] o.s.jdbc.datasource.DataSourceUtils      : Fetching JDBC Connection from DataSource
2026-06-23 13:13:39.067 DEBUG 33512 --- [nio-9060-exec-1] o.s.jdbc.core.JdbcTemplate               : Executing prepared SQL query
2026-06-23 13:13:39.068 DEBUG 33512 --- [nio-9060-exec-1] o.s.jdbc.core.JdbcTemplate               : Executing prepared SQL statement [SELECT TOP 1 Id_Vendedor, Nombre, CodEmpleado FROM dbo.tbl_Vendedor WHERE Id_Vendedor = ? AND ISNULL(E_Eliminado,0)=0]
2026-06-23 13:13:39.068 DEBUG 33512 --- [nio-9060-exec-1] o.s.jdbc.datasource.DataSourceUtils      : Fetching JDBC Connection from DataSource
2026-06-23 13:13:39.076 DEBUG 33512 --- [nio-9060-exec-1] o.s.jdbc.core.JdbcTemplate               : Executing prepared SQL query
2026-06-23 13:13:39.076 DEBUG 33512 --- [nio-9060-exec-1] o.s.jdbc.core.JdbcTemplate               : Executing prepared SQL statement [SELECT TOP 1 Id_Vendedor, Nombre, CodEmpleado FROM dbo.tbl_Vendedor WHERE Id_Vendedor = ? AND ISNULL(E_Eliminado,0)=0]
2026-06-23 13:13:39.076 DEBUG 33512 --- [nio-9060-exec-1] o.s.jdbc.datasource.DataSourceUtils      : Fetching JDBC Connection from DataSource
2026-06-23 13:13:39.087 DEBUG 33512 --- [nio-9060-exec-1] o.s.jdbc.core.JdbcTemplate               : Executing prepared SQL query
2026-06-23 13:13:39.087 DEBUG 33512 --- [nio-9060-exec-1] o.s.jdbc.core.JdbcTemplate               : Executing prepared SQL statement [SELECT TOP 1 Id_Vendedor, Nombre, CodEmpleado FROM dbo.tbl_Vendedor WHERE Id_Vendedor = ? AND ISNULL(E_Eliminado,0)=0]
2026-06-23 13:13:39.087 DEBUG 33512 --- [nio-9060-exec-1] o.s.jdbc.datasource.DataSourceUtils      : Fetching JDBC Connection from DataSource
2026-06-23 13:13:39.092 DEBUG 33512 --- [nio-9060-exec-1] o.s.jdbc.core.JdbcTemplate               : Executing prepared SQL query
2026-06-23 13:13:39.092 DEBUG 33512 --- [nio-9060-exec-1] o.s.jdbc.core.JdbcTemplate               : Executing prepared SQL statement [SELECT TOP 1 Id_Vendedor, Nombre, CodEmpleado FROM dbo.tbl_Vendedor WHERE Id_Vendedor = ? AND ISNULL(E_Eliminado,0)=0]
2026-06-23 13:13:39.092 DEBUG 33512 --- [nio-9060-exec-1] o.s.jdbc.datasource.DataSourceUtils      : Fetching JDBC Connection from DataSource
2026-06-23 13:13:39.097 DEBUG 33512 --- [nio-9060-exec-1] o.s.jdbc.core.JdbcTemplate               : Executing prepared SQL query
2026-06-23 13:13:39.097 DEBUG 33512 --- [nio-9060-exec-1] o.s.jdbc.core.JdbcTemplate               : Executing prepared SQL statement [SELECT TOP 1 Id_Vendedor, Nombre, CodEmpleado FROM dbo.tbl_Vendedor WHERE Id_Vendedor = ? AND ISNULL(E_Eliminado,0)=0]
2026-06-23 13:13:39.097 DEBUG 33512 --- [nio-9060-exec-1] o.s.jdbc.datasource.DataSourceUtils      : Fetching JDBC Connection from DataSource
2026-06-23 13:13:39.113 DEBUG 33512 --- [nio-9060-exec-1] o.s.jdbc.core.JdbcTemplate               : Executing prepared SQL query
2026-06-23 13:13:39.113 DEBUG 33512 --- [nio-9060-exec-1] o.s.jdbc.core.JdbcTemplate               : Executing prepared SQL statement [SELECT TOP 1 Id_Vendedor, Nombre, CodEmpleado FROM dbo.tbl_Vendedor WHERE Id_Vendedor = ? AND ISNULL(E_Eliminado,0)=0]
2026-06-23 13:13:39.113 DEBUG 33512 --- [nio-9060-exec-1] o.s.jdbc.datasource.DataSourceUtils      : Fetching JDBC Connection from DataSource
2026-06-23 13:13:39.118 DEBUG 33512 --- [nio-9060-exec-1] o.s.jdbc.core.JdbcTemplate               : Executing prepared SQL query
2026-06-23 13:13:39.118 DEBUG 33512 --- [nio-9060-exec-1] o.s.jdbc.core.JdbcTemplate               : Executing prepared SQL statement [SELECT TOP 1 Id_Vendedor, Nombre, CodEmpleado FROM dbo.tbl_Vendedor WHERE Id_Vendedor = ? AND ISNULL(E_Eliminado,0)=0]
2026-06-23 13:13:39.118 DEBUG 33512 --- [nio-9060-exec-1] o.s.jdbc.datasource.DataSourceUtils      : Fetching JDBC Connection from DataSource
2026-06-23 13:13:39.123 DEBUG 33512 --- [nio-9060-exec-1] o.s.jdbc.core.JdbcTemplate               : Executing prepared SQL query
2026-06-23 13:13:39.124 DEBUG 33512 --- [nio-9060-exec-1] o.s.jdbc.core.JdbcTemplate               : Executing prepared SQL statement [SELECT TOP 1 Id_Vendedor, Nombre, CodEmpleado FROM dbo.tbl_Vendedor WHERE Id_Vendedor = ? AND ISNULL(E_Eliminado,0)=0]
2026-06-23 13:13:39.124 DEBUG 33512 --- [nio-9060-exec-1] o.s.jdbc.datasource.DataSourceUtils      : Fetching JDBC Connection from DataSource
2026-06-23 13:13:39.135 DEBUG 33512 --- [nio-9060-exec-1] o.s.jdbc.core.JdbcTemplate               : Executing prepared SQL query
2026-06-23 13:13:39.135 DEBUG 33512 --- [nio-9060-exec-1] o.s.jdbc.core.JdbcTemplate               : Executing prepared SQL statement [SELECT TOP 1 Id_Vendedor, Nombre, CodEmpleado FROM dbo.tbl_Vendedor WHERE Id_Vendedor = ? AND ISNULL(E_Eliminado,0)=0]
2026-06-23 13:13:39.135 DEBUG 33512 --- [nio-9060-exec-1] o.s.jdbc.datasource.DataSourceUtils      : Fetching JDBC Connection from DataSource
2026-06-23 13:13:39.140 DEBUG 33512 --- [nio-9060-exec-1] o.s.jdbc.core.JdbcTemplate               : Executing prepared SQL query
2026-06-23 13:13:39.141 DEBUG 33512 --- [nio-9060-exec-1] o.s.jdbc.core.JdbcTemplate               : Executing prepared SQL statement [SELECT TOP 1 Id_Vendedor, Nombre, CodEmpleado FROM dbo.tbl_Vendedor WHERE Id_Vendedor = ? AND ISNULL(E_Eliminado,0)=0]
2026-06-23 13:13:39.141 DEBUG 33512 --- [nio-9060-exec-1] o.s.jdbc.datasource.DataSourceUtils      : Fetching JDBC Connection from DataSource
2026-06-23 13:13:39.156 DEBUG 33512 --- [nio-9060-exec-1] o.s.jdbc.core.JdbcTemplate               : Executing prepared SQL query
2026-06-23 13:13:39.156 DEBUG 33512 --- [nio-9060-exec-1] o.s.jdbc.core.JdbcTemplate               : Executing prepared SQL statement [SELECT TOP 1 Id_Vendedor, Nombre, CodEmpleado FROM dbo.tbl_Vendedor WHERE Id_Vendedor = ? AND ISNULL(E_Eliminado,0)=0]
2026-06-23 13:13:39.156 DEBUG 33512 --- [nio-9060-exec-1] o.s.jdbc.datasource.DataSourceUtils      : Fetching JDBC Connection from DataSource
2026-06-23 13:13:39.197 DEBUG 33512 --- [nio-9060-exec-6] o.s.web.servlet.DispatcherServlet        : GET "/supervisor/supervision/agenda?limite=300", parameters={masked}
2026-06-23 13:13:39.197 DEBUG 33512 --- [nio-9060-exec-6] s.w.s.m.m.a.RequestMappingHandlerMapping : Mapped to com.example.TigoStarSystem.supervision.controller.SupervisionController#listarAgenda(String, LocalDate, LocalDate, Integer)
2026-06-23 13:13:39.203 DEBUG 33512 --- [nio-9060-exec-6] o.s.jdbc.core.JdbcTemplate               : Executing prepared SQL query
2026-06-23 13:13:39.203 DEBUG 33512 --- [nio-9060-exec-6] o.s.jdbc.core.JdbcTemplate               : Executing prepared SQL statement [EXEC dbo.spx_ListarSupervisionPendiente ?, ?, ?, ?]
2026-06-23 13:13:39.203 DEBUG 33512 --- [nio-9060-exec-6] o.s.jdbc.datasource.DataSourceUtils      : Fetching JDBC Connection from DataSource
2026-06-23 13:13:39.204 DEBUG 33512 --- [nio-9060-exec-1] o.s.jdbc.core.JdbcTemplate               : Executing prepared SQL query
2026-06-23 13:13:39.204 DEBUG 33512 --- [nio-9060-exec-1] o.s.jdbc.core.JdbcTemplate               : Executing prepared SQL statement [SELECT TOP 1 Id_Vendedor, Nombre, CodEmpleado FROM dbo.tbl_Vendedor WHERE Id_Vendedor = ? AND ISNULL(E_Eliminado,0)=0]
2026-06-23 13:13:39.204 DEBUG 33512 --- [nio-9060-exec-1] o.s.jdbc.datasource.DataSourceUtils      : Fetching JDBC Connection from DataSource
2026-06-23 13:13:39.210 DEBUG 33512 --- [nio-9060-exec-6] o.s.w.s.m.m.a.HttpEntityMethodProcessor  : Using 'application/json', given [application/json, text/plain, */*] and supported [application/json, application/*+json, application/json, application/*+json]
2026-06-23 13:13:39.210 DEBUG 33512 --- [nio-9060-exec-6] o.s.w.s.m.m.a.HttpEntityMethodProcessor  : Writing [com.example.TigoStarSystem.common.ApiResponse@55e1a4c2]
2026-06-23 13:13:39.211 DEBUG 33512 --- [nio-9060-exec-6] o.s.web.servlet.DispatcherServlet        : Completed 200 OK
2026-06-23 13:13:39.213 DEBUG 33512 --- [nio-9060-exec-1] o.s.jdbc.core.JdbcTemplate               : Executing prepared SQL query
2026-06-23 13:13:39.213 DEBUG 33512 --- [nio-9060-exec-1] o.s.jdbc.core.JdbcTemplate               : Executing prepared SQL statement [SELECT TOP 1 Id_Vendedor, Nombre, CodEmpleado FROM dbo.tbl_Vendedor WHERE Id_Vendedor = ? AND ISNULL(E_Eliminado,0)=0]
2026-06-23 13:13:39.213 DEBUG 33512 --- [nio-9060-exec-1] o.s.jdbc.datasource.DataSourceUtils      : Fetching JDBC Connection from DataSource
2026-06-23 13:13:39.220 DEBUG 33512 --- [nio-9060-exec-1] o.s.jdbc.core.JdbcTemplate               : Executing prepared SQL query
2026-06-23 13:13:39.220 DEBUG 33512 --- [nio-9060-exec-1] o.s.jdbc.core.JdbcTemplate               : Executing prepared SQL statement [SELECT TOP 1 Id_Vendedor, Nombre, CodEmpleado FROM dbo.tbl_Vendedor WHERE Id_Vendedor = ? AND ISNULL(E_Eliminado,0)=0]
2026-06-23 13:13:39.220 DEBUG 33512 --- [nio-9060-exec-1] o.s.jdbc.datasource.DataSourceUtils      : Fetching JDBC Connection from DataSource
2026-06-23 13:13:39.223 DEBUG 33512 --- [nio-9060-exec-1] o.s.jdbc.core.JdbcTemplate               : Executing prepared SQL query
2026-06-23 13:13:39.223 DEBUG 33512 --- [nio-9060-exec-1] o.s.jdbc.core.JdbcTemplate               : Executing prepared SQL statement [SELECT TOP 1 Id_Vendedor, Nombre, CodEmpleado FROM dbo.tbl_Vendedor WHERE Id_Vendedor = ? AND ISNULL(E_Eliminado,0)=0]
2026-06-23 13:13:39.223 DEBUG 33512 --- [nio-9060-exec-1] o.s.jdbc.datasource.DataSourceUtils      : Fetching JDBC Connection from DataSource
2026-06-23 13:13:39.226 DEBUG 33512 --- [nio-9060-exec-1] o.s.jdbc.core.JdbcTemplate               : Executing prepared SQL query
2026-06-23 13:13:39.226 DEBUG 33512 --- [nio-9060-exec-1] o.s.jdbc.core.JdbcTemplate               : Executing prepared SQL statement [SELECT TOP 1 Id_Vendedor, Nombre, CodEmpleado FROM dbo.tbl_Vendedor WHERE Id_Vendedor = ? AND ISNULL(E_Eliminado,0)=0]
2026-06-23 13:13:39.226 DEBUG 33512 --- [nio-9060-exec-1] o.s.jdbc.datasource.DataSourceUtils      : Fetching JDBC Connection from DataSource
2026-06-23 13:13:39.227 DEBUG 33512 --- [nio-9060-exec-5] o.s.web.servlet.DispatcherServlet        : GET "/supervisor/supervision/catalogos/tipos-trabajo", parameters={}
2026-06-23 13:13:39.228 DEBUG 33512 --- [nio-9060-exec-5] s.w.s.m.m.a.RequestMappingHandlerMapping : Mapped to com.example.TigoStarSystem.supervision.controller.SupervisionController#listarTiposTrabajo(String)
2026-06-23 13:13:39.230 DEBUG 33512 --- [nio-9060-exec-5] o.s.jdbc.core.JdbcTemplate               : Executing SQL query [EXEC dbo.SP_Supervision_ListarTiposTrabajo]
2026-06-23 13:13:39.230 DEBUG 33512 --- [nio-9060-exec-5] o.s.jdbc.datasource.DataSourceUtils      : Fetching JDBC Connection from DataSource
2026-06-23 13:13:39.234 DEBUG 33512 --- [nio-9060-exec-5] o.s.w.s.m.m.a.HttpEntityMethodProcessor  : Using 'application/json', given [application/json, text/plain, */*] and supported [application/json, application/*+json, application/json, application/*+json]
2026-06-23 13:13:39.234 DEBUG 33512 --- [nio-9060-exec-5] o.s.w.s.m.m.a.HttpEntityMethodProcessor  : Writing [com.example.TigoStarSystem.common.ApiResponse@7e09c564]
2026-06-23 13:13:39.234 DEBUG 33512 --- [nio-9060-exec-5] o.s.web.servlet.DispatcherServlet        : Completed 200 OK
2026-06-23 13:13:39.235 DEBUG 33512 --- [nio-9060-exec-1] o.s.jdbc.core.JdbcTemplate               : Executing prepared SQL query
2026-06-23 13:13:39.235 DEBUG 33512 --- [nio-9060-exec-1] o.s.jdbc.core.JdbcTemplate               : Executing prepared SQL statement [SELECT TOP 1 Id_Vendedor, Nombre, CodEmpleado FROM dbo.tbl_Vendedor WHERE Id_Vendedor = ? AND ISNULL(E_Eliminado,0)=0]
2026-06-23 13:13:39.235 DEBUG 33512 --- [nio-9060-exec-1] o.s.jdbc.datasource.DataSourceUtils      : Fetching JDBC Connection from DataSource
2026-06-23 13:13:39.243 DEBUG 33512 --- [nio-9060-exec-1] o.s.jdbc.core.JdbcTemplate               : Executing prepared SQL query
2026-06-23 13:13:39.243 DEBUG 33512 --- [nio-9060-exec-1] o.s.jdbc.core.JdbcTemplate               : Executing prepared SQL statement [SELECT TOP 1 Id_Vendedor, Nombre, CodEmpleado FROM dbo.tbl_Vendedor WHERE Id_Vendedor = ? AND ISNULL(E_Eliminado,0)=0]
2026-06-23 13:13:39.243 DEBUG 33512 --- [nio-9060-exec-1] o.s.jdbc.datasource.DataSourceUtils      : Fetching JDBC Connection from DataSource
2026-06-23 13:13:39.250 DEBUG 33512 --- [nio-9060-exec-1] o.s.jdbc.core.JdbcTemplate               : Executing prepared SQL query
2026-06-23 13:13:39.250 DEBUG 33512 --- [nio-9060-exec-1] o.s.jdbc.core.JdbcTemplate               : Executing prepared SQL statement [SELECT TOP 1 Id_Vendedor, Nombre, CodEmpleado FROM dbo.tbl_Vendedor WHERE Id_Vendedor = ? AND ISNULL(E_Eliminado,0)=0]
2026-06-23 13:13:39.250 DEBUG 33512 --- [nio-9060-exec-1] o.s.jdbc.datasource.DataSourceUtils      : Fetching JDBC Connection from DataSource
2026-06-23 13:13:39.255 DEBUG 33512 --- [nio-9060-exec-1] o.s.jdbc.core.JdbcTemplate               : Executing prepared SQL query
2026-06-23 13:13:39.255 DEBUG 33512 --- [nio-9060-exec-1] o.s.jdbc.core.JdbcTemplate               : Executing prepared SQL statement [SELECT TOP 1 Id_Vendedor, Nombre, CodEmpleado FROM dbo.tbl_Vendedor WHERE Id_Vendedor = ? AND ISNULL(E_Eliminado,0)=0]
2026-06-23 13:13:39.255 DEBUG 33512 --- [nio-9060-exec-1] o.s.jdbc.datasource.DataSourceUtils      : Fetching JDBC Connection from DataSource
2026-06-23 13:13:39.272 DEBUG 33512 --- [nio-9060-exec-1] o.s.jdbc.core.JdbcTemplate               : Executing prepared SQL query
2026-06-23 13:13:39.272 DEBUG 33512 --- [nio-9060-exec-1] o.s.jdbc.core.JdbcTemplate               : Executing prepared SQL statement [SELECT TOP 1 Id_Vendedor, Nombre, CodEmpleado FROM dbo.tbl_Vendedor WHERE Id_Vendedor = ? AND ISNULL(E_Eliminado,0)=0]
2026-06-23 13:13:39.272 DEBUG 33512 --- [nio-9060-exec-1] o.s.jdbc.datasource.DataSourceUtils      : Fetching JDBC Connection from DataSource
2026-06-23 13:13:39.280 DEBUG 33512 --- [nio-9060-exec-1] o.s.jdbc.core.JdbcTemplate               : Executing prepared SQL query
2026-06-23 13:13:39.280 DEBUG 33512 --- [nio-9060-exec-1] o.s.jdbc.core.JdbcTemplate               : Executing prepared SQL statement [SELECT TOP 1 Id_Vendedor, Nombre, CodEmpleado FROM dbo.tbl_Vendedor WHERE Id_Vendedor = ? AND ISNULL(E_Eliminado,0)=0]
2026-06-23 13:13:39.280 DEBUG 33512 --- [nio-9060-exec-1] o.s.jdbc.datasource.DataSourceUtils      : Fetching JDBC Connection from DataSource
2026-06-23 13:13:39.292 DEBUG 33512 --- [nio-9060-exec-1] o.s.jdbc.core.JdbcTemplate               : Executing prepared SQL query
2026-06-23 13:13:39.292 DEBUG 33512 --- [nio-9060-exec-1] o.s.jdbc.core.JdbcTemplate               : Executing prepared SQL statement [SELECT TOP 1 Id_Vendedor, Nombre, CodEmpleado FROM dbo.tbl_Vendedor WHERE Id_Vendedor = ? AND ISNULL(E_Eliminado,0)=0]
2026-06-23 13:13:39.292 DEBUG 33512 --- [nio-9060-exec-1] o.s.jdbc.datasource.DataSourceUtils      : Fetching JDBC Connection from DataSource
2026-06-23 13:13:39.295 DEBUG 33512 --- [nio-9060-exec-1] o.s.jdbc.core.JdbcTemplate               : Executing prepared SQL query
2026-06-23 13:13:39.295 DEBUG 33512 --- [nio-9060-exec-1] o.s.jdbc.core.JdbcTemplate               : Executing prepared SQL statement [SELECT TOP 1 Id_Vendedor, Nombre, CodEmpleado FROM dbo.tbl_Vendedor WHERE Id_Vendedor = ? AND ISNULL(E_Eliminado,0)=0]
2026-06-23 13:13:39.295 DEBUG 33512 --- [nio-9060-exec-1] o.s.jdbc.datasource.DataSourceUtils      : Fetching JDBC Connection from DataSource
2026-06-23 13:13:39.300 DEBUG 33512 --- [nio-9060-exec-1] o.s.jdbc.core.JdbcTemplate               : Executing prepared SQL query
2026-06-23 13:13:39.300 DEBUG 33512 --- [nio-9060-exec-1] o.s.jdbc.core.JdbcTemplate               : Executing prepared SQL statement [SELECT TOP 1 Id_Vendedor, Nombre, CodEmpleado FROM dbo.tbl_Vendedor WHERE Id_Vendedor = ? AND ISNULL(E_Eliminado,0)=0]
2026-06-23 13:13:39.300 DEBUG 33512 --- [nio-9060-exec-1] o.s.jdbc.datasource.DataSourceUtils      : Fetching JDBC Connection from DataSource
2026-06-23 13:13:39.303 DEBUG 33512 --- [nio-9060-exec-8] o.s.web.servlet.DispatcherServlet        : GET "/supervisor/supervision/catalogos/tipos-penalizacion", parameters={}
2026-06-23 13:13:39.304 DEBUG 33512 --- [nio-9060-exec-8] s.w.s.m.m.a.RequestMappingHandlerMapping : Mapped to com.example.TigoStarSystem.supervision.controller.SupervisionController#listarTiposPenalizacion(String)
2026-06-23 13:13:39.306 DEBUG 33512 --- [nio-9060-exec-8] o.s.jdbc.core.JdbcTemplate               : Executing SQL query [EXEC dbo.SP_Supervision_ListarTiposPenalizacion]
2026-06-23 13:13:39.306 DEBUG 33512 --- [nio-9060-exec-8] o.s.jdbc.datasource.DataSourceUtils      : Fetching JDBC Connection from DataSource
2026-06-23 13:13:39.308 DEBUG 33512 --- [nio-9060-exec-1] o.s.jdbc.core.JdbcTemplate               : Executing prepared SQL query
2026-06-23 13:13:39.309 DEBUG 33512 --- [nio-9060-exec-1] o.s.jdbc.core.JdbcTemplate               : Executing prepared SQL statement [SELECT TOP 1 Id_Vendedor, Nombre, CodEmpleado FROM dbo.tbl_Vendedor WHERE Id_Vendedor = ? AND ISNULL(E_Eliminado,0)=0]
2026-06-23 13:13:39.309 DEBUG 33512 --- [nio-9060-exec-1] o.s.jdbc.datasource.DataSourceUtils      : Fetching JDBC Connection from DataSource
2026-06-23 13:13:39.309 DEBUG 33512 --- [nio-9060-exec-8] o.s.w.s.m.m.a.HttpEntityMethodProcessor  : Using 'application/json', given [application/json, text/plain, */*] and supported [application/json, application/*+json, application/json, application/*+json]
2026-06-23 13:13:39.309 DEBUG 33512 --- [nio-9060-exec-8] o.s.w.s.m.m.a.HttpEntityMethodProcessor  : Writing [com.example.TigoStarSystem.common.ApiResponse@279866bf]
2026-06-23 13:13:39.310 DEBUG 33512 --- [nio-9060-exec-8] o.s.web.servlet.DispatcherServlet        : Completed 200 OK
2026-06-23 13:13:39.312 DEBUG 33512 --- [nio-9060-exec-1] o.s.jdbc.core.JdbcTemplate               : Executing prepared SQL query
2026-06-23 13:13:39.312 DEBUG 33512 --- [nio-9060-exec-1] o.s.jdbc.core.JdbcTemplate               : Executing prepared SQL statement [SELECT TOP 1 Id_Vendedor, Nombre, CodEmpleado FROM dbo.tbl_Vendedor WHERE Id_Vendedor = ? AND ISNULL(E_Eliminado,0)=0]
2026-06-23 13:13:39.312 DEBUG 33512 --- [nio-9060-exec-1] o.s.jdbc.datasource.DataSourceUtils      : Fetching JDBC Connection from DataSource
2026-06-23 13:13:39.318 DEBUG 33512 --- [nio-9060-exec-1] o.s.jdbc.core.JdbcTemplate               : Executing prepared SQL query
2026-06-23 13:13:39.318 DEBUG 33512 --- [nio-9060-exec-1] o.s.jdbc.core.JdbcTemplate               : Executing prepared SQL statement [SELECT TOP 1 Id_Vendedor, Nombre, CodEmpleado FROM dbo.tbl_Vendedor WHERE Id_Vendedor = ? AND ISNULL(E_Eliminado,0)=0]
2026-06-23 13:13:39.318 DEBUG 33512 --- [nio-9060-exec-1] o.s.jdbc.datasource.DataSourceUtils      : Fetching JDBC Connection from DataSource
2026-06-23 13:13:39.324 DEBUG 33512 --- [nio-9060-exec-1] o.s.w.s.m.m.a.HttpEntityMethodProcessor  : Using 'application/json', given [application/json, text/plain, */*] and supported [application/json, application/*+json, application/json, application/*+json]
2026-06-23 13:13:39.324 DEBUG 33512 --- [nio-9060-exec-1] o.s.w.s.m.m.a.HttpEntityMethodProcessor  : Writing [com.example.TigoStarSystem.common.ApiResponse@7d2b82fd]
2026-06-23 13:13:39.324 DEBUG 33512 --- [nio-9060-exec-1] o.s.web.servlet.DispatcherServlet        : Completed 200 OK
2026-06-23 13:13:39.352 DEBUG 33512 --- [nio-9060-exec-4] o.s.web.servlet.DispatcherServlet        : GET "/supervisor/supervision?limite=300", parameters={masked}
2026-06-23 13:13:39.352 DEBUG 33512 --- [nio-9060-exec-4] s.w.s.m.m.a.RequestMappingHandlerMapping : Mapped to com.example.TigoStarSystem.supervision.controller.SupervisionController#listar(String, LocalDate, LocalDate, Integer)
2026-06-23 13:13:39.355 DEBUG 33512 --- [nio-9060-exec-4] o.s.jdbc.core.JdbcTemplate               : Executing prepared SQL query
2026-06-23 13:13:39.355 DEBUG 33512 --- [nio-9060-exec-4] o.s.jdbc.core.JdbcTemplate               : Executing prepared SQL statement [EXEC dbo.spx_ListarSupervisionManual ?, ?, ?, ?]
2026-06-23 13:13:39.355 DEBUG 33512 --- [nio-9060-exec-4] o.s.jdbc.datasource.DataSourceUtils      : Fetching JDBC Connection from DataSource
2026-06-23 13:13:39.362 DEBUG 33512 --- [nio-9060-exec-4] o.s.w.s.m.m.a.HttpEntityMethodProcessor  : Using 'application/json', given [application/json, text/plain, */*] and supported [application/json, application/*+json, application/json, application/*+json]
2026-06-23 13:13:39.362 DEBUG 33512 --- [nio-9060-exec-4] o.s.w.s.m.m.a.HttpEntityMethodProcessor  : Writing [com.example.TigoStarSystem.common.ApiResponse@5828e49b]
2026-06-23 13:13:39.363 DEBUG 33512 --- [nio-9060-exec-4] o.s.web.servlet.DispatcherServlet        : Completed 200 OK
2026-06-23 13:13:39.522 DEBUG 33512 --- [nio-9060-exec-3] o.s.web.servlet.DispatcherServlet        : GET "/supervisor/supervision/jornadas/pendientes", parameters={}
2026-06-23 13:13:39.522 DEBUG 33512 --- [nio-9060-exec-3] s.w.s.m.m.a.RequestMappingHandlerMapping : Mapped to com.example.TigoStarSystem.supervision.controller.SupervisionController#listarJornadasPendientes(String)
2026-06-23 13:13:39.526 DEBUG 33512 --- [nio-9060-exec-3] o.s.jdbc.core.JdbcTemplate               : Executing SQL query [EXEC dbo.spx_ObtenerSucursalesConexionWeb]
2026-06-23 13:13:39.526 DEBUG 33512 --- [nio-9060-exec-3] o.s.jdbc.datasource.DataSourceUtils      : Fetching JDBC Connection from DataSource
2026-06-23 13:13:39.554 DEBUG 33512 --- [io-9060-exec-10] o.s.web.servlet.DispatcherServlet        : GET "/supervisor/supervision/jornadas/confirmadas-hoy", parameters={}
2026-06-23 13:13:39.554 DEBUG 33512 --- [io-9060-exec-10] s.w.s.m.m.a.RequestMappingHandlerMapping : Mapped to com.example.TigoStarSystem.supervision.controller.SupervisionController#listarJornadasConfirmadasHoy(String)
2026-06-23 13:13:39.559 DEBUG 33512 --- [io-9060-exec-10] o.s.jdbc.core.JdbcTemplate               : Executing SQL query [EXEC dbo.spx_ObtenerSucursalesConexionWeb]
2026-06-23 13:13:39.559 DEBUG 33512 --- [io-9060-exec-10] o.s.jdbc.datasource.DataSourceUtils      : Fetching JDBC Connection from DataSource
2026-06-23 13:13:39.600 DEBUG 33512 --- [nio-9060-exec-3] o.s.jdbc.core.JdbcTemplate               : Executing prepared SQL query
2026-06-23 13:13:39.600 DEBUG 33512 --- [nio-9060-exec-3] o.s.jdbc.core.JdbcTemplate               : Executing prepared SQL statement [EXEC dbo.SP_Inicio_ListarPendientesSupervisorHoy ?]
2026-06-23 13:13:39.600 DEBUG 33512 --- [nio-9060-exec-3] o.s.jdbc.datasource.DataSourceUtils      : Fetching JDBC Connection from DataSource
2026-06-23 13:13:39.616 DEBUG 33512 --- [io-9060-exec-10] o.s.jdbc.core.JdbcTemplate               : Executing prepared SQL query
2026-06-23 13:13:39.617 DEBUG 33512 --- [io-9060-exec-10] o.s.jdbc.core.JdbcTemplate               : Executing prepared SQL statement [EXEC dbo.SP_Inicio_ListarConfirmadosSupervisorHoy ?]
2026-06-23 13:13:39.617 DEBUG 33512 --- [io-9060-exec-10] o.s.jdbc.datasource.DataSourceUtils      : Fetching JDBC Connection from DataSource
2026-06-23 13:13:39.653 DEBUG 33512 --- [onnection adder] com.zaxxer.hikari.pool.HikariPool        : TigoHogarHikariPool - Added connection net.sourceforge.jtds.jdbc.JtdsConnection@27299197
2026-06-23 13:13:39.675 DEBUG 33512 --- [io-9060-exec-10] o.s.w.s.m.m.a.HttpEntityMethodProcessor  : Using 'application/json', given [application/json, text/plain, */*] and supported [application/json, application/*+json, application/json, application/*+json]
2026-06-23 13:13:39.676 DEBUG 33512 --- [io-9060-exec-10] o.s.w.s.m.m.a.HttpEntityMethodProcessor  : Writing [com.example.TigoStarSystem.common.ApiResponse@60b6c088]
2026-06-23 13:13:39.679 DEBUG 33512 --- [io-9060-exec-10] o.s.web.servlet.DispatcherServlet        : Completed 200 OK
2026-06-23 13:13:49.096 DEBUG 33512 --- [nio-9060-exec-3] o.s.jdbc.core.JdbcTemplate               : Executing SQL query [EXEC dbo.spx_ObtenerSucursalesConexion]
2026-06-23 13:13:49.096 DEBUG 33512 --- [nio-9060-exec-3] o.s.jdbc.datasource.DataSourceUtils      : Fetching JDBC Connection from DataSource
2026-06-23 13:13:49.131 DEBUG 33512 --- [nio-9060-exec-3] o.s.jdbc.core.JdbcTemplate               : Executing SQL query [EXEC dbo.spx_ObtenerSucursalesConexion]
2026-06-23 13:13:49.131 DEBUG 33512 --- [nio-9060-exec-3] o.s.jdbc.datasource.DataSourceUtils      : Fetching JDBC Connection from DataSource
2026-06-23 13:13:49.138 DEBUG 33512 --- [nio-9060-exec-3] o.s.jdbc.core.JdbcTemplate               : Executing SQL query [EXEC dbo.SP_Usuario_ListarActivosBasico]
2026-06-23 13:13:49.138 DEBUG 33512 --- [nio-9060-exec-3] o.s.jdbc.datasource.DataSourceUtils      : Fetching JDBC Connection from DataSource
2026-06-23 13:13:49.159 DEBUG 33512 --- [nio-9060-exec-3] o.s.jdbc.core.JdbcTemplate               : Executing prepared SQL query
2026-06-23 13:13:49.159 DEBUG 33512 --- [nio-9060-exec-3] o.s.jdbc.core.JdbcTemplate               : Executing prepared SQL statement [SELECT * FROM dbo.tbl_InicioJornadaAlturas WHERE id_inicio IN (?,?,?,?,?,?,?)]
2026-06-23 13:13:49.159 DEBUG 33512 --- [nio-9060-exec-3] o.s.jdbc.datasource.DataSourceUtils      : Fetching JDBC Connection from DataSource
2026-06-23 13:13:54.580 DEBUG 33512 --- [l-1 housekeeper] com.zaxxer.hikari.pool.HikariPool        : HikariPool-1 - Before cleanup stats (total=3, active=0, idle=3, waiting=0)
2026-06-23 13:13:54.580 DEBUG 33512 --- [l-1 housekeeper] com.zaxxer.hikari.pool.HikariPool        : HikariPool-1 - After cleanup  stats (total=3, active=0, idle=3, waiting=0)
2026-06-23 13:13:54.580 DEBUG 33512 --- [l-1 housekeeper] com.zaxxer.hikari.pool.HikariPool        : HikariPool-1 - Fill pool skipped, pool is at sufficient level.
2026-06-23 13:13:56.578 DEBUG 33512 --- [ruz housekeeper] com.zaxxer.hikari.pool.HikariPool        : ConnDb-SantaCruz - Before cleanup stats (total=1, active=0, idle=1, waiting=0)
2026-06-23 13:13:56.578 DEBUG 33512 --- [ruz housekeeper] com.zaxxer.hikari.pool.HikariPool        : ConnDb-SantaCruz - After cleanup  stats (total=1, active=0, idle=1, waiting=0)
2026-06-23 13:13:56.578 DEBUG 33512 --- [ruz housekeeper] com.zaxxer.hikari.pool.HikariPool        : ConnDb-SantaCruz - Fill pool skipped, pool is at sufficient level.
2026-06-23 13:13:56.696 DEBUG 33512 --- [nio-9060-exec-7] o.s.w.s.m.m.a.HttpEntityMethodProcessor  : Using 'application/json', given [application/json, text/plain, */*] and supported [application/json, application/*+json, application/json, application/*+json]
2026-06-23 13:13:56.696 DEBUG 33512 --- [nio-9060-exec-7] o.s.w.s.m.m.a.HttpEntityMethodProcessor  : Writing [com.example.TigoStarSystem.common.ApiResponse@3a02f4ab]
2026-06-23 13:13:56.699 DEBUG 33512 --- [nio-9060-exec-7] o.s.web.servlet.DispatcherServlet        : Completed 200 OK
2026-06-23 13:13:59.338 DEBUG 33512 --- [nio-9060-exec-3] o.s.w.s.m.m.a.HttpEntityMethodProcessor  : Using 'application/json', given [application/json, text/plain, */*] and supported [application/json, application/*+json, application/json, application/*+json]
2026-06-23 13:13:59.338 DEBUG 33512 --- [nio-9060-exec-3] o.s.w.s.m.m.a.HttpEntityMethodProcessor  : Writing [com.example.TigoStarSystem.common.ApiResponse@303bc9bb]
2026-06-23 13:13:59.521 DEBUG 33512 --- [nio-9060-exec-3] o.s.web.servlet.DispatcherServlet        : Completed 200 OK
2026-06-23 13:14:00.949 DEBUG 33512 --- [l-9 housekeeper] com.zaxxer.hikari.pool.HikariPool        : ConnDb-sucursal-9 - Before cleanup stats (total=1, active=0, idle=1, waiting=0)
2026-06-23 13:14:00.949 DEBUG 33512 --- [l-9 housekeeper] com.zaxxer.hikari.pool.HikariPool        : ConnDb-sucursal-9 - After cleanup  stats (total=1, active=0, idle=1, waiting=0)
2026-06-23 13:14:00.949 DEBUG 33512 --- [l-9 housekeeper] com.zaxxer.hikari.pool.HikariPool        : ConnDb-sucursal-9 - Fill pool skipped, pool is at sufficient level.
2026-06-23 13:14:06.599 DEBUG 33512 --- [ool housekeeper] com.zaxxer.hikari.pool.HikariPool        : CentralHikariPool - Before cleanup stats (total=2, active=0, idle=2, waiting=0)
2026-06-23 13:14:06.599 DEBUG 33512 --- [ool housekeeper] com.zaxxer.hikari.pool.HikariPool        : CentralHikariPool - After cleanup  stats (total=2, active=0, idle=2, waiting=0)
2026-06-23 13:14:06.599 DEBUG 33512 --- [ool housekeeper] com.zaxxer.hikari.pool.HikariPool        : CentralHikariPool - Fill pool skipped, pool is at sufficient level.
2026-06-23 13:14:06.646 DEBUG 33512 --- [ool housekeeper] com.zaxxer.hikari.pool.HikariPool        : TigoHogarHikariPool - Before cleanup stats (total=2, active=0, idle=2, waiting=0)
2026-06-23 13:14:06.646 DEBUG 33512 --- [ool housekeeper] com.zaxxer.hikari.pool.HikariPool        : TigoHogarHikariPool - After cleanup  stats (total=2, active=0, idle=2, waiting=0)
2026-06-23 13:14:06.646 DEBUG 33512 --- [ool housekeeper] com.zaxxer.hikari.pool.HikariPool        : TigoHogarHikariPool - Fill pool skipped, pool is at sufficient level.
2026-06-23 13:14:24.587 DEBUG 33512 --- [l-1 housekeeper] com.zaxxer.hikari.pool.HikariPool        : HikariPool-1 - Before cleanup stats (total=3, active=0, idle=3, waiting=0)
2026-06-23 13:14:24.587 DEBUG 33512 --- [l-1 housekeeper] com.zaxxer.hikari.pool.HikariPool        : HikariPool-1 - After cleanup  stats (total=3, active=0, idle=3, waiting=0)
2026-06-23 13:14:24.587 DEBUG 33512 --- [l-1 housekeeper] com.zaxxer.hikari.pool.HikariPool        : HikariPool-1 - Fill pool skipped, pool is at sufficient level.
2026-06-23 13:14:26.593 DEBUG 33512 --- [ruz housekeeper] com.zaxxer.hikari.pool.HikariPool        : ConnDb-SantaCruz - Before cleanup stats (total=1, active=0, idle=1, waiting=0)
2026-06-23 13:14:26.593 DEBUG 33512 --- [ruz housekeeper] com.zaxxer.hikari.pool.HikariPool        : ConnDb-SantaCruz - After cleanup  stats (total=1, active=0, idle=1, waiting=0)
2026-06-23 13:14:26.593 DEBUG 33512 --- [ruz housekeeper] com.zaxxer.hikari.pool.HikariPool        : ConnDb-SantaCruz - Fill pool skipped, pool is at sufficient level.
2026-06-23 13:14:30.953 DEBUG 33512 --- [l-9 housekeeper] com.zaxxer.hikari.pool.HikariPool        : ConnDb-sucursal-9 - Before cleanup stats (total=1, active=0, idle=1, waiting=0)
2026-06-23 13:14:30.953 DEBUG 33512 --- [l-9 housekeeper] com.zaxxer.hikari.pool.HikariPool        : ConnDb-sucursal-9 - After cleanup  stats (total=1, active=0, idle=1, waiting=0)
2026-06-23 13:14:30.953 DEBUG 33512 --- [l-9 housekeeper] com.zaxxer.hikari.pool.HikariPool        : ConnDb-sucursal-9 - Fill pool skipped, pool is at sufficient level.
2026-06-23 13:14:36.608 DEBUG 33512 --- [ool housekeeper] com.zaxxer.hikari.pool.HikariPool        : CentralHikariPool - Before cleanup stats (total=2, active=0, idle=2, waiting=0)
2026-06-23 13:14:36.608 DEBUG 33512 --- [ool housekeeper] com.zaxxer.hikari.pool.HikariPool        : CentralHikariPool - After cleanup  stats (total=2, active=0, idle=2, waiting=0)
2026-06-23 13:14:36.608 DEBUG 33512 --- [ool housekeeper] com.zaxxer.hikari.pool.HikariPool        : CentralHikariPool - Fill pool skipped, pool is at sufficient level.
2026-06-23 13:14:36.655 DEBUG 33512 --- [ool housekeeper] com.zaxxer.hikari.pool.HikariPool        : TigoHogarHikariPool - Before cleanup stats (total=2, active=0, idle=2, waiting=0)
2026-06-23 13:14:36.655 DEBUG 33512 --- [ool housekeeper] com.zaxxer.hikari.pool.HikariPool        : TigoHogarHikariPool - After cleanup  stats (total=2, active=0, idle=2, waiting=0)
2026-06-23 13:14:36.655 DEBUG 33512 --- [ool housekeeper] com.zaxxer.hikari.pool.HikariPool        : TigoHogarHikariPool - Fill pool skipped, pool is at sufficient level.
2026-06-23 13:14:49.534 DEBUG 33512 --- [nio-9060-exec-2] o.s.web.servlet.DispatcherServlet        : POST "/supervisor/supervision/jornadas/348/aprobar", parameters={}
2026-06-23 13:14:49.535 DEBUG 33512 --- [nio-9060-exec-2] s.w.s.m.m.a.RequestMappingHandlerMapping : Mapped to com.example.TigoStarSystem.supervision.controller.SupervisionController#aprobarJornada(String, Integer)
2026-06-23 13:14:49.540 DEBUG 33512 --- [nio-9060-exec-2] o.s.jdbc.core.JdbcTemplate               : Executing prepared SQL query
2026-06-23 13:14:49.540 DEBUG 33512 --- [nio-9060-exec-2] o.s.jdbc.core.JdbcTemplate               : Executing prepared SQL statement [EXEC dbo.SP_Inicio_AprobarSupervisor ?, ?]
2026-06-23 13:14:49.540 DEBUG 33512 --- [nio-9060-exec-2] o.s.jdbc.datasource.DataSourceUtils      : Fetching JDBC Connection from DataSource
2026-06-23 13:14:49.552 DEBUG 33512 --- [nio-9060-exec-2] o.s.w.s.m.m.a.HttpEntityMethodProcessor  : Using 'application/json', given [application/json, text/plain, */*] and supported [application/json, application/*+json, application/json, application/*+json]
2026-06-23 13:14:49.552 DEBUG 33512 --- [nio-9060-exec-2] o.s.w.s.m.m.a.HttpEntityMethodProcessor  : Writing [com.example.TigoStarSystem.common.ApiResponse@324c199]
2026-06-23 13:14:49.552 DEBUG 33512 --- [nio-9060-exec-2] o.s.web.servlet.DispatcherServlet        : Completed 200 OK
2026-06-23 13:14:49.797 DEBUG 33512 --- [nio-9060-exec-9] o.s.web.servlet.DispatcherServlet        : GET "/supervisor/supervision/jornadas/pendientes", parameters={}
2026-06-23 13:14:49.799 DEBUG 33512 --- [nio-9060-exec-9] s.w.s.m.m.a.RequestMappingHandlerMapping : Mapped to com.example.TigoStarSystem.supervision.controller.SupervisionController#listarJornadasPendientes(String)
2026-06-23 13:14:49.803 DEBUG 33512 --- [nio-9060-exec-9] o.s.jdbc.core.JdbcTemplate               : Executing SQL query [EXEC dbo.spx_ObtenerSucursalesConexionWeb]
2026-06-23 13:14:49.803 DEBUG 33512 --- [nio-9060-exec-9] o.s.jdbc.datasource.DataSourceUtils      : Fetching JDBC Connection from DataSource
2026-06-23 13:14:49.844 DEBUG 33512 --- [nio-9060-exec-9] o.s.jdbc.core.JdbcTemplate               : Executing prepared SQL query
2026-06-23 13:14:49.844 DEBUG 33512 --- [nio-9060-exec-9] o.s.jdbc.core.JdbcTemplate               : Executing prepared SQL statement [EXEC dbo.SP_Inicio_ListarPendientesSupervisorHoy ?]
2026-06-23 13:14:49.844 DEBUG 33512 --- [nio-9060-exec-9] o.s.jdbc.datasource.DataSourceUtils      : Fetching JDBC Connection from DataSource
2026-06-23 13:14:49.874 DEBUG 33512 --- [nio-9060-exec-6] o.s.web.servlet.DispatcherServlet        : GET "/supervisor/supervision/jornadas/confirmadas-hoy", parameters={}
2026-06-23 13:14:49.874 DEBUG 33512 --- [nio-9060-exec-6] s.w.s.m.m.a.RequestMappingHandlerMapping : Mapped to com.example.TigoStarSystem.supervision.controller.SupervisionController#listarJornadasConfirmadasHoy(String)
2026-06-23 13:14:49.876 DEBUG 33512 --- [nio-9060-exec-6] o.s.jdbc.core.JdbcTemplate               : Executing SQL query [EXEC dbo.spx_ObtenerSucursalesConexionWeb]
2026-06-23 13:14:49.876 DEBUG 33512 --- [nio-9060-exec-6] o.s.jdbc.datasource.DataSourceUtils      : Fetching JDBC Connection from DataSource
2026-06-23 13:14:49.881 DEBUG 33512 --- [nio-9060-exec-6] o.s.jdbc.core.JdbcTemplate               : Executing prepared SQL query
2026-06-23 13:14:49.881 DEBUG 33512 --- [nio-9060-exec-6] o.s.jdbc.core.JdbcTemplate               : Executing prepared SQL statement [EXEC dbo.SP_Inicio_ListarConfirmadosSupervisorHoy ?]
2026-06-23 13:14:49.881 DEBUG 33512 --- [nio-9060-exec-6] o.s.jdbc.datasource.DataSourceUtils      : Fetching JDBC Connection from DataSource
2026-06-23 13:14:51.032 DEBUG 33512 --- [nio-9060-exec-6] o.s.jdbc.core.JdbcTemplate               : Executing SQL query [EXEC dbo.spx_ObtenerSucursalesConexion]
2026-06-23 13:14:51.032 DEBUG 33512 --- [nio-9060-exec-6] o.s.jdbc.datasource.DataSourceUtils      : Fetching JDBC Connection from DataSource
2026-06-23 13:14:51.042 DEBUG 33512 --- [nio-9060-exec-6] o.s.jdbc.core.JdbcTemplate               : Executing SQL query [EXEC dbo.spx_ObtenerSucursalesConexion]
2026-06-23 13:14:51.042 DEBUG 33512 --- [nio-9060-exec-6] o.s.jdbc.datasource.DataSourceUtils      : Fetching JDBC Connection from DataSource
2026-06-23 13:14:51.048 DEBUG 33512 --- [nio-9060-exec-6] o.s.jdbc.core.JdbcTemplate               : Executing SQL query [EXEC dbo.SP_Usuario_ListarActivosBasico]
2026-06-23 13:14:51.048 DEBUG 33512 --- [nio-9060-exec-6] o.s.jdbc.datasource.DataSourceUtils      : Fetching JDBC Connection from DataSource
2026-06-23 13:14:51.064 DEBUG 33512 --- [nio-9060-exec-6] o.s.jdbc.core.JdbcTemplate               : Executing prepared SQL query
2026-06-23 13:14:51.064 DEBUG 33512 --- [nio-9060-exec-6] o.s.jdbc.core.JdbcTemplate               : Executing prepared SQL statement [SELECT * FROM dbo.tbl_InicioJornadaAlturas WHERE id_inicio IN (?)]
2026-06-23 13:14:51.064 DEBUG 33512 --- [nio-9060-exec-6] o.s.jdbc.datasource.DataSourceUtils      : Fetching JDBC Connection from DataSource
2026-06-23 13:14:52.154 DEBUG 33512 --- [nio-9060-exec-6] o.s.w.s.m.m.a.HttpEntityMethodProcessor  : Using 'application/json', given [application/json, text/plain, */*] and supported [application/json, application/*+json, application/json, application/*+json]
2026-06-23 13:14:52.154 DEBUG 33512 --- [nio-9060-exec-6] o.s.w.s.m.m.a.HttpEntityMethodProcessor  : Writing [com.example.TigoStarSystem.common.ApiResponse@11449ab8]
2026-06-23 13:14:52.167 DEBUG 33512 --- [nio-9060-exec-6] o.s.web.servlet.DispatcherServlet        : Completed 200 OK
2026-06-23 13:14:54.591 DEBUG 33512 --- [l-1 housekeeper] com.zaxxer.hikari.pool.HikariPool        : HikariPool-1 - Before cleanup stats (total=3, active=0, idle=3, waiting=0)
2026-06-23 13:14:54.591 DEBUG 33512 --- [l-1 housekeeper] com.zaxxer.hikari.pool.HikariPool        : HikariPool-1 - After cleanup  stats (total=3, active=0, idle=3, waiting=0)
2026-06-23 13:14:54.591 DEBUG 33512 --- [l-1 housekeeper] com.zaxxer.hikari.pool.HikariPool        : HikariPool-1 - Fill pool skipped, pool is at sufficient level.
2026-06-23 13:14:56.603 DEBUG 33512 --- [ruz housekeeper] com.zaxxer.hikari.pool.HikariPool        : ConnDb-SantaCruz - Before cleanup stats (total=1, active=0, idle=1, waiting=0)
2026-06-23 13:14:56.603 DEBUG 33512 --- [ruz housekeeper] com.zaxxer.hikari.pool.HikariPool        : ConnDb-SantaCruz - After cleanup  stats (total=1, active=0, idle=1, waiting=0)
2026-06-23 13:14:56.603 DEBUG 33512 --- [ruz housekeeper] com.zaxxer.hikari.pool.HikariPool        : ConnDb-SantaCruz - Fill pool skipped, pool is at sufficient level.
2026-06-23 13:14:59.865 DEBUG 33512 --- [nio-9060-exec-5] o.s.web.servlet.DispatcherServlet        : POST "/supervisor/supervision/jornadas/345/aprobar", parameters={}
2026-06-23 13:14:59.866 DEBUG 33512 --- [nio-9060-exec-5] s.w.s.m.m.a.RequestMappingHandlerMapping : Mapped to com.example.TigoStarSystem.supervision.controller.SupervisionController#aprobarJornada(String, Integer)
2026-06-23 13:14:59.869 DEBUG 33512 --- [nio-9060-exec-5] o.s.jdbc.core.JdbcTemplate               : Executing prepared SQL query
2026-06-23 13:14:59.869 DEBUG 33512 --- [nio-9060-exec-5] o.s.jdbc.core.JdbcTemplate               : Executing prepared SQL statement [EXEC dbo.SP_Inicio_AprobarSupervisor ?, ?]
2026-06-23 13:14:59.869 DEBUG 33512 --- [nio-9060-exec-5] o.s.jdbc.datasource.DataSourceUtils      : Fetching JDBC Connection from DataSource
2026-06-23 13:14:59.911 DEBUG 33512 --- [nio-9060-exec-5] o.s.w.s.m.m.a.HttpEntityMethodProcessor  : Using 'application/json', given [application/json, text/plain, */*] and supported [application/json, application/*+json, application/json, application/*+json]
2026-06-23 13:14:59.911 DEBUG 33512 --- [nio-9060-exec-5] o.s.w.s.m.m.a.HttpEntityMethodProcessor  : Writing [com.example.TigoStarSystem.common.ApiResponse@52f47f7e]
2026-06-23 13:14:59.911 DEBUG 33512 --- [nio-9060-exec-5] o.s.web.servlet.DispatcherServlet        : Completed 200 OK
2026-06-23 13:15:00.236 DEBUG 33512 --- [nio-9060-exec-8] o.s.web.servlet.DispatcherServlet        : GET "/supervisor/supervision/jornadas/confirmadas-hoy", parameters={}
2026-06-23 13:15:00.237 DEBUG 33512 --- [nio-9060-exec-8] s.w.s.m.m.a.RequestMappingHandlerMapping : Mapped to com.example.TigoStarSystem.supervision.controller.SupervisionController#listarJornadasConfirmadasHoy(String)
2026-06-23 13:15:00.238 DEBUG 33512 --- [nio-9060-exec-8] o.s.jdbc.core.JdbcTemplate               : Executing SQL query [EXEC dbo.spx_ObtenerSucursalesConexionWeb]
2026-06-23 13:15:00.238 DEBUG 33512 --- [nio-9060-exec-8] o.s.jdbc.datasource.DataSourceUtils      : Fetching JDBC Connection from DataSource
2026-06-23 13:15:00.252 DEBUG 33512 --- [nio-9060-exec-8] o.s.jdbc.core.JdbcTemplate               : Executing prepared SQL query
2026-06-23 13:15:00.252 DEBUG 33512 --- [nio-9060-exec-8] o.s.jdbc.core.JdbcTemplate               : Executing prepared SQL statement [EXEC dbo.SP_Inicio_ListarConfirmadosSupervisorHoy ?]
2026-06-23 13:15:00.252 DEBUG 33512 --- [nio-9060-exec-8] o.s.jdbc.datasource.DataSourceUtils      : Fetching JDBC Connection from DataSource
2026-06-23 13:15:00.961 DEBUG 33512 --- [l-9 housekeeper] com.zaxxer.hikari.pool.HikariPool        : ConnDb-sucursal-9 - Before cleanup stats (total=1, active=0, idle=1, waiting=0)
2026-06-23 13:15:00.961 DEBUG 33512 --- [l-9 housekeeper] com.zaxxer.hikari.pool.HikariPool        : ConnDb-sucursal-9 - After cleanup  stats (total=1, active=0, idle=1, waiting=0)
2026-06-23 13:15:00.961 DEBUG 33512 --- [l-9 housekeeper] com.zaxxer.hikari.pool.HikariPool        : ConnDb-sucursal-9 - Fill pool skipped, pool is at sufficient level.
2026-06-23 13:15:01.628 DEBUG 33512 --- [nio-9060-exec-9] o.s.jdbc.core.JdbcTemplate               : Executing SQL query [EXEC dbo.spx_ObtenerSucursalesConexion]
2026-06-23 13:15:01.628 DEBUG 33512 --- [nio-9060-exec-9] o.s.jdbc.datasource.DataSourceUtils      : Fetching JDBC Connection from DataSource
2026-06-23 13:15:01.662 DEBUG 33512 --- [nio-9060-exec-9] o.s.jdbc.core.JdbcTemplate               : Executing SQL query [EXEC dbo.spx_ObtenerSucursalesConexion]
2026-06-23 13:15:01.662 DEBUG 33512 --- [nio-9060-exec-9] o.s.jdbc.datasource.DataSourceUtils      : Fetching JDBC Connection from DataSource
2026-06-23 13:15:01.673 DEBUG 33512 --- [nio-9060-exec-9] o.s.jdbc.core.JdbcTemplate               : Executing SQL query [EXEC dbo.SP_Usuario_ListarActivosBasico]
2026-06-23 13:15:01.673 DEBUG 33512 --- [nio-9060-exec-9] o.s.jdbc.datasource.DataSourceUtils      : Fetching JDBC Connection from DataSource
2026-06-23 13:15:01.681 DEBUG 33512 --- [nio-9060-exec-9] o.s.jdbc.core.JdbcTemplate               : Executing prepared SQL query
2026-06-23 13:15:01.681 DEBUG 33512 --- [nio-9060-exec-9] o.s.jdbc.core.JdbcTemplate               : Executing prepared SQL statement [SELECT * FROM dbo.tbl_InicioJornadaAlturas WHERE id_inicio IN (?,?,?,?,?,?)]
2026-06-23 13:15:01.681 DEBUG 33512 --- [nio-9060-exec-9] o.s.jdbc.datasource.DataSourceUtils      : Fetching JDBC Connection from DataSource
2026-06-23 13:15:05.870 DEBUG 33512 --- [nio-9060-exec-8] o.s.jdbc.core.JdbcTemplate               : Executing SQL query [EXEC dbo.spx_ObtenerSucursalesConexion]
2026-06-23 13:15:05.870 DEBUG 33512 --- [nio-9060-exec-8] o.s.jdbc.datasource.DataSourceUtils      : Fetching JDBC Connection from DataSource
2026-06-23 13:15:05.934 DEBUG 33512 --- [nio-9060-exec-8] o.s.jdbc.core.JdbcTemplate               : Executing SQL query [EXEC dbo.spx_ObtenerSucursalesConexion]
2026-06-23 13:15:05.934 DEBUG 33512 --- [nio-9060-exec-8] o.s.jdbc.datasource.DataSourceUtils      : Fetching JDBC Connection from DataSource
2026-06-23 13:15:05.945 DEBUG 33512 --- [nio-9060-exec-8] o.s.jdbc.core.JdbcTemplate               : Executing SQL query [EXEC dbo.SP_Usuario_ListarActivosBasico]
2026-06-23 13:15:05.945 DEBUG 33512 --- [nio-9060-exec-8] o.s.jdbc.datasource.DataSourceUtils      : Fetching JDBC Connection from DataSource
2026-06-23 13:15:05.957 DEBUG 33512 --- [nio-9060-exec-8] o.s.jdbc.core.JdbcTemplate               : Executing prepared SQL query
2026-06-23 13:15:05.957 DEBUG 33512 --- [nio-9060-exec-8] o.s.jdbc.core.JdbcTemplate               : Executing prepared SQL statement [SELECT * FROM dbo.tbl_InicioJornadaAlturas WHERE id_inicio IN (?,?)]
2026-06-23 13:15:05.957 DEBUG 33512 --- [nio-9060-exec-8] o.s.jdbc.datasource.DataSourceUtils      : Fetching JDBC Connection from DataSource
2026-06-23 13:15:06.621 DEBUG 33512 --- [ool housekeeper] com.zaxxer.hikari.pool.HikariPool        : CentralHikariPool - Before cleanup stats (total=2, active=0, idle=2, waiting=0)
2026-06-23 13:15:06.621 DEBUG 33512 --- [ool housekeeper] com.zaxxer.hikari.pool.HikariPool        : CentralHikariPool - After cleanup  stats (total=2, active=0, idle=2, waiting=0)
2026-06-23 13:15:06.621 DEBUG 33512 --- [ool housekeeper] com.zaxxer.hikari.pool.HikariPool        : CentralHikariPool - Fill pool skipped, pool is at sufficient level.
2026-06-23 13:15:06.668 DEBUG 33512 --- [ool housekeeper] com.zaxxer.hikari.pool.HikariPool        : TigoHogarHikariPool - Before cleanup stats (total=2, active=2, idle=0, waiting=0)
2026-06-23 13:15:06.668 DEBUG 33512 --- [ool housekeeper] com.zaxxer.hikari.pool.HikariPool        : TigoHogarHikariPool - After cleanup  stats (total=2, active=2, idle=0, waiting=0)
2026-06-23 13:15:06.668 DEBUG 33512 --- [ool housekeeper] com.zaxxer.hikari.pool.HikariPool        : TigoHogarHikariPool - Fill pool skipped, pool is at sufficient level.
2026-06-23 13:15:10.113 DEBUG 33512 --- [nio-9060-exec-8] o.s.w.s.m.m.a.HttpEntityMethodProcessor  : Using 'application/json', given [application/json, text/plain, */*] and supported [application/json, application/*+json, application/json, application/*+json]
2026-06-23 13:15:10.113 DEBUG 33512 --- [nio-9060-exec-8] o.s.w.s.m.m.a.HttpEntityMethodProcessor  : Writing [com.example.TigoStarSystem.common.ApiResponse@2c773d63]
2026-06-23 13:15:10.204 DEBUG 33512 --- [nio-9060-exec-8] o.s.web.servlet.DispatcherServlet        : Completed 200 OK
2026-06-23 13:15:12.799 DEBUG 33512 --- [nio-9060-exec-1] o.s.web.servlet.DispatcherServlet        : POST "/supervisor/supervision/jornadas/345/aprobar", parameters={}
2026-06-23 13:15:12.800 DEBUG 33512 --- [nio-9060-exec-1] s.w.s.m.m.a.RequestMappingHandlerMapping : Mapped to com.example.TigoStarSystem.supervision.controller.SupervisionController#aprobarJornada(String, Integer)
2026-06-23 13:15:12.803 DEBUG 33512 --- [nio-9060-exec-1] o.s.jdbc.core.JdbcTemplate               : Executing prepared SQL query
2026-06-23 13:15:12.803 DEBUG 33512 --- [nio-9060-exec-1] o.s.jdbc.core.JdbcTemplate               : Executing prepared SQL statement [EXEC dbo.SP_Inicio_AprobarSupervisor ?, ?]
2026-06-23 13:15:12.803 DEBUG 33512 --- [nio-9060-exec-1] o.s.jdbc.datasource.DataSourceUtils      : Fetching JDBC Connection from DataSource
2026-06-23 13:15:12.831 DEBUG 33512 --- [nio-9060-exec-1] o.s.w.s.m.m.a.HttpEntityMethodProcessor  : Using 'application/json', given [application/json, text/plain, */*] and supported [application/json, application/*+json, application/json, application/*+json]
2026-06-23 13:15:12.831 DEBUG 33512 --- [nio-9060-exec-1] o.s.w.s.m.m.a.HttpEntityMethodProcessor  : Writing [com.example.TigoStarSystem.common.ApiResponse@4681f5e6]
2026-06-23 13:15:12.831 DEBUG 33512 --- [nio-9060-exec-1] o.s.web.servlet.DispatcherServlet        : Completed 200 OK
2026-06-23 13:15:13.157 DEBUG 33512 --- [nio-9060-exec-4] o.s.web.servlet.DispatcherServlet        : GET "/supervisor/supervision/jornadas/confirmadas-hoy", parameters={}
2026-06-23 13:15:13.157 DEBUG 33512 --- [nio-9060-exec-4] s.w.s.m.m.a.RequestMappingHandlerMapping : Mapped to com.example.TigoStarSystem.supervision.controller.SupervisionController#listarJornadasConfirmadasHoy(String)
2026-06-23 13:15:13.161 DEBUG 33512 --- [nio-9060-exec-4] o.s.jdbc.core.JdbcTemplate               : Executing SQL query [EXEC dbo.spx_ObtenerSucursalesConexionWeb]
2026-06-23 13:15:13.162 DEBUG 33512 --- [nio-9060-exec-4] o.s.jdbc.datasource.DataSourceUtils      : Fetching JDBC Connection from DataSource
2026-06-23 13:15:13.177 DEBUG 33512 --- [nio-9060-exec-4] o.s.jdbc.core.JdbcTemplate               : Executing prepared SQL query
2026-06-23 13:15:13.177 DEBUG 33512 --- [nio-9060-exec-4] o.s.jdbc.core.JdbcTemplate               : Executing prepared SQL statement [EXEC dbo.SP_Inicio_ListarConfirmadosSupervisorHoy ?]
2026-06-23 13:15:13.177 DEBUG 33512 --- [nio-9060-exec-4] o.s.jdbc.datasource.DataSourceUtils      : Fetching JDBC Connection from DataSource
2026-06-23 13:15:16.797 DEBUG 33512 --- [l-1 housekeeper] com.zaxxer.hikari.pool.HikariPool        : HikariPool-1 - keepalive: connection net.sourceforge.jtds.jdbc.JtdsConnection@ed086fe is alive
2026-06-23 13:15:16.899 DEBUG 33512 --- [io-9060-exec-10] o.s.web.servlet.DispatcherServlet        : GET "/auth/permisos", parameters={}
2026-06-23 13:15:16.900 DEBUG 33512 --- [io-9060-exec-10] s.w.s.m.m.a.RequestMappingHandlerMapping : Mapped to com.example.TigoStarSystem.auth.controller.AuthPermisosController#permisos(String)
2026-06-23 13:15:16.909 DEBUG 33512 --- [io-9060-exec-10] o.s.jdbc.core.JdbcTemplate               : Executing prepared SQL query
2026-06-23 13:15:16.910 DEBUG 33512 --- [io-9060-exec-10] o.s.jdbc.core.JdbcTemplate               : Executing prepared SQL statement [SELECT TOP 1 CAST(ut.id AS INT) AS id_usuario_tecnico FROM dbo.tbl_UsuarioTecnico ut WHERE (ut.id_usuario = ? OR ut.idusuario = ? OR ut.id_tecnico = ? OR ut.idtecnico = ?)   AND ISNULL(ut.e_eliminado, 0) = 0]
2026-06-23 13:15:16.910 DEBUG 33512 --- [io-9060-exec-10] o.s.jdbc.datasource.DataSourceUtils      : Fetching JDBC Connection from DataSource
2026-06-23 13:15:17.004 DEBUG 33512 --- [onnection adder] com.zaxxer.hikari.pool.HikariPool        : TigoHogarHikariPool - Added connection net.sourceforge.jtds.jdbc.JtdsConnection@702a368c
2026-06-23 13:15:17.034 DEBUG 33512 --- [io-9060-exec-10] o.s.jdbc.core.JdbcTemplate               : Executing prepared SQL query
2026-06-23 13:15:17.034 DEBUG 33512 --- [io-9060-exec-10] o.s.jdbc.core.JdbcTemplate               : Executing prepared SQL statement [SELECT TOP 1 CAST(ut.Id AS INT) AS id_usuario_tecnico FROM dbo.tbl_UsuarioTecnico ut WHERE (ut.Id_Usuario = ? OR ut.IdUsuario = ? OR ut.Id_Tecnico = ? OR ut.IdTecnico = ?)   AND ISNULL(ut.E_Eliminado, 0) = 0]
2026-06-23 13:15:17.034 DEBUG 33512 --- [io-9060-exec-10] o.s.jdbc.datasource.DataSourceUtils      : Fetching JDBC Connection from DataSource
2026-06-23 13:15:17.053 DEBUG 33512 --- [io-9060-exec-10] o.s.jdbc.core.JdbcTemplate               : Executing prepared SQL query
2026-06-23 13:15:17.053 DEBUG 33512 --- [io-9060-exec-10] o.s.jdbc.core.JdbcTemplate               : Executing prepared SQL statement [SELECT TOP 1 CAST(ut.id AS INT) AS id_usuario_tecnico FROM dbo.tbl_usuariotecnico ut WHERE (ut.id_usuario = ? OR ut.idusuario = ? OR ut.id_tecnico = ? OR ut.idtecnico = ?)   AND ISNULL(ut.e_eliminado, 0) = 0]
2026-06-23 13:15:17.053 DEBUG 33512 --- [io-9060-exec-10] o.s.jdbc.datasource.DataSourceUtils      : Fetching JDBC Connection from DataSource
2026-06-23 13:15:17.090 DEBUG 33512 --- [io-9060-exec-10] o.s.jdbc.core.JdbcTemplate               : Executing prepared SQL query
2026-06-23 13:15:17.090 DEBUG 33512 --- [io-9060-exec-10] o.s.jdbc.core.JdbcTemplate               : Executing prepared SQL statement [SELECT TOP 1 CAST(ut.id AS INT) AS id_usuario_tecnico FROM dbo.tbl_usuaritecnico ut WHERE (ut.id_usuario = ? OR ut.idusuario = ? OR ut.id_tecnico = ? OR ut.idtecnico = ?)   AND ISNULL(ut.e_eliminado, 0) = 0]
2026-06-23 13:15:17.090 DEBUG 33512 --- [io-9060-exec-10] o.s.jdbc.datasource.DataSourceUtils      : Fetching JDBC Connection from DataSource
2026-06-23 13:15:17.115 DEBUG 33512 --- [io-9060-exec-10] o.s.jdbc.core.JdbcTemplate               : Executing prepared SQL query
2026-06-23 13:15:17.115 DEBUG 33512 --- [io-9060-exec-10] o.s.jdbc.core.JdbcTemplate               : Executing prepared SQL statement [SELECT TOP 1 CAST(ut.id_vendedor AS INT) AS id_vendedor FROM dbo.tbl_UsuarioTecnico ut WHERE (ut.id_usuario = ? OR ut.idusuario = ? OR ut.id = ? OR ut.id_tecnico = ? OR ut.idtecnico = ?)   AND ISNULL(ut.e_eliminado, 0) = 0 AND ut.id_vendedor IS NOT NULL]
2026-06-23 13:15:17.115 DEBUG 33512 --- [io-9060-exec-10] o.s.jdbc.datasource.DataSourceUtils      : Fetching JDBC Connection from DataSource
2026-06-23 13:15:17.145 DEBUG 33512 --- [io-9060-exec-10] o.s.jdbc.core.JdbcTemplate               : Executing prepared SQL query
2026-06-23 13:15:17.145 DEBUG 33512 --- [io-9060-exec-10] o.s.jdbc.core.JdbcTemplate               : Executing prepared SQL statement [SELECT TOP 1 CAST(ut.Id_Vendedor AS INT) AS id_vendedor FROM dbo.tbl_UsuarioTecnico ut WHERE (ut.Id_Usuario = ? OR ut.IdUsuario = ? OR ut.Id = ? OR ut.Id_Tecnico = ? OR ut.IdTecnico = ?)   AND ISNULL(ut.E_Eliminado, 0) = 0 AND ut.Id_Vendedor IS NOT NULL]
2026-06-23 13:15:17.145 DEBUG 33512 --- [io-9060-exec-10] o.s.jdbc.datasource.DataSourceUtils      : Fetching JDBC Connection from DataSource
2026-06-23 13:15:17.168 DEBUG 33512 --- [io-9060-exec-10] o.s.jdbc.core.JdbcTemplate               : Executing prepared SQL query
2026-06-23 13:15:17.168 DEBUG 33512 --- [io-9060-exec-10] o.s.jdbc.core.JdbcTemplate               : Executing prepared SQL statement [SELECT TOP 1 CAST(ut.idvendedor AS INT) AS id_vendedor FROM dbo.tbl_usuariotecnico ut WHERE (ut.id_usuario = ? OR ut.idusuario = ? OR ut.id = ? OR ut.id_tecnico = ? OR ut.idtecnico = ?)   AND ISNULL(ut.e_eliminado, 0) = 0 AND ut.idvendedor IS NOT NULL]
2026-06-23 13:15:17.168 DEBUG 33512 --- [io-9060-exec-10] o.s.jdbc.datasource.DataSourceUtils      : Fetching JDBC Connection from DataSource
2026-06-23 13:15:17.187 DEBUG 33512 --- [io-9060-exec-10] o.s.jdbc.core.JdbcTemplate               : Executing prepared SQL query
2026-06-23 13:15:17.187 DEBUG 33512 --- [io-9060-exec-10] o.s.jdbc.core.JdbcTemplate               : Executing prepared SQL statement [SELECT TOP 1 g.id_grupo, ISNULL(g.supervisor_ausente, 0) AS supervisor_ausente, gb.id_grupo_backup, gb.id_usuario_tecnico_temporal, ISNULL(gb.e_activo, 0) AS backup_activo, gb.fecha_inicio, gs.id_usuario AS id_usuario_supervisor FROM dbo.tbl_Grupo g LEFT JOIN dbo.tbl_GrupoSup gs ON gs.id_grupo = g.id_grupo LEFT JOIN dbo.tbl_GrupoBackup gb        ON gb.id_grupo = g.id_grupo       AND ISNULL(gb.e_activo, 0) = 1 WHERE ISNULL(g.e_eliminado, 0) = 0   AND (gs.id_usuario = ? OR gb.id_usuario_tecnico_temporal = ? OR gb.id_usuario_tecnico_temporal = ? OR gb.id_usuario_tecnico_temporal = ?) ORDER BY CASE WHEN gb.id_usuario_tecnico_temporal = ? THEN 0               WHEN gb.id_usuario_tecnico_temporal = ? THEN 1               WHEN gb.id_usuario_tecnico_temporal = ? THEN 2 ELSE 3 END,          gb.id_grupo_backup DESC, g.id_grupo DESC]
2026-06-23 13:15:17.187 DEBUG 33512 --- [io-9060-exec-10] o.s.jdbc.datasource.DataSourceUtils      : Fetching JDBC Connection from DataSource
2026-06-23 13:15:17.211 DEBUG 33512 --- [io-9060-exec-10] o.s.jdbc.core.JdbcTemplate               : Executing prepared SQL query
2026-06-23 13:15:17.211 DEBUG 33512 --- [io-9060-exec-10] o.s.jdbc.core.JdbcTemplate               : Executing prepared SQL statement [SELECT TOP 1 CAST(ut.id AS INT) AS id_usuario_tecnico FROM dbo.tbl_UsuarioTecnico ut WHERE (ut.id_usuario = ? OR ut.idusuario = ? OR ut.id_tecnico = ? OR ut.idtecnico = ?)   AND ISNULL(ut.e_eliminado, 0) = 0]
2026-06-23 13:15:17.211 DEBUG 33512 --- [io-9060-exec-10] o.s.jdbc.datasource.DataSourceUtils      : Fetching JDBC Connection from DataSource
2026-06-23 13:15:17.230 DEBUG 33512 --- [io-9060-exec-10] o.s.jdbc.core.JdbcTemplate               : Executing prepared SQL query
2026-06-23 13:15:17.231 DEBUG 33512 --- [io-9060-exec-10] o.s.jdbc.core.JdbcTemplate               : Executing prepared SQL statement [SELECT TOP 1 CAST(ut.Id AS INT) AS id_usuario_tecnico FROM dbo.tbl_UsuarioTecnico ut WHERE (ut.Id_Usuario = ? OR ut.IdUsuario = ? OR ut.Id_Tecnico = ? OR ut.IdTecnico = ?)   AND ISNULL(ut.E_Eliminado, 0) = 0]
2026-06-23 13:15:17.231 DEBUG 33512 --- [io-9060-exec-10] o.s.jdbc.datasource.DataSourceUtils      : Fetching JDBC Connection from DataSource
2026-06-23 13:15:17.245 DEBUG 33512 --- [io-9060-exec-10] o.s.jdbc.core.JdbcTemplate               : Executing prepared SQL query
2026-06-23 13:15:17.245 DEBUG 33512 --- [io-9060-exec-10] o.s.jdbc.core.JdbcTemplate               : Executing prepared SQL statement [SELECT TOP 1 CAST(ut.id AS INT) AS id_usuario_tecnico FROM dbo.tbl_usuariotecnico ut WHERE (ut.id_usuario = ? OR ut.idusuario = ? OR ut.id_tecnico = ? OR ut.idtecnico = ?)   AND ISNULL(ut.e_eliminado, 0) = 0]
2026-06-23 13:15:17.245 DEBUG 33512 --- [io-9060-exec-10] o.s.jdbc.datasource.DataSourceUtils      : Fetching JDBC Connection from DataSource
2026-06-23 13:15:17.259 DEBUG 33512 --- [io-9060-exec-10] o.s.jdbc.core.JdbcTemplate               : Executing prepared SQL query
2026-06-23 13:15:17.259 DEBUG 33512 --- [io-9060-exec-10] o.s.jdbc.core.JdbcTemplate               : Executing prepared SQL statement [SELECT TOP 1 CAST(ut.id AS INT) AS id_usuario_tecnico FROM dbo.tbl_usuaritecnico ut WHERE (ut.id_usuario = ? OR ut.idusuario = ? OR ut.id_tecnico = ? OR ut.idtecnico = ?)   AND ISNULL(ut.e_eliminado, 0) = 0]
2026-06-23 13:15:17.259 DEBUG 33512 --- [io-9060-exec-10] o.s.jdbc.datasource.DataSourceUtils      : Fetching JDBC Connection from DataSource
2026-06-23 13:15:17.280 DEBUG 33512 --- [io-9060-exec-10] o.s.jdbc.core.JdbcTemplate               : Executing prepared SQL query
2026-06-23 13:15:17.280 DEBUG 33512 --- [io-9060-exec-10] o.s.jdbc.core.JdbcTemplate               : Executing prepared SQL statement [SELECT TOP 1 CAST(ut.id_vendedor AS INT) AS id_vendedor FROM dbo.tbl_UsuarioTecnico ut WHERE (ut.id_usuario = ? OR ut.idusuario = ? OR ut.id = ? OR ut.id_tecnico = ? OR ut.idtecnico = ?)   AND ISNULL(ut.e_eliminado, 0) = 0 AND ut.id_vendedor IS NOT NULL]
2026-06-23 13:15:17.280 DEBUG 33512 --- [io-9060-exec-10] o.s.jdbc.datasource.DataSourceUtils      : Fetching JDBC Connection from DataSource
2026-06-23 13:15:17.342 DEBUG 33512 --- [io-9060-exec-10] o.s.jdbc.core.JdbcTemplate               : Executing prepared SQL query
2026-06-23 13:15:17.342 DEBUG 33512 --- [io-9060-exec-10] o.s.jdbc.core.JdbcTemplate               : Executing prepared SQL statement [SELECT TOP 1 CAST(ut.Id_Vendedor AS INT) AS id_vendedor FROM dbo.tbl_UsuarioTecnico ut WHERE (ut.Id_Usuario = ? OR ut.IdUsuario = ? OR ut.Id = ? OR ut.Id_Tecnico = ? OR ut.IdTecnico = ?)   AND ISNULL(ut.E_Eliminado, 0) = 0 AND ut.Id_Vendedor IS NOT NULL]
2026-06-23 13:15:17.342 DEBUG 33512 --- [io-9060-exec-10] o.s.jdbc.datasource.DataSourceUtils      : Fetching JDBC Connection from DataSource
2026-06-23 13:15:17.355 DEBUG 33512 --- [io-9060-exec-10] o.s.jdbc.core.JdbcTemplate               : Executing prepared SQL query
2026-06-23 13:15:17.357 DEBUG 33512 --- [io-9060-exec-10] o.s.jdbc.core.JdbcTemplate               : Executing prepared SQL statement [SELECT TOP 1 CAST(ut.idvendedor AS INT) AS id_vendedor FROM dbo.tbl_usuariotecnico ut WHERE (ut.id_usuario = ? OR ut.idusuario = ? OR ut.id = ? OR ut.id_tecnico = ? OR ut.idtecnico = ?)   AND ISNULL(ut.e_eliminado, 0) = 0 AND ut.idvendedor IS NOT NULL]
2026-06-23 13:15:17.357 DEBUG 33512 --- [io-9060-exec-10] o.s.jdbc.datasource.DataSourceUtils      : Fetching JDBC Connection from DataSource
2026-06-23 13:15:17.372 DEBUG 33512 --- [io-9060-exec-10] o.s.jdbc.core.JdbcTemplate               : Executing prepared SQL query
2026-06-23 13:15:17.372 DEBUG 33512 --- [io-9060-exec-10] o.s.jdbc.core.JdbcTemplate               : Executing prepared SQL statement [SELECT TOP 1 g.id_grupo, ISNULL(g.supervisor_ausente, 0) AS supervisor_ausente, gb.id_grupo_backup, gb.id_usuario_tecnico_temporal, ISNULL(gb.e_activo, 0) AS backup_activo, gb.fecha_inicio, gs.id_usuario AS id_usuario_supervisor FROM dbo.tbl_Grupo g LEFT JOIN dbo.tbl_GrupoSup gs ON gs.id_grupo = g.id_grupo LEFT JOIN dbo.tbl_GrupoBackup gb        ON gb.id_grupo = g.id_grupo       AND ISNULL(gb.e_activo, 0) = 1 WHERE ISNULL(g.e_eliminado, 0) = 0   AND (gs.id_usuario = ? OR gb.id_usuario_tecnico_temporal = ? OR gb.id_usuario_tecnico_temporal = ? OR gb.id_usuario_tecnico_temporal = ?) ORDER BY CASE WHEN gb.id_usuario_tecnico_temporal = ? THEN 0               WHEN gb.id_usuario_tecnico_temporal = ? THEN 1               WHEN gb.id_usuario_tecnico_temporal = ? THEN 2 ELSE 3 END,          gb.id_grupo_backup DESC, g.id_grupo DESC]
2026-06-23 13:15:17.372 DEBUG 33512 --- [io-9060-exec-10] o.s.jdbc.datasource.DataSourceUtils      : Fetching JDBC Connection from DataSource
2026-06-23 13:15:17.389 DEBUG 33512 --- [io-9060-exec-10] o.s.jdbc.core.JdbcTemplate               : Executing SQL update [IF OBJECT_ID('dbo.backup_temporal', 'U') IS NULL BEGIN CREATE TABLE dbo.backup_temporal (id_backup_temporal INT IDENTITY(1,1) NOT NULL PRIMARY KEY, id_usuario INT NOT NULL, id_grupo INT NULL, id_rol_temporal INT NOT NULL, e_activo BIT NOT NULL CONSTRAINT DF_backup_temporal_e_activo DEFAULT(1), fecha_inicio DATETIME NOT NULL CONSTRAINT DF_backup_temporal_fecha_inicio DEFAULT(GETDATE()), fecha_fin DATETIME NULL, fecha_registro DATETIME NOT NULL CONSTRAINT DF_backup_temporal_fecha_registro DEFAULT(GETDATE()), fecha_actualizacion DATETIME NULL); END]
2026-06-23 13:15:17.389 DEBUG 33512 --- [io-9060-exec-10] o.s.jdbc.datasource.DataSourceUtils      : Fetching JDBC Connection from DataSource
2026-06-23 13:15:17.393 DEBUG 33512 --- [io-9060-exec-10] o.s.jdbc.core.JdbcTemplate               : Executing SQL update [IF COL_LENGTH('dbo.backup_temporal', 'id_grupo') IS NULL BEGIN ALTER TABLE dbo.backup_temporal ADD id_grupo INT NULL; END]
2026-06-23 13:15:17.393 DEBUG 33512 --- [io-9060-exec-10] o.s.jdbc.datasource.DataSourceUtils      : Fetching JDBC Connection from DataSource
2026-06-23 13:15:17.399 DEBUG 33512 --- [io-9060-exec-10] o.s.jdbc.core.JdbcTemplate               : Executing SQL update [IF NOT EXISTS (SELECT 1 FROM sys.indexes WHERE object_id = OBJECT_ID('dbo.backup_temporal')   AND name = 'IX_backup_temporal_usuario_activo') BEGIN CREATE INDEX IX_backup_temporal_usuario_activo ON dbo.backup_temporal(id_usuario, e_activo, fecha_fin); END]
2026-06-23 13:15:17.399 DEBUG 33512 --- [io-9060-exec-10] o.s.jdbc.datasource.DataSourceUtils      : Fetching JDBC Connection from DataSource
2026-06-23 13:15:17.405 DEBUG 33512 --- [io-9060-exec-10] o.s.jdbc.core.JdbcTemplate               : Executing prepared SQL query
2026-06-23 13:15:17.405 DEBUG 33512 --- [io-9060-exec-10] o.s.jdbc.core.JdbcTemplate               : Executing prepared SQL statement [SELECT TOP 1 CAST(ut.id AS INT) AS alt_id FROM dbo.tbl_UsuarioTecnico ut WHERE (ut.id_usuario = ? OR ut.idusuario = ? OR ut.id_tecnico = ? OR ut.idtecnico = ?)   AND ISNULL(ut.e_eliminado, 0) = 0]
2026-06-23 13:15:17.405 DEBUG 33512 --- [io-9060-exec-10] o.s.jdbc.datasource.DataSourceUtils      : Fetching JDBC Connection from DataSource
2026-06-23 13:15:17.416 DEBUG 33512 --- [io-9060-exec-10] o.s.jdbc.core.JdbcTemplate               : Executing prepared SQL query
2026-06-23 13:15:17.416 DEBUG 33512 --- [io-9060-exec-10] o.s.jdbc.core.JdbcTemplate               : Executing prepared SQL statement [SELECT TOP 1 CAST(ut.id_vendedor AS INT) AS alt_id FROM dbo.tbl_UsuarioTecnico ut WHERE (ut.id_usuario = ? OR ut.idusuario = ? OR ut.id_tecnico = ? OR ut.idtecnico = ?)   AND ISNULL(ut.e_eliminado, 0) = 0   AND ut.id_vendedor IS NOT NULL]
2026-06-23 13:15:17.416 DEBUG 33512 --- [io-9060-exec-10] o.s.jdbc.datasource.DataSourceUtils      : Fetching JDBC Connection from DataSource
2026-06-23 13:15:17.429 DEBUG 33512 --- [io-9060-exec-10] o.s.jdbc.core.JdbcTemplate               : Executing prepared SQL query
2026-06-23 13:15:17.429 DEBUG 33512 --- [io-9060-exec-10] o.s.jdbc.core.JdbcTemplate               : Executing prepared SQL statement [SELECT TOP 1 CAST(ut.Id AS INT) AS alt_id FROM dbo.tbl_UsuarioTecnico ut WHERE (ut.Id_Usuario = ? OR ut.IdUsuario = ? OR ut.Id_Tecnico = ? OR ut.IdTecnico = ?)   AND ISNULL(ut.E_Eliminado, 0) = 0]
2026-06-23 13:15:17.429 DEBUG 33512 --- [io-9060-exec-10] o.s.jdbc.datasource.DataSourceUtils      : Fetching JDBC Connection from DataSource
2026-06-23 13:15:17.439 DEBUG 33512 --- [io-9060-exec-10] o.s.jdbc.core.JdbcTemplate               : Executing prepared SQL query
2026-06-23 13:15:17.439 DEBUG 33512 --- [io-9060-exec-10] o.s.jdbc.core.JdbcTemplate               : Executing prepared SQL statement [SELECT TOP 1 CAST(ut.Id_Vendedor AS INT) AS alt_id FROM dbo.tbl_UsuarioTecnico ut WHERE (ut.Id_Usuario = ? OR ut.IdUsuario = ? OR ut.Id_Tecnico = ? OR ut.IdTecnico = ?)   AND ISNULL(ut.E_Eliminado, 0) = 0   AND ut.Id_Vendedor IS NOT NULL]
2026-06-23 13:15:17.439 DEBUG 33512 --- [io-9060-exec-10] o.s.jdbc.datasource.DataSourceUtils      : Fetching JDBC Connection from DataSource
2026-06-23 13:15:17.454 DEBUG 33512 --- [io-9060-exec-10] o.s.jdbc.core.JdbcTemplate               : Executing prepared SQL query
2026-06-23 13:15:17.454 DEBUG 33512 --- [io-9060-exec-10] o.s.jdbc.core.JdbcTemplate               : Executing prepared SQL statement [SELECT TOP 1 CAST(ut.id AS INT) AS alt_id FROM dbo.tbl_usuariotecnico ut WHERE (ut.id_usuario = ? OR ut.idusuario = ? OR ut.id_tecnico = ? OR ut.idtecnico = ?)   AND ISNULL(ut.e_eliminado, 0) = 0]
2026-06-23 13:15:17.454 DEBUG 33512 --- [io-9060-exec-10] o.s.jdbc.datasource.DataSourceUtils      : Fetching JDBC Connection from DataSource
2026-06-23 13:15:17.486 DEBUG 33512 --- [io-9060-exec-10] o.s.jdbc.core.JdbcTemplate               : Executing prepared SQL query
2026-06-23 13:15:17.486 DEBUG 33512 --- [io-9060-exec-10] o.s.jdbc.core.JdbcTemplate               : Executing prepared SQL statement [SELECT TOP 1 CAST(ut.id_vendedor AS INT) AS alt_id FROM dbo.tbl_usuariotecnico ut WHERE (ut.id_usuario = ? OR ut.idusuario = ? OR ut.id_tecnico = ? OR ut.idtecnico = ?)   AND ISNULL(ut.e_eliminado, 0) = 0   AND ut.id_vendedor IS NOT NULL]
2026-06-23 13:15:17.486 DEBUG 33512 --- [io-9060-exec-10] o.s.jdbc.datasource.DataSourceUtils      : Fetching JDBC Connection from DataSource
2026-06-23 13:15:17.495 DEBUG 33512 --- [io-9060-exec-10] o.s.jdbc.core.JdbcTemplate               : Executing prepared SQL query
2026-06-23 13:15:17.495 DEBUG 33512 --- [io-9060-exec-10] o.s.jdbc.core.JdbcTemplate               : Executing prepared SQL statement [SELECT TOP 1 CAST(ut.id AS INT) AS alt_id FROM dbo.tbl_UsuarioTecnico ut WHERE (ut.id_usuario = ? OR ut.idusuario = ? OR ut.id_tecnico = ? OR ut.idtecnico = ?)   AND ISNULL(ut.e_eliminado, 0) = 0]
2026-06-23 13:15:17.495 DEBUG 33512 --- [io-9060-exec-10] o.s.jdbc.datasource.DataSourceUtils      : Fetching JDBC Connection from DataSource
2026-06-23 13:15:17.499 DEBUG 33512 --- [io-9060-exec-10] o.s.jdbc.core.JdbcTemplate               : Executing prepared SQL query
2026-06-23 13:15:17.499 DEBUG 33512 --- [io-9060-exec-10] o.s.jdbc.core.JdbcTemplate               : Executing prepared SQL statement [SELECT TOP 1 CAST(ut.id_vendedor AS INT) AS alt_id FROM dbo.tbl_UsuarioTecnico ut WHERE (ut.id_usuario = ? OR ut.idusuario = ? OR ut.id_tecnico = ? OR ut.idtecnico = ?)   AND ISNULL(ut.e_eliminado, 0) = 0   AND ut.id_vendedor IS NOT NULL]
2026-06-23 13:15:17.499 DEBUG 33512 --- [io-9060-exec-10] o.s.jdbc.datasource.DataSourceUtils      : Fetching JDBC Connection from DataSource
2026-06-23 13:15:17.504 DEBUG 33512 --- [io-9060-exec-10] o.s.jdbc.core.JdbcTemplate               : Executing prepared SQL query
2026-06-23 13:15:17.504 DEBUG 33512 --- [io-9060-exec-10] o.s.jdbc.core.JdbcTemplate               : Executing prepared SQL statement [SELECT TOP 1 CAST(ut.Id AS INT) AS alt_id FROM dbo.tbl_UsuarioTecnico ut WHERE (ut.Id_Usuario = ? OR ut.IdUsuario = ? OR ut.Id_Tecnico = ? OR ut.IdTecnico = ?)   AND ISNULL(ut.E_Eliminado, 0) = 0]
2026-06-23 13:15:17.504 DEBUG 33512 --- [io-9060-exec-10] o.s.jdbc.datasource.DataSourceUtils      : Fetching JDBC Connection from DataSource
2026-06-23 13:15:17.510 DEBUG 33512 --- [io-9060-exec-10] o.s.jdbc.core.JdbcTemplate               : Executing prepared SQL query
2026-06-23 13:15:17.510 DEBUG 33512 --- [io-9060-exec-10] o.s.jdbc.core.JdbcTemplate               : Executing prepared SQL statement [SELECT TOP 1 CAST(ut.Id_Vendedor AS INT) AS alt_id FROM dbo.tbl_UsuarioTecnico ut WHERE (ut.Id_Usuario = ? OR ut.IdUsuario = ? OR ut.Id_Tecnico = ? OR ut.IdTecnico = ?)   AND ISNULL(ut.E_Eliminado, 0) = 0   AND ut.Id_Vendedor IS NOT NULL]
2026-06-23 13:15:17.510 DEBUG 33512 --- [io-9060-exec-10] o.s.jdbc.datasource.DataSourceUtils      : Fetching JDBC Connection from DataSource
2026-06-23 13:15:17.514 DEBUG 33512 --- [io-9060-exec-10] o.s.jdbc.core.JdbcTemplate               : Executing prepared SQL query
2026-06-23 13:15:17.514 DEBUG 33512 --- [io-9060-exec-10] o.s.jdbc.core.JdbcTemplate               : Executing prepared SQL statement [SELECT TOP 1 CAST(ut.id AS INT) AS alt_id FROM dbo.tbl_usuariotecnico ut WHERE (ut.id_usuario = ? OR ut.idusuario = ? OR ut.id_tecnico = ? OR ut.idtecnico = ?)   AND ISNULL(ut.e_eliminado, 0) = 0]
2026-06-23 13:15:17.514 DEBUG 33512 --- [io-9060-exec-10] o.s.jdbc.datasource.DataSourceUtils      : Fetching JDBC Connection from DataSource
2026-06-23 13:15:17.519 DEBUG 33512 --- [io-9060-exec-10] o.s.jdbc.core.JdbcTemplate               : Executing prepared SQL query
2026-06-23 13:15:17.519 DEBUG 33512 --- [io-9060-exec-10] o.s.jdbc.core.JdbcTemplate               : Executing prepared SQL statement [SELECT TOP 1 CAST(ut.id_vendedor AS INT) AS alt_id FROM dbo.tbl_usuariotecnico ut WHERE (ut.id_usuario = ? OR ut.idusuario = ? OR ut.id_tecnico = ? OR ut.idtecnico = ?)   AND ISNULL(ut.e_eliminado, 0) = 0   AND ut.id_vendedor IS NOT NULL]
2026-06-23 13:15:17.519 DEBUG 33512 --- [io-9060-exec-10] o.s.jdbc.datasource.DataSourceUtils      : Fetching JDBC Connection from DataSource
2026-06-23 13:15:17.524 DEBUG 33512 --- [io-9060-exec-10] o.s.jdbc.core.JdbcTemplate               : Executing prepared SQL query
2026-06-23 13:15:17.524 DEBUG 33512 --- [io-9060-exec-10] o.s.jdbc.core.JdbcTemplate               : Executing prepared SQL statement [SELECT TOP 1 CAST(ut.id AS INT) AS alt_id FROM dbo.tbl_UsuarioTecnico ut WHERE (ut.id_usuario = ? OR ut.idusuario = ? OR ut.id_tecnico = ? OR ut.idtecnico = ?)   AND ISNULL(ut.e_eliminado, 0) = 0]
2026-06-23 13:15:17.524 DEBUG 33512 --- [io-9060-exec-10] o.s.jdbc.datasource.DataSourceUtils      : Fetching JDBC Connection from DataSource
2026-06-23 13:15:17.553 DEBUG 33512 --- [io-9060-exec-10] o.s.jdbc.core.JdbcTemplate               : Executing prepared SQL query
2026-06-23 13:15:17.553 DEBUG 33512 --- [io-9060-exec-10] o.s.jdbc.core.JdbcTemplate               : Executing prepared SQL statement [SELECT TOP 1 CAST(ut.id_vendedor AS INT) AS alt_id FROM dbo.tbl_UsuarioTecnico ut WHERE (ut.id_usuario = ? OR ut.idusuario = ? OR ut.id_tecnico = ? OR ut.idtecnico = ?)   AND ISNULL(ut.e_eliminado, 0) = 0   AND ut.id_vendedor IS NOT NULL]
2026-06-23 13:15:17.553 DEBUG 33512 --- [io-9060-exec-10] o.s.jdbc.datasource.DataSourceUtils      : Fetching JDBC Connection from DataSource
2026-06-23 13:15:17.577 DEBUG 33512 --- [io-9060-exec-10] o.s.jdbc.core.JdbcTemplate               : Executing prepared SQL query
2026-06-23 13:15:17.577 DEBUG 33512 --- [io-9060-exec-10] o.s.jdbc.core.JdbcTemplate               : Executing prepared SQL statement [SELECT TOP 1 CAST(ut.Id AS INT) AS alt_id FROM dbo.tbl_UsuarioTecnico ut WHERE (ut.Id_Usuario = ? OR ut.IdUsuario = ? OR ut.Id_Tecnico = ? OR ut.IdTecnico = ?)   AND ISNULL(ut.E_Eliminado, 0) = 0]
2026-06-23 13:15:17.577 DEBUG 33512 --- [io-9060-exec-10] o.s.jdbc.datasource.DataSourceUtils      : Fetching JDBC Connection from DataSource
2026-06-23 13:15:17.604 DEBUG 33512 --- [io-9060-exec-10] o.s.jdbc.core.JdbcTemplate               : Executing prepared SQL query
2026-06-23 13:15:17.604 DEBUG 33512 --- [io-9060-exec-10] o.s.jdbc.core.JdbcTemplate               : Executing prepared SQL statement [SELECT TOP 1 CAST(ut.Id_Vendedor AS INT) AS alt_id FROM dbo.tbl_UsuarioTecnico ut WHERE (ut.Id_Usuario = ? OR ut.IdUsuario = ? OR ut.Id_Tecnico = ? OR ut.IdTecnico = ?)   AND ISNULL(ut.E_Eliminado, 0) = 0   AND ut.Id_Vendedor IS NOT NULL]
2026-06-23 13:15:17.604 DEBUG 33512 --- [io-9060-exec-10] o.s.jdbc.datasource.DataSourceUtils      : Fetching JDBC Connection from DataSource
2026-06-23 13:15:17.627 DEBUG 33512 --- [io-9060-exec-10] o.s.jdbc.core.JdbcTemplate               : Executing prepared SQL query
2026-06-23 13:15:17.627 DEBUG 33512 --- [io-9060-exec-10] o.s.jdbc.core.JdbcTemplate               : Executing prepared SQL statement [SELECT TOP 1 CAST(ut.id AS INT) AS alt_id FROM dbo.tbl_usuariotecnico ut WHERE (ut.id_usuario = ? OR ut.idusuario = ? OR ut.id_tecnico = ? OR ut.idtecnico = ?)   AND ISNULL(ut.e_eliminado, 0) = 0]
2026-06-23 13:15:17.627 DEBUG 33512 --- [io-9060-exec-10] o.s.jdbc.datasource.DataSourceUtils      : Fetching JDBC Connection from DataSource
2026-06-23 13:15:17.647 DEBUG 33512 --- [io-9060-exec-10] o.s.jdbc.core.JdbcTemplate               : Executing prepared SQL query
2026-06-23 13:15:17.647 DEBUG 33512 --- [io-9060-exec-10] o.s.jdbc.core.JdbcTemplate               : Executing prepared SQL statement [SELECT TOP 1 CAST(ut.id_vendedor AS INT) AS alt_id FROM dbo.tbl_usuariotecnico ut WHERE (ut.id_usuario = ? OR ut.idusuario = ? OR ut.id_tecnico = ? OR ut.idtecnico = ?)   AND ISNULL(ut.e_eliminado, 0) = 0   AND ut.id_vendedor IS NOT NULL]
2026-06-23 13:15:17.647 DEBUG 33512 --- [io-9060-exec-10] o.s.jdbc.datasource.DataSourceUtils      : Fetching JDBC Connection from DataSource
2026-06-23 13:15:17.903 DEBUG 33512 --- [io-9060-exec-10] o.s.jdbc.core.JdbcTemplate               : Executing prepared SQL query
2026-06-23 13:15:17.904 DEBUG 33512 --- [io-9060-exec-10] o.s.jdbc.core.JdbcTemplate               : Executing prepared SQL statement [SELECT TOP 1 1 AS ok FROM dbo.backup_temporal bt WHERE bt.id_usuario = ?   AND ISNULL(bt.e_activo, 1) = 1   AND (bt.fecha_fin IS NULL OR bt.fecha_fin > GETDATE()) ORDER BY bt.id_backup_temporal DESC]
2026-06-23 13:15:17.904 DEBUG 33512 --- [io-9060-exec-10] o.s.jdbc.datasource.DataSourceUtils      : Fetching JDBC Connection from DataSource
2026-06-23 13:15:17.920  INFO 33512 --- [io-9060-exec-10] c.e.T.p.service.PrivilegioService        : [PERMISOS] idUsuarioSesion=86, rolSesion=Supervisor, backupContexto=false, backupTemporal=false, idGrupo=null, idSupervisorContexto=null, idRolPermisos=9, idUsuarioPermisos=86
2026-06-23 13:15:17.920 DEBUG 33512 --- [io-9060-exec-10] o.s.jdbc.core.JdbcTemplate               : Executing SQL query [EXEC dbo.spx_ObtenerPrivilegiosRoles]
2026-06-23 13:15:17.920 DEBUG 33512 --- [io-9060-exec-10] o.s.jdbc.datasource.DataSourceUtils      : Fetching JDBC Connection from DataSource
2026-06-23 13:15:17.935 DEBUG 33512 --- [io-9060-exec-10] o.s.jdbc.core.JdbcTemplate               : Executing prepared SQL query
2026-06-23 13:15:17.935 DEBUG 33512 --- [io-9060-exec-10] o.s.jdbc.core.JdbcTemplate               : Executing prepared SQL statement [EXEC dbo.spx_ObtenerPrivilegiosRolDetalle ?]
2026-06-23 13:15:17.935 DEBUG 33512 --- [io-9060-exec-10] o.s.jdbc.datasource.DataSourceUtils      : Fetching JDBC Connection from DataSource
2026-06-23 13:15:17.949 DEBUG 33512 --- [io-9060-exec-10] o.s.w.s.m.m.a.HttpEntityMethodProcessor  : Using 'application/json', given [application/json, text/plain, */*] and supported [application/json, application/*+json, application/json, application/*+json]
2026-06-23 13:15:17.949 DEBUG 33512 --- [io-9060-exec-10] o.s.w.s.m.m.a.HttpEntityMethodProcessor  : Writing [com.example.TigoStarSystem.common.ApiResponse@2a1696a0]
2026-06-23 13:15:17.950 DEBUG 33512 --- [io-9060-exec-10] o.s.web.servlet.DispatcherServlet        : Completed 200 OK
2026-06-23 13:15:17.955 DEBUG 33512 --- [nio-9060-exec-7] o.s.web.servlet.DispatcherServlet        : GET "/auth/permisos", parameters={}
2026-06-23 13:15:17.955 DEBUG 33512 --- [nio-9060-exec-7] s.w.s.m.m.a.RequestMappingHandlerMapping : Mapped to com.example.TigoStarSystem.auth.controller.AuthPermisosController#permisos(String)
2026-06-23 13:15:17.959 DEBUG 33512 --- [nio-9060-exec-7] o.s.jdbc.core.JdbcTemplate               : Executing prepared SQL query
2026-06-23 13:15:17.959 DEBUG 33512 --- [nio-9060-exec-7] o.s.jdbc.core.JdbcTemplate               : Executing prepared SQL statement [SELECT TOP 1 CAST(ut.id AS INT) AS id_usuario_tecnico FROM dbo.tbl_UsuarioTecnico ut WHERE (ut.id_usuario = ? OR ut.idusuario = ? OR ut.id_tecnico = ? OR ut.idtecnico = ?)   AND ISNULL(ut.e_eliminado, 0) = 0]
2026-06-23 13:15:17.959 DEBUG 33512 --- [nio-9060-exec-7] o.s.jdbc.datasource.DataSourceUtils      : Fetching JDBC Connection from DataSource
2026-06-23 13:15:17.980 DEBUG 33512 --- [nio-9060-exec-7] o.s.jdbc.core.JdbcTemplate               : Executing prepared SQL query
2026-06-23 13:15:17.980 DEBUG 33512 --- [nio-9060-exec-7] o.s.jdbc.core.JdbcTemplate               : Executing prepared SQL statement [SELECT TOP 1 CAST(ut.Id AS INT) AS id_usuario_tecnico FROM dbo.tbl_UsuarioTecnico ut WHERE (ut.Id_Usuario = ? OR ut.IdUsuario = ? OR ut.Id_Tecnico = ? OR ut.IdTecnico = ?)   AND ISNULL(ut.E_Eliminado, 0) = 0]
2026-06-23 13:15:17.980 DEBUG 33512 --- [nio-9060-exec-7] o.s.jdbc.datasource.DataSourceUtils      : Fetching JDBC Connection from DataSource
2026-06-23 13:15:17.988 DEBUG 33512 --- [nio-9060-exec-7] o.s.jdbc.core.JdbcTemplate               : Executing prepared SQL query
2026-06-23 13:15:17.988 DEBUG 33512 --- [nio-9060-exec-7] o.s.jdbc.core.JdbcTemplate               : Executing prepared SQL statement [SELECT TOP 1 CAST(ut.id AS INT) AS id_usuario_tecnico FROM dbo.tbl_usuariotecnico ut WHERE (ut.id_usuario = ? OR ut.idusuario = ? OR ut.id_tecnico = ? OR ut.idtecnico = ?)   AND ISNULL(ut.e_eliminado, 0) = 0]
2026-06-23 13:15:17.988 DEBUG 33512 --- [nio-9060-exec-7] o.s.jdbc.datasource.DataSourceUtils      : Fetching JDBC Connection from DataSource
2026-06-23 13:15:18.010 DEBUG 33512 --- [nio-9060-exec-7] o.s.jdbc.core.JdbcTemplate               : Executing prepared SQL query
2026-06-23 13:15:18.010 DEBUG 33512 --- [nio-9060-exec-7] o.s.jdbc.core.JdbcTemplate               : Executing prepared SQL statement [SELECT TOP 1 CAST(ut.id AS INT) AS id_usuario_tecnico FROM dbo.tbl_usuaritecnico ut WHERE (ut.id_usuario = ? OR ut.idusuario = ? OR ut.id_tecnico = ? OR ut.idtecnico = ?)   AND ISNULL(ut.e_eliminado, 0) = 0]
2026-06-23 13:15:18.010 DEBUG 33512 --- [nio-9060-exec-7] o.s.jdbc.datasource.DataSourceUtils      : Fetching JDBC Connection from DataSource
2026-06-23 13:15:18.032 DEBUG 33512 --- [nio-9060-exec-3] o.s.web.servlet.DispatcherServlet        : GET "/auth/sucursales", parameters={}
2026-06-23 13:15:18.032 DEBUG 33512 --- [nio-9060-exec-2] o.s.web.servlet.DispatcherServlet        : GET "/supervisor/supervision/catalogos/tecnicos?limit=2000", parameters={masked}
2026-06-23 13:15:18.032 DEBUG 33512 --- [nio-9060-exec-2] s.w.s.m.m.a.RequestMappingHandlerMapping : Mapped to com.example.TigoStarSystem.supervision.controller.SupervisionController#listarTecnicosSupervisor(String)
2026-06-23 13:15:18.032 DEBUG 33512 --- [nio-9060-exec-3] s.w.s.m.m.a.RequestMappingHandlerMapping : Mapped to com.example.TigoStarSystem.auth.controller.AuthController#listarSucursales()
2026-06-23 13:15:18.034 DEBUG 33512 --- [nio-9060-exec-6] o.s.web.servlet.DispatcherServlet        : GET "/supervisor/supervision/catalogos/tipos-supervision", parameters={}
2026-06-23 13:15:18.034 DEBUG 33512 --- [nio-9060-exec-6] s.w.s.m.m.a.RequestMappingHandlerMapping : Mapped to com.example.TigoStarSystem.supervision.controller.SupervisionController#listarTiposSupervision(String)
2026-06-23 13:15:18.035  INFO 33512 --- [nio-9060-exec-3] c.e.T.auth.controller.AuthController     : Request GET /auth/sucursales
2026-06-23 13:15:18.035 DEBUG 33512 --- [nio-9060-exec-3] o.s.jdbc.core.JdbcTemplate               : Executing SQL query [EXEC dbo.spx_ObtenerSucursalesConexionWeb]
2026-06-23 13:15:18.035 DEBUG 33512 --- [nio-9060-exec-3] o.s.jdbc.datasource.DataSourceUtils      : Fetching JDBC Connection from DataSource
2026-06-23 13:15:18.036 DEBUG 33512 --- [nio-9060-exec-2] o.s.jdbc.core.JdbcTemplate               : Executing SQL query [EXEC dbo.spx_ObtenerSucursalesConexionWeb]
2026-06-23 13:15:18.036 DEBUG 33512 --- [nio-9060-exec-2] o.s.jdbc.datasource.DataSourceUtils      : Fetching JDBC Connection from DataSource
2026-06-23 13:15:18.038 DEBUG 33512 --- [nio-9060-exec-6] o.s.jdbc.core.JdbcTemplate               : Executing SQL query [EXEC dbo.SP_Supervision_ListarTiposSupervision]
2026-06-23 13:15:18.038 DEBUG 33512 --- [nio-9060-exec-6] o.s.jdbc.datasource.DataSourceUtils      : Fetching JDBC Connection from DataSource
2026-06-23 13:15:18.039 DEBUG 33512 --- [nio-9060-exec-5] o.s.web.servlet.DispatcherServlet        : GET "/supervisor/supervision/catalogos/tipos-trabajo", parameters={}
2026-06-23 13:15:18.039 DEBUG 33512 --- [nio-9060-exec-5] s.w.s.m.m.a.RequestMappingHandlerMapping : Mapped to com.example.TigoStarSystem.supervision.controller.SupervisionController#listarTiposTrabajo(String)
2026-06-23 13:15:18.042 DEBUG 33512 --- [nio-9060-exec-5] o.s.jdbc.core.JdbcTemplate               : Executing SQL query [EXEC dbo.SP_Supervision_ListarTiposTrabajo]
2026-06-23 13:15:18.042 DEBUG 33512 --- [nio-9060-exec-5] o.s.jdbc.datasource.DataSourceUtils      : Fetching JDBC Connection from DataSource
2026-06-23 13:15:18.088 DEBUG 33512 --- [nio-9060-exec-7] o.s.jdbc.core.JdbcTemplate               : Executing prepared SQL query
2026-06-23 13:15:18.088 DEBUG 33512 --- [nio-9060-exec-7] o.s.jdbc.core.JdbcTemplate               : Executing prepared SQL statement [SELECT TOP 1 CAST(ut.id_vendedor AS INT) AS id_vendedor FROM dbo.tbl_UsuarioTecnico ut WHERE (ut.id_usuario = ? OR ut.idusuario = ? OR ut.id = ? OR ut.id_tecnico = ? OR ut.idtecnico = ?)   AND ISNULL(ut.e_eliminado, 0) = 0 AND ut.id_vendedor IS NOT NULL]
2026-06-23 13:15:18.088 DEBUG 33512 --- [nio-9060-exec-4] o.s.jdbc.core.JdbcTemplate               : Executing SQL query [EXEC dbo.spx_ObtenerSucursalesConexion]
2026-06-23 13:15:18.088 DEBUG 33512 --- [nio-9060-exec-7] o.s.jdbc.datasource.DataSourceUtils      : Fetching JDBC Connection from DataSource
2026-06-23 13:15:18.088 DEBUG 33512 --- [nio-9060-exec-4] o.s.jdbc.datasource.DataSourceUtils      : Fetching JDBC Connection from DataSource
2026-06-23 13:15:18.097 DEBUG 33512 --- [nio-9060-exec-3] o.s.w.s.m.m.a.HttpEntityMethodProcessor  : Using 'application/json', given [application/json, text/plain, */*] and supported [application/json, application/*+json, application/json, application/*+json]
2026-06-23 13:15:18.097 DEBUG 33512 --- [nio-9060-exec-3] o.s.w.s.m.m.a.HttpEntityMethodProcessor  : Writing [com.example.TigoStarSystem.common.ApiResponse@659a773b]
2026-06-23 13:15:18.098 DEBUG 33512 --- [nio-9060-exec-3] o.s.web.servlet.DispatcherServlet        : Completed 200 OK
2026-06-23 13:15:18.099 DEBUG 33512 --- [nio-9060-exec-4] o.s.jdbc.core.JdbcTemplate               : Executing SQL query [EXEC dbo.spx_ObtenerSucursalesConexion]
2026-06-23 13:15:18.099 DEBUG 33512 --- [nio-9060-exec-4] o.s.jdbc.datasource.DataSourceUtils      : Fetching JDBC Connection from DataSource
2026-06-23 13:15:18.106 DEBUG 33512 --- [nio-9060-exec-2] o.s.jdbc.core.JdbcTemplate               : Executing SQL query [EXEC dbo.spx_ObtenerSucursalesConexion]
2026-06-23 13:15:18.106 DEBUG 33512 --- [nio-9060-exec-2] o.s.jdbc.datasource.DataSourceUtils      : Fetching JDBC Connection from DataSource
2026-06-23 13:15:18.108 DEBUG 33512 --- [nio-9060-exec-6] o.s.w.s.m.m.a.HttpEntityMethodProcessor  : Using 'application/json', given [application/json, text/plain, */*] and supported [application/json, application/*+json, application/json, application/*+json]
2026-06-23 13:15:18.109 DEBUG 33512 --- [nio-9060-exec-6] o.s.w.s.m.m.a.HttpEntityMethodProcessor  : Writing [com.example.TigoStarSystem.common.ApiResponse@7e7a7884]
2026-06-23 13:15:18.109 DEBUG 33512 --- [nio-9060-exec-6] o.s.web.servlet.DispatcherServlet        : Completed 200 OK
2026-06-23 13:15:18.113 DEBUG 33512 --- [nio-9060-exec-4] o.s.jdbc.core.JdbcTemplate               : Executing SQL query [EXEC dbo.SP_Usuario_ListarActivosBasico]
2026-06-23 13:15:18.113 DEBUG 33512 --- [nio-9060-exec-4] o.s.jdbc.datasource.DataSourceUtils      : Fetching JDBC Connection from DataSource
2026-06-23 13:15:18.114 DEBUG 33512 --- [nio-9060-exec-2] o.s.jdbc.core.JdbcTemplate               : Executing prepared SQL query
2026-06-23 13:15:18.114 DEBUG 33512 --- [nio-9060-exec-2] o.s.jdbc.core.JdbcTemplate               : Executing prepared SQL statement [SELECT DISTINCT   g.id_grupo,   g.nombre AS grupo,   gs.id_usuario AS idSupervisor,   dg.id_usuario_tecnico AS idUsuarioTecnico,   COALESCE(CAST(v.Id_Vendedor AS INT), CAST(ut.id_Vendedor AS INT), CAST(dg.id_usuario_tecnico AS INT)) AS idTecnico,   COALESCE(NULLIF(LTRIM(RTRIM(v.Nombre)), ''), 'Tecnico ' + CONVERT(NVARCHAR(20), COALESCE(v.Id_Vendedor, ut.id_Vendedor, dg.id_usuario_tecnico))) AS tecnico,   CAST(v.CodEmpleado AS NVARCHAR(100)) AS codigo,   CAST(v.CodEmpleado AS NVARCHAR(100)) AS codEmpleado FROM dbo.tbl_GrupoSup gs INNER JOIN dbo.tbl_Grupo g ON g.id_grupo = gs.id_grupo INNER JOIN dbo.tbl_DetalleGrupo dg ON dg.id_grupo = gs.id_grupo LEFT JOIN dbo.tbl_UsuarioTecnico ut ON ut.id = dg.id_usuario_tecnico AND ISNULL(ut.e_eliminado, 0) = 0 LEFT JOIN dbo.tbl_Vendedor v ON v.Id_Vendedor = ut.id_Vendedor AND ISNULL(v.E_Eliminado, 0) = 0 WHERE gs.id_usuario = ?   AND ISNULL(g.e_eliminado, 0) = 0   AND COALESCE(CAST(v.Id_Vendedor AS INT), CAST(ut.id_Vendedor AS INT), CAST(dg.id_usuario_tecnico AS INT)) > 0 ORDER BY tecnico, idTecnico]
2026-06-23 13:15:18.114 DEBUG 33512 --- [nio-9060-exec-2] o.s.jdbc.datasource.DataSourceUtils      : Fetching JDBC Connection from DataSource
2026-06-23 13:15:18.119 DEBUG 33512 --- [nio-9060-exec-7] o.s.jdbc.core.JdbcTemplate               : Executing prepared SQL query
2026-06-23 13:15:18.119 DEBUG 33512 --- [nio-9060-exec-7] o.s.jdbc.core.JdbcTemplate               : Executing prepared SQL statement [SELECT TOP 1 CAST(ut.Id_Vendedor AS INT) AS id_vendedor FROM dbo.tbl_UsuarioTecnico ut WHERE (ut.Id_Usuario = ? OR ut.IdUsuario = ? OR ut.Id = ? OR ut.Id_Tecnico = ? OR ut.IdTecnico = ?)   AND ISNULL(ut.E_Eliminado, 0) = 0 AND ut.Id_Vendedor IS NOT NULL]
2026-06-23 13:15:18.119 DEBUG 33512 --- [nio-9060-exec-7] o.s.jdbc.datasource.DataSourceUtils      : Fetching JDBC Connection from DataSource
2026-06-23 13:15:18.119 DEBUG 33512 --- [onnection adder] com.zaxxer.hikari.pool.HikariPool        : TigoHogarHikariPool - Added connection net.sourceforge.jtds.jdbc.JtdsConnection@7eedc6f9
2026-06-23 13:15:18.119 DEBUG 33512 --- [nio-9060-exec-5] o.s.w.s.m.m.a.HttpEntityMethodProcessor  : Using 'application/json', given [application/json, text/plain, */*] and supported [application/json, application/*+json, application/json, application/*+json]
2026-06-23 13:15:18.119 DEBUG 33512 --- [nio-9060-exec-5] o.s.w.s.m.m.a.HttpEntityMethodProcessor  : Writing [com.example.TigoStarSystem.common.ApiResponse@13ccd481]
2026-06-23 13:15:18.120 DEBUG 33512 --- [nio-9060-exec-5] o.s.web.servlet.DispatcherServlet        : Completed 200 OK
2026-06-23 13:15:18.127 DEBUG 33512 --- [nio-9060-exec-4] o.s.jdbc.core.JdbcTemplate               : Executing prepared SQL query
2026-06-23 13:15:18.127 DEBUG 33512 --- [nio-9060-exec-4] o.s.jdbc.core.JdbcTemplate               : Executing prepared SQL statement [SELECT * FROM dbo.tbl_InicioJornadaAlturas WHERE id_inicio IN (?,?)]
2026-06-23 13:15:18.127 DEBUG 33512 --- [nio-9060-exec-4] o.s.jdbc.datasource.DataSourceUtils      : Fetching JDBC Connection from DataSource
2026-06-23 13:15:18.131 DEBUG 33512 --- [nio-9060-exec-7] o.s.jdbc.core.JdbcTemplate               : Executing prepared SQL query
2026-06-23 13:15:18.131 DEBUG 33512 --- [nio-9060-exec-7] o.s.jdbc.core.JdbcTemplate               : Executing prepared SQL statement [SELECT TOP 1 CAST(ut.idvendedor AS INT) AS id_vendedor FROM dbo.tbl_usuariotecnico ut WHERE (ut.id_usuario = ? OR ut.idusuario = ? OR ut.id = ? OR ut.id_tecnico = ? OR ut.idtecnico = ?)   AND ISNULL(ut.e_eliminado, 0) = 0 AND ut.idvendedor IS NOT NULL]
2026-06-23 13:15:18.131 DEBUG 33512 --- [nio-9060-exec-7] o.s.jdbc.datasource.DataSourceUtils      : Fetching JDBC Connection from DataSource
2026-06-23 13:15:18.133 DEBUG 33512 --- [nio-9060-exec-2] o.s.jdbc.core.JdbcTemplate               : Executing prepared SQL query
2026-06-23 13:15:18.133 DEBUG 33512 --- [nio-9060-exec-2] o.s.jdbc.core.JdbcTemplate               : Executing prepared SQL statement [EXEC dbo.SP_TecnicosAgendaSup ?, ?, ?]
2026-06-23 13:15:18.133 DEBUG 33512 --- [nio-9060-exec-2] o.s.jdbc.datasource.DataSourceUtils      : Fetching JDBC Connection from DataSource
2026-06-23 13:15:18.172 DEBUG 33512 --- [onnection adder] com.zaxxer.hikari.pool.HikariPool        : ConnDb-sucursal-9 - Added connection net.sourceforge.jtds.jdbc.JtdsConnection@541f738c
2026-06-23 13:15:18.177 DEBUG 33512 --- [nio-9060-exec-7] o.s.jdbc.core.JdbcTemplate               : Executing prepared SQL query
2026-06-23 13:15:18.177 DEBUG 33512 --- [nio-9060-exec-7] o.s.jdbc.core.JdbcTemplate               : Executing prepared SQL statement [SELECT TOP 1 g.id_grupo, ISNULL(g.supervisor_ausente, 0) AS supervisor_ausente, gb.id_grupo_backup, gb.id_usuario_tecnico_temporal, ISNULL(gb.e_activo, 0) AS backup_activo, gb.fecha_inicio, gs.id_usuario AS id_usuario_supervisor FROM dbo.tbl_Grupo g LEFT JOIN dbo.tbl_GrupoSup gs ON gs.id_grupo = g.id_grupo LEFT JOIN dbo.tbl_GrupoBackup gb        ON gb.id_grupo = g.id_grupo       AND ISNULL(gb.e_activo, 0) = 1 WHERE ISNULL(g.e_eliminado, 0) = 0   AND (gs.id_usuario = ? OR gb.id_usuario_tecnico_temporal = ? OR gb.id_usuario_tecnico_temporal = ? OR gb.id_usuario_tecnico_temporal = ?) ORDER BY CASE WHEN gb.id_usuario_tecnico_temporal = ? THEN 0               WHEN gb.id_usuario_tecnico_temporal = ? THEN 1               WHEN gb.id_usuario_tecnico_temporal = ? THEN 2 ELSE 3 END,          gb.id_grupo_backup DESC, g.id_grupo DESC]
2026-06-23 13:15:18.177 DEBUG 33512 --- [nio-9060-exec-7] o.s.jdbc.datasource.DataSourceUtils      : Fetching JDBC Connection from DataSource
2026-06-23 13:15:18.201 DEBUG 33512 --- [nio-9060-exec-7] o.s.jdbc.core.JdbcTemplate               : Executing prepared SQL query
2026-06-23 13:15:18.201 DEBUG 33512 --- [nio-9060-exec-7] o.s.jdbc.core.JdbcTemplate               : Executing prepared SQL statement [SELECT TOP 1 CAST(ut.id AS INT) AS id_usuario_tecnico FROM dbo.tbl_UsuarioTecnico ut WHERE (ut.id_usuario = ? OR ut.idusuario = ? OR ut.id_tecnico = ? OR ut.idtecnico = ?)   AND ISNULL(ut.e_eliminado, 0) = 0]
2026-06-23 13:15:18.201 DEBUG 33512 --- [nio-9060-exec-7] o.s.jdbc.datasource.DataSourceUtils      : Fetching JDBC Connection from DataSource
2026-06-23 13:15:18.212 DEBUG 33512 --- [nio-9060-exec-7] o.s.jdbc.core.JdbcTemplate               : Executing prepared SQL query
2026-06-23 13:15:18.212 DEBUG 33512 --- [nio-9060-exec-7] o.s.jdbc.core.JdbcTemplate               : Executing prepared SQL statement [SELECT TOP 1 CAST(ut.Id AS INT) AS id_usuario_tecnico FROM dbo.tbl_UsuarioTecnico ut WHERE (ut.Id_Usuario = ? OR ut.IdUsuario = ? OR ut.Id_Tecnico = ? OR ut.IdTecnico = ?)   AND ISNULL(ut.E_Eliminado, 0) = 0]
2026-06-23 13:15:18.212 DEBUG 33512 --- [nio-9060-exec-7] o.s.jdbc.datasource.DataSourceUtils      : Fetching JDBC Connection from DataSource
2026-06-23 13:15:18.219 DEBUG 33512 --- [nio-9060-exec-7] o.s.jdbc.core.JdbcTemplate               : Executing prepared SQL query
2026-06-23 13:15:18.219 DEBUG 33512 --- [nio-9060-exec-7] o.s.jdbc.core.JdbcTemplate               : Executing prepared SQL statement [SELECT TOP 1 CAST(ut.id AS INT) AS id_usuario_tecnico FROM dbo.tbl_usuariotecnico ut WHERE (ut.id_usuario = ? OR ut.idusuario = ? OR ut.id_tecnico = ? OR ut.idtecnico = ?)   AND ISNULL(ut.e_eliminado, 0) = 0]
2026-06-23 13:15:18.219 DEBUG 33512 --- [nio-9060-exec-7] o.s.jdbc.datasource.DataSourceUtils      : Fetching JDBC Connection from DataSource
2026-06-23 13:15:18.225 DEBUG 33512 --- [nio-9060-exec-7] o.s.jdbc.core.JdbcTemplate               : Executing prepared SQL query
2026-06-23 13:15:18.225 DEBUG 33512 --- [nio-9060-exec-7] o.s.jdbc.core.JdbcTemplate               : Executing prepared SQL statement [SELECT TOP 1 CAST(ut.id AS INT) AS id_usuario_tecnico FROM dbo.tbl_usuaritecnico ut WHERE (ut.id_usuario = ? OR ut.idusuario = ? OR ut.id_tecnico = ? OR ut.idtecnico = ?)   AND ISNULL(ut.e_eliminado, 0) = 0]
2026-06-23 13:15:18.225 DEBUG 33512 --- [nio-9060-exec-7] o.s.jdbc.datasource.DataSourceUtils      : Fetching JDBC Connection from DataSource
2026-06-23 13:15:18.231 DEBUG 33512 --- [nio-9060-exec-7] o.s.jdbc.core.JdbcTemplate               : Executing prepared SQL query
2026-06-23 13:15:18.231 DEBUG 33512 --- [nio-9060-exec-7] o.s.jdbc.core.JdbcTemplate               : Executing prepared SQL statement [SELECT TOP 1 CAST(ut.id_vendedor AS INT) AS id_vendedor FROM dbo.tbl_UsuarioTecnico ut WHERE (ut.id_usuario = ? OR ut.idusuario = ? OR ut.id = ? OR ut.id_tecnico = ? OR ut.idtecnico = ?)   AND ISNULL(ut.e_eliminado, 0) = 0 AND ut.id_vendedor IS NOT NULL]
2026-06-23 13:15:18.231 DEBUG 33512 --- [nio-9060-exec-7] o.s.jdbc.datasource.DataSourceUtils      : Fetching JDBC Connection from DataSource
2026-06-23 13:15:18.238 DEBUG 33512 --- [nio-9060-exec-7] o.s.jdbc.core.JdbcTemplate               : Executing prepared SQL query
2026-06-23 13:15:18.238 DEBUG 33512 --- [nio-9060-exec-7] o.s.jdbc.core.JdbcTemplate               : Executing prepared SQL statement [SELECT TOP 1 CAST(ut.Id_Vendedor AS INT) AS id_vendedor FROM dbo.tbl_UsuarioTecnico ut WHERE (ut.Id_Usuario = ? OR ut.IdUsuario = ? OR ut.Id = ? OR ut.Id_Tecnico = ? OR ut.IdTecnico = ?)   AND ISNULL(ut.E_Eliminado, 0) = 0 AND ut.Id_Vendedor IS NOT NULL]
2026-06-23 13:15:18.238 DEBUG 33512 --- [nio-9060-exec-7] o.s.jdbc.datasource.DataSourceUtils      : Fetching JDBC Connection from DataSource
2026-06-23 13:15:18.243 DEBUG 33512 --- [nio-9060-exec-7] o.s.jdbc.core.JdbcTemplate               : Executing prepared SQL query
2026-06-23 13:15:18.243 DEBUG 33512 --- [nio-9060-exec-7] o.s.jdbc.core.JdbcTemplate               : Executing prepared SQL statement [SELECT TOP 1 CAST(ut.idvendedor AS INT) AS id_vendedor FROM dbo.tbl_usuariotecnico ut WHERE (ut.id_usuario = ? OR ut.idusuario = ? OR ut.id = ? OR ut.id_tecnico = ? OR ut.idtecnico = ?)   AND ISNULL(ut.e_eliminado, 0) = 0 AND ut.idvendedor IS NOT NULL]
2026-06-23 13:15:18.243 DEBUG 33512 --- [nio-9060-exec-7] o.s.jdbc.datasource.DataSourceUtils      : Fetching JDBC Connection from DataSource
2026-06-23 13:15:18.247 DEBUG 33512 --- [nio-9060-exec-7] o.s.jdbc.core.JdbcTemplate               : Executing prepared SQL query
2026-06-23 13:15:18.248 DEBUG 33512 --- [nio-9060-exec-7] o.s.jdbc.core.JdbcTemplate               : Executing prepared SQL statement [SELECT TOP 1 g.id_grupo, ISNULL(g.supervisor_ausente, 0) AS supervisor_ausente, gb.id_grupo_backup, gb.id_usuario_tecnico_temporal, ISNULL(gb.e_activo, 0) AS backup_activo, gb.fecha_inicio, gs.id_usuario AS id_usuario_supervisor FROM dbo.tbl_Grupo g LEFT JOIN dbo.tbl_GrupoSup gs ON gs.id_grupo = g.id_grupo LEFT JOIN dbo.tbl_GrupoBackup gb        ON gb.id_grupo = g.id_grupo       AND ISNULL(gb.e_activo, 0) = 1 WHERE ISNULL(g.e_eliminado, 0) = 0   AND (gs.id_usuario = ? OR gb.id_usuario_tecnico_temporal = ? OR gb.id_usuario_tecnico_temporal = ? OR gb.id_usuario_tecnico_temporal = ?) ORDER BY CASE WHEN gb.id_usuario_tecnico_temporal = ? THEN 0               WHEN gb.id_usuario_tecnico_temporal = ? THEN 1               WHEN gb.id_usuario_tecnico_temporal = ? THEN 2 ELSE 3 END,          gb.id_grupo_backup DESC, g.id_grupo DESC]
2026-06-23 13:15:18.248 DEBUG 33512 --- [nio-9060-exec-7] o.s.jdbc.datasource.DataSourceUtils      : Fetching JDBC Connection from DataSource
2026-06-23 13:15:18.253 DEBUG 33512 --- [nio-9060-exec-7] o.s.jdbc.core.JdbcTemplate               : Executing SQL update [IF OBJECT_ID('dbo.backup_temporal', 'U') IS NULL BEGIN CREATE TABLE dbo.backup_temporal (id_backup_temporal INT IDENTITY(1,1) NOT NULL PRIMARY KEY, id_usuario INT NOT NULL, id_grupo INT NULL, id_rol_temporal INT NOT NULL, e_activo BIT NOT NULL CONSTRAINT DF_backup_temporal_e_activo DEFAULT(1), fecha_inicio DATETIME NOT NULL CONSTRAINT DF_backup_temporal_fecha_inicio DEFAULT(GETDATE()), fecha_fin DATETIME NULL, fecha_registro DATETIME NOT NULL CONSTRAINT DF_backup_temporal_fecha_registro DEFAULT(GETDATE()), fecha_actualizacion DATETIME NULL); END]
2026-06-23 13:15:18.253 DEBUG 33512 --- [nio-9060-exec-7] o.s.jdbc.datasource.DataSourceUtils      : Fetching JDBC Connection from DataSource
2026-06-23 13:15:18.262 DEBUG 33512 --- [nio-9060-exec-7] o.s.jdbc.core.JdbcTemplate               : Executing SQL update [IF COL_LENGTH('dbo.backup_temporal', 'id_grupo') IS NULL BEGIN ALTER TABLE dbo.backup_temporal ADD id_grupo INT NULL; END]
2026-06-23 13:15:18.262 DEBUG 33512 --- [nio-9060-exec-7] o.s.jdbc.datasource.DataSourceUtils      : Fetching JDBC Connection from DataSource
2026-06-23 13:15:18.267 DEBUG 33512 --- [nio-9060-exec-7] o.s.jdbc.core.JdbcTemplate               : Executing SQL update [IF NOT EXISTS (SELECT 1 FROM sys.indexes WHERE object_id = OBJECT_ID('dbo.backup_temporal')   AND name = 'IX_backup_temporal_usuario_activo') BEGIN CREATE INDEX IX_backup_temporal_usuario_activo ON dbo.backup_temporal(id_usuario, e_activo, fecha_fin); END]
2026-06-23 13:15:18.267 DEBUG 33512 --- [nio-9060-exec-7] o.s.jdbc.datasource.DataSourceUtils      : Fetching JDBC Connection from DataSource
2026-06-23 13:15:18.272 DEBUG 33512 --- [nio-9060-exec-7] o.s.jdbc.core.JdbcTemplate               : Executing prepared SQL query
2026-06-23 13:15:18.272 DEBUG 33512 --- [nio-9060-exec-7] o.s.jdbc.core.JdbcTemplate               : Executing prepared SQL statement [SELECT TOP 1 CAST(ut.id AS INT) AS alt_id FROM dbo.tbl_UsuarioTecnico ut WHERE (ut.id_usuario = ? OR ut.idusuario = ? OR ut.id_tecnico = ? OR ut.idtecnico = ?)   AND ISNULL(ut.e_eliminado, 0) = 0]
2026-06-23 13:15:18.272 DEBUG 33512 --- [nio-9060-exec-7] o.s.jdbc.datasource.DataSourceUtils      : Fetching JDBC Connection from DataSource
2026-06-23 13:15:18.279 DEBUG 33512 --- [nio-9060-exec-7] o.s.jdbc.core.JdbcTemplate               : Executing prepared SQL query
2026-06-23 13:15:18.279 DEBUG 33512 --- [nio-9060-exec-7] o.s.jdbc.core.JdbcTemplate               : Executing prepared SQL statement [SELECT TOP 1 CAST(ut.id_vendedor AS INT) AS alt_id FROM dbo.tbl_UsuarioTecnico ut WHERE (ut.id_usuario = ? OR ut.idusuario = ? OR ut.id_tecnico = ? OR ut.idtecnico = ?)   AND ISNULL(ut.e_eliminado, 0) = 0   AND ut.id_vendedor IS NOT NULL]
2026-06-23 13:15:18.279 DEBUG 33512 --- [nio-9060-exec-7] o.s.jdbc.datasource.DataSourceUtils      : Fetching JDBC Connection from DataSource
2026-06-23 13:15:18.283 DEBUG 33512 --- [nio-9060-exec-7] o.s.jdbc.core.JdbcTemplate               : Executing prepared SQL query
2026-06-23 13:15:18.283 DEBUG 33512 --- [nio-9060-exec-7] o.s.jdbc.core.JdbcTemplate               : Executing prepared SQL statement [SELECT TOP 1 CAST(ut.Id AS INT) AS alt_id FROM dbo.tbl_UsuarioTecnico ut WHERE (ut.Id_Usuario = ? OR ut.IdUsuario = ? OR ut.Id_Tecnico = ? OR ut.IdTecnico = ?)   AND ISNULL(ut.E_Eliminado, 0) = 0]
2026-06-23 13:15:18.283 DEBUG 33512 --- [nio-9060-exec-7] o.s.jdbc.datasource.DataSourceUtils      : Fetching JDBC Connection from DataSource
2026-06-23 13:15:18.288 DEBUG 33512 --- [nio-9060-exec-7] o.s.jdbc.core.JdbcTemplate               : Executing prepared SQL query
2026-06-23 13:15:18.288 DEBUG 33512 --- [nio-9060-exec-7] o.s.jdbc.core.JdbcTemplate               : Executing prepared SQL statement [SELECT TOP 1 CAST(ut.Id_Vendedor AS INT) AS alt_id FROM dbo.tbl_UsuarioTecnico ut WHERE (ut.Id_Usuario = ? OR ut.IdUsuario = ? OR ut.Id_Tecnico = ? OR ut.IdTecnico = ?)   AND ISNULL(ut.E_Eliminado, 0) = 0   AND ut.Id_Vendedor IS NOT NULL]
2026-06-23 13:15:18.288 DEBUG 33512 --- [nio-9060-exec-7] o.s.jdbc.datasource.DataSourceUtils      : Fetching JDBC Connection from DataSource
2026-06-23 13:15:18.292 DEBUG 33512 --- [nio-9060-exec-9] o.s.w.s.m.m.a.HttpEntityMethodProcessor  : Using 'application/json', given [application/json, text/plain, */*] and supported [application/json, application/*+json, application/json, application/*+json]
2026-06-23 13:15:18.292 DEBUG 33512 --- [nio-9060-exec-9] o.s.w.s.m.m.a.HttpEntityMethodProcessor  : Writing [com.example.TigoStarSystem.common.ApiResponse@34409bdf]
2026-06-23 13:15:18.294 DEBUG 33512 --- [nio-9060-exec-9] .m.m.a.ExceptionHandlerExceptionResolver : Using @ExceptionHandler com.example.TigoStarSystem.common.GlobalExceptionHandler#handleGeneric(Exception, HttpServletRequest)
2026-06-23 13:15:18.302 DEBUG 33512 --- [nio-9060-exec-7] o.s.jdbc.core.JdbcTemplate               : Executing prepared SQL query
2026-06-23 13:15:18.302 DEBUG 33512 --- [nio-9060-exec-7] o.s.jdbc.core.JdbcTemplate               : Executing prepared SQL statement [SELECT TOP 1 CAST(ut.id AS INT) AS alt_id FROM dbo.tbl_usuariotecnico ut WHERE (ut.id_usuario = ? OR ut.idusuario = ? OR ut.id_tecnico = ? OR ut.idtecnico = ?)   AND ISNULL(ut.e_eliminado, 0) = 0]
2026-06-23 13:15:18.302 DEBUG 33512 --- [nio-9060-exec-7] o.s.jdbc.datasource.DataSourceUtils      : Fetching JDBC Connection from DataSource
2026-06-23 13:15:18.302 ERROR 33512 --- [nio-9060-exec-9] c.e.T.common.GlobalExceptionHandler      : Unhandled error on GET /supervisor/supervision/jornadas/pendientes

org.apache.catalina.connector.ClientAbortException: java.io.IOException: An established connection was aborted by the software in your host machine
	at org.apache.catalina.connector.OutputBuffer.realWriteBytes(OutputBuffer.java:348) ~[tomcat-embed-core-9.0.83.jar:9.0.83]
	at org.apache.catalina.connector.OutputBuffer.flushByteBuffer(OutputBuffer.java:777) ~[tomcat-embed-core-9.0.83.jar:9.0.83]
	at org.apache.catalina.connector.OutputBuffer.append(OutputBuffer.java:680) ~[tomcat-embed-core-9.0.83.jar:9.0.83]
	at org.apache.catalina.connector.OutputBuffer.writeBytes(OutputBuffer.java:383) ~[tomcat-embed-core-9.0.83.jar:9.0.83]
	at org.apache.catalina.connector.OutputBuffer.write(OutputBuffer.java:361) ~[tomcat-embed-core-9.0.83.jar:9.0.83]
	at org.apache.catalina.connector.CoyoteOutputStream.write(CoyoteOutputStream.java:97) ~[tomcat-embed-core-9.0.83.jar:9.0.83]
	at org.springframework.util.StreamUtils$NonClosingOutputStream.write(StreamUtils.java:287) ~[spring-core-5.3.31.jar:5.3.31]
	at com.fasterxml.jackson.core.json.UTF8JsonGenerator._flushBuffer(UTF8JsonGenerator.java:2171) ~[jackson-core-2.13.5.jar:2.13.5]
	at com.fasterxml.jackson.core.json.UTF8JsonGenerator._writeStringSegments(UTF8JsonGenerator.java:1313) ~[jackson-core-2.13.5.jar:2.13.5]
	at com.fasterxml.jackson.core.json.UTF8JsonGenerator.writeString(UTF8JsonGenerator.java:511) ~[jackson-core-2.13.5.jar:2.13.5]
	at com.fasterxml.jackson.databind.ser.std.StringSerializer.serialize(StringSerializer.java:41) ~[jackson-databind-2.13.5.jar:2.13.5]
	at com.fasterxml.jackson.databind.ser.std.MapSerializer.serializeFields(MapSerializer.java:808) ~[jackson-databind-2.13.5.jar:2.13.5]
	at com.fasterxml.jackson.databind.ser.std.MapSerializer.serializeWithoutTypeInfo(MapSerializer.java:764) ~[jackson-databind-2.13.5.jar:2.13.5]
	at com.fasterxml.jackson.databind.ser.std.MapSerializer.serialize(MapSerializer.java:720) ~[jackson-databind-2.13.5.jar:2.13.5]
	at com.fasterxml.jackson.databind.ser.std.MapSerializer.serialize(MapSerializer.java:35) ~[jackson-databind-2.13.5.jar:2.13.5]
	at com.fasterxml.jackson.databind.ser.impl.IndexedListSerializer.serializeContents(IndexedListSerializer.java:119) ~[jackson-databind-2.13.5.jar:2.13.5]
	at com.fasterxml.jackson.databind.ser.impl.IndexedListSerializer.serialize(IndexedListSerializer.java:79) ~[jackson-databind-2.13.5.jar:2.13.5]
	at com.fasterxml.jackson.databind.ser.impl.IndexedListSerializer.serialize(IndexedListSerializer.java:18) ~[jackson-databind-2.13.5.jar:2.13.5]
	at com.fasterxml.jackson.databind.ser.BeanPropertyWriter.serializeAsField(BeanPropertyWriter.java:728) ~[jackson-databind-2.13.5.jar:2.13.5]
	at com.fasterxml.jackson.databind.ser.std.BeanSerializerBase.serializeFields(BeanSerializerBase.java:774) ~[jackson-databind-2.13.5.jar:2.13.5]
	at com.fasterxml.jackson.databind.ser.BeanSerializer.serialize(BeanSerializer.java:178) ~[jackson-databind-2.13.5.jar:2.13.5]
	at com.fasterxml.jackson.databind.ser.DefaultSerializerProvider._serialize(DefaultSerializerProvider.java:480) ~[jackson-databind-2.13.5.jar:2.13.5]
	at com.fasterxml.jackson.databind.ser.DefaultSerializerProvider.serializeValue(DefaultSerializerProvider.java:319) ~[jackson-databind-2.13.5.jar:2.13.5]
	at com.fasterxml.jackson.databind.ObjectWriter$Prefetch.serialize(ObjectWriter.java:1518) ~[jackson-databind-2.13.5.jar:2.13.5]
	at com.fasterxml.jackson.databind.ObjectWriter.writeValue(ObjectWriter.java:1007) ~[jackson-databind-2.13.5.jar:2.13.5]
	at org.springframework.http.converter.json.AbstractJackson2HttpMessageConverter.writeInternal(AbstractJackson2HttpMessageConverter.java:456) ~[spring-web-5.3.31.jar:5.3.31]
	at org.springframework.http.converter.AbstractGenericHttpMessageConverter.write(AbstractGenericHttpMessageConverter.java:104) ~[spring-web-5.3.31.jar:5.3.31]
	at org.springframework.web.servlet.mvc.method.annotation.AbstractMessageConverterMethodProcessor.writeWithMessageConverters(AbstractMessageConverterMethodProcessor.java:290) ~[spring-webmvc-5.3.31.jar:5.3.31]
	at org.springframework.web.servlet.mvc.method.annotation.HttpEntityMethodProcessor.handleReturnValue(HttpEntityMethodProcessor.java:219) ~[spring-webmvc-5.3.31.jar:5.3.31]
	at org.springframework.web.method.support.HandlerMethodReturnValueHandlerComposite.handleReturnValue(HandlerMethodReturnValueHandlerComposite.java:78) ~[spring-web-5.3.31.jar:5.3.31]
	at org.springframework.web.servlet.mvc.method.annotation.ServletInvocableHandlerMethod.invokeAndHandle(ServletInvocableHandlerMethod.java:135) ~[spring-webmvc-5.3.31.jar:5.3.31]
	at org.springframework.web.servlet.mvc.method.annotation.RequestMappingHandlerAdapter.invokeHandlerMethod(RequestMappingHandlerAdapter.java:895) ~[spring-webmvc-5.3.31.jar:5.3.31]
	at org.springframework.web.servlet.mvc.method.annotation.RequestMappingHandlerAdapter.handleInternal(RequestMappingHandlerAdapter.java:808) ~[spring-webmvc-5.3.31.jar:5.3.31]
	at org.springframework.web.servlet.mvc.method.AbstractHandlerMethodAdapter.handle(AbstractHandlerMethodAdapter.java:87) ~[spring-webmvc-5.3.31.jar:5.3.31]
	at org.springframework.web.servlet.DispatcherServlet.doDispatch(DispatcherServlet.java:1072) ~[spring-webmvc-5.3.31.jar:5.3.31]
	at org.springframework.web.servlet.DispatcherServlet.doService(DispatcherServlet.java:965) ~[spring-webmvc-5.3.31.jar:5.3.31]
	at org.springframework.web.servlet.FrameworkServlet.processRequest(FrameworkServlet.java:1006) ~[spring-webmvc-5.3.31.jar:5.3.31]
	at org.springframework.web.servlet.FrameworkServlet.doGet(FrameworkServlet.java:898) ~[spring-webmvc-5.3.31.jar:5.3.31]
	at javax.servlet.http.HttpServlet.service(HttpServlet.java:529) ~[tomcat-embed-core-9.0.83.jar:4.0.FR]
	at org.springframework.web.servlet.FrameworkServlet.service(FrameworkServlet.java:883) ~[spring-webmvc-5.3.31.jar:5.3.31]
	at javax.servlet.http.HttpServlet.service(HttpServlet.java:623) ~[tomcat-embed-core-9.0.83.jar:4.0.FR]
	at org.apache.catalina.core.ApplicationFilterChain.internalDoFilter(ApplicationFilterChain.java:209) ~[tomcat-embed-core-9.0.83.jar:9.0.83]
	at org.apache.catalina.core.ApplicationFilterChain.doFilter(ApplicationFilterChain.java:153) ~[tomcat-embed-core-9.0.83.jar:9.0.83]
	at org.apache.tomcat.websocket.server.WsFilter.doFilter(WsFilter.java:51) ~[tomcat-embed-websocket-9.0.83.jar:9.0.83]
	at org.apache.catalina.core.ApplicationFilterChain.internalDoFilter(ApplicationFilterChain.java:178) ~[tomcat-embed-core-9.0.83.jar:9.0.83]
	at org.apache.catalina.core.ApplicationFilterChain.doFilter(ApplicationFilterChain.java:153) ~[tomcat-embed-core-9.0.83.jar:9.0.83]
	at org.springframework.web.filter.RequestContextFilter.doFilterInternal(RequestContextFilter.java:100) ~[spring-web-5.3.31.jar:5.3.31]
	at org.springframework.web.filter.OncePerRequestFilter.doFilter(OncePerRequestFilter.java:117) ~[spring-web-5.3.31.jar:5.3.31]
	at org.apache.catalina.core.ApplicationFilterChain.internalDoFilter(ApplicationFilterChain.java:178) ~[tomcat-embed-core-9.0.83.jar:9.0.83]
	at org.apache.catalina.core.ApplicationFilterChain.doFilter(ApplicationFilterChain.java:153) ~[tomcat-embed-core-9.0.83.jar:9.0.83]
	at org.springframework.web.filter.FormContentFilter.doFilterInternal(FormContentFilter.java:93) ~[spring-web-5.3.31.jar:5.3.31]
	at org.springframework.web.filter.OncePerRequestFilter.doFilter(OncePerRequestFilter.java:117) ~[spring-web-5.3.31.jar:5.3.31]
	at org.apache.catalina.core.ApplicationFilterChain.internalDoFilter(ApplicationFilterChain.java:178) ~[tomcat-embed-core-9.0.83.jar:9.0.83]
	at org.apache.catalina.core.ApplicationFilterChain.doFilter(ApplicationFilterChain.java:153) ~[tomcat-embed-core-9.0.83.jar:9.0.83]
	at org.springframework.web.filter.CharacterEncodingFilter.doFilterInternal(CharacterEncodingFilter.java:201) ~[spring-web-5.3.31.jar:5.3.31]
	at org.springframework.web.filter.OncePerRequestFilter.doFilter(OncePerRequestFilter.java:117) ~[spring-web-5.3.31.jar:5.3.31]
	at org.apache.catalina.core.ApplicationFilterChain.internalDoFilter(ApplicationFilterChain.java:178) ~[tomcat-embed-core-9.0.83.jar:9.0.83]
	at org.apache.catalina.core.ApplicationFilterChain.doFilter(ApplicationFilterChain.java:153) ~[tomcat-embed-core-9.0.83.jar:9.0.83]
	at org.springframework.web.filter.CorsFilter.doFilterInternal(CorsFilter.java:91) ~[spring-web-5.3.31.jar:5.3.31]
	at org.springframework.web.filter.OncePerRequestFilter.doFilter(OncePerRequestFilter.java:117) ~[spring-web-5.3.31.jar:5.3.31]
	at org.apache.catalina.core.ApplicationFilterChain.internalDoFilter(ApplicationFilterChain.java:178) ~[tomcat-embed-core-9.0.83.jar:9.0.83]
	at org.apache.catalina.core.ApplicationFilterChain.doFilter(ApplicationFilterChain.java:153) ~[tomcat-embed-core-9.0.83.jar:9.0.83]
	at org.apache.catalina.core.StandardWrapperValve.invoke(StandardWrapperValve.java:168) ~[tomcat-embed-core-9.0.83.jar:9.0.83]
	at org.apache.catalina.core.StandardContextValve.invoke(StandardContextValve.java:90) ~[tomcat-embed-core-9.0.83.jar:9.0.83]
	at org.apache.catalina.authenticator.AuthenticatorBase.invoke(AuthenticatorBase.java:481) ~[tomcat-embed-core-9.0.83.jar:9.0.83]
	at org.apache.catalina.core.StandardHostValve.invoke(StandardHostValve.java:130) ~[tomcat-embed-core-9.0.83.jar:9.0.83]
	at org.apache.catalina.valves.ErrorReportValve.invoke(ErrorReportValve.java:93) ~[tomcat-embed-core-9.0.83.jar:9.0.83]
	at org.apache.catalina.core.StandardEngineValve.invoke(StandardEngineValve.java:74) ~[tomcat-embed-core-9.0.83.jar:9.0.83]
	at org.apache.catalina.connector.CoyoteAdapter.service(CoyoteAdapter.java:342) ~[tomcat-embed-core-9.0.83.jar:9.0.83]
	at org.apache.coyote.http11.Http11Processor.service(Http11Processor.java:390) ~[tomcat-embed-core-9.0.83.jar:9.0.83]
	at org.apache.coyote.AbstractProcessorLight.process(AbstractProcessorLight.java:63) ~[tomcat-embed-core-9.0.83.jar:9.0.83]
	at org.apache.coyote.AbstractProtocol$ConnectionHandler.process(AbstractProtocol.java:928) ~[tomcat-embed-core-9.0.83.jar:9.0.83]
	at org.apache.tomcat.util.net.NioEndpoint$SocketProcessor.doRun(NioEndpoint.java:1794) ~[tomcat-embed-core-9.0.83.jar:9.0.83]
	at org.apache.tomcat.util.net.SocketProcessorBase.run(SocketProcessorBase.java:52) ~[tomcat-embed-core-9.0.83.jar:9.0.83]
	at org.apache.tomcat.util.threads.ThreadPoolExecutor.runWorker(ThreadPoolExecutor.java:1191) ~[tomcat-embed-core-9.0.83.jar:9.0.83]
	at org.apache.tomcat.util.threads.ThreadPoolExecutor$Worker.run(ThreadPoolExecutor.java:659) ~[tomcat-embed-core-9.0.83.jar:9.0.83]
	at org.apache.tomcat.util.threads.TaskThread$WrappingRunnable.run(TaskThread.java:61) ~[tomcat-embed-core-9.0.83.jar:9.0.83]
	at java.base/java.lang.Thread.run(Thread.java:1583) ~[na:na]
	Suppressed: org.apache.catalina.connector.ClientAbortException: java.io.IOException: An established connection was aborted by the software in your host machine
		at org.apache.catalina.connector.OutputBuffer.realWriteBytes(OutputBuffer.java:348) ~[tomcat-embed-core-9.0.83.jar:9.0.83]
		at org.apache.catalina.connector.OutputBuffer.flushByteBuffer(OutputBuffer.java:777) ~[tomcat-embed-core-9.0.83.jar:9.0.83]
		at org.apache.catalina.connector.OutputBuffer.append(OutputBuffer.java:680) ~[tomcat-embed-core-9.0.83.jar:9.0.83]
		at org.apache.catalina.connector.OutputBuffer.writeBytes(OutputBuffer.java:383) ~[tomcat-embed-core-9.0.83.jar:9.0.83]
		at org.apache.catalina.connector.OutputBuffer.write(OutputBuffer.java:361) ~[tomcat-embed-core-9.0.83.jar:9.0.83]
		at org.apache.catalina.connector.CoyoteOutputStream.write(CoyoteOutputStream.java:97) ~[tomcat-embed-core-9.0.83.jar:9.0.83]
		at org.springframework.util.StreamUtils$NonClosingOutputStream.write(StreamUtils.java:287) ~[spring-core-5.3.31.jar:5.3.31]
		at com.fasterxml.jackson.core.json.UTF8JsonGenerator._flushBuffer(UTF8JsonGenerator.java:2171) ~[jackson-core-2.13.5.jar:2.13.5]
		at com.fasterxml.jackson.core.json.UTF8JsonGenerator.close(UTF8JsonGenerator.java:1214) ~[jackson-core-2.13.5.jar:2.13.5]
		at org.springframework.http.converter.json.AbstractJackson2HttpMessageConverter.writeInternal(AbstractJackson2HttpMessageConverter.java:460) ~[spring-web-5.3.31.jar:5.3.31]
		... 52 common frames omitted
	Caused by: java.io.IOException: An established connection was aborted by the software in your host machine
		at java.base/sun.nio.ch.SocketDispatcher.write0(Native Method)
		at java.base/sun.nio.ch.SocketDispatcher.write(SocketDispatcher.java:54)
		at java.base/sun.nio.ch.IOUtil.writeFromNativeBuffer(IOUtil.java:137)
		at java.base/sun.nio.ch.IOUtil.write(IOUtil.java:102)
		at java.base/sun.nio.ch.IOUtil.write(IOUtil.java:58)
		at java.base/sun.nio.ch.SocketChannelImpl.write(SocketChannelImpl.java:542)
		at org.apache.tomcat.util.net.NioChannel.write(NioChannel.java:136)
		at org.apache.tomcat.util.net.NioEndpoint$NioSocketWrapper.doWrite(NioEndpoint.java:1431)
		at org.apache.tomcat.util.net.SocketWrapperBase.doWrite(SocketWrapperBase.java:775)
		at org.apache.tomcat.util.net.SocketWrapperBase.writeBlocking(SocketWrapperBase.java:600)
		at org.apache.tomcat.util.net.SocketWrapperBase.write(SocketWrapperBase.java:544)
		at org.apache.coyote.http11.Http11OutputBuffer$SocketOutputBuffer.doWrite(Http11OutputBuffer.java:540)
		at org.apache.coyote.http11.filters.ChunkedOutputFilter.doWrite(ChunkedOutputFilter.java:110)
		at org.apache.coyote.http11.Http11OutputBuffer.doWrite(Http11OutputBuffer.java:193)
		at org.apache.coyote.Response.doWrite(Response.java:606)
		at org.apache.catalina.connector.OutputBuffer.realWriteBytes(OutputBuffer.java:335)
		... 61 common frames omitted
Caused by: java.io.IOException: An established connection was aborted by the software in your host machine
	at java.base/sun.nio.ch.SocketDispatcher.write0(Native Method) ~[na:na]
	at java.base/sun.nio.ch.SocketDispatcher.write(SocketDispatcher.java:54) ~[na:na]
	at java.base/sun.nio.ch.IOUtil.writeFromNativeBuffer(IOUtil.java:137) ~[na:na]
	at java.base/sun.nio.ch.IOUtil.write(IOUtil.java:102) ~[na:na]
	at java.base/sun.nio.ch.IOUtil.write(IOUtil.java:58) ~[na:na]
	at java.base/sun.nio.ch.SocketChannelImpl.write(SocketChannelImpl.java:542) ~[na:na]
	at org.apache.tomcat.util.net.NioChannel.write(NioChannel.java:136) ~[tomcat-embed-core-9.0.83.jar:9.0.83]
	at org.apache.tomcat.util.net.NioEndpoint$NioSocketWrapper.doWrite(NioEndpoint.java:1431) ~[tomcat-embed-core-9.0.83.jar:9.0.83]
	at org.apache.tomcat.util.net.SocketWrapperBase.doWrite(SocketWrapperBase.java:775) ~[tomcat-embed-core-9.0.83.jar:9.0.83]
	at org.apache.tomcat.util.net.SocketWrapperBase.writeBlocking(SocketWrapperBase.java:600) ~[tomcat-embed-core-9.0.83.jar:9.0.83]
	at org.apache.tomcat.util.net.SocketWrapperBase.write(SocketWrapperBase.java:544) ~[tomcat-embed-core-9.0.83.jar:9.0.83]
	at org.apache.coyote.http11.Http11OutputBuffer$SocketOutputBuffer.doWrite(Http11OutputBuffer.java:540) ~[tomcat-embed-core-9.0.83.jar:9.0.83]
	at org.apache.coyote.http11.filters.ChunkedOutputFilter.doWrite(ChunkedOutputFilter.java:112) ~[tomcat-embed-core-9.0.83.jar:9.0.83]
	at org.apache.coyote.http11.Http11OutputBuffer.doWrite(Http11OutputBuffer.java:193) ~[tomcat-embed-core-9.0.83.jar:9.0.83]
	at org.apache.coyote.Response.doWrite(Response.java:606) ~[tomcat-embed-core-9.0.83.jar:9.0.83]
	at org.apache.catalina.connector.OutputBuffer.realWriteBytes(OutputBuffer.java:335) ~[tomcat-embed-core-9.0.83.jar:9.0.83]
	... 77 common frames omitted

2026-06-23 13:15:18.303 DEBUG 33512 --- [nio-9060-exec-9] o.s.w.s.m.m.a.HttpEntityMethodProcessor  : Found 'Content-Type:application/json' in response
2026-06-23 13:15:18.304 DEBUG 33512 --- [nio-9060-exec-9] o.s.w.s.m.m.a.HttpEntityMethodProcessor  : Writing [com.example.TigoStarSystem.common.ApiError@26fa3508]
2026-06-23 13:15:18.307  WARN 33512 --- [nio-9060-exec-9] .m.m.a.ExceptionHandlerExceptionResolver : Failure in @ExceptionHandler com.example.TigoStarSystem.common.GlobalExceptionHandler#handleGeneric(Exception, HttpServletRequest)

org.apache.catalina.connector.ClientAbortException: java.io.IOException: An established connection was aborted by the software in your host machine
	at org.apache.catalina.connector.OutputBuffer.realWriteBytes(OutputBuffer.java:348) ~[tomcat-embed-core-9.0.83.jar:9.0.83]
	at org.apache.catalina.connector.OutputBuffer.flushByteBuffer(OutputBuffer.java:777) ~[tomcat-embed-core-9.0.83.jar:9.0.83]
	at org.apache.catalina.connector.OutputBuffer.append(OutputBuffer.java:680) ~[tomcat-embed-core-9.0.83.jar:9.0.83]
	at org.apache.catalina.connector.OutputBuffer.writeBytes(OutputBuffer.java:383) ~[tomcat-embed-core-9.0.83.jar:9.0.83]
	at org.apache.catalina.connector.OutputBuffer.write(OutputBuffer.java:361) ~[tomcat-embed-core-9.0.83.jar:9.0.83]
	at org.apache.catalina.connector.CoyoteOutputStream.write(CoyoteOutputStream.java:97) ~[tomcat-embed-core-9.0.83.jar:9.0.83]
	at org.springframework.util.StreamUtils$NonClosingOutputStream.write(StreamUtils.java:287) ~[spring-core-5.3.31.jar:5.3.31]
	at com.fasterxml.jackson.core.json.UTF8JsonGenerator._flushBuffer(UTF8JsonGenerator.java:2171) ~[jackson-core-2.13.5.jar:2.13.5]
	at com.fasterxml.jackson.core.json.UTF8JsonGenerator.flush(UTF8JsonGenerator.java:1184) ~[jackson-core-2.13.5.jar:2.13.5]
	at com.fasterxml.jackson.databind.ObjectWriter.writeValue(ObjectWriter.java:1009) ~[jackson-databind-2.13.5.jar:2.13.5]
	at org.springframework.http.converter.json.AbstractJackson2HttpMessageConverter.writeInternal(AbstractJackson2HttpMessageConverter.java:456) ~[spring-web-5.3.31.jar:5.3.31]
	at org.springframework.http.converter.AbstractGenericHttpMessageConverter.write(AbstractGenericHttpMessageConverter.java:104) ~[spring-web-5.3.31.jar:5.3.31]
	at org.springframework.web.servlet.mvc.method.annotation.AbstractMessageConverterMethodProcessor.writeWithMessageConverters(AbstractMessageConverterMethodProcessor.java:290) ~[spring-webmvc-5.3.31.jar:5.3.31]
	at org.springframework.web.servlet.mvc.method.annotation.HttpEntityMethodProcessor.handleReturnValue(HttpEntityMethodProcessor.java:219) ~[spring-webmvc-5.3.31.jar:5.3.31]
	at org.springframework.web.method.support.HandlerMethodReturnValueHandlerComposite.handleReturnValue(HandlerMethodReturnValueHandlerComposite.java:78) ~[spring-web-5.3.31.jar:5.3.31]
	at org.springframework.web.servlet.mvc.method.annotation.ServletInvocableHandlerMethod.invokeAndHandle(ServletInvocableHandlerMethod.java:135) ~[spring-webmvc-5.3.31.jar:5.3.31]
	at org.springframework.web.servlet.mvc.method.annotation.ExceptionHandlerExceptionResolver.doResolveHandlerMethodException(ExceptionHandlerExceptionResolver.java:428) ~[spring-webmvc-5.3.31.jar:5.3.31]
	at org.springframework.web.servlet.handler.AbstractHandlerMethodExceptionResolver.doResolveException(AbstractHandlerMethodExceptionResolver.java:75) ~[spring-webmvc-5.3.31.jar:5.3.31]
	at org.springframework.web.servlet.handler.AbstractHandlerExceptionResolver.resolveException(AbstractHandlerExceptionResolver.java:142) ~[spring-webmvc-5.3.31.jar:5.3.31]
	at org.springframework.web.servlet.handler.HandlerExceptionResolverComposite.resolveException(HandlerExceptionResolverComposite.java:80) ~[spring-webmvc-5.3.31.jar:5.3.31]
	at org.springframework.web.servlet.DispatcherServlet.processHandlerException(DispatcherServlet.java:1332) ~[spring-webmvc-5.3.31.jar:5.3.31]
	at org.springframework.web.servlet.DispatcherServlet.processDispatchResult(DispatcherServlet.java:1143) ~[spring-webmvc-5.3.31.jar:5.3.31]
	at org.springframework.web.servlet.DispatcherServlet.doDispatch(DispatcherServlet.java:1089) ~[spring-webmvc-5.3.31.jar:5.3.31]
	at org.springframework.web.servlet.DispatcherServlet.doService(DispatcherServlet.java:965) ~[spring-webmvc-5.3.31.jar:5.3.31]
	at org.springframework.web.servlet.FrameworkServlet.processRequest(FrameworkServlet.java:1006) ~[spring-webmvc-5.3.31.jar:5.3.31]
	at org.springframework.web.servlet.FrameworkServlet.doGet(FrameworkServlet.java:898) ~[spring-webmvc-5.3.31.jar:5.3.31]
	at javax.servlet.http.HttpServlet.service(HttpServlet.java:529) ~[tomcat-embed-core-9.0.83.jar:4.0.FR]
	at org.springframework.web.servlet.FrameworkServlet.service(FrameworkServlet.java:883) ~[spring-webmvc-5.3.31.jar:5.3.31]
	at javax.servlet.http.HttpServlet.service(HttpServlet.java:623) ~[tomcat-embed-core-9.0.83.jar:4.0.FR]
	at org.apache.catalina.core.ApplicationFilterChain.internalDoFilter(ApplicationFilterChain.java:209) ~[tomcat-embed-core-9.0.83.jar:9.0.83]
	at org.apache.catalina.core.ApplicationFilterChain.doFilter(ApplicationFilterChain.java:153) ~[tomcat-embed-core-9.0.83.jar:9.0.83]
	at org.apache.tomcat.websocket.server.WsFilter.doFilter(WsFilter.java:51) ~[tomcat-embed-websocket-9.0.83.jar:9.0.83]
	at org.apache.catalina.core.ApplicationFilterChain.internalDoFilter(ApplicationFilterChain.java:178) ~[tomcat-embed-core-9.0.83.jar:9.0.83]
	at org.apache.catalina.core.ApplicationFilterChain.doFilter(ApplicationFilterChain.java:153) ~[tomcat-embed-core-9.0.83.jar:9.0.83]
	at org.springframework.web.filter.RequestContextFilter.doFilterInternal(RequestContextFilter.java:100) ~[spring-web-5.3.31.jar:5.3.31]
	at org.springframework.web.filter.OncePerRequestFilter.doFilter(OncePerRequestFilter.java:117) ~[spring-web-5.3.31.jar:5.3.31]
	at org.apache.catalina.core.ApplicationFilterChain.internalDoFilter(ApplicationFilterChain.java:178) ~[tomcat-embed-core-9.0.83.jar:9.0.83]
	at org.apache.catalina.core.ApplicationFilterChain.doFilter(ApplicationFilterChain.java:153) ~[tomcat-embed-core-9.0.83.jar:9.0.83]
	at org.springframework.web.filter.FormContentFilter.doFilterInternal(FormContentFilter.java:93) ~[spring-web-5.3.31.jar:5.3.31]
	at org.springframework.web.filter.OncePerRequestFilter.doFilter(OncePerRequestFilter.java:117) ~[spring-web-5.3.31.jar:5.3.31]
	at org.apache.catalina.core.ApplicationFilterChain.internalDoFilter(ApplicationFilterChain.java:178) ~[tomcat-embed-core-9.0.83.jar:9.0.83]
	at org.apache.catalina.core.ApplicationFilterChain.doFilter(ApplicationFilterChain.java:153) ~[tomcat-embed-core-9.0.83.jar:9.0.83]
	at org.springframework.web.filter.CharacterEncodingFilter.doFilterInternal(CharacterEncodingFilter.java:201) ~[spring-web-5.3.31.jar:5.3.31]
	at org.springframework.web.filter.OncePerRequestFilter.doFilter(OncePerRequestFilter.java:117) ~[spring-web-5.3.31.jar:5.3.31]
	at org.apache.catalina.core.ApplicationFilterChain.internalDoFilter(ApplicationFilterChain.java:178) ~[tomcat-embed-core-9.0.83.jar:9.0.83]
	at org.apache.catalina.core.ApplicationFilterChain.doFilter(ApplicationFilterChain.java:153) ~[tomcat-embed-core-9.0.83.jar:9.0.83]
	at org.springframework.web.filter.CorsFilter.doFilterInternal(CorsFilter.java:91) ~[spring-web-5.3.31.jar:5.3.31]
	at org.springframework.web.filter.OncePerRequestFilter.doFilter(OncePerRequestFilter.java:117) ~[spring-web-5.3.31.jar:5.3.31]
	at org.apache.catalina.core.ApplicationFilterChain.internalDoFilter(ApplicationFilterChain.java:178) ~[tomcat-embed-core-9.0.83.jar:9.0.83]
	at org.apache.catalina.core.ApplicationFilterChain.doFilter(ApplicationFilterChain.java:153) ~[tomcat-embed-core-9.0.83.jar:9.0.83]
	at org.apache.catalina.core.StandardWrapperValve.invoke(StandardWrapperValve.java:168) ~[tomcat-embed-core-9.0.83.jar:9.0.83]
	at org.apache.catalina.core.StandardContextValve.invoke(StandardContextValve.java:90) ~[tomcat-embed-core-9.0.83.jar:9.0.83]
	at org.apache.catalina.authenticator.AuthenticatorBase.invoke(AuthenticatorBase.java:481) ~[tomcat-embed-core-9.0.83.jar:9.0.83]
	at org.apache.catalina.core.StandardHostValve.invoke(StandardHostValve.java:130) ~[tomcat-embed-core-9.0.83.jar:9.0.83]
	at org.apache.catalina.valves.ErrorReportValve.invoke(ErrorReportValve.java:93) ~[tomcat-embed-core-9.0.83.jar:9.0.83]
	at org.apache.catalina.core.StandardEngineValve.invoke(StandardEngineValve.java:74) ~[tomcat-embed-core-9.0.83.jar:9.0.83]
	at org.apache.catalina.connector.CoyoteAdapter.service(CoyoteAdapter.java:342) ~[tomcat-embed-core-9.0.83.jar:9.0.83]
	at org.apache.coyote.http11.Http11Processor.service(Http11Processor.java:390) ~[tomcat-embed-core-9.0.83.jar:9.0.83]
	at org.apache.coyote.AbstractProcessorLight.process(AbstractProcessorLight.java:63) ~[tomcat-embed-core-9.0.83.jar:9.0.83]
	at org.apache.coyote.AbstractProtocol$ConnectionHandler.process(AbstractProtocol.java:928) ~[tomcat-embed-core-9.0.83.jar:9.0.83]
	at org.apache.tomcat.util.net.NioEndpoint$SocketProcessor.doRun(NioEndpoint.java:1794) ~[tomcat-embed-core-9.0.83.jar:9.0.83]
	at org.apache.tomcat.util.net.SocketProcessorBase.run(SocketProcessorBase.java:52) ~[tomcat-embed-core-9.0.83.jar:9.0.83]
	at org.apache.tomcat.util.threads.ThreadPoolExecutor.runWorker(ThreadPoolExecutor.java:1191) ~[tomcat-embed-core-9.0.83.jar:9.0.83]
	at org.apache.tomcat.util.threads.ThreadPoolExecutor$Worker.run(ThreadPoolExecutor.java:659) ~[tomcat-embed-core-9.0.83.jar:9.0.83]
	at org.apache.tomcat.util.threads.TaskThread$WrappingRunnable.run(TaskThread.java:61) ~[tomcat-embed-core-9.0.83.jar:9.0.83]
	at java.base/java.lang.Thread.run(Thread.java:1583) ~[na:na]
Caused by: java.io.IOException: An established connection was aborted by the software in your host machine
	at java.base/sun.nio.ch.SocketDispatcher.write0(Native Method) ~[na:na]
	at java.base/sun.nio.ch.SocketDispatcher.write(SocketDispatcher.java:54) ~[na:na]
	at java.base/sun.nio.ch.IOUtil.writeFromNativeBuffer(IOUtil.java:137) ~[na:na]
	at java.base/sun.nio.ch.IOUtil.write(IOUtil.java:102) ~[na:na]
	at java.base/sun.nio.ch.IOUtil.write(IOUtil.java:58) ~[na:na]
	at java.base/sun.nio.ch.SocketChannelImpl.write(SocketChannelImpl.java:542) ~[na:na]
	at org.apache.tomcat.util.net.NioChannel.write(NioChannel.java:136) ~[tomcat-embed-core-9.0.83.jar:9.0.83]
	at org.apache.tomcat.util.net.NioEndpoint$NioSocketWrapper.doWrite(NioEndpoint.java:1431) ~[tomcat-embed-core-9.0.83.jar:9.0.83]
	at org.apache.tomcat.util.net.SocketWrapperBase.doWrite(SocketWrapperBase.java:775) ~[tomcat-embed-core-9.0.83.jar:9.0.83]
	at org.apache.tomcat.util.net.SocketWrapperBase.writeBlocking(SocketWrapperBase.java:600) ~[tomcat-embed-core-9.0.83.jar:9.0.83]
	at org.apache.tomcat.util.net.SocketWrapperBase.write(SocketWrapperBase.java:544) ~[tomcat-embed-core-9.0.83.jar:9.0.83]
	at org.apache.coyote.http11.Http11OutputBuffer$SocketOutputBuffer.doWrite(Http11OutputBuffer.java:540) ~[tomcat-embed-core-9.0.83.jar:9.0.83]
	at org.apache.coyote.http11.filters.ChunkedOutputFilter.doWrite(ChunkedOutputFilter.java:110) ~[tomcat-embed-core-9.0.83.jar:9.0.83]
	at org.apache.coyote.http11.Http11OutputBuffer.doWrite(Http11OutputBuffer.java:193) ~[tomcat-embed-core-9.0.83.jar:9.0.83]
	at org.apache.coyote.Response.doWrite(Response.java:606) ~[tomcat-embed-core-9.0.83.jar:9.0.83]
	at org.apache.catalina.connector.OutputBuffer.realWriteBytes(OutputBuffer.java:335) ~[tomcat-embed-core-9.0.83.jar:9.0.83]
	... 65 common frames omitted

2026-06-23 13:15:18.308 DEBUG 33512 --- [nio-9060-exec-9] o.s.web.servlet.DispatcherServlet        : Failed to complete request: org.apache.catalina.connector.ClientAbortException: java.io.IOException: An established connection was aborted by the software in your host machine
2026-06-23 13:15:18.316 DEBUG 33512 --- [nio-9060-exec-7] o.s.jdbc.core.JdbcTemplate               : Executing prepared SQL query
2026-06-23 13:15:18.316 DEBUG 33512 --- [nio-9060-exec-7] o.s.jdbc.core.JdbcTemplate               : Executing prepared SQL statement [SELECT TOP 1 CAST(ut.id_vendedor AS INT) AS alt_id FROM dbo.tbl_usuariotecnico ut WHERE (ut.id_usuario = ? OR ut.idusuario = ? OR ut.id_tecnico = ? OR ut.idtecnico = ?)   AND ISNULL(ut.e_eliminado, 0) = 0   AND ut.id_vendedor IS NOT NULL]
2026-06-23 13:15:18.316 DEBUG 33512 --- [nio-9060-exec-7] o.s.jdbc.datasource.DataSourceUtils      : Fetching JDBC Connection from DataSource
2026-06-23 13:15:18.321 DEBUG 33512 --- [nio-9060-exec-7] o.s.jdbc.core.JdbcTemplate               : Executing prepared SQL query
2026-06-23 13:15:18.321 DEBUG 33512 --- [nio-9060-exec-7] o.s.jdbc.core.JdbcTemplate               : Executing prepared SQL statement [SELECT TOP 1 CAST(ut.id AS INT) AS alt_id FROM dbo.tbl_UsuarioTecnico ut WHERE (ut.id_usuario = ? OR ut.idusuario = ? OR ut.id_tecnico = ? OR ut.idtecnico = ?)   AND ISNULL(ut.e_eliminado, 0) = 0]
2026-06-23 13:15:18.321 DEBUG 33512 --- [nio-9060-exec-7] o.s.jdbc.datasource.DataSourceUtils      : Fetching JDBC Connection from DataSource
2026-06-23 13:15:18.331 DEBUG 33512 --- [nio-9060-exec-7] o.s.jdbc.core.JdbcTemplate               : Executing prepared SQL query
2026-06-23 13:15:18.332 DEBUG 33512 --- [nio-9060-exec-7] o.s.jdbc.core.JdbcTemplate               : Executing prepared SQL statement [SELECT TOP 1 CAST(ut.id_vendedor AS INT) AS alt_id FROM dbo.tbl_UsuarioTecnico ut WHERE (ut.id_usuario = ? OR ut.idusuario = ? OR ut.id_tecnico = ? OR ut.idtecnico = ?)   AND ISNULL(ut.e_eliminado, 0) = 0   AND ut.id_vendedor IS NOT NULL]
2026-06-23 13:15:18.332 DEBUG 33512 --- [nio-9060-exec-7] o.s.jdbc.datasource.DataSourceUtils      : Fetching JDBC Connection from DataSource
2026-06-23 13:15:18.338 DEBUG 33512 --- [nio-9060-exec-7] o.s.jdbc.core.JdbcTemplate               : Executing prepared SQL query
2026-06-23 13:15:18.338 DEBUG 33512 --- [nio-9060-exec-7] o.s.jdbc.core.JdbcTemplate               : Executing prepared SQL statement [SELECT TOP 1 CAST(ut.Id AS INT) AS alt_id FROM dbo.tbl_UsuarioTecnico ut WHERE (ut.Id_Usuario = ? OR ut.IdUsuario = ? OR ut.Id_Tecnico = ? OR ut.IdTecnico = ?)   AND ISNULL(ut.E_Eliminado, 0) = 0]
2026-06-23 13:15:18.338 DEBUG 33512 --- [nio-9060-exec-7] o.s.jdbc.datasource.DataSourceUtils      : Fetching JDBC Connection from DataSource
2026-06-23 13:15:18.343 DEBUG 33512 --- [nio-9060-exec-7] o.s.jdbc.core.JdbcTemplate               : Executing prepared SQL query
2026-06-23 13:15:18.343 DEBUG 33512 --- [nio-9060-exec-7] o.s.jdbc.core.JdbcTemplate               : Executing prepared SQL statement [SELECT TOP 1 CAST(ut.Id_Vendedor AS INT) AS alt_id FROM dbo.tbl_UsuarioTecnico ut WHERE (ut.Id_Usuario = ? OR ut.IdUsuario = ? OR ut.Id_Tecnico = ? OR ut.IdTecnico = ?)   AND ISNULL(ut.E_Eliminado, 0) = 0   AND ut.Id_Vendedor IS NOT NULL]
2026-06-23 13:15:18.343 DEBUG 33512 --- [nio-9060-exec-7] o.s.jdbc.datasource.DataSourceUtils      : Fetching JDBC Connection from DataSource
2026-06-23 13:15:18.349 DEBUG 33512 --- [nio-9060-exec-7] o.s.jdbc.core.JdbcTemplate               : Executing prepared SQL query
2026-06-23 13:15:18.349 DEBUG 33512 --- [nio-9060-exec-7] o.s.jdbc.core.JdbcTemplate               : Executing prepared SQL statement [SELECT TOP 1 CAST(ut.id AS INT) AS alt_id FROM dbo.tbl_usuariotecnico ut WHERE (ut.id_usuario = ? OR ut.idusuario = ? OR ut.id_tecnico = ? OR ut.idtecnico = ?)   AND ISNULL(ut.e_eliminado, 0) = 0]
2026-06-23 13:15:18.349 DEBUG 33512 --- [nio-9060-exec-7] o.s.jdbc.datasource.DataSourceUtils      : Fetching JDBC Connection from DataSource
2026-06-23 13:15:18.353 DEBUG 33512 --- [nio-9060-exec-7] o.s.jdbc.core.JdbcTemplate               : Executing prepared SQL query
2026-06-23 13:15:18.353 DEBUG 33512 --- [nio-9060-exec-7] o.s.jdbc.core.JdbcTemplate               : Executing prepared SQL statement [SELECT TOP 1 CAST(ut.id_vendedor AS INT) AS alt_id FROM dbo.tbl_usuariotecnico ut WHERE (ut.id_usuario = ? OR ut.idusuario = ? OR ut.id_tecnico = ? OR ut.idtecnico = ?)   AND ISNULL(ut.e_eliminado, 0) = 0   AND ut.id_vendedor IS NOT NULL]
2026-06-23 13:15:18.353 DEBUG 33512 --- [nio-9060-exec-7] o.s.jdbc.datasource.DataSourceUtils      : Fetching JDBC Connection from DataSource
2026-06-23 13:15:18.355 DEBUG 33512 --- [nio-9060-exec-8] o.s.web.servlet.DispatcherServlet        : GET "/supervisor/supervision/jornadas/pendientes", parameters={}
2026-06-23 13:15:18.355 DEBUG 33512 --- [nio-9060-exec-8] s.w.s.m.m.a.RequestMappingHandlerMapping : Mapped to com.example.TigoStarSystem.supervision.controller.SupervisionController#listarJornadasPendientes(String)
2026-06-23 13:15:18.358 DEBUG 33512 --- [nio-9060-exec-8] o.s.jdbc.core.JdbcTemplate               : Executing SQL query [EXEC dbo.spx_ObtenerSucursalesConexionWeb]
2026-06-23 13:15:18.358 DEBUG 33512 --- [nio-9060-exec-8] o.s.jdbc.datasource.DataSourceUtils      : Fetching JDBC Connection from DataSource
2026-06-23 13:15:18.360 DEBUG 33512 --- [nio-9060-exec-7] o.s.jdbc.core.JdbcTemplate               : Executing prepared SQL query
2026-06-23 13:15:18.360 DEBUG 33512 --- [nio-9060-exec-7] o.s.jdbc.core.JdbcTemplate               : Executing prepared SQL statement [SELECT TOP 1 CAST(ut.id AS INT) AS alt_id FROM dbo.tbl_UsuarioTecnico ut WHERE (ut.id_usuario = ? OR ut.idusuario = ? OR ut.id_tecnico = ? OR ut.idtecnico = ?)   AND ISNULL(ut.e_eliminado, 0) = 0]
2026-06-23 13:15:18.360 DEBUG 33512 --- [nio-9060-exec-7] o.s.jdbc.datasource.DataSourceUtils      : Fetching JDBC Connection from DataSource
2026-06-23 13:15:18.365 DEBUG 33512 --- [nio-9060-exec-8] o.s.jdbc.core.JdbcTemplate               : Executing prepared SQL query
2026-06-23 13:15:18.365 DEBUG 33512 --- [nio-9060-exec-8] o.s.jdbc.core.JdbcTemplate               : Executing prepared SQL statement [EXEC dbo.SP_Inicio_ListarPendientesSupervisorHoy ?]
2026-06-23 13:15:18.365 DEBUG 33512 --- [nio-9060-exec-8] o.s.jdbc.datasource.DataSourceUtils      : Fetching JDBC Connection from DataSource
2026-06-23 13:15:18.371 DEBUG 33512 --- [nio-9060-exec-7] o.s.jdbc.core.JdbcTemplate               : Executing prepared SQL query
2026-06-23 13:15:18.371 DEBUG 33512 --- [nio-9060-exec-7] o.s.jdbc.core.JdbcTemplate               : Executing prepared SQL statement [SELECT TOP 1 CAST(ut.id_vendedor AS INT) AS alt_id FROM dbo.tbl_UsuarioTecnico ut WHERE (ut.id_usuario = ? OR ut.idusuario = ? OR ut.id_tecnico = ? OR ut.idtecnico = ?)   AND ISNULL(ut.e_eliminado, 0) = 0   AND ut.id_vendedor IS NOT NULL]
2026-06-23 13:15:18.371 DEBUG 33512 --- [nio-9060-exec-7] o.s.jdbc.datasource.DataSourceUtils      : Fetching JDBC Connection from DataSource
2026-06-23 13:15:18.379 DEBUG 33512 --- [nio-9060-exec-7] o.s.jdbc.core.JdbcTemplate               : Executing prepared SQL query
2026-06-23 13:15:18.379 DEBUG 33512 --- [nio-9060-exec-7] o.s.jdbc.core.JdbcTemplate               : Executing prepared SQL statement [SELECT TOP 1 CAST(ut.Id AS INT) AS alt_id FROM dbo.tbl_UsuarioTecnico ut WHERE (ut.Id_Usuario = ? OR ut.IdUsuario = ? OR ut.Id_Tecnico = ? OR ut.IdTecnico = ?)   AND ISNULL(ut.E_Eliminado, 0) = 0]
2026-06-23 13:15:18.379 DEBUG 33512 --- [nio-9060-exec-7] o.s.jdbc.datasource.DataSourceUtils      : Fetching JDBC Connection from DataSource
2026-06-23 13:15:18.417 DEBUG 33512 --- [nio-9060-exec-1] o.s.web.servlet.DispatcherServlet        : GET "/supervisor/supervision/catalogos/tipos-penalizacion", parameters={}
2026-06-23 13:15:18.417 DEBUG 33512 --- [io-9060-exec-10] o.s.web.servlet.DispatcherServlet        : GET "/supervisor/supervision?limite=300", parameters={masked}
2026-06-23 13:15:18.417 DEBUG 33512 --- [nio-9060-exec-1] s.w.s.m.m.a.RequestMappingHandlerMapping : Mapped to com.example.TigoStarSystem.supervision.controller.SupervisionController#listarTiposPenalizacion(String)
2026-06-23 13:15:18.417 DEBUG 33512 --- [io-9060-exec-10] s.w.s.m.m.a.RequestMappingHandlerMapping : Mapped to com.example.TigoStarSystem.supervision.controller.SupervisionController#listar(String, LocalDate, LocalDate, Integer)
2026-06-23 13:15:18.419 DEBUG 33512 --- [nio-9060-exec-1] o.s.jdbc.core.JdbcTemplate               : Executing SQL query [EXEC dbo.SP_Supervision_ListarTiposPenalizacion]
2026-06-23 13:15:18.419 DEBUG 33512 --- [io-9060-exec-10] o.s.jdbc.core.JdbcTemplate               : Executing prepared SQL query
2026-06-23 13:15:18.420 DEBUG 33512 --- [nio-9060-exec-1] o.s.jdbc.datasource.DataSourceUtils      : Fetching JDBC Connection from DataSource
2026-06-23 13:15:18.420 DEBUG 33512 --- [io-9060-exec-10] o.s.jdbc.core.JdbcTemplate               : Executing prepared SQL statement [EXEC dbo.spx_ListarSupervisionManual ?, ?, ?, ?]
2026-06-23 13:15:18.420 DEBUG 33512 --- [io-9060-exec-10] o.s.jdbc.datasource.DataSourceUtils      : Fetching JDBC Connection from DataSource
2026-06-23 13:15:18.433 DEBUG 33512 --- [nio-9060-exec-3] o.s.web.servlet.DispatcherServlet        : GET "/supervisor/supervision/agenda?limite=300", parameters={masked}
2026-06-23 13:15:18.433 DEBUG 33512 --- [nio-9060-exec-3] s.w.s.m.m.a.RequestMappingHandlerMapping : Mapped to com.example.TigoStarSystem.supervision.controller.SupervisionController#listarAgenda(String, LocalDate, LocalDate, Integer)
2026-06-23 13:15:18.435 DEBUG 33512 --- [nio-9060-exec-3] o.s.jdbc.core.JdbcTemplate               : Executing prepared SQL query
2026-06-23 13:15:18.435 DEBUG 33512 --- [nio-9060-exec-3] o.s.jdbc.core.JdbcTemplate               : Executing prepared SQL statement [EXEC dbo.spx_ListarSupervisionPendiente ?, ?, ?, ?]
2026-06-23 13:15:18.435 DEBUG 33512 --- [nio-9060-exec-3] o.s.jdbc.datasource.DataSourceUtils      : Fetching JDBC Connection from DataSource
2026-06-23 13:15:18.450 DEBUG 33512 --- [nio-9060-exec-1] o.s.w.s.m.m.a.HttpEntityMethodProcessor  : Using 'application/json', given [application/json, text/plain, */*] and supported [application/json, application/*+json, application/json, application/*+json]
2026-06-23 13:15:18.450 DEBUG 33512 --- [nio-9060-exec-1] o.s.w.s.m.m.a.HttpEntityMethodProcessor  : Writing [com.example.TigoStarSystem.common.ApiResponse@7cf4d411]
2026-06-23 13:15:18.451 DEBUG 33512 --- [nio-9060-exec-1] o.s.web.servlet.DispatcherServlet        : Completed 200 OK
2026-06-23 13:15:18.475 DEBUG 33512 --- [onnection adder] com.zaxxer.hikari.pool.HikariPool        : TigoHogarHikariPool - Added connection net.sourceforge.jtds.jdbc.JtdsConnection@7ad25dfc
2026-06-23 13:15:18.475 DEBUG 33512 --- [io-9060-exec-10] o.s.w.s.m.m.a.HttpEntityMethodProcessor  : Using 'application/json', given [application/json, text/plain, */*] and supported [application/json, application/*+json, application/json, application/*+json]
2026-06-23 13:15:18.475 DEBUG 33512 --- [io-9060-exec-10] o.s.w.s.m.m.a.HttpEntityMethodProcessor  : Writing [com.example.TigoStarSystem.common.ApiResponse@609b255c]
2026-06-23 13:15:18.477 DEBUG 33512 --- [io-9060-exec-10] o.s.web.servlet.DispatcherServlet        : Completed 200 OK
2026-06-23 13:15:18.502 DEBUG 33512 --- [nio-9060-exec-3] o.s.w.s.m.m.a.HttpEntityMethodProcessor  : Using 'application/json', given [application/json, text/plain, */*] and supported [application/json, application/*+json, application/json, application/*+json]
2026-06-23 13:15:18.502 DEBUG 33512 --- [nio-9060-exec-3] o.s.w.s.m.m.a.HttpEntityMethodProcessor  : Writing [com.example.TigoStarSystem.common.ApiResponse@69962cb4]
2026-06-23 13:15:18.502 DEBUG 33512 --- [nio-9060-exec-3] o.s.web.servlet.DispatcherServlet        : Completed 200 OK
2026-06-23 13:15:18.625 DEBUG 33512 --- [nio-9060-exec-7] o.s.jdbc.core.JdbcTemplate               : Executing prepared SQL query
2026-06-23 13:15:18.625 DEBUG 33512 --- [nio-9060-exec-7] o.s.jdbc.core.JdbcTemplate               : Executing prepared SQL statement [SELECT TOP 1 CAST(ut.Id_Vendedor AS INT) AS alt_id FROM dbo.tbl_UsuarioTecnico ut WHERE (ut.Id_Usuario = ? OR ut.IdUsuario = ? OR ut.Id_Tecnico = ? OR ut.IdTecnico = ?)   AND ISNULL(ut.E_Eliminado, 0) = 0   AND ut.Id_Vendedor IS NOT NULL]
2026-06-23 13:15:18.625 DEBUG 33512 --- [nio-9060-exec-7] o.s.jdbc.datasource.DataSourceUtils      : Fetching JDBC Connection from DataSource
2026-06-23 13:15:18.642 DEBUG 33512 --- [nio-9060-exec-7] o.s.jdbc.core.JdbcTemplate               : Executing prepared SQL query
2026-06-23 13:15:18.642 DEBUG 33512 --- [nio-9060-exec-7] o.s.jdbc.core.JdbcTemplate               : Executing prepared SQL statement [SELECT TOP 1 CAST(ut.id AS INT) AS alt_id FROM dbo.tbl_usuariotecnico ut WHERE (ut.id_usuario = ? OR ut.idusuario = ? OR ut.id_tecnico = ? OR ut.idtecnico = ?)   AND ISNULL(ut.e_eliminado, 0) = 0]
2026-06-23 13:15:18.642 DEBUG 33512 --- [nio-9060-exec-7] o.s.jdbc.datasource.DataSourceUtils      : Fetching JDBC Connection from DataSource
2026-06-23 13:15:18.662 DEBUG 33512 --- [nio-9060-exec-7] o.s.jdbc.core.JdbcTemplate               : Executing prepared SQL query
2026-06-23 13:15:18.662 DEBUG 33512 --- [nio-9060-exec-7] o.s.jdbc.core.JdbcTemplate               : Executing prepared SQL statement [SELECT TOP 1 CAST(ut.id_vendedor AS INT) AS alt_id FROM dbo.tbl_usuariotecnico ut WHERE (ut.id_usuario = ? OR ut.idusuario = ? OR ut.id_tecnico = ? OR ut.idtecnico = ?)   AND ISNULL(ut.e_eliminado, 0) = 0   AND ut.id_vendedor IS NOT NULL]
2026-06-23 13:15:18.662 DEBUG 33512 --- [nio-9060-exec-7] o.s.jdbc.datasource.DataSourceUtils      : Fetching JDBC Connection from DataSource
2026-06-23 13:15:18.676 DEBUG 33512 --- [nio-9060-exec-7] o.s.jdbc.core.JdbcTemplate               : Executing prepared SQL query
2026-06-23 13:15:18.676 DEBUG 33512 --- [nio-9060-exec-7] o.s.jdbc.core.JdbcTemplate               : Executing prepared SQL statement [SELECT TOP 1 1 AS ok FROM dbo.backup_temporal bt WHERE bt.id_usuario = ?   AND ISNULL(bt.e_activo, 1) = 1   AND (bt.fecha_fin IS NULL OR bt.fecha_fin > GETDATE()) ORDER BY bt.id_backup_temporal DESC]
2026-06-23 13:15:18.676 DEBUG 33512 --- [nio-9060-exec-7] o.s.jdbc.datasource.DataSourceUtils      : Fetching JDBC Connection from DataSource
2026-06-23 13:15:18.682  INFO 33512 --- [nio-9060-exec-7] c.e.T.p.service.PrivilegioService        : [PERMISOS] idUsuarioSesion=86, rolSesion=Supervisor, backupContexto=false, backupTemporal=false, idGrupo=null, idSupervisorContexto=null, idRolPermisos=9, idUsuarioPermisos=86
2026-06-23 13:15:18.682 DEBUG 33512 --- [nio-9060-exec-7] o.s.jdbc.core.JdbcTemplate               : Executing SQL query [EXEC dbo.spx_ObtenerPrivilegiosRoles]
2026-06-23 13:15:18.682 DEBUG 33512 --- [nio-9060-exec-7] o.s.jdbc.datasource.DataSourceUtils      : Fetching JDBC Connection from DataSource
2026-06-23 13:15:18.771 DEBUG 33512 --- [nio-9060-exec-6] o.s.web.servlet.DispatcherServlet        : GET "/supervisor/supervision/jornadas/confirmadas-hoy", parameters={}
2026-06-23 13:15:18.771 DEBUG 33512 --- [nio-9060-exec-6] s.w.s.m.m.a.RequestMappingHandlerMapping : Mapped to com.example.TigoStarSystem.supervision.controller.SupervisionController#listarJornadasConfirmadasHoy(String)
2026-06-23 13:15:18.772 DEBUG 33512 --- [nio-9060-exec-6] o.s.jdbc.core.JdbcTemplate               : Executing SQL query [EXEC dbo.spx_ObtenerSucursalesConexionWeb]
2026-06-23 13:15:18.773 DEBUG 33512 --- [nio-9060-exec-6] o.s.jdbc.datasource.DataSourceUtils      : Fetching JDBC Connection from DataSource
2026-06-23 13:15:18.815 DEBUG 33512 --- [nio-9060-exec-6] o.s.jdbc.core.JdbcTemplate               : Executing prepared SQL query
2026-06-23 13:15:18.815 DEBUG 33512 --- [nio-9060-exec-6] o.s.jdbc.core.JdbcTemplate               : Executing prepared SQL statement [EXEC dbo.SP_Inicio_ListarConfirmadosSupervisorHoy ?]
2026-06-23 13:15:18.815 DEBUG 33512 --- [nio-9060-exec-6] o.s.jdbc.datasource.DataSourceUtils      : Fetching JDBC Connection from DataSource
2026-06-23 13:15:18.998 DEBUG 33512 --- [nio-9060-exec-2] o.s.jdbc.core.JdbcTemplate               : Executing prepared SQL query
2026-06-23 13:15:18.998 DEBUG 33512 --- [nio-9060-exec-2] o.s.jdbc.core.JdbcTemplate               : Executing prepared SQL statement [SELECT TOP 1 Id_Vendedor, Nombre, CodEmpleado FROM dbo.tbl_Vendedor WHERE Id_Vendedor = ? AND ISNULL(E_Eliminado,0)=0]
2026-06-23 13:15:18.998 DEBUG 33512 --- [nio-9060-exec-2] o.s.jdbc.datasource.DataSourceUtils      : Fetching JDBC Connection from DataSource
2026-06-23 13:15:19.061 DEBUG 33512 --- [nio-9060-exec-2] o.s.jdbc.core.JdbcTemplate               : Executing prepared SQL query
2026-06-23 13:15:19.061 DEBUG 33512 --- [nio-9060-exec-2] o.s.jdbc.core.JdbcTemplate               : Executing prepared SQL statement [SELECT TOP 1 Id_Vendedor, Nombre, CodEmpleado FROM dbo.tbl_Vendedor WHERE Id_Vendedor = ? AND ISNULL(E_Eliminado,0)=0]
2026-06-23 13:15:19.061 DEBUG 33512 --- [nio-9060-exec-2] o.s.jdbc.datasource.DataSourceUtils      : Fetching JDBC Connection from DataSource
2026-06-23 13:15:19.064 DEBUG 33512 --- [nio-9060-exec-7] o.s.jdbc.core.JdbcTemplate               : Executing prepared SQL query
2026-06-23 13:15:19.064 DEBUG 33512 --- [nio-9060-exec-7] o.s.jdbc.core.JdbcTemplate               : Executing prepared SQL statement [EXEC dbo.spx_ObtenerPrivilegiosRolDetalle ?]
2026-06-23 13:15:19.064 DEBUG 33512 --- [nio-9060-exec-7] o.s.jdbc.datasource.DataSourceUtils      : Fetching JDBC Connection from DataSource
2026-06-23 13:15:19.084 DEBUG 33512 --- [nio-9060-exec-2] o.s.jdbc.core.JdbcTemplate               : Executing prepared SQL query
2026-06-23 13:15:19.084 DEBUG 33512 --- [nio-9060-exec-2] o.s.jdbc.core.JdbcTemplate               : Executing prepared SQL statement [SELECT TOP 1 Id_Vendedor, Nombre, CodEmpleado FROM dbo.tbl_Vendedor WHERE Id_Vendedor = ? AND ISNULL(E_Eliminado,0)=0]
2026-06-23 13:15:19.084 DEBUG 33512 --- [nio-9060-exec-2] o.s.jdbc.datasource.DataSourceUtils      : Fetching JDBC Connection from DataSource
2026-06-23 13:15:19.091 DEBUG 33512 --- [nio-9060-exec-2] o.s.jdbc.core.JdbcTemplate               : Executing prepared SQL query
2026-06-23 13:15:19.091 DEBUG 33512 --- [nio-9060-exec-2] o.s.jdbc.core.JdbcTemplate               : Executing prepared SQL statement [SELECT TOP 1 Id_Vendedor, Nombre, CodEmpleado FROM dbo.tbl_Vendedor WHERE Id_Vendedor = ? AND ISNULL(E_Eliminado,0)=0]
2026-06-23 13:15:19.091 DEBUG 33512 --- [nio-9060-exec-2] o.s.jdbc.datasource.DataSourceUtils      : Fetching JDBC Connection from DataSource
2026-06-23 13:15:19.098 DEBUG 33512 --- [nio-9060-exec-2] o.s.jdbc.core.JdbcTemplate               : Executing prepared SQL query
2026-06-23 13:15:19.098 DEBUG 33512 --- [nio-9060-exec-2] o.s.jdbc.core.JdbcTemplate               : Executing prepared SQL statement [SELECT TOP 1 Id_Vendedor, Nombre, CodEmpleado FROM dbo.tbl_Vendedor WHERE Id_Vendedor = ? AND ISNULL(E_Eliminado,0)=0]
2026-06-23 13:15:19.098 DEBUG 33512 --- [nio-9060-exec-2] o.s.jdbc.datasource.DataSourceUtils      : Fetching JDBC Connection from DataSource
2026-06-23 13:15:19.102 DEBUG 33512 --- [nio-9060-exec-2] o.s.jdbc.core.JdbcTemplate               : Executing prepared SQL query
2026-06-23 13:15:19.102 DEBUG 33512 --- [nio-9060-exec-2] o.s.jdbc.core.JdbcTemplate               : Executing prepared SQL statement [SELECT TOP 1 Id_Vendedor, Nombre, CodEmpleado FROM dbo.tbl_Vendedor WHERE Id_Vendedor = ? AND ISNULL(E_Eliminado,0)=0]
2026-06-23 13:15:19.102 DEBUG 33512 --- [nio-9060-exec-2] o.s.jdbc.datasource.DataSourceUtils      : Fetching JDBC Connection from DataSource
2026-06-23 13:15:19.112 DEBUG 33512 --- [nio-9060-exec-2] o.s.jdbc.core.JdbcTemplate               : Executing prepared SQL query
2026-06-23 13:15:19.112 DEBUG 33512 --- [nio-9060-exec-2] o.s.jdbc.core.JdbcTemplate               : Executing prepared SQL statement [SELECT TOP 1 Id_Vendedor, Nombre, CodEmpleado FROM dbo.tbl_Vendedor WHERE Id_Vendedor = ? AND ISNULL(E_Eliminado,0)=0]
2026-06-23 13:15:19.112 DEBUG 33512 --- [nio-9060-exec-2] o.s.jdbc.datasource.DataSourceUtils      : Fetching JDBC Connection from DataSource
2026-06-23 13:15:19.170 DEBUG 33512 --- [nio-9060-exec-2] o.s.jdbc.core.JdbcTemplate               : Executing prepared SQL query
2026-06-23 13:15:19.171 DEBUG 33512 --- [nio-9060-exec-2] o.s.jdbc.core.JdbcTemplate               : Executing prepared SQL statement [SELECT TOP 1 Id_Vendedor, Nombre, CodEmpleado FROM dbo.tbl_Vendedor WHERE Id_Vendedor = ? AND ISNULL(E_Eliminado,0)=0]
2026-06-23 13:15:19.171 DEBUG 33512 --- [nio-9060-exec-2] o.s.jdbc.datasource.DataSourceUtils      : Fetching JDBC Connection from DataSource
2026-06-23 13:15:19.178 DEBUG 33512 --- [nio-9060-exec-7] o.s.w.s.m.m.a.HttpEntityMethodProcessor  : Using 'application/json', given [application/json, text/plain, */*] and supported [application/json, application/*+json, application/json, application/*+json]
2026-06-23 13:15:19.178 DEBUG 33512 --- [nio-9060-exec-7] o.s.w.s.m.m.a.HttpEntityMethodProcessor  : Writing [com.example.TigoStarSystem.common.ApiResponse@318b1422]
2026-06-23 13:15:19.181 DEBUG 33512 --- [nio-9060-exec-7] o.s.web.servlet.DispatcherServlet        : Completed 200 OK
2026-06-23 13:15:19.184 DEBUG 33512 --- [nio-9060-exec-2] o.s.jdbc.core.JdbcTemplate               : Executing prepared SQL query
2026-06-23 13:15:19.184 DEBUG 33512 --- [nio-9060-exec-2] o.s.jdbc.core.JdbcTemplate               : Executing prepared SQL statement [SELECT TOP 1 Id_Vendedor, Nombre, CodEmpleado FROM dbo.tbl_Vendedor WHERE Id_Vendedor = ? AND ISNULL(E_Eliminado,0)=0]
2026-06-23 13:15:19.184 DEBUG 33512 --- [nio-9060-exec-2] o.s.jdbc.datasource.DataSourceUtils      : Fetching JDBC Connection from DataSource
2026-06-23 13:15:19.190 DEBUG 33512 --- [nio-9060-exec-2] o.s.jdbc.core.JdbcTemplate               : Executing prepared SQL query
2026-06-23 13:15:19.190 DEBUG 33512 --- [nio-9060-exec-2] o.s.jdbc.core.JdbcTemplate               : Executing prepared SQL statement [SELECT TOP 1 Id_Vendedor, Nombre, CodEmpleado FROM dbo.tbl_Vendedor WHERE Id_Vendedor = ? AND ISNULL(E_Eliminado,0)=0]
2026-06-23 13:15:19.190 DEBUG 33512 --- [nio-9060-exec-2] o.s.jdbc.datasource.DataSourceUtils      : Fetching JDBC Connection from DataSource
2026-06-23 13:15:19.196 DEBUG 33512 --- [nio-9060-exec-2] o.s.jdbc.core.JdbcTemplate               : Executing prepared SQL query
2026-06-23 13:15:19.196 DEBUG 33512 --- [nio-9060-exec-2] o.s.jdbc.core.JdbcTemplate               : Executing prepared SQL statement [SELECT TOP 1 Id_Vendedor, Nombre, CodEmpleado FROM dbo.tbl_Vendedor WHERE Id_Vendedor = ? AND ISNULL(E_Eliminado,0)=0]
2026-06-23 13:15:19.196 DEBUG 33512 --- [nio-9060-exec-2] o.s.jdbc.datasource.DataSourceUtils      : Fetching JDBC Connection from DataSource
2026-06-23 13:15:19.205 DEBUG 33512 --- [nio-9060-exec-2] o.s.jdbc.core.JdbcTemplate               : Executing prepared SQL query
2026-06-23 13:15:19.205 DEBUG 33512 --- [nio-9060-exec-2] o.s.jdbc.core.JdbcTemplate               : Executing prepared SQL statement [SELECT TOP 1 Id_Vendedor, Nombre, CodEmpleado FROM dbo.tbl_Vendedor WHERE Id_Vendedor = ? AND ISNULL(E_Eliminado,0)=0]
2026-06-23 13:15:19.205 DEBUG 33512 --- [nio-9060-exec-2] o.s.jdbc.datasource.DataSourceUtils      : Fetching JDBC Connection from DataSource
2026-06-23 13:15:19.230 DEBUG 33512 --- [nio-9060-exec-2] o.s.jdbc.core.JdbcTemplate               : Executing prepared SQL query
2026-06-23 13:15:19.230 DEBUG 33512 --- [nio-9060-exec-2] o.s.jdbc.core.JdbcTemplate               : Executing prepared SQL statement [SELECT TOP 1 Id_Vendedor, Nombre, CodEmpleado FROM dbo.tbl_Vendedor WHERE Id_Vendedor = ? AND ISNULL(E_Eliminado,0)=0]
2026-06-23 13:15:19.230 DEBUG 33512 --- [nio-9060-exec-2] o.s.jdbc.datasource.DataSourceUtils      : Fetching JDBC Connection from DataSource
2026-06-23 13:15:19.265 DEBUG 33512 --- [nio-9060-exec-2] o.s.jdbc.core.JdbcTemplate               : Executing prepared SQL query
2026-06-23 13:15:19.265 DEBUG 33512 --- [nio-9060-exec-2] o.s.jdbc.core.JdbcTemplate               : Executing prepared SQL statement [SELECT TOP 1 Id_Vendedor, Nombre, CodEmpleado FROM dbo.tbl_Vendedor WHERE Id_Vendedor = ? AND ISNULL(E_Eliminado,0)=0]
2026-06-23 13:15:19.265 DEBUG 33512 --- [nio-9060-exec-2] o.s.jdbc.datasource.DataSourceUtils      : Fetching JDBC Connection from DataSource
2026-06-23 13:15:19.273 DEBUG 33512 --- [nio-9060-exec-2] o.s.jdbc.core.JdbcTemplate               : Executing prepared SQL query
2026-06-23 13:15:19.273 DEBUG 33512 --- [nio-9060-exec-2] o.s.jdbc.core.JdbcTemplate               : Executing prepared SQL statement [SELECT TOP 1 Id_Vendedor, Nombre, CodEmpleado FROM dbo.tbl_Vendedor WHERE Id_Vendedor = ? AND ISNULL(E_Eliminado,0)=0]
2026-06-23 13:15:19.273 DEBUG 33512 --- [nio-9060-exec-2] o.s.jdbc.datasource.DataSourceUtils      : Fetching JDBC Connection from DataSource
2026-06-23 13:15:19.319 DEBUG 33512 --- [nio-9060-exec-2] o.s.jdbc.core.JdbcTemplate               : Executing prepared SQL query
2026-06-23 13:15:19.319 DEBUG 33512 --- [nio-9060-exec-2] o.s.jdbc.core.JdbcTemplate               : Executing prepared SQL statement [SELECT TOP 1 Id_Vendedor, Nombre, CodEmpleado FROM dbo.tbl_Vendedor WHERE Id_Vendedor = ? AND ISNULL(E_Eliminado,0)=0]
2026-06-23 13:15:19.319 DEBUG 33512 --- [nio-9060-exec-2] o.s.jdbc.datasource.DataSourceUtils      : Fetching JDBC Connection from DataSource
2026-06-23 13:15:19.373 DEBUG 33512 --- [nio-9060-exec-2] o.s.jdbc.core.JdbcTemplate               : Executing prepared SQL query
2026-06-23 13:15:19.373 DEBUG 33512 --- [nio-9060-exec-2] o.s.jdbc.core.JdbcTemplate               : Executing prepared SQL statement [SELECT TOP 1 Id_Vendedor, Nombre, CodEmpleado FROM dbo.tbl_Vendedor WHERE Id_Vendedor = ? AND ISNULL(E_Eliminado,0)=0]
2026-06-23 13:15:19.373 DEBUG 33512 --- [nio-9060-exec-2] o.s.jdbc.datasource.DataSourceUtils      : Fetching JDBC Connection from DataSource
2026-06-23 13:15:19.700 DEBUG 33512 --- [nio-9060-exec-2] o.s.jdbc.core.JdbcTemplate               : Executing prepared SQL query
2026-06-23 13:15:19.700 DEBUG 33512 --- [nio-9060-exec-2] o.s.jdbc.core.JdbcTemplate               : Executing prepared SQL statement [SELECT TOP 1 Id_Vendedor, Nombre, CodEmpleado FROM dbo.tbl_Vendedor WHERE Id_Vendedor = ? AND ISNULL(E_Eliminado,0)=0]
2026-06-23 13:15:19.700 DEBUG 33512 --- [nio-9060-exec-2] o.s.jdbc.datasource.DataSourceUtils      : Fetching JDBC Connection from DataSource
2026-06-23 13:15:19.704 DEBUG 33512 --- [nio-9060-exec-2] o.s.jdbc.core.JdbcTemplate               : Executing prepared SQL query
2026-06-23 13:15:19.704 DEBUG 33512 --- [nio-9060-exec-2] o.s.jdbc.core.JdbcTemplate               : Executing prepared SQL statement [SELECT TOP 1 Id_Vendedor, Nombre, CodEmpleado FROM dbo.tbl_Vendedor WHERE Id_Vendedor = ? AND ISNULL(E_Eliminado,0)=0]
2026-06-23 13:15:19.704 DEBUG 33512 --- [nio-9060-exec-2] o.s.jdbc.datasource.DataSourceUtils      : Fetching JDBC Connection from DataSource
2026-06-23 13:15:19.709 DEBUG 33512 --- [nio-9060-exec-2] o.s.jdbc.core.JdbcTemplate               : Executing prepared SQL query
2026-06-23 13:15:19.709 DEBUG 33512 --- [nio-9060-exec-2] o.s.jdbc.core.JdbcTemplate               : Executing prepared SQL statement [SELECT TOP 1 Id_Vendedor, Nombre, CodEmpleado FROM dbo.tbl_Vendedor WHERE Id_Vendedor = ? AND ISNULL(E_Eliminado,0)=0]
2026-06-23 13:15:19.709 DEBUG 33512 --- [nio-9060-exec-2] o.s.jdbc.datasource.DataSourceUtils      : Fetching JDBC Connection from DataSource
2026-06-23 13:15:19.714 DEBUG 33512 --- [nio-9060-exec-2] o.s.jdbc.core.JdbcTemplate               : Executing prepared SQL query
2026-06-23 13:15:19.714 DEBUG 33512 --- [nio-9060-exec-2] o.s.jdbc.core.JdbcTemplate               : Executing prepared SQL statement [SELECT TOP 1 Id_Vendedor, Nombre, CodEmpleado FROM dbo.tbl_Vendedor WHERE Id_Vendedor = ? AND ISNULL(E_Eliminado,0)=0]
2026-06-23 13:15:19.714 DEBUG 33512 --- [nio-9060-exec-2] o.s.jdbc.datasource.DataSourceUtils      : Fetching JDBC Connection from DataSource
2026-06-23 13:15:19.727 DEBUG 33512 --- [nio-9060-exec-2] o.s.jdbc.core.JdbcTemplate               : Executing prepared SQL query
2026-06-23 13:15:19.727 DEBUG 33512 --- [nio-9060-exec-2] o.s.jdbc.core.JdbcTemplate               : Executing prepared SQL statement [SELECT TOP 1 Id_Vendedor, Nombre, CodEmpleado FROM dbo.tbl_Vendedor WHERE Id_Vendedor = ? AND ISNULL(E_Eliminado,0)=0]
2026-06-23 13:15:19.727 DEBUG 33512 --- [nio-9060-exec-2] o.s.jdbc.datasource.DataSourceUtils      : Fetching JDBC Connection from DataSource
2026-06-23 13:15:19.745 DEBUG 33512 --- [nio-9060-exec-2] o.s.jdbc.core.JdbcTemplate               : Executing prepared SQL query
2026-06-23 13:15:19.745 DEBUG 33512 --- [nio-9060-exec-2] o.s.jdbc.core.JdbcTemplate               : Executing prepared SQL statement [SELECT TOP 1 Id_Vendedor, Nombre, CodEmpleado FROM dbo.tbl_Vendedor WHERE Id_Vendedor = ? AND ISNULL(E_Eliminado,0)=0]
2026-06-23 13:15:19.745 DEBUG 33512 --- [nio-9060-exec-2] o.s.jdbc.datasource.DataSourceUtils      : Fetching JDBC Connection from DataSource
2026-06-23 13:15:19.761 DEBUG 33512 --- [nio-9060-exec-2] o.s.jdbc.core.JdbcTemplate               : Executing prepared SQL query
2026-06-23 13:15:19.761 DEBUG 33512 --- [nio-9060-exec-2] o.s.jdbc.core.JdbcTemplate               : Executing prepared SQL statement [SELECT TOP 1 Id_Vendedor, Nombre, CodEmpleado FROM dbo.tbl_Vendedor WHERE Id_Vendedor = ? AND ISNULL(E_Eliminado,0)=0]
2026-06-23 13:15:19.761 DEBUG 33512 --- [nio-9060-exec-2] o.s.jdbc.datasource.DataSourceUtils      : Fetching JDBC Connection from DataSource
2026-06-23 13:15:19.765 DEBUG 33512 --- [nio-9060-exec-2] o.s.jdbc.core.JdbcTemplate               : Executing prepared SQL query
2026-06-23 13:15:19.765 DEBUG 33512 --- [nio-9060-exec-2] o.s.jdbc.core.JdbcTemplate               : Executing prepared SQL statement [SELECT TOP 1 Id_Vendedor, Nombre, CodEmpleado FROM dbo.tbl_Vendedor WHERE Id_Vendedor = ? AND ISNULL(E_Eliminado,0)=0]
2026-06-23 13:15:19.765 DEBUG 33512 --- [nio-9060-exec-2] o.s.jdbc.datasource.DataSourceUtils      : Fetching JDBC Connection from DataSource
2026-06-23 13:15:19.771 DEBUG 33512 --- [nio-9060-exec-2] o.s.jdbc.core.JdbcTemplate               : Executing prepared SQL query
2026-06-23 13:15:19.771 DEBUG 33512 --- [nio-9060-exec-2] o.s.jdbc.core.JdbcTemplate               : Executing prepared SQL statement [SELECT TOP 1 Id_Vendedor, Nombre, CodEmpleado FROM dbo.tbl_Vendedor WHERE Id_Vendedor = ? AND ISNULL(E_Eliminado,0)=0]
2026-06-23 13:15:19.771 DEBUG 33512 --- [nio-9060-exec-2] o.s.jdbc.datasource.DataSourceUtils      : Fetching JDBC Connection from DataSource
2026-06-23 13:15:19.777 DEBUG 33512 --- [nio-9060-exec-2] o.s.jdbc.core.JdbcTemplate               : Executing prepared SQL query
2026-06-23 13:15:19.777 DEBUG 33512 --- [nio-9060-exec-2] o.s.jdbc.core.JdbcTemplate               : Executing prepared SQL statement [SELECT TOP 1 Id_Vendedor, Nombre, CodEmpleado FROM dbo.tbl_Vendedor WHERE Id_Vendedor = ? AND ISNULL(E_Eliminado,0)=0]
2026-06-23 13:15:19.777 DEBUG 33512 --- [nio-9060-exec-2] o.s.jdbc.datasource.DataSourceUtils      : Fetching JDBC Connection from DataSource
2026-06-23 13:15:19.784 DEBUG 33512 --- [nio-9060-exec-2] o.s.jdbc.core.JdbcTemplate               : Executing prepared SQL query
2026-06-23 13:15:19.784 DEBUG 33512 --- [nio-9060-exec-2] o.s.jdbc.core.JdbcTemplate               : Executing prepared SQL statement [SELECT TOP 1 Id_Vendedor, Nombre, CodEmpleado FROM dbo.tbl_Vendedor WHERE Id_Vendedor = ? AND ISNULL(E_Eliminado,0)=0]
2026-06-23 13:15:19.784 DEBUG 33512 --- [nio-9060-exec-2] o.s.jdbc.datasource.DataSourceUtils      : Fetching JDBC Connection from DataSource
2026-06-23 13:15:19.789 DEBUG 33512 --- [nio-9060-exec-2] o.s.jdbc.core.JdbcTemplate               : Executing prepared SQL query
2026-06-23 13:15:19.789 DEBUG 33512 --- [nio-9060-exec-2] o.s.jdbc.core.JdbcTemplate               : Executing prepared SQL statement [SELECT TOP 1 Id_Vendedor, Nombre, CodEmpleado FROM dbo.tbl_Vendedor WHERE Id_Vendedor = ? AND ISNULL(E_Eliminado,0)=0]
2026-06-23 13:15:19.789 DEBUG 33512 --- [nio-9060-exec-2] o.s.jdbc.datasource.DataSourceUtils      : Fetching JDBC Connection from DataSource
2026-06-23 13:15:19.795 DEBUG 33512 --- [nio-9060-exec-2] o.s.jdbc.core.JdbcTemplate               : Executing prepared SQL query
2026-06-23 13:15:19.795 DEBUG 33512 --- [nio-9060-exec-2] o.s.jdbc.core.JdbcTemplate               : Executing prepared SQL statement [SELECT TOP 1 Id_Vendedor, Nombre, CodEmpleado FROM dbo.tbl_Vendedor WHERE Id_Vendedor = ? AND ISNULL(E_Eliminado,0)=0]
2026-06-23 13:15:19.795 DEBUG 33512 --- [nio-9060-exec-2] o.s.jdbc.datasource.DataSourceUtils      : Fetching JDBC Connection from DataSource
2026-06-23 13:15:19.799 DEBUG 33512 --- [nio-9060-exec-2] o.s.w.s.m.m.a.HttpEntityMethodProcessor  : Using 'application/json', given [application/json, text/plain, */*] and supported [application/json, application/*+json, application/json, application/*+json]
2026-06-23 13:15:19.800 DEBUG 33512 --- [nio-9060-exec-2] o.s.w.s.m.m.a.HttpEntityMethodProcessor  : Writing [com.example.TigoStarSystem.common.ApiResponse@7d0aee80]
2026-06-23 13:15:19.801 DEBUG 33512 --- [nio-9060-exec-2] o.s.web.servlet.DispatcherServlet        : Completed 200 OK
2026-06-23 13:15:21.040 DEBUG 33512 --- [nio-9060-exec-6] o.s.jdbc.core.JdbcTemplate               : Executing SQL query [EXEC dbo.spx_ObtenerSucursalesConexion]
2026-06-23 13:15:21.041 DEBUG 33512 --- [nio-9060-exec-6] o.s.jdbc.datasource.DataSourceUtils      : Fetching JDBC Connection from DataSource
2026-06-23 13:15:21.065 DEBUG 33512 --- [nio-9060-exec-6] o.s.jdbc.core.JdbcTemplate               : Executing SQL query [EXEC dbo.spx_ObtenerSucursalesConexion]
2026-06-23 13:15:21.066 DEBUG 33512 --- [nio-9060-exec-6] o.s.jdbc.datasource.DataSourceUtils      : Fetching JDBC Connection from DataSource
2026-06-23 13:15:21.074 DEBUG 33512 --- [nio-9060-exec-6] o.s.jdbc.core.JdbcTemplate               : Executing SQL query [EXEC dbo.SP_Usuario_ListarActivosBasico]
2026-06-23 13:15:21.074 DEBUG 33512 --- [nio-9060-exec-6] o.s.jdbc.datasource.DataSourceUtils      : Fetching JDBC Connection from DataSource
2026-06-23 13:15:21.091 DEBUG 33512 --- [nio-9060-exec-6] o.s.jdbc.core.JdbcTemplate               : Executing prepared SQL query
2026-06-23 13:15:21.091 DEBUG 33512 --- [nio-9060-exec-6] o.s.jdbc.core.JdbcTemplate               : Executing prepared SQL statement [SELECT * FROM dbo.tbl_InicioJornadaAlturas WHERE id_inicio IN (?,?)]
2026-06-23 13:15:21.091 DEBUG 33512 --- [nio-9060-exec-6] o.s.jdbc.datasource.DataSourceUtils      : Fetching JDBC Connection from DataSource
2026-06-23 13:15:23.907 DEBUG 33512 --- [nio-9060-exec-6] o.s.w.s.m.m.a.HttpEntityMethodProcessor  : Using 'application/json', given [application/json, text/plain, */*] and supported [application/json, application/*+json, application/json, application/*+json]
2026-06-23 13:15:23.907 DEBUG 33512 --- [nio-9060-exec-6] o.s.w.s.m.m.a.HttpEntityMethodProcessor  : Writing [com.example.TigoStarSystem.common.ApiResponse@32cf2e21]
2026-06-23 13:15:23.963 DEBUG 33512 --- [nio-9060-exec-6] o.s.web.servlet.DispatcherServlet        : Completed 200 OK
2026-06-23 13:15:24.295 DEBUG 33512 --- [nio-9060-exec-4] o.s.w.s.m.m.a.HttpEntityMethodProcessor  : Using 'application/json', given [application/json, text/plain, */*] and supported [application/json, application/*+json, application/json, application/*+json]
2026-06-23 13:15:24.295 DEBUG 33512 --- [nio-9060-exec-4] o.s.w.s.m.m.a.HttpEntityMethodProcessor  : Writing [com.example.TigoStarSystem.common.ApiResponse@2d4587a3]
2026-06-23 13:15:24.297 DEBUG 33512 --- [nio-9060-exec-4] .m.m.a.ExceptionHandlerExceptionResolver : Using @ExceptionHandler com.example.TigoStarSystem.common.GlobalExceptionHandler#handleGeneric(Exception, HttpServletRequest)
2026-06-23 13:15:24.299 ERROR 33512 --- [nio-9060-exec-4] c.e.T.common.GlobalExceptionHandler      : Unhandled error on GET /supervisor/supervision/jornadas/confirmadas-hoy

org.apache.catalina.connector.ClientAbortException: java.io.IOException: An established connection was aborted by the software in your host machine
	at org.apache.catalina.connector.OutputBuffer.realWriteBytes(OutputBuffer.java:348) ~[tomcat-embed-core-9.0.83.jar:9.0.83]
	at org.apache.catalina.connector.OutputBuffer.flushByteBuffer(OutputBuffer.java:777) ~[tomcat-embed-core-9.0.83.jar:9.0.83]
	at org.apache.catalina.connector.OutputBuffer.append(OutputBuffer.java:680) ~[tomcat-embed-core-9.0.83.jar:9.0.83]
	at org.apache.catalina.connector.OutputBuffer.writeBytes(OutputBuffer.java:383) ~[tomcat-embed-core-9.0.83.jar:9.0.83]
	at org.apache.catalina.connector.OutputBuffer.write(OutputBuffer.java:361) ~[tomcat-embed-core-9.0.83.jar:9.0.83]
	at org.apache.catalina.connector.CoyoteOutputStream.write(CoyoteOutputStream.java:97) ~[tomcat-embed-core-9.0.83.jar:9.0.83]
	at org.springframework.util.StreamUtils$NonClosingOutputStream.write(StreamUtils.java:287) ~[spring-core-5.3.31.jar:5.3.31]
	at com.fasterxml.jackson.core.json.UTF8JsonGenerator._flushBuffer(UTF8JsonGenerator.java:2171) ~[jackson-core-2.13.5.jar:2.13.5]
	at com.fasterxml.jackson.core.json.UTF8JsonGenerator._writeStringSegments(UTF8JsonGenerator.java:1313) ~[jackson-core-2.13.5.jar:2.13.5]
	at com.fasterxml.jackson.core.json.UTF8JsonGenerator.writeString(UTF8JsonGenerator.java:511) ~[jackson-core-2.13.5.jar:2.13.5]
	at com.fasterxml.jackson.databind.ser.std.StringSerializer.serialize(StringSerializer.java:41) ~[jackson-databind-2.13.5.jar:2.13.5]
	at com.fasterxml.jackson.databind.ser.std.MapSerializer.serializeFields(MapSerializer.java:808) ~[jackson-databind-2.13.5.jar:2.13.5]
	at com.fasterxml.jackson.databind.ser.std.MapSerializer.serializeWithoutTypeInfo(MapSerializer.java:764) ~[jackson-databind-2.13.5.jar:2.13.5]
	at com.fasterxml.jackson.databind.ser.std.MapSerializer.serialize(MapSerializer.java:720) ~[jackson-databind-2.13.5.jar:2.13.5]
	at com.fasterxml.jackson.databind.ser.std.MapSerializer.serialize(MapSerializer.java:35) ~[jackson-databind-2.13.5.jar:2.13.5]
	at com.fasterxml.jackson.databind.ser.impl.IndexedListSerializer.serializeContents(IndexedListSerializer.java:119) ~[jackson-databind-2.13.5.jar:2.13.5]
	at com.fasterxml.jackson.databind.ser.impl.IndexedListSerializer.serialize(IndexedListSerializer.java:79) ~[jackson-databind-2.13.5.jar:2.13.5]
	at com.fasterxml.jackson.databind.ser.impl.IndexedListSerializer.serialize(IndexedListSerializer.java:18) ~[jackson-databind-2.13.5.jar:2.13.5]
	at com.fasterxml.jackson.databind.ser.BeanPropertyWriter.serializeAsField(BeanPropertyWriter.java:728) ~[jackson-databind-2.13.5.jar:2.13.5]
	at com.fasterxml.jackson.databind.ser.std.BeanSerializerBase.serializeFields(BeanSerializerBase.java:774) ~[jackson-databind-2.13.5.jar:2.13.5]
	at com.fasterxml.jackson.databind.ser.BeanSerializer.serialize(BeanSerializer.java:178) ~[jackson-databind-2.13.5.jar:2.13.5]
	at com.fasterxml.jackson.databind.ser.DefaultSerializerProvider._serialize(DefaultSerializerProvider.java:480) ~[jackson-databind-2.13.5.jar:2.13.5]
	at com.fasterxml.jackson.databind.ser.DefaultSerializerProvider.serializeValue(DefaultSerializerProvider.java:319) ~[jackson-databind-2.13.5.jar:2.13.5]
	at com.fasterxml.jackson.databind.ObjectWriter$Prefetch.serialize(ObjectWriter.java:1518) ~[jackson-databind-2.13.5.jar:2.13.5]
	at com.fasterxml.jackson.databind.ObjectWriter.writeValue(ObjectWriter.java:1007) ~[jackson-databind-2.13.5.jar:2.13.5]
	at org.springframework.http.converter.json.AbstractJackson2HttpMessageConverter.writeInternal(AbstractJackson2HttpMessageConverter.java:456) ~[spring-web-5.3.31.jar:5.3.31]
	at org.springframework.http.converter.AbstractGenericHttpMessageConverter.write(AbstractGenericHttpMessageConverter.java:104) ~[spring-web-5.3.31.jar:5.3.31]
	at org.springframework.web.servlet.mvc.method.annotation.AbstractMessageConverterMethodProcessor.writeWithMessageConverters(AbstractMessageConverterMethodProcessor.java:290) ~[spring-webmvc-5.3.31.jar:5.3.31]
	at org.springframework.web.servlet.mvc.method.annotation.HttpEntityMethodProcessor.handleReturnValue(HttpEntityMethodProcessor.java:219) ~[spring-webmvc-5.3.31.jar:5.3.31]
	at org.springframework.web.method.support.HandlerMethodReturnValueHandlerComposite.handleReturnValue(HandlerMethodReturnValueHandlerComposite.java:78) ~[spring-web-5.3.31.jar:5.3.31]
	at org.springframework.web.servlet.mvc.method.annotation.ServletInvocableHandlerMethod.invokeAndHandle(ServletInvocableHandlerMethod.java:135) ~[spring-webmvc-5.3.31.jar:5.3.31]
	at org.springframework.web.servlet.mvc.method.annotation.RequestMappingHandlerAdapter.invokeHandlerMethod(RequestMappingHandlerAdapter.java:895) ~[spring-webmvc-5.3.31.jar:5.3.31]
	at org.springframework.web.servlet.mvc.method.annotation.RequestMappingHandlerAdapter.handleInternal(RequestMappingHandlerAdapter.java:808) ~[spring-webmvc-5.3.31.jar:5.3.31]
	at org.springframework.web.servlet.mvc.method.AbstractHandlerMethodAdapter.handle(AbstractHandlerMethodAdapter.java:87) ~[spring-webmvc-5.3.31.jar:5.3.31]
	at org.springframework.web.servlet.DispatcherServlet.doDispatch(DispatcherServlet.java:1072) ~[spring-webmvc-5.3.31.jar:5.3.31]
	at org.springframework.web.servlet.DispatcherServlet.doService(DispatcherServlet.java:965) ~[spring-webmvc-5.3.31.jar:5.3.31]
	at org.springframework.web.servlet.FrameworkServlet.processRequest(FrameworkServlet.java:1006) ~[spring-webmvc-5.3.31.jar:5.3.31]
	at org.springframework.web.servlet.FrameworkServlet.doGet(FrameworkServlet.java:898) ~[spring-webmvc-5.3.31.jar:5.3.31]
	at javax.servlet.http.HttpServlet.service(HttpServlet.java:529) ~[tomcat-embed-core-9.0.83.jar:4.0.FR]
	at org.springframework.web.servlet.FrameworkServlet.service(FrameworkServlet.java:883) ~[spring-webmvc-5.3.31.jar:5.3.31]
	at javax.servlet.http.HttpServlet.service(HttpServlet.java:623) ~[tomcat-embed-core-9.0.83.jar:4.0.FR]
	at org.apache.catalina.core.ApplicationFilterChain.internalDoFilter(ApplicationFilterChain.java:209) ~[tomcat-embed-core-9.0.83.jar:9.0.83]
	at org.apache.catalina.core.ApplicationFilterChain.doFilter(ApplicationFilterChain.java:153) ~[tomcat-embed-core-9.0.83.jar:9.0.83]
	at org.apache.tomcat.websocket.server.WsFilter.doFilter(WsFilter.java:51) ~[tomcat-embed-websocket-9.0.83.jar:9.0.83]
	at org.apache.catalina.core.ApplicationFilterChain.internalDoFilter(ApplicationFilterChain.java:178) ~[tomcat-embed-core-9.0.83.jar:9.0.83]
	at org.apache.catalina.core.ApplicationFilterChain.doFilter(ApplicationFilterChain.java:153) ~[tomcat-embed-core-9.0.83.jar:9.0.83]
	at org.springframework.web.filter.RequestContextFilter.doFilterInternal(RequestContextFilter.java:100) ~[spring-web-5.3.31.jar:5.3.31]
	at org.springframework.web.filter.OncePerRequestFilter.doFilter(OncePerRequestFilter.java:117) ~[spring-web-5.3.31.jar:5.3.31]
	at org.apache.catalina.core.ApplicationFilterChain.internalDoFilter(ApplicationFilterChain.java:178) ~[tomcat-embed-core-9.0.83.jar:9.0.83]
	at org.apache.catalina.core.ApplicationFilterChain.doFilter(ApplicationFilterChain.java:153) ~[tomcat-embed-core-9.0.83.jar:9.0.83]
	at org.springframework.web.filter.FormContentFilter.doFilterInternal(FormContentFilter.java:93) ~[spring-web-5.3.31.jar:5.3.31]
	at org.springframework.web.filter.OncePerRequestFilter.doFilter(OncePerRequestFilter.java:117) ~[spring-web-5.3.31.jar:5.3.31]
	at org.apache.catalina.core.ApplicationFilterChain.internalDoFilter(ApplicationFilterChain.java:178) ~[tomcat-embed-core-9.0.83.jar:9.0.83]
	at org.apache.catalina.core.ApplicationFilterChain.doFilter(ApplicationFilterChain.java:153) ~[tomcat-embed-core-9.0.83.jar:9.0.83]
	at org.springframework.web.filter.CharacterEncodingFilter.doFilterInternal(CharacterEncodingFilter.java:201) ~[spring-web-5.3.31.jar:5.3.31]
	at org.springframework.web.filter.OncePerRequestFilter.doFilter(OncePerRequestFilter.java:117) ~[spring-web-5.3.31.jar:5.3.31]
	at org.apache.catalina.core.ApplicationFilterChain.internalDoFilter(ApplicationFilterChain.java:178) ~[tomcat-embed-core-9.0.83.jar:9.0.83]
	at org.apache.catalina.core.ApplicationFilterChain.doFilter(ApplicationFilterChain.java:153) ~[tomcat-embed-core-9.0.83.jar:9.0.83]
	at org.springframework.web.filter.CorsFilter.doFilterInternal(CorsFilter.java:91) ~[spring-web-5.3.31.jar:5.3.31]
	at org.springframework.web.filter.OncePerRequestFilter.doFilter(OncePerRequestFilter.java:117) ~[spring-web-5.3.31.jar:5.3.31]
	at org.apache.catalina.core.ApplicationFilterChain.internalDoFilter(ApplicationFilterChain.java:178) ~[tomcat-embed-core-9.0.83.jar:9.0.83]
	at org.apache.catalina.core.ApplicationFilterChain.doFilter(ApplicationFilterChain.java:153) ~[tomcat-embed-core-9.0.83.jar:9.0.83]
	at org.apache.catalina.core.StandardWrapperValve.invoke(StandardWrapperValve.java:168) ~[tomcat-embed-core-9.0.83.jar:9.0.83]
	at org.apache.catalina.core.StandardContextValve.invoke(StandardContextValve.java:90) ~[tomcat-embed-core-9.0.83.jar:9.0.83]
	at org.apache.catalina.authenticator.AuthenticatorBase.invoke(AuthenticatorBase.java:481) ~[tomcat-embed-core-9.0.83.jar:9.0.83]
	at org.apache.catalina.core.StandardHostValve.invoke(StandardHostValve.java:130) ~[tomcat-embed-core-9.0.83.jar:9.0.83]
	at org.apache.catalina.valves.ErrorReportValve.invoke(ErrorReportValve.java:93) ~[tomcat-embed-core-9.0.83.jar:9.0.83]
	at org.apache.catalina.core.StandardEngineValve.invoke(StandardEngineValve.java:74) ~[tomcat-embed-core-9.0.83.jar:9.0.83]
	at org.apache.catalina.connector.CoyoteAdapter.service(CoyoteAdapter.java:342) ~[tomcat-embed-core-9.0.83.jar:9.0.83]
	at org.apache.coyote.http11.Http11Processor.service(Http11Processor.java:390) ~[tomcat-embed-core-9.0.83.jar:9.0.83]
	at org.apache.coyote.AbstractProcessorLight.process(AbstractProcessorLight.java:63) ~[tomcat-embed-core-9.0.83.jar:9.0.83]
	at org.apache.coyote.AbstractProtocol$ConnectionHandler.process(AbstractProtocol.java:928) ~[tomcat-embed-core-9.0.83.jar:9.0.83]
	at org.apache.tomcat.util.net.NioEndpoint$SocketProcessor.doRun(NioEndpoint.java:1794) ~[tomcat-embed-core-9.0.83.jar:9.0.83]
	at org.apache.tomcat.util.net.SocketProcessorBase.run(SocketProcessorBase.java:52) ~[tomcat-embed-core-9.0.83.jar:9.0.83]
	at org.apache.tomcat.util.threads.ThreadPoolExecutor.runWorker(ThreadPoolExecutor.java:1191) ~[tomcat-embed-core-9.0.83.jar:9.0.83]
	at org.apache.tomcat.util.threads.ThreadPoolExecutor$Worker.run(ThreadPoolExecutor.java:659) ~[tomcat-embed-core-9.0.83.jar:9.0.83]
	at org.apache.tomcat.util.threads.TaskThread$WrappingRunnable.run(TaskThread.java:61) ~[tomcat-embed-core-9.0.83.jar:9.0.83]
	at java.base/java.lang.Thread.run(Thread.java:1583) ~[na:na]
	Suppressed: org.apache.catalina.connector.ClientAbortException: java.io.IOException: An established connection was aborted by the software in your host machine
		at org.apache.catalina.connector.OutputBuffer.realWriteBytes(OutputBuffer.java:348) ~[tomcat-embed-core-9.0.83.jar:9.0.83]
		at org.apache.catalina.connector.OutputBuffer.flushByteBuffer(OutputBuffer.java:777) ~[tomcat-embed-core-9.0.83.jar:9.0.83]
		at org.apache.catalina.connector.OutputBuffer.append(OutputBuffer.java:680) ~[tomcat-embed-core-9.0.83.jar:9.0.83]
		at org.apache.catalina.connector.OutputBuffer.writeBytes(OutputBuffer.java:383) ~[tomcat-embed-core-9.0.83.jar:9.0.83]
		at org.apache.catalina.connector.OutputBuffer.write(OutputBuffer.java:361) ~[tomcat-embed-core-9.0.83.jar:9.0.83]
		at org.apache.catalina.connector.CoyoteOutputStream.write(CoyoteOutputStream.java:97) ~[tomcat-embed-core-9.0.83.jar:9.0.83]
		at org.springframework.util.StreamUtils$NonClosingOutputStream.write(StreamUtils.java:287) ~[spring-core-5.3.31.jar:5.3.31]
		at com.fasterxml.jackson.core.json.UTF8JsonGenerator._flushBuffer(UTF8JsonGenerator.java:2171) ~[jackson-core-2.13.5.jar:2.13.5]
		at com.fasterxml.jackson.core.json.UTF8JsonGenerator.close(UTF8JsonGenerator.java:1214) ~[jackson-core-2.13.5.jar:2.13.5]
		at org.springframework.http.converter.json.AbstractJackson2HttpMessageConverter.writeInternal(AbstractJackson2HttpMessageConverter.java:460) ~[spring-web-5.3.31.jar:5.3.31]
		... 52 common frames omitted
	Caused by: java.io.IOException: An established connection was aborted by the software in your host machine
		at java.base/sun.nio.ch.SocketDispatcher.write0(Native Method)
		at java.base/sun.nio.ch.SocketDispatcher.write(SocketDispatcher.java:54)
		at java.base/sun.nio.ch.IOUtil.writeFromNativeBuffer(IOUtil.java:137)
		at java.base/sun.nio.ch.IOUtil.write(IOUtil.java:102)
		at java.base/sun.nio.ch.IOUtil.write(IOUtil.java:58)
		at java.base/sun.nio.ch.SocketChannelImpl.write(SocketChannelImpl.java:542)
		at org.apache.tomcat.util.net.NioChannel.write(NioChannel.java:136)
		at org.apache.tomcat.util.net.NioEndpoint$NioSocketWrapper.doWrite(NioEndpoint.java:1431)
		at org.apache.tomcat.util.net.SocketWrapperBase.doWrite(SocketWrapperBase.java:775)
		at org.apache.tomcat.util.net.SocketWrapperBase.writeBlocking(SocketWrapperBase.java:600)
		at org.apache.tomcat.util.net.SocketWrapperBase.write(SocketWrapperBase.java:544)
		at org.apache.coyote.http11.Http11OutputBuffer$SocketOutputBuffer.doWrite(Http11OutputBuffer.java:540)
		at org.apache.coyote.http11.filters.ChunkedOutputFilter.doWrite(ChunkedOutputFilter.java:110)
		at org.apache.coyote.http11.Http11OutputBuffer.doWrite(Http11OutputBuffer.java:193)
		at org.apache.coyote.Response.doWrite(Response.java:606)
		at org.apache.catalina.connector.OutputBuffer.realWriteBytes(OutputBuffer.java:335)
		... 61 common frames omitted
Caused by: java.io.IOException: An established connection was aborted by the software in your host machine
	at java.base/sun.nio.ch.SocketDispatcher.write0(Native Method) ~[na:na]
	at java.base/sun.nio.ch.SocketDispatcher.write(SocketDispatcher.java:54) ~[na:na]
	at java.base/sun.nio.ch.IOUtil.writeFromNativeBuffer(IOUtil.java:137) ~[na:na]
	at java.base/sun.nio.ch.IOUtil.write(IOUtil.java:102) ~[na:na]
	at java.base/sun.nio.ch.IOUtil.write(IOUtil.java:58) ~[na:na]
	at java.base/sun.nio.ch.SocketChannelImpl.write(SocketChannelImpl.java:542) ~[na:na]
	at org.apache.tomcat.util.net.NioChannel.write(NioChannel.java:136) ~[tomcat-embed-core-9.0.83.jar:9.0.83]
	at org.apache.tomcat.util.net.NioEndpoint$NioSocketWrapper.doWrite(NioEndpoint.java:1431) ~[tomcat-embed-core-9.0.83.jar:9.0.83]
	at org.apache.tomcat.util.net.SocketWrapperBase.doWrite(SocketWrapperBase.java:775) ~[tomcat-embed-core-9.0.83.jar:9.0.83]
	at org.apache.tomcat.util.net.SocketWrapperBase.writeBlocking(SocketWrapperBase.java:600) ~[tomcat-embed-core-9.0.83.jar:9.0.83]
	at org.apache.tomcat.util.net.SocketWrapperBase.write(SocketWrapperBase.java:544) ~[tomcat-embed-core-9.0.83.jar:9.0.83]
	at org.apache.coyote.http11.Http11OutputBuffer$SocketOutputBuffer.doWrite(Http11OutputBuffer.java:540) ~[tomcat-embed-core-9.0.83.jar:9.0.83]
	at org.apache.coyote.http11.filters.ChunkedOutputFilter.doWrite(ChunkedOutputFilter.java:112) ~[tomcat-embed-core-9.0.83.jar:9.0.83]
	at org.apache.coyote.http11.Http11OutputBuffer.doWrite(Http11OutputBuffer.java:193) ~[tomcat-embed-core-9.0.83.jar:9.0.83]
	at org.apache.coyote.Response.doWrite(Response.java:606) ~[tomcat-embed-core-9.0.83.jar:9.0.83]
	at org.apache.catalina.connector.OutputBuffer.realWriteBytes(OutputBuffer.java:335) ~[tomcat-embed-core-9.0.83.jar:9.0.83]
	... 77 common frames omitted

2026-06-23 13:15:24.300 DEBUG 33512 --- [nio-9060-exec-4] o.s.w.s.m.m.a.HttpEntityMethodProcessor  : Found 'Content-Type:application/json' in response
2026-06-23 13:15:24.300 DEBUG 33512 --- [nio-9060-exec-4] o.s.w.s.m.m.a.HttpEntityMethodProcessor  : Writing [com.example.TigoStarSystem.common.ApiError@284528ab]
2026-06-23 13:15:24.302  WARN 33512 --- [nio-9060-exec-4] .m.m.a.ExceptionHandlerExceptionResolver : Failure in @ExceptionHandler com.example.TigoStarSystem.common.GlobalExceptionHandler#handleGeneric(Exception, HttpServletRequest)

org.apache.catalina.connector.ClientAbortException: java.io.IOException: An established connection was aborted by the software in your host machine
	at org.apache.catalina.connector.OutputBuffer.realWriteBytes(OutputBuffer.java:348) ~[tomcat-embed-core-9.0.83.jar:9.0.83]
	at org.apache.catalina.connector.OutputBuffer.flushByteBuffer(OutputBuffer.java:777) ~[tomcat-embed-core-9.0.83.jar:9.0.83]
	at org.apache.catalina.connector.OutputBuffer.append(OutputBuffer.java:680) ~[tomcat-embed-core-9.0.83.jar:9.0.83]
	at org.apache.catalina.connector.OutputBuffer.writeBytes(OutputBuffer.java:383) ~[tomcat-embed-core-9.0.83.jar:9.0.83]
	at org.apache.catalina.connector.OutputBuffer.write(OutputBuffer.java:361) ~[tomcat-embed-core-9.0.83.jar:9.0.83]
	at org.apache.catalina.connector.CoyoteOutputStream.write(CoyoteOutputStream.java:97) ~[tomcat-embed-core-9.0.83.jar:9.0.83]
	at org.springframework.util.StreamUtils$NonClosingOutputStream.write(StreamUtils.java:287) ~[spring-core-5.3.31.jar:5.3.31]
	at com.fasterxml.jackson.core.json.UTF8JsonGenerator._flushBuffer(UTF8JsonGenerator.java:2171) ~[jackson-core-2.13.5.jar:2.13.5]
	at com.fasterxml.jackson.core.json.UTF8JsonGenerator.flush(UTF8JsonGenerator.java:1184) ~[jackson-core-2.13.5.jar:2.13.5]
	at com.fasterxml.jackson.databind.ObjectWriter.writeValue(ObjectWriter.java:1009) ~[jackson-databind-2.13.5.jar:2.13.5]
	at org.springframework.http.converter.json.AbstractJackson2HttpMessageConverter.writeInternal(AbstractJackson2HttpMessageConverter.java:456) ~[spring-web-5.3.31.jar:5.3.31]
	at org.springframework.http.converter.AbstractGenericHttpMessageConverter.write(AbstractGenericHttpMessageConverter.java:104) ~[spring-web-5.3.31.jar:5.3.31]
	at org.springframework.web.servlet.mvc.method.annotation.AbstractMessageConverterMethodProcessor.writeWithMessageConverters(AbstractMessageConverterMethodProcessor.java:290) ~[spring-webmvc-5.3.31.jar:5.3.31]
	at org.springframework.web.servlet.mvc.method.annotation.HttpEntityMethodProcessor.handleReturnValue(HttpEntityMethodProcessor.java:219) ~[spring-webmvc-5.3.31.jar:5.3.31]
	at org.springframework.web.method.support.HandlerMethodReturnValueHandlerComposite.handleReturnValue(HandlerMethodReturnValueHandlerComposite.java:78) ~[spring-web-5.3.31.jar:5.3.31]
	at org.springframework.web.servlet.mvc.method.annotation.ServletInvocableHandlerMethod.invokeAndHandle(ServletInvocableHandlerMethod.java:135) ~[spring-webmvc-5.3.31.jar:5.3.31]
	at org.springframework.web.servlet.mvc.method.annotation.ExceptionHandlerExceptionResolver.doResolveHandlerMethodException(ExceptionHandlerExceptionResolver.java:428) ~[spring-webmvc-5.3.31.jar:5.3.31]
	at org.springframework.web.servlet.handler.AbstractHandlerMethodExceptionResolver.doResolveException(AbstractHandlerMethodExceptionResolver.java:75) ~[spring-webmvc-5.3.31.jar:5.3.31]
	at org.springframework.web.servlet.handler.AbstractHandlerExceptionResolver.resolveException(AbstractHandlerExceptionResolver.java:142) ~[spring-webmvc-5.3.31.jar:5.3.31]
	at org.springframework.web.servlet.handler.HandlerExceptionResolverComposite.resolveException(HandlerExceptionResolverComposite.java:80) ~[spring-webmvc-5.3.31.jar:5.3.31]
	at org.springframework.web.servlet.DispatcherServlet.processHandlerException(DispatcherServlet.java:1332) ~[spring-webmvc-5.3.31.jar:5.3.31]
	at org.springframework.web.servlet.DispatcherServlet.processDispatchResult(DispatcherServlet.java:1143) ~[spring-webmvc-5.3.31.jar:5.3.31]
	at org.springframework.web.servlet.DispatcherServlet.doDispatch(DispatcherServlet.java:1089) ~[spring-webmvc-5.3.31.jar:5.3.31]
	at org.springframework.web.servlet.DispatcherServlet.doService(DispatcherServlet.java:965) ~[spring-webmvc-5.3.31.jar:5.3.31]
	at org.springframework.web.servlet.FrameworkServlet.processRequest(FrameworkServlet.java:1006) ~[spring-webmvc-5.3.31.jar:5.3.31]
	at org.springframework.web.servlet.FrameworkServlet.doGet(FrameworkServlet.java:898) ~[spring-webmvc-5.3.31.jar:5.3.31]
	at javax.servlet.http.HttpServlet.service(HttpServlet.java:529) ~[tomcat-embed-core-9.0.83.jar:4.0.FR]
	at org.springframework.web.servlet.FrameworkServlet.service(FrameworkServlet.java:883) ~[spring-webmvc-5.3.31.jar:5.3.31]
	at javax.servlet.http.HttpServlet.service(HttpServlet.java:623) ~[tomcat-embed-core-9.0.83.jar:4.0.FR]
	at org.apache.catalina.core.ApplicationFilterChain.internalDoFilter(ApplicationFilterChain.java:209) ~[tomcat-embed-core-9.0.83.jar:9.0.83]
	at org.apache.catalina.core.ApplicationFilterChain.doFilter(ApplicationFilterChain.java:153) ~[tomcat-embed-core-9.0.83.jar:9.0.83]
	at org.apache.tomcat.websocket.server.WsFilter.doFilter(WsFilter.java:51) ~[tomcat-embed-websocket-9.0.83.jar:9.0.83]
	at org.apache.catalina.core.ApplicationFilterChain.internalDoFilter(ApplicationFilterChain.java:178) ~[tomcat-embed-core-9.0.83.jar:9.0.83]
	at org.apache.catalina.core.ApplicationFilterChain.doFilter(ApplicationFilterChain.java:153) ~[tomcat-embed-core-9.0.83.jar:9.0.83]
	at org.springframework.web.filter.RequestContextFilter.doFilterInternal(RequestContextFilter.java:100) ~[spring-web-5.3.31.jar:5.3.31]
	at org.springframework.web.filter.OncePerRequestFilter.doFilter(OncePerRequestFilter.java:117) ~[spring-web-5.3.31.jar:5.3.31]
	at org.apache.catalina.core.ApplicationFilterChain.internalDoFilter(ApplicationFilterChain.java:178) ~[tomcat-embed-core-9.0.83.jar:9.0.83]
	at org.apache.catalina.core.ApplicationFilterChain.doFilter(ApplicationFilterChain.java:153) ~[tomcat-embed-core-9.0.83.jar:9.0.83]
	at org.springframework.web.filter.FormContentFilter.doFilterInternal(FormContentFilter.java:93) ~[spring-web-5.3.31.jar:5.3.31]
	at org.springframework.web.filter.OncePerRequestFilter.doFilter(OncePerRequestFilter.java:117) ~[spring-web-5.3.31.jar:5.3.31]
	at org.apache.catalina.core.ApplicationFilterChain.internalDoFilter(ApplicationFilterChain.java:178) ~[tomcat-embed-core-9.0.83.jar:9.0.83]
	at org.apache.catalina.core.ApplicationFilterChain.doFilter(ApplicationFilterChain.java:153) ~[tomcat-embed-core-9.0.83.jar:9.0.83]
	at org.springframework.web.filter.CharacterEncodingFilter.doFilterInternal(CharacterEncodingFilter.java:201) ~[spring-web-5.3.31.jar:5.3.31]
	at org.springframework.web.filter.OncePerRequestFilter.doFilter(OncePerRequestFilter.java:117) ~[spring-web-5.3.31.jar:5.3.31]
	at org.apache.catalina.core.ApplicationFilterChain.internalDoFilter(ApplicationFilterChain.java:178) ~[tomcat-embed-core-9.0.83.jar:9.0.83]
	at org.apache.catalina.core.ApplicationFilterChain.doFilter(ApplicationFilterChain.java:153) ~[tomcat-embed-core-9.0.83.jar:9.0.83]
	at org.springframework.web.filter.CorsFilter.doFilterInternal(CorsFilter.java:91) ~[spring-web-5.3.31.jar:5.3.31]
	at org.springframework.web.filter.OncePerRequestFilter.doFilter(OncePerRequestFilter.java:117) ~[spring-web-5.3.31.jar:5.3.31]
	at org.apache.catalina.core.ApplicationFilterChain.internalDoFilter(ApplicationFilterChain.java:178) ~[tomcat-embed-core-9.0.83.jar:9.0.83]
	at org.apache.catalina.core.ApplicationFilterChain.doFilter(ApplicationFilterChain.java:153) ~[tomcat-embed-core-9.0.83.jar:9.0.83]
	at org.apache.catalina.core.StandardWrapperValve.invoke(StandardWrapperValve.java:168) ~[tomcat-embed-core-9.0.83.jar:9.0.83]
	at org.apache.catalina.core.StandardContextValve.invoke(StandardContextValve.java:90) ~[tomcat-embed-core-9.0.83.jar:9.0.83]
	at org.apache.catalina.authenticator.AuthenticatorBase.invoke(AuthenticatorBase.java:481) ~[tomcat-embed-core-9.0.83.jar:9.0.83]
	at org.apache.catalina.core.StandardHostValve.invoke(StandardHostValve.java:130) ~[tomcat-embed-core-9.0.83.jar:9.0.83]
	at org.apache.catalina.valves.ErrorReportValve.invoke(ErrorReportValve.java:93) ~[tomcat-embed-core-9.0.83.jar:9.0.83]
	at org.apache.catalina.core.StandardEngineValve.invoke(StandardEngineValve.java:74) ~[tomcat-embed-core-9.0.83.jar:9.0.83]
	at org.apache.catalina.connector.CoyoteAdapter.service(CoyoteAdapter.java:342) ~[tomcat-embed-core-9.0.83.jar:9.0.83]
	at org.apache.coyote.http11.Http11Processor.service(Http11Processor.java:390) ~[tomcat-embed-core-9.0.83.jar:9.0.83]
	at org.apache.coyote.AbstractProcessorLight.process(AbstractProcessorLight.java:63) ~[tomcat-embed-core-9.0.83.jar:9.0.83]
	at org.apache.coyote.AbstractProtocol$ConnectionHandler.process(AbstractProtocol.java:928) ~[tomcat-embed-core-9.0.83.jar:9.0.83]
	at org.apache.tomcat.util.net.NioEndpoint$SocketProcessor.doRun(NioEndpoint.java:1794) ~[tomcat-embed-core-9.0.83.jar:9.0.83]
	at org.apache.tomcat.util.net.SocketProcessorBase.run(SocketProcessorBase.java:52) ~[tomcat-embed-core-9.0.83.jar:9.0.83]
	at org.apache.tomcat.util.threads.ThreadPoolExecutor.runWorker(ThreadPoolExecutor.java:1191) ~[tomcat-embed-core-9.0.83.jar:9.0.83]
	at org.apache.tomcat.util.threads.ThreadPoolExecutor$Worker.run(ThreadPoolExecutor.java:659) ~[tomcat-embed-core-9.0.83.jar:9.0.83]
	at org.apache.tomcat.util.threads.TaskThread$WrappingRunnable.run(TaskThread.java:61) ~[tomcat-embed-core-9.0.83.jar:9.0.83]
	at java.base/java.lang.Thread.run(Thread.java:1583) ~[na:na]
Caused by: java.io.IOException: An established connection was aborted by the software in your host machine
	at java.base/sun.nio.ch.SocketDispatcher.write0(Native Method) ~[na:na]
	at java.base/sun.nio.ch.SocketDispatcher.write(SocketDispatcher.java:54) ~[na:na]
	at java.base/sun.nio.ch.IOUtil.writeFromNativeBuffer(IOUtil.java:137) ~[na:na]
	at java.base/sun.nio.ch.IOUtil.write(IOUtil.java:102) ~[na:na]
	at java.base/sun.nio.ch.IOUtil.write(IOUtil.java:58) ~[na:na]
	at java.base/sun.nio.ch.SocketChannelImpl.write(SocketChannelImpl.java:542) ~[na:na]
	at org.apache.tomcat.util.net.NioChannel.write(NioChannel.java:136) ~[tomcat-embed-core-9.0.83.jar:9.0.83]
	at org.apache.tomcat.util.net.NioEndpoint$NioSocketWrapper.doWrite(NioEndpoint.java:1431) ~[tomcat-embed-core-9.0.83.jar:9.0.83]
	at org.apache.tomcat.util.net.SocketWrapperBase.doWrite(SocketWrapperBase.java:775) ~[tomcat-embed-core-9.0.83.jar:9.0.83]
	at org.apache.tomcat.util.net.SocketWrapperBase.writeBlocking(SocketWrapperBase.java:600) ~[tomcat-embed-core-9.0.83.jar:9.0.83]
	at org.apache.tomcat.util.net.SocketWrapperBase.write(SocketWrapperBase.java:544) ~[tomcat-embed-core-9.0.83.jar:9.0.83]
	at org.apache.coyote.http11.Http11OutputBuffer$SocketOutputBuffer.doWrite(Http11OutputBuffer.java:540) ~[tomcat-embed-core-9.0.83.jar:9.0.83]
	at org.apache.coyote.http11.filters.ChunkedOutputFilter.doWrite(ChunkedOutputFilter.java:110) ~[tomcat-embed-core-9.0.83.jar:9.0.83]
	at org.apache.coyote.http11.Http11OutputBuffer.doWrite(Http11OutputBuffer.java:193) ~[tomcat-embed-core-9.0.83.jar:9.0.83]
	at org.apache.coyote.Response.doWrite(Response.java:606) ~[tomcat-embed-core-9.0.83.jar:9.0.83]
	at org.apache.catalina.connector.OutputBuffer.realWriteBytes(OutputBuffer.java:335) ~[tomcat-embed-core-9.0.83.jar:9.0.83]
	... 65 common frames omitted

2026-06-23 13:15:24.302 DEBUG 33512 --- [nio-9060-exec-4] o.s.web.servlet.DispatcherServlet        : Failed to complete request: org.apache.catalina.connector.ClientAbortException: java.io.IOException: An established connection was aborted by the software in your host machine
2026-06-23 13:15:24.604 DEBUG 33512 --- [l-1 housekeeper] com.zaxxer.hikari.pool.HikariPool        : HikariPool-1 - Before cleanup stats (total=3, active=0, idle=3, waiting=0)
2026-06-23 13:15:24.604 DEBUG 33512 --- [l-1 housekeeper] com.zaxxer.hikari.pool.HikariPool        : HikariPool-1 - After cleanup  stats (total=3, active=0, idle=3, waiting=0)
2026-06-23 13:15:24.604 DEBUG 33512 --- [l-1 housekeeper] com.zaxxer.hikari.pool.HikariPool        : HikariPool-1 - Fill pool skipped, pool is at sufficient level.
2026-06-23 13:15:25.780 DEBUG 33512 --- [l-1 housekeeper] com.zaxxer.hikari.pool.HikariPool        : HikariPool-1 - keepalive: connection net.sourceforge.jtds.jdbc.JtdsConnection@7b01e4a2 is alive
2026-06-23 13:15:26.617 DEBUG 33512 --- [ruz housekeeper] com.zaxxer.hikari.pool.HikariPool        : ConnDb-SantaCruz - Before cleanup stats (total=1, active=0, idle=1, waiting=0)
2026-06-23 13:15:26.617 DEBUG 33512 --- [ruz housekeeper] com.zaxxer.hikari.pool.HikariPool        : ConnDb-SantaCruz - After cleanup  stats (total=1, active=0, idle=1, waiting=0)
2026-06-23 13:15:26.617 DEBUG 33512 --- [ruz housekeeper] com.zaxxer.hikari.pool.HikariPool        : ConnDb-SantaCruz - Fill pool skipped, pool is at sufficient level.
2026-06-23 13:15:27.926 DEBUG 33512 --- [ool housekeeper] com.zaxxer.hikari.pool.HikariPool        : TigoHogarHikariPool - keepalive: connection net.sourceforge.jtds.jdbc.JtdsConnection@27299197 is alive
2026-06-23 13:15:30.217 DEBUG 33512 --- [nio-9060-exec-8] o.s.jdbc.core.JdbcTemplate               : Executing SQL query [EXEC dbo.spx_ObtenerSucursalesConexion]
2026-06-23 13:15:30.218 DEBUG 33512 --- [nio-9060-exec-8] o.s.jdbc.datasource.DataSourceUtils      : Fetching JDBC Connection from DataSource
2026-06-23 13:15:30.243 DEBUG 33512 --- [nio-9060-exec-8] o.s.jdbc.core.JdbcTemplate               : Executing SQL query [EXEC dbo.spx_ObtenerSucursalesConexion]
2026-06-23 13:15:30.244 DEBUG 33512 --- [nio-9060-exec-8] o.s.jdbc.datasource.DataSourceUtils      : Fetching JDBC Connection from DataSource
2026-06-23 13:15:30.253 DEBUG 33512 --- [nio-9060-exec-8] o.s.jdbc.core.JdbcTemplate               : Executing SQL query [EXEC dbo.SP_Usuario_ListarActivosBasico]
2026-06-23 13:15:30.253 DEBUG 33512 --- [nio-9060-exec-8] o.s.jdbc.datasource.DataSourceUtils      : Fetching JDBC Connection from DataSource
2026-06-23 13:15:30.275 DEBUG 33512 --- [nio-9060-exec-8] o.s.jdbc.core.JdbcTemplate               : Executing prepared SQL query
2026-06-23 13:15:30.275 DEBUG 33512 --- [nio-9060-exec-8] o.s.jdbc.core.JdbcTemplate               : Executing prepared SQL statement [SELECT * FROM dbo.tbl_InicioJornadaAlturas WHERE id_inicio IN (?,?,?,?,?)]
2026-06-23 13:15:30.275 DEBUG 33512 --- [nio-9060-exec-8] o.s.jdbc.datasource.DataSourceUtils      : Fetching JDBC Connection from DataSource
2026-06-23 13:15:30.975 DEBUG 33512 --- [l-9 housekeeper] com.zaxxer.hikari.pool.HikariPool        : ConnDb-sucursal-9 - Before cleanup stats (total=2, active=0, idle=2, waiting=0)
2026-06-23 13:15:30.975 DEBUG 33512 --- [l-9 housekeeper] com.zaxxer.hikari.pool.HikariPool        : ConnDb-sucursal-9 - After cleanup  stats (total=2, active=0, idle=2, waiting=0)
2026-06-23 13:15:30.975 DEBUG 33512 --- [l-9 housekeeper] com.zaxxer.hikari.pool.HikariPool        : ConnDb-sucursal-9 - Fill pool skipped, pool is at sufficient level.
2026-06-23 13:15:31.679 DEBUG 33512 --- [ool housekeeper] com.zaxxer.hikari.pool.HikariPool        : CentralHikariPool - keepalive: connection net.sourceforge.jtds.jdbc.JtdsConnection@731fc8bd is alive
2026-06-23 13:15:32.483 DEBUG 33512 --- [l-1 housekeeper] com.zaxxer.hikari.pool.HikariPool        : HikariPool-1 - keepalive: connection net.sourceforge.jtds.jdbc.JtdsConnection@75c605b2 is alive
2026-06-23 13:15:36.635 DEBUG 33512 --- [ool housekeeper] com.zaxxer.hikari.pool.HikariPool        : CentralHikariPool - Before cleanup stats (total=2, active=0, idle=2, waiting=0)
2026-06-23 13:15:36.635 DEBUG 33512 --- [ool housekeeper] com.zaxxer.hikari.pool.HikariPool        : CentralHikariPool - After cleanup  stats (total=2, active=0, idle=2, waiting=0)
2026-06-23 13:15:36.635 DEBUG 33512 --- [ool housekeeper] com.zaxxer.hikari.pool.HikariPool        : CentralHikariPool - Fill pool skipped, pool is at sufficient level.
2026-06-23 13:15:36.682 DEBUG 33512 --- [ool housekeeper] com.zaxxer.hikari.pool.HikariPool        : TigoHogarHikariPool - Before cleanup stats (total=5, active=1, idle=4, waiting=0)
2026-06-23 13:15:36.682 DEBUG 33512 --- [ool housekeeper] com.zaxxer.hikari.pool.HikariPool        : TigoHogarHikariPool - After cleanup  stats (total=5, active=1, idle=4, waiting=0)
2026-06-23 13:15:36.682 DEBUG 33512 --- [ool housekeeper] com.zaxxer.hikari.pool.HikariPool        : TigoHogarHikariPool - Fill pool skipped, pool is at sufficient level.
2026-06-23 13:15:37.259 DEBUG 33512 --- [ool housekeeper] com.zaxxer.hikari.pool.HikariPool        : CentralHikariPool - keepalive: connection net.sourceforge.jtds.jdbc.JtdsConnection@7dd828ae is alive
2026-06-23 13:15:39.705 DEBUG 33512 --- [nio-9060-exec-8] o.s.w.s.m.m.a.HttpEntityMethodProcessor  : Using 'application/json', given [application/json, text/plain, */*] and supported [application/json, application/*+json, application/json, application/*+json]
2026-06-23 13:15:39.705 DEBUG 33512 --- [nio-9060-exec-8] o.s.w.s.m.m.a.HttpEntityMethodProcessor  : Writing [com.example.TigoStarSystem.common.ApiResponse@1b8f5136]
2026-06-23 13:15:39.922 DEBUG 33512 --- [nio-9060-exec-8] o.s.web.servlet.DispatcherServlet        : Completed 200 OK
2026-06-23 13:15:43.759 DEBUG 33512 --- [nio-9060-exec-5] o.s.web.servlet.DispatcherServlet        : GET "/auth/sucursales", parameters={}
2026-06-23 13:15:43.759 DEBUG 33512 --- [nio-9060-exec-5] s.w.s.m.m.a.RequestMappingHandlerMapping : Mapped to com.example.TigoStarSystem.auth.controller.AuthController#listarSucursales()
2026-06-23 13:15:43.760  INFO 33512 --- [nio-9060-exec-5] c.e.T.auth.controller.AuthController     : Request GET /auth/sucursales
2026-06-23 13:15:43.760 DEBUG 33512 --- [nio-9060-exec-5] o.s.jdbc.core.JdbcTemplate               : Executing SQL query [EXEC dbo.spx_ObtenerSucursalesConexionWeb]
2026-06-23 13:15:43.760 DEBUG 33512 --- [nio-9060-exec-5] o.s.jdbc.datasource.DataSourceUtils      : Fetching JDBC Connection from DataSource
2026-06-23 13:15:43.766 DEBUG 33512 --- [nio-9060-exec-5] o.s.w.s.m.m.a.HttpEntityMethodProcessor  : Using 'application/json', given [application/json, text/plain, */*] and supported [application/json, application/*+json, application/json, application/*+json]
2026-06-23 13:15:43.766 DEBUG 33512 --- [nio-9060-exec-5] o.s.w.s.m.m.a.HttpEntityMethodProcessor  : Writing [com.example.TigoStarSystem.common.ApiResponse@438658f]
2026-06-23 13:15:43.767 DEBUG 33512 --- [nio-9060-exec-5] o.s.web.servlet.DispatcherServlet        : Completed 200 OK
2026-06-23 13:15:53.966 DEBUG 33512 --- [nio-9060-exec-9] o.s.web.servlet.DispatcherServlet        : POST "/auth/login", parameters={}
2026-06-23 13:15:53.966 DEBUG 33512 --- [nio-9060-exec-9] s.w.s.m.m.a.RequestMappingHandlerMapping : Mapped to com.example.TigoStarSystem.auth.controller.AuthController#login(AuthLoginRequest)
2026-06-23 13:15:53.967 DEBUG 33512 --- [nio-9060-exec-9] m.m.a.RequestResponseBodyMethodProcessor : Read "application/json;charset=UTF-8" to [com.example.TigoStarSystem.auth.dto.AuthLoginRequest@3a5da158]
2026-06-23 13:15:53.970  INFO 33512 --- [nio-9060-exec-9] c.e.T.auth.service.AuthService           : Login attempt usuario=gcoca, idSucursal=9, validarSucursal=false
2026-06-23 13:15:53.970 DEBUG 33512 --- [nio-9060-exec-9] o.s.jdbc.core.JdbcTemplate               : Executing SQL query [EXEC dbo.spx_ObtenerSucursalesConexionWeb]
2026-06-23 13:15:53.970 DEBUG 33512 --- [nio-9060-exec-9] o.s.jdbc.datasource.DataSourceUtils      : Fetching JDBC Connection from DataSource
2026-06-23 13:15:53.975 DEBUG 33512 --- [nio-9060-exec-9] c.e.T.auth.service.AuthService           : Sucursal resolved idSucursal=9, host=tigo.makiro.com.bo, baseDeDatos=BDSistemaAntenaPM
2026-06-23 13:15:53.975 DEBUG 33512 --- [nio-9060-exec-9] c.e.T.auth.service.AuthService           : Login target attempt=1 idSucursal=9, sucursal=SantaCruz, host=tigo.makiro.com.bo, baseDeDatos=BDSistemaAntenaPM
2026-06-23 13:15:53.975 DEBUG 33512 --- [nio-9060-exec-9] c.e.T.auth.service.AuthService           : Creating JDBC connection for sucursal host=tigo.makiro.com.bo baseDeDatos=BDSistemaAntenaPM
2026-06-23 13:15:53.975 DEBUG 33512 --- [nio-9060-exec-9] c.e.T.auth.service.AuthService           : Calling SP dbo.spx_ValidarUsuario
2026-06-23 13:15:53.975 DEBUG 33512 --- [nio-9060-exec-9] o.s.jdbc.core.JdbcTemplate               : Executing prepared SQL query
2026-06-23 13:15:53.975 DEBUG 33512 --- [nio-9060-exec-9] o.s.jdbc.core.JdbcTemplate               : Executing prepared SQL statement [EXEC dbo.spx_ValidarUsuario ?, ?]
2026-06-23 13:15:53.975 DEBUG 33512 --- [nio-9060-exec-9] o.s.jdbc.datasource.DataSourceUtils      : Fetching JDBC Connection from DataSource
2026-06-23 13:15:53.981 DEBUG 33512 --- [nio-9060-exec-9] c.e.T.auth.service.AuthService           : Login SP returned 1 rows
2026-06-23 13:15:53.982  INFO 33512 --- [nio-9060-exec-9] c.e.T.auth.controller.AuthController     : User {} logged in successfully.
2026-06-23 13:15:53.982 DEBUG 33512 --- [nio-9060-exec-9] o.s.w.s.m.m.a.HttpEntityMethodProcessor  : Using 'application/json', given [application/json, text/plain, */*] and supported [application/json, application/*+json, application/json, application/*+json]
2026-06-23 13:15:53.982 DEBUG 33512 --- [nio-9060-exec-9] o.s.w.s.m.m.a.HttpEntityMethodProcessor  : Writing [com.example.TigoStarSystem.common.ApiResponse@2bdf76cb]
2026-06-23 13:15:53.983 DEBUG 33512 --- [nio-9060-exec-9] o.s.web.servlet.DispatcherServlet        : Completed 200 OK
2026-06-23 13:15:54.277 DEBUG 33512 --- [nio-9060-exec-1] o.s.web.servlet.DispatcherServlet        : GET "/auth/sucursales", parameters={}
2026-06-23 13:15:54.277 DEBUG 33512 --- [nio-9060-exec-1] s.w.s.m.m.a.RequestMappingHandlerMapping : Mapped to com.example.TigoStarSystem.auth.controller.AuthController#listarSucursales()
2026-06-23 13:15:54.278  INFO 33512 --- [nio-9060-exec-1] c.e.T.auth.controller.AuthController     : Request GET /auth/sucursales
2026-06-23 13:15:54.278 DEBUG 33512 --- [nio-9060-exec-1] o.s.jdbc.core.JdbcTemplate               : Executing SQL query [EXEC dbo.spx_ObtenerSucursalesConexionWeb]
2026-06-23 13:15:54.278 DEBUG 33512 --- [nio-9060-exec-1] o.s.jdbc.datasource.DataSourceUtils      : Fetching JDBC Connection from DataSource
2026-06-23 13:15:54.285 DEBUG 33512 --- [nio-9060-exec-1] o.s.w.s.m.m.a.HttpEntityMethodProcessor  : Using 'application/json', given [application/json, text/plain, */*] and supported [application/json, application/*+json, application/json, application/*+json]
2026-06-23 13:15:54.287 DEBUG 33512 --- [nio-9060-exec-1] o.s.w.s.m.m.a.HttpEntityMethodProcessor  : Writing [com.example.TigoStarSystem.common.ApiResponse@4c1bb387]
2026-06-23 13:15:54.287 DEBUG 33512 --- [nio-9060-exec-1] o.s.web.servlet.DispatcherServlet        : Completed 200 OK
2026-06-23 13:15:54.308 DEBUG 33512 --- [io-9060-exec-10] o.s.web.servlet.DispatcherServlet        : GET "/auth/me", parameters={}
2026-06-23 13:15:54.308 DEBUG 33512 --- [io-9060-exec-10] s.w.s.m.m.a.RequestMappingHandlerMapping : Mapped to com.example.TigoStarSystem.auth.controller.AuthController#me(String)
2026-06-23 13:15:54.312 DEBUG 33512 --- [io-9060-exec-10] o.s.w.s.m.m.a.HttpEntityMethodProcessor  : Using 'application/json', given [application/json, text/plain, */*] and supported [application/json, application/*+json, application/json, application/*+json]
2026-06-23 13:15:54.313 DEBUG 33512 --- [io-9060-exec-10] o.s.w.s.m.m.a.HttpEntityMethodProcessor  : Writing [com.example.TigoStarSystem.common.ApiResponse@7b551a41]
2026-06-23 13:15:54.313 DEBUG 33512 --- [io-9060-exec-10] o.s.web.servlet.DispatcherServlet        : Completed 200 OK
2026-06-23 13:15:54.616 DEBUG 33512 --- [l-1 housekeeper] com.zaxxer.hikari.pool.HikariPool        : HikariPool-1 - Before cleanup stats (total=3, active=0, idle=3, waiting=0)
2026-06-23 13:15:54.616 DEBUG 33512 --- [l-1 housekeeper] com.zaxxer.hikari.pool.HikariPool        : HikariPool-1 - After cleanup  stats (total=3, active=0, idle=3, waiting=0)
2026-06-23 13:15:54.616 DEBUG 33512 --- [l-1 housekeeper] com.zaxxer.hikari.pool.HikariPool        : HikariPool-1 - Fill pool skipped, pool is at sufficient level.
2026-06-23 13:15:54.634 DEBUG 33512 --- [nio-9060-exec-3] o.s.web.servlet.DispatcherServlet        : GET "/auth/permisos", parameters={}
2026-06-23 13:15:54.634 DEBUG 33512 --- [nio-9060-exec-3] s.w.s.m.m.a.RequestMappingHandlerMapping : Mapped to com.example.TigoStarSystem.auth.controller.AuthPermisosController#permisos(String)
2026-06-23 13:15:54.635 DEBUG 33512 --- [nio-9060-exec-3] o.s.jdbc.core.JdbcTemplate               : Executing prepared SQL query
2026-06-23 13:15:54.635 DEBUG 33512 --- [nio-9060-exec-3] o.s.jdbc.core.JdbcTemplate               : Executing prepared SQL statement [SELECT TOP 1 CAST(ut.id AS INT) AS id_usuario_tecnico FROM dbo.tbl_UsuarioTecnico ut WHERE (ut.id_usuario = ? OR ut.idusuario = ? OR ut.id_tecnico = ? OR ut.idtecnico = ?)   AND ISNULL(ut.e_eliminado, 0) = 0]
2026-06-23 13:15:54.635 DEBUG 33512 --- [nio-9060-exec-3] o.s.jdbc.datasource.DataSourceUtils      : Fetching JDBC Connection from DataSource
2026-06-23 13:15:54.648 DEBUG 33512 --- [nio-9060-exec-3] o.s.jdbc.core.JdbcTemplate               : Executing prepared SQL query
2026-06-23 13:15:54.648 DEBUG 33512 --- [nio-9060-exec-3] o.s.jdbc.core.JdbcTemplate               : Executing prepared SQL statement [SELECT TOP 1 CAST(ut.Id AS INT) AS id_usuario_tecnico FROM dbo.tbl_UsuarioTecnico ut WHERE (ut.Id_Usuario = ? OR ut.IdUsuario = ? OR ut.Id_Tecnico = ? OR ut.IdTecnico = ?)   AND ISNULL(ut.E_Eliminado, 0) = 0]
2026-06-23 13:15:54.648 DEBUG 33512 --- [nio-9060-exec-3] o.s.jdbc.datasource.DataSourceUtils      : Fetching JDBC Connection from DataSource
2026-06-23 13:15:54.656 DEBUG 33512 --- [nio-9060-exec-3] o.s.jdbc.core.JdbcTemplate               : Executing prepared SQL query
2026-06-23 13:15:54.656 DEBUG 33512 --- [nio-9060-exec-3] o.s.jdbc.core.JdbcTemplate               : Executing prepared SQL statement [SELECT TOP 1 CAST(ut.id AS INT) AS id_usuario_tecnico FROM dbo.tbl_usuariotecnico ut WHERE (ut.id_usuario = ? OR ut.idusuario = ? OR ut.id_tecnico = ? OR ut.idtecnico = ?)   AND ISNULL(ut.e_eliminado, 0) = 0]
2026-06-23 13:15:54.656 DEBUG 33512 --- [nio-9060-exec-3] o.s.jdbc.datasource.DataSourceUtils      : Fetching JDBC Connection from DataSource
2026-06-23 13:15:54.664 DEBUG 33512 --- [nio-9060-exec-3] o.s.jdbc.core.JdbcTemplate               : Executing prepared SQL query
2026-06-23 13:15:54.664 DEBUG 33512 --- [nio-9060-exec-3] o.s.jdbc.core.JdbcTemplate               : Executing prepared SQL statement [SELECT TOP 1 CAST(ut.id AS INT) AS id_usuario_tecnico FROM dbo.tbl_usuaritecnico ut WHERE (ut.id_usuario = ? OR ut.idusuario = ? OR ut.id_tecnico = ? OR ut.idtecnico = ?)   AND ISNULL(ut.e_eliminado, 0) = 0]
2026-06-23 13:15:54.664 DEBUG 33512 --- [nio-9060-exec-3] o.s.jdbc.datasource.DataSourceUtils      : Fetching JDBC Connection from DataSource
2026-06-23 13:15:54.671 DEBUG 33512 --- [nio-9060-exec-3] o.s.jdbc.core.JdbcTemplate               : Executing prepared SQL query
2026-06-23 13:15:54.671 DEBUG 33512 --- [nio-9060-exec-3] o.s.jdbc.core.JdbcTemplate               : Executing prepared SQL statement [SELECT TOP 1 CAST(ut.id_vendedor AS INT) AS id_vendedor FROM dbo.tbl_UsuarioTecnico ut WHERE (ut.id_usuario = ? OR ut.idusuario = ? OR ut.id = ? OR ut.id_tecnico = ? OR ut.idtecnico = ?)   AND ISNULL(ut.e_eliminado, 0) = 0 AND ut.id_vendedor IS NOT NULL]
2026-06-23 13:15:54.671 DEBUG 33512 --- [nio-9060-exec-3] o.s.jdbc.datasource.DataSourceUtils      : Fetching JDBC Connection from DataSource
2026-06-23 13:15:54.679 DEBUG 33512 --- [nio-9060-exec-3] o.s.jdbc.core.JdbcTemplate               : Executing prepared SQL query
2026-06-23 13:15:54.679 DEBUG 33512 --- [nio-9060-exec-3] o.s.jdbc.core.JdbcTemplate               : Executing prepared SQL statement [SELECT TOP 1 CAST(ut.Id_Vendedor AS INT) AS id_vendedor FROM dbo.tbl_UsuarioTecnico ut WHERE (ut.Id_Usuario = ? OR ut.IdUsuario = ? OR ut.Id = ? OR ut.Id_Tecnico = ? OR ut.IdTecnico = ?)   AND ISNULL(ut.E_Eliminado, 0) = 0 AND ut.Id_Vendedor IS NOT NULL]
2026-06-23 13:15:54.679 DEBUG 33512 --- [nio-9060-exec-3] o.s.jdbc.datasource.DataSourceUtils      : Fetching JDBC Connection from DataSource
2026-06-23 13:15:54.686 DEBUG 33512 --- [nio-9060-exec-3] o.s.jdbc.core.JdbcTemplate               : Executing prepared SQL query
2026-06-23 13:15:54.686 DEBUG 33512 --- [nio-9060-exec-3] o.s.jdbc.core.JdbcTemplate               : Executing prepared SQL statement [SELECT TOP 1 CAST(ut.idvendedor AS INT) AS id_vendedor FROM dbo.tbl_usuariotecnico ut WHERE (ut.id_usuario = ? OR ut.idusuario = ? OR ut.id = ? OR ut.id_tecnico = ? OR ut.idtecnico = ?)   AND ISNULL(ut.e_eliminado, 0) = 0 AND ut.idvendedor IS NOT NULL]
2026-06-23 13:15:54.686 DEBUG 33512 --- [nio-9060-exec-3] o.s.jdbc.datasource.DataSourceUtils      : Fetching JDBC Connection from DataSource
2026-06-23 13:15:54.733 DEBUG 33512 --- [nio-9060-exec-3] o.s.jdbc.core.JdbcTemplate               : Executing prepared SQL query
2026-06-23 13:15:54.733 DEBUG 33512 --- [nio-9060-exec-3] o.s.jdbc.core.JdbcTemplate               : Executing prepared SQL statement [SELECT TOP 1 g.id_grupo, ISNULL(g.supervisor_ausente, 0) AS supervisor_ausente, gb.id_grupo_backup, gb.id_usuario_tecnico_temporal, ISNULL(gb.e_activo, 0) AS backup_activo, gb.fecha_inicio, gs.id_usuario AS id_usuario_supervisor FROM dbo.tbl_Grupo g LEFT JOIN dbo.tbl_GrupoSup gs ON gs.id_grupo = g.id_grupo LEFT JOIN dbo.tbl_GrupoBackup gb        ON gb.id_grupo = g.id_grupo       AND ISNULL(gb.e_activo, 0) = 1 WHERE ISNULL(g.e_eliminado, 0) = 0   AND (gs.id_usuario = ? OR gb.id_usuario_tecnico_temporal = ? OR gb.id_usuario_tecnico_temporal = ? OR gb.id_usuario_tecnico_temporal = ?) ORDER BY CASE WHEN gb.id_usuario_tecnico_temporal = ? THEN 0               WHEN gb.id_usuario_tecnico_temporal = ? THEN 1               WHEN gb.id_usuario_tecnico_temporal = ? THEN 2 ELSE 3 END,          gb.id_grupo_backup DESC, g.id_grupo DESC]
2026-06-23 13:15:54.733 DEBUG 33512 --- [nio-9060-exec-3] o.s.jdbc.datasource.DataSourceUtils      : Fetching JDBC Connection from DataSource
2026-06-23 13:15:54.742 DEBUG 33512 --- [nio-9060-exec-3] o.s.jdbc.core.JdbcTemplate               : Executing prepared SQL query
2026-06-23 13:15:54.743 DEBUG 33512 --- [nio-9060-exec-3] o.s.jdbc.core.JdbcTemplate               : Executing prepared SQL statement [SELECT TOP 1 CAST(ut.id AS INT) AS id_usuario_tecnico FROM dbo.tbl_UsuarioTecnico ut WHERE (ut.id_usuario = ? OR ut.idusuario = ? OR ut.id_tecnico = ? OR ut.idtecnico = ?)   AND ISNULL(ut.e_eliminado, 0) = 0]
2026-06-23 13:15:54.743 DEBUG 33512 --- [nio-9060-exec-3] o.s.jdbc.datasource.DataSourceUtils      : Fetching JDBC Connection from DataSource
2026-06-23 13:15:54.773 DEBUG 33512 --- [nio-9060-exec-3] o.s.jdbc.core.JdbcTemplate               : Executing prepared SQL query
2026-06-23 13:15:54.773 DEBUG 33512 --- [nio-9060-exec-3] o.s.jdbc.core.JdbcTemplate               : Executing prepared SQL statement [SELECT TOP 1 CAST(ut.Id AS INT) AS id_usuario_tecnico FROM dbo.tbl_UsuarioTecnico ut WHERE (ut.Id_Usuario = ? OR ut.IdUsuario = ? OR ut.Id_Tecnico = ? OR ut.IdTecnico = ?)   AND ISNULL(ut.E_Eliminado, 0) = 0]
2026-06-23 13:15:54.773 DEBUG 33512 --- [nio-9060-exec-3] o.s.jdbc.datasource.DataSourceUtils      : Fetching JDBC Connection from DataSource
2026-06-23 13:15:54.780 DEBUG 33512 --- [nio-9060-exec-3] o.s.jdbc.core.JdbcTemplate               : Executing prepared SQL query
2026-06-23 13:15:54.781 DEBUG 33512 --- [nio-9060-exec-3] o.s.jdbc.core.JdbcTemplate               : Executing prepared SQL statement [SELECT TOP 1 CAST(ut.id AS INT) AS id_usuario_tecnico FROM dbo.tbl_usuariotecnico ut WHERE (ut.id_usuario = ? OR ut.idusuario = ? OR ut.id_tecnico = ? OR ut.idtecnico = ?)   AND ISNULL(ut.e_eliminado, 0) = 0]
2026-06-23 13:15:54.781 DEBUG 33512 --- [nio-9060-exec-3] o.s.jdbc.datasource.DataSourceUtils      : Fetching JDBC Connection from DataSource
2026-06-23 13:15:54.787 DEBUG 33512 --- [nio-9060-exec-3] o.s.jdbc.core.JdbcTemplate               : Executing prepared SQL query
2026-06-23 13:15:54.787 DEBUG 33512 --- [nio-9060-exec-3] o.s.jdbc.core.JdbcTemplate               : Executing prepared SQL statement [SELECT TOP 1 CAST(ut.id AS INT) AS id_usuario_tecnico FROM dbo.tbl_usuaritecnico ut WHERE (ut.id_usuario = ? OR ut.idusuario = ? OR ut.id_tecnico = ? OR ut.idtecnico = ?)   AND ISNULL(ut.e_eliminado, 0) = 0]
2026-06-23 13:15:54.787 DEBUG 33512 --- [nio-9060-exec-3] o.s.jdbc.datasource.DataSourceUtils      : Fetching JDBC Connection from DataSource
2026-06-23 13:15:54.801 DEBUG 33512 --- [nio-9060-exec-3] o.s.jdbc.core.JdbcTemplate               : Executing prepared SQL query
2026-06-23 13:15:54.801 DEBUG 33512 --- [nio-9060-exec-3] o.s.jdbc.core.JdbcTemplate               : Executing prepared SQL statement [SELECT TOP 1 CAST(ut.id_vendedor AS INT) AS id_vendedor FROM dbo.tbl_UsuarioTecnico ut WHERE (ut.id_usuario = ? OR ut.idusuario = ? OR ut.id = ? OR ut.id_tecnico = ? OR ut.idtecnico = ?)   AND ISNULL(ut.e_eliminado, 0) = 0 AND ut.id_vendedor IS NOT NULL]
2026-06-23 13:15:54.801 DEBUG 33512 --- [nio-9060-exec-3] o.s.jdbc.datasource.DataSourceUtils      : Fetching JDBC Connection from DataSource
2026-06-23 13:15:54.829 DEBUG 33512 --- [nio-9060-exec-3] o.s.jdbc.core.JdbcTemplate               : Executing prepared SQL query
2026-06-23 13:15:54.829 DEBUG 33512 --- [nio-9060-exec-3] o.s.jdbc.core.JdbcTemplate               : Executing prepared SQL statement [SELECT TOP 1 CAST(ut.Id_Vendedor AS INT) AS id_vendedor FROM dbo.tbl_UsuarioTecnico ut WHERE (ut.Id_Usuario = ? OR ut.IdUsuario = ? OR ut.Id = ? OR ut.Id_Tecnico = ? OR ut.IdTecnico = ?)   AND ISNULL(ut.E_Eliminado, 0) = 0 AND ut.Id_Vendedor IS NOT NULL]
2026-06-23 13:15:54.829 DEBUG 33512 --- [nio-9060-exec-3] o.s.jdbc.datasource.DataSourceUtils      : Fetching JDBC Connection from DataSource
2026-06-23 13:15:54.850 DEBUG 33512 --- [nio-9060-exec-3] o.s.jdbc.core.JdbcTemplate               : Executing prepared SQL query
2026-06-23 13:15:54.850 DEBUG 33512 --- [nio-9060-exec-3] o.s.jdbc.core.JdbcTemplate               : Executing prepared SQL statement [SELECT TOP 1 CAST(ut.idvendedor AS INT) AS id_vendedor FROM dbo.tbl_usuariotecnico ut WHERE (ut.id_usuario = ? OR ut.idusuario = ? OR ut.id = ? OR ut.id_tecnico = ? OR ut.idtecnico = ?)   AND ISNULL(ut.e_eliminado, 0) = 0 AND ut.idvendedor IS NOT NULL]
2026-06-23 13:15:54.850 DEBUG 33512 --- [nio-9060-exec-3] o.s.jdbc.datasource.DataSourceUtils      : Fetching JDBC Connection from DataSource
2026-06-23 13:15:54.862 DEBUG 33512 --- [nio-9060-exec-3] o.s.jdbc.core.JdbcTemplate               : Executing prepared SQL query
2026-06-23 13:15:54.862 DEBUG 33512 --- [nio-9060-exec-3] o.s.jdbc.core.JdbcTemplate               : Executing prepared SQL statement [SELECT TOP 1 g.id_grupo, ISNULL(g.supervisor_ausente, 0) AS supervisor_ausente, gb.id_grupo_backup, gb.id_usuario_tecnico_temporal, ISNULL(gb.e_activo, 0) AS backup_activo, gb.fecha_inicio, gs.id_usuario AS id_usuario_supervisor FROM dbo.tbl_Grupo g LEFT JOIN dbo.tbl_GrupoSup gs ON gs.id_grupo = g.id_grupo LEFT JOIN dbo.tbl_GrupoBackup gb        ON gb.id_grupo = g.id_grupo       AND ISNULL(gb.e_activo, 0) = 1 WHERE ISNULL(g.e_eliminado, 0) = 0   AND (gs.id_usuario = ? OR gb.id_usuario_tecnico_temporal = ? OR gb.id_usuario_tecnico_temporal = ? OR gb.id_usuario_tecnico_temporal = ?) ORDER BY CASE WHEN gb.id_usuario_tecnico_temporal = ? THEN 0               WHEN gb.id_usuario_tecnico_temporal = ? THEN 1               WHEN gb.id_usuario_tecnico_temporal = ? THEN 2 ELSE 3 END,          gb.id_grupo_backup DESC, g.id_grupo DESC]
2026-06-23 13:15:54.862 DEBUG 33512 --- [nio-9060-exec-3] o.s.jdbc.datasource.DataSourceUtils      : Fetching JDBC Connection from DataSource
2026-06-23 13:15:54.880 DEBUG 33512 --- [nio-9060-exec-3] o.s.jdbc.core.JdbcTemplate               : Executing SQL update [IF OBJECT_ID('dbo.backup_temporal', 'U') IS NULL BEGIN CREATE TABLE dbo.backup_temporal (id_backup_temporal INT IDENTITY(1,1) NOT NULL PRIMARY KEY, id_usuario INT NOT NULL, id_grupo INT NULL, id_rol_temporal INT NOT NULL, e_activo BIT NOT NULL CONSTRAINT DF_backup_temporal_e_activo DEFAULT(1), fecha_inicio DATETIME NOT NULL CONSTRAINT DF_backup_temporal_fecha_inicio DEFAULT(GETDATE()), fecha_fin DATETIME NULL, fecha_registro DATETIME NOT NULL CONSTRAINT DF_backup_temporal_fecha_registro DEFAULT(GETDATE()), fecha_actualizacion DATETIME NULL); END]
2026-06-23 13:15:54.881 DEBUG 33512 --- [nio-9060-exec-3] o.s.jdbc.datasource.DataSourceUtils      : Fetching JDBC Connection from DataSource
2026-06-23 13:15:54.884 DEBUG 33512 --- [nio-9060-exec-3] o.s.jdbc.core.JdbcTemplate               : Executing SQL update [IF COL_LENGTH('dbo.backup_temporal', 'id_grupo') IS NULL BEGIN ALTER TABLE dbo.backup_temporal ADD id_grupo INT NULL; END]
2026-06-23 13:15:54.884 DEBUG 33512 --- [nio-9060-exec-3] o.s.jdbc.datasource.DataSourceUtils      : Fetching JDBC Connection from DataSource
2026-06-23 13:15:54.887 DEBUG 33512 --- [nio-9060-exec-3] o.s.jdbc.core.JdbcTemplate               : Executing SQL update [IF NOT EXISTS (SELECT 1 FROM sys.indexes WHERE object_id = OBJECT_ID('dbo.backup_temporal')   AND name = 'IX_backup_temporal_usuario_activo') BEGIN CREATE INDEX IX_backup_temporal_usuario_activo ON dbo.backup_temporal(id_usuario, e_activo, fecha_fin); END]
2026-06-23 13:15:54.887 DEBUG 33512 --- [nio-9060-exec-3] o.s.jdbc.datasource.DataSourceUtils      : Fetching JDBC Connection from DataSource
2026-06-23 13:15:54.890 DEBUG 33512 --- [nio-9060-exec-3] o.s.jdbc.core.JdbcTemplate               : Executing prepared SQL query
2026-06-23 13:15:54.890 DEBUG 33512 --- [nio-9060-exec-3] o.s.jdbc.core.JdbcTemplate               : Executing prepared SQL statement [SELECT TOP 1 CAST(ut.id AS INT) AS alt_id FROM dbo.tbl_UsuarioTecnico ut WHERE (ut.id_usuario = ? OR ut.idusuario = ? OR ut.id_tecnico = ? OR ut.idtecnico = ?)   AND ISNULL(ut.e_eliminado, 0) = 0]
2026-06-23 13:15:54.890 DEBUG 33512 --- [nio-9060-exec-3] o.s.jdbc.datasource.DataSourceUtils      : Fetching JDBC Connection from DataSource
2026-06-23 13:15:54.897 DEBUG 33512 --- [nio-9060-exec-3] o.s.jdbc.core.JdbcTemplate               : Executing prepared SQL query
2026-06-23 13:15:54.897 DEBUG 33512 --- [nio-9060-exec-3] o.s.jdbc.core.JdbcTemplate               : Executing prepared SQL statement [SELECT TOP 1 CAST(ut.id_vendedor AS INT) AS alt_id FROM dbo.tbl_UsuarioTecnico ut WHERE (ut.id_usuario = ? OR ut.idusuario = ? OR ut.id_tecnico = ? OR ut.idtecnico = ?)   AND ISNULL(ut.e_eliminado, 0) = 0   AND ut.id_vendedor IS NOT NULL]
2026-06-23 13:15:54.897 DEBUG 33512 --- [nio-9060-exec-3] o.s.jdbc.datasource.DataSourceUtils      : Fetching JDBC Connection from DataSource
2026-06-23 13:15:54.902 DEBUG 33512 --- [nio-9060-exec-3] o.s.jdbc.core.JdbcTemplate               : Executing prepared SQL query
2026-06-23 13:15:54.902 DEBUG 33512 --- [nio-9060-exec-3] o.s.jdbc.core.JdbcTemplate               : Executing prepared SQL statement [SELECT TOP 1 CAST(ut.Id AS INT) AS alt_id FROM dbo.tbl_UsuarioTecnico ut WHERE (ut.Id_Usuario = ? OR ut.IdUsuario = ? OR ut.Id_Tecnico = ? OR ut.IdTecnico = ?)   AND ISNULL(ut.E_Eliminado, 0) = 0]
2026-06-23 13:15:54.902 DEBUG 33512 --- [nio-9060-exec-3] o.s.jdbc.datasource.DataSourceUtils      : Fetching JDBC Connection from DataSource
2026-06-23 13:15:54.910 DEBUG 33512 --- [nio-9060-exec-3] o.s.jdbc.core.JdbcTemplate               : Executing prepared SQL query
2026-06-23 13:15:54.910 DEBUG 33512 --- [nio-9060-exec-3] o.s.jdbc.core.JdbcTemplate               : Executing prepared SQL statement [SELECT TOP 1 CAST(ut.Id_Vendedor AS INT) AS alt_id FROM dbo.tbl_UsuarioTecnico ut WHERE (ut.Id_Usuario = ? OR ut.IdUsuario = ? OR ut.Id_Tecnico = ? OR ut.IdTecnico = ?)   AND ISNULL(ut.E_Eliminado, 0) = 0   AND ut.Id_Vendedor IS NOT NULL]
2026-06-23 13:15:54.910 DEBUG 33512 --- [nio-9060-exec-3] o.s.jdbc.datasource.DataSourceUtils      : Fetching JDBC Connection from DataSource
2026-06-23 13:15:54.918 DEBUG 33512 --- [nio-9060-exec-3] o.s.jdbc.core.JdbcTemplate               : Executing prepared SQL query
2026-06-23 13:15:54.918 DEBUG 33512 --- [nio-9060-exec-3] o.s.jdbc.core.JdbcTemplate               : Executing prepared SQL statement [SELECT TOP 1 CAST(ut.id AS INT) AS alt_id FROM dbo.tbl_usuariotecnico ut WHERE (ut.id_usuario = ? OR ut.idusuario = ? OR ut.id_tecnico = ? OR ut.idtecnico = ?)   AND ISNULL(ut.e_eliminado, 0) = 0]
2026-06-23 13:15:54.918 DEBUG 33512 --- [nio-9060-exec-3] o.s.jdbc.datasource.DataSourceUtils      : Fetching JDBC Connection from DataSource
2026-06-23 13:15:54.924 DEBUG 33512 --- [nio-9060-exec-3] o.s.jdbc.core.JdbcTemplate               : Executing prepared SQL query
2026-06-23 13:15:54.924 DEBUG 33512 --- [nio-9060-exec-3] o.s.jdbc.core.JdbcTemplate               : Executing prepared SQL statement [SELECT TOP 1 CAST(ut.id_vendedor AS INT) AS alt_id FROM dbo.tbl_usuariotecnico ut WHERE (ut.id_usuario = ? OR ut.idusuario = ? OR ut.id_tecnico = ? OR ut.idtecnico = ?)   AND ISNULL(ut.e_eliminado, 0) = 0   AND ut.id_vendedor IS NOT NULL]
2026-06-23 13:15:54.924 DEBUG 33512 --- [nio-9060-exec-3] o.s.jdbc.datasource.DataSourceUtils      : Fetching JDBC Connection from DataSource
2026-06-23 13:15:54.932 DEBUG 33512 --- [nio-9060-exec-3] o.s.jdbc.core.JdbcTemplate               : Executing prepared SQL query
2026-06-23 13:15:54.933 DEBUG 33512 --- [nio-9060-exec-3] o.s.jdbc.core.JdbcTemplate               : Executing prepared SQL statement [SELECT TOP 1 CAST(ut.id AS INT) AS alt_id FROM dbo.tbl_UsuarioTecnico ut WHERE (ut.id_usuario = ? OR ut.idusuario = ? OR ut.id_tecnico = ? OR ut.idtecnico = ?)   AND ISNULL(ut.e_eliminado, 0) = 0]
2026-06-23 13:15:54.933 DEBUG 33512 --- [nio-9060-exec-3] o.s.jdbc.datasource.DataSourceUtils      : Fetching JDBC Connection from DataSource
2026-06-23 13:15:54.935 DEBUG 33512 --- [nio-9060-exec-3] o.s.jdbc.core.JdbcTemplate               : Executing prepared SQL query
2026-06-23 13:15:54.935 DEBUG 33512 --- [nio-9060-exec-3] o.s.jdbc.core.JdbcTemplate               : Executing prepared SQL statement [SELECT TOP 1 CAST(ut.id_vendedor AS INT) AS alt_id FROM dbo.tbl_UsuarioTecnico ut WHERE (ut.id_usuario = ? OR ut.idusuario = ? OR ut.id_tecnico = ? OR ut.idtecnico = ?)   AND ISNULL(ut.e_eliminado, 0) = 0   AND ut.id_vendedor IS NOT NULL]
2026-06-23 13:15:54.935 DEBUG 33512 --- [nio-9060-exec-3] o.s.jdbc.datasource.DataSourceUtils      : Fetching JDBC Connection from DataSource
2026-06-23 13:15:54.939 DEBUG 33512 --- [nio-9060-exec-3] o.s.jdbc.core.JdbcTemplate               : Executing prepared SQL query
2026-06-23 13:15:54.939 DEBUG 33512 --- [nio-9060-exec-3] o.s.jdbc.core.JdbcTemplate               : Executing prepared SQL statement [SELECT TOP 1 CAST(ut.Id AS INT) AS alt_id FROM dbo.tbl_UsuarioTecnico ut WHERE (ut.Id_Usuario = ? OR ut.IdUsuario = ? OR ut.Id_Tecnico = ? OR ut.IdTecnico = ?)   AND ISNULL(ut.E_Eliminado, 0) = 0]
2026-06-23 13:15:54.939 DEBUG 33512 --- [nio-9060-exec-3] o.s.jdbc.datasource.DataSourceUtils      : Fetching JDBC Connection from DataSource
2026-06-23 13:15:54.942 DEBUG 33512 --- [nio-9060-exec-3] o.s.jdbc.core.JdbcTemplate               : Executing prepared SQL query
2026-06-23 13:15:54.942 DEBUG 33512 --- [nio-9060-exec-3] o.s.jdbc.core.JdbcTemplate               : Executing prepared SQL statement [SELECT TOP 1 CAST(ut.Id_Vendedor AS INT) AS alt_id FROM dbo.tbl_UsuarioTecnico ut WHERE (ut.Id_Usuario = ? OR ut.IdUsuario = ? OR ut.Id_Tecnico = ? OR ut.IdTecnico = ?)   AND ISNULL(ut.E_Eliminado, 0) = 0   AND ut.Id_Vendedor IS NOT NULL]
2026-06-23 13:15:54.942 DEBUG 33512 --- [nio-9060-exec-3] o.s.jdbc.datasource.DataSourceUtils      : Fetching JDBC Connection from DataSource
2026-06-23 13:15:54.945 DEBUG 33512 --- [nio-9060-exec-3] o.s.jdbc.core.JdbcTemplate               : Executing prepared SQL query
2026-06-23 13:15:54.945 DEBUG 33512 --- [nio-9060-exec-3] o.s.jdbc.core.JdbcTemplate               : Executing prepared SQL statement [SELECT TOP 1 CAST(ut.id AS INT) AS alt_id FROM dbo.tbl_usuariotecnico ut WHERE (ut.id_usuario = ? OR ut.idusuario = ? OR ut.id_tecnico = ? OR ut.idtecnico = ?)   AND ISNULL(ut.e_eliminado, 0) = 0]
2026-06-23 13:15:54.945 DEBUG 33512 --- [nio-9060-exec-3] o.s.jdbc.datasource.DataSourceUtils      : Fetching JDBC Connection from DataSource
2026-06-23 13:15:54.954 DEBUG 33512 --- [nio-9060-exec-3] o.s.jdbc.core.JdbcTemplate               : Executing prepared SQL query
2026-06-23 13:15:54.954 DEBUG 33512 --- [nio-9060-exec-3] o.s.jdbc.core.JdbcTemplate               : Executing prepared SQL statement [SELECT TOP 1 CAST(ut.id_vendedor AS INT) AS alt_id FROM dbo.tbl_usuariotecnico ut WHERE (ut.id_usuario = ? OR ut.idusuario = ? OR ut.id_tecnico = ? OR ut.idtecnico = ?)   AND ISNULL(ut.e_eliminado, 0) = 0   AND ut.id_vendedor IS NOT NULL]
2026-06-23 13:15:54.954 DEBUG 33512 --- [nio-9060-exec-3] o.s.jdbc.datasource.DataSourceUtils      : Fetching JDBC Connection from DataSource
2026-06-23 13:15:54.958 DEBUG 33512 --- [nio-9060-exec-3] o.s.jdbc.core.JdbcTemplate               : Executing prepared SQL query
2026-06-23 13:15:54.958 DEBUG 33512 --- [nio-9060-exec-3] o.s.jdbc.core.JdbcTemplate               : Executing prepared SQL statement [SELECT TOP 1 CAST(ut.id AS INT) AS alt_id FROM dbo.tbl_UsuarioTecnico ut WHERE (ut.id_usuario = ? OR ut.idusuario = ? OR ut.id_tecnico = ? OR ut.idtecnico = ?)   AND ISNULL(ut.e_eliminado, 0) = 0]
2026-06-23 13:15:54.958 DEBUG 33512 --- [nio-9060-exec-3] o.s.jdbc.datasource.DataSourceUtils      : Fetching JDBC Connection from DataSource
2026-06-23 13:15:54.964 DEBUG 33512 --- [nio-9060-exec-3] o.s.jdbc.core.JdbcTemplate               : Executing prepared SQL query
2026-06-23 13:15:54.964 DEBUG 33512 --- [nio-9060-exec-3] o.s.jdbc.core.JdbcTemplate               : Executing prepared SQL statement [SELECT TOP 1 CAST(ut.id_vendedor AS INT) AS alt_id FROM dbo.tbl_UsuarioTecnico ut WHERE (ut.id_usuario = ? OR ut.idusuario = ? OR ut.id_tecnico = ? OR ut.idtecnico = ?)   AND ISNULL(ut.e_eliminado, 0) = 0   AND ut.id_vendedor IS NOT NULL]
2026-06-23 13:15:54.964 DEBUG 33512 --- [nio-9060-exec-3] o.s.jdbc.datasource.DataSourceUtils      : Fetching JDBC Connection from DataSource
2026-06-23 13:15:54.976 DEBUG 33512 --- [nio-9060-exec-3] o.s.jdbc.core.JdbcTemplate               : Executing prepared SQL query
2026-06-23 13:15:54.976 DEBUG 33512 --- [nio-9060-exec-3] o.s.jdbc.core.JdbcTemplate               : Executing prepared SQL statement [SELECT TOP 1 CAST(ut.Id AS INT) AS alt_id FROM dbo.tbl_UsuarioTecnico ut WHERE (ut.Id_Usuario = ? OR ut.IdUsuario = ? OR ut.Id_Tecnico = ? OR ut.IdTecnico = ?)   AND ISNULL(ut.E_Eliminado, 0) = 0]
2026-06-23 13:15:54.976 DEBUG 33512 --- [nio-9060-exec-3] o.s.jdbc.datasource.DataSourceUtils      : Fetching JDBC Connection from DataSource
2026-06-23 13:15:54.981 DEBUG 33512 --- [nio-9060-exec-3] o.s.jdbc.core.JdbcTemplate               : Executing prepared SQL query
2026-06-23 13:15:54.982 DEBUG 33512 --- [nio-9060-exec-3] o.s.jdbc.core.JdbcTemplate               : Executing prepared SQL statement [SELECT TOP 1 CAST(ut.Id_Vendedor AS INT) AS alt_id FROM dbo.tbl_UsuarioTecnico ut WHERE (ut.Id_Usuario = ? OR ut.IdUsuario = ? OR ut.Id_Tecnico = ? OR ut.IdTecnico = ?)   AND ISNULL(ut.E_Eliminado, 0) = 0   AND ut.Id_Vendedor IS NOT NULL]
2026-06-23 13:15:54.982 DEBUG 33512 --- [nio-9060-exec-3] o.s.jdbc.datasource.DataSourceUtils      : Fetching JDBC Connection from DataSource
2026-06-23 13:15:54.988 DEBUG 33512 --- [nio-9060-exec-3] o.s.jdbc.core.JdbcTemplate               : Executing prepared SQL query
2026-06-23 13:15:54.988 DEBUG 33512 --- [nio-9060-exec-3] o.s.jdbc.core.JdbcTemplate               : Executing prepared SQL statement [SELECT TOP 1 CAST(ut.id AS INT) AS alt_id FROM dbo.tbl_usuariotecnico ut WHERE (ut.id_usuario = ? OR ut.idusuario = ? OR ut.id_tecnico = ? OR ut.idtecnico = ?)   AND ISNULL(ut.e_eliminado, 0) = 0]
2026-06-23 13:15:54.988 DEBUG 33512 --- [nio-9060-exec-3] o.s.jdbc.datasource.DataSourceUtils      : Fetching JDBC Connection from DataSource
2026-06-23 13:15:54.995 DEBUG 33512 --- [nio-9060-exec-3] o.s.jdbc.core.JdbcTemplate               : Executing prepared SQL query
2026-06-23 13:15:54.995 DEBUG 33512 --- [nio-9060-exec-3] o.s.jdbc.core.JdbcTemplate               : Executing prepared SQL statement [SELECT TOP 1 CAST(ut.id_vendedor AS INT) AS alt_id FROM dbo.tbl_usuariotecnico ut WHERE (ut.id_usuario = ? OR ut.idusuario = ? OR ut.id_tecnico = ? OR ut.idtecnico = ?)   AND ISNULL(ut.e_eliminado, 0) = 0   AND ut.id_vendedor IS NOT NULL]
2026-06-23 13:15:54.995 DEBUG 33512 --- [nio-9060-exec-3] o.s.jdbc.datasource.DataSourceUtils      : Fetching JDBC Connection from DataSource
2026-06-23 13:15:55.001 DEBUG 33512 --- [nio-9060-exec-3] o.s.jdbc.core.JdbcTemplate               : Executing prepared SQL query
2026-06-23 13:15:55.002 DEBUG 33512 --- [nio-9060-exec-3] o.s.jdbc.core.JdbcTemplate               : Executing prepared SQL statement [SELECT TOP 1 1 AS ok FROM dbo.backup_temporal bt WHERE bt.id_usuario = ?   AND ISNULL(bt.e_activo, 1) = 1   AND (bt.fecha_fin IS NULL OR bt.fecha_fin > GETDATE()) ORDER BY bt.id_backup_temporal DESC]
2026-06-23 13:15:55.002 DEBUG 33512 --- [nio-9060-exec-3] o.s.jdbc.datasource.DataSourceUtils      : Fetching JDBC Connection from DataSource
2026-06-23 13:15:55.006  INFO 33512 --- [nio-9060-exec-3] c.e.T.p.service.PrivilegioService        : [PERMISOS] idUsuarioSesion=82, rolSesion=BackOffice_v, backupContexto=false, backupTemporal=false, idGrupo=null, idSupervisorContexto=null, idRolPermisos=6, idUsuarioPermisos=82
2026-06-23 13:15:55.006 DEBUG 33512 --- [nio-9060-exec-3] o.s.jdbc.core.JdbcTemplate               : Executing SQL query [EXEC dbo.spx_ObtenerPrivilegiosRoles]
2026-06-23 13:15:55.006 DEBUG 33512 --- [nio-9060-exec-3] o.s.jdbc.datasource.DataSourceUtils      : Fetching JDBC Connection from DataSource
2026-06-23 13:15:55.014 DEBUG 33512 --- [nio-9060-exec-3] o.s.jdbc.core.JdbcTemplate               : Executing prepared SQL query
2026-06-23 13:15:55.014 DEBUG 33512 --- [nio-9060-exec-3] o.s.jdbc.core.JdbcTemplate               : Executing prepared SQL statement [EXEC dbo.spx_ObtenerPrivilegiosRolDetalle ?]
2026-06-23 13:15:55.014 DEBUG 33512 --- [nio-9060-exec-3] o.s.jdbc.datasource.DataSourceUtils      : Fetching JDBC Connection from DataSource
2026-06-23 13:15:55.027 DEBUG 33512 --- [nio-9060-exec-3] o.s.w.s.m.m.a.HttpEntityMethodProcessor  : Using 'application/json', given [application/json, text/plain, */*] and supported [application/json, application/*+json, application/json, application/*+json]
2026-06-23 13:15:55.027 DEBUG 33512 --- [nio-9060-exec-3] o.s.w.s.m.m.a.HttpEntityMethodProcessor  : Writing [com.example.TigoStarSystem.common.ApiResponse@1d9b341a]
2026-06-23 13:15:55.027 DEBUG 33512 --- [nio-9060-exec-3] o.s.web.servlet.DispatcherServlet        : Completed 200 OK
2026-06-23 13:15:55.083 DEBUG 33512 --- [nio-9060-exec-7] o.s.web.servlet.DispatcherServlet        : GET "/auth/sucursales", parameters={}
2026-06-23 13:15:55.083 DEBUG 33512 --- [nio-9060-exec-7] s.w.s.m.m.a.RequestMappingHandlerMapping : Mapped to com.example.TigoStarSystem.auth.controller.AuthController#listarSucursales()
2026-06-23 13:15:55.084  INFO 33512 --- [nio-9060-exec-7] c.e.T.auth.controller.AuthController     : Request GET /auth/sucursales
2026-06-23 13:15:55.084 DEBUG 33512 --- [nio-9060-exec-7] o.s.jdbc.core.JdbcTemplate               : Executing SQL query [EXEC dbo.spx_ObtenerSucursalesConexionWeb]
2026-06-23 13:15:55.084 DEBUG 33512 --- [nio-9060-exec-7] o.s.jdbc.datasource.DataSourceUtils      : Fetching JDBC Connection from DataSource
2026-06-23 13:15:55.092 DEBUG 33512 --- [nio-9060-exec-7] o.s.w.s.m.m.a.HttpEntityMethodProcessor  : Using 'application/json', given [application/json, text/plain, */*] and supported [application/json, application/*+json, application/json, application/*+json]
2026-06-23 13:15:55.092 DEBUG 33512 --- [nio-9060-exec-7] o.s.w.s.m.m.a.HttpEntityMethodProcessor  : Writing [com.example.TigoStarSystem.common.ApiResponse@593898c2]
2026-06-23 13:15:55.093 DEBUG 33512 --- [nio-9060-exec-7] o.s.web.servlet.DispatcherServlet        : Completed 200 OK
2026-06-23 13:15:55.393 DEBUG 33512 --- [nio-9060-exec-2] o.s.web.servlet.DispatcherServlet        : GET "/backoffice/supervision/jornadas/historico?fecha=2026-06-23", parameters={masked}
2026-06-23 13:15:55.393 DEBUG 33512 --- [nio-9060-exec-2] s.w.s.m.m.a.RequestMappingHandlerMapping : Mapped to com.example.TigoStarSystem.supervision.controller.BackOfficeSupervisionController#listarHistoricoJornadas(String, LocalDate, String, Integer)
2026-06-23 13:15:55.398 DEBUG 33512 --- [nio-9060-exec-2] o.s.jdbc.core.JdbcTemplate               : Executing prepared SQL query
2026-06-23 13:15:55.398 DEBUG 33512 --- [nio-9060-exec-2] o.s.jdbc.core.JdbcTemplate               : Executing prepared SQL statement [WITH tecnicos AS (   SELECT c.sucursal, c.grupo, c.idUsuarioSupervisor, c.supervisorACargo, CAST(c.id_tecnico AS INT) AS idTecnico, c.tecnico AS tecnico, c.fecha, c.fechaRegistro, c.id   FROM dbo.tbl_ConformacionCuadrillaDiario c WHERE ISNULL(c.e_eliminado, 0) = 0   AND (? IS NULL OR LOWER(REPLACE(REPLACE(REPLACE(LTRIM(RTRIM(ISNULL(c.sucursal, ''))), '_', ''), '-', ''), ' ', '')) =                   LOWER(REPLACE(REPLACE(REPLACE(?, '_', ''), '-', ''), ' ', '')))   AND (? IS NULL OR CAST(c.idUsuarioSupervisor AS INT) = ?)     AND c.id_tecnico IS NOT NULL AND c.id_tecnico > 0   UNION ALL   SELECT c.sucursal, c.grupo, c.idUsuarioSupervisor, c.supervisorACargo, CAST(c.id_tecnicoAuxiliar AS INT) AS idTecnico, c.auxiliar AS tecnico, c.fecha, c.fechaRegistro, c.id   FROM dbo.tbl_ConformacionCuadrillaDiario c WHERE ISNULL(c.e_eliminado, 0) = 0   AND (? IS NULL OR LOWER(REPLACE(REPLACE(REPLACE(LTRIM(RTRIM(ISNULL(c.sucursal, ''))), '_', ''), '-', ''), ' ', '')) =                   LOWER(REPLACE(REPLACE(REPLACE(?, '_', ''), '-', ''), ' ', '')))   AND (? IS NULL OR CAST(c.idUsuarioSupervisor AS INT) = ?)     AND c.id_tecnicoAuxiliar IS NOT NULL AND c.id_tecnicoAuxiliar > 0 ), ranked AS (   SELECT *, ROW_NUMBER() OVER (PARTITION BY idTecnico ORDER BY ISNULL(fecha, '19000101') DESC, ISNULL(fechaRegistro, '19000101') DESC, id DESC) AS rn   FROM tecnicos ) SELECT CAST(idTecnico AS INT) AS idTecnico, CAST(idTecnico AS INT) AS id_tecnico, tecnico AS tecnicoNombre, tecnico,        sucursal, grupo, CAST(idUsuarioSupervisor AS INT) AS idSupervisor, supervisorACargo AS supervisorNombre FROM ranked WHERE rn = 1 ORDER BY sucursal, grupo, tecnico]
2026-06-23 13:15:55.398 DEBUG 33512 --- [nio-9060-exec-2] o.s.jdbc.datasource.DataSourceUtils      : Fetching JDBC Connection from DataSource
2026-06-23 13:15:55.410 DEBUG 33512 --- [nio-9060-exec-6] o.s.web.servlet.DispatcherServlet        : GET "/auth/sucursales", parameters={}
2026-06-23 13:15:55.410 DEBUG 33512 --- [nio-9060-exec-6] s.w.s.m.m.a.RequestMappingHandlerMapping : Mapped to com.example.TigoStarSystem.auth.controller.AuthController#listarSucursales()
2026-06-23 13:15:55.410  INFO 33512 --- [nio-9060-exec-6] c.e.T.auth.controller.AuthController     : Request GET /auth/sucursales
2026-06-23 13:15:55.410 DEBUG 33512 --- [nio-9060-exec-6] o.s.jdbc.core.JdbcTemplate               : Executing SQL query [EXEC dbo.spx_ObtenerSucursalesConexionWeb]
2026-06-23 13:15:55.410 DEBUG 33512 --- [nio-9060-exec-6] o.s.jdbc.datasource.DataSourceUtils      : Fetching JDBC Connection from DataSource
2026-06-23 13:15:55.413 DEBUG 33512 --- [nio-9060-exec-2] o.s.jdbc.core.JdbcTemplate               : Executing prepared SQL query
2026-06-23 13:15:55.413 DEBUG 33512 --- [nio-9060-exec-2] o.s.jdbc.core.JdbcTemplate               : Executing prepared SQL statement [SELECT * FROM dbo.tbl_InicioJornadaAlturas ij WHERE CAST(ij.fecha_registro AS DATE) = ?   AND ISNULL(ij.e_eliminado, 0) = 0  AND ij.id_tecnico IN (?,?,?,?,?,?,?,?,?,?,?,?,?,?,?,?,?,?,?,?,?,?,?,?,?,?,?,?,?,?,?,?,?,?,?,?,?,?,?,?,?,?,?,?,?,?,?,?,?,?,?,?,?,?,?,?,?) ORDER BY ij.fecha_registro ASC, ij.id_inicio ASC]
2026-06-23 13:15:55.413 DEBUG 33512 --- [nio-9060-exec-2] o.s.jdbc.datasource.DataSourceUtils      : Fetching JDBC Connection from DataSource
2026-06-23 13:15:55.417 DEBUG 33512 --- [nio-9060-exec-6] o.s.w.s.m.m.a.HttpEntityMethodProcessor  : Using 'application/json', given [application/json, text/plain, */*] and supported [application/json, application/*+json, application/json, application/*+json]
2026-06-23 13:15:55.417 DEBUG 33512 --- [nio-9060-exec-6] o.s.w.s.m.m.a.HttpEntityMethodProcessor  : Writing [com.example.TigoStarSystem.common.ApiResponse@5806c360]
2026-06-23 13:15:55.417 DEBUG 33512 --- [nio-9060-exec-6] o.s.web.servlet.DispatcherServlet        : Completed 200 OK
2026-06-23 13:15:56.622 DEBUG 33512 --- [ruz housekeeper] com.zaxxer.hikari.pool.HikariPool        : ConnDb-SantaCruz - Before cleanup stats (total=1, active=0, idle=1, waiting=0)
2026-06-23 13:15:56.622 DEBUG 33512 --- [ruz housekeeper] com.zaxxer.hikari.pool.HikariPool        : ConnDb-SantaCruz - After cleanup  stats (total=1, active=0, idle=1, waiting=0)
2026-06-23 13:15:56.622 DEBUG 33512 --- [ruz housekeeper] com.zaxxer.hikari.pool.HikariPool        : ConnDb-SantaCruz - Fill pool skipped, pool is at sufficient level.
2026-06-23 13:15:56.834 DEBUG 33512 --- [nio-9060-exec-2] o.s.jdbc.core.JdbcTemplate               : Executing SQL query [EXEC dbo.SP_Usuario_ListarActivosBasico]
2026-06-23 13:15:56.835 DEBUG 33512 --- [nio-9060-exec-2] o.s.jdbc.datasource.DataSourceUtils      : Fetching JDBC Connection from DataSource
2026-06-23 13:15:56.844 DEBUG 33512 --- [nio-9060-exec-2] o.s.jdbc.core.JdbcTemplate               : Executing prepared SQL query
2026-06-23 13:15:56.844 DEBUG 33512 --- [nio-9060-exec-2] o.s.jdbc.core.JdbcTemplate               : Executing prepared SQL statement [SELECT * FROM dbo.tbl_InicioJornadaAlturas WHERE id_inicio IN (?)]
2026-06-23 13:15:56.844 DEBUG 33512 --- [nio-9060-exec-2] o.s.jdbc.datasource.DataSourceUtils      : Fetching JDBC Connection from DataSource
2026-06-23 13:15:58.364 DEBUG 33512 --- [nio-9060-exec-2] o.s.w.s.m.m.a.HttpEntityMethodProcessor  : Using 'application/json', given [application/json, text/plain, */*] and supported [application/json, application/*+json, application/json, application/*+json]
2026-06-23 13:15:58.364 DEBUG 33512 --- [nio-9060-exec-2] o.s.w.s.m.m.a.HttpEntityMethodProcessor  : Writing [com.example.TigoStarSystem.common.ApiResponse@389b1436]
2026-06-23 13:15:58.429 DEBUG 33512 --- [nio-9060-exec-2] o.s.web.servlet.DispatcherServlet        : Completed 200 OK
2026-06-23 13:16:00.983 DEBUG 33512 --- [l-9 housekeeper] com.zaxxer.hikari.pool.HikariPool        : ConnDb-sucursal-9 - Before cleanup stats (total=2, active=0, idle=2, waiting=0)
2026-06-23 13:16:00.983 DEBUG 33512 --- [l-9 housekeeper] com.zaxxer.hikari.pool.HikariPool        : ConnDb-sucursal-9 - After cleanup  stats (total=2, active=0, idle=2, waiting=0)
2026-06-23 13:16:00.983 DEBUG 33512 --- [l-9 housekeeper] com.zaxxer.hikari.pool.HikariPool        : ConnDb-sucursal-9 - Fill pool skipped, pool is at sufficient level.
2026-06-23 13:16:06.642 DEBUG 33512 --- [ool housekeeper] com.zaxxer.hikari.pool.HikariPool        : CentralHikariPool - Before cleanup stats (total=2, active=0, idle=2, waiting=0)
2026-06-23 13:16:06.642 DEBUG 33512 --- [ool housekeeper] com.zaxxer.hikari.pool.HikariPool        : CentralHikariPool - After cleanup  stats (total=2, active=0, idle=2, waiting=0)
2026-06-23 13:16:06.642 DEBUG 33512 --- [ool housekeeper] com.zaxxer.hikari.pool.HikariPool        : CentralHikariPool - Fill pool skipped, pool is at sufficient level.
2026-06-23 13:16:06.688 DEBUG 33512 --- [ool housekeeper] com.zaxxer.hikari.pool.HikariPool        : TigoHogarHikariPool - Before cleanup stats (total=5, active=0, idle=5, waiting=0)
2026-06-23 13:16:06.688 DEBUG 33512 --- [ool housekeeper] com.zaxxer.hikari.pool.HikariPool        : TigoHogarHikariPool - After cleanup  stats (total=5, active=0, idle=5, waiting=0)
2026-06-23 13:16:06.688 DEBUG 33512 --- [ool housekeeper] com.zaxxer.hikari.pool.HikariPool        : TigoHogarHikariPool - Fill pool skipped, pool is at sufficient level.
2026-06-23 13:16:24.627 DEBUG 33512 --- [l-1 housekeeper] com.zaxxer.hikari.pool.HikariPool        : HikariPool-1 - Before cleanup stats (total=3, active=0, idle=3, waiting=0)
2026-06-23 13:16:24.627 DEBUG 33512 --- [l-1 housekeeper] com.zaxxer.hikari.pool.HikariPool        : HikariPool-1 - After cleanup  stats (total=3, active=0, idle=3, waiting=0)
2026-06-23 13:16:24.627 DEBUG 33512 --- [l-1 housekeeper] com.zaxxer.hikari.pool.HikariPool        : HikariPool-1 - Fill pool skipped, pool is at sufficient level.
2026-06-23 13:16:26.630 DEBUG 33512 --- [ruz housekeeper] com.zaxxer.hikari.pool.HikariPool        : ConnDb-SantaCruz - Before cleanup stats (total=1, active=0, idle=1, waiting=0)
2026-06-23 13:16:26.630 DEBUG 33512 --- [ruz housekeeper] com.zaxxer.hikari.pool.HikariPool        : ConnDb-SantaCruz - After cleanup  stats (total=1, active=0, idle=1, waiting=0)
2026-06-23 13:16:26.630 DEBUG 33512 --- [ruz housekeeper] com.zaxxer.hikari.pool.HikariPool        : ConnDb-SantaCruz - Fill pool skipped, pool is at sufficient level.
2026-06-23 13:16:26.931 DEBUG 33512 --- [nio-9060-exec-4] o.s.web.servlet.DispatcherServlet        : GET "/backoffice/supervision/jornadas/historico?fecha=2026-06-23&sucursal=SantaCruz", parameters={masked}
2026-06-23 13:16:26.931 DEBUG 33512 --- [nio-9060-exec-4] s.w.s.m.m.a.RequestMappingHandlerMapping : Mapped to com.example.TigoStarSystem.supervision.controller.BackOfficeSupervisionController#listarHistoricoJornadas(String, LocalDate, String, Integer)
2026-06-23 13:16:26.933 DEBUG 33512 --- [nio-9060-exec-4] o.s.jdbc.core.JdbcTemplate               : Executing prepared SQL query
2026-06-23 13:16:26.934 DEBUG 33512 --- [nio-9060-exec-4] o.s.jdbc.core.JdbcTemplate               : Executing prepared SQL statement [WITH tecnicos AS (   SELECT c.sucursal, c.grupo, c.idUsuarioSupervisor, c.supervisorACargo, CAST(c.id_tecnico AS INT) AS idTecnico, c.tecnico AS tecnico, c.fecha, c.fechaRegistro, c.id   FROM dbo.tbl_ConformacionCuadrillaDiario c WHERE ISNULL(c.e_eliminado, 0) = 0   AND (? IS NULL OR LOWER(REPLACE(REPLACE(REPLACE(LTRIM(RTRIM(ISNULL(c.sucursal, ''))), '_', ''), '-', ''), ' ', '')) =                   LOWER(REPLACE(REPLACE(REPLACE(?, '_', ''), '-', ''), ' ', '')))   AND (? IS NULL OR CAST(c.idUsuarioSupervisor AS INT) = ?)     AND c.id_tecnico IS NOT NULL AND c.id_tecnico > 0   UNION ALL   SELECT c.sucursal, c.grupo, c.idUsuarioSupervisor, c.supervisorACargo, CAST(c.id_tecnicoAuxiliar AS INT) AS idTecnico, c.auxiliar AS tecnico, c.fecha, c.fechaRegistro, c.id   FROM dbo.tbl_ConformacionCuadrillaDiario c WHERE ISNULL(c.e_eliminado, 0) = 0   AND (? IS NULL OR LOWER(REPLACE(REPLACE(REPLACE(LTRIM(RTRIM(ISNULL(c.sucursal, ''))), '_', ''), '-', ''), ' ', '')) =                   LOWER(REPLACE(REPLACE(REPLACE(?, '_', ''), '-', ''), ' ', '')))   AND (? IS NULL OR CAST(c.idUsuarioSupervisor AS INT) = ?)     AND c.id_tecnicoAuxiliar IS NOT NULL AND c.id_tecnicoAuxiliar > 0 ), ranked AS (   SELECT *, ROW_NUMBER() OVER (PARTITION BY idTecnico ORDER BY ISNULL(fecha, '19000101') DESC, ISNULL(fechaRegistro, '19000101') DESC, id DESC) AS rn   FROM tecnicos ) SELECT CAST(idTecnico AS INT) AS idTecnico, CAST(idTecnico AS INT) AS id_tecnico, tecnico AS tecnicoNombre, tecnico,        sucursal, grupo, CAST(idUsuarioSupervisor AS INT) AS idSupervisor, supervisorACargo AS supervisorNombre FROM ranked WHERE rn = 1 ORDER BY sucursal, grupo, tecnico]
2026-06-23 13:16:26.934 DEBUG 33512 --- [nio-9060-exec-4] o.s.jdbc.datasource.DataSourceUtils      : Fetching JDBC Connection from DataSource
2026-06-23 13:16:26.954 DEBUG 33512 --- [nio-9060-exec-4] o.s.jdbc.core.JdbcTemplate               : Executing prepared SQL query
2026-06-23 13:16:26.954 DEBUG 33512 --- [nio-9060-exec-4] o.s.jdbc.core.JdbcTemplate               : Executing prepared SQL statement [SELECT * FROM dbo.tbl_InicioJornadaAlturas ij WHERE CAST(ij.fecha_registro AS DATE) = ?   AND ISNULL(ij.e_eliminado, 0) = 0  AND ij.id_tecnico IN (?,?,?,?,?,?,?,?,?,?,?,?,?,?,?,?,?,?,?,?,?,?,?,?,?,?,?,?,?,?,?,?,?,?,?,?,?,?,?,?,?,?,?,?,?) ORDER BY ij.fecha_registro ASC, ij.id_inicio ASC]
2026-06-23 13:16:26.954 DEBUG 33512 --- [nio-9060-exec-4] o.s.jdbc.datasource.DataSourceUtils      : Fetching JDBC Connection from DataSource
2026-06-23 13:16:28.866 DEBUG 33512 --- [nio-9060-exec-4] o.s.jdbc.core.JdbcTemplate               : Executing SQL query [EXEC dbo.spx_ObtenerSucursalesConexion]
2026-06-23 13:16:28.866 DEBUG 33512 --- [nio-9060-exec-4] o.s.jdbc.datasource.DataSourceUtils      : Fetching JDBC Connection from DataSource
2026-06-23 13:16:28.876 DEBUG 33512 --- [nio-9060-exec-4] o.s.jdbc.core.JdbcTemplate               : Executing SQL query [EXEC dbo.spx_ObtenerSucursalesConexion]
2026-06-23 13:16:28.876 DEBUG 33512 --- [nio-9060-exec-4] o.s.jdbc.datasource.DataSourceUtils      : Fetching JDBC Connection from DataSource
2026-06-23 13:16:28.881 DEBUG 33512 --- [nio-9060-exec-4] o.s.jdbc.core.JdbcTemplate               : Executing SQL query [EXEC dbo.SP_Usuario_ListarActivosBasico]
2026-06-23 13:16:28.881 DEBUG 33512 --- [nio-9060-exec-4] o.s.jdbc.datasource.DataSourceUtils      : Fetching JDBC Connection from DataSource
2026-06-23 13:16:28.895 DEBUG 33512 --- [nio-9060-exec-4] o.s.jdbc.core.JdbcTemplate               : Executing prepared SQL query
2026-06-23 13:16:28.895 DEBUG 33512 --- [nio-9060-exec-4] o.s.jdbc.core.JdbcTemplate               : Executing prepared SQL statement [SELECT * FROM dbo.tbl_InicioJornadaAlturas WHERE id_inicio IN (?)]
2026-06-23 13:16:28.895 DEBUG 33512 --- [nio-9060-exec-4] o.s.jdbc.datasource.DataSourceUtils      : Fetching JDBC Connection from DataSource
2026-06-23 13:16:30.866 DEBUG 33512 --- [nio-9060-exec-4] o.s.w.s.m.m.a.HttpEntityMethodProcessor  : Using 'application/json', given [application/json, text/plain, */*] and supported [application/json, application/*+json, application/json, application/*+json]
2026-06-23 13:16:30.866 DEBUG 33512 --- [nio-9060-exec-4] o.s.w.s.m.m.a.HttpEntityMethodProcessor  : Writing [com.example.TigoStarSystem.common.ApiResponse@37f48f6e]
2026-06-23 13:16:30.915 DEBUG 33512 --- [nio-9060-exec-4] o.s.web.servlet.DispatcherServlet        : Completed 200 OK
2026-06-23 13:16:30.998 DEBUG 33512 --- [l-9 housekeeper] com.zaxxer.hikari.pool.HikariPool        : ConnDb-sucursal-9 - Before cleanup stats (total=2, active=0, idle=2, waiting=0)
2026-06-23 13:16:30.998 DEBUG 33512 --- [l-9 housekeeper] com.zaxxer.hikari.pool.HikariPool        : ConnDb-sucursal-9 - After cleanup  stats (total=2, active=0, idle=2, waiting=0)
2026-06-23 13:16:30.998 DEBUG 33512 --- [l-9 housekeeper] com.zaxxer.hikari.pool.HikariPool        : ConnDb-sucursal-9 - Fill pool skipped, pool is at sufficient level.
2026-06-23 13:16:36.646 DEBUG 33512 --- [ool housekeeper] com.zaxxer.hikari.pool.HikariPool        : CentralHikariPool - Before cleanup stats (total=2, active=0, idle=2, waiting=0)
2026-06-23 13:16:36.646 DEBUG 33512 --- [ool housekeeper] com.zaxxer.hikari.pool.HikariPool        : CentralHikariPool - After cleanup  stats (total=2, active=0, idle=2, waiting=0)
2026-06-23 13:16:36.646 DEBUG 33512 --- [ool housekeeper] com.zaxxer.hikari.pool.HikariPool        : CentralHikariPool - Fill pool skipped, pool is at sufficient level.
2026-06-23 13:16:36.692 DEBUG 33512 --- [ool housekeeper] com.zaxxer.hikari.pool.HikariPool        : TigoHogarHikariPool - Before cleanup stats (total=5, active=0, idle=5, waiting=0)
2026-06-23 13:16:36.692 DEBUG 33512 --- [ool housekeeper] com.zaxxer.hikari.pool.HikariPool        : TigoHogarHikariPool - After cleanup  stats (total=5, active=0, idle=5, waiting=0)
2026-06-23 13:16:36.692 DEBUG 33512 --- [ool housekeeper] com.zaxxer.hikari.pool.HikariPool        : TigoHogarHikariPool - Fill pool skipped, pool is at sufficient level.
2026-06-23 13:16:54.632 DEBUG 33512 --- [l-1 housekeeper] com.zaxxer.hikari.pool.HikariPool        : HikariPool-1 - Before cleanup stats (total=3, active=0, idle=3, waiting=0)
2026-06-23 13:16:54.632 DEBUG 33512 --- [l-1 housekeeper] com.zaxxer.hikari.pool.HikariPool        : HikariPool-1 - After cleanup  stats (total=3, active=0, idle=3, waiting=0)
2026-06-23 13:16:54.632 DEBUG 33512 --- [l-1 housekeeper] com.zaxxer.hikari.pool.HikariPool        : HikariPool-1 - Fill pool skipped, pool is at sufficient level.
2026-06-23 13:16:56.638 DEBUG 33512 --- [ruz housekeeper] com.zaxxer.hikari.pool.HikariPool        : ConnDb-SantaCruz - Before cleanup stats (total=1, active=0, idle=1, waiting=0)
2026-06-23 13:16:56.638 DEBUG 33512 --- [ruz housekeeper] com.zaxxer.hikari.pool.HikariPool        : ConnDb-SantaCruz - After cleanup  stats (total=1, active=0, idle=1, waiting=0)
2026-06-23 13:16:56.638 DEBUG 33512 --- [ruz housekeeper] com.zaxxer.hikari.pool.HikariPool        : ConnDb-SantaCruz - Fill pool skipped, pool is at sufficient level.
2026-06-23 13:17:01.004 DEBUG 33512 --- [l-9 housekeeper] com.zaxxer.hikari.pool.HikariPool        : ConnDb-sucursal-9 - Before cleanup stats (total=2, active=0, idle=2, waiting=0)
2026-06-23 13:17:01.004 DEBUG 33512 --- [l-9 housekeeper] com.zaxxer.hikari.pool.HikariPool        : ConnDb-sucursal-9 - After cleanup  stats (total=2, active=0, idle=2, waiting=0)
2026-06-23 13:17:01.004 DEBUG 33512 --- [l-9 housekeeper] com.zaxxer.hikari.pool.HikariPool        : ConnDb-sucursal-9 - Fill pool skipped, pool is at sufficient level.
2026-06-23 13:17:05.196 DEBUG 33512 --- [l-1 housekeeper] com.zaxxer.hikari.pool.HikariPool        : HikariPool-1 - keepalive: connection net.sourceforge.jtds.jdbc.JtdsConnection@ed086fe is alive
2026-06-23 13:17:06.660 DEBUG 33512 --- [ool housekeeper] com.zaxxer.hikari.pool.HikariPool        : CentralHikariPool - Before cleanup stats (total=2, active=0, idle=2, waiting=0)
2026-06-23 13:17:06.660 DEBUG 33512 --- [ool housekeeper] com.zaxxer.hikari.pool.HikariPool        : CentralHikariPool - After cleanup  stats (total=2, active=0, idle=2, waiting=0)
2026-06-23 13:17:06.660 DEBUG 33512 --- [ool housekeeper] com.zaxxer.hikari.pool.HikariPool        : CentralHikariPool - Fill pool skipped, pool is at sufficient level.
2026-06-23 13:17:06.707 DEBUG 33512 --- [ool housekeeper] com.zaxxer.hikari.pool.HikariPool        : TigoHogarHikariPool - Before cleanup stats (total=5, active=0, idle=5, waiting=0)
2026-06-23 13:17:06.707 DEBUG 33512 --- [ool housekeeper] com.zaxxer.hikari.pool.HikariPool        : TigoHogarHikariPool - After cleanup  stats (total=5, active=0, idle=5, waiting=0)
2026-06-23 13:17:06.707 DEBUG 33512 --- [ool housekeeper] com.zaxxer.hikari.pool.HikariPool        : TigoHogarHikariPool - Fill pool skipped, pool is at sufficient level.
2026-06-23 13:17:07.801 DEBUG 33512 --- [ool housekeeper] com.zaxxer.hikari.pool.HikariPool        : TigoHogarHikariPool - keepalive: connection net.sourceforge.jtds.jdbc.JtdsConnection@7eedc6f9 is alive
2026-06-23 13:17:09.294 DEBUG 33512 --- [ool housekeeper] com.zaxxer.hikari.pool.HikariPool        : TigoHogarHikariPool - keepalive: connection net.sourceforge.jtds.jdbc.JtdsConnection@702a368c is alive
2026-06-23 13:17:11.666 DEBUG 33512 --- [ool housekeeper] com.zaxxer.hikari.pool.HikariPool        : TigoHogarHikariPool - keepalive: connection net.sourceforge.jtds.jdbc.JtdsConnection@7ad25dfc is alive
2026-06-23 13:17:14.377 DEBUG 33512 --- [l-1 housekeeper] com.zaxxer.hikari.pool.HikariPool        : HikariPool-1 - keepalive: connection net.sourceforge.jtds.jdbc.JtdsConnection@7b01e4a2 is alive
2026-06-23 13:17:16.171 DEBUG 33512 --- [ool housekeeper] com.zaxxer.hikari.pool.HikariPool        : TigoHogarHikariPool - keepalive: connection net.sourceforge.jtds.jdbc.JtdsConnection@27299197 is alive
2026-06-23 13:17:20.131 DEBUG 33512 --- [ool housekeeper] com.zaxxer.hikari.pool.HikariPool        : TigoHogarHikariPool - keepalive: connection net.sourceforge.jtds.jdbc.JtdsConnection@29ee7ada is alive
2026-06-23 13:17:24.633 DEBUG 33512 --- [l-1 housekeeper] com.zaxxer.hikari.pool.HikariPool        : HikariPool-1 - Before cleanup stats (total=3, active=0, idle=3, waiting=0)
2026-06-23 13:17:24.633 DEBUG 33512 --- [l-1 housekeeper] com.zaxxer.hikari.pool.HikariPool        : HikariPool-1 - After cleanup  stats (total=3, active=0, idle=3, waiting=0)
2026-06-23 13:17:24.633 DEBUG 33512 --- [l-1 housekeeper] com.zaxxer.hikari.pool.HikariPool        : HikariPool-1 - Fill pool skipped, pool is at sufficient level.
2026-06-23 13:17:26.600 DEBUG 33512 --- [ool housekeeper] com.zaxxer.hikari.pool.HikariPool        : CentralHikariPool - keepalive: connection net.sourceforge.jtds.jdbc.JtdsConnection@731fc8bd is alive
2026-06-23 13:17:26.643 DEBUG 33512 --- [ruz housekeeper] com.zaxxer.hikari.pool.HikariPool        : ConnDb-SantaCruz - Before cleanup stats (total=1, active=0, idle=1, waiting=0)
2026-06-23 13:17:26.643 DEBUG 33512 --- [ruz housekeeper] com.zaxxer.hikari.pool.HikariPool        : ConnDb-SantaCruz - After cleanup  stats (total=1, active=0, idle=1, waiting=0)
2026-06-23 13:17:26.643 DEBUG 33512 --- [ruz housekeeper] com.zaxxer.hikari.pool.HikariPool        : ConnDb-SantaCruz - Fill pool skipped, pool is at sufficient level.
2026-06-23 13:17:27.788 DEBUG 33512 --- [l-1 housekeeper] com.zaxxer.hikari.pool.HikariPool        : HikariPool-1 - keepalive: connection net.sourceforge.jtds.jdbc.JtdsConnection@75c605b2 is alive
2026-06-23 13:17:31.008 DEBUG 33512 --- [l-9 housekeeper] com.zaxxer.hikari.pool.HikariPool        : ConnDb-sucursal-9 - Before cleanup stats (total=2, active=0, idle=2, waiting=0)
2026-06-23 13:17:31.008 DEBUG 33512 --- [l-9 housekeeper] com.zaxxer.hikari.pool.HikariPool        : ConnDb-sucursal-9 - After cleanup  stats (total=2, active=0, idle=2, waiting=0)
2026-06-23 13:17:31.008 DEBUG 33512 --- [l-9 housekeeper] com.zaxxer.hikari.pool.HikariPool        : ConnDb-sucursal-9 - Fill pool skipped, pool is at sufficient level.
2026-06-23 13:17:36.669 DEBUG 33512 --- [ool housekeeper] com.zaxxer.hikari.pool.HikariPool        : CentralHikariPool - Before cleanup stats (total=2, active=0, idle=2, waiting=0)
2026-06-23 13:17:36.669 DEBUG 33512 --- [ool housekeeper] com.zaxxer.hikari.pool.HikariPool        : CentralHikariPool - After cleanup  stats (total=2, active=0, idle=2, waiting=0)
2026-06-23 13:17:36.669 DEBUG 33512 --- [ool housekeeper] com.zaxxer.hikari.pool.HikariPool        : CentralHikariPool - Fill pool skipped, pool is at sufficient level.
2026-06-23 13:17:36.717 DEBUG 33512 --- [ool housekeeper] com.zaxxer.hikari.pool.HikariPool        : TigoHogarHikariPool - Before cleanup stats (total=5, active=0, idle=5, waiting=0)
2026-06-23 13:17:36.717 DEBUG 33512 --- [ool housekeeper] com.zaxxer.hikari.pool.HikariPool        : TigoHogarHikariPool - After cleanup  stats (total=5, active=0, idle=5, waiting=0)
2026-06-23 13:17:36.717 DEBUG 33512 --- [ool housekeeper] com.zaxxer.hikari.pool.HikariPool        : TigoHogarHikariPool - Fill pool skipped, pool is at sufficient level.
2026-06-23 13:17:37.015 DEBUG 33512 --- [ool housekeeper] com.zaxxer.hikari.pool.HikariPool        : CentralHikariPool - keepalive: connection net.sourceforge.jtds.jdbc.JtdsConnection@7dd828ae is alive
2026-06-23 13:17:54.636 DEBUG 33512 --- [l-1 housekeeper] com.zaxxer.hikari.pool.HikariPool        : HikariPool-1 - Before cleanup stats (total=3, active=0, idle=3, waiting=0)
2026-06-23 13:17:54.636 DEBUG 33512 --- [l-1 housekeeper] com.zaxxer.hikari.pool.HikariPool        : HikariPool-1 - After cleanup  stats (total=3, active=0, idle=3, waiting=0)
2026-06-23 13:17:54.636 DEBUG 33512 --- [l-1 housekeeper] com.zaxxer.hikari.pool.HikariPool        : HikariPool-1 - Fill pool skipped, pool is at sufficient level.
2026-06-23 13:17:56.646 DEBUG 33512 --- [ruz housekeeper] com.zaxxer.hikari.pool.HikariPool        : ConnDb-SantaCruz - Before cleanup stats (total=1, active=0, idle=1, waiting=0)
2026-06-23 13:17:56.646 DEBUG 33512 --- [ruz housekeeper] com.zaxxer.hikari.pool.HikariPool        : ConnDb-SantaCruz - After cleanup  stats (total=1, active=0, idle=1, waiting=0)
2026-06-23 13:17:56.646 DEBUG 33512 --- [ruz housekeeper] com.zaxxer.hikari.pool.HikariPool        : ConnDb-SantaCruz - Fill pool skipped, pool is at sufficient level.
