
  .   ____          _            __ _ _
 /\\ / ___'_ __ _ _(_)_ __  __ _ \ \ \ \
( ( )\___ | '_ | '_| | '_ \/ _` | \ \ \ \
 \\/  ___)| |_)| | | | | || (_| |  ) ) ) )
  '  |____| .__|_| |_|_| |_\__, | / / / /
 =========|_|==============|___/=/_/_/_/
 :: Spring Boot ::               (v2.7.18)

2026-07-01 11:31:06.352  INFO 18072 --- [           main] c.e.T.TigoStarSystemApplication          : Starting TigoStarSystemApplication v0.0.1-SNAPSHOT using Java 21.0.2 on DESKTOP-B4OJ8TG with PID 18072 (D:\Nueva carpeta (4)\29062026\backot-rama-2026-06-29\target\TigoStarSystem-generated.jar started by Stefania in D:\Nueva carpeta (4)\29062026\backot-rama-2026-06-29)
2026-07-01 11:31:06.363 DEBUG 18072 --- [           main] c.e.T.TigoStarSystemApplication          : Running with Spring Boot v2.7.18, Spring v5.3.31
2026-07-01 11:31:06.364  INFO 18072 --- [           main] c.e.T.TigoStarSystemApplication          : The following 1 profile is active: "jtds"
2026-07-01 11:31:06.365 DEBUG 18072 --- [           main] o.s.boot.SpringApplication               : Loading source class com.example.TigoStarSystem.TigoStarSystemApplication
2026-07-01 11:31:06.449 DEBUG 18072 --- [           main] ConfigServletWebServerApplicationContext : Refreshing org.springframework.boot.web.servlet.context.AnnotationConfigServletWebServerApplicationContext@b62fe6d
2026-07-01 11:31:08.067 DEBUG 18072 --- [           main] .s.b.w.e.t.TomcatServletWebServerFactory : Code archive: D:\Nueva carpeta (4)\29062026\backot-rama-2026-06-29\target\TigoStarSystem-generated.jar
2026-07-01 11:31:08.068 DEBUG 18072 --- [           main] .s.b.w.e.t.TomcatServletWebServerFactory : Code archive: D:\Nueva carpeta (4)\29062026\backot-rama-2026-06-29\target\TigoStarSystem-generated.jar
2026-07-01 11:31:08.070 DEBUG 18072 --- [           main] .s.b.w.e.t.TomcatServletWebServerFactory : None of the document roots [src/main/webapp, public, static] point to a directory and will be ignored.
2026-07-01 11:31:08.092  INFO 18072 --- [           main] o.s.b.w.embedded.tomcat.TomcatWebServer  : Tomcat initialized with port(s): 9060 (http)
2026-07-01 11:31:08.107  INFO 18072 --- [           main] o.apache.catalina.core.StandardService   : Starting service [Tomcat]
2026-07-01 11:31:08.108  INFO 18072 --- [           main] org.apache.catalina.core.StandardEngine  : Starting Servlet engine: [Apache Tomcat/9.0.83]
2026-07-01 11:31:08.196  INFO 18072 --- [           main] o.a.c.c.C.[Tomcat].[localhost].[/]       : Initializing Spring embedded WebApplicationContext
2026-07-01 11:31:08.200 DEBUG 18072 --- [           main] w.s.c.ServletWebServerApplicationContext : Published root WebApplicationContext as ServletContext attribute with name [org.springframework.web.context.WebApplicationContext.ROOT]
2026-07-01 11:31:08.201  INFO 18072 --- [           main] w.s.c.ServletWebServerApplicationContext : Root WebApplicationContext: initialization completed in 1752 ms
2026-07-01 11:31:08.350 DEBUG 18072 --- [           main] o.s.b.w.s.ServletContextInitializerBeans : Mapping filters: filterRegistrationBean urls=[/*] order=-2147483648, characterEncodingFilter urls=[/*] order=-2147483648, formContentFilter urls=[/*] order=-9900, requestContextFilter urls=[/*] order=-105
2026-07-01 11:31:08.351 DEBUG 18072 --- [           main] o.s.b.w.s.ServletContextInitializerBeans : Mapping servlets: dispatcherServlet urls=[/]
2026-07-01 11:31:08.372 DEBUG 18072 --- [           main] o.s.b.w.s.f.OrderedRequestContextFilter  : Filter 'requestContextFilter' configured for use
2026-07-01 11:31:08.373 DEBUG 18072 --- [           main] o.springframework.web.filter.CorsFilter  : Filter 'corsFilter' configured for use
2026-07-01 11:31:08.374 DEBUG 18072 --- [           main] s.b.w.s.f.OrderedCharacterEncodingFilter : Filter 'characterEncodingFilter' configured for use
2026-07-01 11:31:08.375 DEBUG 18072 --- [           main] o.s.b.w.s.f.OrderedFormContentFilter     : Filter 'formContentFilter' configured for use
2026-07-01 11:31:08.401 DEBUG 18072 --- [           main] com.zaxxer.hikari.HikariConfig           : Driver class net.sourceforge.jtds.jdbc.Driver found in Thread context class loader org.springframework.boot.loader.LaunchedURLClassLoader@5e8c92f4
2026-07-01 11:31:08.484 DEBUG 18072 --- [           main] com.zaxxer.hikari.HikariConfig           : Driver class net.sourceforge.jtds.jdbc.Driver found in Thread context class loader org.springframework.boot.loader.LaunchedURLClassLoader@5e8c92f4
2026-07-01 11:31:08.486 DEBUG 18072 --- [           main] com.zaxxer.hikari.HikariConfig           : CentralHikariPool - configuration:
2026-07-01 11:31:08.488 DEBUG 18072 --- [           main] com.zaxxer.hikari.HikariConfig           : allowPoolSuspension................................false
2026-07-01 11:31:08.489 DEBUG 18072 --- [           main] com.zaxxer.hikari.HikariConfig           : autoCommit................................true
2026-07-01 11:31:08.490 DEBUG 18072 --- [           main] com.zaxxer.hikari.HikariConfig           : catalog................................none
2026-07-01 11:31:08.491 DEBUG 18072 --- [           main] com.zaxxer.hikari.HikariConfig           : connectionInitSql................................none
2026-07-01 11:31:08.491 DEBUG 18072 --- [           main] com.zaxxer.hikari.HikariConfig           : connectionTestQuery................................"SELECT 1"
2026-07-01 11:31:08.493 DEBUG 18072 --- [           main] com.zaxxer.hikari.HikariConfig           : connectionTimeout................................15000
2026-07-01 11:31:08.493 DEBUG 18072 --- [           main] com.zaxxer.hikari.HikariConfig           : dataSource................................none
2026-07-01 11:31:08.494 DEBUG 18072 --- [           main] com.zaxxer.hikari.HikariConfig           : dataSourceClassName................................none
2026-07-01 11:31:08.495 DEBUG 18072 --- [           main] com.zaxxer.hikari.HikariConfig           : dataSourceJNDI................................none
2026-07-01 11:31:08.495 DEBUG 18072 --- [           main] com.zaxxer.hikari.HikariConfig           : dataSourceProperties................................{password=<masked>}
2026-07-01 11:31:08.498 DEBUG 18072 --- [           main] com.zaxxer.hikari.HikariConfig           : driverClassName................................"net.sourceforge.jtds.jdbc.Driver"
2026-07-01 11:31:08.498 DEBUG 18072 --- [           main] com.zaxxer.hikari.HikariConfig           : exceptionOverrideClassName................................none
2026-07-01 11:31:08.499 DEBUG 18072 --- [           main] com.zaxxer.hikari.HikariConfig           : healthCheckProperties................................{}
2026-07-01 11:31:08.500 DEBUG 18072 --- [           main] com.zaxxer.hikari.HikariConfig           : healthCheckRegistry................................none
2026-07-01 11:31:08.500 DEBUG 18072 --- [           main] com.zaxxer.hikari.HikariConfig           : idleTimeout................................300000
2026-07-01 11:31:08.501 DEBUG 18072 --- [           main] com.zaxxer.hikari.HikariConfig           : initializationFailTimeout................................-1
2026-07-01 11:31:08.502 DEBUG 18072 --- [           main] com.zaxxer.hikari.HikariConfig           : isolateInternalQueries................................false
2026-07-01 11:31:08.503 DEBUG 18072 --- [           main] com.zaxxer.hikari.HikariConfig           : jdbcUrl................................jdbc:jtds:sqlserver://172.16.0.13/BDControlOrdenes
2026-07-01 11:31:08.503 DEBUG 18072 --- [           main] com.zaxxer.hikari.HikariConfig           : keepaliveTime................................120000
2026-07-01 11:31:08.505 DEBUG 18072 --- [           main] com.zaxxer.hikari.HikariConfig           : leakDetectionThreshold................................0
2026-07-01 11:31:08.506 DEBUG 18072 --- [           main] com.zaxxer.hikari.HikariConfig           : maxLifetime................................900000
2026-07-01 11:31:08.507 DEBUG 18072 --- [           main] com.zaxxer.hikari.HikariConfig           : maximumPoolSize................................80
2026-07-01 11:31:08.508 DEBUG 18072 --- [           main] com.zaxxer.hikari.HikariConfig           : metricRegistry................................none
2026-07-01 11:31:08.508 DEBUG 18072 --- [           main] com.zaxxer.hikari.HikariConfig           : metricsTrackerFactory................................none
2026-07-01 11:31:08.509 DEBUG 18072 --- [           main] com.zaxxer.hikari.HikariConfig           : minimumIdle................................0
2026-07-01 11:31:08.510 DEBUG 18072 --- [           main] com.zaxxer.hikari.HikariConfig           : password................................<masked>
2026-07-01 11:31:08.510 DEBUG 18072 --- [           main] com.zaxxer.hikari.HikariConfig           : poolName................................"CentralHikariPool"
2026-07-01 11:31:08.511 DEBUG 18072 --- [           main] com.zaxxer.hikari.HikariConfig           : readOnly................................false
2026-07-01 11:31:08.512 DEBUG 18072 --- [           main] com.zaxxer.hikari.HikariConfig           : registerMbeans................................false
2026-07-01 11:31:08.512 DEBUG 18072 --- [           main] com.zaxxer.hikari.HikariConfig           : scheduledExecutor................................none
2026-07-01 11:31:08.514 DEBUG 18072 --- [           main] com.zaxxer.hikari.HikariConfig           : schema................................none
2026-07-01 11:31:08.515 DEBUG 18072 --- [           main] com.zaxxer.hikari.HikariConfig           : threadFactory................................internal
2026-07-01 11:31:08.515 DEBUG 18072 --- [           main] com.zaxxer.hikari.HikariConfig           : transactionIsolation................................default
2026-07-01 11:31:08.516 DEBUG 18072 --- [           main] com.zaxxer.hikari.HikariConfig           : username................................"sistemas"
2026-07-01 11:31:08.517 DEBUG 18072 --- [           main] com.zaxxer.hikari.HikariConfig           : validationTimeout................................5000
2026-07-01 11:31:08.521  INFO 18072 --- [           main] com.zaxxer.hikari.HikariDataSource       : CentralHikariPool - Starting...
2026-07-01 11:31:08.542  INFO 18072 --- [           main] com.zaxxer.hikari.HikariDataSource       : CentralHikariPool - Start completed.
2026-07-01 11:31:08.585 DEBUG 18072 --- [           main] com.zaxxer.hikari.HikariConfig           : Driver class net.sourceforge.jtds.jdbc.Driver found in Thread context class loader org.springframework.boot.loader.LaunchedURLClassLoader@5e8c92f4
2026-07-01 11:31:08.585 DEBUG 18072 --- [           main] com.zaxxer.hikari.HikariConfig           : TigoHogarHikariPool - configuration:
2026-07-01 11:31:08.586 DEBUG 18072 --- [           main] com.zaxxer.hikari.HikariConfig           : allowPoolSuspension................................false
2026-07-01 11:31:08.587 DEBUG 18072 --- [           main] com.zaxxer.hikari.HikariConfig           : autoCommit................................true
2026-07-01 11:31:08.588 DEBUG 18072 --- [           main] com.zaxxer.hikari.HikariConfig           : catalog................................none
2026-07-01 11:31:08.588 DEBUG 18072 --- [           main] com.zaxxer.hikari.HikariConfig           : connectionInitSql................................none
2026-07-01 11:31:08.589 DEBUG 18072 --- [           main] com.zaxxer.hikari.HikariConfig           : connectionTestQuery................................"SELECT 1"
2026-07-01 11:31:08.589 DEBUG 18072 --- [           main] com.zaxxer.hikari.HikariConfig           : connectionTimeout................................15000
2026-07-01 11:31:08.590 DEBUG 18072 --- [           main] com.zaxxer.hikari.HikariConfig           : dataSource................................none
2026-07-01 11:31:08.592 DEBUG 18072 --- [           main] com.zaxxer.hikari.HikariConfig           : dataSourceClassName................................none
2026-07-01 11:31:08.592 DEBUG 18072 --- [           main] com.zaxxer.hikari.HikariConfig           : dataSourceJNDI................................none
2026-07-01 11:31:08.592 DEBUG 18072 --- [           main] com.zaxxer.hikari.HikariConfig           : dataSourceProperties................................{password=<masked>}
2026-07-01 11:31:08.593 DEBUG 18072 --- [           main] com.zaxxer.hikari.HikariConfig           : driverClassName................................"net.sourceforge.jtds.jdbc.Driver"
2026-07-01 11:31:08.594 DEBUG 18072 --- [           main] com.zaxxer.hikari.HikariConfig           : exceptionOverrideClassName................................none
2026-07-01 11:31:08.595 DEBUG 18072 --- [           main] com.zaxxer.hikari.HikariConfig           : healthCheckProperties................................{}
2026-07-01 11:31:08.596 DEBUG 18072 --- [           main] com.zaxxer.hikari.HikariConfig           : healthCheckRegistry................................none
2026-07-01 11:31:08.597 DEBUG 18072 --- [           main] com.zaxxer.hikari.HikariConfig           : idleTimeout................................300000
2026-07-01 11:31:08.597 DEBUG 18072 --- [           main] com.zaxxer.hikari.HikariConfig           : initializationFailTimeout................................-1
2026-07-01 11:31:08.598 DEBUG 18072 --- [           main] com.zaxxer.hikari.HikariConfig           : isolateInternalQueries................................false
2026-07-01 11:31:08.598 DEBUG 18072 --- [           main] com.zaxxer.hikari.HikariConfig           : jdbcUrl................................jdbc:jtds:sqlserver://181.188.148.59/BD_TigoHogar
2026-07-01 11:31:08.599 DEBUG 18072 --- [           main] com.zaxxer.hikari.HikariConfig           : keepaliveTime................................120000
2026-07-01 11:31:08.599 DEBUG 18072 --- [           main] com.zaxxer.hikari.HikariConfig           : leakDetectionThreshold................................0
2026-07-01 11:31:08.600 DEBUG 18072 --- [           main] com.zaxxer.hikari.HikariConfig           : maxLifetime................................900000
2026-07-01 11:31:08.600 DEBUG 18072 --- [           main] com.zaxxer.hikari.HikariConfig           : maximumPoolSize................................10
2026-07-01 11:31:08.601 DEBUG 18072 --- [           main] com.zaxxer.hikari.HikariConfig           : metricRegistry................................none
2026-07-01 11:31:08.602 DEBUG 18072 --- [           main] com.zaxxer.hikari.HikariConfig           : metricsTrackerFactory................................none
2026-07-01 11:31:08.602 DEBUG 18072 --- [           main] com.zaxxer.hikari.HikariConfig           : minimumIdle................................0
2026-07-01 11:31:08.603 DEBUG 18072 --- [           main] com.zaxxer.hikari.HikariConfig           : password................................<masked>
2026-07-01 11:31:08.604 DEBUG 18072 --- [           main] com.zaxxer.hikari.HikariConfig           : poolName................................"TigoHogarHikariPool"
2026-07-01 11:31:08.606 DEBUG 18072 --- [           main] com.zaxxer.hikari.HikariConfig           : readOnly................................false
2026-07-01 11:31:08.607 DEBUG 18072 --- [           main] com.zaxxer.hikari.HikariConfig           : registerMbeans................................false
2026-07-01 11:31:08.607 DEBUG 18072 --- [           main] com.zaxxer.hikari.HikariConfig           : scheduledExecutor................................none
2026-07-01 11:31:08.608 DEBUG 18072 --- [           main] com.zaxxer.hikari.HikariConfig           : schema................................none
2026-07-01 11:31:08.609 DEBUG 18072 --- [           main] com.zaxxer.hikari.HikariConfig           : threadFactory................................internal
2026-07-01 11:31:08.609 DEBUG 18072 --- [           main] com.zaxxer.hikari.HikariConfig           : transactionIsolation................................default
2026-07-01 11:31:08.610 DEBUG 18072 --- [           main] com.zaxxer.hikari.HikariConfig           : username................................"sistemas"
2026-07-01 11:31:08.611 DEBUG 18072 --- [           main] com.zaxxer.hikari.HikariConfig           : validationTimeout................................5000
2026-07-01 11:31:08.611  INFO 18072 --- [           main] com.zaxxer.hikari.HikariDataSource       : TigoHogarHikariPool - Starting...
2026-07-01 11:31:08.612  INFO 18072 --- [           main] com.zaxxer.hikari.HikariDataSource       : TigoHogarHikariPool - Start completed.
2026-07-01 11:31:08.657 DEBUG 18072 --- [ool housekeeper] com.zaxxer.hikari.pool.HikariPool        : CentralHikariPool - Before cleanup stats (total=0, active=0, idle=0, waiting=0)
2026-07-01 11:31:08.659 DEBUG 18072 --- [ool housekeeper] com.zaxxer.hikari.pool.HikariPool        : CentralHikariPool - After cleanup  stats (total=0, active=0, idle=0, waiting=0)
2026-07-01 11:31:08.660 DEBUG 18072 --- [ool housekeeper] com.zaxxer.hikari.pool.HikariPool        : CentralHikariPool - Fill pool skipped, pool is at sufficient level.
2026-07-01 11:31:08.720 DEBUG 18072 --- [ool housekeeper] com.zaxxer.hikari.pool.HikariPool        : TigoHogarHikariPool - Before cleanup stats (total=0, active=0, idle=0, waiting=0)
2026-07-01 11:31:08.721 DEBUG 18072 --- [ool housekeeper] com.zaxxer.hikari.pool.HikariPool        : TigoHogarHikariPool - After cleanup  stats (total=0, active=0, idle=0, waiting=0)
2026-07-01 11:31:08.722 DEBUG 18072 --- [ool housekeeper] com.zaxxer.hikari.pool.HikariPool        : TigoHogarHikariPool - Fill pool skipped, pool is at sufficient level.
2026-07-01 11:31:09.190 DEBUG 18072 --- [           main] o.s.b.a.AutoConfigurationPackages        : @EnableAutoConfiguration was declared on a class in the package 'com.example.TigoStarSystem'. Automatic @Repository and @Entity scanning is enabled.
2026-07-01 11:31:09.236 DEBUG 18072 --- [           main] s.w.s.m.m.a.RequestMappingHandlerAdapter : ControllerAdvice beans: 0 @ModelAttribute, 0 @InitBinder, 1 RequestBodyAdvice, 1 ResponseBodyAdvice
2026-07-01 11:31:09.410 DEBUG 18072 --- [           main] s.w.s.m.m.a.RequestMappingHandlerMapping : 157 mappings in 'requestMappingHandlerMapping'
2026-07-01 11:31:09.430 DEBUG 18072 --- [           main] o.s.w.s.handler.SimpleUrlHandlerMapping  : Patterns [/webjars/**, /**, /swagger-ui*/*swagger-initializer.js, /swagger-ui*/**] in 'resourceHandlerMapping'
2026-07-01 11:31:09.440 DEBUG 18072 --- [           main] .m.m.a.ExceptionHandlerExceptionResolver : ControllerAdvice beans: 2 @ExceptionHandler, 1 ResponseBodyAdvice
2026-07-01 11:31:09.573  INFO 18072 --- [           main] o.s.b.w.embedded.tomcat.TomcatWebServer  : Tomcat started on port(s): 9060 (http) with context path ''
2026-07-01 11:31:09.591 DEBUG 18072 --- [           main] ConditionEvaluationReportLoggingListener : 


============================
CONDITIONS EVALUATION REPORT
============================


Positive matches:
-----------------

   AopAutoConfiguration matched:
      - @ConditionalOnProperty (spring.aop.auto=true) matched (OnPropertyCondition)

   AopAutoConfiguration.ClassProxyingConfiguration matched:
      - @ConditionalOnMissingClass did not find unwanted class 'org.aspectj.weaver.Advice' (OnClassCondition)
      - @ConditionalOnProperty (spring.aop.proxy-target-class=true) matched (OnPropertyCondition)

   ApplicationAvailabilityAutoConfiguration#applicationAvailability matched:
      - @ConditionalOnMissingBean (types: org.springframework.boot.availability.ApplicationAvailability; SearchStrategy: all) did not find any beans (OnBeanCondition)

   DataSourceAutoConfiguration matched:
      - @ConditionalOnClass found required classes 'javax.sql.DataSource', 'org.springframework.jdbc.datasource.embedded.EmbeddedDatabaseType' (OnClassCondition)
      - @ConditionalOnMissingBean (types: io.r2dbc.spi.ConnectionFactory; SearchStrategy: all) did not find any beans (OnBeanCondition)

   DataSourceAutoConfiguration.PooledDataSourceConfiguration matched:
      - AnyNestedCondition 1 matched 1 did not; NestedCondition on DataSourceAutoConfiguration.PooledDataSourceCondition.PooledDataSourceAvailable PooledDataSource found supported DataSource; NestedCondition on DataSourceAutoConfiguration.PooledDataSourceCondition.ExplicitType @ConditionalOnProperty (spring.datasource.type) did not find property 'type' (DataSourceAutoConfiguration.PooledDataSourceCondition)
      - @ConditionalOnMissingBean (types: javax.sql.DataSource,javax.sql.XADataSource; SearchStrategy: all) did not find any beans (OnBeanCondition)

   DataSourceConfiguration.Hikari matched:
      - @ConditionalOnClass found required class 'com.zaxxer.hikari.HikariDataSource' (OnClassCondition)
      - @ConditionalOnProperty (spring.datasource.type=com.zaxxer.hikari.HikariDataSource) matched (OnPropertyCondition)
      - @ConditionalOnMissingBean (types: javax.sql.DataSource; SearchStrategy: all) did not find any beans (OnBeanCondition)

   DataSourceInitializationConfiguration matched:
      - @ConditionalOnClass found required class 'org.springframework.jdbc.datasource.init.DatabasePopulator' (OnClassCondition)
      - @ConditionalOnSingleCandidate (types: javax.sql.DataSource; SearchStrategy: all) found a single bean 'dataSource'; @ConditionalOnMissingBean (types: org.springframework.boot.autoconfigure.sql.init.SqlDataSourceScriptDatabaseInitializer,org.springframework.boot.autoconfigure.sql.init.SqlR2dbcScriptDatabaseInitializer; SearchStrategy: all) did not find any beans (OnBeanCondition)

   DataSourceJmxConfiguration matched:
      - @ConditionalOnProperty (spring.jmx.enabled=true) matched (OnPropertyCondition)

   DataSourceJmxConfiguration.Hikari matched:
      - @ConditionalOnClass found required class 'com.zaxxer.hikari.HikariDataSource' (OnClassCondition)
      - @ConditionalOnSingleCandidate (types: javax.sql.DataSource; SearchStrategy: all) found a single bean 'dataSource' (OnBeanCondition)

   DataSourcePoolMetadataProvidersConfiguration.HikariPoolDataSourceMetadataProviderConfiguration matched:
      - @ConditionalOnClass found required class 'com.zaxxer.hikari.HikariDataSource' (OnClassCondition)

   DataSourceTransactionManagerAutoConfiguration matched:
      - @ConditionalOnClass found required classes 'org.springframework.jdbc.core.JdbcTemplate', 'org.springframework.transaction.TransactionManager' (OnClassCondition)

   DataSourceTransactionManagerAutoConfiguration.JdbcTransactionManagerConfiguration matched:
      - @ConditionalOnSingleCandidate (types: javax.sql.DataSource; SearchStrategy: all) found a single bean 'dataSource' (OnBeanCondition)

   DataSourceTransactionManagerAutoConfiguration.JdbcTransactionManagerConfiguration#transactionManager matched:
      - @ConditionalOnMissingBean (types: org.springframework.transaction.TransactionManager; SearchStrategy: all) did not find any beans (OnBeanCondition)

   DispatcherServletAutoConfiguration matched:
      - @ConditionalOnClass found required class 'org.springframework.web.servlet.DispatcherServlet' (OnClassCondition)
      - found 'session' scope (OnWebApplicationCondition)

   DispatcherServletAutoConfiguration.DispatcherServletConfiguration matched:
      - @ConditionalOnClass found required class 'javax.servlet.ServletRegistration' (OnClassCondition)
      - Default DispatcherServlet did not find dispatcher servlet beans (DispatcherServletAutoConfiguration.DefaultDispatcherServletCondition)

   DispatcherServletAutoConfiguration.DispatcherServletRegistrationConfiguration matched:
      - @ConditionalOnClass found required class 'javax.servlet.ServletRegistration' (OnClassCondition)
      - DispatcherServlet Registration did not find servlet registration bean (DispatcherServletAutoConfiguration.DispatcherServletRegistrationCondition)

   DispatcherServletAutoConfiguration.DispatcherServletRegistrationConfiguration#dispatcherServletRegistration matched:
      - @ConditionalOnBean (names: dispatcherServlet types: org.springframework.web.servlet.DispatcherServlet; SearchStrategy: all) found bean 'dispatcherServlet' (OnBeanCondition)

   EmbeddedWebServerFactoryCustomizerAutoConfiguration matched:
      - @ConditionalOnWebApplication (required) found 'session' scope (OnWebApplicationCondition)
      - @ConditionalOnWarDeployment the application is not deployed as a WAR file. (OnWarDeploymentCondition)

   EmbeddedWebServerFactoryCustomizerAutoConfiguration.TomcatWebServerFactoryCustomizerConfiguration matched:
      - @ConditionalOnClass found required classes 'org.apache.catalina.startup.Tomcat', 'org.apache.coyote.UpgradeProtocol' (OnClassCondition)

   ErrorMvcAutoConfiguration matched:
      - @ConditionalOnClass found required classes 'javax.servlet.Servlet', 'org.springframework.web.servlet.DispatcherServlet' (OnClassCondition)
      - found 'session' scope (OnWebApplicationCondition)

   ErrorMvcAutoConfiguration#basicErrorController matched:
      - @ConditionalOnMissingBean (types: org.springframework.boot.web.servlet.error.ErrorController; SearchStrategy: current) did not find any beans (OnBeanCondition)

   ErrorMvcAutoConfiguration#errorAttributes matched:
      - @ConditionalOnMissingBean (types: org.springframework.boot.web.servlet.error.ErrorAttributes; SearchStrategy: current) did not find any beans (OnBeanCondition)

   ErrorMvcAutoConfiguration.DefaultErrorViewResolverConfiguration#conventionErrorViewResolver matched:
      - @ConditionalOnBean (types: org.springframework.web.servlet.DispatcherServlet; SearchStrategy: all) found bean 'dispatcherServlet'; @ConditionalOnMissingBean (types: org.springframework.boot.autoconfigure.web.servlet.error.ErrorViewResolver; SearchStrategy: all) did not find any beans (OnBeanCondition)

   ErrorMvcAutoConfiguration.WhitelabelErrorViewConfiguration matched:
      - @ConditionalOnProperty (server.error.whitelabel.enabled) matched (OnPropertyCondition)
      - ErrorTemplate Missing did not find error template view (ErrorMvcAutoConfiguration.ErrorTemplateMissingCondition)

   ErrorMvcAutoConfiguration.WhitelabelErrorViewConfiguration#beanNameViewResolver matched:
      - @ConditionalOnMissingBean (types: org.springframework.web.servlet.view.BeanNameViewResolver; SearchStrategy: all) did not find any beans (OnBeanCondition)

   ErrorMvcAutoConfiguration.WhitelabelErrorViewConfiguration#defaultErrorView matched:
      - @ConditionalOnMissingBean (names: error; SearchStrategy: all) did not find any beans (OnBeanCondition)

   GenericCacheConfiguration matched:
      - Cache org.springframework.boot.autoconfigure.cache.GenericCacheConfiguration automatic cache type (CacheCondition)

   HttpEncodingAutoConfiguration matched:
      - @ConditionalOnClass found required class 'org.springframework.web.filter.CharacterEncodingFilter' (OnClassCondition)
      - found 'session' scope (OnWebApplicationCondition)
      - @ConditionalOnProperty (server.servlet.encoding.enabled) matched (OnPropertyCondition)

   HttpEncodingAutoConfiguration#characterEncodingFilter matched:
      - @ConditionalOnMissingBean (types: org.springframework.web.filter.CharacterEncodingFilter; SearchStrategy: all) did not find any beans (OnBeanCondition)

   HttpMessageConvertersAutoConfiguration matched:
      - @ConditionalOnClass found required class 'org.springframework.http.converter.HttpMessageConverter' (OnClassCondition)
      - NoneNestedConditions 0 matched 1 did not; NestedCondition on HttpMessageConvertersAutoConfiguration.NotReactiveWebApplicationCondition.ReactiveWebApplication did not find reactive web application classes (HttpMessageConvertersAutoConfiguration.NotReactiveWebApplicationCondition)

   HttpMessageConvertersAutoConfiguration#messageConverters matched:
      - @ConditionalOnMissingBean (types: org.springframework.boot.autoconfigure.http.HttpMessageConverters; SearchStrategy: all) did not find any beans (OnBeanCondition)

   HttpMessageConvertersAutoConfiguration.StringHttpMessageConverterConfiguration matched:
      - @ConditionalOnClass found required class 'org.springframework.http.converter.StringHttpMessageConverter' (OnClassCondition)

   HttpMessageConvertersAutoConfiguration.StringHttpMessageConverterConfiguration#stringHttpMessageConverter matched:
      - @ConditionalOnMissingBean (types: org.springframework.http.converter.StringHttpMessageConverter; SearchStrategy: all) did not find any beans (OnBeanCondition)

   JacksonAutoConfiguration matched:
      - @ConditionalOnClass found required class 'com.fasterxml.jackson.databind.ObjectMapper' (OnClassCondition)

   JacksonAutoConfiguration.Jackson2ObjectMapperBuilderCustomizerConfiguration matched:
      - @ConditionalOnClass found required class 'org.springframework.http.converter.json.Jackson2ObjectMapperBuilder' (OnClassCondition)

   JacksonAutoConfiguration.JacksonObjectMapperBuilderConfiguration matched:
      - @ConditionalOnClass found required class 'org.springframework.http.converter.json.Jackson2ObjectMapperBuilder' (OnClassCondition)

   JacksonAutoConfiguration.JacksonObjectMapperBuilderConfiguration#jacksonObjectMapperBuilder matched:
      - @ConditionalOnMissingBean (types: org.springframework.http.converter.json.Jackson2ObjectMapperBuilder; SearchStrategy: all) did not find any beans (OnBeanCondition)

   JacksonAutoConfiguration.JacksonObjectMapperConfiguration matched:
      - @ConditionalOnClass found required class 'org.springframework.http.converter.json.Jackson2ObjectMapperBuilder' (OnClassCondition)

   JacksonAutoConfiguration.JacksonObjectMapperConfiguration#jacksonObjectMapper matched:
      - @ConditionalOnMissingBean (types: com.fasterxml.jackson.databind.ObjectMapper; SearchStrategy: all) did not find any beans (OnBeanCondition)

   JacksonAutoConfiguration.ParameterNamesModuleConfiguration matched:
      - @ConditionalOnClass found required class 'com.fasterxml.jackson.module.paramnames.ParameterNamesModule' (OnClassCondition)

   JacksonAutoConfiguration.ParameterNamesModuleConfiguration#parameterNamesModule matched:
      - @ConditionalOnMissingBean (types: com.fasterxml.jackson.module.paramnames.ParameterNamesModule; SearchStrategy: all) did not find any beans (OnBeanCondition)

   JacksonHttpMessageConvertersConfiguration.MappingJackson2HttpMessageConverterConfiguration matched:
      - @ConditionalOnClass found required class 'com.fasterxml.jackson.databind.ObjectMapper' (OnClassCondition)
      - @ConditionalOnProperty (spring.mvc.converters.preferred-json-mapper=jackson) matched (OnPropertyCondition)
      - @ConditionalOnBean (types: com.fasterxml.jackson.databind.ObjectMapper; SearchStrategy: all) found bean 'jacksonObjectMapper' (OnBeanCondition)

   JacksonHttpMessageConvertersConfiguration.MappingJackson2HttpMessageConverterConfiguration#mappingJackson2HttpMessageConverter matched:
      - @ConditionalOnMissingBean (types: org.springframework.http.converter.json.MappingJackson2HttpMessageConverter ignored: org.springframework.hateoas.server.mvc.TypeConstrainedMappingJackson2HttpMessageConverter,org.springframework.data.rest.webmvc.alps.AlpsJsonHttpMessageConverter; SearchStrategy: all) did not find any beans (OnBeanCondition)

   JdbcTemplateAutoConfiguration matched:
      - @ConditionalOnClass found required classes 'javax.sql.DataSource', 'org.springframework.jdbc.core.JdbcTemplate' (OnClassCondition)
      - @ConditionalOnSingleCandidate (types: javax.sql.DataSource; SearchStrategy: all) found a single bean 'dataSource' (OnBeanCondition)

   LifecycleAutoConfiguration#defaultLifecycleProcessor matched:
      - @ConditionalOnMissingBean (names: lifecycleProcessor; SearchStrategy: current) did not find any beans (OnBeanCondition)

   MailSenderAutoConfiguration matched:
      - @ConditionalOnClass found required classes 'javax.mail.internet.MimeMessage', 'javax.activation.MimeType', 'org.springframework.mail.MailSender' (OnClassCondition)
      - AnyNestedCondition 1 matched 1 did not; NestedCondition on MailSenderAutoConfiguration.MailSenderCondition.JndiNameProperty @ConditionalOnProperty (spring.mail.jndi-name) did not find property 'jndi-name'; NestedCondition on MailSenderAutoConfiguration.MailSenderCondition.HostProperty @ConditionalOnProperty (spring.mail.host) matched (MailSenderAutoConfiguration.MailSenderCondition)
      - @ConditionalOnMissingBean (types: org.springframework.mail.MailSender; SearchStrategy: all) did not find any beans (OnBeanCondition)

   MailSenderPropertiesConfiguration matched:
      - @ConditionalOnProperty (spring.mail.host) matched (OnPropertyCondition)

   MailSenderPropertiesConfiguration#mailSender matched:
      - @ConditionalOnMissingBean (types: org.springframework.mail.javamail.JavaMailSender; SearchStrategy: all) did not find any beans (OnBeanCondition)

   MultipartAutoConfiguration matched:
      - @ConditionalOnClass found required classes 'javax.servlet.Servlet', 'org.springframework.web.multipart.support.StandardServletMultipartResolver', 'javax.servlet.MultipartConfigElement' (OnClassCondition)
      - found 'session' scope (OnWebApplicationCondition)
      - @ConditionalOnProperty (spring.servlet.multipart.enabled) matched (OnPropertyCondition)

   MultipartAutoConfiguration#multipartConfigElement matched:
      - @ConditionalOnMissingBean (types: javax.servlet.MultipartConfigElement,org.springframework.web.multipart.commons.CommonsMultipartResolver; SearchStrategy: all) did not find any beans (OnBeanCondition)

   MultipartAutoConfiguration#multipartResolver matched:
      - @ConditionalOnMissingBean (types: org.springframework.web.multipart.MultipartResolver; SearchStrategy: all) did not find any beans (OnBeanCondition)

   NamedParameterJdbcTemplateConfiguration matched:
      - @ConditionalOnSingleCandidate (types: org.springframework.jdbc.core.JdbcTemplate; SearchStrategy: all) found a single primary bean 'jdbcTemplate' from beans 'jdbcTemplate', 'tigohogarJdbcTemplate', 'centralJdbcTemplate'; @ConditionalOnMissingBean (types: org.springframework.jdbc.core.namedparam.NamedParameterJdbcOperations; SearchStrategy: all) did not find any beans (OnBeanCondition)

   NoOpCacheConfiguration matched:
      - Cache org.springframework.boot.autoconfigure.cache.NoOpCacheConfiguration automatic cache type (CacheCondition)

   PersistenceExceptionTranslationAutoConfiguration matched:
      - @ConditionalOnClass found required class 'org.springframework.dao.annotation.PersistenceExceptionTranslationPostProcessor' (OnClassCondition)

   PersistenceExceptionTranslationAutoConfiguration#persistenceExceptionTranslationPostProcessor matched:
      - @ConditionalOnProperty (spring.dao.exceptiontranslation.enabled) matched (OnPropertyCondition)
      - @ConditionalOnMissingBean (types: org.springframework.dao.annotation.PersistenceExceptionTranslationPostProcessor; SearchStrategy: all) did not find any beans (OnBeanCondition)

   PropertyPlaceholderAutoConfiguration#propertySourcesPlaceholderConfigurer matched:
      - @ConditionalOnMissingBean (types: org.springframework.context.support.PropertySourcesPlaceholderConfigurer; SearchStrategy: current) did not find any beans (OnBeanCondition)

   RestTemplateAutoConfiguration matched:
      - @ConditionalOnClass found required class 'org.springframework.web.client.RestTemplate' (OnClassCondition)
      - NoneNestedConditions 0 matched 1 did not; NestedCondition on RestTemplateAutoConfiguration.NotReactiveWebApplicationCondition.ReactiveWebApplication did not find reactive web application classes (RestTemplateAutoConfiguration.NotReactiveWebApplicationCondition)

   RestTemplateAutoConfiguration#restTemplateBuilder matched:
      - @ConditionalOnMissingBean (types: org.springframework.boot.web.client.RestTemplateBuilder; SearchStrategy: all) did not find any beans (OnBeanCondition)

   RestTemplateAutoConfiguration#restTemplateBuilderConfigurer matched:
      - @ConditionalOnMissingBean (types: org.springframework.boot.autoconfigure.web.client.RestTemplateBuilderConfigurer; SearchStrategy: all) did not find any beans (OnBeanCondition)

   ServletWebServerFactoryAutoConfiguration matched:
      - @ConditionalOnClass found required class 'javax.servlet.ServletRequest' (OnClassCondition)
      - found 'session' scope (OnWebApplicationCondition)

   ServletWebServerFactoryAutoConfiguration#tomcatServletWebServerFactoryCustomizer matched:
      - @ConditionalOnClass found required class 'org.apache.catalina.startup.Tomcat' (OnClassCondition)

   ServletWebServerFactoryConfiguration.EmbeddedTomcat matched:
      - @ConditionalOnClass found required classes 'javax.servlet.Servlet', 'org.apache.catalina.startup.Tomcat', 'org.apache.coyote.UpgradeProtocol' (OnClassCondition)
      - @ConditionalOnMissingBean (types: org.springframework.boot.web.servlet.server.ServletWebServerFactory; SearchStrategy: current) did not find any beans (OnBeanCondition)

   SimpleCacheConfiguration matched:
      - Cache org.springframework.boot.autoconfigure.cache.SimpleCacheConfiguration automatic cache type (CacheCondition)

   SpringDocConfigProperties matched:
      - @ConditionalOnProperty (springdoc.api-docs.enabled) matched (OnPropertyCondition)

   SpringDocConfiguration matched:
      - @ConditionalOnWebApplication (required) found 'session' scope (OnWebApplicationCondition)
      - @ConditionalOnProperty (springdoc.api-docs.enabled) matched (OnPropertyCondition)

   SpringDocConfiguration#fileSupportConverter matched:
      - @ConditionalOnMissingBean (types: org.springdoc.core.converters.FileSupportConverter; SearchStrategy: all) did not find any beans (OnBeanCondition)

   SpringDocConfiguration#openAPIBuilder matched:
      - @ConditionalOnMissingBean (types: org.springdoc.core.OpenAPIService; SearchStrategy: all) did not find any beans (OnBeanCondition)

   SpringDocConfiguration#operationBuilder matched:
      - @ConditionalOnMissingBean (types: org.springdoc.core.OperationService; SearchStrategy: all) did not find any beans (OnBeanCondition)

   SpringDocConfiguration#parameterBuilder matched:
      - @ConditionalOnMissingBean (types: org.springdoc.core.GenericParameterService; SearchStrategy: all) did not find any beans (OnBeanCondition)

   SpringDocConfiguration#polymorphicModelConverter matched:
      - @ConditionalOnProperty (springdoc.model-converters.polymorphic-converter.enabled) matched (OnPropertyCondition)
      - @ConditionalOnMissingBean (types: org.springdoc.core.converters.PolymorphicModelConverter; SearchStrategy: all) did not find any beans (OnBeanCondition)

   SpringDocConfiguration#requestBodyBuilder matched:
      - @ConditionalOnMissingBean (types: org.springdoc.core.RequestBodyService; SearchStrategy: all) did not find any beans (OnBeanCondition)

   SpringDocConfiguration#responseSupportConverter matched:
      - @ConditionalOnMissingBean (types: org.springdoc.core.converters.ResponseSupportConverter; SearchStrategy: all) did not find any beans (OnBeanCondition)

   SpringDocConfiguration#schemaPropertyDeprecatingConverter matched:
      - @ConditionalOnProperty (springdoc.model-converters.deprecating-converter.enabled) matched (OnPropertyCondition)
      - @ConditionalOnMissingBean (types: org.springdoc.core.converters.SchemaPropertyDeprecatingConverter; SearchStrategy: all) did not find any beans (OnBeanCondition)

   SpringDocConfiguration#securityParser matched:
      - @ConditionalOnMissingBean (types: org.springdoc.core.SecurityService; SearchStrategy: all) did not find any beans (OnBeanCondition)

   SpringDocConfiguration#springDocCustomizers matched:
      - @ConditionalOnMissingBean (types: org.springdoc.core.customizers.SpringDocCustomizers; SearchStrategy: all) did not find any beans (OnBeanCondition)

   SpringDocConfiguration#springDocObjectMapperProvider matched:
      - @ConditionalOnMissingBean (types: org.springdoc.core.providers.ObjectMapperProvider; SearchStrategy: all) did not find any beans (OnBeanCondition)

   SpringDocConfiguration#springDocProviders matched:
      - @ConditionalOnMissingBean (types: org.springdoc.core.SpringDocProviders; SearchStrategy: all) did not find any beans (OnBeanCondition)

   SpringDocConfiguration.SpringDocSpringDataWebPropertiesProvider matched:
      - @ConditionalOnClass found required class 'org.springframework.boot.autoconfigure.data.web.SpringDataWebProperties' (OnClassCondition)

   SpringDocConfiguration.SpringDocSpringDataWebPropertiesProvider#springDataWebPropertiesProvider matched:
      - @ConditionalOnMissingBean (types: org.springdoc.core.providers.SpringDataWebPropertiesProvider; SearchStrategy: all) did not find any beans (OnBeanCondition)

   SpringDocConfiguration.WebConversionServiceConfiguration matched:
      - @ConditionalOnClass found required class 'org.springframework.boot.autoconfigure.web.format.WebConversionService' (OnClassCondition)

   SpringDocUIConfiguration matched:
      - @ConditionalOnWebApplication (required) found 'session' scope (OnWebApplicationCondition)
      - @ConditionalOnExpression (#{${springdoc.api-docs.enabled:true}}) resulted in true (OnExpressionCondition)
      - @ConditionalOnBean (types: org.springdoc.core.SpringDocConfiguration; SearchStrategy: all) found bean 'org.springdoc.core.SpringDocConfiguration' (OnBeanCondition)

   SpringDocWebMvcConfiguration matched:
      - found 'session' scope (OnWebApplicationCondition)
      - @ConditionalOnProperty (springdoc.api-docs.enabled) matched (OnPropertyCondition)
      - @ConditionalOnBean (types: org.springdoc.core.SpringDocConfiguration; SearchStrategy: all) found bean 'org.springdoc.core.SpringDocConfiguration' (OnBeanCondition)

   SpringDocWebMvcConfiguration#openApiResource matched:
      - @ConditionalOnProperty (springdoc.use-management-port=false) matched (OnPropertyCondition)
      - @ConditionalOnMissingBean (types: org.springdoc.webmvc.api.OpenApiWebMvcResource; SearchStrategy: all) did not find any beans (OnBeanCondition)

   SpringDocWebMvcConfiguration#requestBuilder matched:
      - @ConditionalOnMissingBean (types: org.springdoc.webmvc.core.RequestService; SearchStrategy: all) did not find any beans (OnBeanCondition)

   SpringDocWebMvcConfiguration#responseBuilder matched:
      - @ConditionalOnMissingBean (types: org.springdoc.core.GenericResponseService; SearchStrategy: all) did not find any beans (OnBeanCondition)

   SpringDocWebMvcConfiguration#springWebProvider matched:
      - @ConditionalOnMissingBean (types: org.springdoc.core.providers.SpringWebProvider; SearchStrategy: all) did not find any beans (OnBeanCondition)

   SpringDocWebMvcConfiguration.SpringDocWebMvcRouterConfiguration matched:
      - @ConditionalOnClass found required class 'org.springframework.web.servlet.function.RouterFunction' (OnClassCondition)

   SpringDocWebMvcConfiguration.SpringDocWebMvcRouterConfiguration#routerFunctionProvider matched:
      - @ConditionalOnMissingBean (types: org.springdoc.webmvc.core.RouterFunctionWebMvcProvider; SearchStrategy: all) did not find any beans (OnBeanCondition)

   SqlInitializationAutoConfiguration matched:
      - @ConditionalOnProperty (spring.sql.init.enabled) matched (OnPropertyCondition)
      - NoneNestedConditions 0 matched 1 did not; NestedCondition on SqlInitializationAutoConfiguration.SqlInitializationModeCondition.ModeIsNever @ConditionalOnProperty (spring.sql.init.mode=never) did not find property 'mode' (SqlInitializationAutoConfiguration.SqlInitializationModeCondition)

   SwaggerConfig matched:
      - found 'session' scope (OnWebApplicationCondition)
      - @ConditionalOnProperty (springdoc.swagger-ui.enabled) matched (OnPropertyCondition)
      - @ConditionalOnBean (types: org.springdoc.core.SpringDocConfiguration; SearchStrategy: all) found bean 'org.springdoc.core.SpringDocConfiguration' (OnBeanCondition)

   SwaggerConfig#indexPageTransformer matched:
      - @ConditionalOnMissingBean (types: org.springdoc.webmvc.ui.SwaggerIndexTransformer; SearchStrategy: all) did not find any beans (OnBeanCondition)

   SwaggerConfig#swaggerConfigResource matched:
      - @ConditionalOnProperty (springdoc.use-management-port=false) matched (OnPropertyCondition)
      - @ConditionalOnMissingBean (types: org.springdoc.webmvc.ui.SwaggerConfigResource; SearchStrategy: all) did not find any beans (OnBeanCondition)

   SwaggerConfig#swaggerResourceResolver matched:
      - @ConditionalOnMissingBean (types: org.springdoc.webmvc.ui.SwaggerResourceResolver; SearchStrategy: all) did not find any beans (OnBeanCondition)

   SwaggerConfig#swaggerWebMvcConfigurer matched:
      - @ConditionalOnMissingBean (types: org.springdoc.webmvc.ui.SwaggerWebMvcConfigurer; SearchStrategy: all) did not find any beans (OnBeanCondition)

   SwaggerConfig#swaggerWelcome matched:
      - @ConditionalOnProperty (springdoc.use-management-port=false) matched (OnPropertyCondition)
      - @ConditionalOnMissingBean (types: org.springdoc.webmvc.ui.SwaggerWelcomeWebMvc; SearchStrategy: all) did not find any beans (OnBeanCondition)

   SwaggerUiConfigParameters matched:
      - @ConditionalOnProperty (springdoc.swagger-ui.enabled) matched (OnPropertyCondition)
      - @ConditionalOnBean (types: org.springdoc.core.SpringDocConfiguration; SearchStrategy: all) found bean 'org.springdoc.core.SpringDocConfiguration' (OnBeanCondition)

   SwaggerUiConfigProperties matched:
      - @ConditionalOnProperty (springdoc.swagger-ui.enabled) matched (OnPropertyCondition)
      - @ConditionalOnBean (types: org.springdoc.core.SpringDocConfiguration; SearchStrategy: all) found bean 'org.springdoc.core.SpringDocConfiguration' (OnBeanCondition)

   SwaggerUiOAuthProperties matched:
      - @ConditionalOnProperty (springdoc.swagger-ui.enabled) matched (OnPropertyCondition)
      - @ConditionalOnBean (types: org.springdoc.core.SpringDocConfiguration; SearchStrategy: all) found bean 'org.springdoc.core.SpringDocConfiguration' (OnBeanCondition)

   TaskExecutionAutoConfiguration matched:
      - @ConditionalOnClass found required class 'org.springframework.scheduling.concurrent.ThreadPoolTaskExecutor' (OnClassCondition)

   TaskExecutionAutoConfiguration#applicationTaskExecutor matched:
      - @ConditionalOnMissingBean (types: java.util.concurrent.Executor; SearchStrategy: all) did not find any beans (OnBeanCondition)

   TaskExecutionAutoConfiguration#taskExecutorBuilder matched:
      - @ConditionalOnMissingBean (types: org.springframework.boot.task.TaskExecutorBuilder; SearchStrategy: all) did not find any beans (OnBeanCondition)

   TaskSchedulingAutoConfiguration matched:
      - @ConditionalOnClass found required class 'org.springframework.scheduling.concurrent.ThreadPoolTaskScheduler' (OnClassCondition)

   TaskSchedulingAutoConfiguration#taskSchedulerBuilder matched:
      - @ConditionalOnMissingBean (types: org.springframework.boot.task.TaskSchedulerBuilder; SearchStrategy: all) did not find any beans (OnBeanCondition)

   TransactionAutoConfiguration matched:
      - @ConditionalOnClass found required class 'org.springframework.transaction.PlatformTransactionManager' (OnClassCondition)

   TransactionAutoConfiguration#platformTransactionManagerCustomizers matched:
      - @ConditionalOnMissingBean (types: org.springframework.boot.autoconfigure.transaction.TransactionManagerCustomizers; SearchStrategy: all) did not find any beans (OnBeanCondition)

   TransactionAutoConfiguration.EnableTransactionManagementConfiguration matched:
      - @ConditionalOnBean (types: org.springframework.transaction.TransactionManager; SearchStrategy: all) found bean 'transactionManager'; @ConditionalOnMissingBean (types: org.springframework.transaction.annotation.AbstractTransactionManagementConfiguration; SearchStrategy: all) did not find any beans (OnBeanCondition)

   TransactionAutoConfiguration.EnableTransactionManagementConfiguration.CglibAutoProxyConfiguration matched:
      - @ConditionalOnProperty (spring.aop.proxy-target-class=true) matched (OnPropertyCondition)

   TransactionAutoConfiguration.TransactionTemplateConfiguration matched:
      - @ConditionalOnSingleCandidate (types: org.springframework.transaction.PlatformTransactionManager; SearchStrategy: all) found a single bean 'transactionManager' (OnBeanCondition)

   TransactionAutoConfiguration.TransactionTemplateConfiguration#transactionTemplate matched:
      - @ConditionalOnMissingBean (types: org.springframework.transaction.support.TransactionOperations; SearchStrategy: all) did not find any beans (OnBeanCondition)

   ValidationAutoConfiguration matched:
      - @ConditionalOnClass found required class 'javax.validation.executable.ExecutableValidator' (OnClassCondition)
      - @ConditionalOnResource found location classpath:META-INF/services/javax.validation.spi.ValidationProvider (OnResourceCondition)

   ValidationAutoConfiguration#defaultValidator matched:
      - @ConditionalOnMissingBean (types: javax.validation.Validator; SearchStrategy: all) did not find any beans (OnBeanCondition)

   ValidationAutoConfiguration#methodValidationPostProcessor matched:
      - @ConditionalOnMissingBean (types: org.springframework.validation.beanvalidation.MethodValidationPostProcessor; SearchStrategy: current) did not find any beans (OnBeanCondition)

   WebMvcAutoConfiguration matched:
      - @ConditionalOnClass found required classes 'javax.servlet.Servlet', 'org.springframework.web.servlet.DispatcherServlet', 'org.springframework.web.servlet.config.annotation.WebMvcConfigurer' (OnClassCondition)
      - found 'session' scope (OnWebApplicationCondition)
      - @ConditionalOnMissingBean (types: org.springframework.web.servlet.config.annotation.WebMvcConfigurationSupport; SearchStrategy: all) did not find any beans (OnBeanCondition)

   WebMvcAutoConfiguration#formContentFilter matched:
      - @ConditionalOnProperty (spring.mvc.formcontent.filter.enabled) matched (OnPropertyCondition)
      - @ConditionalOnMissingBean (types: org.springframework.web.filter.FormContentFilter; SearchStrategy: all) did not find any beans (OnBeanCondition)

   WebMvcAutoConfiguration.EnableWebMvcConfiguration#flashMapManager matched:
      - @ConditionalOnMissingBean (names: flashMapManager; SearchStrategy: all) did not find any beans (OnBeanCondition)

   WebMvcAutoConfiguration.EnableWebMvcConfiguration#localeResolver matched:
      - @ConditionalOnMissingBean (names: localeResolver; SearchStrategy: all) did not find any beans (OnBeanCondition)

   WebMvcAutoConfiguration.EnableWebMvcConfiguration#themeResolver matched:
      - @ConditionalOnMissingBean (names: themeResolver; SearchStrategy: all) did not find any beans (OnBeanCondition)

   WebMvcAutoConfiguration.WebMvcAutoConfigurationAdapter#defaultViewResolver matched:
      - @ConditionalOnMissingBean (types: org.springframework.web.servlet.view.InternalResourceViewResolver; SearchStrategy: all) did not find any beans (OnBeanCondition)

   WebMvcAutoConfiguration.WebMvcAutoConfigurationAdapter#requestContextFilter matched:
      - @ConditionalOnMissingBean (types: org.springframework.web.context.request.RequestContextListener,org.springframework.web.filter.RequestContextFilter; SearchStrategy: all) did not find any beans (OnBeanCondition)

   WebMvcAutoConfiguration.WebMvcAutoConfigurationAdapter#viewResolver matched:
      - @ConditionalOnBean (types: org.springframework.web.servlet.ViewResolver; SearchStrategy: all) found beans 'defaultViewResolver', 'beanNameViewResolver', 'mvcViewResolver'; @ConditionalOnMissingBean (names: viewResolver types: org.springframework.web.servlet.view.ContentNegotiatingViewResolver; SearchStrategy: all) did not find any beans (OnBeanCondition)

   WebSocketServletAutoConfiguration matched:
      - @ConditionalOnClass found required classes 'javax.servlet.Servlet', 'javax.websocket.server.ServerContainer' (OnClassCondition)
      - found 'session' scope (OnWebApplicationCondition)

   WebSocketServletAutoConfiguration.TomcatWebSocketConfiguration matched:
      - @ConditionalOnClass found required classes 'org.apache.catalina.startup.Tomcat', 'org.apache.tomcat.websocket.server.WsSci' (OnClassCondition)

   WebSocketServletAutoConfiguration.TomcatWebSocketConfiguration#websocketServletWebServerCustomizer matched:
      - @ConditionalOnMissingBean (names: websocketServletWebServerCustomizer; SearchStrategy: all) did not find any beans (OnBeanCondition)


Negative matches:
-----------------

   ActiveMQAutoConfiguration:
      Did not match:
         - @ConditionalOnClass did not find required class 'javax.jms.ConnectionFactory' (OnClassCondition)

   AopAutoConfiguration.AspectJAutoProxyingConfiguration:
      Did not match:
         - @ConditionalOnClass did not find required class 'org.aspectj.weaver.Advice' (OnClassCondition)

   ArtemisAutoConfiguration:
      Did not match:
         - @ConditionalOnClass did not find required class 'javax.jms.ConnectionFactory' (OnClassCondition)

   BatchAutoConfiguration:
      Did not match:
         - @ConditionalOnClass did not find required class 'org.springframework.batch.core.launch.JobLauncher' (OnClassCondition)

   Cache2kCacheConfiguration:
      Did not match:
         - @ConditionalOnClass did not find required class 'org.cache2k.Cache2kBuilder' (OnClassCondition)

   CacheAutoConfiguration:
      Did not match:
         - @ConditionalOnBean (types: org.springframework.cache.interceptor.CacheAspectSupport; SearchStrategy: all) did not find any beans of type org.springframework.cache.interceptor.CacheAspectSupport (OnBeanCondition)
      Matched:
         - @ConditionalOnClass found required class 'org.springframework.cache.CacheManager' (OnClassCondition)

   CacheAutoConfiguration.CacheManagerEntityManagerFactoryDependsOnPostProcessor:
      Did not match:
         - @ConditionalOnClass did not find required class 'org.springframework.orm.jpa.LocalContainerEntityManagerFactoryBean' (OnClassCondition)
         - Ancestor org.springframework.boot.autoconfigure.cache.CacheAutoConfiguration did not match (ConditionEvaluationReport.AncestorsMatchedCondition)

   CaffeineCacheConfiguration:
      Did not match:
         - @ConditionalOnClass did not find required class 'com.github.benmanes.caffeine.cache.Caffeine' (OnClassCondition)

   CassandraAutoConfiguration:
      Did not match:
         - @ConditionalOnClass did not find required class 'com.datastax.oss.driver.api.core.CqlSession' (OnClassCondition)

   CassandraDataAutoConfiguration:
      Did not match:
         - @ConditionalOnClass did not find required class 'com.datastax.oss.driver.api.core.CqlSession' (OnClassCondition)

   CassandraReactiveDataAutoConfiguration:
      Did not match:
         - @ConditionalOnClass did not find required class 'com.datastax.oss.driver.api.core.CqlSession' (OnClassCondition)

   CassandraReactiveRepositoriesAutoConfiguration:
      Did not match:
         - @ConditionalOnClass did not find required class 'org.springframework.data.cassandra.ReactiveSession' (OnClassCondition)

   CassandraRepositoriesAutoConfiguration:
      Did not match:
         - @ConditionalOnClass did not find required class 'com.datastax.oss.driver.api.core.CqlSession' (OnClassCondition)

   ClientHttpConnectorAutoConfiguration:
      Did not match:
         - @ConditionalOnClass did not find required class 'org.springframework.web.reactive.function.client.WebClient' (OnClassCondition)

   CodecsAutoConfiguration:
      Did not match:
         - @ConditionalOnClass did not find required class 'org.springframework.web.reactive.function.client.WebClient' (OnClassCondition)

   CouchbaseAutoConfiguration:
      Did not match:
         - @ConditionalOnClass did not find required class 'com.couchbase.client.java.Cluster' (OnClassCondition)

   CouchbaseCacheConfiguration:
      Did not match:
         - @ConditionalOnClass did not find required class 'com.couchbase.client.java.Cluster' (OnClassCondition)

   CouchbaseDataAutoConfiguration:
      Did not match:
         - @ConditionalOnClass did not find required class 'com.couchbase.client.java.Bucket' (OnClassCondition)

   CouchbaseReactiveDataAutoConfiguration:
      Did not match:
         - @ConditionalOnClass did not find required class 'com.couchbase.client.java.Cluster' (OnClassCondition)

   CouchbaseReactiveRepositoriesAutoConfiguration:
      Did not match:
         - @ConditionalOnClass did not find required class 'com.couchbase.client.java.Cluster' (OnClassCondition)

   CouchbaseRepositoriesAutoConfiguration:
      Did not match:
         - @ConditionalOnClass did not find required class 'com.couchbase.client.java.Bucket' (OnClassCondition)

   DataSourceAutoConfiguration.EmbeddedDatabaseConfiguration:
      Did not match:
         - EmbeddedDataSource spring.datasource.url is set (DataSourceAutoConfiguration.EmbeddedDatabaseCondition)

   DataSourceConfiguration.Dbcp2:
      Did not match:
         - @ConditionalOnClass did not find required class 'org.apache.commons.dbcp2.BasicDataSource' (OnClassCondition)

   DataSourceConfiguration.Generic:
      Did not match:
         - @ConditionalOnProperty (spring.datasource.type) did not find property 'spring.datasource.type' (OnPropertyCondition)

   DataSourceConfiguration.OracleUcp:
      Did not match:
         - @ConditionalOnClass did not find required classes 'oracle.ucp.jdbc.PoolDataSourceImpl', 'oracle.jdbc.OracleConnection' (OnClassCondition)

   DataSourceConfiguration.Tomcat:
      Did not match:
         - @ConditionalOnClass did not find required class 'org.apache.tomcat.jdbc.pool.DataSource' (OnClassCondition)

   DataSourceJmxConfiguration.TomcatDataSourceJmxConfiguration:
      Did not match:
         - @ConditionalOnClass did not find required class 'org.apache.tomcat.jdbc.pool.DataSourceProxy' (OnClassCondition)

   DataSourcePoolMetadataProvidersConfiguration.CommonsDbcp2PoolDataSourceMetadataProviderConfiguration:
      Did not match:
         - @ConditionalOnClass did not find required class 'org.apache.commons.dbcp2.BasicDataSource' (OnClassCondition)

   DataSourcePoolMetadataProvidersConfiguration.OracleUcpPoolDataSourceMetadataProviderConfiguration:
      Did not match:
         - @ConditionalOnClass did not find required classes 'oracle.ucp.jdbc.PoolDataSource', 'oracle.jdbc.OracleConnection' (OnClassCondition)

   DataSourcePoolMetadataProvidersConfiguration.TomcatDataSourcePoolMetadataProviderConfiguration:
      Did not match:
         - @ConditionalOnClass did not find required class 'org.apache.tomcat.jdbc.pool.DataSource' (OnClassCondition)

   DispatcherServletAutoConfiguration.DispatcherServletConfiguration#multipartResolver:
      Did not match:
         - @ConditionalOnBean (types: org.springframework.web.multipart.MultipartResolver; SearchStrategy: all) did not find any beans of type org.springframework.web.multipart.MultipartResolver (OnBeanCondition)

   EhCacheCacheConfiguration:
      Did not match:
         - @ConditionalOnClass did not find required class 'net.sf.ehcache.Cache' (OnClassCondition)

   ElasticsearchDataAutoConfiguration:
      Did not match:
         - @ConditionalOnClass did not find required class 'org.springframework.data.elasticsearch.core.ElasticsearchRestTemplate' (OnClassCondition)

   ElasticsearchRepositoriesAutoConfiguration:
      Did not match:
         - @ConditionalOnClass did not find required class 'org.elasticsearch.client.Client' (OnClassCondition)

   ElasticsearchRestClientAutoConfiguration:
      Did not match:
         - @ConditionalOnClass did not find required class 'org.elasticsearch.client.RestClientBuilder' (OnClassCondition)

   EmbeddedLdapAutoConfiguration:
      Did not match:
         - @ConditionalOnClass did not find required class 'com.unboundid.ldap.listener.InMemoryDirectoryServer' (OnClassCondition)

   EmbeddedMongoAutoConfiguration:
      Did not match:
         - @ConditionalOnClass did not find required class 'com.mongodb.MongoClientSettings' (OnClassCondition)

   EmbeddedWebServerFactoryCustomizerAutoConfiguration.JettyWebServerFactoryCustomizerConfiguration:
      Did not match:
         - @ConditionalOnClass did not find required classes 'org.eclipse.jetty.server.Server', 'org.eclipse.jetty.util.Loader', 'org.eclipse.jetty.webapp.WebAppContext' (OnClassCondition)

   EmbeddedWebServerFactoryCustomizerAutoConfiguration.NettyWebServerFactoryCustomizerConfiguration:
      Did not match:
         - @ConditionalOnClass did not find required class 'reactor.netty.http.server.HttpServer' (OnClassCondition)

   EmbeddedWebServerFactoryCustomizerAutoConfiguration.UndertowWebServerFactoryCustomizerConfiguration:
      Did not match:
         - @ConditionalOnClass did not find required classes 'io.undertow.Undertow', 'org.xnio.SslClientAuthMode' (OnClassCondition)

   ErrorWebFluxAutoConfiguration:
      Did not match:
         - @ConditionalOnClass did not find required class 'org.springframework.web.reactive.config.WebFluxConfigurer' (OnClassCondition)

   FlywayAutoConfiguration:
      Did not match:
         - @ConditionalOnClass did not find required class 'org.flywaydb.core.Flyway' (OnClassCondition)

   FreeMarkerAutoConfiguration:
      Did not match:
         - @ConditionalOnClass did not find required class 'freemarker.template.Configuration' (OnClassCondition)

   GraphQlAutoConfiguration:
      Did not match:
         - @ConditionalOnClass did not find required class 'graphql.GraphQL' (OnClassCondition)

   GraphQlQueryByExampleAutoConfiguration:
      Did not match:
         - @ConditionalOnClass did not find required class 'graphql.GraphQL' (OnClassCondition)

   GraphQlQuerydslAutoConfiguration:
      Did not match:
         - @ConditionalOnClass did not find required class 'graphql.GraphQL' (OnClassCondition)

   GraphQlRSocketAutoConfiguration:
      Did not match:
         - @ConditionalOnClass did not find required class 'graphql.GraphQL' (OnClassCondition)

   GraphQlReactiveQueryByExampleAutoConfiguration:
      Did not match:
         - @ConditionalOnClass did not find required class 'graphql.GraphQL' (OnClassCondition)

   GraphQlReactiveQuerydslAutoConfiguration:
      Did not match:
         - @ConditionalOnClass did not find required class 'graphql.GraphQL' (OnClassCondition)

   GraphQlWebFluxAutoConfiguration:
      Did not match:
         - @ConditionalOnClass did not find required class 'graphql.GraphQL' (OnClassCondition)

   GraphQlWebFluxSecurityAutoConfiguration:
      Did not match:
         - @ConditionalOnClass did not find required class 'graphql.GraphQL' (OnClassCondition)

   GraphQlWebMvcAutoConfiguration:
      Did not match:
         - @ConditionalOnClass did not find required class 'graphql.GraphQL' (OnClassCondition)

   GraphQlWebMvcSecurityAutoConfiguration:
      Did not match:
         - @ConditionalOnClass did not find required class 'graphql.GraphQL' (OnClassCondition)

   GroovyTemplateAutoConfiguration:
      Did not match:
         - @ConditionalOnClass did not find required class 'groovy.text.markup.MarkupTemplateEngine' (OnClassCondition)

   GsonAutoConfiguration:
      Did not match:
         - @ConditionalOnClass did not find required class 'com.google.gson.Gson' (OnClassCondition)

   GsonHttpMessageConvertersConfiguration:
      Did not match:
         - @ConditionalOnClass did not find required class 'com.google.gson.Gson' (OnClassCondition)

   H2ConsoleAutoConfiguration:
      Did not match:
         - @ConditionalOnClass did not find required class 'org.h2.server.web.WebServlet' (OnClassCondition)

   HazelcastAutoConfiguration:
      Did not match:
         - @ConditionalOnClass did not find required class 'com.hazelcast.core.HazelcastInstance' (OnClassCondition)

   HazelcastCacheConfiguration:
      Did not match:
         - @ConditionalOnClass did not find required class 'com.hazelcast.core.HazelcastInstance' (OnClassCondition)

   HazelcastJpaDependencyAutoConfiguration:
      Did not match:
         - @ConditionalOnClass did not find required class 'com.hazelcast.core.HazelcastInstance' (OnClassCondition)

   HibernateJpaAutoConfiguration:
      Did not match:
         - @ConditionalOnClass did not find required class 'javax.persistence.EntityManager' (OnClassCondition)

   HttpHandlerAutoConfiguration:
      Did not match:
         - @ConditionalOnClass did not find required class 'org.springframework.web.reactive.DispatcherHandler' (OnClassCondition)

   HypermediaAutoConfiguration:
      Did not match:
         - @ConditionalOnClass did not find required class 'org.springframework.hateoas.EntityModel' (OnClassCondition)

   InfinispanCacheConfiguration:
      Did not match:
         - @ConditionalOnClass did not find required class 'org.infinispan.spring.embedded.provider.SpringEmbeddedCacheManager' (OnClassCondition)

   InfluxDbAutoConfiguration:
      Did not match:
         - @ConditionalOnClass did not find required class 'org.influxdb.InfluxDB' (OnClassCondition)

   IntegrationAutoConfiguration:
      Did not match:
         - @ConditionalOnClass did not find required class 'org.springframework.integration.config.EnableIntegration' (OnClassCondition)

   JCacheCacheConfiguration:
      Did not match:
         - @ConditionalOnClass did not find required class 'javax.cache.Caching' (OnClassCondition)

   JacksonHttpMessageConvertersConfiguration.MappingJackson2XmlHttpMessageConverterConfiguration:
      Did not match:
         - @ConditionalOnClass did not find required class 'com.fasterxml.jackson.dataformat.xml.XmlMapper' (OnClassCondition)

   JdbcRepositoriesAutoConfiguration:
      Did not match:
         - @ConditionalOnClass did not find required class 'org.springframework.data.jdbc.repository.config.AbstractJdbcConfiguration' (OnClassCondition)

   JdbcTemplateConfiguration:
      Did not match:
         - @ConditionalOnMissingBean (types: org.springframework.jdbc.core.JdbcOperations; SearchStrategy: all) found beans of type 'org.springframework.jdbc.core.JdbcOperations' jdbcTemplate, centralJdbcTemplate, tigohogarJdbcTemplate (OnBeanCondition)

   JerseyAutoConfiguration:
      Did not match:
         - @ConditionalOnClass did not find required class 'org.glassfish.jersey.server.spring.SpringComponentProvider' (OnClassCondition)

   JmsAutoConfiguration:
      Did not match:
         - @ConditionalOnClass did not find required class 'javax.jms.Message' (OnClassCondition)

   JmxAutoConfiguration:
      Did not match:
         - @ConditionalOnProperty (spring.jmx.enabled=true) did not find property 'enabled' (OnPropertyCondition)
      Matched:
         - @ConditionalOnClass found required class 'org.springframework.jmx.export.MBeanExporter' (OnClassCondition)

   JndiConnectionFactoryAutoConfiguration:
      Did not match:
         - @ConditionalOnClass did not find required class 'org.springframework.jms.core.JmsTemplate' (OnClassCondition)

   JndiDataSourceAutoConfiguration:
      Did not match:
         - @ConditionalOnProperty (spring.datasource.jndi-name) did not find property 'jndi-name' (OnPropertyCondition)
      Matched:
         - @ConditionalOnClass found required classes 'javax.sql.DataSource', 'org.springframework.jdbc.datasource.embedded.EmbeddedDatabaseType' (OnClassCondition)

   JooqAutoConfiguration:
      Did not match:
         - @ConditionalOnClass did not find required class 'org.jooq.DSLContext' (OnClassCondition)

   JpaRepositoriesAutoConfiguration:
      Did not match:
         - @ConditionalOnClass did not find required class 'org.springframework.data.jpa.repository.JpaRepository' (OnClassCondition)

   JsonbAutoConfiguration:
      Did not match:
         - @ConditionalOnClass did not find required class 'javax.json.bind.Jsonb' (OnClassCondition)

   JsonbHttpMessageConvertersConfiguration:
      Did not match:
         - @ConditionalOnClass did not find required class 'javax.json.bind.Jsonb' (OnClassCondition)

   JtaAutoConfiguration:
      Did not match:
         - @ConditionalOnClass did not find required class 'javax.transaction.Transaction' (OnClassCondition)

   KafkaAutoConfiguration:
      Did not match:
         - @ConditionalOnClass did not find required class 'org.springframework.kafka.core.KafkaTemplate' (OnClassCondition)

   LdapAutoConfiguration:
      Did not match:
         - @ConditionalOnClass did not find required class 'org.springframework.ldap.core.ContextSource' (OnClassCondition)

   LdapRepositoriesAutoConfiguration:
      Did not match:
         - @ConditionalOnClass did not find required class 'org.springframework.data.ldap.repository.LdapRepository' (OnClassCondition)

   LiquibaseAutoConfiguration:
      Did not match:
         - @ConditionalOnClass did not find required class 'liquibase.change.DatabaseChange' (OnClassCondition)

   MailSenderJndiConfiguration:
      Did not match:
         - @ConditionalOnProperty (spring.mail.jndi-name) did not find property 'jndi-name' (OnPropertyCondition)
      Matched:
         - @ConditionalOnClass found required class 'javax.mail.Session' (OnClassCondition)

   MailSenderValidatorAutoConfiguration:
      Did not match:
         - @ConditionalOnProperty (spring.mail.test-connection) did not find property 'test-connection' (OnPropertyCondition)

   MessageSourceAutoConfiguration:
      Did not match:
         - ResourceBundle did not find bundle with basename messages (MessageSourceAutoConfiguration.ResourceBundleCondition)

   MongoAutoConfiguration:
      Did not match:
         - @ConditionalOnClass did not find required class 'com.mongodb.client.MongoClient' (OnClassCondition)

   MongoDataAutoConfiguration:
      Did not match:
         - @ConditionalOnClass did not find required class 'com.mongodb.client.MongoClient' (OnClassCondition)

   MongoReactiveAutoConfiguration:
      Did not match:
         - @ConditionalOnClass did not find required class 'com.mongodb.reactivestreams.client.MongoClient' (OnClassCondition)

   MongoReactiveDataAutoConfiguration:
      Did not match:
         - @ConditionalOnClass did not find required class 'com.mongodb.reactivestreams.client.MongoClient' (OnClassCondition)

   MongoReactiveRepositoriesAutoConfiguration:
      Did not match:
         - @ConditionalOnClass did not find required class 'com.mongodb.reactivestreams.client.MongoClient' (OnClassCondition)

   MongoRepositoriesAutoConfiguration:
      Did not match:
         - @ConditionalOnClass did not find required class 'com.mongodb.client.MongoClient' (OnClassCondition)

   MultipleOpenApiSupportConfiguration:
      Did not match:
         - AnyNestedCondition 0 matched 2 did not; NestedCondition on MultipleOpenApiSupportCondition.OnActuatorDifferentPort @ConditionalOnProperty (springdoc.show-actuator) did not find property 'springdoc.show-actuator'; NestedCondition on MultipleOpenApiSupportCondition.OnMultipleOpenApiSupportCondition AnyNestedCondition 0 matched 2 did not; NestedCondition on MultipleOpenApiGroupsCondition.OnGroupConfigProperty @ConditionalOnProperty (springdoc.group-configs[0].group) did not find property 'springdoc.group-configs[0].group'; NestedCondition on MultipleOpenApiGroupsCondition.OnGroupedOpenApiBean @ConditionalOnBean (types: org.springdoc.core.GroupedOpenApi; SearchStrategy: all) did not find any beans of type org.springdoc.core.GroupedOpenApi (MultipleOpenApiSupportCondition)
      Matched:
         - found 'session' scope (OnWebApplicationCondition)
         - @ConditionalOnProperty (springdoc.api-docs.enabled) matched (OnPropertyCondition)

   MultipleOpenApiSupportConfiguration.SpringDocWebMvcActuatorDifferentConfiguration:
      Did not match:
         - @ConditionalOnClass did not find required class 'org.springframework.boot.actuate.endpoint.web.servlet.WebMvcEndpointHandlerMapping' (OnClassCondition)
         - Ancestor org.springdoc.webmvc.core.MultipleOpenApiSupportConfiguration did not match (ConditionEvaluationReport.AncestorsMatchedCondition)

   MustacheAutoConfiguration:
      Did not match:
         - @ConditionalOnClass did not find required class 'com.samskivert.mustache.Mustache' (OnClassCondition)

   Neo4jAutoConfiguration:
      Did not match:
         - @ConditionalOnClass did not find required class 'org.neo4j.driver.Driver' (OnClassCondition)

   Neo4jDataAutoConfiguration:
      Did not match:
         - @ConditionalOnClass did not find required class 'org.neo4j.driver.Driver' (OnClassCondition)

   Neo4jReactiveDataAutoConfiguration:
      Did not match:
         - @ConditionalOnClass did not find required class 'org.neo4j.driver.Driver' (OnClassCondition)

   Neo4jReactiveRepositoriesAutoConfiguration:
      Did not match:
         - @ConditionalOnClass did not find required class 'org.neo4j.driver.Driver' (OnClassCondition)

   Neo4jRepositoriesAutoConfiguration:
      Did not match:
         - @ConditionalOnClass did not find required class 'org.neo4j.driver.Driver' (OnClassCondition)

   NettyAutoConfiguration:
      Did not match:
         - @ConditionalOnClass did not find required class 'io.netty.util.NettyRuntime' (OnClassCondition)

   OAuth2ClientAutoConfiguration:
      Did not match:
         - @ConditionalOnClass did not find required class 'org.springframework.security.config.annotation.web.configuration.EnableWebSecurity' (OnClassCondition)

   OAuth2ResourceServerAutoConfiguration:
      Did not match:
         - @ConditionalOnClass did not find required class 'org.springframework.security.oauth2.server.resource.BearerTokenAuthenticationToken' (OnClassCondition)

   ProjectInfoAutoConfiguration#buildProperties:
      Did not match:
         - @ConditionalOnResource did not find resource '${spring.info.build.location:classpath:META-INF/build-info.properties}' (OnResourceCondition)

   ProjectInfoAutoConfiguration#gitProperties:
      Did not match:
         - GitResource did not find git info at classpath:git.properties (ProjectInfoAutoConfiguration.GitResourceAvailableCondition)

   QuartzAutoConfiguration:
      Did not match:
         - @ConditionalOnClass did not find required class 'org.quartz.Scheduler' (OnClassCondition)

   R2dbcAutoConfiguration:
      Did not match:
         - @ConditionalOnClass did not find required class 'io.r2dbc.spi.ConnectionFactory' (OnClassCondition)

   R2dbcDataAutoConfiguration:
      Did not match:
         - @ConditionalOnClass did not find required class 'org.springframework.data.r2dbc.core.R2dbcEntityTemplate' (OnClassCondition)

   R2dbcInitializationConfiguration:
      Did not match:
         - @ConditionalOnClass did not find required classes 'io.r2dbc.spi.ConnectionFactory', 'org.springframework.r2dbc.connection.init.DatabasePopulator' (OnClassCondition)

   R2dbcRepositoriesAutoConfiguration:
      Did not match:
         - @ConditionalOnClass did not find required class 'io.r2dbc.spi.ConnectionFactory' (OnClassCondition)

   R2dbcTransactionManagerAutoConfiguration:
      Did not match:
         - @ConditionalOnClass did not find required class 'org.springframework.r2dbc.connection.R2dbcTransactionManager' (OnClassCondition)

   RSocketGraphQlClientAutoConfiguration:
      Did not match:
         - @ConditionalOnClass did not find required class 'graphql.GraphQL' (OnClassCondition)

   RSocketMessagingAutoConfiguration:
      Did not match:
         - @ConditionalOnClass did not find required class 'io.rsocket.RSocket' (OnClassCondition)

   RSocketRequesterAutoConfiguration:
      Did not match:
         - @ConditionalOnClass did not find required class 'io.rsocket.RSocket' (OnClassCondition)

   RSocketSecurityAutoConfiguration:
      Did not match:
         - @ConditionalOnClass did not find required class 'org.springframework.security.rsocket.core.SecuritySocketAcceptorInterceptor' (OnClassCondition)

   RSocketServerAutoConfiguration:
      Did not match:
         - @ConditionalOnClass did not find required class 'io.rsocket.core.RSocketServer' (OnClassCondition)

   RSocketStrategiesAutoConfiguration:
      Did not match:
         - @ConditionalOnClass did not find required class 'io.netty.buffer.PooledByteBufAllocator' (OnClassCondition)

   RabbitAutoConfiguration:
      Did not match:
         - @ConditionalOnClass did not find required class 'com.rabbitmq.client.Channel' (OnClassCondition)

   ReactiveElasticsearchRepositoriesAutoConfiguration:
      Did not match:
         - @ConditionalOnClass did not find required class 'org.springframework.data.elasticsearch.client.reactive.ReactiveElasticsearchClient' (OnClassCondition)

   ReactiveElasticsearchRestClientAutoConfiguration:
      Did not match:
         - @ConditionalOnClass did not find required class 'reactor.netty.http.client.HttpClient' (OnClassCondition)

   ReactiveMultipartAutoConfiguration:
      Did not match:
         - @ConditionalOnClass did not find required class 'org.springframework.web.reactive.config.WebFluxConfigurer' (OnClassCondition)

   ReactiveOAuth2ClientAutoConfiguration:
      Did not match:
         - @ConditionalOnClass did not find required class 'reactor.core.publisher.Flux' (OnClassCondition)

   ReactiveOAuth2ResourceServerAutoConfiguration:
      Did not match:
         - @ConditionalOnClass did not find required class 'org.springframework.security.config.annotation.web.reactive.EnableWebFluxSecurity' (OnClassCondition)

   ReactiveSecurityAutoConfiguration:
      Did not match:
         - @ConditionalOnClass did not find required class 'reactor.core.publisher.Flux' (OnClassCondition)

   ReactiveUserDetailsServiceAutoConfiguration:
      Did not match:
         - @ConditionalOnClass did not find required class 'org.springframework.security.authentication.ReactiveAuthenticationManager' (OnClassCondition)

   ReactiveWebServerFactoryAutoConfiguration:
      Did not match:
         - @ConditionalOnWebApplication did not find reactive web application classes (OnWebApplicationCondition)

   RedisAutoConfiguration:
      Did not match:
         - @ConditionalOnClass did not find required class 'org.springframework.data.redis.core.RedisOperations' (OnClassCondition)

   RedisCacheConfiguration:
      Did not match:
         - @ConditionalOnClass did not find required class 'org.springframework.data.redis.connection.RedisConnectionFactory' (OnClassCondition)

   RedisReactiveAutoConfiguration:
      Did not match:
         - @ConditionalOnClass did not find required class 'reactor.core.publisher.Flux' (OnClassCondition)

   RedisRepositoriesAutoConfiguration:
      Did not match:
         - @ConditionalOnClass did not find required class 'org.springframework.data.redis.repository.configuration.EnableRedisRepositories' (OnClassCondition)

   RepositoryRestMvcAutoConfiguration:
      Did not match:
         - @ConditionalOnClass did not find required class 'org.springframework.data.rest.webmvc.config.RepositoryRestMvcConfiguration' (OnClassCondition)

   Saml2RelyingPartyAutoConfiguration:
      Did not match:
         - @ConditionalOnClass did not find required class 'org.springframework.security.saml2.provider.service.registration.RelyingPartyRegistrationRepository' (OnClassCondition)

   SecurityAutoConfiguration:
      Did not match:
         - @ConditionalOnClass did not find required class 'org.springframework.security.authentication.DefaultAuthenticationEventPublisher' (OnClassCondition)

   SecurityFilterAutoConfiguration:
      Did not match:
         - @ConditionalOnClass did not find required class 'org.springframework.security.config.http.SessionCreationPolicy' (OnClassCondition)

   SendGridAutoConfiguration:
      Did not match:
         - @ConditionalOnClass did not find required class 'com.sendgrid.SendGrid' (OnClassCondition)

   ServletWebServerFactoryAutoConfiguration.ForwardedHeaderFilterConfiguration:
      Did not match:
         - @ConditionalOnProperty (server.forward-headers-strategy=framework) did not find property 'server.forward-headers-strategy' (OnPropertyCondition)

   ServletWebServerFactoryConfiguration.EmbeddedJetty:
      Did not match:
         - @ConditionalOnClass did not find required classes 'org.eclipse.jetty.server.Server', 'org.eclipse.jetty.util.Loader', 'org.eclipse.jetty.webapp.WebAppContext' (OnClassCondition)

   ServletWebServerFactoryConfiguration.EmbeddedUndertow:
      Did not match:
         - @ConditionalOnClass did not find required classes 'io.undertow.Undertow', 'org.xnio.SslClientAuthMode' (OnClassCondition)

   SessionAutoConfiguration:
      Did not match:
         - @ConditionalOnClass did not find required class 'org.springframework.session.Session' (OnClassCondition)

   SolrAutoConfiguration:
      Did not match:
         - @ConditionalOnClass did not find required class 'org.apache.solr.client.solrj.impl.CloudSolrClient' (OnClassCondition)

   SpringApplicationAdminJmxAutoConfiguration:
      Did not match:
         - @ConditionalOnProperty (spring.application.admin.enabled=true) did not find property 'enabled' (OnPropertyCondition)

   SpringDataWebAutoConfiguration:
      Did not match:
         - @ConditionalOnClass did not find required class 'org.springframework.data.web.PageableHandlerMethodArgumentResolver' (OnClassCondition)

   SpringDocConfiguration#propertiesResolverForSchema:
      Did not match:
         - @ConditionalOnProperty (springdoc.api-docs.resolve-schema-properties) did not find property 'springdoc.api-docs.resolve-schema-properties' (OnPropertyCondition)

   SpringDocConfiguration#propertyCustomizingConverter:
      Did not match:
         - @ConditionalOnBean (types: org.springdoc.core.customizers.PropertyCustomizer; SearchStrategy: all) did not find any beans of type org.springdoc.core.customizers.PropertyCustomizer (OnBeanCondition)

   SpringDocConfiguration#springdocBeanFactoryPostProcessor:
      Did not match:
         - AnyNestedCondition 0 matched 2 did not; NestedCondition on CacheOrGroupedOpenApiCondition.OnCacheDisabled found non-matching nested conditions @ConditionalOnProperty (springdoc.cache.disabled) did not find property 'springdoc.cache.disabled'; NestedCondition on CacheOrGroupedOpenApiCondition.OnMultipleOpenApiSupportCondition AnyNestedCondition 0 matched 2 did not; NestedCondition on MultipleOpenApiSupportCondition.OnActuatorDifferentPort @ConditionalOnProperty (springdoc.show-actuator) did not find property 'springdoc.show-actuator'; NestedCondition on MultipleOpenApiSupportCondition.OnMultipleOpenApiSupportCondition AnyNestedCondition 0 matched 2 did not; NestedCondition on MultipleOpenApiGroupsCondition.OnGroupConfigProperty @ConditionalOnProperty (springdoc.group-configs[0].group) did not find property 'springdoc.group-configs[0].group'; NestedCondition on MultipleOpenApiGroupsCondition.OnGroupedOpenApiBean @ConditionalOnBean (types: org.springdoc.core.GroupedOpenApi; SearchStrategy: all) did not find any beans of type org.springdoc.core.GroupedOpenApi (CacheOrGroupedOpenApiCondition)
      Matched:
         - @ConditionalOnClass found required class 'org.springframework.boot.context.properties.bind.BindResult' (OnClassCondition)

   SpringDocConfiguration#springdocBeanFactoryPostProcessor2:
      Did not match:
         - @ConditionalOnMissingClass found unwanted class 'org.springframework.boot.context.properties.bind.BindResult' (OnClassCondition)

   SpringDocConfiguration.SpringDocActuatorConfiguration:
      Did not match:
         - @ConditionalOnClass did not find required class 'org.springframework.boot.actuate.autoconfigure.endpoint.web.WebEndpointProperties' (OnClassCondition)

   SpringDocConfiguration.SpringDocFunctionCatalogConfiguration:
      Did not match:
         - @ConditionalOnClass did not find required class 'org.springframework.cloud.function.web.function.FunctionEndpointInitializer' (OnClassCondition)

   SpringDocConfiguration.SpringDocPageableConfiguration:
      Did not match:
         - @ConditionalOnClass did not find required class 'org.springframework.data.domain.Pageable' (OnClassCondition)

   SpringDocConfiguration.SpringDocRepositoryRestConfiguration:
      Did not match:
         - @ConditionalOnClass did not find required class 'org.springframework.data.rest.core.config.RepositoryRestConfiguration' (OnClassCondition)

   SpringDocConfiguration.SpringDocSortConfiguration:
      Did not match:
         - @ConditionalOnClass did not find required class 'org.springframework.data.domain.Sort' (OnClassCondition)

   SpringDocConfiguration.SpringDocWebFluxSupportConfiguration:
      Did not match:
         - @ConditionalOnClass did not find required class 'reactor.core.publisher.Flux' (OnClassCondition)

   SpringDocWebMvcConfiguration.SpringDocWebMvcActuatorConfiguration:
      Did not match:
         - @ConditionalOnClass did not find required class 'org.springframework.boot.actuate.endpoint.web.servlet.WebMvcEndpointHandlerMapping' (OnClassCondition)

   SwaggerConfig#springWebProvider:
      Did not match:
         - @ConditionalOnMissingBean (types: org.springdoc.core.providers.SpringWebProvider; SearchStrategy: all) found beans of type 'org.springdoc.core.providers.SpringWebProvider' springWebProvider (OnBeanCondition)

   SwaggerConfig#swaggerUiConfigParameters:
      Did not match:
         - @ConditionalOnMissingBean (types: org.springdoc.core.SwaggerUiConfigParameters; SearchStrategy: all) found beans of type 'org.springdoc.core.SwaggerUiConfigParameters' org.springdoc.core.SwaggerUiConfigParameters (OnBeanCondition)

   SwaggerConfig#swaggerUiHome:
      Did not match:
         - @ConditionalOnProperty (springdoc.swagger-ui.use-root-path=true) did not find property 'springdoc.swagger-ui.use-root-path' (OnPropertyCondition)

   SwaggerConfig.SwaggerActuatorWelcomeConfiguration:
      Did not match:
         - @ConditionalOnClass did not find required class 'org.springframework.boot.actuate.endpoint.web.servlet.WebMvcEndpointHandlerMapping' (OnClassCondition)

   TaskSchedulingAutoConfiguration#scheduledBeanLazyInitializationExcludeFilter:
      Did not match:
         - @ConditionalOnBean (names: org.springframework.context.annotation.internalScheduledAnnotationProcessor; SearchStrategy: all) did not find any beans named org.springframework.context.annotation.internalScheduledAnnotationProcessor (OnBeanCondition)

   TaskSchedulingAutoConfiguration#taskScheduler:
      Did not match:
         - @ConditionalOnBean (names: org.springframework.context.annotation.internalScheduledAnnotationProcessor; SearchStrategy: all) did not find any beans named org.springframework.context.annotation.internalScheduledAnnotationProcessor (OnBeanCondition)

   ThymeleafAutoConfiguration:
      Did not match:
         - @ConditionalOnClass did not find required class 'org.thymeleaf.spring5.SpringTemplateEngine' (OnClassCondition)

   TransactionAutoConfiguration#transactionalOperator:
      Did not match:
         - @ConditionalOnSingleCandidate (types: org.springframework.transaction.ReactiveTransactionManager; SearchStrategy: all) did not find any beans (OnBeanCondition)

   TransactionAutoConfiguration.AspectJTransactionManagementConfiguration:
      Did not match:
         - @ConditionalOnBean did not find required type 'org.springframework.transaction.aspectj.AbstractTransactionAspect' (OnBeanCondition)
         - @ConditionalOnBean (types: org.springframework.transaction.aspectj.AbstractTransactionAspect; SearchStrategy: all) did not find any beans of type org.springframework.transaction.aspectj.AbstractTransactionAspect (OnBeanCondition)

   TransactionAutoConfiguration.EnableTransactionManagementConfiguration.JdkDynamicAutoProxyConfiguration:
      Did not match:
         - @ConditionalOnProperty (spring.aop.proxy-target-class=false) did not find property 'proxy-target-class' (OnPropertyCondition)

   UserDetailsServiceAutoConfiguration:
      Did not match:
         - @ConditionalOnClass did not find required class 'org.springframework.security.authentication.AuthenticationManager' (OnClassCondition)

   WebClientAutoConfiguration:
      Did not match:
         - @ConditionalOnClass did not find required class 'org.springframework.web.reactive.function.client.WebClient' (OnClassCondition)

   WebFluxAutoConfiguration:
      Did not match:
         - @ConditionalOnClass did not find required class 'org.springframework.web.reactive.config.WebFluxConfigurer' (OnClassCondition)

   WebMvcAutoConfiguration#hiddenHttpMethodFilter:
      Did not match:
         - @ConditionalOnProperty (spring.mvc.hiddenmethod.filter.enabled) did not find property 'enabled' (OnPropertyCondition)

   WebMvcAutoConfiguration.ResourceChainCustomizerConfiguration:
      Did not match:
         - @ConditionalOnEnabledResourceChain did not find class org.webjars.WebJarAssetLocator (OnEnabledResourceChainCondition)

   WebMvcAutoConfiguration.WebMvcAutoConfigurationAdapter#beanNameViewResolver:
      Did not match:
         - @ConditionalOnMissingBean (types: org.springframework.web.servlet.view.BeanNameViewResolver; SearchStrategy: all) found beans of type 'org.springframework.web.servlet.view.BeanNameViewResolver' beanNameViewResolver (OnBeanCondition)

   WebServiceTemplateAutoConfiguration:
      Did not match:
         - @ConditionalOnClass did not find required class 'org.springframework.oxm.Marshaller' (OnClassCondition)

   WebServicesAutoConfiguration:
      Did not match:
         - @ConditionalOnClass did not find required class 'org.springframework.ws.transport.http.MessageDispatcherServlet' (OnClassCondition)

   WebSessionIdResolverAutoConfiguration:
      Did not match:
         - @ConditionalOnClass did not find required class 'reactor.core.publisher.Mono' (OnClassCondition)

   WebSocketMessagingAutoConfiguration:
      Did not match:
         - @ConditionalOnClass did not find required class 'org.springframework.web.socket.config.annotation.WebSocketMessageBrokerConfigurer' (OnClassCondition)

   WebSocketReactiveAutoConfiguration:
      Did not match:
         - @ConditionalOnWebApplication did not find reactive web application classes (OnWebApplicationCondition)

   WebSocketServletAutoConfiguration.Jetty10WebSocketConfiguration:
      Did not match:
         - @ConditionalOnClass did not find required classes 'org.eclipse.jetty.websocket.javax.server.internal.JavaxWebSocketServerContainer', 'org.eclipse.jetty.websocket.server.JettyWebSocketServerContainer' (OnClassCondition)

   WebSocketServletAutoConfiguration.JettyWebSocketConfiguration:
      Did not match:
         - @ConditionalOnClass did not find required class 'org.eclipse.jetty.websocket.jsr356.server.deploy.WebSocketServerContainerInitializer' (OnClassCondition)

   WebSocketServletAutoConfiguration.UndertowWebSocketConfiguration:
      Did not match:
         - @ConditionalOnClass did not find required class 'io.undertow.websockets.jsr.Bootstrap' (OnClassCondition)

   XADataSourceAutoConfiguration:
      Did not match:
         - @ConditionalOnClass did not find required class 'javax.transaction.TransactionManager' (OnClassCondition)


Exclusions:
-----------

    None


Unconditional classes:
----------------------

    org.springframework.boot.autoconfigure.context.ConfigurationPropertiesAutoConfiguration

    org.springframework.boot.autoconfigure.context.LifecycleAutoConfiguration

    org.springframework.boot.autoconfigure.context.PropertyPlaceholderAutoConfiguration

    org.springframework.boot.autoconfigure.availability.ApplicationAvailabilityAutoConfiguration

    org.springframework.boot.autoconfigure.info.ProjectInfoAutoConfiguration



2026-07-01 11:31:09.595  INFO 18072 --- [           main] c.e.T.TigoStarSystemApplication          : Started TigoStarSystemApplication in 4.028 seconds (JVM running for 4.499)
2026-07-01 11:31:09.596 DEBUG 18072 --- [           main] o.s.b.a.ApplicationAvailabilityBean      : Application availability state LivenessState changed to CORRECT
2026-07-01 11:31:09.597  INFO 18072 --- [           main] c.e.T.config.StartupInfoLogger           : spring.profiles.active=[jtds]
2026-07-01 11:31:09.598  INFO 18072 --- [           main] c.e.T.config.StartupInfoLogger           : spring.datasource.url=jdbc:jtds:sqlserver://tigo.makiro.com.bo/BDSistemaAntenaPM
2026-07-01 11:31:09.598  INFO 18072 --- [           main] c.e.T.config.StartupInfoLogger           : spring.datasource.driver-class-name=net.sourceforge.jtds.jdbc.Driver
2026-07-01 11:31:09.599  INFO 18072 --- [           main] c.e.T.config.StartupInfoLogger           : app.central.datasource.url=jdbc:jtds:sqlserver://172.16.0.13/BDControlOrdenes
2026-07-01 11:31:09.600  INFO 18072 --- [           main] c.e.T.config.StartupInfoLogger           : app.central.datasource.driver-class-name=net.sourceforge.jtds.jdbc.Driver
2026-07-01 11:31:09.600  INFO 18072 --- [           main] c.e.T.config.StartupInfoLogger           : app.cuadrilla.mail.enabled=true
2026-07-01 11:31:09.601  INFO 18072 --- [           main] c.e.T.config.StartupInfoLogger           : app.cuadrilla.mail.to=cabrerajosue715@gmail.com
2026-07-01 11:31:09.601  INFO 18072 --- [           main] c.e.T.config.StartupInfoLogger           : app.cuadrilla.mail.from=sistemas_sc@makiro.com.bo
2026-07-01 11:31:09.602  INFO 18072 --- [           main] c.e.T.config.StartupInfoLogger           : spring.mail.host=vps-1537170-x.dattaweb.com
2026-07-01 11:31:09.603  INFO 18072 --- [           main] c.e.T.config.StartupInfoLogger           : spring.mail.port=587
2026-07-01 11:31:09.603  INFO 18072 --- [           main] c.e.T.config.StartupInfoLogger           : java.version=21.0.2
2026-07-01 11:31:09.606  INFO 18072 --- [           main] c.e.T.config.StartupInfoLogger           : java.home=D:\Instaladores\Java\openjdk\jdk-21.0.2
2026-07-01 11:31:09.606  INFO 18072 --- [           main] c.e.T.config.StartupInfoLogger           : java.security.properties=null
2026-07-01 11:31:09.607  INFO 18072 --- [           main] c.e.T.config.StartupInfoLogger           : jdk.tls.client.protocols=null
2026-07-01 11:31:09.608  INFO 18072 --- [           main] c.e.T.config.StartupInfoLogger           : https.protocols=null
2026-07-01 11:31:09.608  INFO 18072 --- [           main] c.e.T.config.StartupInfoLogger           : jdk.tls.disabledAlgorithms=SSLv3, TLSv1.1, DTLSv1.0, RC4, DES, MD5withRSA, DH keySize < 1024, EC keySize < 224, 3DES_EDE_CBC, anon, NULL, ECDH
2026-07-01 11:31:09.610 DEBUG 18072 --- [           main] o.s.b.a.ApplicationAvailabilityBean      : Application availability state ReadinessState changed to ACCEPTING_TRAFFIC
2026-07-01 11:31:13.216  INFO 18072 --- [nio-9060-exec-1] o.a.c.c.C.[Tomcat].[localhost].[/]       : Initializing Spring DispatcherServlet 'dispatcherServlet'
2026-07-01 11:31:13.218  INFO 18072 --- [nio-9060-exec-1] o.s.web.servlet.DispatcherServlet        : Initializing Servlet 'dispatcherServlet'
2026-07-01 11:31:13.220 DEBUG 18072 --- [nio-9060-exec-1] o.s.web.servlet.DispatcherServlet        : Detected StandardServletMultipartResolver
2026-07-01 11:31:13.220 DEBUG 18072 --- [nio-9060-exec-1] o.s.web.servlet.DispatcherServlet        : Detected AcceptHeaderLocaleResolver
2026-07-01 11:31:13.221 DEBUG 18072 --- [nio-9060-exec-1] o.s.web.servlet.DispatcherServlet        : Detected FixedThemeResolver
2026-07-01 11:31:13.222 DEBUG 18072 --- [nio-9060-exec-1] o.s.web.servlet.DispatcherServlet        : Detected org.springframework.web.servlet.view.DefaultRequestToViewNameTranslator@15983e48
2026-07-01 11:31:13.223 DEBUG 18072 --- [nio-9060-exec-1] o.s.web.servlet.DispatcherServlet        : Detected org.springframework.web.servlet.support.SessionFlashMapManager@62ff6382
2026-07-01 11:31:13.223 DEBUG 18072 --- [nio-9060-exec-1] o.s.web.servlet.DispatcherServlet        : enableLoggingRequestDetails='false': request parameters and headers will be masked to prevent unsafe logging of potentially sensitive data
2026-07-01 11:31:13.224  INFO 18072 --- [nio-9060-exec-1] o.s.web.servlet.DispatcherServlet        : Completed initialization in 4 ms
2026-07-01 11:31:13.239 DEBUG 18072 --- [nio-9060-exec-1] o.s.web.servlet.DispatcherServlet        : GET "/api-docs", parameters={}
2026-07-01 11:31:13.247 DEBUG 18072 --- [nio-9060-exec-1] s.w.s.m.m.a.RequestMappingHandlerMapping : Mapped to org.springdoc.webmvc.api.OpenApiWebMvcResource#openapiJson(HttpServletRequest, String, Locale)
2026-07-01 11:31:14.563  INFO 18072 --- [nio-9060-exec-1] o.springdoc.api.AbstractOpenApiResource  : Init duration for springdoc-openapi is: 1289 ms
2026-07-01 11:31:14.614 DEBUG 18072 --- [nio-9060-exec-1] m.m.a.RequestResponseBodyMethodProcessor : Using 'application/json', given [*/*] and supported [application/json]
2026-07-01 11:31:14.629 DEBUG 18072 --- [nio-9060-exec-1] m.m.a.RequestResponseBodyMethodProcessor : Writing [{123, 34, 111, 112, 101, 110, 97, 112, 105, 34, 58, 34, 51, 46, 48, 46, 49, 34, 44, 34, 105, 110, 10 (truncated)...]
2026-07-01 11:31:14.637 DEBUG 18072 --- [nio-9060-exec-1] o.s.web.servlet.DispatcherServlet        : Completed 200 OK
2026-07-01 11:31:38.665 DEBUG 18072 --- [ool housekeeper] com.zaxxer.hikari.pool.HikariPool        : CentralHikariPool - Before cleanup stats (total=0, active=0, idle=0, waiting=0)
2026-07-01 11:31:38.667 DEBUG 18072 --- [ool housekeeper] com.zaxxer.hikari.pool.HikariPool        : CentralHikariPool - After cleanup  stats (total=0, active=0, idle=0, waiting=0)
2026-07-01 11:31:38.668 DEBUG 18072 --- [ool housekeeper] com.zaxxer.hikari.pool.HikariPool        : CentralHikariPool - Fill pool skipped, pool is at sufficient level.
2026-07-01 11:31:38.726 DEBUG 18072 --- [ool housekeeper] com.zaxxer.hikari.pool.HikariPool        : TigoHogarHikariPool - Before cleanup stats (total=0, active=0, idle=0, waiting=0)
2026-07-01 11:31:38.727 DEBUG 18072 --- [ool housekeeper] com.zaxxer.hikari.pool.HikariPool        : TigoHogarHikariPool - After cleanup  stats (total=0, active=0, idle=0, waiting=0)
2026-07-01 11:31:38.728 DEBUG 18072 --- [ool housekeeper] com.zaxxer.hikari.pool.HikariPool        : TigoHogarHikariPool - Fill pool skipped, pool is at sufficient level.
2026-07-01 11:32:08.682 DEBUG 18072 --- [ool housekeeper] com.zaxxer.hikari.pool.HikariPool        : CentralHikariPool - Before cleanup stats (total=0, active=0, idle=0, waiting=0)
2026-07-01 11:32:08.684 DEBUG 18072 --- [ool housekeeper] com.zaxxer.hikari.pool.HikariPool        : CentralHikariPool - After cleanup  stats (total=0, active=0, idle=0, waiting=0)
2026-07-01 11:32:08.685 DEBUG 18072 --- [ool housekeeper] com.zaxxer.hikari.pool.HikariPool        : CentralHikariPool - Fill pool skipped, pool is at sufficient level.
2026-07-01 11:32:08.744 DEBUG 18072 --- [ool housekeeper] com.zaxxer.hikari.pool.HikariPool        : TigoHogarHikariPool - Before cleanup stats (total=0, active=0, idle=0, waiting=0)
2026-07-01 11:32:08.745 DEBUG 18072 --- [ool housekeeper] com.zaxxer.hikari.pool.HikariPool        : TigoHogarHikariPool - After cleanup  stats (total=0, active=0, idle=0, waiting=0)
2026-07-01 11:32:08.746 DEBUG 18072 --- [ool housekeeper] com.zaxxer.hikari.pool.HikariPool        : TigoHogarHikariPool - Fill pool skipped, pool is at sufficient level.
2026-07-01 11:32:29.129 DEBUG 18072 --- [nio-9060-exec-3] o.s.web.servlet.DispatcherServlet        : GET "/tecnico/inicio-jornada/cierre-estado", parameters={}
2026-07-01 11:32:29.130 DEBUG 18072 --- [nio-9060-exec-2] o.s.web.servlet.DispatcherServlet        : GET "/tecnico/inicio-jornada/estado?sucursal=Tarija", parameters={masked}
2026-07-01 11:32:29.130 DEBUG 18072 --- [nio-9060-exec-3] s.w.s.m.m.a.RequestMappingHandlerMapping : Mapped to com.example.TigoStarSystem.tecnicoiniciojornada.controller.TecnicoInicioJornadaController#estadoCierre(String)
2026-07-01 11:32:29.131 DEBUG 18072 --- [nio-9060-exec-2] s.w.s.m.m.a.RequestMappingHandlerMapping : Mapped to com.example.TigoStarSystem.tecnicoiniciojornada.controller.TecnicoInicioJornadaController#estado(String, String)
2026-07-01 11:32:29.215 DEBUG 18072 --- [nio-9060-exec-2] o.s.jdbc.core.JdbcTemplate               : Executing prepared SQL query
2026-07-01 11:32:29.215 DEBUG 18072 --- [nio-9060-exec-3] o.s.jdbc.core.JdbcTemplate               : Executing prepared SQL query
2026-07-01 11:32:29.217 DEBUG 18072 --- [nio-9060-exec-3] o.s.jdbc.core.JdbcTemplate               : Executing prepared SQL statement [EXEC dbo.SP_InicioJornada_MarcarNoCierreAtrasado ?]
2026-07-01 11:32:29.217 DEBUG 18072 --- [nio-9060-exec-2] o.s.jdbc.core.JdbcTemplate               : Executing prepared SQL statement [EXEC dbo.SP_InicioJornada_MarcarNoCierreAtrasado ?]
2026-07-01 11:32:29.233 DEBUG 18072 --- [nio-9060-exec-3] o.s.jdbc.datasource.DataSourceUtils      : Fetching JDBC Connection from DataSource
2026-07-01 11:32:29.233 DEBUG 18072 --- [nio-9060-exec-2] o.s.jdbc.datasource.DataSourceUtils      : Fetching JDBC Connection from DataSource
2026-07-01 11:32:29.444  INFO 18072 --- [onnection adder] com.zaxxer.hikari.pool.PoolBase          : TigoHogarHikariPool - Driver does not support get/set network timeout for connections. (null)
2026-07-01 11:32:29.450 DEBUG 18072 --- [onnection adder] com.zaxxer.hikari.pool.HikariPool        : TigoHogarHikariPool - Added connection net.sourceforge.jtds.jdbc.JtdsConnection@6530cf
2026-07-01 11:32:29.468 DEBUG 18072 --- [onnection adder] com.zaxxer.hikari.pool.HikariPool        : TigoHogarHikariPool - Added connection net.sourceforge.jtds.jdbc.JtdsConnection@11f8b2b0
2026-07-01 11:32:29.512 DEBUG 18072 --- [nio-9060-exec-2] o.s.jdbc.core.JdbcTemplate               : Executing prepared SQL query
2026-07-01 11:32:29.512 DEBUG 18072 --- [nio-9060-exec-2] o.s.jdbc.core.JdbcTemplate               : Executing prepared SQL statement [SELECT TOP 1 id_inicio, id_tecnico, fecha_registro, fecha_cierre, pendiente, no_marco_cierre FROM dbo.tbl_InicioJornadaAlturas WHERE id_tecnico = ?   AND CAST(fecha_registro AS DATE) = CAST(DATEADD(DAY, -1, GETDATE()) AS DATE)   AND fecha_cierre IS NULL   AND ISNULL(e_eliminado, 0) = 0   AND ISNULL(no_marco_cierre, 0) = 1 ORDER BY fecha_registro DESC, id_inicio DESC]
2026-07-01 11:32:29.512 DEBUG 18072 --- [nio-9060-exec-3] o.s.jdbc.core.JdbcTemplate               : Executing prepared SQL query
2026-07-01 11:32:29.513 DEBUG 18072 --- [nio-9060-exec-2] o.s.jdbc.datasource.DataSourceUtils      : Fetching JDBC Connection from DataSource
2026-07-01 11:32:29.514 DEBUG 18072 --- [nio-9060-exec-3] o.s.jdbc.core.JdbcTemplate               : Executing prepared SQL statement [SELECT TOP 1 id_inicio, id_tecnico, fecha_registro, fecha_cierre, pendiente, no_marco_cierre FROM dbo.tbl_InicioJornadaAlturas WHERE id_tecnico = ?   AND CAST(fecha_registro AS DATE) = CAST(DATEADD(DAY, -1, GETDATE()) AS DATE)   AND fecha_cierre IS NULL   AND ISNULL(e_eliminado, 0) = 0   AND ISNULL(no_marco_cierre, 0) = 1 ORDER BY fecha_registro DESC, id_inicio DESC]
2026-07-01 11:32:29.515 DEBUG 18072 --- [nio-9060-exec-3] o.s.jdbc.datasource.DataSourceUtils      : Fetching JDBC Connection from DataSource
2026-07-01 11:32:29.519 DEBUG 18072 --- [nio-9060-exec-2] o.s.jdbc.core.JdbcTemplate               : Executing prepared SQL query
2026-07-01 11:32:29.519 DEBUG 18072 --- [nio-9060-exec-3] o.s.jdbc.core.JdbcTemplate               : Executing prepared SQL query
2026-07-01 11:32:29.520 DEBUG 18072 --- [nio-9060-exec-3] o.s.jdbc.core.JdbcTemplate               : Executing prepared SQL statement [EXEC dbo.SP_InicioJornada_EstadoCierreHoy ?]
2026-07-01 11:32:29.520 DEBUG 18072 --- [nio-9060-exec-2] o.s.jdbc.core.JdbcTemplate               : Executing prepared SQL statement [EXEC dbo.SP_InicioJornada_ExisteRegistroHoy ?]
2026-07-01 11:32:29.522 DEBUG 18072 --- [nio-9060-exec-3] o.s.jdbc.datasource.DataSourceUtils      : Fetching JDBC Connection from DataSource
2026-07-01 11:32:29.523 DEBUG 18072 --- [nio-9060-exec-2] o.s.jdbc.datasource.DataSourceUtils      : Fetching JDBC Connection from DataSource
2026-07-01 11:32:29.535 DEBUG 18072 --- [nio-9060-exec-3] o.s.jdbc.core.JdbcTemplate               : Executing prepared SQL query
2026-07-01 11:32:29.536 DEBUG 18072 --- [nio-9060-exec-3] o.s.jdbc.core.JdbcTemplate               : Executing prepared SQL statement [EXEC dbo.SP_InicioJornada_CountNoMarco ?]
2026-07-01 11:32:29.537 DEBUG 18072 --- [nio-9060-exec-3] o.s.jdbc.datasource.DataSourceUtils      : Fetching JDBC Connection from DataSource
2026-07-01 11:32:29.566 DEBUG 18072 --- [nio-9060-exec-2] o.s.jdbc.core.JdbcTemplate               : Executing SQL query [EXEC dbo.spx_ObtenerSucursalesConexionWeb]
2026-07-01 11:32:29.570 DEBUG 18072 --- [nio-9060-exec-2] o.s.jdbc.datasource.DataSourceUtils      : Fetching JDBC Connection from DataSource
2026-07-01 11:32:29.570 DEBUG 18072 --- [nio-9060-exec-2] com.zaxxer.hikari.HikariConfig           : HikariPool-1 - configuration:
2026-07-01 11:32:29.573 DEBUG 18072 --- [nio-9060-exec-2] com.zaxxer.hikari.HikariConfig           : allowPoolSuspension................................false
2026-07-01 11:32:29.574 DEBUG 18072 --- [nio-9060-exec-2] com.zaxxer.hikari.HikariConfig           : autoCommit................................true
2026-07-01 11:32:29.574 DEBUG 18072 --- [nio-9060-exec-2] com.zaxxer.hikari.HikariConfig           : catalog................................none
2026-07-01 11:32:29.574 DEBUG 18072 --- [nio-9060-exec-3] o.s.w.s.m.m.a.HttpEntityMethodProcessor  : Using 'application/json', given [application/json, text/plain, */*] and supported [application/json, application/*+json, application/json, application/*+json]
2026-07-01 11:32:29.574 DEBUG 18072 --- [nio-9060-exec-2] com.zaxxer.hikari.HikariConfig           : connectionInitSql................................none
2026-07-01 11:32:29.576 DEBUG 18072 --- [nio-9060-exec-3] o.s.w.s.m.m.a.HttpEntityMethodProcessor  : Writing [com.example.TigoStarSystem.common.ApiResponse@6c3325fe]
2026-07-01 11:32:29.577 DEBUG 18072 --- [nio-9060-exec-2] com.zaxxer.hikari.HikariConfig           : connectionTestQuery................................"SELECT 1"
2026-07-01 11:32:29.578 DEBUG 18072 --- [nio-9060-exec-2] com.zaxxer.hikari.HikariConfig           : connectionTimeout................................15000
2026-07-01 11:32:29.579 DEBUG 18072 --- [nio-9060-exec-2] com.zaxxer.hikari.HikariConfig           : dataSource................................none
2026-07-01 11:32:29.579 DEBUG 18072 --- [nio-9060-exec-2] com.zaxxer.hikari.HikariConfig           : dataSourceClassName................................none
2026-07-01 11:32:29.580 DEBUG 18072 --- [nio-9060-exec-2] com.zaxxer.hikari.HikariConfig           : dataSourceJNDI................................none
2026-07-01 11:32:29.580 DEBUG 18072 --- [nio-9060-exec-2] com.zaxxer.hikari.HikariConfig           : dataSourceProperties................................{password=<masked>}
2026-07-01 11:32:29.581 DEBUG 18072 --- [nio-9060-exec-2] com.zaxxer.hikari.HikariConfig           : driverClassName................................"net.sourceforge.jtds.jdbc.Driver"
2026-07-01 11:32:29.582 DEBUG 18072 --- [nio-9060-exec-2] com.zaxxer.hikari.HikariConfig           : exceptionOverrideClassName................................none
2026-07-01 11:32:29.584 DEBUG 18072 --- [nio-9060-exec-2] com.zaxxer.hikari.HikariConfig           : healthCheckProperties................................{}
2026-07-01 11:32:29.585 DEBUG 18072 --- [nio-9060-exec-2] com.zaxxer.hikari.HikariConfig           : healthCheckRegistry................................none
2026-07-01 11:32:29.585 DEBUG 18072 --- [nio-9060-exec-2] com.zaxxer.hikari.HikariConfig           : idleTimeout................................300000
2026-07-01 11:32:29.587 DEBUG 18072 --- [nio-9060-exec-2] com.zaxxer.hikari.HikariConfig           : initializationFailTimeout................................-1
2026-07-01 11:32:29.587 DEBUG 18072 --- [nio-9060-exec-2] com.zaxxer.hikari.HikariConfig           : isolateInternalQueries................................false
2026-07-01 11:32:29.587 DEBUG 18072 --- [nio-9060-exec-2] com.zaxxer.hikari.HikariConfig           : jdbcUrl................................jdbc:jtds:sqlserver://tigo.makiro.com.bo/BDSistemaAntenaPM
2026-07-01 11:32:29.587 DEBUG 18072 --- [nio-9060-exec-3] o.s.web.servlet.DispatcherServlet        : Completed 200 OK
2026-07-01 11:32:29.588 DEBUG 18072 --- [nio-9060-exec-2] com.zaxxer.hikari.HikariConfig           : keepaliveTime................................120000
2026-07-01 11:32:29.589 DEBUG 18072 --- [nio-9060-exec-2] com.zaxxer.hikari.HikariConfig           : leakDetectionThreshold................................0
2026-07-01 11:32:29.589 DEBUG 18072 --- [nio-9060-exec-2] com.zaxxer.hikari.HikariConfig           : maxLifetime................................900000
2026-07-01 11:32:29.590 DEBUG 18072 --- [nio-9060-exec-2] com.zaxxer.hikari.HikariConfig           : maximumPoolSize................................10
2026-07-01 11:32:29.592 DEBUG 18072 --- [nio-9060-exec-2] com.zaxxer.hikari.HikariConfig           : metricRegistry................................none
2026-07-01 11:32:29.593 DEBUG 18072 --- [nio-9060-exec-2] com.zaxxer.hikari.HikariConfig           : metricsTrackerFactory................................none
2026-07-01 11:32:29.594 DEBUG 18072 --- [nio-9060-exec-2] com.zaxxer.hikari.HikariConfig           : minimumIdle................................0
2026-07-01 11:32:29.595 DEBUG 18072 --- [nio-9060-exec-2] com.zaxxer.hikari.HikariConfig           : password................................<masked>
2026-07-01 11:32:29.595 DEBUG 18072 --- [nio-9060-exec-2] com.zaxxer.hikari.HikariConfig           : poolName................................"HikariPool-1"
2026-07-01 11:32:29.596 DEBUG 18072 --- [nio-9060-exec-2] com.zaxxer.hikari.HikariConfig           : readOnly................................false
2026-07-01 11:32:29.596 DEBUG 18072 --- [nio-9060-exec-2] com.zaxxer.hikari.HikariConfig           : registerMbeans................................false
2026-07-01 11:32:29.597 DEBUG 18072 --- [nio-9060-exec-2] com.zaxxer.hikari.HikariConfig           : scheduledExecutor................................none
2026-07-01 11:32:29.598 DEBUG 18072 --- [nio-9060-exec-2] com.zaxxer.hikari.HikariConfig           : schema................................none
2026-07-01 11:32:29.598 DEBUG 18072 --- [nio-9060-exec-2] com.zaxxer.hikari.HikariConfig           : threadFactory................................internal
2026-07-01 11:32:29.601 DEBUG 18072 --- [nio-9060-exec-2] com.zaxxer.hikari.HikariConfig           : transactionIsolation................................default
2026-07-01 11:32:29.601 DEBUG 18072 --- [nio-9060-exec-2] com.zaxxer.hikari.HikariConfig           : username................................"sistemas"
2026-07-01 11:32:29.602 DEBUG 18072 --- [nio-9060-exec-2] com.zaxxer.hikari.HikariConfig           : validationTimeout................................5000
2026-07-01 11:32:29.602  INFO 18072 --- [nio-9060-exec-2] com.zaxxer.hikari.HikariDataSource       : HikariPool-1 - Starting...
2026-07-01 11:32:29.603  INFO 18072 --- [nio-9060-exec-2] com.zaxxer.hikari.HikariDataSource       : HikariPool-1 - Start completed.
2026-07-01 11:32:29.613  INFO 18072 --- [onnection adder] com.zaxxer.hikari.pool.PoolBase          : HikariPool-1 - Driver does not support get/set network timeout for connections. (null)
2026-07-01 11:32:29.616 DEBUG 18072 --- [onnection adder] com.zaxxer.hikari.pool.HikariPool        : HikariPool-1 - Added connection net.sourceforge.jtds.jdbc.JtdsConnection@2ffd03c4
2026-07-01 11:32:29.625 DEBUG 18072 --- [nio-9060-exec-2] com.zaxxer.hikari.HikariConfig           : Driver class net.sourceforge.jtds.jdbc.Driver found in Thread context class loader TomcatEmbeddedWebappClassLoader
  context: ROOT
  delegate: true
----------> Parent Classloader:
org.springframework.boot.loader.LaunchedURLClassLoader@5e8c92f4

2026-07-01 11:32:29.625 DEBUG 18072 --- [nio-9060-exec-2] com.zaxxer.hikari.HikariConfig           : ConnDb-inicio-jornada-7 - configuration:
2026-07-01 11:32:29.626 DEBUG 18072 --- [nio-9060-exec-2] com.zaxxer.hikari.HikariConfig           : allowPoolSuspension................................false
2026-07-01 11:32:29.627 DEBUG 18072 --- [nio-9060-exec-2] com.zaxxer.hikari.HikariConfig           : autoCommit................................true
2026-07-01 11:32:29.627 DEBUG 18072 --- [nio-9060-exec-2] com.zaxxer.hikari.HikariConfig           : catalog................................none
2026-07-01 11:32:29.628 DEBUG 18072 --- [nio-9060-exec-2] com.zaxxer.hikari.HikariConfig           : connectionInitSql................................none
2026-07-01 11:32:29.629 DEBUG 18072 --- [nio-9060-exec-2] com.zaxxer.hikari.HikariConfig           : connectionTestQuery................................"SELECT 1"
2026-07-01 11:32:29.629 DEBUG 18072 --- [nio-9060-exec-2] com.zaxxer.hikari.HikariConfig           : connectionTimeout................................30000
2026-07-01 11:32:29.630 DEBUG 18072 --- [nio-9060-exec-2] com.zaxxer.hikari.HikariConfig           : dataSource................................none
2026-07-01 11:32:29.630 DEBUG 18072 --- [nio-9060-exec-2] com.zaxxer.hikari.HikariConfig           : dataSourceClassName................................none
2026-07-01 11:32:29.631 DEBUG 18072 --- [nio-9060-exec-2] com.zaxxer.hikari.HikariConfig           : dataSourceJNDI................................none
2026-07-01 11:32:29.632 DEBUG 18072 --- [nio-9060-exec-2] com.zaxxer.hikari.HikariConfig           : dataSourceProperties................................{password=<masked>}
2026-07-01 11:32:29.633 DEBUG 18072 --- [nio-9060-exec-2] com.zaxxer.hikari.HikariConfig           : driverClassName................................"net.sourceforge.jtds.jdbc.Driver"
2026-07-01 11:32:29.633 DEBUG 18072 --- [nio-9060-exec-2] com.zaxxer.hikari.HikariConfig           : exceptionOverrideClassName................................none
2026-07-01 11:32:29.635 DEBUG 18072 --- [nio-9060-exec-2] com.zaxxer.hikari.HikariConfig           : healthCheckProperties................................{}
2026-07-01 11:32:29.635 DEBUG 18072 --- [nio-9060-exec-2] com.zaxxer.hikari.HikariConfig           : healthCheckRegistry................................none
2026-07-01 11:32:29.636 DEBUG 18072 --- [nio-9060-exec-2] com.zaxxer.hikari.HikariConfig           : idleTimeout................................600000
2026-07-01 11:32:29.637 DEBUG 18072 --- [nio-9060-exec-2] com.zaxxer.hikari.HikariConfig           : initializationFailTimeout................................-1
2026-07-01 11:32:29.637 DEBUG 18072 --- [nio-9060-exec-2] com.zaxxer.hikari.HikariConfig           : isolateInternalQueries................................false
2026-07-01 11:32:29.638 DEBUG 18072 --- [nio-9060-exec-2] com.zaxxer.hikari.HikariConfig           : jdbcUrl................................jdbc:jtds:sqlserver://172.16.0.13/BDSistemaAntenaPMTarija
2026-07-01 11:32:29.639 DEBUG 18072 --- [nio-9060-exec-2] com.zaxxer.hikari.HikariConfig           : keepaliveTime................................0
2026-07-01 11:32:29.639 DEBUG 18072 --- [nio-9060-exec-2] com.zaxxer.hikari.HikariConfig           : leakDetectionThreshold................................0
2026-07-01 11:32:29.640 DEBUG 18072 --- [nio-9060-exec-2] com.zaxxer.hikari.HikariConfig           : maxLifetime................................1800000
2026-07-01 11:32:29.640 DEBUG 18072 --- [nio-9060-exec-2] com.zaxxer.hikari.HikariConfig           : maximumPoolSize................................5
2026-07-01 11:32:29.643 DEBUG 18072 --- [nio-9060-exec-2] com.zaxxer.hikari.HikariConfig           : metricRegistry................................none
2026-07-01 11:32:29.643 DEBUG 18072 --- [nio-9060-exec-2] com.zaxxer.hikari.HikariConfig           : metricsTrackerFactory................................none
2026-07-01 11:32:29.644 DEBUG 18072 --- [nio-9060-exec-2] com.zaxxer.hikari.HikariConfig           : minimumIdle................................0
2026-07-01 11:32:29.645 DEBUG 18072 --- [nio-9060-exec-2] com.zaxxer.hikari.HikariConfig           : password................................<masked>
2026-07-01 11:32:29.645 DEBUG 18072 --- [nio-9060-exec-2] com.zaxxer.hikari.HikariConfig           : poolName................................"ConnDb-inicio-jornada-7"
2026-07-01 11:32:29.646 DEBUG 18072 --- [nio-9060-exec-2] com.zaxxer.hikari.HikariConfig           : readOnly................................false
2026-07-01 11:32:29.646 DEBUG 18072 --- [nio-9060-exec-2] com.zaxxer.hikari.HikariConfig           : registerMbeans................................false
2026-07-01 11:32:29.647 DEBUG 18072 --- [nio-9060-exec-2] com.zaxxer.hikari.HikariConfig           : scheduledExecutor................................none
2026-07-01 11:32:29.648 DEBUG 18072 --- [nio-9060-exec-2] com.zaxxer.hikari.HikariConfig           : schema................................none
2026-07-01 11:32:29.648 DEBUG 18072 --- [nio-9060-exec-2] com.zaxxer.hikari.HikariConfig           : threadFactory................................internal
2026-07-01 11:32:29.649 DEBUG 18072 --- [nio-9060-exec-2] com.zaxxer.hikari.HikariConfig           : transactionIsolation................................default
2026-07-01 11:32:29.651 DEBUG 18072 --- [nio-9060-exec-2] com.zaxxer.hikari.HikariConfig           : username................................"sistemas"
2026-07-01 11:32:29.652 DEBUG 18072 --- [nio-9060-exec-2] com.zaxxer.hikari.HikariConfig           : validationTimeout................................5000
2026-07-01 11:32:29.653  INFO 18072 --- [nio-9060-exec-2] com.zaxxer.hikari.HikariDataSource       : ConnDb-inicio-jornada-7 - Starting...
2026-07-01 11:32:29.654  INFO 18072 --- [nio-9060-exec-2] com.zaxxer.hikari.HikariDataSource       : ConnDb-inicio-jornada-7 - Start completed.
2026-07-01 11:32:29.654 DEBUG 18072 --- [nio-9060-exec-2] o.s.jdbc.core.JdbcTemplate               : Executing prepared SQL query
2026-07-01 11:32:29.655 DEBUG 18072 --- [nio-9060-exec-2] o.s.jdbc.core.JdbcTemplate               : Executing prepared SQL statement [EXEC dbo.spx_Central_BuscarSupervisorPorTecnicoConformacion ?, ?, ?]
2026-07-01 11:32:29.655 DEBUG 18072 --- [nio-9060-exec-2] o.s.jdbc.datasource.DataSourceUtils      : Fetching JDBC Connection from DataSource
2026-07-01 11:32:29.668  INFO 18072 --- [onnection adder] com.zaxxer.hikari.pool.PoolBase          : CentralHikariPool - Driver does not support get/set network timeout for connections. (null)
2026-07-01 11:32:29.671 DEBUG 18072 --- [onnection adder] com.zaxxer.hikari.pool.HikariPool        : CentralHikariPool - Added connection net.sourceforge.jtds.jdbc.JtdsConnection@3ae5678d
2026-07-01 11:32:29.677 DEBUG 18072 --- [nio-9060-exec-2] o.s.jdbc.core.JdbcTemplate               : Executing prepared SQL query
2026-07-01 11:32:29.678 DEBUG 18072 --- [nio-9060-exec-2] o.s.jdbc.core.JdbcTemplate               : Executing prepared SQL statement [SELECT TOP 1 Nombre FROM dbo.tbl_Usuario WHERE Id_Usuario = ? AND ISNULL(E_Eliminado,0)=0]
2026-07-01 11:32:29.678 DEBUG 18072 --- [nio-9060-exec-2] o.s.jdbc.datasource.DataSourceUtils      : Fetching JDBC Connection from DataSource
2026-07-01 11:32:29.692  INFO 18072 --- [onnection adder] com.zaxxer.hikari.pool.PoolBase          : ConnDb-inicio-jornada-7 - Driver does not support get/set network timeout for connections. (null)
2026-07-01 11:32:29.695 DEBUG 18072 --- [onnection adder] com.zaxxer.hikari.pool.HikariPool        : ConnDb-inicio-jornada-7 - Added connection net.sourceforge.jtds.jdbc.JtdsConnection@446a863f
2026-07-01 11:32:29.700 DEBUG 18072 --- [nio-9060-exec-2] o.s.w.s.m.m.a.HttpEntityMethodProcessor  : Using 'application/json', given [application/json, text/plain, */*] and supported [application/json, application/*+json, application/json, application/*+json]
2026-07-01 11:32:29.701 DEBUG 18072 --- [nio-9060-exec-2] o.s.w.s.m.m.a.HttpEntityMethodProcessor  : Writing [com.example.TigoStarSystem.common.ApiResponse@206f3655]
2026-07-01 11:32:29.703 DEBUG 18072 --- [nio-9060-exec-2] o.s.web.servlet.DispatcherServlet        : Completed 200 OK
2026-07-01 11:32:29.713 DEBUG 18072 --- [l-1 housekeeper] com.zaxxer.hikari.pool.HikariPool        : HikariPool-1 - Before cleanup stats (total=1, active=0, idle=1, waiting=0)
2026-07-01 11:32:29.714 DEBUG 18072 --- [l-1 housekeeper] com.zaxxer.hikari.pool.HikariPool        : HikariPool-1 - After cleanup  stats (total=1, active=0, idle=1, waiting=0)
2026-07-01 11:32:29.714 DEBUG 18072 --- [l-1 housekeeper] com.zaxxer.hikari.pool.HikariPool        : HikariPool-1 - Fill pool skipped, pool is at sufficient level.
2026-07-01 11:32:29.758 DEBUG 18072 --- [a-7 housekeeper] com.zaxxer.hikari.pool.HikariPool        : ConnDb-inicio-jornada-7 - Before cleanup stats (total=1, active=0, idle=1, waiting=0)
2026-07-01 11:32:29.759 DEBUG 18072 --- [a-7 housekeeper] com.zaxxer.hikari.pool.HikariPool        : ConnDb-inicio-jornada-7 - After cleanup  stats (total=1, active=0, idle=1, waiting=0)
2026-07-01 11:32:29.759 DEBUG 18072 --- [a-7 housekeeper] com.zaxxer.hikari.pool.HikariPool        : ConnDb-inicio-jornada-7 - Fill pool skipped, pool is at sufficient level.
2026-07-01 11:32:38.700 DEBUG 18072 --- [ool housekeeper] com.zaxxer.hikari.pool.HikariPool        : CentralHikariPool - Before cleanup stats (total=1, active=0, idle=1, waiting=0)
2026-07-01 11:32:38.702 DEBUG 18072 --- [ool housekeeper] com.zaxxer.hikari.pool.HikariPool        : CentralHikariPool - After cleanup  stats (total=1, active=0, idle=1, waiting=0)
2026-07-01 11:32:38.703 DEBUG 18072 --- [ool housekeeper] com.zaxxer.hikari.pool.HikariPool        : CentralHikariPool - Fill pool skipped, pool is at sufficient level.
2026-07-01 11:32:38.760 DEBUG 18072 --- [ool housekeeper] com.zaxxer.hikari.pool.HikariPool        : TigoHogarHikariPool - Before cleanup stats (total=2, active=0, idle=2, waiting=0)
2026-07-01 11:32:38.761 DEBUG 18072 --- [ool housekeeper] com.zaxxer.hikari.pool.HikariPool        : TigoHogarHikariPool - After cleanup  stats (total=2, active=0, idle=2, waiting=0)
2026-07-01 11:32:38.763 DEBUG 18072 --- [ool housekeeper] com.zaxxer.hikari.pool.HikariPool        : TigoHogarHikariPool - Fill pool skipped, pool is at sufficient level.
2026-07-01 11:32:39.046 DEBUG 18072 --- [nio-9060-exec-5] o.s.web.servlet.DispatcherServlet        : GET "/auth/me", parameters={}
2026-07-01 11:32:39.047 DEBUG 18072 --- [nio-9060-exec-5] s.w.s.m.m.a.RequestMappingHandlerMapping : Mapped to com.example.TigoStarSystem.auth.controller.AuthController#me(String)
2026-07-01 11:32:39.080 DEBUG 18072 --- [nio-9060-exec-5] o.s.w.s.m.m.a.HttpEntityMethodProcessor  : Using 'application/json', given [application/json, text/plain, */*] and supported [application/json, application/*+json, application/json, application/*+json]
2026-07-01 11:32:39.081 DEBUG 18072 --- [nio-9060-exec-5] o.s.w.s.m.m.a.HttpEntityMethodProcessor  : Writing [com.example.TigoStarSystem.common.ApiResponse@95f177e]
2026-07-01 11:32:39.087 DEBUG 18072 --- [nio-9060-exec-5] o.s.web.servlet.DispatcherServlet        : Completed 200 OK
2026-07-01 11:32:39.439 DEBUG 18072 --- [nio-9060-exec-6] o.s.web.servlet.DispatcherServlet        : GET "/auth/permisos", parameters={}
2026-07-01 11:32:39.440 DEBUG 18072 --- [nio-9060-exec-6] s.w.s.m.m.a.RequestMappingHandlerMapping : Mapped to com.example.TigoStarSystem.auth.controller.AuthPermisosController#permisos(String)
2026-07-01 11:32:39.442 DEBUG 18072 --- [nio-9060-exec-6] o.s.jdbc.core.JdbcTemplate               : Executing prepared SQL query
2026-07-01 11:32:39.443 DEBUG 18072 --- [nio-9060-exec-6] o.s.jdbc.core.JdbcTemplate               : Executing prepared SQL statement [SELECT TOP 1 CAST(ut.id AS INT) AS id_usuario_tecnico FROM dbo.tbl_UsuarioTecnico ut WHERE (ut.id_usuario = ? OR ut.idusuario = ? OR ut.id_tecnico = ? OR ut.idtecnico = ?)   AND ISNULL(ut.e_eliminado, 0) = 0]
2026-07-01 11:32:39.443 DEBUG 18072 --- [nio-9060-exec-6] o.s.jdbc.datasource.DataSourceUtils      : Fetching JDBC Connection from DataSource
2026-07-01 11:32:39.444 DEBUG 18072 --- [nio-9060-exec-7] o.s.web.servlet.DispatcherServlet        : GET "/auth/me", parameters={}
2026-07-01 11:32:39.445 DEBUG 18072 --- [nio-9060-exec-7] s.w.s.m.m.a.RequestMappingHandlerMapping : Mapped to com.example.TigoStarSystem.auth.controller.AuthController#me(String)
2026-07-01 11:32:39.447 DEBUG 18072 --- [nio-9060-exec-7] o.s.w.s.m.m.a.HttpEntityMethodProcessor  : Using 'application/json', given [application/json, text/plain, */*] and supported [application/json, application/*+json, application/json, application/*+json]
2026-07-01 11:32:39.448 DEBUG 18072 --- [nio-9060-exec-7] o.s.w.s.m.m.a.HttpEntityMethodProcessor  : Writing [com.example.TigoStarSystem.common.ApiResponse@1fc8c643]
2026-07-01 11:32:39.450 DEBUG 18072 --- [nio-9060-exec-7] o.s.web.servlet.DispatcherServlet        : Completed 200 OK
2026-07-01 11:32:39.510 DEBUG 18072 --- [nio-9060-exec-6] o.s.jdbc.datasource.DataSourceUtils      : Fetching JDBC Connection from DataSource
2026-07-01 11:32:39.516 DEBUG 18072 --- [nio-9060-exec-6] o.s.jdbc.core.JdbcTemplate               : Executing prepared SQL query
2026-07-01 11:32:39.516 DEBUG 18072 --- [nio-9060-exec-6] o.s.jdbc.core.JdbcTemplate               : Executing prepared SQL statement [SELECT TOP 1 CAST(ut.Id AS INT) AS id_usuario_tecnico FROM dbo.tbl_UsuarioTecnico ut WHERE (ut.Id_Usuario = ? OR ut.IdUsuario = ? OR ut.Id_Tecnico = ? OR ut.IdTecnico = ?)   AND ISNULL(ut.E_Eliminado, 0) = 0]
2026-07-01 11:32:39.517 DEBUG 18072 --- [nio-9060-exec-6] o.s.jdbc.datasource.DataSourceUtils      : Fetching JDBC Connection from DataSource
2026-07-01 11:32:39.525 DEBUG 18072 --- [nio-9060-exec-6] o.s.jdbc.core.JdbcTemplate               : Executing prepared SQL query
2026-07-01 11:32:39.525 DEBUG 18072 --- [nio-9060-exec-6] o.s.jdbc.core.JdbcTemplate               : Executing prepared SQL statement [SELECT TOP 1 CAST(ut.id AS INT) AS id_usuario_tecnico FROM dbo.tbl_usuariotecnico ut WHERE (ut.id_usuario = ? OR ut.idusuario = ? OR ut.id_tecnico = ? OR ut.idtecnico = ?)   AND ISNULL(ut.e_eliminado, 0) = 0]
2026-07-01 11:32:39.527 DEBUG 18072 --- [nio-9060-exec-6] o.s.jdbc.datasource.DataSourceUtils      : Fetching JDBC Connection from DataSource
2026-07-01 11:32:39.534 DEBUG 18072 --- [nio-9060-exec-6] o.s.jdbc.core.JdbcTemplate               : Executing prepared SQL query
2026-07-01 11:32:39.534 DEBUG 18072 --- [nio-9060-exec-6] o.s.jdbc.core.JdbcTemplate               : Executing prepared SQL statement [SELECT TOP 1 CAST(ut.id AS INT) AS id_usuario_tecnico FROM dbo.tbl_usuaritecnico ut WHERE (ut.id_usuario = ? OR ut.idusuario = ? OR ut.id_tecnico = ? OR ut.idtecnico = ?)   AND ISNULL(ut.e_eliminado, 0) = 0]
2026-07-01 11:32:39.535 DEBUG 18072 --- [nio-9060-exec-6] o.s.jdbc.datasource.DataSourceUtils      : Fetching JDBC Connection from DataSource
2026-07-01 11:32:39.544 DEBUG 18072 --- [nio-9060-exec-6] o.s.jdbc.core.JdbcTemplate               : Executing prepared SQL query
2026-07-01 11:32:39.545 DEBUG 18072 --- [nio-9060-exec-6] o.s.jdbc.core.JdbcTemplate               : Executing prepared SQL statement [SELECT TOP 1 CAST(ut.id_vendedor AS INT) AS id_vendedor FROM dbo.tbl_UsuarioTecnico ut WHERE (ut.id_usuario = ? OR ut.idusuario = ? OR ut.id = ? OR ut.id_tecnico = ? OR ut.idtecnico = ?)   AND ISNULL(ut.e_eliminado, 0) = 0 AND ut.id_vendedor IS NOT NULL]
2026-07-01 11:32:39.546 DEBUG 18072 --- [nio-9060-exec-6] o.s.jdbc.datasource.DataSourceUtils      : Fetching JDBC Connection from DataSource
2026-07-01 11:32:39.555 DEBUG 18072 --- [nio-9060-exec-6] o.s.jdbc.core.JdbcTemplate               : Executing prepared SQL query
2026-07-01 11:32:39.556 DEBUG 18072 --- [nio-9060-exec-6] o.s.jdbc.core.JdbcTemplate               : Executing prepared SQL statement [SELECT TOP 1 CAST(ut.Id_Vendedor AS INT) AS id_vendedor FROM dbo.tbl_UsuarioTecnico ut WHERE (ut.Id_Usuario = ? OR ut.IdUsuario = ? OR ut.Id = ? OR ut.Id_Tecnico = ? OR ut.IdTecnico = ?)   AND ISNULL(ut.E_Eliminado, 0) = 0 AND ut.Id_Vendedor IS NOT NULL]
2026-07-01 11:32:39.557 DEBUG 18072 --- [nio-9060-exec-6] o.s.jdbc.datasource.DataSourceUtils      : Fetching JDBC Connection from DataSource
2026-07-01 11:32:39.570 DEBUG 18072 --- [nio-9060-exec-6] o.s.jdbc.core.JdbcTemplate               : Executing prepared SQL query
2026-07-01 11:32:39.571 DEBUG 18072 --- [nio-9060-exec-6] o.s.jdbc.core.JdbcTemplate               : Executing prepared SQL statement [SELECT TOP 1 CAST(ut.idvendedor AS INT) AS id_vendedor FROM dbo.tbl_usuariotecnico ut WHERE (ut.id_usuario = ? OR ut.idusuario = ? OR ut.id = ? OR ut.id_tecnico = ? OR ut.idtecnico = ?)   AND ISNULL(ut.e_eliminado, 0) = 0 AND ut.idvendedor IS NOT NULL]
2026-07-01 11:32:39.572 DEBUG 18072 --- [nio-9060-exec-6] o.s.jdbc.datasource.DataSourceUtils      : Fetching JDBC Connection from DataSource
2026-07-01 11:32:39.580 DEBUG 18072 --- [nio-9060-exec-6] o.s.jdbc.core.JdbcTemplate               : Executing prepared SQL query
2026-07-01 11:32:39.581 DEBUG 18072 --- [nio-9060-exec-6] o.s.jdbc.core.JdbcTemplate               : Executing prepared SQL statement [SELECT TOP 1 g.id_grupo, ISNULL(g.supervisor_ausente, 0) AS supervisor_ausente, gb.id_grupo_backup, gb.id_usuario_tecnico_temporal, ISNULL(gb.e_activo, 0) AS backup_activo, gb.fecha_inicio, gs.id_usuario AS id_usuario_supervisor FROM dbo.tbl_Grupo g LEFT JOIN dbo.tbl_GrupoSup gs ON gs.id_grupo = g.id_grupo LEFT JOIN dbo.tbl_GrupoBackup gb        ON gb.id_grupo = g.id_grupo       AND ISNULL(gb.e_activo, 0) = 1 WHERE ISNULL(g.e_eliminado, 0) = 0   AND (gs.id_usuario = ? OR gb.id_usuario_tecnico_temporal = ? OR gb.id_usuario_tecnico_temporal = ? OR gb.id_usuario_tecnico_temporal = ?) ORDER BY CASE WHEN gb.id_usuario_tecnico_temporal = ? THEN 0               WHEN gb.id_usuario_tecnico_temporal = ? THEN 1               WHEN gb.id_usuario_tecnico_temporal = ? THEN 2 ELSE 3 END,          gb.id_grupo_backup DESC, g.id_grupo DESC]
2026-07-01 11:32:39.582 DEBUG 18072 --- [nio-9060-exec-6] o.s.jdbc.datasource.DataSourceUtils      : Fetching JDBC Connection from DataSource
2026-07-01 11:32:39.595 DEBUG 18072 --- [nio-9060-exec-6] o.s.jdbc.core.JdbcTemplate               : Executing prepared SQL query
2026-07-01 11:32:39.597 DEBUG 18072 --- [nio-9060-exec-6] o.s.jdbc.core.JdbcTemplate               : Executing prepared SQL statement [SELECT TOP 1 CAST(ut.id AS INT) AS id_usuario_tecnico FROM dbo.tbl_UsuarioTecnico ut WHERE (ut.id_usuario = ? OR ut.idusuario = ? OR ut.id_tecnico = ? OR ut.idtecnico = ?)   AND ISNULL(ut.e_eliminado, 0) = 0]
2026-07-01 11:32:39.597 DEBUG 18072 --- [nio-9060-exec-6] o.s.jdbc.datasource.DataSourceUtils      : Fetching JDBC Connection from DataSource
2026-07-01 11:32:39.607 DEBUG 18072 --- [nio-9060-exec-6] o.s.jdbc.datasource.DataSourceUtils      : Fetching JDBC Connection from DataSource
2026-07-01 11:32:39.609 DEBUG 18072 --- [nio-9060-exec-6] o.s.jdbc.core.JdbcTemplate               : Executing prepared SQL query
2026-07-01 11:32:39.610 DEBUG 18072 --- [nio-9060-exec-6] o.s.jdbc.core.JdbcTemplate               : Executing prepared SQL statement [SELECT TOP 1 CAST(ut.Id AS INT) AS id_usuario_tecnico FROM dbo.tbl_UsuarioTecnico ut WHERE (ut.Id_Usuario = ? OR ut.IdUsuario = ? OR ut.Id_Tecnico = ? OR ut.IdTecnico = ?)   AND ISNULL(ut.E_Eliminado, 0) = 0]
2026-07-01 11:32:39.610 DEBUG 18072 --- [nio-9060-exec-6] o.s.jdbc.datasource.DataSourceUtils      : Fetching JDBC Connection from DataSource
2026-07-01 11:32:39.616 DEBUG 18072 --- [nio-9060-exec-6] o.s.jdbc.core.JdbcTemplate               : Executing prepared SQL query
2026-07-01 11:32:39.617 DEBUG 18072 --- [nio-9060-exec-6] o.s.jdbc.core.JdbcTemplate               : Executing prepared SQL statement [SELECT TOP 1 CAST(ut.id AS INT) AS id_usuario_tecnico FROM dbo.tbl_usuariotecnico ut WHERE (ut.id_usuario = ? OR ut.idusuario = ? OR ut.id_tecnico = ? OR ut.idtecnico = ?)   AND ISNULL(ut.e_eliminado, 0) = 0]
2026-07-01 11:32:39.617 DEBUG 18072 --- [nio-9060-exec-6] o.s.jdbc.datasource.DataSourceUtils      : Fetching JDBC Connection from DataSource
2026-07-01 11:32:39.622 DEBUG 18072 --- [nio-9060-exec-6] o.s.jdbc.core.JdbcTemplate               : Executing prepared SQL query
2026-07-01 11:32:39.623 DEBUG 18072 --- [nio-9060-exec-6] o.s.jdbc.core.JdbcTemplate               : Executing prepared SQL statement [SELECT TOP 1 CAST(ut.id AS INT) AS id_usuario_tecnico FROM dbo.tbl_usuaritecnico ut WHERE (ut.id_usuario = ? OR ut.idusuario = ? OR ut.id_tecnico = ? OR ut.idtecnico = ?)   AND ISNULL(ut.e_eliminado, 0) = 0]
2026-07-01 11:32:39.623 DEBUG 18072 --- [nio-9060-exec-6] o.s.jdbc.datasource.DataSourceUtils      : Fetching JDBC Connection from DataSource
2026-07-01 11:32:39.628 DEBUG 18072 --- [nio-9060-exec-6] o.s.jdbc.core.JdbcTemplate               : Executing prepared SQL query
2026-07-01 11:32:39.629 DEBUG 18072 --- [nio-9060-exec-6] o.s.jdbc.core.JdbcTemplate               : Executing prepared SQL statement [SELECT TOP 1 CAST(ut.id_vendedor AS INT) AS id_vendedor FROM dbo.tbl_UsuarioTecnico ut WHERE (ut.id_usuario = ? OR ut.idusuario = ? OR ut.id = ? OR ut.id_tecnico = ? OR ut.idtecnico = ?)   AND ISNULL(ut.e_eliminado, 0) = 0 AND ut.id_vendedor IS NOT NULL]
2026-07-01 11:32:39.630 DEBUG 18072 --- [nio-9060-exec-6] o.s.jdbc.datasource.DataSourceUtils      : Fetching JDBC Connection from DataSource
2026-07-01 11:32:39.634 DEBUG 18072 --- [nio-9060-exec-6] o.s.jdbc.core.JdbcTemplate               : Executing prepared SQL query
2026-07-01 11:32:39.635 DEBUG 18072 --- [nio-9060-exec-6] o.s.jdbc.core.JdbcTemplate               : Executing prepared SQL statement [SELECT TOP 1 CAST(ut.Id_Vendedor AS INT) AS id_vendedor FROM dbo.tbl_UsuarioTecnico ut WHERE (ut.Id_Usuario = ? OR ut.IdUsuario = ? OR ut.Id = ? OR ut.Id_Tecnico = ? OR ut.IdTecnico = ?)   AND ISNULL(ut.E_Eliminado, 0) = 0 AND ut.Id_Vendedor IS NOT NULL]
2026-07-01 11:32:39.636 DEBUG 18072 --- [nio-9060-exec-6] o.s.jdbc.datasource.DataSourceUtils      : Fetching JDBC Connection from DataSource
2026-07-01 11:32:39.641 DEBUG 18072 --- [nio-9060-exec-6] o.s.jdbc.core.JdbcTemplate               : Executing prepared SQL query
2026-07-01 11:32:39.641 DEBUG 18072 --- [nio-9060-exec-6] o.s.jdbc.core.JdbcTemplate               : Executing prepared SQL statement [SELECT TOP 1 CAST(ut.idvendedor AS INT) AS id_vendedor FROM dbo.tbl_usuariotecnico ut WHERE (ut.id_usuario = ? OR ut.idusuario = ? OR ut.id = ? OR ut.id_tecnico = ? OR ut.idtecnico = ?)   AND ISNULL(ut.e_eliminado, 0) = 0 AND ut.idvendedor IS NOT NULL]
2026-07-01 11:32:39.642 DEBUG 18072 --- [nio-9060-exec-6] o.s.jdbc.datasource.DataSourceUtils      : Fetching JDBC Connection from DataSource
2026-07-01 11:32:39.648 DEBUG 18072 --- [nio-9060-exec-6] o.s.jdbc.core.JdbcTemplate               : Executing prepared SQL query
2026-07-01 11:32:39.648 DEBUG 18072 --- [nio-9060-exec-6] o.s.jdbc.core.JdbcTemplate               : Executing prepared SQL statement [SELECT TOP 1 g.id_grupo, ISNULL(g.supervisor_ausente, 0) AS supervisor_ausente, gb.id_grupo_backup, gb.id_usuario_tecnico_temporal, ISNULL(gb.e_activo, 0) AS backup_activo, gb.fecha_inicio, gs.id_usuario AS id_usuario_supervisor FROM dbo.tbl_Grupo g LEFT JOIN dbo.tbl_GrupoSup gs ON gs.id_grupo = g.id_grupo LEFT JOIN dbo.tbl_GrupoBackup gb        ON gb.id_grupo = g.id_grupo       AND ISNULL(gb.e_activo, 0) = 1 WHERE ISNULL(g.e_eliminado, 0) = 0   AND (gs.id_usuario = ? OR gb.id_usuario_tecnico_temporal = ? OR gb.id_usuario_tecnico_temporal = ? OR gb.id_usuario_tecnico_temporal = ?) ORDER BY CASE WHEN gb.id_usuario_tecnico_temporal = ? THEN 0               WHEN gb.id_usuario_tecnico_temporal = ? THEN 1               WHEN gb.id_usuario_tecnico_temporal = ? THEN 2 ELSE 3 END,          gb.id_grupo_backup DESC, g.id_grupo DESC]
2026-07-01 11:32:39.649 DEBUG 18072 --- [nio-9060-exec-6] o.s.jdbc.datasource.DataSourceUtils      : Fetching JDBC Connection from DataSource
2026-07-01 11:32:39.656 DEBUG 18072 --- [nio-9060-exec-6] o.s.jdbc.core.JdbcTemplate               : Executing SQL update [IF OBJECT_ID('dbo.backup_temporal', 'U') IS NULL BEGIN CREATE TABLE dbo.backup_temporal (id_backup_temporal INT IDENTITY(1,1) NOT NULL PRIMARY KEY, id_usuario INT NOT NULL, id_grupo INT NULL, id_rol_temporal INT NOT NULL, e_activo BIT NOT NULL CONSTRAINT DF_backup_temporal_e_activo DEFAULT(1), fecha_inicio DATETIME NOT NULL CONSTRAINT DF_backup_temporal_fecha_inicio DEFAULT(GETDATE()), fecha_fin DATETIME NULL, fecha_registro DATETIME NOT NULL CONSTRAINT DF_backup_temporal_fecha_registro DEFAULT(GETDATE()), fecha_actualizacion DATETIME NULL); END]
2026-07-01 11:32:39.657 DEBUG 18072 --- [nio-9060-exec-6] o.s.jdbc.datasource.DataSourceUtils      : Fetching JDBC Connection from DataSource
2026-07-01 11:32:39.660 DEBUG 18072 --- [nio-9060-exec-6] o.s.jdbc.core.JdbcTemplate               : Executing SQL update [IF COL_LENGTH('dbo.backup_temporal', 'id_grupo') IS NULL BEGIN ALTER TABLE dbo.backup_temporal ADD id_grupo INT NULL; END]
2026-07-01 11:32:39.662 DEBUG 18072 --- [nio-9060-exec-6] o.s.jdbc.datasource.DataSourceUtils      : Fetching JDBC Connection from DataSource
2026-07-01 11:32:39.666 DEBUG 18072 --- [nio-9060-exec-6] o.s.jdbc.core.JdbcTemplate               : Executing SQL update [IF NOT EXISTS (SELECT 1 FROM sys.indexes WHERE object_id = OBJECT_ID('dbo.backup_temporal')   AND name = 'IX_backup_temporal_usuario_activo') BEGIN CREATE INDEX IX_backup_temporal_usuario_activo ON dbo.backup_temporal(id_usuario, e_activo, fecha_fin); END]
2026-07-01 11:32:39.666 DEBUG 18072 --- [nio-9060-exec-6] o.s.jdbc.datasource.DataSourceUtils      : Fetching JDBC Connection from DataSource
2026-07-01 11:32:39.668 DEBUG 18072 --- [nio-9060-exec-6] o.s.jdbc.core.JdbcTemplate               : Executing prepared SQL query
2026-07-01 11:32:39.669 DEBUG 18072 --- [nio-9060-exec-6] o.s.jdbc.core.JdbcTemplate               : Executing prepared SQL statement [SELECT TOP 1 CAST(ut.id AS INT) AS alt_id FROM dbo.tbl_UsuarioTecnico ut WHERE (ut.id_usuario = ? OR ut.idusuario = ? OR ut.id_tecnico = ? OR ut.idtecnico = ?)   AND ISNULL(ut.e_eliminado, 0) = 0]
2026-07-01 11:32:39.669 DEBUG 18072 --- [nio-9060-exec-6] o.s.jdbc.datasource.DataSourceUtils      : Fetching JDBC Connection from DataSource
2026-07-01 11:32:39.675 DEBUG 18072 --- [nio-9060-exec-6] o.s.jdbc.core.JdbcTemplate               : Executing prepared SQL query
2026-07-01 11:32:39.676 DEBUG 18072 --- [nio-9060-exec-6] o.s.jdbc.core.JdbcTemplate               : Executing prepared SQL statement [SELECT TOP 1 CAST(ut.id_vendedor AS INT) AS alt_id FROM dbo.tbl_UsuarioTecnico ut WHERE (ut.id_usuario = ? OR ut.idusuario = ? OR ut.id_tecnico = ? OR ut.idtecnico = ?)   AND ISNULL(ut.e_eliminado, 0) = 0   AND ut.id_vendedor IS NOT NULL]
2026-07-01 11:32:39.676 DEBUG 18072 --- [nio-9060-exec-6] o.s.jdbc.datasource.DataSourceUtils      : Fetching JDBC Connection from DataSource
2026-07-01 11:32:39.681 DEBUG 18072 --- [nio-9060-exec-6] o.s.jdbc.core.JdbcTemplate               : Executing prepared SQL query
2026-07-01 11:32:39.682 DEBUG 18072 --- [nio-9060-exec-6] o.s.jdbc.core.JdbcTemplate               : Executing prepared SQL statement [SELECT TOP 1 CAST(ut.Id AS INT) AS alt_id FROM dbo.tbl_UsuarioTecnico ut WHERE (ut.Id_Usuario = ? OR ut.IdUsuario = ? OR ut.Id_Tecnico = ? OR ut.IdTecnico = ?)   AND ISNULL(ut.E_Eliminado, 0) = 0]
2026-07-01 11:32:39.683 DEBUG 18072 --- [nio-9060-exec-6] o.s.jdbc.datasource.DataSourceUtils      : Fetching JDBC Connection from DataSource
2026-07-01 11:32:39.687 DEBUG 18072 --- [nio-9060-exec-6] o.s.jdbc.core.JdbcTemplate               : Executing prepared SQL query
2026-07-01 11:32:39.687 DEBUG 18072 --- [nio-9060-exec-6] o.s.jdbc.core.JdbcTemplate               : Executing prepared SQL statement [SELECT TOP 1 CAST(ut.Id_Vendedor AS INT) AS alt_id FROM dbo.tbl_UsuarioTecnico ut WHERE (ut.Id_Usuario = ? OR ut.IdUsuario = ? OR ut.Id_Tecnico = ? OR ut.IdTecnico = ?)   AND ISNULL(ut.E_Eliminado, 0) = 0   AND ut.Id_Vendedor IS NOT NULL]
2026-07-01 11:32:39.688 DEBUG 18072 --- [nio-9060-exec-6] o.s.jdbc.datasource.DataSourceUtils      : Fetching JDBC Connection from DataSource
2026-07-01 11:32:39.693 DEBUG 18072 --- [nio-9060-exec-6] o.s.jdbc.core.JdbcTemplate               : Executing prepared SQL query
2026-07-01 11:32:39.694 DEBUG 18072 --- [nio-9060-exec-6] o.s.jdbc.core.JdbcTemplate               : Executing prepared SQL statement [SELECT TOP 1 CAST(ut.id AS INT) AS alt_id FROM dbo.tbl_usuariotecnico ut WHERE (ut.id_usuario = ? OR ut.idusuario = ? OR ut.id_tecnico = ? OR ut.idtecnico = ?)   AND ISNULL(ut.e_eliminado, 0) = 0]
2026-07-01 11:32:39.694 DEBUG 18072 --- [nio-9060-exec-6] o.s.jdbc.datasource.DataSourceUtils      : Fetching JDBC Connection from DataSource
2026-07-01 11:32:39.698 DEBUG 18072 --- [nio-9060-exec-6] o.s.jdbc.core.JdbcTemplate               : Executing prepared SQL query
2026-07-01 11:32:39.699 DEBUG 18072 --- [nio-9060-exec-6] o.s.jdbc.core.JdbcTemplate               : Executing prepared SQL statement [SELECT TOP 1 CAST(ut.id_vendedor AS INT) AS alt_id FROM dbo.tbl_usuariotecnico ut WHERE (ut.id_usuario = ? OR ut.idusuario = ? OR ut.id_tecnico = ? OR ut.idtecnico = ?)   AND ISNULL(ut.e_eliminado, 0) = 0   AND ut.id_vendedor IS NOT NULL]
2026-07-01 11:32:39.699 DEBUG 18072 --- [nio-9060-exec-6] o.s.jdbc.datasource.DataSourceUtils      : Fetching JDBC Connection from DataSource
2026-07-01 11:32:39.704 DEBUG 18072 --- [nio-9060-exec-6] o.s.jdbc.core.JdbcTemplate               : Executing prepared SQL query
2026-07-01 11:32:39.704 DEBUG 18072 --- [nio-9060-exec-6] o.s.jdbc.core.JdbcTemplate               : Executing prepared SQL statement [SELECT TOP 1 CAST(ut.id AS INT) AS alt_id FROM dbo.tbl_UsuarioTecnico ut WHERE (ut.id_usuario = ? OR ut.idusuario = ? OR ut.id_tecnico = ? OR ut.idtecnico = ?)   AND ISNULL(ut.e_eliminado, 0) = 0]
2026-07-01 11:32:39.704 DEBUG 18072 --- [nio-9060-exec-6] o.s.jdbc.datasource.DataSourceUtils      : Fetching JDBC Connection from DataSource
2026-07-01 11:32:39.706 DEBUG 18072 --- [nio-9060-exec-6] o.s.jdbc.core.JdbcTemplate               : Executing prepared SQL query
2026-07-01 11:32:39.707 DEBUG 18072 --- [nio-9060-exec-6] o.s.jdbc.core.JdbcTemplate               : Executing prepared SQL statement [SELECT TOP 1 CAST(ut.id_vendedor AS INT) AS alt_id FROM dbo.tbl_UsuarioTecnico ut WHERE (ut.id_usuario = ? OR ut.idusuario = ? OR ut.id_tecnico = ? OR ut.idtecnico = ?)   AND ISNULL(ut.e_eliminado, 0) = 0   AND ut.id_vendedor IS NOT NULL]
2026-07-01 11:32:39.708 DEBUG 18072 --- [nio-9060-exec-6] o.s.jdbc.datasource.DataSourceUtils      : Fetching JDBC Connection from DataSource
2026-07-01 11:32:39.710 DEBUG 18072 --- [nio-9060-exec-6] o.s.jdbc.core.JdbcTemplate               : Executing prepared SQL query
2026-07-01 11:32:39.710 DEBUG 18072 --- [nio-9060-exec-6] o.s.jdbc.core.JdbcTemplate               : Executing prepared SQL statement [SELECT TOP 1 CAST(ut.Id AS INT) AS alt_id FROM dbo.tbl_UsuarioTecnico ut WHERE (ut.Id_Usuario = ? OR ut.IdUsuario = ? OR ut.Id_Tecnico = ? OR ut.IdTecnico = ?)   AND ISNULL(ut.E_Eliminado, 0) = 0]
2026-07-01 11:32:39.711 DEBUG 18072 --- [nio-9060-exec-6] o.s.jdbc.datasource.DataSourceUtils      : Fetching JDBC Connection from DataSource
2026-07-01 11:32:39.713 DEBUG 18072 --- [nio-9060-exec-6] o.s.jdbc.core.JdbcTemplate               : Executing prepared SQL query
2026-07-01 11:32:39.713 DEBUG 18072 --- [nio-9060-exec-6] o.s.jdbc.core.JdbcTemplate               : Executing prepared SQL statement [SELECT TOP 1 CAST(ut.Id_Vendedor AS INT) AS alt_id FROM dbo.tbl_UsuarioTecnico ut WHERE (ut.Id_Usuario = ? OR ut.IdUsuario = ? OR ut.Id_Tecnico = ? OR ut.IdTecnico = ?)   AND ISNULL(ut.E_Eliminado, 0) = 0   AND ut.Id_Vendedor IS NOT NULL]
2026-07-01 11:32:39.717 DEBUG 18072 --- [nio-9060-exec-6] o.s.jdbc.datasource.DataSourceUtils      : Fetching JDBC Connection from DataSource
2026-07-01 11:32:39.719 DEBUG 18072 --- [nio-9060-exec-6] o.s.jdbc.core.JdbcTemplate               : Executing prepared SQL query
2026-07-01 11:32:39.719 DEBUG 18072 --- [nio-9060-exec-6] o.s.jdbc.core.JdbcTemplate               : Executing prepared SQL statement [SELECT TOP 1 CAST(ut.id AS INT) AS alt_id FROM dbo.tbl_usuariotecnico ut WHERE (ut.id_usuario = ? OR ut.idusuario = ? OR ut.id_tecnico = ? OR ut.idtecnico = ?)   AND ISNULL(ut.e_eliminado, 0) = 0]
2026-07-01 11:32:39.719 DEBUG 18072 --- [nio-9060-exec-6] o.s.jdbc.datasource.DataSourceUtils      : Fetching JDBC Connection from DataSource
2026-07-01 11:32:39.722 DEBUG 18072 --- [nio-9060-exec-6] o.s.jdbc.core.JdbcTemplate               : Executing prepared SQL query
2026-07-01 11:32:39.723 DEBUG 18072 --- [nio-9060-exec-6] o.s.jdbc.core.JdbcTemplate               : Executing prepared SQL statement [SELECT TOP 1 CAST(ut.id_vendedor AS INT) AS alt_id FROM dbo.tbl_usuariotecnico ut WHERE (ut.id_usuario = ? OR ut.idusuario = ? OR ut.id_tecnico = ? OR ut.idtecnico = ?)   AND ISNULL(ut.e_eliminado, 0) = 0   AND ut.id_vendedor IS NOT NULL]
2026-07-01 11:32:39.724 DEBUG 18072 --- [nio-9060-exec-6] o.s.jdbc.datasource.DataSourceUtils      : Fetching JDBC Connection from DataSource
2026-07-01 11:32:39.726 DEBUG 18072 --- [nio-9060-exec-6] o.s.jdbc.core.JdbcTemplate               : Executing prepared SQL query
2026-07-01 11:32:39.726 DEBUG 18072 --- [nio-9060-exec-6] o.s.jdbc.core.JdbcTemplate               : Executing prepared SQL statement [SELECT TOP 1 CAST(ut.id AS INT) AS alt_id FROM dbo.tbl_UsuarioTecnico ut WHERE (ut.id_usuario = ? OR ut.idusuario = ? OR ut.id_tecnico = ? OR ut.idtecnico = ?)   AND ISNULL(ut.e_eliminado, 0) = 0]
2026-07-01 11:32:39.727 DEBUG 18072 --- [nio-9060-exec-6] o.s.jdbc.datasource.DataSourceUtils      : Fetching JDBC Connection from DataSource
2026-07-01 11:32:39.733 DEBUG 18072 --- [nio-9060-exec-6] o.s.jdbc.core.JdbcTemplate               : Executing prepared SQL query
2026-07-01 11:32:39.734 DEBUG 18072 --- [nio-9060-exec-6] o.s.jdbc.core.JdbcTemplate               : Executing prepared SQL statement [SELECT TOP 1 CAST(ut.id_vendedor AS INT) AS alt_id FROM dbo.tbl_UsuarioTecnico ut WHERE (ut.id_usuario = ? OR ut.idusuario = ? OR ut.id_tecnico = ? OR ut.idtecnico = ?)   AND ISNULL(ut.e_eliminado, 0) = 0   AND ut.id_vendedor IS NOT NULL]
2026-07-01 11:32:39.734 DEBUG 18072 --- [nio-9060-exec-6] o.s.jdbc.datasource.DataSourceUtils      : Fetching JDBC Connection from DataSource
2026-07-01 11:32:39.739 DEBUG 18072 --- [nio-9060-exec-6] o.s.jdbc.core.JdbcTemplate               : Executing prepared SQL query
2026-07-01 11:32:39.742 DEBUG 18072 --- [nio-9060-exec-6] o.s.jdbc.core.JdbcTemplate               : Executing prepared SQL statement [SELECT TOP 1 CAST(ut.Id AS INT) AS alt_id FROM dbo.tbl_UsuarioTecnico ut WHERE (ut.Id_Usuario = ? OR ut.IdUsuario = ? OR ut.Id_Tecnico = ? OR ut.IdTecnico = ?)   AND ISNULL(ut.E_Eliminado, 0) = 0]
2026-07-01 11:32:39.742 DEBUG 18072 --- [nio-9060-exec-6] o.s.jdbc.datasource.DataSourceUtils      : Fetching JDBC Connection from DataSource
2026-07-01 11:32:39.748 DEBUG 18072 --- [nio-9060-exec-6] o.s.jdbc.core.JdbcTemplate               : Executing prepared SQL query
2026-07-01 11:32:39.750 DEBUG 18072 --- [nio-9060-exec-6] o.s.jdbc.core.JdbcTemplate               : Executing prepared SQL statement [SELECT TOP 1 CAST(ut.Id_Vendedor AS INT) AS alt_id FROM dbo.tbl_UsuarioTecnico ut WHERE (ut.Id_Usuario = ? OR ut.IdUsuario = ? OR ut.Id_Tecnico = ? OR ut.IdTecnico = ?)   AND ISNULL(ut.E_Eliminado, 0) = 0   AND ut.Id_Vendedor IS NOT NULL]
2026-07-01 11:32:39.750 DEBUG 18072 --- [nio-9060-exec-6] o.s.jdbc.datasource.DataSourceUtils      : Fetching JDBC Connection from DataSource
2026-07-01 11:32:39.756 DEBUG 18072 --- [nio-9060-exec-6] o.s.jdbc.core.JdbcTemplate               : Executing prepared SQL query
2026-07-01 11:32:39.758 DEBUG 18072 --- [nio-9060-exec-6] o.s.jdbc.core.JdbcTemplate               : Executing prepared SQL statement [SELECT TOP 1 CAST(ut.id AS INT) AS alt_id FROM dbo.tbl_usuariotecnico ut WHERE (ut.id_usuario = ? OR ut.idusuario = ? OR ut.id_tecnico = ? OR ut.idtecnico = ?)   AND ISNULL(ut.e_eliminado, 0) = 0]
2026-07-01 11:32:39.758 DEBUG 18072 --- [nio-9060-exec-6] o.s.jdbc.datasource.DataSourceUtils      : Fetching JDBC Connection from DataSource
2026-07-01 11:32:39.763 DEBUG 18072 --- [nio-9060-exec-6] o.s.jdbc.core.JdbcTemplate               : Executing prepared SQL query
2026-07-01 11:32:39.766 DEBUG 18072 --- [nio-9060-exec-6] o.s.jdbc.core.JdbcTemplate               : Executing prepared SQL statement [SELECT TOP 1 CAST(ut.id_vendedor AS INT) AS alt_id FROM dbo.tbl_usuariotecnico ut WHERE (ut.id_usuario = ? OR ut.idusuario = ? OR ut.id_tecnico = ? OR ut.idtecnico = ?)   AND ISNULL(ut.e_eliminado, 0) = 0   AND ut.id_vendedor IS NOT NULL]
2026-07-01 11:32:39.766 DEBUG 18072 --- [nio-9060-exec-6] o.s.jdbc.datasource.DataSourceUtils      : Fetching JDBC Connection from DataSource
2026-07-01 11:32:39.772 DEBUG 18072 --- [nio-9060-exec-6] o.s.jdbc.core.JdbcTemplate               : Executing prepared SQL query
2026-07-01 11:32:39.774 DEBUG 18072 --- [nio-9060-exec-6] o.s.jdbc.core.JdbcTemplate               : Executing prepared SQL statement [SELECT TOP 1 1 AS ok FROM dbo.backup_temporal bt WHERE bt.id_usuario = ?   AND ISNULL(bt.e_activo, 1) = 1   AND (bt.fecha_fin IS NULL OR bt.fecha_fin > GETDATE()) ORDER BY bt.id_backup_temporal DESC]
2026-07-01 11:32:39.775 DEBUG 18072 --- [nio-9060-exec-6] o.s.jdbc.datasource.DataSourceUtils      : Fetching JDBC Connection from DataSource
2026-07-01 11:32:39.777  INFO 18072 --- [nio-9060-exec-6] c.e.T.p.service.PrivilegioService        : [PERMISOS] idUsuarioSesion=57, rolSesion=Tecnico, backupContexto=false, backupTemporal=false, idGrupo=null, idSupervisorContexto=null, idRolPermisos=8, idUsuarioPermisos=57
2026-07-01 11:32:39.778 DEBUG 18072 --- [nio-9060-exec-6] o.s.jdbc.core.JdbcTemplate               : Executing SQL query [EXEC dbo.spx_ObtenerPrivilegiosRoles]
2026-07-01 11:32:39.779 DEBUG 18072 --- [nio-9060-exec-6] o.s.jdbc.datasource.DataSourceUtils      : Fetching JDBC Connection from DataSource
2026-07-01 11:32:39.785 DEBUG 18072 --- [nio-9060-exec-6] o.s.jdbc.core.JdbcTemplate               : Executing prepared SQL query
2026-07-01 11:32:39.786 DEBUG 18072 --- [nio-9060-exec-6] o.s.jdbc.core.JdbcTemplate               : Executing prepared SQL statement [EXEC dbo.spx_ObtenerPrivilegiosRolDetalle ?]
2026-07-01 11:32:39.787 DEBUG 18072 --- [nio-9060-exec-6] o.s.jdbc.datasource.DataSourceUtils      : Fetching JDBC Connection from DataSource
2026-07-01 11:32:39.807 DEBUG 18072 --- [nio-9060-exec-6] o.s.w.s.m.m.a.HttpEntityMethodProcessor  : Using 'application/json', given [application/json, text/plain, */*] and supported [application/json, application/*+json, application/json, application/*+json]
2026-07-01 11:32:39.807 DEBUG 18072 --- [nio-9060-exec-6] o.s.w.s.m.m.a.HttpEntityMethodProcessor  : Writing [com.example.TigoStarSystem.common.ApiResponse@2a48485]
2026-07-01 11:32:39.810 DEBUG 18072 --- [nio-9060-exec-6] o.s.web.servlet.DispatcherServlet        : Completed 200 OK
2026-07-01 11:32:40.345 DEBUG 18072 --- [nio-9060-exec-8] o.s.web.servlet.DispatcherServlet        : GET "/auth/sucursales", parameters={}
2026-07-01 11:32:40.345 DEBUG 18072 --- [nio-9060-exec-9] o.s.web.servlet.DispatcherServlet        : GET "/auth/permisos", parameters={}
2026-07-01 11:32:40.345 DEBUG 18072 --- [io-9060-exec-10] o.s.web.servlet.DispatcherServlet        : GET "/tecnico/inicio-jornada/estado", parameters={}
2026-07-01 11:32:40.346 DEBUG 18072 --- [nio-9060-exec-8] s.w.s.m.m.a.RequestMappingHandlerMapping : Mapped to com.example.TigoStarSystem.auth.controller.AuthController#listarSucursales()
2026-07-01 11:32:40.346 DEBUG 18072 --- [nio-9060-exec-9] s.w.s.m.m.a.RequestMappingHandlerMapping : Mapped to com.example.TigoStarSystem.auth.controller.AuthPermisosController#permisos(String)
2026-07-01 11:32:40.347 DEBUG 18072 --- [io-9060-exec-10] s.w.s.m.m.a.RequestMappingHandlerMapping : Mapped to com.example.TigoStarSystem.tecnicoiniciojornada.controller.TecnicoInicioJornadaController#estado(String, String)
2026-07-01 11:32:40.347  INFO 18072 --- [nio-9060-exec-8] c.e.T.auth.controller.AuthController     : Request GET /auth/sucursales
2026-07-01 11:32:40.349 DEBUG 18072 --- [nio-9060-exec-9] o.s.jdbc.core.JdbcTemplate               : Executing prepared SQL query
2026-07-01 11:32:40.350 DEBUG 18072 --- [nio-9060-exec-9] o.s.jdbc.core.JdbcTemplate               : Executing prepared SQL statement [SELECT TOP 1 CAST(ut.id AS INT) AS id_usuario_tecnico FROM dbo.tbl_UsuarioTecnico ut WHERE (ut.id_usuario = ? OR ut.idusuario = ? OR ut.id_tecnico = ? OR ut.idtecnico = ?)   AND ISNULL(ut.e_eliminado, 0) = 0]
2026-07-01 11:32:40.349 DEBUG 18072 --- [io-9060-exec-10] o.s.jdbc.core.JdbcTemplate               : Executing prepared SQL query
2026-07-01 11:32:40.351 DEBUG 18072 --- [io-9060-exec-10] o.s.jdbc.core.JdbcTemplate               : Executing prepared SQL statement [EXEC dbo.SP_InicioJornada_MarcarNoCierreAtrasado ?]
2026-07-01 11:32:40.350 DEBUG 18072 --- [nio-9060-exec-8] o.s.jdbc.core.JdbcTemplate               : Executing SQL query [EXEC dbo.spx_ObtenerSucursalesConexionWeb]
2026-07-01 11:32:40.351 DEBUG 18072 --- [nio-9060-exec-9] o.s.jdbc.datasource.DataSourceUtils      : Fetching JDBC Connection from DataSource
2026-07-01 11:32:40.352 DEBUG 18072 --- [io-9060-exec-10] o.s.jdbc.datasource.DataSourceUtils      : Fetching JDBC Connection from DataSource
2026-07-01 11:32:40.353 DEBUG 18072 --- [nio-9060-exec-8] o.s.jdbc.datasource.DataSourceUtils      : Fetching JDBC Connection from DataSource
2026-07-01 11:32:40.358 DEBUG 18072 --- [nio-9060-exec-9] o.s.jdbc.core.JdbcTemplate               : Executing prepared SQL query
2026-07-01 11:32:40.358 DEBUG 18072 --- [nio-9060-exec-9] o.s.jdbc.core.JdbcTemplate               : Executing prepared SQL statement [SELECT TOP 1 CAST(ut.Id AS INT) AS id_usuario_tecnico FROM dbo.tbl_UsuarioTecnico ut WHERE (ut.Id_Usuario = ? OR ut.IdUsuario = ? OR ut.Id_Tecnico = ? OR ut.IdTecnico = ?)   AND ISNULL(ut.E_Eliminado, 0) = 0]
2026-07-01 11:32:40.359 DEBUG 18072 --- [io-9060-exec-10] o.s.jdbc.core.JdbcTemplate               : Executing prepared SQL query
2026-07-01 11:32:40.358 DEBUG 18072 --- [nio-9060-exec-8] o.s.w.s.m.m.a.HttpEntityMethodProcessor  : Using 'application/json', given [application/json, text/plain, */*] and supported [application/json, application/*+json, application/json, application/*+json]
2026-07-01 11:32:40.359 DEBUG 18072 --- [nio-9060-exec-9] o.s.jdbc.datasource.DataSourceUtils      : Fetching JDBC Connection from DataSource
2026-07-01 11:32:40.359 DEBUG 18072 --- [io-9060-exec-10] o.s.jdbc.core.JdbcTemplate               : Executing prepared SQL statement [SELECT TOP 1 id_inicio, id_tecnico, fecha_registro, fecha_cierre, pendiente, no_marco_cierre FROM dbo.tbl_InicioJornadaAlturas WHERE id_tecnico = ?   AND CAST(fecha_registro AS DATE) = CAST(DATEADD(DAY, -1, GETDATE()) AS DATE)   AND fecha_cierre IS NULL   AND ISNULL(e_eliminado, 0) = 0   AND ISNULL(no_marco_cierre, 0) = 1 ORDER BY fecha_registro DESC, id_inicio DESC]
2026-07-01 11:32:40.360 DEBUG 18072 --- [nio-9060-exec-8] o.s.w.s.m.m.a.HttpEntityMethodProcessor  : Writing [com.example.TigoStarSystem.common.ApiResponse@2a48fbd6]
2026-07-01 11:32:40.361 DEBUG 18072 --- [io-9060-exec-10] o.s.jdbc.datasource.DataSourceUtils      : Fetching JDBC Connection from DataSource
2026-07-01 11:32:40.363 DEBUG 18072 --- [nio-9060-exec-8] o.s.web.servlet.DispatcherServlet        : Completed 200 OK
2026-07-01 11:32:40.363 DEBUG 18072 --- [nio-9060-exec-9] o.s.jdbc.core.JdbcTemplate               : Executing prepared SQL query
2026-07-01 11:32:40.364 DEBUG 18072 --- [nio-9060-exec-9] o.s.jdbc.core.JdbcTemplate               : Executing prepared SQL statement [SELECT TOP 1 CAST(ut.id AS INT) AS id_usuario_tecnico FROM dbo.tbl_usuariotecnico ut WHERE (ut.id_usuario = ? OR ut.idusuario = ? OR ut.id_tecnico = ? OR ut.idtecnico = ?)   AND ISNULL(ut.e_eliminado, 0) = 0]
2026-07-01 11:32:40.365 DEBUG 18072 --- [nio-9060-exec-9] o.s.jdbc.datasource.DataSourceUtils      : Fetching JDBC Connection from DataSource
2026-07-01 11:32:40.365 DEBUG 18072 --- [io-9060-exec-10] o.s.jdbc.core.JdbcTemplate               : Executing prepared SQL query
2026-07-01 11:32:40.366 DEBUG 18072 --- [io-9060-exec-10] o.s.jdbc.core.JdbcTemplate               : Executing prepared SQL statement [EXEC dbo.SP_InicioJornada_ExisteRegistroHoy ?]
2026-07-01 11:32:40.366 DEBUG 18072 --- [io-9060-exec-10] o.s.jdbc.datasource.DataSourceUtils      : Fetching JDBC Connection from DataSource
2026-07-01 11:32:40.367 DEBUG 18072 --- [nio-9060-exec-9] o.s.jdbc.core.JdbcTemplate               : Executing prepared SQL query
2026-07-01 11:32:40.368 DEBUG 18072 --- [nio-9060-exec-9] o.s.jdbc.core.JdbcTemplate               : Executing prepared SQL statement [SELECT TOP 1 CAST(ut.id AS INT) AS id_usuario_tecnico FROM dbo.tbl_usuaritecnico ut WHERE (ut.id_usuario = ? OR ut.idusuario = ? OR ut.id_tecnico = ? OR ut.idtecnico = ?)   AND ISNULL(ut.e_eliminado, 0) = 0]
2026-07-01 11:32:40.369 DEBUG 18072 --- [nio-9060-exec-9] o.s.jdbc.datasource.DataSourceUtils      : Fetching JDBC Connection from DataSource
2026-07-01 11:32:40.371 DEBUG 18072 --- [io-9060-exec-10] o.s.jdbc.core.JdbcTemplate               : Executing SQL query [EXEC dbo.spx_ObtenerSucursalesConexionWeb]
2026-07-01 11:32:40.371 DEBUG 18072 --- [nio-9060-exec-9] o.s.jdbc.core.JdbcTemplate               : Executing prepared SQL query
2026-07-01 11:32:40.372 DEBUG 18072 --- [nio-9060-exec-9] o.s.jdbc.core.JdbcTemplate               : Executing prepared SQL statement [SELECT TOP 1 CAST(ut.id_vendedor AS INT) AS id_vendedor FROM dbo.tbl_UsuarioTecnico ut WHERE (ut.id_usuario = ? OR ut.idusuario = ? OR ut.id = ? OR ut.id_tecnico = ? OR ut.idtecnico = ?)   AND ISNULL(ut.e_eliminado, 0) = 0 AND ut.id_vendedor IS NOT NULL]
2026-07-01 11:32:40.372 DEBUG 18072 --- [io-9060-exec-10] o.s.jdbc.datasource.DataSourceUtils      : Fetching JDBC Connection from DataSource
2026-07-01 11:32:40.373 DEBUG 18072 --- [nio-9060-exec-9] o.s.jdbc.datasource.DataSourceUtils      : Fetching JDBC Connection from DataSource
2026-07-01 11:32:40.376 DEBUG 18072 --- [io-9060-exec-10] o.s.jdbc.core.JdbcTemplate               : Executing SQL query [EXEC dbo.spx_ObtenerSucursalesConexionWeb]
2026-07-01 11:32:40.377 DEBUG 18072 --- [io-9060-exec-10] o.s.jdbc.datasource.DataSourceUtils      : Fetching JDBC Connection from DataSource
2026-07-01 11:32:40.377 DEBUG 18072 --- [nio-9060-exec-9] o.s.jdbc.core.JdbcTemplate               : Executing prepared SQL query
2026-07-01 11:32:40.378 DEBUG 18072 --- [nio-9060-exec-9] o.s.jdbc.core.JdbcTemplate               : Executing prepared SQL statement [SELECT TOP 1 CAST(ut.Id_Vendedor AS INT) AS id_vendedor FROM dbo.tbl_UsuarioTecnico ut WHERE (ut.Id_Usuario = ? OR ut.IdUsuario = ? OR ut.Id = ? OR ut.Id_Tecnico = ? OR ut.IdTecnico = ?)   AND ISNULL(ut.E_Eliminado, 0) = 0 AND ut.Id_Vendedor IS NOT NULL]
2026-07-01 11:32:40.380 DEBUG 18072 --- [io-9060-exec-10] o.s.jdbc.core.JdbcTemplate               : Executing prepared SQL query
2026-07-01 11:32:40.380 DEBUG 18072 --- [nio-9060-exec-9] o.s.jdbc.datasource.DataSourceUtils      : Fetching JDBC Connection from DataSource
2026-07-01 11:32:40.381 DEBUG 18072 --- [io-9060-exec-10] o.s.jdbc.core.JdbcTemplate               : Executing prepared SQL statement [EXEC dbo.spx_Central_BuscarSupervisorPorTecnicoConformacion ?, ?, ?]
2026-07-01 11:32:40.381 DEBUG 18072 --- [io-9060-exec-10] o.s.jdbc.datasource.DataSourceUtils      : Fetching JDBC Connection from DataSource
2026-07-01 11:32:40.383 DEBUG 18072 --- [nio-9060-exec-9] o.s.jdbc.core.JdbcTemplate               : Executing prepared SQL query
2026-07-01 11:32:40.384 DEBUG 18072 --- [nio-9060-exec-9] o.s.jdbc.core.JdbcTemplate               : Executing prepared SQL statement [SELECT TOP 1 CAST(ut.idvendedor AS INT) AS id_vendedor FROM dbo.tbl_usuariotecnico ut WHERE (ut.id_usuario = ? OR ut.idusuario = ? OR ut.id = ? OR ut.id_tecnico = ? OR ut.idtecnico = ?)   AND ISNULL(ut.e_eliminado, 0) = 0 AND ut.idvendedor IS NOT NULL]
2026-07-01 11:32:40.384 DEBUG 18072 --- [nio-9060-exec-9] o.s.jdbc.datasource.DataSourceUtils      : Fetching JDBC Connection from DataSource
2026-07-01 11:32:40.387 DEBUG 18072 --- [nio-9060-exec-9] o.s.jdbc.core.JdbcTemplate               : Executing prepared SQL query
2026-07-01 11:32:40.388 DEBUG 18072 --- [nio-9060-exec-9] o.s.jdbc.core.JdbcTemplate               : Executing prepared SQL statement [SELECT TOP 1 g.id_grupo, ISNULL(g.supervisor_ausente, 0) AS supervisor_ausente, gb.id_grupo_backup, gb.id_usuario_tecnico_temporal, ISNULL(gb.e_activo, 0) AS backup_activo, gb.fecha_inicio, gs.id_usuario AS id_usuario_supervisor FROM dbo.tbl_Grupo g LEFT JOIN dbo.tbl_GrupoSup gs ON gs.id_grupo = g.id_grupo LEFT JOIN dbo.tbl_GrupoBackup gb        ON gb.id_grupo = g.id_grupo       AND ISNULL(gb.e_activo, 0) = 1 WHERE ISNULL(g.e_eliminado, 0) = 0   AND (gs.id_usuario = ? OR gb.id_usuario_tecnico_temporal = ? OR gb.id_usuario_tecnico_temporal = ? OR gb.id_usuario_tecnico_temporal = ?) ORDER BY CASE WHEN gb.id_usuario_tecnico_temporal = ? THEN 0               WHEN gb.id_usuario_tecnico_temporal = ? THEN 1               WHEN gb.id_usuario_tecnico_temporal = ? THEN 2 ELSE 3 END,          gb.id_grupo_backup DESC, g.id_grupo DESC]
2026-07-01 11:32:40.388 DEBUG 18072 --- [io-9060-exec-10] o.s.jdbc.core.JdbcTemplate               : Executing prepared SQL query
2026-07-01 11:32:40.389 DEBUG 18072 --- [nio-9060-exec-9] o.s.jdbc.datasource.DataSourceUtils      : Fetching JDBC Connection from DataSource
2026-07-01 11:32:40.390 DEBUG 18072 --- [io-9060-exec-10] o.s.jdbc.core.JdbcTemplate               : Executing prepared SQL statement [SELECT TOP 1 Nombre FROM dbo.tbl_Usuario WHERE Id_Usuario = ? AND ISNULL(E_Eliminado,0)=0]
2026-07-01 11:32:40.392 DEBUG 18072 --- [io-9060-exec-10] o.s.jdbc.datasource.DataSourceUtils      : Fetching JDBC Connection from DataSource
2026-07-01 11:32:40.394 DEBUG 18072 --- [nio-9060-exec-9] o.s.jdbc.core.JdbcTemplate               : Executing prepared SQL query
2026-07-01 11:32:40.395 DEBUG 18072 --- [nio-9060-exec-9] o.s.jdbc.core.JdbcTemplate               : Executing prepared SQL statement [SELECT TOP 1 CAST(ut.id AS INT) AS id_usuario_tecnico FROM dbo.tbl_UsuarioTecnico ut WHERE (ut.id_usuario = ? OR ut.idusuario = ? OR ut.id_tecnico = ? OR ut.idtecnico = ?)   AND ISNULL(ut.e_eliminado, 0) = 0]
2026-07-01 11:32:40.397 DEBUG 18072 --- [nio-9060-exec-9] o.s.jdbc.datasource.DataSourceUtils      : Fetching JDBC Connection from DataSource
2026-07-01 11:32:40.397 DEBUG 18072 --- [io-9060-exec-10] o.s.w.s.m.m.a.HttpEntityMethodProcessor  : Using 'application/json', given [application/json, text/plain, */*] and supported [application/json, application/*+json, application/json, application/*+json]
2026-07-01 11:32:40.399 DEBUG 18072 --- [io-9060-exec-10] o.s.w.s.m.m.a.HttpEntityMethodProcessor  : Writing [com.example.TigoStarSystem.common.ApiResponse@741d703a]
2026-07-01 11:32:40.399 DEBUG 18072 --- [io-9060-exec-10] o.s.web.servlet.DispatcherServlet        : Completed 200 OK
2026-07-01 11:32:40.400 DEBUG 18072 --- [nio-9060-exec-9] o.s.jdbc.core.JdbcTemplate               : Executing prepared SQL query
2026-07-01 11:32:40.401 DEBUG 18072 --- [nio-9060-exec-9] o.s.jdbc.core.JdbcTemplate               : Executing prepared SQL statement [SELECT TOP 1 CAST(ut.Id AS INT) AS id_usuario_tecnico FROM dbo.tbl_UsuarioTecnico ut WHERE (ut.Id_Usuario = ? OR ut.IdUsuario = ? OR ut.Id_Tecnico = ? OR ut.IdTecnico = ?)   AND ISNULL(ut.E_Eliminado, 0) = 0]
2026-07-01 11:32:40.401 DEBUG 18072 --- [nio-9060-exec-9] o.s.jdbc.datasource.DataSourceUtils      : Fetching JDBC Connection from DataSource
2026-07-01 11:32:40.404 DEBUG 18072 --- [nio-9060-exec-9] o.s.jdbc.core.JdbcTemplate               : Executing prepared SQL query
2026-07-01 11:32:40.405 DEBUG 18072 --- [nio-9060-exec-9] o.s.jdbc.core.JdbcTemplate               : Executing prepared SQL statement [SELECT TOP 1 CAST(ut.id AS INT) AS id_usuario_tecnico FROM dbo.tbl_usuariotecnico ut WHERE (ut.id_usuario = ? OR ut.idusuario = ? OR ut.id_tecnico = ? OR ut.idtecnico = ?)   AND ISNULL(ut.e_eliminado, 0) = 0]
2026-07-01 11:32:40.406 DEBUG 18072 --- [nio-9060-exec-9] o.s.jdbc.datasource.DataSourceUtils      : Fetching JDBC Connection from DataSource
2026-07-01 11:32:40.409 DEBUG 18072 --- [nio-9060-exec-9] o.s.jdbc.core.JdbcTemplate               : Executing prepared SQL query
2026-07-01 11:32:40.409 DEBUG 18072 --- [nio-9060-exec-9] o.s.jdbc.core.JdbcTemplate               : Executing prepared SQL statement [SELECT TOP 1 CAST(ut.id AS INT) AS id_usuario_tecnico FROM dbo.tbl_usuaritecnico ut WHERE (ut.id_usuario = ? OR ut.idusuario = ? OR ut.id_tecnico = ? OR ut.idtecnico = ?)   AND ISNULL(ut.e_eliminado, 0) = 0]
2026-07-01 11:32:40.410 DEBUG 18072 --- [nio-9060-exec-9] o.s.jdbc.datasource.DataSourceUtils      : Fetching JDBC Connection from DataSource
2026-07-01 11:32:40.412 DEBUG 18072 --- [nio-9060-exec-9] o.s.jdbc.core.JdbcTemplate               : Executing prepared SQL query
2026-07-01 11:32:40.414 DEBUG 18072 --- [nio-9060-exec-9] o.s.jdbc.core.JdbcTemplate               : Executing prepared SQL statement [SELECT TOP 1 CAST(ut.id_vendedor AS INT) AS id_vendedor FROM dbo.tbl_UsuarioTecnico ut WHERE (ut.id_usuario = ? OR ut.idusuario = ? OR ut.id = ? OR ut.id_tecnico = ? OR ut.idtecnico = ?)   AND ISNULL(ut.e_eliminado, 0) = 0 AND ut.id_vendedor IS NOT NULL]
2026-07-01 11:32:40.415 DEBUG 18072 --- [nio-9060-exec-9] o.s.jdbc.datasource.DataSourceUtils      : Fetching JDBC Connection from DataSource
2026-07-01 11:32:40.417 DEBUG 18072 --- [nio-9060-exec-9] o.s.jdbc.core.JdbcTemplate               : Executing prepared SQL query
2026-07-01 11:32:40.418 DEBUG 18072 --- [nio-9060-exec-9] o.s.jdbc.core.JdbcTemplate               : Executing prepared SQL statement [SELECT TOP 1 CAST(ut.Id_Vendedor AS INT) AS id_vendedor FROM dbo.tbl_UsuarioTecnico ut WHERE (ut.Id_Usuario = ? OR ut.IdUsuario = ? OR ut.Id = ? OR ut.Id_Tecnico = ? OR ut.IdTecnico = ?)   AND ISNULL(ut.E_Eliminado, 0) = 0 AND ut.Id_Vendedor IS NOT NULL]
2026-07-01 11:32:40.418 DEBUG 18072 --- [nio-9060-exec-9] o.s.jdbc.datasource.DataSourceUtils      : Fetching JDBC Connection from DataSource
2026-07-01 11:32:40.420 DEBUG 18072 --- [nio-9060-exec-9] o.s.jdbc.core.JdbcTemplate               : Executing prepared SQL query
2026-07-01 11:32:40.421 DEBUG 18072 --- [nio-9060-exec-9] o.s.jdbc.core.JdbcTemplate               : Executing prepared SQL statement [SELECT TOP 1 CAST(ut.idvendedor AS INT) AS id_vendedor FROM dbo.tbl_usuariotecnico ut WHERE (ut.id_usuario = ? OR ut.idusuario = ? OR ut.id = ? OR ut.id_tecnico = ? OR ut.idtecnico = ?)   AND ISNULL(ut.e_eliminado, 0) = 0 AND ut.idvendedor IS NOT NULL]
2026-07-01 11:32:40.423 DEBUG 18072 --- [nio-9060-exec-9] o.s.jdbc.datasource.DataSourceUtils      : Fetching JDBC Connection from DataSource
2026-07-01 11:32:40.425 DEBUG 18072 --- [nio-9060-exec-9] o.s.jdbc.core.JdbcTemplate               : Executing prepared SQL query
2026-07-01 11:32:40.426 DEBUG 18072 --- [nio-9060-exec-9] o.s.jdbc.core.JdbcTemplate               : Executing prepared SQL statement [SELECT TOP 1 g.id_grupo, ISNULL(g.supervisor_ausente, 0) AS supervisor_ausente, gb.id_grupo_backup, gb.id_usuario_tecnico_temporal, ISNULL(gb.e_activo, 0) AS backup_activo, gb.fecha_inicio, gs.id_usuario AS id_usuario_supervisor FROM dbo.tbl_Grupo g LEFT JOIN dbo.tbl_GrupoSup gs ON gs.id_grupo = g.id_grupo LEFT JOIN dbo.tbl_GrupoBackup gb        ON gb.id_grupo = g.id_grupo       AND ISNULL(gb.e_activo, 0) = 1 WHERE ISNULL(g.e_eliminado, 0) = 0   AND (gs.id_usuario = ? OR gb.id_usuario_tecnico_temporal = ? OR gb.id_usuario_tecnico_temporal = ? OR gb.id_usuario_tecnico_temporal = ?) ORDER BY CASE WHEN gb.id_usuario_tecnico_temporal = ? THEN 0               WHEN gb.id_usuario_tecnico_temporal = ? THEN 1               WHEN gb.id_usuario_tecnico_temporal = ? THEN 2 ELSE 3 END,          gb.id_grupo_backup DESC, g.id_grupo DESC]
2026-07-01 11:32:40.426 DEBUG 18072 --- [nio-9060-exec-9] o.s.jdbc.datasource.DataSourceUtils      : Fetching JDBC Connection from DataSource
2026-07-01 11:32:40.428 DEBUG 18072 --- [nio-9060-exec-9] o.s.jdbc.core.JdbcTemplate               : Executing SQL update [IF OBJECT_ID('dbo.backup_temporal', 'U') IS NULL BEGIN CREATE TABLE dbo.backup_temporal (id_backup_temporal INT IDENTITY(1,1) NOT NULL PRIMARY KEY, id_usuario INT NOT NULL, id_grupo INT NULL, id_rol_temporal INT NOT NULL, e_activo BIT NOT NULL CONSTRAINT DF_backup_temporal_e_activo DEFAULT(1), fecha_inicio DATETIME NOT NULL CONSTRAINT DF_backup_temporal_fecha_inicio DEFAULT(GETDATE()), fecha_fin DATETIME NULL, fecha_registro DATETIME NOT NULL CONSTRAINT DF_backup_temporal_fecha_registro DEFAULT(GETDATE()), fecha_actualizacion DATETIME NULL); END]
2026-07-01 11:32:40.430 DEBUG 18072 --- [nio-9060-exec-9] o.s.jdbc.datasource.DataSourceUtils      : Fetching JDBC Connection from DataSource
2026-07-01 11:32:40.432 DEBUG 18072 --- [nio-9060-exec-9] o.s.jdbc.core.JdbcTemplate               : Executing SQL update [IF COL_LENGTH('dbo.backup_temporal', 'id_grupo') IS NULL BEGIN ALTER TABLE dbo.backup_temporal ADD id_grupo INT NULL; END]
2026-07-01 11:32:40.433 DEBUG 18072 --- [nio-9060-exec-9] o.s.jdbc.datasource.DataSourceUtils      : Fetching JDBC Connection from DataSource
2026-07-01 11:32:40.434 DEBUG 18072 --- [nio-9060-exec-9] o.s.jdbc.core.JdbcTemplate               : Executing SQL update [IF NOT EXISTS (SELECT 1 FROM sys.indexes WHERE object_id = OBJECT_ID('dbo.backup_temporal')   AND name = 'IX_backup_temporal_usuario_activo') BEGIN CREATE INDEX IX_backup_temporal_usuario_activo ON dbo.backup_temporal(id_usuario, e_activo, fecha_fin); END]
2026-07-01 11:32:40.435 DEBUG 18072 --- [nio-9060-exec-9] o.s.jdbc.datasource.DataSourceUtils      : Fetching JDBC Connection from DataSource
2026-07-01 11:32:40.437 DEBUG 18072 --- [nio-9060-exec-9] o.s.jdbc.core.JdbcTemplate               : Executing prepared SQL query
2026-07-01 11:32:40.438 DEBUG 18072 --- [nio-9060-exec-9] o.s.jdbc.core.JdbcTemplate               : Executing prepared SQL statement [SELECT TOP 1 CAST(ut.id AS INT) AS alt_id FROM dbo.tbl_UsuarioTecnico ut WHERE (ut.id_usuario = ? OR ut.idusuario = ? OR ut.id_tecnico = ? OR ut.idtecnico = ?)   AND ISNULL(ut.e_eliminado, 0) = 0]
2026-07-01 11:32:40.439 DEBUG 18072 --- [nio-9060-exec-9] o.s.jdbc.datasource.DataSourceUtils      : Fetching JDBC Connection from DataSource
2026-07-01 11:32:40.441 DEBUG 18072 --- [nio-9060-exec-9] o.s.jdbc.core.JdbcTemplate               : Executing prepared SQL query
2026-07-01 11:32:40.442 DEBUG 18072 --- [nio-9060-exec-9] o.s.jdbc.core.JdbcTemplate               : Executing prepared SQL statement [SELECT TOP 1 CAST(ut.id_vendedor AS INT) AS alt_id FROM dbo.tbl_UsuarioTecnico ut WHERE (ut.id_usuario = ? OR ut.idusuario = ? OR ut.id_tecnico = ? OR ut.idtecnico = ?)   AND ISNULL(ut.e_eliminado, 0) = 0   AND ut.id_vendedor IS NOT NULL]
2026-07-01 11:32:40.442 DEBUG 18072 --- [nio-9060-exec-9] o.s.jdbc.datasource.DataSourceUtils      : Fetching JDBC Connection from DataSource
2026-07-01 11:32:40.445 DEBUG 18072 --- [nio-9060-exec-9] o.s.jdbc.core.JdbcTemplate               : Executing prepared SQL query
2026-07-01 11:32:40.446 DEBUG 18072 --- [nio-9060-exec-9] o.s.jdbc.core.JdbcTemplate               : Executing prepared SQL statement [SELECT TOP 1 CAST(ut.Id AS INT) AS alt_id FROM dbo.tbl_UsuarioTecnico ut WHERE (ut.Id_Usuario = ? OR ut.IdUsuario = ? OR ut.Id_Tecnico = ? OR ut.IdTecnico = ?)   AND ISNULL(ut.E_Eliminado, 0) = 0]
2026-07-01 11:32:40.447 DEBUG 18072 --- [nio-9060-exec-9] o.s.jdbc.datasource.DataSourceUtils      : Fetching JDBC Connection from DataSource
2026-07-01 11:32:40.449 DEBUG 18072 --- [nio-9060-exec-9] o.s.jdbc.core.JdbcTemplate               : Executing prepared SQL query
2026-07-01 11:32:40.449 DEBUG 18072 --- [nio-9060-exec-9] o.s.jdbc.core.JdbcTemplate               : Executing prepared SQL statement [SELECT TOP 1 CAST(ut.Id_Vendedor AS INT) AS alt_id FROM dbo.tbl_UsuarioTecnico ut WHERE (ut.Id_Usuario = ? OR ut.IdUsuario = ? OR ut.Id_Tecnico = ? OR ut.IdTecnico = ?)   AND ISNULL(ut.E_Eliminado, 0) = 0   AND ut.Id_Vendedor IS NOT NULL]
2026-07-01 11:32:40.450 DEBUG 18072 --- [nio-9060-exec-9] o.s.jdbc.datasource.DataSourceUtils      : Fetching JDBC Connection from DataSource
2026-07-01 11:32:40.452 DEBUG 18072 --- [nio-9060-exec-9] o.s.jdbc.core.JdbcTemplate               : Executing prepared SQL query
2026-07-01 11:32:40.452 DEBUG 18072 --- [nio-9060-exec-9] o.s.jdbc.core.JdbcTemplate               : Executing prepared SQL statement [SELECT TOP 1 CAST(ut.id AS INT) AS alt_id FROM dbo.tbl_usuariotecnico ut WHERE (ut.id_usuario = ? OR ut.idusuario = ? OR ut.id_tecnico = ? OR ut.idtecnico = ?)   AND ISNULL(ut.e_eliminado, 0) = 0]
2026-07-01 11:32:40.453 DEBUG 18072 --- [nio-9060-exec-9] o.s.jdbc.datasource.DataSourceUtils      : Fetching JDBC Connection from DataSource
2026-07-01 11:32:40.456 DEBUG 18072 --- [nio-9060-exec-9] o.s.jdbc.core.JdbcTemplate               : Executing prepared SQL query
2026-07-01 11:32:40.457 DEBUG 18072 --- [nio-9060-exec-9] o.s.jdbc.core.JdbcTemplate               : Executing prepared SQL statement [SELECT TOP 1 CAST(ut.id_vendedor AS INT) AS alt_id FROM dbo.tbl_usuariotecnico ut WHERE (ut.id_usuario = ? OR ut.idusuario = ? OR ut.id_tecnico = ? OR ut.idtecnico = ?)   AND ISNULL(ut.e_eliminado, 0) = 0   AND ut.id_vendedor IS NOT NULL]
2026-07-01 11:32:40.457 DEBUG 18072 --- [nio-9060-exec-9] o.s.jdbc.datasource.DataSourceUtils      : Fetching JDBC Connection from DataSource
2026-07-01 11:32:40.460 DEBUG 18072 --- [nio-9060-exec-9] o.s.jdbc.core.JdbcTemplate               : Executing prepared SQL query
2026-07-01 11:32:40.460 DEBUG 18072 --- [nio-9060-exec-9] o.s.jdbc.core.JdbcTemplate               : Executing prepared SQL statement [SELECT TOP 1 CAST(ut.id AS INT) AS alt_id FROM dbo.tbl_UsuarioTecnico ut WHERE (ut.id_usuario = ? OR ut.idusuario = ? OR ut.id_tecnico = ? OR ut.idtecnico = ?)   AND ISNULL(ut.e_eliminado, 0) = 0]
2026-07-01 11:32:40.461 DEBUG 18072 --- [nio-9060-exec-9] o.s.jdbc.datasource.DataSourceUtils      : Fetching JDBC Connection from DataSource
2026-07-01 11:32:40.463 DEBUG 18072 --- [nio-9060-exec-9] o.s.jdbc.core.JdbcTemplate               : Executing prepared SQL query
2026-07-01 11:32:40.464 DEBUG 18072 --- [nio-9060-exec-9] o.s.jdbc.core.JdbcTemplate               : Executing prepared SQL statement [SELECT TOP 1 CAST(ut.id_vendedor AS INT) AS alt_id FROM dbo.tbl_UsuarioTecnico ut WHERE (ut.id_usuario = ? OR ut.idusuario = ? OR ut.id_tecnico = ? OR ut.idtecnico = ?)   AND ISNULL(ut.e_eliminado, 0) = 0   AND ut.id_vendedor IS NOT NULL]
2026-07-01 11:32:40.465 DEBUG 18072 --- [nio-9060-exec-9] o.s.jdbc.datasource.DataSourceUtils      : Fetching JDBC Connection from DataSource
2026-07-01 11:32:40.467 DEBUG 18072 --- [nio-9060-exec-9] o.s.jdbc.core.JdbcTemplate               : Executing prepared SQL query
2026-07-01 11:32:40.468 DEBUG 18072 --- [nio-9060-exec-9] o.s.jdbc.core.JdbcTemplate               : Executing prepared SQL statement [SELECT TOP 1 CAST(ut.Id AS INT) AS alt_id FROM dbo.tbl_UsuarioTecnico ut WHERE (ut.Id_Usuario = ? OR ut.IdUsuario = ? OR ut.Id_Tecnico = ? OR ut.IdTecnico = ?)   AND ISNULL(ut.E_Eliminado, 0) = 0]
2026-07-01 11:32:40.468 DEBUG 18072 --- [nio-9060-exec-9] o.s.jdbc.datasource.DataSourceUtils      : Fetching JDBC Connection from DataSource
2026-07-01 11:32:40.471 DEBUG 18072 --- [nio-9060-exec-9] o.s.jdbc.core.JdbcTemplate               : Executing prepared SQL query
2026-07-01 11:32:40.473 DEBUG 18072 --- [nio-9060-exec-9] o.s.jdbc.core.JdbcTemplate               : Executing prepared SQL statement [SELECT TOP 1 CAST(ut.Id_Vendedor AS INT) AS alt_id FROM dbo.tbl_UsuarioTecnico ut WHERE (ut.Id_Usuario = ? OR ut.IdUsuario = ? OR ut.Id_Tecnico = ? OR ut.IdTecnico = ?)   AND ISNULL(ut.E_Eliminado, 0) = 0   AND ut.Id_Vendedor IS NOT NULL]
2026-07-01 11:32:40.473 DEBUG 18072 --- [nio-9060-exec-9] o.s.jdbc.datasource.DataSourceUtils      : Fetching JDBC Connection from DataSource
2026-07-01 11:32:40.476 DEBUG 18072 --- [nio-9060-exec-9] o.s.jdbc.core.JdbcTemplate               : Executing prepared SQL query
2026-07-01 11:32:40.476 DEBUG 18072 --- [nio-9060-exec-9] o.s.jdbc.core.JdbcTemplate               : Executing prepared SQL statement [SELECT TOP 1 CAST(ut.id AS INT) AS alt_id FROM dbo.tbl_usuariotecnico ut WHERE (ut.id_usuario = ? OR ut.idusuario = ? OR ut.id_tecnico = ? OR ut.idtecnico = ?)   AND ISNULL(ut.e_eliminado, 0) = 0]
2026-07-01 11:32:40.477 DEBUG 18072 --- [nio-9060-exec-9] o.s.jdbc.datasource.DataSourceUtils      : Fetching JDBC Connection from DataSource
2026-07-01 11:32:40.479 DEBUG 18072 --- [nio-9060-exec-9] o.s.jdbc.core.JdbcTemplate               : Executing prepared SQL query
2026-07-01 11:32:40.480 DEBUG 18072 --- [nio-9060-exec-9] o.s.jdbc.core.JdbcTemplate               : Executing prepared SQL statement [SELECT TOP 1 CAST(ut.id_vendedor AS INT) AS alt_id FROM dbo.tbl_usuariotecnico ut WHERE (ut.id_usuario = ? OR ut.idusuario = ? OR ut.id_tecnico = ? OR ut.idtecnico = ?)   AND ISNULL(ut.e_eliminado, 0) = 0   AND ut.id_vendedor IS NOT NULL]
2026-07-01 11:32:40.481 DEBUG 18072 --- [nio-9060-exec-9] o.s.jdbc.datasource.DataSourceUtils      : Fetching JDBC Connection from DataSource
2026-07-01 11:32:40.484 DEBUG 18072 --- [nio-9060-exec-9] o.s.jdbc.core.JdbcTemplate               : Executing prepared SQL query
2026-07-01 11:32:40.484 DEBUG 18072 --- [nio-9060-exec-9] o.s.jdbc.core.JdbcTemplate               : Executing prepared SQL statement [SELECT TOP 1 CAST(ut.id AS INT) AS alt_id FROM dbo.tbl_UsuarioTecnico ut WHERE (ut.id_usuario = ? OR ut.idusuario = ? OR ut.id_tecnico = ? OR ut.idtecnico = ?)   AND ISNULL(ut.e_eliminado, 0) = 0]
2026-07-01 11:32:40.485 DEBUG 18072 --- [nio-9060-exec-9] o.s.jdbc.datasource.DataSourceUtils      : Fetching JDBC Connection from DataSource
2026-07-01 11:32:40.489 DEBUG 18072 --- [nio-9060-exec-9] o.s.jdbc.core.JdbcTemplate               : Executing prepared SQL query
2026-07-01 11:32:40.489 DEBUG 18072 --- [nio-9060-exec-9] o.s.jdbc.core.JdbcTemplate               : Executing prepared SQL statement [SELECT TOP 1 CAST(ut.id_vendedor AS INT) AS alt_id FROM dbo.tbl_UsuarioTecnico ut WHERE (ut.id_usuario = ? OR ut.idusuario = ? OR ut.id_tecnico = ? OR ut.idtecnico = ?)   AND ISNULL(ut.e_eliminado, 0) = 0   AND ut.id_vendedor IS NOT NULL]
2026-07-01 11:32:40.490 DEBUG 18072 --- [nio-9060-exec-9] o.s.jdbc.datasource.DataSourceUtils      : Fetching JDBC Connection from DataSource
2026-07-01 11:32:40.494 DEBUG 18072 --- [nio-9060-exec-9] o.s.jdbc.core.JdbcTemplate               : Executing prepared SQL query
2026-07-01 11:32:40.494 DEBUG 18072 --- [nio-9060-exec-9] o.s.jdbc.core.JdbcTemplate               : Executing prepared SQL statement [SELECT TOP 1 CAST(ut.Id AS INT) AS alt_id FROM dbo.tbl_UsuarioTecnico ut WHERE (ut.Id_Usuario = ? OR ut.IdUsuario = ? OR ut.Id_Tecnico = ? OR ut.IdTecnico = ?)   AND ISNULL(ut.E_Eliminado, 0) = 0]
2026-07-01 11:32:40.494 DEBUG 18072 --- [nio-9060-exec-9] o.s.jdbc.datasource.DataSourceUtils      : Fetching JDBC Connection from DataSource
2026-07-01 11:32:40.498 DEBUG 18072 --- [nio-9060-exec-9] o.s.jdbc.core.JdbcTemplate               : Executing prepared SQL query
2026-07-01 11:32:40.499 DEBUG 18072 --- [nio-9060-exec-9] o.s.jdbc.core.JdbcTemplate               : Executing prepared SQL statement [SELECT TOP 1 CAST(ut.Id_Vendedor AS INT) AS alt_id FROM dbo.tbl_UsuarioTecnico ut WHERE (ut.Id_Usuario = ? OR ut.IdUsuario = ? OR ut.Id_Tecnico = ? OR ut.IdTecnico = ?)   AND ISNULL(ut.E_Eliminado, 0) = 0   AND ut.Id_Vendedor IS NOT NULL]
2026-07-01 11:32:40.500 DEBUG 18072 --- [nio-9060-exec-9] o.s.jdbc.datasource.DataSourceUtils      : Fetching JDBC Connection from DataSource
2026-07-01 11:32:40.503 DEBUG 18072 --- [nio-9060-exec-9] o.s.jdbc.core.JdbcTemplate               : Executing prepared SQL query
2026-07-01 11:32:40.503 DEBUG 18072 --- [nio-9060-exec-9] o.s.jdbc.core.JdbcTemplate               : Executing prepared SQL statement [SELECT TOP 1 CAST(ut.id AS INT) AS alt_id FROM dbo.tbl_usuariotecnico ut WHERE (ut.id_usuario = ? OR ut.idusuario = ? OR ut.id_tecnico = ? OR ut.idtecnico = ?)   AND ISNULL(ut.e_eliminado, 0) = 0]
2026-07-01 11:32:40.504 DEBUG 18072 --- [nio-9060-exec-9] o.s.jdbc.datasource.DataSourceUtils      : Fetching JDBC Connection from DataSource
2026-07-01 11:32:40.508 DEBUG 18072 --- [nio-9060-exec-9] o.s.jdbc.core.JdbcTemplate               : Executing prepared SQL query
2026-07-01 11:32:40.509 DEBUG 18072 --- [nio-9060-exec-9] o.s.jdbc.core.JdbcTemplate               : Executing prepared SQL statement [SELECT TOP 1 CAST(ut.id_vendedor AS INT) AS alt_id FROM dbo.tbl_usuariotecnico ut WHERE (ut.id_usuario = ? OR ut.idusuario = ? OR ut.id_tecnico = ? OR ut.idtecnico = ?)   AND ISNULL(ut.e_eliminado, 0) = 0   AND ut.id_vendedor IS NOT NULL]
2026-07-01 11:32:40.510 DEBUG 18072 --- [nio-9060-exec-9] o.s.jdbc.datasource.DataSourceUtils      : Fetching JDBC Connection from DataSource
2026-07-01 11:32:40.513 DEBUG 18072 --- [nio-9060-exec-9] o.s.jdbc.core.JdbcTemplate               : Executing prepared SQL query
2026-07-01 11:32:40.514 DEBUG 18072 --- [nio-9060-exec-9] o.s.jdbc.core.JdbcTemplate               : Executing prepared SQL statement [SELECT TOP 1 1 AS ok FROM dbo.backup_temporal bt WHERE bt.id_usuario = ?   AND ISNULL(bt.e_activo, 1) = 1   AND (bt.fecha_fin IS NULL OR bt.fecha_fin > GETDATE()) ORDER BY bt.id_backup_temporal DESC]
2026-07-01 11:32:40.514 DEBUG 18072 --- [nio-9060-exec-9] o.s.jdbc.datasource.DataSourceUtils      : Fetching JDBC Connection from DataSource
2026-07-01 11:32:40.516  INFO 18072 --- [nio-9060-exec-9] c.e.T.p.service.PrivilegioService        : [PERMISOS] idUsuarioSesion=57, rolSesion=Tecnico, backupContexto=false, backupTemporal=false, idGrupo=null, idSupervisorContexto=null, idRolPermisos=8, idUsuarioPermisos=57
2026-07-01 11:32:40.517 DEBUG 18072 --- [nio-9060-exec-9] o.s.jdbc.core.JdbcTemplate               : Executing SQL query [EXEC dbo.spx_ObtenerPrivilegiosRoles]
2026-07-01 11:32:40.517 DEBUG 18072 --- [nio-9060-exec-9] o.s.jdbc.datasource.DataSourceUtils      : Fetching JDBC Connection from DataSource
2026-07-01 11:32:40.522 DEBUG 18072 --- [nio-9060-exec-9] o.s.jdbc.core.JdbcTemplate               : Executing prepared SQL query
2026-07-01 11:32:40.522 DEBUG 18072 --- [nio-9060-exec-9] o.s.jdbc.core.JdbcTemplate               : Executing prepared SQL statement [EXEC dbo.spx_ObtenerPrivilegiosRolDetalle ?]
2026-07-01 11:32:40.523 DEBUG 18072 --- [nio-9060-exec-9] o.s.jdbc.datasource.DataSourceUtils      : Fetching JDBC Connection from DataSource
2026-07-01 11:32:40.535 DEBUG 18072 --- [nio-9060-exec-9] o.s.w.s.m.m.a.HttpEntityMethodProcessor  : Using 'application/json', given [application/json, text/plain, */*] and supported [application/json, application/*+json, application/json, application/*+json]
2026-07-01 11:32:40.536 DEBUG 18072 --- [nio-9060-exec-9] o.s.w.s.m.m.a.HttpEntityMethodProcessor  : Writing [com.example.TigoStarSystem.common.ApiResponse@2765f02]
2026-07-01 11:32:40.537 DEBUG 18072 --- [nio-9060-exec-9] o.s.web.servlet.DispatcherServlet        : Completed 200 OK
2026-07-01 11:32:40.962 DEBUG 18072 --- [nio-9060-exec-1] o.s.web.servlet.DispatcherServlet        : GET "/tecnico/inicio-jornada/estado?sucursal=Tarija", parameters={masked}
2026-07-01 11:32:40.964 DEBUG 18072 --- [nio-9060-exec-1] s.w.s.m.m.a.RequestMappingHandlerMapping : Mapped to com.example.TigoStarSystem.tecnicoiniciojornada.controller.TecnicoInicioJornadaController#estado(String, String)
2026-07-01 11:32:40.969 DEBUG 18072 --- [nio-9060-exec-1] o.s.jdbc.core.JdbcTemplate               : Executing prepared SQL query
2026-07-01 11:32:40.970 DEBUG 18072 --- [nio-9060-exec-1] o.s.jdbc.core.JdbcTemplate               : Executing prepared SQL statement [EXEC dbo.SP_InicioJornada_MarcarNoCierreAtrasado ?]
2026-07-01 11:32:40.970 DEBUG 18072 --- [nio-9060-exec-1] o.s.jdbc.datasource.DataSourceUtils      : Fetching JDBC Connection from DataSource
2026-07-01 11:32:40.975 DEBUG 18072 --- [nio-9060-exec-1] o.s.jdbc.core.JdbcTemplate               : Executing prepared SQL query
2026-07-01 11:32:40.976 DEBUG 18072 --- [nio-9060-exec-1] o.s.jdbc.core.JdbcTemplate               : Executing prepared SQL statement [SELECT TOP 1 id_inicio, id_tecnico, fecha_registro, fecha_cierre, pendiente, no_marco_cierre FROM dbo.tbl_InicioJornadaAlturas WHERE id_tecnico = ?   AND CAST(fecha_registro AS DATE) = CAST(DATEADD(DAY, -1, GETDATE()) AS DATE)   AND fecha_cierre IS NULL   AND ISNULL(e_eliminado, 0) = 0   AND ISNULL(no_marco_cierre, 0) = 1 ORDER BY fecha_registro DESC, id_inicio DESC]
2026-07-01 11:32:40.976 DEBUG 18072 --- [nio-9060-exec-1] o.s.jdbc.datasource.DataSourceUtils      : Fetching JDBC Connection from DataSource
2026-07-01 11:32:40.979 DEBUG 18072 --- [nio-9060-exec-1] o.s.jdbc.core.JdbcTemplate               : Executing prepared SQL query
2026-07-01 11:32:40.979 DEBUG 18072 --- [nio-9060-exec-1] o.s.jdbc.core.JdbcTemplate               : Executing prepared SQL statement [EXEC dbo.SP_InicioJornada_ExisteRegistroHoy ?]
2026-07-01 11:32:40.979 DEBUG 18072 --- [nio-9060-exec-1] o.s.jdbc.datasource.DataSourceUtils      : Fetching JDBC Connection from DataSource
2026-07-01 11:32:40.982 DEBUG 18072 --- [nio-9060-exec-1] o.s.jdbc.core.JdbcTemplate               : Executing SQL query [EXEC dbo.spx_ObtenerSucursalesConexionWeb]
2026-07-01 11:32:40.983 DEBUG 18072 --- [nio-9060-exec-1] o.s.jdbc.datasource.DataSourceUtils      : Fetching JDBC Connection from DataSource
2026-07-01 11:32:40.986 DEBUG 18072 --- [nio-9060-exec-1] o.s.jdbc.core.JdbcTemplate               : Executing prepared SQL query
2026-07-01 11:32:40.987 DEBUG 18072 --- [nio-9060-exec-1] o.s.jdbc.core.JdbcTemplate               : Executing prepared SQL statement [EXEC dbo.spx_Central_BuscarSupervisorPorTecnicoConformacion ?, ?, ?]
2026-07-01 11:32:40.987 DEBUG 18072 --- [nio-9060-exec-1] o.s.jdbc.datasource.DataSourceUtils      : Fetching JDBC Connection from DataSource
2026-07-01 11:32:40.992 DEBUG 18072 --- [nio-9060-exec-1] o.s.jdbc.core.JdbcTemplate               : Executing prepared SQL query
2026-07-01 11:32:40.992 DEBUG 18072 --- [nio-9060-exec-1] o.s.jdbc.core.JdbcTemplate               : Executing prepared SQL statement [SELECT TOP 1 Nombre FROM dbo.tbl_Usuario WHERE Id_Usuario = ? AND ISNULL(E_Eliminado,0)=0]
2026-07-01 11:32:40.992 DEBUG 18072 --- [nio-9060-exec-1] o.s.jdbc.datasource.DataSourceUtils      : Fetching JDBC Connection from DataSource
2026-07-01 11:32:40.999 DEBUG 18072 --- [nio-9060-exec-1] o.s.w.s.m.m.a.HttpEntityMethodProcessor  : Using 'application/json', given [application/json, text/plain, */*] and supported [application/json, application/*+json, application/json, application/*+json]
2026-07-01 11:32:41.000 DEBUG 18072 --- [nio-9060-exec-1] o.s.w.s.m.m.a.HttpEntityMethodProcessor  : Writing [com.example.TigoStarSystem.common.ApiResponse@5625bef7]
2026-07-01 11:32:41.001 DEBUG 18072 --- [nio-9060-exec-1] o.s.web.servlet.DispatcherServlet        : Completed 200 OK
2026-07-01 11:32:41.563 DEBUG 18072 --- [nio-9060-exec-4] o.s.web.servlet.DispatcherServlet        : GET "/auth/sucursales", parameters={}
2026-07-01 11:32:41.566 DEBUG 18072 --- [nio-9060-exec-4] s.w.s.m.m.a.RequestMappingHandlerMapping : Mapped to com.example.TigoStarSystem.auth.controller.AuthController#listarSucursales()
2026-07-01 11:32:41.568  INFO 18072 --- [nio-9060-exec-4] c.e.T.auth.controller.AuthController     : Request GET /auth/sucursales
2026-07-01 11:32:41.569 DEBUG 18072 --- [nio-9060-exec-4] o.s.jdbc.core.JdbcTemplate               : Executing SQL query [EXEC dbo.spx_ObtenerSucursalesConexionWeb]
2026-07-01 11:32:41.569 DEBUG 18072 --- [nio-9060-exec-4] o.s.jdbc.datasource.DataSourceUtils      : Fetching JDBC Connection from DataSource
2026-07-01 11:32:41.619 DEBUG 18072 --- [nio-9060-exec-4] o.s.w.s.m.m.a.HttpEntityMethodProcessor  : Using 'application/json', given [application/json, text/plain, */*] and supported [application/json, application/*+json, application/json, application/*+json]
2026-07-01 11:32:41.621 DEBUG 18072 --- [nio-9060-exec-4] o.s.w.s.m.m.a.HttpEntityMethodProcessor  : Writing [com.example.TigoStarSystem.common.ApiResponse@5c373337]
2026-07-01 11:32:41.623 DEBUG 18072 --- [nio-9060-exec-4] o.s.web.servlet.DispatcherServlet        : Completed 200 OK
2026-07-01 11:32:41.634 DEBUG 18072 --- [nio-9060-exec-2] o.s.web.servlet.DispatcherServlet        : GET "/tecnico/inicio-jornada/cierre-estado", parameters={}
2026-07-01 11:32:41.634 DEBUG 18072 --- [nio-9060-exec-3] o.s.web.servlet.DispatcherServlet        : GET "/ot/spx_ExisteCierreAlmacen?fecha=2026-07-01&idSucursal=7", parameters={masked}
2026-07-01 11:32:41.634 DEBUG 18072 --- [nio-9060-exec-5] o.s.web.servlet.DispatcherServlet        : GET "/catalogos/rutas?tecnicoId=57&idSucursal=7", parameters={masked}
2026-07-01 11:32:41.635 DEBUG 18072 --- [nio-9060-exec-7] o.s.web.servlet.DispatcherServlet        : GET "/ListaOt?fecha=2026-07-01&idUsuario=57&rol=Tecnico", parameters={masked}
2026-07-01 11:32:41.635 DEBUG 18072 --- [nio-9060-exec-6] o.s.web.servlet.DispatcherServlet        : GET "/ot/finalizadas?fecha=2026-07-01&usuario=57&idSucursal=7", parameters={masked}
2026-07-01 11:32:41.639 DEBUG 18072 --- [nio-9060-exec-2] s.w.s.m.m.a.RequestMappingHandlerMapping : Mapped to com.example.TigoStarSystem.tecnicoiniciojornada.controller.TecnicoInicioJornadaController#estadoCierre(String)
2026-07-01 11:32:41.640 DEBUG 18072 --- [nio-9060-exec-3] s.w.s.m.m.a.RequestMappingHandlerMapping : Mapped to com.example.TigoStarSystem.ot.controller.OtController#validarRegistroAgenda(String, LocalDate)
2026-07-01 11:32:41.640 DEBUG 18072 --- [nio-9060-exec-5] s.w.s.m.m.a.RequestMappingHandlerMapping : Mapped to com.example.TigoStarSystem.catalogo.controller.CatalogoController#listarRutas(String, Integer, Integer, Integer)
2026-07-01 11:32:41.641 DEBUG 18072 --- [nio-9060-exec-7] s.w.s.m.m.a.RequestMappingHandlerMapping : Mapped to com.example.TigoStarSystem.ot.controller.ListaOtController#listar(String, String, String, Integer, String, String, List)
2026-07-01 11:32:41.642 DEBUG 18072 --- [nio-9060-exec-6] s.w.s.m.m.a.RequestMappingHandlerMapping : Mapped to com.example.TigoStarSystem.ot.controller.OtController#listarOtFinalizadas(String, LocalDate, Integer)
2026-07-01 11:32:41.644 DEBUG 18072 --- [nio-9060-exec-2] o.s.jdbc.core.JdbcTemplate               : Executing prepared SQL query
2026-07-01 11:32:41.645 DEBUG 18072 --- [nio-9060-exec-2] o.s.jdbc.core.JdbcTemplate               : Executing prepared SQL statement [EXEC dbo.SP_InicioJornada_MarcarNoCierreAtrasado ?]
2026-07-01 11:32:41.647 DEBUG 18072 --- [nio-9060-exec-2] o.s.jdbc.datasource.DataSourceUtils      : Fetching JDBC Connection from DataSource
2026-07-01 11:32:41.658  INFO 18072 --- [nio-9060-exec-7] c.e.T.ot.controller.ListaOtController    : {evento=LISTA_OT_FLUJO, fecha=2026-07-01, rolResuelto=Tecnico, tecnicoRol=true, idUsuarioSesion=57, idUsuarioFiltro=57, idSucursalSesion=7, nombreSesion=ALDO ALEMAN RIVERA, tecnicoRecibidoQuery=null, tecnicoUsadoFinal=ALDO ALEMAN RIVERA, estados=[]}
2026-07-01 11:32:41.665  INFO 18072 --- [nio-9060-exec-5] c.e.T.c.controller.CatalogoController    : GET /catalogos/rutas idSucursal=7 tecnicoId=57
2026-07-01 11:32:41.668 DEBUG 18072 --- [nio-9060-exec-7] o.s.jdbc.core.JdbcTemplate               : Executing SQL query [EXEC dbo.spx_ObtenerSucursalesConexionWeb]
2026-07-01 11:32:41.669 DEBUG 18072 --- [nio-9060-exec-7] o.s.jdbc.datasource.DataSourceUtils      : Fetching JDBC Connection from DataSource
2026-07-01 11:32:41.676 DEBUG 18072 --- [nio-9060-exec-5] o.s.jdbc.core.JdbcTemplate               : Executing SQL query [EXEC dbo.spx_ObtenerSucursalesConexionWeb]
2026-07-01 11:32:41.677 DEBUG 18072 --- [nio-9060-exec-5] o.s.jdbc.datasource.DataSourceUtils      : Fetching JDBC Connection from DataSource
2026-07-01 11:32:41.685 DEBUG 18072 --- [nio-9060-exec-2] o.s.jdbc.core.JdbcTemplate               : Executing prepared SQL query
2026-07-01 11:32:41.686 DEBUG 18072 --- [nio-9060-exec-2] o.s.jdbc.core.JdbcTemplate               : Executing prepared SQL statement [SELECT TOP 1 id_inicio, id_tecnico, fecha_registro, fecha_cierre, pendiente, no_marco_cierre FROM dbo.tbl_InicioJornadaAlturas WHERE id_tecnico = ?   AND CAST(fecha_registro AS DATE) = CAST(DATEADD(DAY, -1, GETDATE()) AS DATE)   AND fecha_cierre IS NULL   AND ISNULL(e_eliminado, 0) = 0   AND ISNULL(no_marco_cierre, 0) = 1 ORDER BY fecha_registro DESC, id_inicio DESC]
2026-07-01 11:32:41.686 DEBUG 18072 --- [nio-9060-exec-2] o.s.jdbc.datasource.DataSourceUtils      : Fetching JDBC Connection from DataSource
2026-07-01 11:32:41.709 DEBUG 18072 --- [nio-9060-exec-2] o.s.jdbc.core.JdbcTemplate               : Executing prepared SQL query
2026-07-01 11:32:41.709 DEBUG 18072 --- [nio-9060-exec-2] o.s.jdbc.core.JdbcTemplate               : Executing prepared SQL statement [EXEC dbo.SP_InicioJornada_EstadoCierreHoy ?]
2026-07-01 11:32:41.710 DEBUG 18072 --- [nio-9060-exec-2] o.s.jdbc.datasource.DataSourceUtils      : Fetching JDBC Connection from DataSource
2026-07-01 11:32:41.714  INFO 18072 --- [nio-9060-exec-5] c.e.T.c.repository.CatalogoDbSupport     : Catalogo DB resolve idSucursal=7 host=172.16.0.13 db=BDSistemaAntenaPMTarija
2026-07-01 11:32:41.715 DEBUG 18072 --- [nio-9060-exec-5] o.s.j.d.DriverManagerDataSource          : Loaded JDBC driver: net.sourceforge.jtds.jdbc.Driver
2026-07-01 11:32:41.715 DEBUG 18072 --- [nio-9060-exec-7] o.s.j.d.DriverManagerDataSource          : Loaded JDBC driver: net.sourceforge.jtds.jdbc.Driver
2026-07-01 11:32:41.723 DEBUG 18072 --- [nio-9060-exec-5] o.s.jdbc.core.JdbcTemplate               : Executing prepared SQL query
2026-07-01 11:32:41.725 DEBUG 18072 --- [nio-9060-exec-5] o.s.jdbc.core.JdbcTemplate               : Executing prepared SQL statement [SELECT DISTINCT CAST(ut.id_vendedor AS INT) AS id_vendedor FROM dbo.tbl_usuariotecnico ut WHERE ut.id_usuario = ? AND ISNULL(ut.e_eliminado, 0) = 0 AND ut.id_vendedor IS NOT NULL ORDER BY 1]
2026-07-01 11:32:41.726 DEBUG 18072 --- [nio-9060-exec-5] o.s.jdbc.datasource.DataSourceUtils      : Fetching JDBC Connection from DataSource
2026-07-01 11:32:41.725 DEBUG 18072 --- [nio-9060-exec-7] o.s.jdbc.core.JdbcTemplate               : Executing SQL query [EXEC dbo.spx_ObtenerSucursalesConexionWeb]
2026-07-01 11:32:41.727 DEBUG 18072 --- [nio-9060-exec-5] o.s.j.d.DriverManagerDataSource          : Creating new JDBC DriverManager Connection to [jdbc:jtds:sqlserver://172.16.0.13/BDSistemaAntenaPMTarija]
2026-07-01 11:32:41.727 DEBUG 18072 --- [nio-9060-exec-7] o.s.jdbc.datasource.DataSourceUtils      : Fetching JDBC Connection from DataSource
2026-07-01 11:32:41.731 DEBUG 18072 --- [nio-9060-exec-6] o.s.jdbc.core.JdbcTemplate               : Executing SQL query [EXEC dbo.spx_ObtenerSucursalesConexionWeb]
2026-07-01 11:32:41.732 DEBUG 18072 --- [nio-9060-exec-6] o.s.jdbc.datasource.DataSourceUtils      : Fetching JDBC Connection from DataSource
2026-07-01 11:32:41.731 DEBUG 18072 --- [onPool-worker-2] o.s.jdbc.core.JdbcTemplate               : Executing SQL query [EXEC dbo.spx_ObtenerSucursalesConexionWeb]
2026-07-01 11:32:41.733 DEBUG 18072 --- [onPool-worker-2] o.s.jdbc.datasource.DataSourceUtils      : Fetching JDBC Connection from DataSource
2026-07-01 11:32:41.731 DEBUG 18072 --- [onPool-worker-9] o.s.jdbc.core.JdbcTemplate               : Executing SQL query [EXEC dbo.spx_ObtenerSucursalesConexionWeb]
2026-07-01 11:32:41.734 DEBUG 18072 --- [onPool-worker-9] o.s.jdbc.datasource.DataSourceUtils      : Fetching JDBC Connection from DataSource
2026-07-01 11:32:41.731 DEBUG 18072 --- [onPool-worker-8] o.s.jdbc.core.JdbcTemplate               : Executing SQL query [EXEC dbo.spx_ObtenerSucursalesConexionWeb]
2026-07-01 11:32:41.735 DEBUG 18072 --- [onPool-worker-8] o.s.jdbc.datasource.DataSourceUtils      : Fetching JDBC Connection from DataSource
2026-07-01 11:32:41.763 DEBUG 18072 --- [onnection adder] com.zaxxer.hikari.pool.HikariPool        : HikariPool-1 - Added connection net.sourceforge.jtds.jdbc.JtdsConnection@5ec6c5e7
2026-07-01 11:32:41.764 DEBUG 18072 --- [nio-9060-exec-7] o.s.jdbc.core.JdbcTemplate               : Executing prepared SQL query
2026-07-01 11:32:41.765 DEBUG 18072 --- [nio-9060-exec-7] o.s.jdbc.core.JdbcTemplate               : Executing prepared SQL statement [SELECT DISTINCT CAST(ut.id_vendedor AS INT) AS id_vendedor FROM dbo.tbl_usuariotecnico ut WHERE ut.id_usuario = ? AND ISNULL(ut.e_eliminado, 0) = 0]
2026-07-01 11:32:41.767 DEBUG 18072 --- [nio-9060-exec-7] o.s.jdbc.datasource.DataSourceUtils      : Fetching JDBC Connection from DataSource
2026-07-01 11:32:41.768 DEBUG 18072 --- [nio-9060-exec-7] o.s.j.d.DriverManagerDataSource          : Creating new JDBC DriverManager Connection to [jdbc:jtds:sqlserver://172.16.0.13/BDSistemaAntenaPMTarija]
2026-07-01 11:32:41.765 DEBUG 18072 --- [nio-9060-exec-2] o.s.jdbc.core.JdbcTemplate               : Executing prepared SQL query
2026-07-01 11:32:41.770 DEBUG 18072 --- [nio-9060-exec-2] o.s.jdbc.core.JdbcTemplate               : Executing prepared SQL statement [EXEC dbo.SP_InicioJornada_CountNoMarco ?]
2026-07-01 11:32:41.770 DEBUG 18072 --- [nio-9060-exec-2] o.s.jdbc.datasource.DataSourceUtils      : Fetching JDBC Connection from DataSource
2026-07-01 11:32:41.778 DEBUG 18072 --- [nio-9060-exec-6] o.s.j.d.DriverManagerDataSource          : Loaded JDBC driver: net.sourceforge.jtds.jdbc.Driver
2026-07-01 11:32:41.779 DEBUG 18072 --- [nio-9060-exec-6] o.s.jdbc.core.JdbcTemplate               : Executing prepared SQL query
2026-07-01 11:32:41.780 DEBUG 18072 --- [nio-9060-exec-6] o.s.jdbc.core.JdbcTemplate               : Executing prepared SQL statement [SELECT DISTINCT CAST(ut.id_vendedor AS INT) AS id_vendedor FROM dbo.tbl_usuariotecnico ut WHERE ut.id_usuario = ? AND ISNULL(ut.e_eliminado, 0) = 0]
2026-07-01 11:32:41.780 DEBUG 18072 --- [nio-9060-exec-6] o.s.jdbc.datasource.DataSourceUtils      : Fetching JDBC Connection from DataSource
2026-07-01 11:32:41.781 DEBUG 18072 --- [nio-9060-exec-6] o.s.j.d.DriverManagerDataSource          : Creating new JDBC DriverManager Connection to [jdbc:jtds:sqlserver://172.16.0.13/BDSistemaAntenaPMTarija]
2026-07-01 11:32:41.793 DEBUG 18072 --- [onPool-worker-2] o.s.jdbc.core.JdbcTemplate               : Executing prepared SQL query
2026-07-01 11:32:41.793 DEBUG 18072 --- [onPool-worker-2] o.s.jdbc.core.JdbcTemplate               : Executing prepared SQL statement [EXEC spx_ValidaMovimientos ?]
2026-07-01 11:32:41.795 DEBUG 18072 --- [onPool-worker-2] o.s.jdbc.datasource.DataSourceUtils      : Fetching JDBC Connection from DataSource
2026-07-01 11:32:41.795 DEBUG 18072 --- [onPool-worker-2] o.s.j.d.DriverManagerDataSource          : Creating new JDBC DriverManager Connection to [jdbc:jtds:sqlserver://172.16.0.13/BDSistemaAntenaPMTarija]
2026-07-01 11:32:41.817 DEBUG 18072 --- [onPool-worker-9] o.s.jdbc.core.JdbcTemplate               : Executing prepared SQL query
2026-07-01 11:32:41.818 DEBUG 18072 --- [onPool-worker-9] o.s.jdbc.core.JdbcTemplate               : Executing prepared SQL statement [EXEC spx_ExisteCierreAlmacenHoy ?]
2026-07-01 11:32:41.818 DEBUG 18072 --- [onPool-worker-9] o.s.jdbc.datasource.DataSourceUtils      : Fetching JDBC Connection from DataSource
2026-07-01 11:32:41.819 DEBUG 18072 --- [onPool-worker-9] o.s.j.d.DriverManagerDataSource          : Creating new JDBC DriverManager Connection to [jdbc:jtds:sqlserver://172.16.0.13/BDSistemaAntenaPMTarija]
2026-07-01 11:32:41.821 DEBUG 18072 --- [nio-9060-exec-2] o.s.w.s.m.m.a.HttpEntityMethodProcessor  : Using 'application/json', given [application/json, text/plain, */*] and supported [application/json, application/*+json, application/json, application/*+json]
2026-07-01 11:32:41.822 DEBUG 18072 --- [nio-9060-exec-2] o.s.w.s.m.m.a.HttpEntityMethodProcessor  : Writing [com.example.TigoStarSystem.common.ApiResponse@36fd82a1]
2026-07-01 11:32:41.823 DEBUG 18072 --- [nio-9060-exec-2] o.s.web.servlet.DispatcherServlet        : Completed 200 OK
2026-07-01 11:32:41.833 DEBUG 18072 --- [onPool-worker-8] o.s.jdbc.core.JdbcTemplate               : Executing prepared SQL query
2026-07-01 11:32:41.833 DEBUG 18072 --- [onPool-worker-8] o.s.jdbc.core.JdbcTemplate               : Executing prepared SQL statement [EXEC spx_ExisteCierreAlmacenHoyPR_PD ?]
2026-07-01 11:32:41.834 DEBUG 18072 --- [onPool-worker-8] o.s.jdbc.datasource.DataSourceUtils      : Fetching JDBC Connection from DataSource
2026-07-01 11:32:41.835 DEBUG 18072 --- [onPool-worker-8] o.s.j.d.DriverManagerDataSource          : Creating new JDBC DriverManager Connection to [jdbc:jtds:sqlserver://172.16.0.13/BDSistemaAntenaPMTarija]
2026-07-01 11:32:41.868 DEBUG 18072 --- [onnection adder] com.zaxxer.hikari.pool.HikariPool        : HikariPool-1 - Added connection net.sourceforge.jtds.jdbc.JtdsConnection@5001304f
2026-07-01 11:32:41.884 DEBUG 18072 --- [nio-9060-exec-5] o.s.jdbc.core.JdbcTemplate               : Executing prepared SQL query
2026-07-01 11:32:41.886 DEBUG 18072 --- [nio-9060-exec-5] o.s.jdbc.core.JdbcTemplate               : Executing prepared SQL statement [SELECT DISTINCT r.id_ruta AS idRuta, CONVERT(NVARCHAR(200), r.id_ruta) AS ruta, r.id_vendedor AS id_vendedor, ISNULL(r.e_eliminado, 0) AS e_eliminado FROM dbo.tbl_ruta r WHERE r.id_vendedor = ? AND ISNULL(r.e_eliminado, 0) = 0 ORDER BY 2]
2026-07-01 11:32:41.886 DEBUG 18072 --- [nio-9060-exec-5] o.s.jdbc.datasource.DataSourceUtils      : Fetching JDBC Connection from DataSource
2026-07-01 11:32:41.887 DEBUG 18072 --- [nio-9060-exec-5] o.s.j.d.DriverManagerDataSource          : Creating new JDBC DriverManager Connection to [jdbc:jtds:sqlserver://172.16.0.13/BDSistemaAntenaPMTarija]
2026-07-01 11:32:41.949 DEBUG 18072 --- [nio-9060-exec-7] o.s.jdbc.core.JdbcTemplate               : Executing SQL query [EXEC dbo.spx_ObtenerSucursalesConexionWeb]
2026-07-01 11:32:41.949 DEBUG 18072 --- [nio-9060-exec-6] o.s.jdbc.core.JdbcTemplate               : Executing SQL query [EXEC dbo.spx_ObtenerSucursalesConexionWeb]
2026-07-01 11:32:41.950 DEBUG 18072 --- [nio-9060-exec-7] o.s.jdbc.datasource.DataSourceUtils      : Fetching JDBC Connection from DataSource
2026-07-01 11:32:41.951 DEBUG 18072 --- [nio-9060-exec-6] o.s.jdbc.datasource.DataSourceUtils      : Fetching JDBC Connection from DataSource
2026-07-01 11:32:41.981 DEBUG 18072 --- [nio-9060-exec-7] o.s.jdbc.core.JdbcTemplate               : Executing prepared SQL query
2026-07-01 11:32:41.981 DEBUG 18072 --- [nio-9060-exec-6] o.s.jdbc.core.JdbcTemplate               : Executing prepared SQL query
2026-07-01 11:32:41.982 DEBUG 18072 --- [nio-9060-exec-7] o.s.jdbc.core.JdbcTemplate               : Executing prepared SQL statement [SELECT DISTINCT LTRIM(RTRIM(ISNULL(salesforce, ''))) AS salesForce FROM dbo.tbl_ConformacionCuadrillaDiario WHERE id_tecnico = ? AND CONVERT(date, fecha) = CONVERT(date, ?) AND ISNULL(e_eliminado, 0) = 0 AND LOWER(REPLACE(REPLACE(LTRIM(RTRIM(ISNULL(sucursal, ''))), ' ', ''), '_', '')) = LOWER(REPLACE(REPLACE(LTRIM(RTRIM(?)), ' ', ''), '_', ''))]
2026-07-01 11:32:41.984 DEBUG 18072 --- [nio-9060-exec-6] o.s.jdbc.core.JdbcTemplate               : Executing prepared SQL statement [EXEC dbo.spx_ListarOtFinalizadas ?, ?, ?]
2026-07-01 11:32:41.985 DEBUG 18072 --- [nio-9060-exec-7] o.s.jdbc.datasource.DataSourceUtils      : Fetching JDBC Connection from DataSource
2026-07-01 11:32:41.986 DEBUG 18072 --- [nio-9060-exec-6] o.s.jdbc.datasource.DataSourceUtils      : Fetching JDBC Connection from DataSource
2026-07-01 11:32:41.988 DEBUG 18072 --- [nio-9060-exec-6] o.s.j.d.DriverManagerDataSource          : Creating new JDBC DriverManager Connection to [jdbc:jtds:sqlserver://172.16.0.13/BDSistemaAntenaPMTarija]
2026-07-01 11:32:42.044 DEBUG 18072 --- [nio-9060-exec-5] o.s.w.s.m.m.a.HttpEntityMethodProcessor  : Using 'application/json', given [application/json, text/plain, */*] and supported [application/json, application/*+json, application/json, application/*+json]
2026-07-01 11:32:42.045 DEBUG 18072 --- [nio-9060-exec-5] o.s.w.s.m.m.a.HttpEntityMethodProcessor  : Writing [com.example.TigoStarSystem.common.ApiResponse@736096cb]
2026-07-01 11:32:42.049 DEBUG 18072 --- [nio-9060-exec-5] o.s.web.servlet.DispatcherServlet        : Completed 200 OK
2026-07-01 11:32:42.054  INFO 18072 --- [nio-9060-exec-7] c.e.T.ot.repository.ListaOtRepository    : {{"evento":"LISTA_OT_SALESFORCE_CONFORMACION_OK","idUsuario":57,"idSucursal":7,"fecha":"2026-07-01","idsVendedor":[4],"salesforce":[Aleman Rivera Aldo Rey]}}
2026-07-01 11:32:42.055  INFO 18072 --- [nio-9060-exec-7] c.e.T.ot.repository.ListaOtRepository    : {{"evento":"LISTA_OT_FLUJO_USUARIO_CONFORMACION","idUsuario":57,"idSucursal":7,"fecha":"2026-07-01","tecnicoSesion":"ALDO ALEMAN RIVERA","salesforce":[Aleman Rivera Aldo Rey]}}
2026-07-01 11:32:42.057 DEBUG 18072 --- [nio-9060-exec-7] o.s.jdbc.core.JdbcTemplate               : Executing prepared SQL query
2026-07-01 11:32:42.058 DEBUG 18072 --- [nio-9060-exec-7] o.s.jdbc.core.JdbcTemplate               : Executing prepared SQL statement [EXEC dbo.spy_Ultimo_Estado_Dia_BO_CITA_MAKIRO ?, ?]
2026-07-01 11:32:42.059 DEBUG 18072 --- [nio-9060-exec-7] o.s.jdbc.datasource.DataSourceUtils      : Fetching JDBC Connection from DataSource
2026-07-01 11:32:42.059 DEBUG 18072 --- [nio-9060-exec-6] c.e.TigoStarSystem.ot.service.OtService  : Finalizadas: fecha=2026-07-01, idUsuario=57, idsVendedorFiltro=[4, 57], filas=0
2026-07-01 11:32:42.060 DEBUG 18072 --- [nio-9060-exec-7] o.s.j.d.DriverManagerDataSource          : Creating new JDBC DriverManager Connection to [jdbc:jtds:sqlserver://172.16.0.13/BDSistemaAntenaPMTarija]
2026-07-01 11:32:42.061 DEBUG 18072 --- [nio-9060-exec-6] o.s.w.s.m.m.a.HttpEntityMethodProcessor  : Using 'application/json', given [application/json, text/plain, */*] and supported [application/json, application/*+json, application/json, application/*+json]
2026-07-01 11:32:42.064 DEBUG 18072 --- [nio-9060-exec-6] o.s.w.s.m.m.a.HttpEntityMethodProcessor  : Writing [com.example.TigoStarSystem.common.ApiResponse@18b64ca3]
2026-07-01 11:32:42.067 DEBUG 18072 --- [nio-9060-exec-6] o.s.web.servlet.DispatcherServlet        : Completed 200 OK
2026-07-01 11:32:42.077 DEBUG 18072 --- [nio-9060-exec-7] o.s.jdbc.datasource.DataSourceUtils      : Fetching JDBC Connection from DataSource
2026-07-01 11:32:42.078 DEBUG 18072 --- [nio-9060-exec-7] o.s.j.d.DriverManagerDataSource          : Creating new JDBC DriverManager Connection to [jdbc:jtds:sqlserver://172.16.0.13/BDSistemaAntenaPMTarija]
2026-07-01 11:32:42.088 DEBUG 18072 --- [nio-9060-exec-7] o.s.jdbc.core.JdbcTemplate               : Executing SQL query [EXEC dbo.spx_ObtenerSucursalesConexionWeb]
2026-07-01 11:32:42.090 DEBUG 18072 --- [nio-9060-exec-7] o.s.jdbc.datasource.DataSourceUtils      : Fetching JDBC Connection from DataSource
2026-07-01 11:32:42.092 DEBUG 18072 --- [nio-9060-exec-7] o.s.jdbc.core.JdbcTemplate               : Executing SQL query [EXEC dbo.spx_ObtenerSucursalesConexionWeb]
2026-07-01 11:32:42.092 DEBUG 18072 --- [nio-9060-exec-7] o.s.jdbc.datasource.DataSourceUtils      : Fetching JDBC Connection from DataSource
2026-07-01 11:32:42.095 DEBUG 18072 --- [nio-9060-exec-7] o.s.jdbc.core.JdbcTemplate               : Executing prepared SQL query
2026-07-01 11:32:42.095 DEBUG 18072 --- [nio-9060-exec-7] o.s.jdbc.core.JdbcTemplate               : Executing prepared SQL statement [SELECT DISTINCT CAST(ut.id_vendedor AS INT) AS id_vendedor FROM dbo.tbl_usuariotecnico ut WHERE ut.id_usuario = ? AND ISNULL(ut.e_eliminado, 0) = 0]
2026-07-01 11:32:42.096 DEBUG 18072 --- [nio-9060-exec-7] o.s.jdbc.datasource.DataSourceUtils      : Fetching JDBC Connection from DataSource
2026-07-01 11:32:42.096 DEBUG 18072 --- [nio-9060-exec-7] o.s.j.d.DriverManagerDataSource          : Creating new JDBC DriverManager Connection to [jdbc:jtds:sqlserver://172.16.0.13/BDSistemaAntenaPMTarija]
2026-07-01 11:32:42.171 DEBUG 18072 --- [nio-9060-exec-7] o.s.jdbc.core.JdbcTemplate               : Executing prepared SQL query
2026-07-01 11:32:42.172 DEBUG 18072 --- [nio-9060-exec-7] o.s.jdbc.core.JdbcTemplate               : Executing prepared SQL statement [SELECT TOP 5 salesforce, tecnico FROM dbo.tbl_ConformacionCuadrillaDiario WHERE id_tecnico = ? AND CONVERT(date, fecha) = CONVERT(date, ?) AND LOWER(REPLACE(REPLACE(LTRIM(RTRIM(ISNULL(sucursal, ''))), ' ', ''), '_', '')) = LOWER(REPLACE(REPLACE(LTRIM(RTRIM(?)), ' ', ''), '_', '')) AND ISNULL(e_eliminado, 0) = 0 ORDER BY id DESC]
2026-07-01 11:32:42.173 DEBUG 18072 --- [nio-9060-exec-7] o.s.jdbc.datasource.DataSourceUtils      : Fetching JDBC Connection from DataSource
2026-07-01 11:32:42.238 DEBUG 18072 --- [nio-9060-exec-7] o.s.jdbc.core.JdbcTemplate               : Executing prepared SQL query
2026-07-01 11:32:42.239 DEBUG 18072 --- [nio-9060-exec-7] o.s.jdbc.core.JdbcTemplate               : Executing prepared SQL statement [EXEC dbo.spy_Ultimo_Estado_Dia_BO_CITA_MAKIRO ?, ?]
2026-07-01 11:32:42.240 DEBUG 18072 --- [nio-9060-exec-7] o.s.jdbc.datasource.DataSourceUtils      : Fetching JDBC Connection from DataSource
2026-07-01 11:32:42.272 DEBUG 18072 --- [nio-9060-exec-8] o.s.web.servlet.DispatcherServlet        : GET "/ot/finalizadas?fecha=2026-07-01&usuario=57&idSucursal=7", parameters={masked}
2026-07-01 11:32:42.273 DEBUG 18072 --- [nio-9060-exec-8] s.w.s.m.m.a.RequestMappingHandlerMapping : Mapped to com.example.TigoStarSystem.ot.controller.OtController#listarOtFinalizadas(String, LocalDate, Integer)
2026-07-01 11:32:42.282 DEBUG 18072 --- [nio-9060-exec-8] o.s.jdbc.core.JdbcTemplate               : Executing SQL query [EXEC dbo.spx_ObtenerSucursalesConexionWeb]
2026-07-01 11:32:42.284 DEBUG 18072 --- [nio-9060-exec-8] o.s.jdbc.datasource.DataSourceUtils      : Fetching JDBC Connection from DataSource
2026-07-01 11:32:42.305  INFO 18072 --- [nio-9060-exec-3] c.e.TigoStarSystem.ot.service.OtService  : {{"evento":"REGISTRO_AGENDA_CACHE_PUT","fecha":"2026-07-01","idSucursal":7,"ttlMs":30000,"codigo":"OK"}}
2026-07-01 11:32:42.306 DEBUG 18072 --- [nio-9060-exec-3] o.s.w.s.m.m.a.HttpEntityMethodProcessor  : Using 'application/json', given [application/json, text/plain, */*] and supported [application/json, application/*+json, application/json, application/*+json]
2026-07-01 11:32:42.307 DEBUG 18072 --- [nio-9060-exec-3] o.s.w.s.m.m.a.HttpEntityMethodProcessor  : Writing [com.example.TigoStarSystem.common.ApiResponse@43893b9]
2026-07-01 11:32:42.311 DEBUG 18072 --- [nio-9060-exec-3] o.s.web.servlet.DispatcherServlet        : Completed 200 OK
2026-07-01 11:32:42.330 DEBUG 18072 --- [nio-9060-exec-8] o.s.jdbc.core.JdbcTemplate               : Executing prepared SQL query
2026-07-01 11:32:42.331 DEBUG 18072 --- [nio-9060-exec-8] o.s.jdbc.core.JdbcTemplate               : Executing prepared SQL statement [SELECT DISTINCT CAST(ut.id_vendedor AS INT) AS id_vendedor FROM dbo.tbl_usuariotecnico ut WHERE ut.id_usuario = ? AND ISNULL(ut.e_eliminado, 0) = 0]
2026-07-01 11:32:42.332 DEBUG 18072 --- [nio-9060-exec-8] o.s.jdbc.datasource.DataSourceUtils      : Fetching JDBC Connection from DataSource
2026-07-01 11:32:42.333 DEBUG 18072 --- [nio-9060-exec-8] o.s.j.d.DriverManagerDataSource          : Creating new JDBC DriverManager Connection to [jdbc:jtds:sqlserver://172.16.0.13/BDSistemaAntenaPMTarija]
2026-07-01 11:32:42.385 DEBUG 18072 --- [nio-9060-exec-7] o.s.jdbc.core.JdbcTemplate               : Executing prepared SQL query
2026-07-01 11:32:42.386 DEBUG 18072 --- [nio-9060-exec-7] o.s.jdbc.core.JdbcTemplate               : Executing prepared SQL statement [EXEC dbo.spy_Ultimo_Estado_Dia_BO_CITA_MAKIRO ?, ?]
2026-07-01 11:32:42.387 DEBUG 18072 --- [nio-9060-exec-7] o.s.jdbc.datasource.DataSourceUtils      : Fetching JDBC Connection from DataSource
2026-07-01 11:32:42.482 DEBUG 18072 --- [nio-9060-exec-8] o.s.jdbc.core.JdbcTemplate               : Executing SQL query [EXEC dbo.spx_ObtenerSucursalesConexionWeb]
2026-07-01 11:32:42.482 DEBUG 18072 --- [nio-9060-exec-8] o.s.jdbc.datasource.DataSourceUtils      : Fetching JDBC Connection from DataSource
2026-07-01 11:32:42.508 DEBUG 18072 --- [nio-9060-exec-7] o.s.jdbc.core.JdbcTemplate               : Executing prepared SQL query
2026-07-01 11:32:42.508 DEBUG 18072 --- [nio-9060-exec-8] o.s.jdbc.core.JdbcTemplate               : Executing prepared SQL query
2026-07-01 11:32:42.509 DEBUG 18072 --- [nio-9060-exec-7] o.s.jdbc.core.JdbcTemplate               : Executing prepared SQL statement [EXEC dbo.spy_Ultimo_Estado_Dia_BO_CITA_MAKIRO ?, ?]
2026-07-01 11:32:42.510 DEBUG 18072 --- [nio-9060-exec-7] o.s.jdbc.datasource.DataSourceUtils      : Fetching JDBC Connection from DataSource
2026-07-01 11:32:42.510 DEBUG 18072 --- [nio-9060-exec-8] o.s.jdbc.core.JdbcTemplate               : Executing prepared SQL statement [EXEC dbo.spx_ListarOtFinalizadas ?, ?, ?]
2026-07-01 11:32:42.511 DEBUG 18072 --- [nio-9060-exec-8] o.s.jdbc.datasource.DataSourceUtils      : Fetching JDBC Connection from DataSource
2026-07-01 11:32:42.512 DEBUG 18072 --- [nio-9060-exec-8] o.s.j.d.DriverManagerDataSource          : Creating new JDBC DriverManager Connection to [jdbc:jtds:sqlserver://172.16.0.13/BDSistemaAntenaPMTarija]
2026-07-01 11:32:42.574 DEBUG 18072 --- [nio-9060-exec-8] c.e.TigoStarSystem.ot.service.OtService  : Finalizadas: fecha=2026-07-01, idUsuario=57, idsVendedorFiltro=[4, 57], filas=0
2026-07-01 11:32:42.576 DEBUG 18072 --- [nio-9060-exec-8] o.s.w.s.m.m.a.HttpEntityMethodProcessor  : Using 'application/json', given [application/json, text/plain, */*] and supported [application/json, application/*+json, application/json, application/*+json]
2026-07-01 11:32:42.577 DEBUG 18072 --- [nio-9060-exec-8] o.s.w.s.m.m.a.HttpEntityMethodProcessor  : Writing [com.example.TigoStarSystem.common.ApiResponse@f659fb4]
2026-07-01 11:32:42.580 DEBUG 18072 --- [nio-9060-exec-7] o.s.jdbc.core.JdbcTemplate               : Executing prepared SQL query
2026-07-01 11:32:42.580 DEBUG 18072 --- [nio-9060-exec-8] o.s.web.servlet.DispatcherServlet        : Completed 200 OK
2026-07-01 11:32:42.581 DEBUG 18072 --- [nio-9060-exec-7] o.s.jdbc.core.JdbcTemplate               : Executing prepared SQL statement [EXEC dbo.spy_Ultimo_Estado_Dia_BO_CITA_MAKIRO ?]
2026-07-01 11:32:42.582 DEBUG 18072 --- [nio-9060-exec-7] o.s.jdbc.datasource.DataSourceUtils      : Fetching JDBC Connection from DataSource
2026-07-01 11:32:42.583 DEBUG 18072 --- [nio-9060-exec-7] o.s.j.d.DriverManagerDataSource          : Creating new JDBC DriverManager Connection to [jdbc:jtds:sqlserver://172.16.0.13/BDSistemaAntenaPMTarija]
2026-07-01 11:32:42.597 DEBUG 18072 --- [nio-9060-exec-7] o.s.jdbc.core.JdbcTemplate               : Executing prepared SQL query
2026-07-01 11:32:42.598 DEBUG 18072 --- [nio-9060-exec-7] o.s.jdbc.core.JdbcTemplate               : Executing prepared SQL statement [EXEC dbo.sp_ObtenerListaOrdenesTrabajo_OTWEB_clon_paginacion ?]
2026-07-01 11:32:42.598 DEBUG 18072 --- [nio-9060-exec-7] o.s.jdbc.datasource.DataSourceUtils      : Fetching JDBC Connection from DataSource
2026-07-01 11:32:42.599 DEBUG 18072 --- [nio-9060-exec-7] o.s.j.d.DriverManagerDataSource          : Creating new JDBC DriverManager Connection to [jdbc:jtds:sqlserver://172.16.0.13/BDSistemaAntenaPMTarija]
2026-07-01 11:32:42.611 DEBUG 18072 --- [nio-9060-exec-7] o.s.jdbc.core.JdbcTemplate               : Executing prepared SQL query
2026-07-01 11:32:42.612 DEBUG 18072 --- [nio-9060-exec-7] o.s.jdbc.core.JdbcTemplate               : Executing prepared SQL statement [EXEC dbo.sp_ObtenerListaOrdenesTrabajo_clon_paginacion ?]
2026-07-01 11:32:42.613 DEBUG 18072 --- [nio-9060-exec-7] o.s.jdbc.datasource.DataSourceUtils      : Fetching JDBC Connection from DataSource
2026-07-01 11:32:42.615 DEBUG 18072 --- [nio-9060-exec-7] o.s.j.d.DriverManagerDataSource          : Creating new JDBC DriverManager Connection to [jdbc:jtds:sqlserver://172.16.0.13/BDSistemaAntenaPMTarija]
2026-07-01 11:32:42.628 DEBUG 18072 --- [nio-9060-exec-7] o.s.jdbc.core.JdbcTemplate               : Executing SQL query [EXEC dbo.spx_ObtenerSucursalesConexionWeb]
2026-07-01 11:32:42.631 DEBUG 18072 --- [nio-9060-exec-7] o.s.jdbc.datasource.DataSourceUtils      : Fetching JDBC Connection from DataSource
2026-07-01 11:32:42.633 DEBUG 18072 --- [nio-9060-exec-7] o.s.jdbc.core.JdbcTemplate               : Executing prepared SQL query
2026-07-01 11:32:42.634 DEBUG 18072 --- [nio-9060-exec-7] o.s.jdbc.core.JdbcTemplate               : Executing prepared SQL statement [SELECT DISTINCT CAST(ut.id_vendedor AS INT) AS id_vendedor FROM dbo.tbl_usuariotecnico ut WHERE ut.id_usuario = ? AND ISNULL(ut.e_eliminado, 0) = 0]
2026-07-01 11:32:42.634 DEBUG 18072 --- [nio-9060-exec-7] o.s.jdbc.datasource.DataSourceUtils      : Fetching JDBC Connection from DataSource
2026-07-01 11:32:42.635 DEBUG 18072 --- [nio-9060-exec-7] o.s.j.d.DriverManagerDataSource          : Creating new JDBC DriverManager Connection to [jdbc:jtds:sqlserver://172.16.0.13/BDSistemaAntenaPMTarija]
2026-07-01 11:32:42.646 DEBUG 18072 --- [nio-9060-exec-7] o.s.jdbc.core.JdbcTemplate               : Executing SQL query [EXEC dbo.spx_ObtenerSucursalesConexionWeb]
2026-07-01 11:32:42.647 DEBUG 18072 --- [nio-9060-exec-7] o.s.jdbc.datasource.DataSourceUtils      : Fetching JDBC Connection from DataSource
2026-07-01 11:32:42.649 DEBUG 18072 --- [nio-9060-exec-7] o.s.jdbc.core.JdbcTemplate               : Executing prepared SQL query
2026-07-01 11:32:42.651 DEBUG 18072 --- [nio-9060-exec-7] o.s.jdbc.core.JdbcTemplate               : Executing prepared SQL statement [SELECT v.Id_Venta AS id, v.Id_Venta AS idVenta, v.Id_Venta AS id_venta, v.OrdenTrabajo AS codigo, v.OrdenTrabajo AS Codigo, v.OrdenTrabajo AS ordenTrabajo, v.OrdenTrabajo AS OT, v.CodigoCliente AS cliente_nro, v.CodigoCliente AS Cliente_Nro, v.CodigoCliente AS codigo_cliente, v.CodigoCliente AS codigoCliente, v.Fecha_Ejecucion AS fecha, v.Fecha_Ejecucion AS Fecha, v.Fecha_Ejecucion AS fechaEjecucion, v.Fecha_Ejecucion AS Fecha_Ejecucion, v.Id_Vendedor AS id_vendedor, v.Id_Vendedor AS idVendedor, v.Id_Vendedor AS Id_Vendedor, v.Id_TipoServicio AS id_tiposervicio, v.Id_TipoServicio AS idTipoServicio, ts.Nombre AS tipoServicio, v.Id_Estado AS id_estado, v.Id_Estado AS idEstado, e.Nombre AS estado, e.Nombre AS Estado, e.Nombre AS CIERRE, v.Origen AS origen, v.Origen AS Origen FROM dbo.tbl_Venta v LEFT JOIN dbo.tbl_tiposervicio ts ON ts.Id_TipoServicio = v.Id_TipoServicio LEFT JOIN dbo.tbl_estado e ON e.Id_Estado = v.Id_Estado WHERE v.Fecha_Ejecucion >= ? AND v.Fecha_Ejecucion < ? AND ISNULL(v.E_Eliminado, 0) = 0 AND UPPER(LTRIM(RTRIM(ISNULL(v.Origen, '')))) = 'MANUAL' AND v.Id_Vendedor IN (?) ORDER BY v.Id_Venta DESC]
2026-07-01 11:32:42.651 DEBUG 18072 --- [nio-9060-exec-7] o.s.jdbc.datasource.DataSourceUtils      : Fetching JDBC Connection from DataSource
2026-07-01 11:32:42.653 DEBUG 18072 --- [nio-9060-exec-7] o.s.j.d.DriverManagerDataSource          : Creating new JDBC DriverManager Connection to [jdbc:jtds:sqlserver://172.16.0.13/BDSistemaAntenaPMTarija]
2026-07-01 11:32:42.671 DEBUG 18072 --- [nio-9060-exec-7] o.s.jdbc.core.JdbcTemplate               : Executing prepared SQL query
2026-07-01 11:32:42.673 DEBUG 18072 --- [nio-9060-exec-7] o.s.jdbc.core.JdbcTemplate               : Executing prepared SQL statement [SELECT v.Id_Venta AS id, v.Id_Venta AS idVenta, v.Id_Venta AS id_venta, v.OrdenTrabajo AS codigo, v.OrdenTrabajo AS Codigo, v.OrdenTrabajo AS ordenTrabajo, v.OrdenTrabajo AS OT, v.CodigoCliente AS cliente_nro, v.CodigoCliente AS Cliente_Nro, v.CodigoCliente AS codigo_cliente, v.CodigoCliente AS codigoCliente, v.Fecha_Ejecucion AS fecha, v.Fecha_Ejecucion AS Fecha, v.Fecha_Ejecucion AS fechaEjecucion, v.Fecha_Ejecucion AS Fecha_Ejecucion, v.Id_Vendedor AS id_vendedor, v.Id_Vendedor AS idVendedor, v.Id_Vendedor AS Id_Vendedor, v.Id_TipoServicio AS id_tiposervicio, v.Id_TipoServicio AS idTipoServicio, ts.Nombre AS tipoServicio, v.Id_Estado AS id_estado, v.Id_Estado AS idEstado, e.Nombre AS estado, e.Nombre AS Estado, e.Nombre AS CIERRE, v.Origen AS origen, v.Origen AS Origen FROM dbo.tbl_Venta v LEFT JOIN dbo.tbl_tiposervicio ts ON ts.Id_TipoServicio = v.Id_TipoServicio LEFT JOIN dbo.tbl_estado e ON e.Id_Estado = v.Id_Estado WHERE v.Fecha_Ejecucion >= ? AND v.Fecha_Ejecucion < ? AND ISNULL(v.E_Eliminado, 0) = 0 AND UPPER(LTRIM(RTRIM(ISNULL(v.Origen, '')))) = 'MANUAL' AND v.Id_Usuario = ? ORDER BY v.Id_Venta DESC]
2026-07-01 11:32:42.674 DEBUG 18072 --- [nio-9060-exec-7] o.s.jdbc.datasource.DataSourceUtils      : Fetching JDBC Connection from DataSource
2026-07-01 11:32:42.674 DEBUG 18072 --- [nio-9060-exec-7] o.s.j.d.DriverManagerDataSource          : Creating new JDBC DriverManager Connection to [jdbc:jtds:sqlserver://172.16.0.13/BDSistemaAntenaPMTarija]
2026-07-01 11:32:42.694 DEBUG 18072 --- [nio-9060-exec-7] o.s.w.s.m.m.a.HttpEntityMethodProcessor  : Using 'application/json', given [application/json, text/plain, */*] and supported [application/json, application/*+json, application/json, application/*+json]
2026-07-01 11:32:42.695 DEBUG 18072 --- [nio-9060-exec-7] o.s.w.s.m.m.a.HttpEntityMethodProcessor  : Writing [com.example.TigoStarSystem.common.ApiResponse@6b879fe4]
2026-07-01 11:32:42.696 DEBUG 18072 --- [nio-9060-exec-7] o.s.web.servlet.DispatcherServlet        : Completed 200 OK
2026-07-01 11:32:42.856 DEBUG 18072 --- [io-9060-exec-10] o.s.web.servlet.DispatcherServlet        : GET "/ot?fecha=2026-07-01&usuario=57&rol=Tecnico&pendiente=true&idSucursal=7", parameters={masked}
2026-07-01 11:32:42.858 DEBUG 18072 --- [io-9060-exec-10] s.w.s.m.m.a.RequestMappingHandlerMapping : Mapped to com.example.TigoStarSystem.ot.controller.OtController#listarOt(String, Integer, LocalDate, LocalDate, LocalDate, Integer, String, Boolean)
2026-07-01 11:32:42.870  INFO 18072 --- [io-9060-exec-10] c.e.TigoStarSystem.ot.service.OtService  : Listar OT por fecha=2026-07-01
2026-07-01 11:32:42.871 DEBUG 18072 --- [io-9060-exec-10] o.s.jdbc.core.JdbcTemplate               : Executing SQL query [EXEC dbo.spx_ObtenerSucursalesConexionWeb]
2026-07-01 11:32:42.872 DEBUG 18072 --- [io-9060-exec-10] o.s.jdbc.datasource.DataSourceUtils      : Fetching JDBC Connection from DataSource
2026-07-01 11:32:42.875 DEBUG 18072 --- [io-9060-exec-10] o.s.jdbc.core.JdbcTemplate               : Executing prepared SQL query
2026-07-01 11:32:42.875 DEBUG 18072 --- [io-9060-exec-10] o.s.jdbc.core.JdbcTemplate               : Executing prepared SQL statement [EXEC sp_ObtenerListaOrdenesTrabajo_OTWEB_clon_paginacion ?]
2026-07-01 11:32:42.876 DEBUG 18072 --- [io-9060-exec-10] o.s.jdbc.datasource.DataSourceUtils      : Fetching JDBC Connection from DataSource
2026-07-01 11:32:42.877 DEBUG 18072 --- [io-9060-exec-10] o.s.j.d.DriverManagerDataSource          : Creating new JDBC DriverManager Connection to [jdbc:jtds:sqlserver://172.16.0.13/BDSistemaAntenaPMTarija]
2026-07-01 11:32:42.896 DEBUG 18072 --- [io-9060-exec-10] c.e.TigoStarSystem.ot.service.OtService  : Listar OT por fecha: filas=0
2026-07-01 11:32:42.897 DEBUG 18072 --- [io-9060-exec-10] o.s.w.s.m.m.a.HttpEntityMethodProcessor  : Using 'application/json', given [application/json, text/plain, */*] and supported [application/json, application/*+json, application/json, application/*+json]
2026-07-01 11:32:42.897 DEBUG 18072 --- [io-9060-exec-10] o.s.w.s.m.m.a.HttpEntityMethodProcessor  : Writing [com.example.TigoStarSystem.common.ApiResponse@51413cf8]
2026-07-01 11:32:42.898 DEBUG 18072 --- [io-9060-exec-10] o.s.web.servlet.DispatcherServlet        : Completed 200 OK
2026-07-01 11:32:43.052 DEBUG 18072 --- [nio-9060-exec-9] o.s.web.servlet.DispatcherServlet        : GET "/ot?fecha=2026-07-01&pendiente=true&idSucursal=7", parameters={masked}
2026-07-01 11:32:43.053 DEBUG 18072 --- [nio-9060-exec-9] s.w.s.m.m.a.RequestMappingHandlerMapping : Mapped to com.example.TigoStarSystem.ot.controller.OtController#listarOt(String, Integer, LocalDate, LocalDate, LocalDate, Integer, String, Boolean)
2026-07-01 11:32:43.060  INFO 18072 --- [nio-9060-exec-9] c.e.TigoStarSystem.ot.service.OtService  : Listar OT por fecha=2026-07-01
2026-07-01 11:32:43.061 DEBUG 18072 --- [nio-9060-exec-9] o.s.jdbc.core.JdbcTemplate               : Executing SQL query [EXEC dbo.spx_ObtenerSucursalesConexionWeb]
2026-07-01 11:32:43.062 DEBUG 18072 --- [nio-9060-exec-9] o.s.jdbc.datasource.DataSourceUtils      : Fetching JDBC Connection from DataSource
2026-07-01 11:32:43.067 DEBUG 18072 --- [nio-9060-exec-9] o.s.jdbc.core.JdbcTemplate               : Executing prepared SQL query
2026-07-01 11:32:43.068 DEBUG 18072 --- [nio-9060-exec-9] o.s.jdbc.core.JdbcTemplate               : Executing prepared SQL statement [EXEC sp_ObtenerListaOrdenesTrabajo_OTWEB_clon_paginacion ?]
2026-07-01 11:32:43.069 DEBUG 18072 --- [nio-9060-exec-9] o.s.jdbc.datasource.DataSourceUtils      : Fetching JDBC Connection from DataSource
2026-07-01 11:32:43.069 DEBUG 18072 --- [nio-9060-exec-9] o.s.j.d.DriverManagerDataSource          : Creating new JDBC DriverManager Connection to [jdbc:jtds:sqlserver://172.16.0.13/BDSistemaAntenaPMTarija]
2026-07-01 11:32:43.091 DEBUG 18072 --- [nio-9060-exec-9] c.e.TigoStarSystem.ot.service.OtService  : Listar OT por fecha: filas=0
2026-07-01 11:32:43.093 DEBUG 18072 --- [nio-9060-exec-9] o.s.w.s.m.m.a.HttpEntityMethodProcessor  : Using 'application/json', given [application/json, text/plain, */*] and supported [application/json, application/*+json, application/json, application/*+json]
2026-07-01 11:32:43.095 DEBUG 18072 --- [nio-9060-exec-9] o.s.w.s.m.m.a.HttpEntityMethodProcessor  : Writing [com.example.TigoStarSystem.common.ApiResponse@7d3273fb]
2026-07-01 11:32:43.097 DEBUG 18072 --- [nio-9060-exec-9] o.s.web.servlet.DispatcherServlet        : Completed 200 OK
2026-07-01 11:32:56.428 DEBUG 18072 --- [nio-9060-exec-1] o.s.web.servlet.DispatcherServlet        : GET "/tecnico/inicio-jornada/estado?sucursal=Tarija", parameters={masked}
2026-07-01 11:32:56.438 DEBUG 18072 --- [nio-9060-exec-1] s.w.s.m.m.a.RequestMappingHandlerMapping : Mapped to com.example.TigoStarSystem.tecnicoiniciojornada.controller.TecnicoInicioJornadaController#estado(String, String)
2026-07-01 11:32:56.487 DEBUG 18072 --- [nio-9060-exec-1] o.s.jdbc.core.JdbcTemplate               : Executing prepared SQL query
2026-07-01 11:32:56.515 DEBUG 18072 --- [nio-9060-exec-1] o.s.jdbc.core.JdbcTemplate               : Executing prepared SQL statement [EXEC dbo.SP_InicioJornada_MarcarNoCierreAtrasado ?]
2026-07-01 11:32:56.516 DEBUG 18072 --- [nio-9060-exec-1] o.s.jdbc.datasource.DataSourceUtils      : Fetching JDBC Connection from DataSource
2026-07-01 11:32:56.521 DEBUG 18072 --- [nio-9060-exec-1] o.s.jdbc.core.JdbcTemplate               : Executing prepared SQL query
2026-07-01 11:32:56.521 DEBUG 18072 --- [nio-9060-exec-1] o.s.jdbc.core.JdbcTemplate               : Executing prepared SQL statement [SELECT TOP 1 id_inicio, id_tecnico, fecha_registro, fecha_cierre, pendiente, no_marco_cierre FROM dbo.tbl_InicioJornadaAlturas WHERE id_tecnico = ?   AND CAST(fecha_registro AS DATE) = CAST(DATEADD(DAY, -1, GETDATE()) AS DATE)   AND fecha_cierre IS NULL   AND ISNULL(e_eliminado, 0) = 0   AND ISNULL(no_marco_cierre, 0) = 1 ORDER BY fecha_registro DESC, id_inicio DESC]
2026-07-01 11:32:56.522 DEBUG 18072 --- [nio-9060-exec-1] o.s.jdbc.datasource.DataSourceUtils      : Fetching JDBC Connection from DataSource
2026-07-01 11:32:56.524 DEBUG 18072 --- [nio-9060-exec-1] o.s.jdbc.core.JdbcTemplate               : Executing prepared SQL query
2026-07-01 11:32:56.525 DEBUG 18072 --- [nio-9060-exec-1] o.s.jdbc.core.JdbcTemplate               : Executing prepared SQL statement [EXEC dbo.SP_InicioJornada_ExisteRegistroHoy ?]
2026-07-01 11:32:56.526 DEBUG 18072 --- [nio-9060-exec-1] o.s.jdbc.datasource.DataSourceUtils      : Fetching JDBC Connection from DataSource
2026-07-01 11:32:56.528 DEBUG 18072 --- [nio-9060-exec-1] o.s.jdbc.core.JdbcTemplate               : Executing SQL query [EXEC dbo.spx_ObtenerSucursalesConexionWeb]
2026-07-01 11:32:56.529 DEBUG 18072 --- [nio-9060-exec-1] o.s.jdbc.datasource.DataSourceUtils      : Fetching JDBC Connection from DataSource
2026-07-01 11:32:56.535 DEBUG 18072 --- [nio-9060-exec-1] o.s.jdbc.core.JdbcTemplate               : Executing prepared SQL query
2026-07-01 11:32:56.536 DEBUG 18072 --- [nio-9060-exec-1] o.s.jdbc.core.JdbcTemplate               : Executing prepared SQL statement [EXEC dbo.spx_Central_BuscarSupervisorPorTecnicoConformacion ?, ?, ?]
2026-07-01 11:32:56.536 DEBUG 18072 --- [nio-9060-exec-1] o.s.jdbc.datasource.DataSourceUtils      : Fetching JDBC Connection from DataSource
2026-07-01 11:32:56.541 DEBUG 18072 --- [nio-9060-exec-1] o.s.jdbc.core.JdbcTemplate               : Executing prepared SQL query
2026-07-01 11:32:56.541 DEBUG 18072 --- [nio-9060-exec-1] o.s.jdbc.core.JdbcTemplate               : Executing prepared SQL statement [SELECT TOP 1 Nombre FROM dbo.tbl_Usuario WHERE Id_Usuario = ? AND ISNULL(E_Eliminado,0)=0]
2026-07-01 11:32:56.542 DEBUG 18072 --- [nio-9060-exec-1] o.s.jdbc.datasource.DataSourceUtils      : Fetching JDBC Connection from DataSource
2026-07-01 11:32:56.546 DEBUG 18072 --- [nio-9060-exec-1] o.s.w.s.m.m.a.HttpEntityMethodProcessor  : Using 'application/json', given [application/json, text/plain, */*] and supported [application/json, application/*+json, application/json, application/*+json]
2026-07-01 11:32:56.547 DEBUG 18072 --- [nio-9060-exec-1] o.s.w.s.m.m.a.HttpEntityMethodProcessor  : Writing [com.example.TigoStarSystem.common.ApiResponse@1eba52fe]
2026-07-01 11:32:56.549 DEBUG 18072 --- [nio-9060-exec-1] o.s.web.servlet.DispatcherServlet        : Completed 200 OK
2026-07-01 11:32:59.724 DEBUG 18072 --- [l-1 housekeeper] com.zaxxer.hikari.pool.HikariPool        : HikariPool-1 - Before cleanup stats (total=3, active=0, idle=3, waiting=0)
2026-07-01 11:32:59.726 DEBUG 18072 --- [l-1 housekeeper] com.zaxxer.hikari.pool.HikariPool        : HikariPool-1 - After cleanup  stats (total=3, active=0, idle=3, waiting=0)
2026-07-01 11:32:59.727 DEBUG 18072 --- [l-1 housekeeper] com.zaxxer.hikari.pool.HikariPool        : HikariPool-1 - Fill pool skipped, pool is at sufficient level.
2026-07-01 11:32:59.770 DEBUG 18072 --- [a-7 housekeeper] com.zaxxer.hikari.pool.HikariPool        : ConnDb-inicio-jornada-7 - Before cleanup stats (total=1, active=0, idle=1, waiting=0)
2026-07-01 11:32:59.771 DEBUG 18072 --- [a-7 housekeeper] com.zaxxer.hikari.pool.HikariPool        : ConnDb-inicio-jornada-7 - After cleanup  stats (total=1, active=0, idle=1, waiting=0)
2026-07-01 11:32:59.771 DEBUG 18072 --- [a-7 housekeeper] com.zaxxer.hikari.pool.HikariPool        : ConnDb-inicio-jornada-7 - Fill pool skipped, pool is at sufficient level.
2026-07-01 11:33:08.717 DEBUG 18072 --- [ool housekeeper] com.zaxxer.hikari.pool.HikariPool        : CentralHikariPool - Before cleanup stats (total=1, active=0, idle=1, waiting=0)
2026-07-01 11:33:08.718 DEBUG 18072 --- [ool housekeeper] com.zaxxer.hikari.pool.HikariPool        : CentralHikariPool - After cleanup  stats (total=1, active=0, idle=1, waiting=0)
2026-07-01 11:33:08.718 DEBUG 18072 --- [ool housekeeper] com.zaxxer.hikari.pool.HikariPool        : CentralHikariPool - Fill pool skipped, pool is at sufficient level.
2026-07-01 11:33:08.778 DEBUG 18072 --- [ool housekeeper] com.zaxxer.hikari.pool.HikariPool        : TigoHogarHikariPool - Before cleanup stats (total=2, active=0, idle=2, waiting=0)
2026-07-01 11:33:08.780 DEBUG 18072 --- [ool housekeeper] com.zaxxer.hikari.pool.HikariPool        : TigoHogarHikariPool - After cleanup  stats (total=2, active=0, idle=2, waiting=0)
2026-07-01 11:33:08.781 DEBUG 18072 --- [ool housekeeper] com.zaxxer.hikari.pool.HikariPool        : TigoHogarHikariPool - Fill pool skipped, pool is at sufficient level.
2026-07-01 11:33:11.866 DEBUG 18072 --- [nio-9060-exec-4] o.s.web.servlet.DispatcherServlet        : GET "/tecnico/inicio-jornada/estado?sucursal=Tarija", parameters={masked}
2026-07-01 11:33:11.867 DEBUG 18072 --- [nio-9060-exec-4] s.w.s.m.m.a.RequestMappingHandlerMapping : Mapped to com.example.TigoStarSystem.tecnicoiniciojornada.controller.TecnicoInicioJornadaController#estado(String, String)
2026-07-01 11:33:11.869 DEBUG 18072 --- [nio-9060-exec-4] o.s.jdbc.core.JdbcTemplate               : Executing prepared SQL query
2026-07-01 11:33:11.870 DEBUG 18072 --- [nio-9060-exec-4] o.s.jdbc.core.JdbcTemplate               : Executing prepared SQL statement [EXEC dbo.SP_InicioJornada_MarcarNoCierreAtrasado ?]
2026-07-01 11:33:11.871 DEBUG 18072 --- [nio-9060-exec-4] o.s.jdbc.datasource.DataSourceUtils      : Fetching JDBC Connection from DataSource
2026-07-01 11:33:11.876 DEBUG 18072 --- [nio-9060-exec-4] o.s.jdbc.core.JdbcTemplate               : Executing prepared SQL query
2026-07-01 11:33:11.876 DEBUG 18072 --- [nio-9060-exec-4] o.s.jdbc.core.JdbcTemplate               : Executing prepared SQL statement [SELECT TOP 1 id_inicio, id_tecnico, fecha_registro, fecha_cierre, pendiente, no_marco_cierre FROM dbo.tbl_InicioJornadaAlturas WHERE id_tecnico = ?   AND CAST(fecha_registro AS DATE) = CAST(DATEADD(DAY, -1, GETDATE()) AS DATE)   AND fecha_cierre IS NULL   AND ISNULL(e_eliminado, 0) = 0   AND ISNULL(no_marco_cierre, 0) = 1 ORDER BY fecha_registro DESC, id_inicio DESC]
2026-07-01 11:33:11.877 DEBUG 18072 --- [nio-9060-exec-4] o.s.jdbc.datasource.DataSourceUtils      : Fetching JDBC Connection from DataSource
2026-07-01 11:33:11.879 DEBUG 18072 --- [nio-9060-exec-4] o.s.jdbc.core.JdbcTemplate               : Executing prepared SQL query
2026-07-01 11:33:11.880 DEBUG 18072 --- [nio-9060-exec-4] o.s.jdbc.core.JdbcTemplate               : Executing prepared SQL statement [EXEC dbo.SP_InicioJornada_ExisteRegistroHoy ?]
2026-07-01 11:33:11.880 DEBUG 18072 --- [nio-9060-exec-4] o.s.jdbc.datasource.DataSourceUtils      : Fetching JDBC Connection from DataSource
2026-07-01 11:33:11.883 DEBUG 18072 --- [nio-9060-exec-4] o.s.jdbc.core.JdbcTemplate               : Executing SQL query [EXEC dbo.spx_ObtenerSucursalesConexionWeb]
2026-07-01 11:33:11.884 DEBUG 18072 --- [nio-9060-exec-4] o.s.jdbc.datasource.DataSourceUtils      : Fetching JDBC Connection from DataSource
2026-07-01 11:33:11.889 DEBUG 18072 --- [nio-9060-exec-4] o.s.jdbc.core.JdbcTemplate               : Executing prepared SQL query
2026-07-01 11:33:11.890 DEBUG 18072 --- [nio-9060-exec-4] o.s.jdbc.core.JdbcTemplate               : Executing prepared SQL statement [EXEC dbo.spx_Central_BuscarSupervisorPorTecnicoConformacion ?, ?, ?]
2026-07-01 11:33:11.892 DEBUG 18072 --- [nio-9060-exec-4] o.s.jdbc.datasource.DataSourceUtils      : Fetching JDBC Connection from DataSource
2026-07-01 11:33:11.898 DEBUG 18072 --- [nio-9060-exec-4] o.s.jdbc.core.JdbcTemplate               : Executing prepared SQL query
2026-07-01 11:33:11.899 DEBUG 18072 --- [nio-9060-exec-4] o.s.jdbc.core.JdbcTemplate               : Executing prepared SQL statement [SELECT TOP 1 Nombre FROM dbo.tbl_Usuario WHERE Id_Usuario = ? AND ISNULL(E_Eliminado,0)=0]
2026-07-01 11:33:11.900 DEBUG 18072 --- [nio-9060-exec-4] o.s.jdbc.datasource.DataSourceUtils      : Fetching JDBC Connection from DataSource
2026-07-01 11:33:11.904 DEBUG 18072 --- [nio-9060-exec-4] o.s.w.s.m.m.a.HttpEntityMethodProcessor  : Using 'application/json', given [application/json, text/plain, */*] and supported [application/json, application/*+json, application/json, application/*+json]
2026-07-01 11:33:11.905 DEBUG 18072 --- [nio-9060-exec-4] o.s.w.s.m.m.a.HttpEntityMethodProcessor  : Writing [com.example.TigoStarSystem.common.ApiResponse@3c0fb55c]
2026-07-01 11:33:11.906 DEBUG 18072 --- [nio-9060-exec-4] o.s.web.servlet.DispatcherServlet        : Completed 200 OK
2026-07-01 11:33:11.992 DEBUG 18072 --- [nio-9060-exec-2] o.s.web.servlet.DispatcherServlet        : GET "/tecnico/inicio-jornada/cierre-estado", parameters={}
2026-07-01 11:33:11.992 DEBUG 18072 --- [nio-9060-exec-2] s.w.s.m.m.a.RequestMappingHandlerMapping : Mapped to com.example.TigoStarSystem.tecnicoiniciojornada.controller.TecnicoInicioJornadaController#estadoCierre(String)
2026-07-01 11:33:11.998 DEBUG 18072 --- [nio-9060-exec-2] o.s.jdbc.core.JdbcTemplate               : Executing prepared SQL query
2026-07-01 11:33:11.998 DEBUG 18072 --- [nio-9060-exec-2] o.s.jdbc.core.JdbcTemplate               : Executing prepared SQL statement [EXEC dbo.SP_InicioJornada_MarcarNoCierreAtrasado ?]
2026-07-01 11:33:11.999 DEBUG 18072 --- [nio-9060-exec-2] o.s.jdbc.datasource.DataSourceUtils      : Fetching JDBC Connection from DataSource
2026-07-01 11:33:12.004 DEBUG 18072 --- [nio-9060-exec-2] o.s.jdbc.core.JdbcTemplate               : Executing prepared SQL query
2026-07-01 11:33:12.005 DEBUG 18072 --- [nio-9060-exec-2] o.s.jdbc.core.JdbcTemplate               : Executing prepared SQL statement [SELECT TOP 1 id_inicio, id_tecnico, fecha_registro, fecha_cierre, pendiente, no_marco_cierre FROM dbo.tbl_InicioJornadaAlturas WHERE id_tecnico = ?   AND CAST(fecha_registro AS DATE) = CAST(DATEADD(DAY, -1, GETDATE()) AS DATE)   AND fecha_cierre IS NULL   AND ISNULL(e_eliminado, 0) = 0   AND ISNULL(no_marco_cierre, 0) = 1 ORDER BY fecha_registro DESC, id_inicio DESC]
2026-07-01 11:33:12.005 DEBUG 18072 --- [nio-9060-exec-2] o.s.jdbc.datasource.DataSourceUtils      : Fetching JDBC Connection from DataSource
2026-07-01 11:33:12.008 DEBUG 18072 --- [nio-9060-exec-2] o.s.jdbc.core.JdbcTemplate               : Executing prepared SQL query
2026-07-01 11:33:12.012 DEBUG 18072 --- [nio-9060-exec-2] o.s.jdbc.core.JdbcTemplate               : Executing prepared SQL statement [EXEC dbo.SP_InicioJornada_EstadoCierreHoy ?]
2026-07-01 11:33:12.012 DEBUG 18072 --- [nio-9060-exec-2] o.s.jdbc.datasource.DataSourceUtils      : Fetching JDBC Connection from DataSource
2026-07-01 11:33:12.015 DEBUG 18072 --- [nio-9060-exec-2] o.s.jdbc.core.JdbcTemplate               : Executing prepared SQL query
2026-07-01 11:33:12.016 DEBUG 18072 --- [nio-9060-exec-2] o.s.jdbc.core.JdbcTemplate               : Executing prepared SQL statement [EXEC dbo.SP_InicioJornada_CountNoMarco ?]
2026-07-01 11:33:12.016 DEBUG 18072 --- [nio-9060-exec-2] o.s.jdbc.datasource.DataSourceUtils      : Fetching JDBC Connection from DataSource
2026-07-01 11:33:12.020 DEBUG 18072 --- [nio-9060-exec-2] o.s.w.s.m.m.a.HttpEntityMethodProcessor  : Using 'application/json', given [application/json, text/plain, */*] and supported [application/json, application/*+json, application/json, application/*+json]
2026-07-01 11:33:12.021 DEBUG 18072 --- [nio-9060-exec-2] o.s.w.s.m.m.a.HttpEntityMethodProcessor  : Writing [com.example.TigoStarSystem.common.ApiResponse@6f79c7b5]
2026-07-01 11:33:12.022 DEBUG 18072 --- [nio-9060-exec-2] o.s.web.servlet.DispatcherServlet        : Completed 200 OK
2026-07-01 11:33:13.879 DEBUG 18072 --- [nio-9060-exec-5] o.s.web.servlet.DispatcherServlet        : POST "/tecnico/inicio-jornada/cerrar-jornada", parameters={}
2026-07-01 11:33:13.880 DEBUG 18072 --- [nio-9060-exec-5] s.w.s.m.m.a.RequestMappingHandlerMapping : Mapped to com.example.TigoStarSystem.tecnicoiniciojornada.controller.TecnicoInicioJornadaController#cerrarJornada(String, TecnicoCierreJornadaRequest)
2026-07-01 11:33:13.884 DEBUG 18072 --- [nio-9060-exec-5] m.m.a.RequestResponseBodyMethodProcessor : Read "application/json;charset=UTF-8" to [com.example.TigoStarSystem.tecnicoiniciojornada.dto.TecnicoCierreJornadaRequest@e66728c]
2026-07-01 11:33:13.887 DEBUG 18072 --- [nio-9060-exec-5] o.s.jdbc.core.JdbcTemplate               : Executing prepared SQL query
2026-07-01 11:33:13.888 DEBUG 18072 --- [nio-9060-exec-5] o.s.jdbc.core.JdbcTemplate               : Executing prepared SQL statement [EXEC dbo.SP_InicioJornada_ExistePendienteHoy ?]
2026-07-01 11:33:13.889 DEBUG 18072 --- [nio-9060-exec-5] o.s.jdbc.datasource.DataSourceUtils      : Fetching JDBC Connection from DataSource
2026-07-01 11:33:13.903 DEBUG 18072 --- [nio-9060-exec-5] o.s.jdbc.core.JdbcTemplate               : Executing prepared SQL query
2026-07-01 11:33:13.970 DEBUG 18072 --- [nio-9060-exec-5] o.s.jdbc.core.JdbcTemplate               : Executing prepared SQL statement [EXEC dbo.SP_InicioJornada_Cerrar ?, ?, ?, ?, ?, ?, ?, ?, ?]
2026-07-01 11:33:13.971 DEBUG 18072 --- [nio-9060-exec-5] o.s.jdbc.datasource.DataSourceUtils      : Fetching JDBC Connection from DataSource
2026-07-01 11:33:14.510 DEBUG 18072 --- [nio-9060-exec-5] o.s.jdbc.core.JdbcTemplate               : Executing SQL query [SELECT COLUMN_NAME FROM INFORMATION_SCHEMA.COLUMNS WHERE TABLE_SCHEMA='dbo' AND TABLE_NAME='tbl_InicioJornadaAlturas']
2026-07-01 11:33:14.511 DEBUG 18072 --- [nio-9060-exec-5] o.s.jdbc.datasource.DataSourceUtils      : Fetching JDBC Connection from DataSource
2026-07-01 11:33:14.531 DEBUG 18072 --- [nio-9060-exec-5] o.s.jdbc.core.JdbcTemplate               : Executing prepared SQL update
2026-07-01 11:33:14.532 DEBUG 18072 --- [nio-9060-exec-5] o.s.jdbc.core.JdbcTemplate               : Executing prepared SQL statement [UPDATE dbo.tbl_InicioJornadaAlturas SET [AceptoCierreJornada] = ? WHERE id_inicio = ?]
2026-07-01 11:33:14.533 DEBUG 18072 --- [nio-9060-exec-5] o.s.jdbc.datasource.DataSourceUtils      : Fetching JDBC Connection from DataSource
2026-07-01 11:33:14.541 DEBUG 18072 --- [nio-9060-exec-5] o.s.w.s.m.m.a.HttpEntityMethodProcessor  : Using 'application/json', given [application/json, text/plain, */*] and supported [application/json, application/*+json, application/json, application/*+json]
2026-07-01 11:33:14.542 DEBUG 18072 --- [nio-9060-exec-5] o.s.w.s.m.m.a.HttpEntityMethodProcessor  : Writing [com.example.TigoStarSystem.common.ApiResponse@7e7666a0]
2026-07-01 11:33:14.576 DEBUG 18072 --- [nio-9060-exec-5] o.s.web.servlet.DispatcherServlet        : Completed 200 OK
2026-07-01 11:33:18.209 DEBUG 18072 --- [nio-9060-exec-3] o.s.web.servlet.DispatcherServlet        : GET "/tecnico/inicio-jornada/cierre-estado", parameters={}
2026-07-01 11:33:18.209 DEBUG 18072 --- [nio-9060-exec-6] o.s.web.servlet.DispatcherServlet        : GET "/tecnico/inicio-jornada/estado?sucursal=Tarija", parameters={masked}
2026-07-01 11:33:18.210 DEBUG 18072 --- [nio-9060-exec-3] s.w.s.m.m.a.RequestMappingHandlerMapping : Mapped to com.example.TigoStarSystem.tecnicoiniciojornada.controller.TecnicoInicioJornadaController#estadoCierre(String)
2026-07-01 11:33:18.211 DEBUG 18072 --- [nio-9060-exec-6] s.w.s.m.m.a.RequestMappingHandlerMapping : Mapped to com.example.TigoStarSystem.tecnicoiniciojornada.controller.TecnicoInicioJornadaController#estado(String, String)
2026-07-01 11:33:18.214 DEBUG 18072 --- [nio-9060-exec-6] o.s.jdbc.core.JdbcTemplate               : Executing prepared SQL query
2026-07-01 11:33:18.214 DEBUG 18072 --- [nio-9060-exec-6] o.s.jdbc.core.JdbcTemplate               : Executing prepared SQL statement [EXEC dbo.SP_InicioJornada_MarcarNoCierreAtrasado ?]
2026-07-01 11:33:18.214 DEBUG 18072 --- [nio-9060-exec-3] o.s.jdbc.core.JdbcTemplate               : Executing prepared SQL query
2026-07-01 11:33:18.215 DEBUG 18072 --- [nio-9060-exec-3] o.s.jdbc.core.JdbcTemplate               : Executing prepared SQL statement [EXEC dbo.SP_InicioJornada_MarcarNoCierreAtrasado ?]
2026-07-01 11:33:18.215 DEBUG 18072 --- [nio-9060-exec-6] o.s.jdbc.datasource.DataSourceUtils      : Fetching JDBC Connection from DataSource
2026-07-01 11:33:18.216 DEBUG 18072 --- [nio-9060-exec-3] o.s.jdbc.datasource.DataSourceUtils      : Fetching JDBC Connection from DataSource
2026-07-01 11:33:18.219 DEBUG 18072 --- [nio-9060-exec-6] o.s.jdbc.core.JdbcTemplate               : Executing prepared SQL query
2026-07-01 11:33:18.220 DEBUG 18072 --- [nio-9060-exec-6] o.s.jdbc.core.JdbcTemplate               : Executing prepared SQL statement [SELECT TOP 1 id_inicio, id_tecnico, fecha_registro, fecha_cierre, pendiente, no_marco_cierre FROM dbo.tbl_InicioJornadaAlturas WHERE id_tecnico = ?   AND CAST(fecha_registro AS DATE) = CAST(DATEADD(DAY, -1, GETDATE()) AS DATE)   AND fecha_cierre IS NULL   AND ISNULL(e_eliminado, 0) = 0   AND ISNULL(no_marco_cierre, 0) = 1 ORDER BY fecha_registro DESC, id_inicio DESC]
2026-07-01 11:33:18.220 DEBUG 18072 --- [nio-9060-exec-6] o.s.jdbc.datasource.DataSourceUtils      : Fetching JDBC Connection from DataSource
2026-07-01 11:33:18.221 DEBUG 18072 --- [nio-9060-exec-3] o.s.jdbc.core.JdbcTemplate               : Executing prepared SQL query
2026-07-01 11:33:18.221 DEBUG 18072 --- [nio-9060-exec-3] o.s.jdbc.core.JdbcTemplate               : Executing prepared SQL statement [SELECT TOP 1 id_inicio, id_tecnico, fecha_registro, fecha_cierre, pendiente, no_marco_cierre FROM dbo.tbl_InicioJornadaAlturas WHERE id_tecnico = ?   AND CAST(fecha_registro AS DATE) = CAST(DATEADD(DAY, -1, GETDATE()) AS DATE)   AND fecha_cierre IS NULL   AND ISNULL(e_eliminado, 0) = 0   AND ISNULL(no_marco_cierre, 0) = 1 ORDER BY fecha_registro DESC, id_inicio DESC]
2026-07-01 11:33:18.222 DEBUG 18072 --- [nio-9060-exec-3] o.s.jdbc.datasource.DataSourceUtils      : Fetching JDBC Connection from DataSource
2026-07-01 11:33:18.222 DEBUG 18072 --- [nio-9060-exec-6] o.s.jdbc.core.JdbcTemplate               : Executing prepared SQL query
2026-07-01 11:33:18.223 DEBUG 18072 --- [nio-9060-exec-6] o.s.jdbc.core.JdbcTemplate               : Executing prepared SQL statement [EXEC dbo.SP_InicioJornada_ExisteRegistroHoy ?]
2026-07-01 11:33:18.224 DEBUG 18072 --- [nio-9060-exec-6] o.s.jdbc.datasource.DataSourceUtils      : Fetching JDBC Connection from DataSource
2026-07-01 11:33:18.224 DEBUG 18072 --- [nio-9060-exec-3] o.s.jdbc.core.JdbcTemplate               : Executing prepared SQL query
2026-07-01 11:33:18.226 DEBUG 18072 --- [nio-9060-exec-6] o.s.jdbc.core.JdbcTemplate               : Executing SQL query [EXEC dbo.spx_ObtenerSucursalesConexionWeb]
2026-07-01 11:33:18.271 DEBUG 18072 --- [nio-9060-exec-3] o.s.jdbc.core.JdbcTemplate               : Executing prepared SQL statement [EXEC dbo.SP_InicioJornada_EstadoCierreHoy ?]
2026-07-01 11:33:18.389 DEBUG 18072 --- [nio-9060-exec-6] o.s.jdbc.datasource.DataSourceUtils      : Fetching JDBC Connection from DataSource
2026-07-01 11:33:18.390 DEBUG 18072 --- [nio-9060-exec-3] o.s.jdbc.datasource.DataSourceUtils      : Fetching JDBC Connection from DataSource
2026-07-01 11:33:18.405 DEBUG 18072 --- [nio-9060-exec-3] o.s.jdbc.core.JdbcTemplate               : Executing prepared SQL query
2026-07-01 11:33:18.407 DEBUG 18072 --- [nio-9060-exec-6] o.s.jdbc.core.JdbcTemplate               : Executing prepared SQL query
2026-07-01 11:33:18.630 DEBUG 18072 --- [nio-9060-exec-3] o.s.jdbc.core.JdbcTemplate               : Executing prepared SQL statement [EXEC dbo.SP_InicioJornada_CountNoMarco ?]
2026-07-01 11:33:18.665 DEBUG 18072 --- [nio-9060-exec-3] o.s.jdbc.datasource.DataSourceUtils      : Fetching JDBC Connection from DataSource
2026-07-01 11:33:18.664 DEBUG 18072 --- [nio-9060-exec-6] o.s.jdbc.core.JdbcTemplate               : Executing prepared SQL statement [EXEC dbo.spx_Central_BuscarSupervisorPorTecnicoConformacion ?, ?, ?]
2026-07-01 11:33:18.718 DEBUG 18072 --- [nio-9060-exec-6] o.s.jdbc.datasource.DataSourceUtils      : Fetching JDBC Connection from DataSource
2026-07-01 11:33:18.720 DEBUG 18072 --- [nio-9060-exec-3] o.s.w.s.m.m.a.HttpEntityMethodProcessor  : Using 'application/json', given [application/json, text/plain, */*] and supported [application/json, application/*+json, application/json, application/*+json]
2026-07-01 11:33:18.865 DEBUG 18072 --- [nio-9060-exec-6] o.s.jdbc.core.JdbcTemplate               : Executing prepared SQL query
2026-07-01 11:33:18.878 DEBUG 18072 --- [nio-9060-exec-6] o.s.jdbc.core.JdbcTemplate               : Executing prepared SQL statement [SELECT TOP 1 Nombre FROM dbo.tbl_Usuario WHERE Id_Usuario = ? AND ISNULL(E_Eliminado,0)=0]
2026-07-01 11:33:18.879 DEBUG 18072 --- [nio-9060-exec-6] o.s.jdbc.datasource.DataSourceUtils      : Fetching JDBC Connection from DataSource
2026-07-01 11:33:18.877 DEBUG 18072 --- [nio-9060-exec-3] o.s.w.s.m.m.a.HttpEntityMethodProcessor  : Writing [com.example.TigoStarSystem.common.ApiResponse@682030ad]
2026-07-01 11:33:18.931 DEBUG 18072 --- [nio-9060-exec-3] o.s.web.servlet.DispatcherServlet        : Completed 200 OK
2026-07-01 11:33:18.933 DEBUG 18072 --- [nio-9060-exec-6] o.s.w.s.m.m.a.HttpEntityMethodProcessor  : Using 'application/json', given [application/json, text/plain, */*] and supported [application/json, application/*+json, application/json, application/*+json]
2026-07-01 11:33:18.973 DEBUG 18072 --- [nio-9060-exec-6] o.s.w.s.m.m.a.HttpEntityMethodProcessor  : Writing [com.example.TigoStarSystem.common.ApiResponse@11c8ef4a]
2026-07-01 11:33:18.974 DEBUG 18072 --- [nio-9060-exec-6] o.s.web.servlet.DispatcherServlet        : Completed 200 OK
2026-07-01 11:33:29.731 DEBUG 18072 --- [l-1 housekeeper] com.zaxxer.hikari.pool.HikariPool        : HikariPool-1 - Before cleanup stats (total=3, active=0, idle=3, waiting=0)
2026-07-01 11:33:29.733 DEBUG 18072 --- [l-1 housekeeper] com.zaxxer.hikari.pool.HikariPool        : HikariPool-1 - After cleanup  stats (total=3, active=0, idle=3, waiting=0)
2026-07-01 11:33:29.735 DEBUG 18072 --- [l-1 housekeeper] com.zaxxer.hikari.pool.HikariPool        : HikariPool-1 - Fill pool skipped, pool is at sufficient level.
2026-07-01 11:33:29.778 DEBUG 18072 --- [a-7 housekeeper] com.zaxxer.hikari.pool.HikariPool        : ConnDb-inicio-jornada-7 - Before cleanup stats (total=1, active=0, idle=1, waiting=0)
2026-07-01 11:33:29.778 DEBUG 18072 --- [a-7 housekeeper] com.zaxxer.hikari.pool.HikariPool        : ConnDb-inicio-jornada-7 - After cleanup  stats (total=1, active=0, idle=1, waiting=0)
2026-07-01 11:33:29.779 DEBUG 18072 --- [a-7 housekeeper] com.zaxxer.hikari.pool.HikariPool        : ConnDb-inicio-jornada-7 - Fill pool skipped, pool is at sufficient level.
2026-07-01 11:33:34.123 DEBUG 18072 --- [nio-9060-exec-8] o.s.web.servlet.DispatcherServlet        : GET "/tecnico/inicio-jornada/estado?sucursal=Tarija", parameters={masked}
2026-07-01 11:33:34.124 DEBUG 18072 --- [nio-9060-exec-8] s.w.s.m.m.a.RequestMappingHandlerMapping : Mapped to com.example.TigoStarSystem.tecnicoiniciojornada.controller.TecnicoInicioJornadaController#estado(String, String)
2026-07-01 11:33:34.128 DEBUG 18072 --- [nio-9060-exec-8] o.s.jdbc.core.JdbcTemplate               : Executing prepared SQL query
2026-07-01 11:33:34.129 DEBUG 18072 --- [nio-9060-exec-8] o.s.jdbc.core.JdbcTemplate               : Executing prepared SQL statement [EXEC dbo.SP_InicioJornada_MarcarNoCierreAtrasado ?]
2026-07-01 11:33:34.129 DEBUG 18072 --- [nio-9060-exec-8] o.s.jdbc.datasource.DataSourceUtils      : Fetching JDBC Connection from DataSource
2026-07-01 11:33:34.136 DEBUG 18072 --- [nio-9060-exec-8] o.s.jdbc.core.JdbcTemplate               : Executing prepared SQL query
2026-07-01 11:33:34.136 DEBUG 18072 --- [nio-9060-exec-8] o.s.jdbc.core.JdbcTemplate               : Executing prepared SQL statement [SELECT TOP 1 id_inicio, id_tecnico, fecha_registro, fecha_cierre, pendiente, no_marco_cierre FROM dbo.tbl_InicioJornadaAlturas WHERE id_tecnico = ?   AND CAST(fecha_registro AS DATE) = CAST(DATEADD(DAY, -1, GETDATE()) AS DATE)   AND fecha_cierre IS NULL   AND ISNULL(e_eliminado, 0) = 0   AND ISNULL(no_marco_cierre, 0) = 1 ORDER BY fecha_registro DESC, id_inicio DESC]
2026-07-01 11:33:34.137 DEBUG 18072 --- [nio-9060-exec-8] o.s.jdbc.datasource.DataSourceUtils      : Fetching JDBC Connection from DataSource
2026-07-01 11:33:34.140 DEBUG 18072 --- [nio-9060-exec-8] o.s.jdbc.core.JdbcTemplate               : Executing prepared SQL query
2026-07-01 11:33:34.141 DEBUG 18072 --- [nio-9060-exec-8] o.s.jdbc.core.JdbcTemplate               : Executing prepared SQL statement [EXEC dbo.SP_InicioJornada_ExisteRegistroHoy ?]
2026-07-01 11:33:34.142 DEBUG 18072 --- [nio-9060-exec-8] o.s.jdbc.datasource.DataSourceUtils      : Fetching JDBC Connection from DataSource
2026-07-01 11:33:34.145 DEBUG 18072 --- [nio-9060-exec-8] o.s.jdbc.core.JdbcTemplate               : Executing SQL query [EXEC dbo.spx_ObtenerSucursalesConexionWeb]
2026-07-01 11:33:34.146 DEBUG 18072 --- [nio-9060-exec-8] o.s.jdbc.datasource.DataSourceUtils      : Fetching JDBC Connection from DataSource
2026-07-01 11:33:34.151 DEBUG 18072 --- [nio-9060-exec-8] o.s.jdbc.core.JdbcTemplate               : Executing prepared SQL query
2026-07-01 11:33:34.152 DEBUG 18072 --- [nio-9060-exec-8] o.s.jdbc.core.JdbcTemplate               : Executing prepared SQL statement [EXEC dbo.spx_Central_BuscarSupervisorPorTecnicoConformacion ?, ?, ?]
2026-07-01 11:33:34.152 DEBUG 18072 --- [nio-9060-exec-8] o.s.jdbc.datasource.DataSourceUtils      : Fetching JDBC Connection from DataSource
2026-07-01 11:33:34.157 DEBUG 18072 --- [nio-9060-exec-8] o.s.jdbc.core.JdbcTemplate               : Executing prepared SQL query
2026-07-01 11:33:34.158 DEBUG 18072 --- [nio-9060-exec-8] o.s.jdbc.core.JdbcTemplate               : Executing prepared SQL statement [SELECT TOP 1 Nombre FROM dbo.tbl_Usuario WHERE Id_Usuario = ? AND ISNULL(E_Eliminado,0)=0]
2026-07-01 11:33:34.159 DEBUG 18072 --- [nio-9060-exec-8] o.s.jdbc.datasource.DataSourceUtils      : Fetching JDBC Connection from DataSource
2026-07-01 11:33:34.162 DEBUG 18072 --- [nio-9060-exec-8] o.s.w.s.m.m.a.HttpEntityMethodProcessor  : Using 'application/json', given [application/json, text/plain, */*] and supported [application/json, application/*+json, application/json, application/*+json]
2026-07-01 11:33:34.163 DEBUG 18072 --- [nio-9060-exec-8] o.s.w.s.m.m.a.HttpEntityMethodProcessor  : Writing [com.example.TigoStarSystem.common.ApiResponse@1b6a4d04]
2026-07-01 11:33:34.164 DEBUG 18072 --- [nio-9060-exec-8] o.s.web.servlet.DispatcherServlet        : Completed 200 OK
2026-07-01 11:33:38.734 DEBUG 18072 --- [ool housekeeper] com.zaxxer.hikari.pool.HikariPool        : CentralHikariPool - Before cleanup stats (total=1, active=0, idle=1, waiting=0)
2026-07-01 11:33:38.735 DEBUG 18072 --- [ool housekeeper] com.zaxxer.hikari.pool.HikariPool        : CentralHikariPool - After cleanup  stats (total=1, active=0, idle=1, waiting=0)
2026-07-01 11:33:38.735 DEBUG 18072 --- [ool housekeeper] com.zaxxer.hikari.pool.HikariPool        : CentralHikariPool - Fill pool skipped, pool is at sufficient level.
2026-07-01 11:33:38.796 DEBUG 18072 --- [ool housekeeper] com.zaxxer.hikari.pool.HikariPool        : TigoHogarHikariPool - Before cleanup stats (total=2, active=0, idle=2, waiting=0)
2026-07-01 11:33:38.796 DEBUG 18072 --- [ool housekeeper] com.zaxxer.hikari.pool.HikariPool        : TigoHogarHikariPool - After cleanup  stats (total=2, active=0, idle=2, waiting=0)
2026-07-01 11:33:38.797 DEBUG 18072 --- [ool housekeeper] com.zaxxer.hikari.pool.HikariPool        : TigoHogarHikariPool - Fill pool skipped, pool is at sufficient level.
2026-07-01 11:33:49.131 DEBUG 18072 --- [nio-9060-exec-7] o.s.web.servlet.DispatcherServlet        : GET "/tecnico/inicio-jornada/cierre-estado", parameters={}
2026-07-01 11:33:49.132 DEBUG 18072 --- [nio-9060-exec-7] s.w.s.m.m.a.RequestMappingHandlerMapping : Mapped to com.example.TigoStarSystem.tecnicoiniciojornada.controller.TecnicoInicioJornadaController#estadoCierre(String)
2026-07-01 11:33:49.136 DEBUG 18072 --- [nio-9060-exec-7] o.s.jdbc.core.JdbcTemplate               : Executing prepared SQL query
2026-07-01 11:33:49.137 DEBUG 18072 --- [nio-9060-exec-7] o.s.jdbc.core.JdbcTemplate               : Executing prepared SQL statement [EXEC dbo.SP_InicioJornada_MarcarNoCierreAtrasado ?]
2026-07-01 11:33:49.137 DEBUG 18072 --- [nio-9060-exec-7] o.s.jdbc.datasource.DataSourceUtils      : Fetching JDBC Connection from DataSource
2026-07-01 11:33:49.146 DEBUG 18072 --- [nio-9060-exec-7] o.s.jdbc.core.JdbcTemplate               : Executing prepared SQL query
2026-07-01 11:33:49.147 DEBUG 18072 --- [nio-9060-exec-7] o.s.jdbc.core.JdbcTemplate               : Executing prepared SQL statement [SELECT TOP 1 id_inicio, id_tecnico, fecha_registro, fecha_cierre, pendiente, no_marco_cierre FROM dbo.tbl_InicioJornadaAlturas WHERE id_tecnico = ?   AND CAST(fecha_registro AS DATE) = CAST(DATEADD(DAY, -1, GETDATE()) AS DATE)   AND fecha_cierre IS NULL   AND ISNULL(e_eliminado, 0) = 0   AND ISNULL(no_marco_cierre, 0) = 1 ORDER BY fecha_registro DESC, id_inicio DESC]
2026-07-01 11:33:49.148 DEBUG 18072 --- [nio-9060-exec-7] o.s.jdbc.datasource.DataSourceUtils      : Fetching JDBC Connection from DataSource
2026-07-01 11:33:49.151 DEBUG 18072 --- [nio-9060-exec-7] o.s.jdbc.core.JdbcTemplate               : Executing prepared SQL query
2026-07-01 11:33:49.151 DEBUG 18072 --- [nio-9060-exec-7] o.s.jdbc.core.JdbcTemplate               : Executing prepared SQL statement [EXEC dbo.SP_InicioJornada_EstadoCierreHoy ?]
2026-07-01 11:33:49.152 DEBUG 18072 --- [nio-9060-exec-7] o.s.jdbc.datasource.DataSourceUtils      : Fetching JDBC Connection from DataSource
2026-07-01 11:33:49.155 DEBUG 18072 --- [nio-9060-exec-7] o.s.jdbc.core.JdbcTemplate               : Executing prepared SQL query
2026-07-01 11:33:49.157 DEBUG 18072 --- [nio-9060-exec-7] o.s.jdbc.core.JdbcTemplate               : Executing prepared SQL statement [EXEC dbo.SP_InicioJornada_CountNoMarco ?]
2026-07-01 11:33:49.157 DEBUG 18072 --- [nio-9060-exec-7] o.s.jdbc.datasource.DataSourceUtils      : Fetching JDBC Connection from DataSource
2026-07-01 11:33:49.161 DEBUG 18072 --- [nio-9060-exec-7] o.s.w.s.m.m.a.HttpEntityMethodProcessor  : Using 'application/json', given [application/json, text/plain, */*] and supported [application/json, application/*+json, application/json, application/*+json]
2026-07-01 11:33:49.163 DEBUG 18072 --- [nio-9060-exec-7] o.s.w.s.m.m.a.HttpEntityMethodProcessor  : Writing [com.example.TigoStarSystem.common.ApiResponse@2b71c7e9]
2026-07-01 11:33:49.164 DEBUG 18072 --- [nio-9060-exec-7] o.s.web.servlet.DispatcherServlet        : Completed 200 OK
2026-07-01 11:33:49.292 DEBUG 18072 --- [io-9060-exec-10] o.s.web.servlet.DispatcherServlet        : GET "/tecnico/inicio-jornada/estado?sucursal=Tarija", parameters={masked}
2026-07-01 11:33:49.293 DEBUG 18072 --- [io-9060-exec-10] s.w.s.m.m.a.RequestMappingHandlerMapping : Mapped to com.example.TigoStarSystem.tecnicoiniciojornada.controller.TecnicoInicioJornadaController#estado(String, String)
2026-07-01 11:33:49.296 DEBUG 18072 --- [io-9060-exec-10] o.s.jdbc.core.JdbcTemplate               : Executing prepared SQL query
2026-07-01 11:33:49.296 DEBUG 18072 --- [io-9060-exec-10] o.s.jdbc.core.JdbcTemplate               : Executing prepared SQL statement [EXEC dbo.SP_InicioJornada_MarcarNoCierreAtrasado ?]
2026-07-01 11:33:49.297 DEBUG 18072 --- [io-9060-exec-10] o.s.jdbc.datasource.DataSourceUtils      : Fetching JDBC Connection from DataSource
2026-07-01 11:33:49.304 DEBUG 18072 --- [io-9060-exec-10] o.s.jdbc.core.JdbcTemplate               : Executing prepared SQL query
2026-07-01 11:33:49.305 DEBUG 18072 --- [io-9060-exec-10] o.s.jdbc.core.JdbcTemplate               : Executing prepared SQL statement [SELECT TOP 1 id_inicio, id_tecnico, fecha_registro, fecha_cierre, pendiente, no_marco_cierre FROM dbo.tbl_InicioJornadaAlturas WHERE id_tecnico = ?   AND CAST(fecha_registro AS DATE) = CAST(DATEADD(DAY, -1, GETDATE()) AS DATE)   AND fecha_cierre IS NULL   AND ISNULL(e_eliminado, 0) = 0   AND ISNULL(no_marco_cierre, 0) = 1 ORDER BY fecha_registro DESC, id_inicio DESC]
2026-07-01 11:33:49.306 DEBUG 18072 --- [io-9060-exec-10] o.s.jdbc.datasource.DataSourceUtils      : Fetching JDBC Connection from DataSource
2026-07-01 11:33:49.309 DEBUG 18072 --- [io-9060-exec-10] o.s.jdbc.core.JdbcTemplate               : Executing prepared SQL query
2026-07-01 11:33:49.310 DEBUG 18072 --- [io-9060-exec-10] o.s.jdbc.core.JdbcTemplate               : Executing prepared SQL statement [EXEC dbo.SP_InicioJornada_ExisteRegistroHoy ?]
2026-07-01 11:33:49.311 DEBUG 18072 --- [io-9060-exec-10] o.s.jdbc.datasource.DataSourceUtils      : Fetching JDBC Connection from DataSource
2026-07-01 11:33:49.319 DEBUG 18072 --- [io-9060-exec-10] o.s.jdbc.core.JdbcTemplate               : Executing SQL query [EXEC dbo.spx_ObtenerSucursalesConexionWeb]
2026-07-01 11:33:49.320 DEBUG 18072 --- [io-9060-exec-10] o.s.jdbc.datasource.DataSourceUtils      : Fetching JDBC Connection from DataSource
2026-07-01 11:33:49.325 DEBUG 18072 --- [io-9060-exec-10] o.s.jdbc.core.JdbcTemplate               : Executing prepared SQL query
2026-07-01 11:33:49.326 DEBUG 18072 --- [io-9060-exec-10] o.s.jdbc.core.JdbcTemplate               : Executing prepared SQL statement [EXEC dbo.spx_Central_BuscarSupervisorPorTecnicoConformacion ?, ?, ?]
2026-07-01 11:33:49.326 DEBUG 18072 --- [io-9060-exec-10] o.s.jdbc.datasource.DataSourceUtils      : Fetching JDBC Connection from DataSource
2026-07-01 11:33:50.707 DEBUG 18072 --- [io-9060-exec-10] o.s.jdbc.core.JdbcTemplate               : Executing prepared SQL query
2026-07-01 11:33:50.708 DEBUG 18072 --- [io-9060-exec-10] o.s.jdbc.core.JdbcTemplate               : Executing prepared SQL statement [SELECT TOP 1 Nombre FROM dbo.tbl_Usuario WHERE Id_Usuario = ? AND ISNULL(E_Eliminado,0)=0]
2026-07-01 11:33:50.709 DEBUG 18072 --- [io-9060-exec-10] o.s.jdbc.datasource.DataSourceUtils      : Fetching JDBC Connection from DataSource
2026-07-01 11:33:50.712 DEBUG 18072 --- [io-9060-exec-10] o.s.w.s.m.m.a.HttpEntityMethodProcessor  : Using 'application/json', given [application/json, text/plain, */*] and supported [application/json, application/*+json, application/json, application/*+json]
2026-07-01 11:33:50.713 DEBUG 18072 --- [io-9060-exec-10] o.s.w.s.m.m.a.HttpEntityMethodProcessor  : Writing [com.example.TigoStarSystem.common.ApiResponse@5fd3e304]
2026-07-01 11:33:50.714 DEBUG 18072 --- [io-9060-exec-10] o.s.web.servlet.DispatcherServlet        : Completed 200 OK
2026-07-01 11:33:59.747 DEBUG 18072 --- [l-1 housekeeper] com.zaxxer.hikari.pool.HikariPool        : HikariPool-1 - Before cleanup stats (total=3, active=0, idle=3, waiting=0)
2026-07-01 11:33:59.747 DEBUG 18072 --- [l-1 housekeeper] com.zaxxer.hikari.pool.HikariPool        : HikariPool-1 - After cleanup  stats (total=3, active=0, idle=3, waiting=0)
2026-07-01 11:33:59.748 DEBUG 18072 --- [l-1 housekeeper] com.zaxxer.hikari.pool.HikariPool        : HikariPool-1 - Fill pool skipped, pool is at sufficient level.
2026-07-01 11:33:59.793 DEBUG 18072 --- [a-7 housekeeper] com.zaxxer.hikari.pool.HikariPool        : ConnDb-inicio-jornada-7 - Before cleanup stats (total=1, active=0, idle=1, waiting=0)
2026-07-01 11:33:59.793 DEBUG 18072 --- [a-7 housekeeper] com.zaxxer.hikari.pool.HikariPool        : ConnDb-inicio-jornada-7 - After cleanup  stats (total=1, active=0, idle=1, waiting=0)
2026-07-01 11:33:59.794 DEBUG 18072 --- [a-7 housekeeper] com.zaxxer.hikari.pool.HikariPool        : ConnDb-inicio-jornada-7 - Fill pool skipped, pool is at sufficient level.
2026-07-01 11:34:08.750 DEBUG 18072 --- [ool housekeeper] com.zaxxer.hikari.pool.HikariPool        : CentralHikariPool - Before cleanup stats (total=1, active=0, idle=1, waiting=0)
2026-07-01 11:34:08.751 DEBUG 18072 --- [ool housekeeper] com.zaxxer.hikari.pool.HikariPool        : CentralHikariPool - After cleanup  stats (total=1, active=0, idle=1, waiting=0)
2026-07-01 11:34:08.751 DEBUG 18072 --- [ool housekeeper] com.zaxxer.hikari.pool.HikariPool        : CentralHikariPool - Fill pool skipped, pool is at sufficient level.
2026-07-01 11:34:08.812 DEBUG 18072 --- [ool housekeeper] com.zaxxer.hikari.pool.HikariPool        : TigoHogarHikariPool - Before cleanup stats (total=2, active=0, idle=2, waiting=0)
2026-07-01 11:34:08.813 DEBUG 18072 --- [ool housekeeper] com.zaxxer.hikari.pool.HikariPool        : TigoHogarHikariPool - After cleanup  stats (total=2, active=0, idle=2, waiting=0)
2026-07-01 11:34:08.813 DEBUG 18072 --- [ool housekeeper] com.zaxxer.hikari.pool.HikariPool        : TigoHogarHikariPool - Fill pool skipped, pool is at sufficient level.
2026-07-01 11:34:17.869 DEBUG 18072 --- [l-1 housekeeper] com.zaxxer.hikari.pool.HikariPool        : HikariPool-1 - keepalive: connection net.sourceforge.jtds.jdbc.JtdsConnection@2ffd03c4 is alive
2026-07-01 11:34:22.745 DEBUG 18072 --- [ool housekeeper] com.zaxxer.hikari.pool.HikariPool        : TigoHogarHikariPool - keepalive: connection net.sourceforge.jtds.jdbc.JtdsConnection@6530cf is alive
2026-07-01 11:34:23.795 DEBUG 18072 --- [ool housekeeper] com.zaxxer.hikari.pool.HikariPool        : CentralHikariPool - keepalive: connection net.sourceforge.jtds.jdbc.JtdsConnection@3ae5678d is alive
2026-07-01 11:34:25.555 DEBUG 18072 --- [ool housekeeper] com.zaxxer.hikari.pool.HikariPool        : TigoHogarHikariPool - keepalive: connection net.sourceforge.jtds.jdbc.JtdsConnection@11f8b2b0 is alive
2026-07-01 11:34:29.756 DEBUG 18072 --- [l-1 housekeeper] com.zaxxer.hikari.pool.HikariPool        : HikariPool-1 - Before cleanup stats (total=3, active=0, idle=3, waiting=0)
2026-07-01 11:34:29.757 DEBUG 18072 --- [l-1 housekeeper] com.zaxxer.hikari.pool.HikariPool        : HikariPool-1 - After cleanup  stats (total=3, active=0, idle=3, waiting=0)
2026-07-01 11:34:29.757 DEBUG 18072 --- [l-1 housekeeper] com.zaxxer.hikari.pool.HikariPool        : HikariPool-1 - Fill pool skipped, pool is at sufficient level.
2026-07-01 11:34:29.802 DEBUG 18072 --- [a-7 housekeeper] com.zaxxer.hikari.pool.HikariPool        : ConnDb-inicio-jornada-7 - Before cleanup stats (total=1, active=0, idle=1, waiting=0)
2026-07-01 11:34:29.803 DEBUG 18072 --- [a-7 housekeeper] com.zaxxer.hikari.pool.HikariPool        : ConnDb-inicio-jornada-7 - After cleanup  stats (total=1, active=0, idle=1, waiting=0)
2026-07-01 11:34:29.803 DEBUG 18072 --- [a-7 housekeeper] com.zaxxer.hikari.pool.HikariPool        : ConnDb-inicio-jornada-7 - Fill pool skipped, pool is at sufficient level.
2026-07-01 11:34:30.736 DEBUG 18072 --- [l-1 housekeeper] com.zaxxer.hikari.pool.HikariPool        : HikariPool-1 - keepalive: connection net.sourceforge.jtds.jdbc.JtdsConnection@5001304f is alive
2026-07-01 11:34:38.578 DEBUG 18072 --- [l-1 housekeeper] com.zaxxer.hikari.pool.HikariPool        : HikariPool-1 - keepalive: connection net.sourceforge.jtds.jdbc.JtdsConnection@5ec6c5e7 is alive
2026-07-01 11:34:38.763 DEBUG 18072 --- [ool housekeeper] com.zaxxer.hikari.pool.HikariPool        : CentralHikariPool - Before cleanup stats (total=1, active=0, idle=1, waiting=0)
2026-07-01 11:34:38.764 DEBUG 18072 --- [ool housekeeper] com.zaxxer.hikari.pool.HikariPool        : CentralHikariPool - After cleanup  stats (total=1, active=0, idle=1, waiting=0)
2026-07-01 11:34:38.765 DEBUG 18072 --- [ool housekeeper] com.zaxxer.hikari.pool.HikariPool        : CentralHikariPool - Fill pool skipped, pool is at sufficient level.
2026-07-01 11:34:38.827 DEBUG 18072 --- [ool housekeeper] com.zaxxer.hikari.pool.HikariPool        : TigoHogarHikariPool - Before cleanup stats (total=2, active=0, idle=2, waiting=0)
2026-07-01 11:34:38.828 DEBUG 18072 --- [ool housekeeper] com.zaxxer.hikari.pool.HikariPool        : TigoHogarHikariPool - After cleanup  stats (total=2, active=0, idle=2, waiting=0)
2026-07-01 11:34:38.829 DEBUG 18072 --- [ool housekeeper] com.zaxxer.hikari.pool.HikariPool        : TigoHogarHikariPool - Fill pool skipped, pool is at sufficient level.
